Name,Year,Age,Role,IDfg,K%,BB%,FIP,ERA
A.J. Minter,2024,30,RP,18655,0.2852144,0.08286419,3.3910327,3.6483357
A.J. Puk,2024,29,RP,19343,0.26802573,0.08219059,3.8945038,3.9079013
Aaron Ashby,2024,26,RP,23550,0.24889126,0.09497364,4.000007,4.4517226
Aaron Bummer,2024,30,RP,16258,0.29088974,0.1121045,3.7040694,4.5423675
Aaron Loup,2024,36,RP,10343,0.20357288,0.08167016,3.9942594,4.238931
Aaron Sanchez,2024,31,RP,11490,0.1657834,0.08411965,4.8415627,5.2991376
Abner Uribe,2024,24,RP,25327,0.3216034,0.10769437,3.347341,3.2204404
Adam Cimber,2024,33,RP,15288,0.16969232,0.06693678,4.303417,4.1249185
Adam Ottavino,2024,38,RP,1247,0.25376552,0.094763964,4.1928444,4.2021623
Adbert Alzolay,2024,29,RP,17859,0.2689069,0.0743491,3.8643906,3.867166
Adrian Martinez,2024,27,RP,21023,0.19341631,0.07688419,4.382153,4.723541
Albert Abreu,2024,28,RP,17485,0.22133112,0.10622143,4.6202836,4.520717
Alec Marsh,2024,26,RP,27451,0.21415977,0.10661088,4.7090816,4.909725
Alex Lange,2024,28,RP,19883,0.2612966,0.113677554,4.019486,3.9351103
Alex Vesia,2024,28,RP,25007,0.28184497,0.10293037,3.946946,3.8662927
Alex Wood,2024,33,RP,13781,0.21020724,0.0807284,4.0767937,4.445329
Alex Young,2024,30,RP,18333,0.19481887,0.08734566,4.5570316,4.3850007
Alexis Diaz,2024,27,RP,21132,0.2636345,0.108906455,3.6293218,3.286953
Amir Garrett,2024,32,RP,14375,0.26008904,0.12156685,4.4303646,4.503337
Amos Willingham,2024,25,RP,26128,0.15480834,0.07568656,4.601776,4.39927
Andre Jackson,2024,28,RP,21298,0.19844216,0.09210088,4.2658224,4.187008
Andre Pallante,2024,25,RP,26108,0.16322811,0.089307986,4.202511,3.9391582
Andres Machado,2024,31,RP,14681,0.19881526,0.08134491,4.5506897,4.311581
Andres Munoz,2024,25,RP,20373,0.320961,0.09534801,3.5362892,3.7595713
Andrew Bellatti,2024,32,RP,10657,0.27020267,0.10237229,4.0553427,4.0406156
Andrew Chafin,2024,34,RP,12988,0.2484218,0.09737658,3.9383602,4.1189847
Andrew Nardi,2024,25,RP,25942,0.25218672,0.11321701,4.2397532,4.440323
Andrew Vasquez,2024,30,RP,19482,0.19539046,0.08720087,4.144405,3.77504
Andrew Wantz,2024,28,RP,24933,0.24803211,0.0918281,4.068392,3.9773734
Angel Perdomo,2024,30,RP,17759,0.305707,0.13006732,4.1125836,4.3116603
Angel Zerpa,2024,24,RP,22717,0.16231263,0.07380358,4.218611,4.113523
Anthony Bass,2024,36,RP,7982,0.21993478,0.08643627,4.2922006,4.016526
Anthony Bender,2024,29,RP,19742,0.24407369,0.08649901,3.894544,3.680889
Anthony Gose,2024,33,RP,5097,0.24393228,0.09230957,3.9469085,3.6064022
Aroldis Chapman,2024,36,RP,10233,0.3201262,0.13711274,3.6569648,3.7807937
Art Warren,2024,31,RP,18251,0.26290908,0.09395392,3.7551372,3.767745
Austin Adams,2024,33,RP,13801,0.29716316,0.11292607,4.0614634,4.0170145
Austin Cox,2024,27,RP,24604,0.21110503,0.10336389,4.003232,4.2739625
Austin Davis,2024,31,RP,17117,0.24641703,0.10895297,4.2829647,4.8397284
Austin Pruitt,2024,34,RP,15290,0.16676754,0.059579358,4.4660273,4.269354
Austin Voth,2024,32,RP,15047,0.22229624,0.08567756,4.55385,4.732147
Bailey Falter,2024,27,RP,20070,0.20873475,0.059850894,4.311961,4.383582
Beau Brieske,2024,26,RP,26079,0.16405733,0.07534337,4.3671713,4.123208
Ben Heller,2024,32,RP,15100,0.19633809,0.09548806,4.2883177,3.7779758
Ben Lively,2024,32,RP,14932,0.19483776,0.07497671,4.622814,4.721154
Blake Taylor,2024,28,RP,16418,0.19829811,0.096675456,4.2046733,4.026352
Bowden Francis,2024,28,RP,20548,0.232261,0.06996361,3.8996646,3.3473525
Brad Boxberger,2024,36,RP,10133,0.24407466,0.09336832,4.323119,4.149728
Brad Hand,2024,34,RP,9111,0.2124264,0.105454,4.2714224,4.4091053
Brendan White,2024,25,RP,26024,0.22138071,0.09097436,3.9619718,4.509722
Brennan Bernardino,2024,32,RP,16835,0.22560003,0.069972105,3.6365602,3.4692087
Brent Honeywell,2024,29,RP,16466,0.18672,0.08330783,4.496899,4.146429
Brent Suter,2024,34,RP,13942,0.16613676,0.06763072,3.6180563,3.6016595
Brett Martin,2024,29,RP,17369,0.18679829,0.08992542,4.0831757,4.2676845
Brock Burke,2024,27,RP,17968,0.23732683,0.06541274,4.1199803,3.7988892
Brock Stewart,2024,32,RP,16727,0.25682473,0.09550365,4.372232,4.3252373
Brooks Raley,2024,36,RP,10061,0.26452932,0.08963019,3.988933,4.1726055
Brusdar Graterol,2024,25,RP,20367,0.19654815,0.06830689,3.7307038,3.45907
Bryan Abreu,2024,27,RP,16609,0.30273548,0.10681608,3.6047993,3.4784427
Bryan Baker,2024,29,RP,19804,0.22964156,0.09301704,3.757425,3.8933072
Bryan Hoeing,2024,27,RP,26304,0.1559354,0.07872325,4.562684,4.833501
Bryan Shaw,2024,36,RP,8110,0.18841174,0.101874426,4.659963,4.9152
Bryse Wilson,2024,26,RP,19990,0.1837761,0.075561486,4.4739056,4.2835793
Buck Farmer,2024,33,RP,14814,0.2182201,0.09818703,4.3011165,4.176033
Caleb Ferguson,2024,27,RP,19349,0.25258952,0.09599738,3.9992557,3.8948586
Caleb Smith,2024,32,RP,14875,0.21926762,0.107128635,4.9165697,4.733167
Caleb Thielbar,2024,37,RP,10078,0.26427433,0.07499641,3.7113235,3.7511218
Calvin Faucher,2024,28,RP,20116,0.19712433,0.092554666,4.3088803,4.673202
Camilo Doval,2024,26,RP,21992,0.27594584,0.09122065,3.5986435,3.5335264
Carl Edwards Jr.,2024,32,RP,13607,0.2107456,0.097387776,4.194887,4.0196342
Carlos Estevez,2024,31,RP,14542,0.22234038,0.10570089,4.299023,4.4026785
Carlos Hernandez,2024,27,RP,22713,0.2039347,0.09958318,4.387485,4.926555
Carmen Mlodzinski,2024,25,RP,27572,0.22110954,0.09992171,3.9358423,3.510451
Casey Lawrence,2024,36,RP,11121,0.16588388,0.08571033,5.1864176,5.7153997
Chad Kuhl,2024,31,RP,14975,0.19584726,0.10945118,5.139173,5.1789412
Chase Silseth,2024,24,RP,30074,0.18836881,0.08940796,4.4184337,4.5978465
Chasen Shreve,2024,33,RP,10855,0.2183786,0.0869291,4.3587694,4.4826593
Chris Devenski,2024,33,RP,12763,0.22299074,0.065121375,4.3067665,4.942388
Chris Flexen,2024,29,RP,13896,0.1776499,0.07542576,4.7852955,4.8521028
Chris Martin,2024,38,RP,11847,0.22087823,0.043201458,3.2539654,3.2431767
Chris Murphy,2024,26,RP,26214,0.20264757,0.08555776,3.8425558,4.325096
Chris Stratton,2024,33,RP,13761,0.21934685,0.089000545,3.9332435,4.200367
Cionel Perez,2024,28,RP,19614,0.21246721,0.09697642,3.9867072,3.863469
Clay Holmes,2024,31,RP,13649,0.2476839,0.08978318,3.6210077,3.7168243
Cody Bolton,2024,26,RP,23265,0.20385958,0.10712209,4.1974416,4.4782495
Cody Bradford,2024,26,RP,27597,0.19245063,0.06305184,4.1195855,4.3235073
Cole Irvin,2024,30,RP,19244,0.19109555,0.06745147,4.3807187,4.4074154
Cole Ragans,2024,26,RP,21846,0.19941652,0.08992523,4.0069547,4.1810756
Cole Sands,2024,26,RP,21461,0.18775097,0.09002866,4.273658,4.519007
Colin Holderman,2024,28,RP,22361,0.1946577,0.09448137,3.91462,4.0532064
Colin Poche,2024,30,RP,19403,0.2581282,0.09471874,4.0960283,3.9269178
Colin Selby,2024,26,RP,24986,0.2364118,0.102542296,4.043917,5.52128
Collin McHugh,2024,37,RP,7531,0.21870908,0.06924584,3.8024273,3.956301
Collin Snider,2024,28,RP,23307,0.15898317,0.0905857,4.3281307,4.639795
Connor Brogdon,2024,29,RP,21205,0.22951704,0.086606085,4.11905,4.0833964
Connor Seabold,2024,28,RP,19695,0.17552952,0.0772815,4.623358,5.2182827
Corey Kluber,2024,38,RP,2429,0.17180371,0.06040161,4.602095,4.9995284
Corey Knebel,2024,32,RP,15010,0.25349528,0.104682416,4.1012673,3.962662
Cory Abbott,2024,28,RP,20277,0.21670836,0.09738392,4.733255,4.862621
Craig Kimbrel,2024,36,RP,6655,0.28296378,0.10973228,3.8225868,3.7556312
Craig Stammen,2024,40,RP,7274,0.19614261,0.050199863,4.482422,4.4057875
DL Hall,2024,25,RP,22207,0.23774973,0.08989272,3.8805685,4.479051
Dakota Hudson,2024,29,RP,19206,0.15571833,0.09321387,4.5659103,4.5394115
Dane Dunning,2024,29,RP,19409,0.20686874,0.085476056,4.2592,4.1916995
Daniel Bard,2024,39,RP,7115,0.1907304,0.117744125,4.1923513,3.73401
Daniel Duarte,2024,27,RP,17480,0.17747436,0.09862083,4.288429,3.7868903
Daniel Palencia,2024,24,RP,27914,0.2901833,0.10662028,3.7851503,4.061088
Danny Coulombe,2024,34,RP,13293,0.23048067,0.07775835,3.873338,3.6488295
Dany Jimenez,2024,30,RP,21170,0.21153761,0.10571976,4.133637,3.9899037
Darren O'Day,2024,41,RP,3321,0.2468532,0.09449976,4.112722,3.8353207
Dauri Moreta,2024,28,RP,21101,0.23027791,0.08876378,4.0476346,4.103047
David Bednar,2024,29,RP,19569,0.27264106,0.07980351,3.427941,3.303878
David Peterson,2024,28,RP,20302,0.25822973,0.10241654,4.2219152,4.65766
David Phelps,2024,37,RP,6316,0.26794687,0.08889522,3.8942225,3.7609894
David Price,2024,38,RP,3184,0.20928465,0.06961139,4.5206814,4.5440855
David Robertson,2024,39,RP,8241,0.27543887,0.10010725,3.8810654,3.6239364
Derek Law,2024,33,RP,13133,0.1858293,0.095483236,4.425661,4.3323374
Devin Williams,2024,29,RP,15816,0.32817584,0.121201776,3.4346774,3.4064043
Dillon Peters,2024,31,RP,18790,0.18118751,0.08532691,4.60104,4.5459733
Dillon Tate,2024,30,RP,17796,0.20009483,0.07510349,4.106224,4.05714
Dinelson Lamet,2024,31,RP,17186,0.29159272,0.11482478,4.051679,4.898862
Domingo Tapia,2024,32,RP,12178,0.19880131,0.10855174,4.3520584,4.4515896
Dominic Leone,2024,32,RP,13763,0.2310353,0.0994949,4.643369,4.2691765
Drew Hutchison,2024,33,RP,10732,0.15379141,0.09679601,5.000661,4.7741666
Drew Smith,2024,30,RP,17755,0.25424522,0.10446145,4.4941936,4.348502
Drew Smyly,2024,35,RP,11760,0.2176509,0.08044213,4.65573,4.7264547
Drew VerHagen,2024,33,RP,13424,0.2152655,0.097756065,4.746024,4.9361506
Drey Jameson,2024,26,RP,26260,0.21587077,0.08581098,4.0668955,3.7085233
Duane Underwood Jr.,2024,29,RP,14677,0.19051602,0.093057714,4.1047344,4.439844
Dylan Coleman,2024,27,RP,22276,0.22010674,0.11163098,4.10225,3.7622206
Dylan Covey,2024,32,RP,14825,0.17285916,0.088953234,4.8690205,5.2396507
Dylan Floro,2024,33,RP,13394,0.21573322,0.081917115,3.6350262,4.0062833
Dylan Lee,2024,29,RP,19996,0.24764892,0.0713493,3.7665877,3.5407457
Edwin Diaz,2024,30,RP,14710,0.37887156,0.122224346,3.2517593,3.33742
Eli Morgan,2024,28,RP,20203,0.24737436,0.08206319,4.0506787,4.2553253
Elieser Hernandez,2024,29,RP,16933,0.25527066,0.0708552,4.600622,4.5837727
Elvis Peguero,2024,27,RP,21652,0.18446778,0.08543735,4.157088,4.345565
Emilio Pagan,2024,33,RP,14771,0.25524428,0.07374414,3.9435017,3.9312809
Emmanuel Clase,2024,26,RP,21032,0.23443227,0.061536737,3.3302019,3.1838682
Enyel De Los Santos,2024,28,RP,18403,0.2508007,0.096637055,4.0117955,4.159531
Erasmo Ramirez,2024,34,RP,10314,0.16294095,0.0465503,4.4822283,4.642163
Eric Stout,2024,31,RP,16873,0.20698935,0.10253197,4.2897754,4.4064937
Erik Swanson,2024,30,RP,16587,0.27706477,0.085708976,3.7997468,3.6797924
Evan Phillips,2024,29,RP,17734,0.26571006,0.074315995,3.6340318,3.2478814
Felix Bautista,2024,29,RP,20666,0.3073136,0.105550505,3.5666807,3.330506
Fernando Cruz,2024,34,RP,7048,0.25859353,0.097264975,3.7236838,3.9056091
Francisco Perez,2024,26,RP,21018,0.19277966,0.101757035,4.1755676,4.6221104
Gabe Speier,2024,29,RP,17170,0.21457432,0.07402438,3.9335861,3.875808
Garrett Richards,2024,36,RP,9784,0.18404728,0.083383605,4.5298247,4.9615846
Garrett Whitlock,2024,28,RP,20191,0.24391176,0.055737417,3.704993,3.780158
Gavin Hollowell,2024,26,RP,25427,0.18421431,0.0894402,4.101978,4.028193
Genesis Cabrera,2024,27,RP,17490,0.22080965,0.10298922,4.2941747,4.225851
George Soriano,2024,25,RP,21863,0.22520792,0.100232095,4.068346,3.9477816
Giovanny Gallegos,2024,32,RP,14986,0.27819222,0.0715403,3.753717,3.7846422
Grant Anderson,2024,27,RP,20546,0.19292593,0.08756605,4.240788,4.2977533
Grant Hartwig,2024,26,RP,29946,0.19824097,0.09492878,4.32383,4.5089045
Greg Weissert,2024,29,RP,20375,0.21371299,0.09267802,4.1720595,4.287408
Gregory Santos,2024,24,RP,21894,0.20859617,0.077783495,3.6852872,4.158395
Gregory Soto,2024,29,RP,19677,0.24053843,0.10746695,4.009643,4.1091743
Griffin Jax,2024,29,RP,20253,0.23456039,0.08084203,4.015149,4.177573
Gus Varland,2024,27,RP,24737,0.20279615,0.10941474,4.347855,4.527257
Hansel Robles,2024,33,RP,11801,0.2309762,0.10152813,4.1234984,4.307188
Hayden Wesneski,2024,26,RP,27581,0.21698754,0.077705234,4.281641,4.0659556
Hector Neris,2024,35,RP,11804,0.27721813,0.09268712,3.878797,3.711493
Hirokazu Sawamura,2024,36,RP,27515,0.21243063,0.10706852,4.252793,3.798294
Hobie Harris,2024,31,RP,18615,0.14169154,0.09570619,4.32437,4.1802435
Hoby Milner,2024,33,RP,13346,0.23628654,0.05757866,3.9339578,3.733703
Huascar Brazoban,2024,34,RP,6107,0.22934845,0.109262355,4.1171026,4.037419
Hunter Harvey,2024,29,RP,15507,0.24288432,0.07991974,3.7115533,3.6331332
Hunter Strickland,2024,35,RP,7836,0.20762981,0.091718435,4.343465,4.3001256
Ian Gibaut,2024,30,RP,17871,0.24492672,0.09238112,3.898672,3.764098
Ian Hamilton,2024,29,RP,19261,0.24611978,0.09449357,3.7939095,3.537199
Ian Kennedy,2024,39,RP,6986,0.23530622,0.064775,5.403898,5.399786
Isaiah Campbell,2024,26,RP,25551,0.27991784,0.11413715,3.929912,3.6928606
J.B. Wendelken,2024,31,RP,14506,0.21979481,0.09773642,4.1014185,4.1851573
J.P. Feyereisen,2024,31,RP,16610,0.2069362,0.10928919,4.165193,3.6871486
JT Chargois,2024,33,RP,13767,0.21215044,0.08608989,4.1154246,4.1487446
Jackson Kowar,2024,27,RP,21549,0.2244543,0.12839893,4.822436,5.35963
Jacob Webb,2024,30,RP,19274,0.23314562,0.10717321,4.3135977,4.1095667
Jaime Barria,2024,27,RP,18356,0.17936529,0.07598516,4.685836,4.4123015
Jake Bird,2024,28,RP,21267,0.16534732,0.086848095,3.8335416,3.9663022
Jake Diekman,2024,37,RP,5003,0.29117703,0.12274954,4.2938666,3.9209435
Jake McGee,2024,37,RP,7550,0.21395884,0.055652674,4.1183047,4.305081
Jake Woodford,2024,27,RP,18674,0.16509585,0.08564034,4.6926327,4.5781875
Jakob Junis,2024,31,RP,13619,0.22896773,0.066090874,4.047438,4.338917
Jalen Beeks,2024,30,RP,17192,0.27340642,0.094694056,3.9824185,4.2302113
James Karinchak,2024,28,RP,20151,0.2950887,0.12341304,3.9539106,3.7960324
James McArthur,2024,27,RP,21527,0.21034586,0.06384597,3.766717,4.0301676
James Norwood,2024,30,RP,16440,0.18932885,0.09152614,4.178249,4.695444
Jandel Gustave,2024,31,RP,14665,0.20745435,0.096122116,4.3522863,4.2666607
Jarlin Garcia,2024,31,RP,18282,0.21870546,0.07515604,4.075738,3.6922984
Jason Adam,2024,32,RP,11861,0.2863683,0.0904513,3.9580145,3.533982
Jason Alexander,2024,31,RP,19666,0.14267477,0.078633174,4.517133,4.454934
Jason Foley,2024,28,RP,19531,0.1862903,0.07251485,3.7054346,3.7892969
Javier Assad,2024,26,RP,21741,0.19302574,0.09839751,4.278433,3.714714
Javy Guerra,2024,28,RP,17292,0.18565184,0.112955175,4.5033007,4.623467
Jay Jackson,2024,36,RP,7432,0.26285517,0.08273688,4.197554,3.8549178
Jeff Brigham,2024,32,RP,16631,0.2569701,0.100494556,4.412904,4.503577
Jeff Hoffman,2024,31,RP,17432,0.24918695,0.10565951,4.1038423,4.211609
Jesse Chavez,2024,40,RP,5448,0.23620553,0.085381195,3.9646864,3.941502
Jesse Scholtens,2024,30,RP,19205,0.14729387,0.07292992,4.505118,4.408875
Jesus Tinoco,2024,29,RP,16300,0.16842765,0.09459302,4.4705644,3.7541776
Jharel Cotton,2024,32,RP,13654,0.21969429,0.0968726,4.6415715,4.601393
Jhoan Duran,2024,26,RP,21029,0.28383946,0.079294436,3.5097506,3.169693
Jhony Brito,2024,26,RP,25386,0.18767115,0.0756936,4.3040013,4.0705113
Jhoulys Chacin,2024,36,RP,2608,0.15914415,0.07838846,4.7206926,5.1667614
Jimmy Cordero,2024,32,RP,15690,0.22161941,0.09229747,4.2467394,4.471128
Jimmy Herget,2024,30,RP,17556,0.22684194,0.07352505,4.0789576,3.9352925
Jimmy Lambert,2024,29,RP,19541,0.22334045,0.101952836,4.500453,4.4629173
JoJo Romero,2024,27,RP,19574,0.24395375,0.08700846,4.006786,4.290262
Joe Jacques,2024,29,RP,25178,0.1616382,0.07579165,4.0818563,4.0544195
Joe Jimenez,2024,29,RP,15761,0.2794892,0.09345232,3.7624147,3.7709732
Joe Kelly,2024,36,RP,9761,0.23553044,0.10657828,3.782057,4.0607514
Joe La Sorsa,2024,26,RP,25481,0.18689574,0.073320664,4.0733523,4.127686
Joe Mantiply,2024,33,RP,14857,0.20355968,0.06436619,3.7933452,4.031339
Joe Smith,2024,40,RP,3281,0.16132493,0.05931709,4.737601,4.7494073
Joel Payamps,2024,30,RP,14332,0.22666642,0.07399196,4.1159024,3.6774452
Joey Wentz,2024,26,RP,19962,0.18798469,0.090469845,4.4701166,4.8935432
John Brebbia,2024,34,RP,12777,0.231423,0.09125196,4.1331897,4.2088137
John Curtiss,2024,31,RP,16128,0.23790303,0.08485186,4.2431836,4.1924615
John King,2024,29,RP,22051,0.15988556,0.071732536,4.080187,4.1471024
John Schreiber,2024,30,RP,20020,0.23708968,0.09562936,3.912449,3.931047
Jonathan Hernandez,2024,27,RP,17464,0.22081307,0.09805738,4.2336006,4.3513317
Jonathan Loaisiga,2024,29,RP,19753,0.17430186,0.06579253,3.9617512,3.7742221
Jordan Balazovic,2024,25,RP,21866,0.18045214,0.091214254,4.36228,4.074604
Jordan Hicks,2024,27,RP,19618,0.24132434,0.109208256,3.7612963,4.0570416
Jordan Romano,2024,31,RP,16122,0.27262264,0.09374479,3.8882043,3.5484712
Jordan Weems,2024,31,RP,13190,0.2519701,0.10209172,4.3677735,4.4717298
Jorge Lopez,2024,31,RP,14527,0.20754015,0.08456502,4.673503,4.829573
Jose A. Ferrer,2024,24,RP,24017,0.18481226,0.09213726,4.2132444,4.4723663
Jose Alvarado,2024,29,RP,17780,0.29867566,0.119978674,3.534209,3.7297688
Jose Alvarez,2024,35,RP,5358,0.19159146,0.08987782,4.339166,4.1670833
Jose Cisnero,2024,35,RP,6399,0.23078781,0.10770038,4.305046,4.31851
Jose Cuas,2024,30,RP,17701,0.20185825,0.10235787,4.2540083,4.0303416
Jose Hernandez,2024,26,RP,22318,0.24188642,0.10174899,3.9638293,4.176538
Jose Leclerc,2024,30,RP,14524,0.2648706,0.114346474,4.0854125,4.0087633
Jose Ruiz,2024,29,RP,14552,0.2440997,0.09745298,4.4201794,4.2887793
Jose Soriano,2024,25,RP,22100,0.309377,0.10771858,3.5805726,3.4300191
Jose Urquidy,2024,29,RP,18413,0.19570543,0.07435081,4.498027,4.3269706
Josh Hader,2024,30,RP,14212,0.3378657,0.11364893,3.425381,3.460282
Josh Rogers,2024,29,RP,18510,0.1533924,0.08466155,4.8477564,4.532344
Josh Sborz,2024,30,RP,18323,0.272963,0.10288145,3.933813,3.9618015
Josh Staumont,2024,30,RP,18335,0.22509138,0.11372959,4.147675,4.401756
Josh Taylor,2024,31,RP,17359,0.26223046,0.10623856,4.1249566,4.1976438
Josh Winckowski,2024,26,RP,22387,0.15058808,0.0789149,4.1440673,4.2920523
Josh Winder,2024,27,RP,24606,0.16226058,0.070971236,4.286136,4.2531824
Jovani Moran,2024,27,RP,20422,0.26892626,0.09925446,3.4117575,3.9223943
Julian Merryweather,2024,32,RP,16703,0.25521883,0.10533816,4.095374,4.175259
Junior Fernandez,2024,27,RP,18496,0.20191632,0.10075714,4.408071,4.4622593
Justin Bruihl,2024,27,RP,23779,0.18815187,0.08821568,4.1982927,4.367205
Justin Garza,2024,30,RP,19784,0.20345265,0.10209297,4.425359,4.3351483
Justin Grimm,2024,35,RP,11720,0.2120737,0.116539955,5.43698,5.6798882
Justin Lawrence,2024,29,RP,17639,0.19526626,0.102519296,3.6329577,3.98116
Justin Topa,2024,33,RP,15145,0.21644904,0.06620046,3.8224857,3.8242059
Kaleb Ort,2024,32,RP,20061,0.18869837,0.09080453,4.3011518,4.512747
Keegan Akin,2024,29,RP,19362,0.23325607,0.08126512,4.098084,4.596841
Keegan Thompson,2024,29,RP,19795,0.22324632,0.10298111,4.3924646,4.3420205
Ken Waldichuk,2024,26,RP,27681,0.1957237,0.08509469,4.414318,4.795002
Kendall Graveman,2024,33,RP,15514,0.23178871,0.09980872,4.2784657,3.778832
Kenley Jansen,2024,36,RP,3096,0.28063148,0.09030886,3.5871549,3.581136
Kevin Ginkel,2024,30,RP,19876,0.24116737,0.09632804,3.9533598,4.010905
Kevin Kelly,2024,26,RP,25679,0.19113503,0.06501568,3.7325535,3.7053053
Keynan Middleton,2024,30,RP,15264,0.25061283,0.104549244,4.26355,4.276248
Kirby Yates,2024,37,RP,9073,0.2984481,0.10466204,3.9998565,3.8883686
Kutter Crawford,2024,28,RP,20531,0.20712343,0.08382711,4.007545,4.397017
Kyle Finnegan,2024,32,RP,15009,0.23375301,0.08669528,4.224815,3.986237
Kyle Muller,2024,26,RP,20167,0.20586635,0.10551079,4.625926,5.175442
Kyle Nelson,2024,27,RP,20515,0.1996414,0.088405535,4.0222144,3.9752562
Lane Ramsey,2024,27,RP,25071,0.19240549,0.09311835,4.062977,4.4819627
Lou Trivino,2024,32,RP,15043,0.23786849,0.10688083,4.1730046,4.307319
Louie Varland,2024,26,RP,27691,0.20090503,0.07299602,4.1568575,4.1521387
Louis Head,2024,34,RP,13259,0.20791215,0.07917952,4.0698147,4.0025287
Lucas Erceg,2024,29,RP,19360,0.21757701,0.11043839,3.6699367,4.3479657
Lucas Gilbreath,2024,28,RP,21290,0.18467872,0.098241925,3.723195,3.623094
Lucas Sims,2024,30,RP,13470,0.2701586,0.112200044,3.954269,3.9265344
Luis Frias,2024,26,RP,21997,0.18227698,0.10908662,4.2042165,4.7342086
Luis Garcia,2024,37,RP,6984,0.22006235,0.079222776,3.8359716,4.145132
Luis Medina,2024,25,RP,21649,0.20807447,0.10661475,4.4090586,5.025189
Luke Jackson,2024,32,RP,11752,0.2489911,0.104028426,4.005298,4.0890036
Manny Banuelos,2024,33,RP,5365,0.2328318,0.11428366,4.438809,4.700881
Mark Leiter Jr.,2024,33,RP,15551,0.25513864,0.08716216,4.2376723,4.425935
Mark Melancon,2024,39,RP,4264,0.16197444,0.08075536,3.9549053,3.9442694
Martin Perez,2024,33,RP,6902,0.1734883,0.07882339,4.523529,4.1830254
Mason Englert,2024,24,RP,22288,0.1618625,0.07074301,4.472143,4.423162
Mason Thompson,2024,26,RP,21850,0.19128865,0.09045206,4.1277466,4.460932
Matt Barnes,2024,34,RP,12863,0.24081574,0.10526355,4.1825213,4.4143295
Matt Brash,2024,26,RP,25756,0.30149043,0.12195919,3.5178382,4.1025114
Matt Carasiti,2024,32,RP,13276,0.15594047,0.08376984,3.9463582,4.425083
Matt Foster,2024,29,RP,19647,0.23798464,0.08778718,4.0783515,4.3145113
Matt Koch,2024,33,RP,13420,0.14697507,0.0640564,4.672432,4.607109
Matt Moore,2024,35,RP,1890,0.24150027,0.09078337,4.162199,3.7711363
Matt Strahm,2024,32,RP,13799,0.2534958,0.0735757,3.7665405,3.6649692
Matt Wisler,2024,31,RP,12804,0.26081446,0.07853723,3.967995,3.7025878
Matthew Liberatore,2024,24,RP,22294,0.17479293,0.09697883,4.4124403,4.972297
Mauricio Llovera,2024,28,RP,20080,0.20601317,0.09145081,4.3032956,4.500376
Michael Fulmer,2024,31,RP,13218,0.22881313,0.106392056,4.363181,4.524345
Michael Grove,2024,27,RP,23221,0.19748555,0.07853008,4.270589,4.630797
Michael King,2024,29,RP,19853,0.27237082,0.08818494,3.7382863,3.7125292
Michael Rucker,2024,30,RP,19454,0.24011648,0.09670357,4.285568,4.543895
Michael Tonkin,2024,34,RP,10315,0.25034553,0.082806826,4.4037356,4.5775924
Miguel Castro,2024,29,RP,15684,0.24063855,0.1052982,4.1822042,4.197365
Mike Baumann,2024,28,RP,20206,0.2040395,0.10313512,4.3189535,4.311701
Nate Pearson,2024,27,RP,20160,0.22737171,0.102320775,4.3808656,4.4823895
Nick Anderson,2024,33,RP,18337,0.3011476,0.08079343,3.681589,3.624008
Nick Martinez,2024,33,RP,12730,0.21171045,0.087655395,4.674568,4.509807
Nick Mears,2024,27,RP,25376,0.19360696,0.09963909,4.284723,4.129515
Nick Pivetta,2024,31,RP,15454,0.24782223,0.093381144,4.134059,4.2198853
Nick Ramirez,2024,34,RP,12575,0.17240524,0.07345302,4.325441,4.418958
Nick Robertson,2024,25,RP,26226,0.21516594,0.090184085,4.0218377,4.635399
Nick Sandlin,2024,27,RP,20517,0.24667527,0.107711114,4.3560734,4.004352
Nick Wittgren,2024,33,RP,15594,0.1763487,0.07368096,4.452468,4.777775
Noe Ramirez,2024,34,RP,12800,0.2202523,0.10384253,4.437872,4.5679984
Osvaldo Bido,2024,28,RP,23150,0.18280731,0.086363554,4.0977044,4.584214
Paul Sewald,2024,34,RP,13892,0.29810098,0.10049285,3.8350842,3.5412745
Pete Fairbanks,2024,30,RP,17998,0.30349302,0.098056465,3.5280688,3.7713583
Peter Lambert,2024,27,RP,17969,0.12273223,0.06884804,4.4727798,4.9389877
Peter Strzelecki,2024,29,RP,21367,0.22893931,0.092733376,3.9574454,3.923499
Phil Bickford,2024,28,RP,18519,0.24372253,0.09738499,4.212363,4.55716
Phil Maton,2024,31,RP,18064,0.25932735,0.095216826,4.027708,4.0802217
Pierce Johnson,2024,33,RP,13435,0.26201254,0.11316342,4.0559654,4.1428103
Rafael Montero,2024,33,RP,12760,0.24054083,0.10264616,4.0774856,4.318605
Raisel Iglesias,2024,34,RP,17130,0.28386933,0.0699171,3.4030168,3.3068953
Ralph Garza,2024,30,RP,17682,0.20596793,0.09601348,4.361822,3.9546819
Ray Kerr,2024,29,RP,23809,0.22640733,0.09345308,3.9744601,3.9155176
Reynaldo Lopez,2024,30,RP,16400,0.2590167,0.09993174,4.084601,3.9578414
Richard Bleier,2024,37,RP,7803,0.13912334,0.047987796,3.9534094,4.124377
Richard Lovelady,2024,28,RP,19337,0.23579207,0.09981757,4.179066,4.5959024
Roansy Contreras,2024,24,RP,22810,0.18986869,0.093359835,4.266404,4.344252
Rob Zastryzny,2024,32,RP,15094,0.21497746,0.106188856,4.1575923,4.603207
Robert Garcia,2024,28,RP,23363,0.23007578,0.09154282,3.9280784,3.898541
Robert Stephenson,2024,31,RP,13594,0.2692366,0.09021396,4.1600313,4.148409
Robert Suarez,2024,33,RP,30115,0.2604705,0.0905411,3.898942,3.6722388
Ron Marinaccio,2024,28,RP,23488,0.26667246,0.11414554,3.9596064,3.6126204
Ronel Blanco,2024,30,RP,19407,0.22286332,0.09367446,4.4879413,3.9609118
Rony Garcia,2024,26,RP,20430,0.17733978,0.08040248,4.4702992,4.7633486
Ross Detwiler,2024,38,RP,2859,0.19500948,0.06547982,4.9963837,5.0253906
Ross Stripling,2024,34,RP,13273,0.18885034,0.041237015,4.565135,4.569618
Rowan Wick,2024,31,RP,14646,0.25630513,0.10571582,4.0659065,4.128345
Ryan Borucki,2024,30,RP,16350,0.20685709,0.066359304,4.2175293,3.8803618
Ryan Brasier,2024,36,RP,5615,0.21681926,0.07876122,3.8954403,4.2753396
Ryan Helsley,2024,29,RP,18138,0.29286858,0.111959584,3.7239432,3.8953035
Ryan Pressly,2024,35,RP,7005,0.27482015,0.07413228,3.3324187,3.6020143
Ryan Thompson,2024,32,RP,16647,0.21001782,0.06990771,4.0586247,4.0610895
Ryan Walker,2024,28,RP,20423,0.25770253,0.096886985,3.807691,3.4695244
Ryan Yarbrough,2024,32,RP,16502,0.16910024,0.045674317,4.4755354,4.6511164
Ryne Stanek,2024,32,RP,15947,0.26318538,0.10807591,4.2988505,3.906893
Sam Hentges,2024,27,RP,18548,0.25769907,0.09013271,3.6396873,4.0282454
Sam Long,2024,28,RP,25379,0.19660461,0.09147594,4.2879925,4.523308
Sam Moll,2024,32,RP,14874,0.22607616,0.103235856,4.0682354,4.0099936
Sam Selman,2024,33,RP,13397,0.2247794,0.08900458,4.3511605,4.3552723
Sammy Peralta,2024,26,RP,25589,0.20785922,0.101030156,4.1319075,4.09791
Scott Alexander,2024,34,RP,10591,0.15386142,0.06507733,4.032523,4.1348624
Scott Barlow,2024,31,RP,14993,0.2587766,0.09200099,3.7718177,3.832784
Scott Effross,2024,30,RP,18384,0.24185395,0.07491335,3.8259687,3.762242
Scott McGough,2024,34,RP,12056,0.24518181,0.07611194,3.6911154,3.7163334
Sean Hjelle,2024,27,RP,21481,0.2094592,0.08350048,4.081518,4.7223473
Sean Manaea,2024,32,RP,15873,0.23619224,0.08042621,4.0358963,4.433201
Sean Poppen,2024,30,RP,19583,0.20196125,0.09019725,4.148949,4.438829
Seranthony Dominguez,2024,29,RP,19249,0.25197247,0.09718815,4.0867023,3.91128
Sergio Romo,2024,41,RP,9817,0.1896034,0.066688515,4.79385,5.161506
Seth Martinez,2024,29,RP,21045,0.21954073,0.09308881,4.08924,4.0453215
Shawn Armstrong,2024,33,RP,12857,0.24010557,0.06498484,3.8168373,3.7581186
Shelby Miller,2024,33,RP,10197,0.23738372,0.1258696,4.926802,5.1511755
Shintaro Fujinami,2024,30,RP,31839,0.2213871,0.1199167,4.4540095,5.1565194
Steve Cishek,2024,38,RP,6483,0.22002749,0.105348766,4.6765656,4.1370387
Steven Matz,2024,33,RP,13361,0.2248703,0.066189855,4.115977,4.4959493
Steven Okert,2024,32,RP,13580,0.26493615,0.09810972,4.1417794,3.9108222
Steven Wilson,2024,29,RP,20353,0.22878629,0.094225876,4.199796,3.8795555
Tanner Banks,2024,32,RP,16990,0.20528604,0.081757106,4.111004,3.964125
Tanner Scott,2024,29,RP,17586,0.28282556,0.103588626,3.448844,3.5412397
Tayler Saucedo,2024,31,RP,17888,0.18048717,0.0905944,4.219829,4.2214804
Tayler Scott,2024,32,RP,13652,0.20847684,0.097713575,4.6389413,4.9704103
Taylor Clarke,2024,31,RP,17611,0.23827197,0.08263303,4.2379184,4.5955033
Taylor Rogers,2024,33,RP,13449,0.2802336,0.093240365,3.7538848,4.1994743
Thad Ward,2024,27,RP,21513,0.20786154,0.107455954,4.685997,4.5220766
Thomas Hatch,2024,29,RP,19264,0.19286141,0.094275735,4.311437,4.192016
Tim Herrin,2024,27,RP,25139,0.22660008,0.09865602,4.0056915,4.4657083
Tim Hill,2024,34,RP,16814,0.15163349,0.07254839,4.5622587,4.5005546
Tim Mayza,2024,32,RP,15042,0.23738366,0.074701644,3.9174037,3.7595801
Tom Cosgrove,2024,28,RP,23443,0.20925753,0.081279024,3.92094,3.245472
Tommy Doyle,2024,28,RP,21281,0.15628766,0.08843893,4.036732,4.1679025
Tommy Kahnle,2024,34,RP,11384,0.28262314,0.09758324,4.126008,3.9378161
Tommy Nance,2024,33,RP,19178,0.2377785,0.09233607,4.0983357,4.373203
Trent Thornton,2024,30,RP,17948,0.2123435,0.07010106,4.41251,4.070664
Trevor Gott,2024,31,RP,15046,0.21866205,0.08492947,4.103224,4.439206
Trevor May,2024,34,RP,6398,0.25478935,0.095656365,4.1988363,3.9956732
Trevor Megill,2024,30,RP,17722,0.2602865,0.09106812,3.918431,4.2395186
Trevor Richards,2024,31,RP,19309,0.24015059,0.13953699,4.5160003,4.3347125
Trevor Stephan,2024,28,RP,19932,0.26212332,0.09336018,3.962609,4.0332093
Trey Wingenter,2024,30,RP,17793,0.30952668,0.10694065,3.855396,3.7876472
Tristan Beck,2024,28,RP,21584,0.17935747,0.061146937,4.0075564,3.8993008
Tucker Davidson,2024,28,RP,19871,0.203356,0.096654795,4.3931584,4.7576857
Ty Blach,2024,33,RP,14361,0.12830739,0.06820936,4.583082,4.928586
Tyler Alexander,2024,29,RP,17735,0.20563972,0.0546701,4.4082265,4.353378
Tyler Beede,2024,31,RP,16981,0.18664685,0.083390035,4.5604205,4.8118744
Tyler Danish,2024,29,RP,15126,0.17659478,0.07464517,4.226625,4.0923142
Tyler Holton,2024,28,RP,26231,0.21383035,0.058038298,3.7601748,3.106059
Tyler Kinley,2024,33,RP,18297,0.20229827,0.07735977,3.8639648,4.035957
Tyler Matzek,2024,33,RP,10058,0.24158096,0.12151741,4.1737866,3.8054938
Tyler Rogers,2024,33,RP,15541,0.17892364,0.07371474,4.0384626,3.877012
Victor Arano,2024,29,RP,15915,0.25204608,0.08644255,3.8927956,3.9868448
Victor Gonzalez,2024,28,RP,16408,0.23643407,0.09225462,3.9702232,3.9931815
Wandy Peralta,2024,32,RP,14295,0.2147395,0.10219344,4.389456,3.8774529
Will Smith,2024,34,RP,8048,0.24856214,0.07989125,4.1293616,4.18104
Will Vest,2024,29,RP,19769,0.23902999,0.08875949,3.7967134,4.134133
Wily Peralta,2024,35,RP,7738,0.17446607,0.113263026,4.93311,4.09592
Wyatt Mills,2024,29,RP,20010,0.1971102,0.09621981,4.2951293,4.9238505
Xzavion Curry,2024,25,RP,25595,0.16449946,0.07584265,4.327529,4.07666
Yency Almonte,2024,30,RP,15068,0.23218001,0.101609826,4.256425,4.613277
Yennier Cano,2024,30,RP,25911,0.21048926,0.09008844,4.0214615,4.414985
Yerry De Los Santos,2024,26,RP,21420,0.19965647,0.09379122,4.052865,4.183259
Yimi Garcia,2024,33,RP,12095,0.24230905,0.070573375,3.8467016,3.9399517
Yohan Ramirez,2024,29,RP,19444,0.23285513,0.098406866,4.4134383,4.233142
Yonny Chirinos,2024,30,RP,16401,0.18156236,0.06919049,4.595778,4.48829
Yunior Marte,2024,29,RP,14416,0.19377048,0.09477944,4.2630787,4.5983315
Zach Jackson,2024,29,RP,19493,0.2722488,0.12402619,3.638397,3.8751287
Zach Thompson,2024,30,RP,16094,0.18611659,0.08882609,4.1912394,4.1069927
Zack Littell,2024,28,RP,15823,0.21358934,0.054366656,4.1093583,4.0149717
Zack Thompson,2024,26,RP,25918,0.20452005,0.09643965,4.1368866,3.9681888
Aaron Civale,2024,29,SP,19479,0.2253727,0.06654405,4.108387,4.1884294
Aaron Nola,2024,31,SP,16149,0.240283,0.06411209,3.8709068,4.2228813
Adam Wainwright,2024,42,SP,2233,0.11656217,0.07290273,5.0475063,5.3574924
Adrian Houser,2024,31,SP,12718,0.18594216,0.087687306,4.446257,4.3887753
Adrian Sampson,2024,32,SP,13339,0.16869242,0.060622614,4.7838902,4.660991
Alek Manoah,2024,26,SP,26410,0.23303372,0.105296426,4.4322467,4.030171
Alex Cobb,2024,36,SP,6562,0.18934269,0.0663613,4.050009,4.13115
Alex Faedo,2024,28,SP,19874,0.1978409,0.07900663,4.201115,4.266197
Andrew Abbott,2024,25,SP,29911,0.22591616,0.072921485,3.8953912,3.5065222
Andrew Heaney,2024,33,SP,15423,0.16484168,0.08243085,4.722273,4.6922193
Anibal Sanchez,2024,40,SP,3284,0.16646045,0.07149047,4.6523447,4.163514
Anthony DeSclafani,2024,34,SP,13050,0.1743917,0.05919212,4.480187,4.7120786
Austin Gomber,2024,30,SP,16561,0.14523949,0.064578295,4.400731,4.519196
Bailey Ober,2024,28,SP,21224,0.25259063,0.053184893,4.035705,3.8391013
Blake Snell,2024,31,SP,13543,0.31098792,0.107108206,3.5181298,3.053622
Bobby Miller,2024,25,SP,27483,0.22181378,0.05602716,3.714493,3.5913281
Brad Keller,2024,28,SP,15734,0.16888086,0.14477803,4.794856,5.0605474
Brady Singer,2024,27,SP,25377,0.21034546,0.07070352,4.0026803,4.499387
Brandon Bielak,2024,28,SP,19866,0.18190578,0.09889855,4.7190504,4.5456862
Brandon Pfaadt,2024,25,SP,27782,0.19682129,0.047662545,4.321052,4.4554753
Brandon Williamson,2024,26,SP,25463,0.17330061,0.06279407,4.1336055,3.8022528
Brandon Woodruff,2024,31,SP,16162,0.28101578,0.063179314,3.6912808,3.3443754
Braxton Garrett,2024,26,SP,21844,0.23580933,0.056971483,3.7893393,3.7975936
Brayan Bello,2024,25,SP,23920,0.20184441,0.07769379,3.614571,3.7385018
Bryan Woo,2024,24,SP,30279,0.23709877,0.07225508,4.2719007,4.147388
Bryce Elder,2024,25,SP,27779,0.19937244,0.08493464,4.0907884,3.6361248
Bryce Miller,2024,25,SP,29837,0.21778494,0.043063097,4.1258645,4.1357956
Cal Quantrill,2024,29,SP,19312,0.15162063,0.076476134,4.550533,4.3101344
Carlos Carrasco,2024,37,SP,6632,0.14942247,0.06926844,4.7560916,4.8276563
Carlos Rodon,2024,31,SP,16137,0.25300905,0.09178811,3.9335096,4.111938
Charlie Morton,2024,40,SP,4676,0.2013634,0.10815929,4.4870677,4.585474
Chase Anderson,2024,36,SP,6895,0.1582179,0.050478302,4.192757,3.8440158
Chris Archer,2024,35,SP,6345,0.1686596,0.08420517,4.523652,4.45648
Chris Bassitt,2024,35,SP,12304,0.2130091,0.072178654,4.369823,3.9921372
Chris Sale,2024,35,SP,10603,0.21853296,0.075906925,4.132927,4.3722653
Clarke Schmidt,2024,28,SP,19899,0.23777704,0.077084646,4.0443673,3.9868572
Clayton Kershaw,2024,36,SP,2036,0.23922038,0.069300316,3.9120543,3.3525207
Colin Rea,2024,33,SP,12317,0.20517698,0.07591293,4.655588,4.7655387
Corbin Burnes,2024,29,SP,19361,0.26476833,0.0800012,3.5620317,3.5340273
Cristian Javier,2024,27,SP,17606,0.2582575,0.085206136,4.272979,4.143668
Cristopher Sanchez,2024,27,SP,20778,0.21951334,0.07079035,3.994544,3.9668632
Daniel Lynch IV,2024,27,SP,21537,0.17187469,0.07678924,4.478073,4.681677
Dean Kremer,2024,28,SP,19350,0.2081595,0.0793188,4.5362344,4.466771
Domingo German,2024,31,SP,17149,0.22519922,0.066286005,4.668177,4.730986
Drew Rasmussen,2024,28,SP,25385,0.25259757,0.070811294,3.621647,3.624029
Dustin May,2024,26,SP,19716,0.22521603,0.075321004,4.010561,3.772796
Dylan Bundy,2024,31,SP,12917,0.16489308,0.04386203,4.663904,5.004244
Dylan Cease,2024,28,SP,18525,0.28445515,0.09185704,3.759785,3.9502616
Eduardo Rodriguez,2024,31,SP,13164,0.23255748,0.07786599,4.0665784,4.273894
Edward Cabrera,2024,26,SP,21690,0.20985265,0.13547832,4.949277,4.763476
Emmet Sheehan,2024,24,SP,29839,0.23043947,0.084175915,4.183121,4.0834875
Eric Lauer,2024,29,SP,19316,0.20037572,0.08992892,4.9235106,4.4923463
Erick Fedde,2024,31,SP,17425,0.15633413,0.08622002,4.7465787,4.8217325
Eury Perez,2024,21,SP,27768,0.2640375,0.064521655,4.007859,3.3910513
Framber Valdez,2024,30,SP,17295,0.23675649,0.079209276,3.773502,3.716962
Freddy Peralta,2024,28,SP,18679,0.3173056,0.078872316,3.6904805,3.6797333
Gavin Williams,2024,24,SP,30122,0.21113084,0.08546099,4.1494927,3.5630271
George Kirby,2024,26,SP,25436,0.2533709,0.044355527,3.5923862,3.6725087
Gerrit Cole,2024,33,SP,13125,0.25532562,0.060190894,3.5731657,3.3492796
Graham Ashcraft,2024,26,SP,27552,0.14847945,0.06050411,4.144382,4.205234
Grayson Rodriguez,2024,24,SP,24492,0.24361719,0.067403376,3.805028,3.7042809
Griffin Canning,2024,28,SP,19867,0.2464934,0.073317036,4.192575,4.418099
Humberto Castellanos,2024,26,SP,21183,0.16664216,0.06615026,4.2807446,4.2878094
Hunter Brown,2024,25,SP,25880,0.27319166,0.074997835,3.85829,3.925675
Hunter Greene,2024,24,SP,22182,0.2975082,0.07521022,3.9076924,3.868597
Hyun-Jin Ryu,2024,37,SP,14444,0.17668654,0.061513197,4.5455174,4.431047
Ian Anderson,2024,26,SP,19951,0.23522799,0.094705254,3.8915663,3.9906816
J.P. France,2024,29,SP,21212,0.14743398,0.07009116,4.5636687,4.0746336
JP Sears,2024,28,SP,23429,0.18159881,0.067350715,4.503336,4.2272344
JT Brubaker,2024,30,SP,17578,0.22994941,0.07803593,4.0509696,4.502614
Jack Flaherty,2024,28,SP,17479,0.24390435,0.09195696,4.138154,4.3408694
Jacob deGrom,2024,36,SP,10954,0.3480633,0.047182605,2.6015923,2.9938588
Jake Irvin,2024,27,SP,21504,0.15808421,0.080590054,4.613882,4.111881
Jake Odorizzi,2024,34,SP,6397,0.20754574,0.07526119,4.3713713,4.5039287
James Paxton,2024,35,SP,11828,0.17089924,0.08259815,4.6707516,4.4279943
Jameson Taillon,2024,32,SP,11674,0.20654216,0.06300426,4.5916924,4.750315
Jared Shuster,2024,25,SP,27472,0.13738337,0.07907768,4.2904634,4.1806297
Jesus Luzardo,2024,26,SP,19959,0.27108163,0.080225416,3.8172572,4.0128736
Joan Adon,2024,25,SP,22925,0.17719743,0.0927336,4.2414403,4.976786
Joe Musgrove,2024,31,SP,12970,0.24398276,0.059869993,3.9053319,3.634322
Joe Ryan,2024,28,SP,21390,0.2890668,0.0537828,4.0024,4.1208735
Joey Lucchesi,2024,31,SP,19320,0.1936001,0.07767044,4.4676256,4.613415
Johan Oviedo,2024,26,SP,22487,0.20472966,0.10375349,4.2786555,4.2184625
Jon Gray,2024,32,SP,14916,0.2100532,0.07872377,4.375152,4.4138913
Jordan Lyles,2024,33,SP,7593,0.16428691,0.04922148,5.0161624,5.295443
Jordan Montgomery,2024,31,SP,16511,0.21859328,0.06617414,3.895412,3.862242
Jose Berrios,2024,30,SP,14168,0.2375677,0.06589915,4.1795826,4.214194
Jose Quintana,2024,35,SP,11423,0.20527267,0.088131055,4.085343,4.334866
Jose Urena,2024,32,SP,11589,0.15284573,0.08172117,5.067371,4.967204
Josiah Gray,2024,26,SP,24580,0.1640298,0.11527117,5.018298,4.892727
Julio Urias,2024,27,SP,14765,0.25251603,0.052010246,4.077517,3.822635
Justin Dunn,2024,28,SP,19268,0.122583784,0.13738364,5.392943,4.934626
Justin Steele,2024,28,SP,17312,0.24581291,0.06317293,3.674427,3.6429334
Justin Verlander,2024,41,SP,8700,0.18683463,0.06697266,4.17521,3.7790964
Kenta Maeda,2024,36,SP,18498,0.19705093,0.07240179,4.429763,4.390575
Kevin Gausman,2024,33,SP,14107,0.29052943,0.07520412,3.335403,3.4919608
Kodai Senga,2024,31,SP,31838,0.2614586,0.077535264,3.8325102,3.320605
Kyle Bradish,2024,27,SP,24586,0.23580213,0.07561198,3.90924,3.8112438
Kyle Freeland,2024,31,SP,16256,0.13256699,0.059164014,4.4338613,4.405694
Kyle Gibson,2024,36,SP,10123,0.1874072,0.07058775,4.3051734,4.64239
Kyle Hendricks,2024,34,SP,12049,0.16545987,0.049926654,4.4932876,4.5743356
Lance Lynn,2024,37,SP,2520,0.190889,0.075768605,4.898583,4.517079
Lance McCullers Jr.,2024,30,SP,14120,0.24766932,0.09809577,3.977549,4.0349183
Logan Allen,2024,25,SP,27589,0.20757966,0.07140473,4.0944633,3.630343
Logan Gilbert,2024,27,SP,22250,0.26891598,0.052678455,4.008759,4.075905
Logan Webb,2024,27,SP,17995,0.2317453,0.0450242,3.3439977,3.4885757
Lucas Giolito,2024,29,SP,15474,0.2590614,0.07699165,4.4811544,4.4192834
Luis Castillo,2024,31,SP,15689,0.26875746,0.07841094,4.034525,3.8535445
Luis Cessa,2024,32,SP,13345,0.12970406,0.07623454,4.380716,4.639024
Luis Garcia,2024,27,SP,23735,0.27678138,0.0781414,3.861484,3.8899822
Luis L. Ortiz,2024,25,SP,27646,0.14750734,0.089900896,4.4270997,4.0262356
Luis Severino,2024,30,SP,15890,0.20822556,0.06545325,4.7349906,4.7585735
Luke Weaver,2024,30,SP,16918,0.15746671,0.06015353,4.9996386,5.595221
MacKenzie Gore,2024,25,SP,22201,0.23367609,0.09992907,4.1826787,4.1536317
Marco Gonzales,2024,32,SP,15467,0.17185676,0.066271305,4.9867673,4.6108155
Marcus Stroman,2024,33,SP,13431,0.21298459,0.08699907,4.170671,4.3034143
Matt Manning,2024,26,SP,20369,0.17075993,0.07106276,4.390967,4.2366033
Matthew Boyd,2024,33,SP,15440,0.20168275,0.074272074,4.5669384,5.0177054
Max Fried,2024,30,SP,13743,0.24488251,0.063224375,3.5472753,3.3605707
Max Scherzer,2024,39,SP,3137,0.22240953,0.07310219,4.175735,3.9198835
Merrill Kelly,2024,35,SP,11156,0.22584015,0.08779173,4.2181854,4.1675324
Michael Kopech,2024,28,SP,17282,0.22112142,0.1296433,5.4461017,4.86785
Michael Lorenzen,2024,32,SP,14843,0.17296186,0.08556539,4.4662786,4.5088162
Michael Pineda,2024,35,SP,5372,0.14918393,0.04382705,4.7877984,4.787351
Michael Wacha,2024,32,SP,14078,0.21484151,0.07411775,4.4160256,4.377774
Mike Clevinger,2024,33,SP,12808,0.20406412,0.073595494,4.443134,4.235093
Mike Minor,2024,36,SP,10021,0.1602195,0.065903135,4.8088303,4.714359
Miles Mikolas,2024,35,SP,9803,0.16012466,0.048907414,4.510982,4.7510123
Mitch Keller,2024,28,SP,17594,0.23813258,0.07613336,3.900005,4.1979194
Nathan Eovaldi,2024,34,SP,9132,0.21816435,0.08091704,4.117018,4.2406483
Nestor Cortes,2024,29,SP,17874,0.26071966,0.07143431,4.14275,4.0343776
Nick Lodolo,2024,26,SP,26378,0.2822474,0.07074895,3.821215,3.6843915
Noah Syndergaard,2024,31,SP,11762,0.16181077,0.048461687,4.8852377,5.3607616
Pablo Lopez,2024,28,SP,17085,0.28790495,0.0626328,3.5247464,3.7013798
Patrick Corbin,2024,34,SP,9323,0.1634748,0.06031236,4.733817,4.834953
Patrick Sandoval,2024,27,SP,19447,0.21276686,0.09687182,3.9448652,3.9441347
Paul Blackburn,2024,30,SP,14739,0.21847694,0.087034605,4.188412,4.552943
Quinn Priester,2024,23,SP,25977,0.14972214,0.07830922,4.4133945,4.5671935
Ranger Suarez,2024,28,SP,17277,0.22489391,0.084433675,3.8407674,3.8662543
Reese Olson,2024,24,SP,24968,0.23160781,0.06305289,3.8876462,3.6175044
Reid Detmers,2024,24,SP,27468,0.2614796,0.09007395,3.8999927,3.999402
Rich Hill,2024,44,SP,4806,0.18953866,0.07540503,4.7216864,5.1607256
Ryan Feltner,2024,27,SP,21446,0.17046063,0.06895287,3.8996687,4.1689577
Ryan Weathers,2024,24,SP,23796,0.17300676,0.067772426,4.616021,4.7146373
Ryne Nelson,2024,26,SP,26253,0.14170915,0.05897686,4.4716988,4.296747
Sandy Alcantara,2024,28,SP,18684,0.20649832,0.06377636,3.8301337,3.8014555
Seth Lugo,2024,34,SP,12447,0.2120972,0.06799709,4.197531,4.030884
Shane Bieber,2024,29,SP,19427,0.22739989,0.06812835,3.6528766,3.7212873
Shane McClanahan,2024,27,SP,21483,0.2637653,0.07779815,3.7156093,3.5644593
Shohei Ohtani,2024,29,SP,19755,0.29913175,0.08919086,3.7585964,3.3977888
Sonny Gray,2024,34,SP,12768,0.2318047,0.07666259,3.4764051,3.563922
Spencer Strider,2024,25,SP,27498,0.36491078,0.07582878,2.8727033,3.0794148
Spencer Turnbull,2024,31,SP,16207,0.19312291,0.0945387,4.316556,4.632468
Taijuan Walker,2024,31,SP,11836,0.19519676,0.08534465,4.53707,4.547969
Taj Bradley,2024,23,SP,22543,0.24015696,0.06943281,4.1805553,4.402372
Tanner Bibee,2024,25,SP,30134,0.21771069,0.06455073,3.7931767,3.3425615
Tanner Houck,2024,28,SP,19879,0.23122548,0.080722876,3.8011265,4.031652
Tarik Skubal,2024,27,SP,22267,0.3124353,0.056324437,3.626883,3.7806563
Tommy Henry,2024,26,SP,26285,0.17932785,0.083477296,4.507694,4.1586056
Tony Gonsolin,2024,30,SP,19388,0.20647298,0.091952465,4.6204753,4.284412
Touki Toussaint,2024,28,SP,16929,0.19153865,0.13108885,5.0754504,5.35937
Trevor Williams,2024,32,SP,16977,0.16214934,0.057310604,5.0919347,4.939312
Tyler Anderson,2024,34,SP,12880,0.19395393,0.08444163,4.49121,4.67168
Tyler Glasnow,2024,30,SP,14374,0.32000262,0.07468816,3.4148238,3.5747771
Tyler Wells,2024,29,SP,20000,0.24572326,0.06430403,4.6096144,4.2265105
Tylor Megill,2024,28,SP,21318,0.20545514,0.08230097,4.5718474,4.718878
Vince Velasquez,2024,32,SP,11189,0.17571859,0.091975816,4.493145,4.39718
Vladimir Gutierrez,2024,28,SP,19278,0.16541342,0.07872315,4.5327067,4.3297825
Wade Miley,2024,37,SP,8779,0.16065904,0.07994583,4.7090225,4.0320473
Walker Buehler,2024,29,SP,19374,0.23591034,0.064345516,3.7364297,3.7771149
Yu Darvish,2024,37,SP,13074,0.19985493,0.078742385,4.15954,4.3065815
Yusei Kikuchi,2024,33,SP,20633,0.15193126,0.098013155,5.003451,3.9861567
Zac Gallen,2024,28,SP,19291,0.2598877,0.062064365,3.536106,3.5997403
Zach Davies,2024,31,SP,13183,0.18241225,0.09239418,4.5554748,4.874583
Zach Eflin,2024,30,SP,13774,0.2504774,0.043737106,3.5689917,3.9512374
Zack Greinke,2024,40,SP,1943,0.16196656,0.041592177,4.6700883,4.7473955
Zack Wheeler,2024,34,SP,10310,0.24904561,0.05784171,3.396074,3.6223338
A.J. Minter,2025,31,RP,18655,0.27747795,0.087323874,3.5108445,3.6925766
A.J. Puk,2025,30,RP,19343,0.26829386,0.084729664,3.8501232,3.8987749
Aaron Ashby,2025,27,RP,23550,0.26165327,0.097228564,3.9532378,4.1875687
Aaron Bummer,2025,31,RP,16258,0.27346435,0.107653536,3.7593174,4.252011
Aaron Loup,2025,37,RP,10343,0.19035369,0.08360015,4.0586934,4.3671126
Aaron Sanchez,2025,32,RP,11490,0.16489269,0.08762431,4.8209715,5.225668
Abner Uribe,2025,25,RP,25327,0.2966011,0.09944617,3.2965353,3.2107842
Adam Cimber,2025,34,RP,15288,0.16782193,0.06825325,4.3108597,4.2655525
Adam Ottavino,2025,39,RP,1247,0.23151702,0.09955755,4.201143,4.197132
Adbert Alzolay,2025,30,RP,17859,0.26784,0.077648625,3.8273573,3.8146236
Adrian Martinez,2025,28,RP,21023,0.20631716,0.0822199,4.267275,4.4978867
Albert Abreu,2025,29,RP,17485,0.23561537,0.106544435,4.382212,4.4839
Alec Marsh,2025,27,RP,27451,0.25300303,0.10520924,4.3367023,4.6960897
Alex Lange,2025,29,RP,19883,0.24523215,0.11787237,4.102061,4.181397
Alex Vesia,2025,29,RP,25007,0.27390596,0.1004659,3.9984531,4.0322566
Alex Wood,2025,34,RP,13781,0.19900572,0.0859056,4.189282,4.5340304
Alex Young,2025,31,RP,18333,0.19503546,0.08891248,4.472863,4.4269686
Alexis Diaz,2025,28,RP,21132,0.2533907,0.10606576,3.7152977,3.5663164
Amir Garrett,2025,33,RP,14375,0.23868993,0.1293985,4.3622437,4.6343427
Amos Willingham,2025,26,RP,26128,0.16448154,0.07756405,4.464133,4.3556004
Andre Jackson,2025,29,RP,21298,0.21966535,0.09432289,4.1677556,4.2520084
Andre Pallante,2025,26,RP,26108,0.17074692,0.0909026,4.1715984,4.1008253
Andres Machado,2025,32,RP,14681,0.19315161,0.08463325,4.487288,4.41184
Andres Munoz,2025,26,RP,20373,0.3168597,0.09417961,3.5366225,3.586711
Andrew Bellatti,2025,33,RP,10657,0.2499767,0.09957888,4.1394067,4.174407
Andrew Chafin,2025,35,RP,12988,0.2448298,0.10088332,3.9848604,4.1203656
Andrew Nardi,2025,26,RP,25942,0.2542551,0.1022049,4.1093726,4.3544636
Andrew Vasquez,2025,31,RP,19482,0.19247593,0.09243673,4.174727,3.9720702
Andrew Wantz,2025,29,RP,24933,0.23478398,0.09773207,4.130992,4.1073766
Angel Perdomo,2025,31,RP,17759,0.28270808,0.11515888,4.0330505,4.256197
Angel Zerpa,2025,25,RP,22717,0.17956793,0.076115966,4.096922,4.1310945
Anthony Bass,2025,37,RP,7982,0.21021393,0.08562383,4.290427,4.1277575
Anthony Bender,2025,30,RP,19742,0.24169576,0.09111255,3.965085,3.8439739
Anthony Gose,2025,34,RP,5097,0.25853828,0.08470546,3.8754866,3.6335714
Aroldis Chapman,2025,37,RP,10233,0.357497,0.09631397,3.204711,2.9080787
Art Warren,2025,32,RP,18251,0.24814056,0.09876075,3.894144,3.9756424
Austin Adams,2025,34,RP,13801,0.25902802,0.10740928,4.114885,4.183905
Austin Cox,2025,28,RP,24604,0.22030735,0.09953778,3.9715323,4.2580285
Austin Davis,2025,32,RP,17117,0.24446349,0.1168618,4.3576355,4.76891
Austin Pruitt,2025,35,RP,15290,0.16131201,0.06005476,4.4556756,4.363727
Austin Voth,2025,33,RP,15047,0.2077855,0.086070366,4.492222,4.774173
Bailey Falter,2025,28,RP,20070,0.20334198,0.06532506,4.207669,4.294787
Beau Brieske,2025,27,RP,26079,0.18243091,0.07887245,4.226569,4.064603
Ben Heller,2025,33,RP,15100,0.20342065,0.098551884,4.293276,4.033752
Ben Lively,2025,33,RP,14932,0.19118363,0.08049887,4.5701265,4.774415
Blake Taylor,2025,29,RP,16418,0.20925903,0.10339928,4.2060337,4.170993
Bowden Francis,2025,29,RP,20548,0.23743708,0.071036875,3.8777864,3.475657
Brad Boxberger,2025,37,RP,10133,0.21467274,0.101874284,4.387414,4.231391
Brad Hand,2025,35,RP,9111,0.2152319,0.09719161,4.182699,4.4328933
Brendan White,2025,26,RP,26024,0.23887719,0.09014464,3.8941317,4.331876
Brennan Bernardino,2025,33,RP,16835,0.22294159,0.06896015,3.6695588,3.607008
Brent Honeywell,2025,30,RP,16466,0.18885946,0.087583475,4.428936,4.219623
Brent Suter,2025,35,RP,13942,0.15866582,0.0708062,3.7145672,3.7334578
Brett Martin,2025,30,RP,17369,0.19461316,0.091179274,4.0848994,4.2942834
Brock Burke,2025,28,RP,17968,0.23770836,0.07002802,4.0348334,3.837839
Brock Stewart,2025,33,RP,16727,0.26484984,0.09255398,4.0470595,4.0937533
Brooks Raley,2025,37,RP,10061,0.23784958,0.09586016,4.016217,4.20724
Brusdar Graterol,2025,26,RP,20367,0.19935897,0.07378698,3.768572,3.5854278
Bryan Abreu,2025,28,RP,16609,0.29031077,0.105240375,3.6631908,3.6778884
Bryan Baker,2025,30,RP,19804,0.24756701,0.09984207,3.7916005,3.8341703
Bryan Hoeing,2025,28,RP,26304,0.16585203,0.080544956,4.4635277,4.669592
Bryan Shaw,2025,37,RP,8110,0.18244079,0.091831006,4.5369596,4.819913
Bryse Wilson,2025,27,RP,19990,0.1904019,0.07793513,4.3285217,4.2100654
Buck Farmer,2025,34,RP,14814,0.21706836,0.0921883,4.2593846,4.3610735
Caleb Ferguson,2025,28,RP,19349,0.24618676,0.09891056,4.0319767,4.054336
Caleb Smith,2025,33,RP,14875,0.23326972,0.108428724,4.6041985,4.44601
Caleb Thielbar,2025,38,RP,10078,0.26208457,0.06976949,3.5966885,3.7881362
Calvin Faucher,2025,29,RP,20116,0.21357399,0.0967053,4.2366405,4.5658555
Camilo Doval,2025,27,RP,21992,0.2643991,0.09403309,3.6546733,3.6678393
Carl Edwards Jr.,2025,33,RP,13607,0.20033558,0.1039374,4.272739,4.2077045
Carlos Estevez,2025,32,RP,14542,0.247181,0.09953964,4.143185,4.293483
Carlos Hernandez,2025,28,RP,22713,0.22239614,0.108360276,4.254405,4.7462044
Carmen Mlodzinski,2025,26,RP,27572,0.21345578,0.09867733,3.9632897,3.7387378
Casey Lawrence,2025,37,RP,11121,0.15447657,0.0780092,5.101505,5.7537236
Chad Kuhl,2025,32,RP,14975,0.1980776,0.10756157,4.9272046,5.0726876
Chase Silseth,2025,25,RP,30074,0.22932877,0.09375557,4.132322,4.3074145
Chasen Shreve,2025,34,RP,10855,0.22219527,0.07808351,4.221661,4.4459095
Chris Devenski,2025,34,RP,12763,0.20577508,0.06389853,4.301483,4.854393
Chris Flexen,2025,30,RP,13896,0.17380974,0.080479965,4.678803,4.7710853
Chris Martin,2025,39,RP,11847,0.21567729,0.045250446,3.310711,3.3661218
Chris Murphy,2025,27,RP,26214,0.21744631,0.08792836,3.8257203,4.2005534
Chris Stratton,2025,34,RP,13761,0.21839023,0.08570317,3.9319994,4.2904363
Cionel Perez,2025,29,RP,19614,0.21228859,0.10127788,4.055424,4.0310373
Clay Holmes,2025,32,RP,13649,0.24464059,0.092079856,3.7128432,3.78003
Cody Bolton,2025,27,RP,23265,0.20997246,0.10098742,4.1064157,4.4811354
Cody Bradford,2025,27,RP,27597,0.20916349,0.06761912,4.0140944,4.187906
Cole Irvin,2025,31,RP,19244,0.18868874,0.067816146,4.319721,4.405512
Cole Ragans,2025,27,RP,21846,0.23252995,0.09641216,3.869833,4.006557
Cole Sands,2025,27,RP,21461,0.2154651,0.09554588,4.11228,4.3083286
Colin Holderman,2025,29,RP,22361,0.21651646,0.09471937,3.8767865,4.076578
Colin Poche,2025,31,RP,19403,0.24961166,0.09679261,4.114664,3.9967954
Colin Selby,2025,27,RP,24986,0.25460002,0.11069944,4.102871,5.2332897
Collin McHugh,2025,38,RP,7531,0.20426776,0.073983386,3.9000247,4.0986667
Collin Snider,2025,29,RP,23307,0.1634849,0.09472476,4.2952414,4.519129
Connor Brogdon,2025,30,RP,21205,0.22911292,0.09170765,4.1187096,4.104002
Connor Seabold,2025,29,RP,19695,0.18140505,0.079750426,4.6013618,4.970104
Corey Kluber,2025,39,RP,2429,0.16309977,0.058610424,4.581951,5.1314664
Corey Knebel,2025,33,RP,15010,0.2459376,0.107489124,4.164709,4.12169
Cory Abbott,2025,29,RP,20277,0.23116018,0.09949326,4.4391947,4.609479
Craig Kimbrel,2025,37,RP,6655,0.28212067,0.1031425,3.7843719,3.897786
Craig Stammen,2025,41,RP,7274,0.18876858,0.04661488,4.3763914,4.429192
DL Hall,2025,26,RP,22207,0.25791138,0.08822238,3.8129702,4.2115216
Dakota Hudson,2025,30,RP,19206,0.15812816,0.09551035,4.505718,4.5455184
Dane Dunning,2025,30,RP,19409,0.2051119,0.09183147,4.252112,4.2743583
Daniel Bard,2025,40,RP,7115,0.1859482,0.11600269,4.2949224,3.8597462
Daniel Duarte,2025,28,RP,17480,0.18418536,0.10162332,4.2721405,4.021288
Daniel Palencia,2025,25,RP,27914,0.27796492,0.098669134,3.7206151,3.994012
Danny Coulombe,2025,35,RP,13293,0.22420983,0.07916921,3.855742,3.8368597
Dany Jimenez,2025,31,RP,21170,0.228026,0.10392242,4.114487,4.10249
Darren O'Day,2025,42,RP,3321,0.22757384,0.09196404,4.094678,3.9881828
Dauri Moreta,2025,29,RP,21101,0.25837195,0.09437043,3.9552572,3.9621136
David Bednar,2025,30,RP,19569,0.26279452,0.083793126,3.5515442,3.4182298
David Peterson,2025,29,RP,20302,0.26681235,0.1060451,4.112483,4.3330483
David Phelps,2025,38,RP,6316,0.23869473,0.09527534,3.9882195,3.894317
David Price,2025,39,RP,3184,0.19434199,0.067995384,4.456077,4.5989556
David Robertson,2025,40,RP,8241,0.26386458,0.10238587,3.825974,3.808901
Derek Law,2025,34,RP,13133,0.18115613,0.097618505,4.4209223,4.3880854
Devin Williams,2025,30,RP,15816,0.3144829,0.115663946,3.5269763,3.6722603
Dillon Peters,2025,32,RP,18790,0.18139629,0.08986513,4.5498514,4.5697937
Dillon Tate,2025,31,RP,17796,0.19769634,0.081661016,4.1246147,4.170334
Dinelson Lamet,2025,32,RP,17186,0.2510317,0.10450065,4.0467124,4.3832955
Domingo Tapia,2025,33,RP,12178,0.19634408,0.116049685,4.3604555,4.451665
Dominic Leone,2025,33,RP,13763,0.22723737,0.10089933,4.4933696,4.221018
Drew Hutchison,2025,34,RP,10732,0.1548106,0.09620603,4.8666677,4.7649384
Drew Smith,2025,31,RP,17755,0.26489913,0.10450803,4.2888737,4.243459
Drew Smyly,2025,36,RP,11760,0.20481427,0.07464143,4.516294,4.730832
Drew VerHagen,2025,34,RP,13424,0.20094503,0.09926234,4.673499,4.9425125
Drey Jameson,2025,27,RP,26260,0.22058624,0.09064964,4.0649767,3.871005
Duane Underwood Jr.,2025,30,RP,14677,0.19313563,0.09894061,4.151716,4.484606
Dylan Coleman,2025,28,RP,22276,0.21139047,0.11286567,4.164683,4.1470046
Dylan Covey,2025,33,RP,14825,0.17507966,0.086960085,4.792302,5.1537952
Dylan Floro,2025,34,RP,13394,0.21310884,0.079429135,3.6934075,4.0855746
Dylan Lee,2025,30,RP,19996,0.24428664,0.07403086,3.805467,3.6327512
Edwin Diaz,2025,31,RP,14710,0.34120986,0.112952694,3.337216,3.4484122
Eli Morgan,2025,29,RP,20203,0.2537835,0.08626177,3.96566,4.148304
Elieser Hernandez,2025,30,RP,16933,0.24248005,0.071316786,4.236465,4.3977532
Elvis Peguero,2025,28,RP,21652,0.20294137,0.09220972,4.0734653,4.2051706
Emilio Pagan,2025,34,RP,14771,0.2458916,0.07302183,3.9149961,3.9080706
Emmanuel Clase,2025,27,RP,21032,0.22825003,0.06725836,3.4396222,3.2988396
Enyel De Los Santos,2025,29,RP,18403,0.24589099,0.101026006,4.0619183,4.220076
Erasmo Ramirez,2025,35,RP,10314,0.15466161,0.046818204,4.475996,4.7353997
Eric Stout,2025,32,RP,16873,0.2195579,0.108161174,4.2457743,4.4896855
Erik Swanson,2025,31,RP,16587,0.275138,0.0861761,3.8395612,3.7041273
Evan Phillips,2025,30,RP,17734,0.2652737,0.07483646,3.6830914,3.3398988
Felix Bautista,2025,30,RP,20666,0.3004533,0.1062328,3.6653044,3.5656996
Fernando Cruz,2025,35,RP,7048,0.27406216,0.090583235,3.7031715,3.94455
Francisco Perez,2025,27,RP,21018,0.20705685,0.0993838,4.0785017,4.5429754
Gabe Speier,2025,30,RP,17170,0.23663682,0.07362717,3.8293774,3.8566575
Garrett Richards,2025,37,RP,9784,0.1723404,0.0809496,4.5356994,5.058546
Garrett Whitlock,2025,29,RP,20191,0.23496622,0.06170953,3.7135317,3.7758288
Gavin Hollowell,2025,27,RP,25427,0.19154179,0.09274481,4.0739827,4.143778
Genesis Cabrera,2025,28,RP,17490,0.22589363,0.1037509,4.198866,4.323735
George Soriano,2025,26,RP,21863,0.21841325,0.09798339,4.06469,4.068268
Giovanny Gallegos,2025,33,RP,14986,0.26571912,0.07078712,3.714014,3.7808137
Grant Anderson,2025,28,RP,20546,0.20422448,0.09224162,4.171745,4.2997046
Grant Hartwig,2025,27,RP,29946,0.2142308,0.096935704,4.1922193,4.4872417
Greg Weissert,2025,30,RP,20375,0.23723623,0.09389749,4.0725555,4.193042
Gregory Santos,2025,25,RP,21894,0.21932389,0.07872468,3.6813989,4.041392
Gregory Soto,2025,30,RP,19677,0.2411672,0.10360791,4.0134206,4.2596335
Griffin Jax,2025,30,RP,20253,0.24052368,0.08301523,3.973207,4.156865
Gus Varland,2025,28,RP,24737,0.21187365,0.107073955,4.247405,4.5839095
Hansel Robles,2025,34,RP,11801,0.2190286,0.10566161,4.199188,4.5080433
Hayden Wesneski,2025,27,RP,27581,0.23048854,0.08353592,4.131022,4.0695486
Hector Neris,2025,36,RP,11804,0.26207358,0.09434251,3.892834,3.8211312
Hirokazu Sawamura,2025,37,RP,27515,0.19601747,0.10661903,4.340253,4.05973
Hobie Harris,2025,32,RP,18615,0.14412683,0.09900555,4.317791,4.2411604
Hoby Milner,2025,34,RP,13346,0.22426711,0.058971487,3.9105895,3.772936
Huascar Brazoban,2025,35,RP,6107,0.24202567,0.101878144,4.1132293,4.0692005
Hunter Harvey,2025,30,RP,15507,0.25286317,0.07712859,3.7117975,3.6962368
Hunter Strickland,2025,36,RP,7836,0.1964374,0.09276467,4.3488026,4.360734
Ian Gibaut,2025,31,RP,17871,0.2352406,0.09440782,4.0014625,3.9481218
Ian Hamilton,2025,30,RP,19261,0.2534482,0.0943131,3.831085,3.6549835
Ian Kennedy,2025,40,RP,6986,0.21771225,0.047885012,4.9629703,4.9558454
Isaiah Campbell,2025,27,RP,25551,0.26813424,0.1065572,3.923335,3.7500005
J.B. Wendelken,2025,32,RP,14506,0.20820057,0.106788896,4.1914716,4.402575
J.P. Feyereisen,2025,32,RP,16610,0.23879938,0.09663928,4.0753765,3.7936387
JT Chargois,2025,34,RP,13767,0.19921443,0.091346785,4.182094,4.251663
Jackson Kowar,2025,28,RP,21549,0.22934099,0.120707184,4.7329307,5.210213
Jacob Webb,2025,31,RP,19274,0.24005066,0.10628438,4.2513046,4.229151
Jaime Barria,2025,28,RP,18356,0.18395352,0.07715499,4.5035596,4.3252525
Jake Bird,2025,29,RP,21267,0.1759489,0.08638885,3.8396995,4.0480084
Jake Diekman,2025,38,RP,5003,0.26903513,0.12875631,4.1767635,4.102646
Jake McGee,2025,38,RP,7550,0.19623406,0.059894092,4.16976,4.405451
Jake Woodford,2025,28,RP,18674,0.17081551,0.08523579,4.541026,4.4854827
Jakob Junis,2025,32,RP,13619,0.22562407,0.06604573,3.944188,4.233197
Jalen Beeks,2025,31,RP,17192,0.24754883,0.10042218,4.0529428,4.273897
James Karinchak,2025,29,RP,20151,0.27301016,0.12820303,4.029203,4.125187
James McArthur,2025,28,RP,21527,0.22772671,0.06705308,3.7231486,3.9184144
James Norwood,2025,31,RP,16440,0.22048013,0.09997029,4.082739,4.5323343
Jandel Gustave,2025,32,RP,14665,0.21381482,0.0949621,4.2800274,4.3427324
Jarlin Garcia,2025,32,RP,18282,0.21929458,0.07656354,4.0718207,3.8418298
Jason Adam,2025,33,RP,11861,0.2776828,0.08798667,3.936514,3.604042
Jason Alexander,2025,32,RP,19666,0.14461428,0.079934046,4.490583,4.525262
Jason Foley,2025,29,RP,19531,0.18882164,0.07607702,3.7589123,3.8601546
Javier Assad,2025,27,RP,21741,0.20728047,0.09428123,4.1835713,3.9387774
Javy Guerra,2025,29,RP,17292,0.18714233,0.11343195,4.474541,4.6370964
Jay Jackson,2025,37,RP,7432,0.24167085,0.08259137,4.1597414,3.8702166
Jeff Brigham,2025,33,RP,16631,0.25135788,0.09584318,4.1762857,4.4115014
Jeff Hoffman,2025,32,RP,17432,0.26377508,0.100848235,4.0046334,4.1701016
Jesse Chavez,2025,41,RP,5448,0.22470354,0.081439145,3.9489067,4.0772223
Jesse Scholtens,2025,31,RP,19205,0.14744352,0.07435516,4.4892244,4.4767966
Jesus Tinoco,2025,30,RP,16300,0.18960327,0.09433052,4.3576374,3.9439404
Jharel Cotton,2025,33,RP,13654,0.21540548,0.099858016,4.5243287,4.60144
Jhoan Duran,2025,27,RP,21029,0.27739578,0.086137734,3.5983825,3.3027997
Jhony Brito,2025,27,RP,25386,0.19654407,0.08065945,4.203896,4.097168
Jhoulys Chacin,2025,37,RP,2608,0.14638369,0.08145971,4.782891,5.323163
Jimmy Cordero,2025,33,RP,15690,0.22436516,0.08947852,4.1825795,4.495568
Jimmy Herget,2025,31,RP,17556,0.21969974,0.07736906,4.079601,4.0248566
Jimmy Lambert,2025,30,RP,19541,0.24051869,0.10400456,4.2878227,4.3498588
JoJo Romero,2025,28,RP,19574,0.25729915,0.09785269,3.9463851,4.224806
Joe Jacques,2025,30,RP,25178,0.163795,0.07970539,4.1044517,4.1550736
Joe Jimenez,2025,30,RP,15761,0.2825417,0.08838486,3.7990465,3.8745594
Joe Kelly,2025,37,RP,9761,0.29141262,0.09771504,3.708695,3.9469147
Joe La Sorsa,2025,27,RP,25481,0.19690128,0.07936004,4.0269885,4.116883
Joe Mantiply,2025,34,RP,14857,0.19967468,0.064860106,3.850213,4.1187806
Joe Smith,2025,41,RP,3281,0.15286833,0.0572973,4.700916,4.853929
Joel Payamps,2025,31,RP,14332,0.22482058,0.07629535,4.0534744,3.7743294
Joey Wentz,2025,27,RP,19962,0.20806897,0.09603865,4.346756,4.7957416
John Brebbia,2025,35,RP,12777,0.23103507,0.083435334,4.044705,4.2957916
John Curtiss,2025,32,RP,16128,0.22628221,0.08923316,4.222958,4.2321196
John King,2025,30,RP,22051,0.15652703,0.07776883,4.1446166,4.232426
John Schreiber,2025,31,RP,20020,0.24285716,0.099169165,3.9728296,3.9493392
Jonathan Hernandez,2025,28,RP,17464,0.23357302,0.103371315,4.1250916,4.3744497
Jonathan Loaisiga,2025,30,RP,19753,0.17042175,0.074930966,4.0301127,3.968218
Jordan Balazovic,2025,26,RP,21866,0.18792915,0.09192148,4.2712603,4.2058005
Jordan Hicks,2025,28,RP,19618,0.25128484,0.10176689,3.703895,3.8548105
Jordan Romano,2025,32,RP,16122,0.26468685,0.093681015,3.9324057,3.673974
Jordan Weems,2025,32,RP,13190,0.25039902,0.102906145,4.2132573,4.2924814
Jorge Lopez,2025,32,RP,14527,0.20459169,0.08790932,4.5598154,4.8285537
Jose A. Ferrer,2025,25,RP,24017,0.194864,0.09085765,4.104089,4.4850683
Jose Alvarado,2025,30,RP,17780,0.31012887,0.111066416,3.570497,3.6620734
Jose Alvarez,2025,36,RP,5358,0.18391652,0.09055323,4.3396916,4.3032527
Jose Cisnero,2025,36,RP,6399,0.23380493,0.099575534,4.1613846,4.36979
Jose Cuas,2025,31,RP,17701,0.22380969,0.10342569,4.1615176,4.0721765
Jose Hernandez,2025,27,RP,22318,0.24280289,0.0949339,3.9606845,4.181437
Jose Leclerc,2025,31,RP,14524,0.25860894,0.110413924,4.130305,4.1449738
Jose Ruiz,2025,30,RP,14552,0.23811132,0.10301849,4.3455887,4.389414
Jose Soriano,2025,26,RP,22100,0.29076254,0.09776612,3.547856,3.4054606
Jose Urquidy,2025,30,RP,18413,0.1923156,0.07831508,4.4206133,4.312246
Josh Hader,2025,31,RP,14212,0.30109996,0.12073078,3.6360998,3.79537
Josh Rogers,2025,30,RP,18510,0.16048072,0.08685953,4.70963,4.4913282
Josh Sborz,2025,31,RP,18323,0.27972662,0.10041923,3.970694,4.098849
Josh Staumont,2025,31,RP,18335,0.24658914,0.11548615,4.061784,4.366398
Josh Taylor,2025,32,RP,17359,0.26555336,0.1006099,4.0797853,4.3691993
Josh Winckowski,2025,27,RP,22387,0.17375056,0.081586346,4.0148606,4.0940485
Josh Winder,2025,28,RP,24606,0.17389815,0.077473745,4.2107863,4.1681056
Jovani Moran,2025,28,RP,20422,0.2621607,0.10222073,3.4947517,3.7466896
Julian Merryweather,2025,33,RP,16703,0.26065812,0.0998641,4.018843,4.1351433
Junior Fernandez,2025,28,RP,18496,0.20982352,0.10769758,4.3051805,4.4521284
Justin Bruihl,2025,28,RP,23779,0.19200854,0.091401234,4.1642613,4.3269286
Justin Garza,2025,31,RP,19784,0.21425596,0.107107334,4.386418,4.499689
Justin Grimm,2025,36,RP,11720,0.20040338,0.118065104,5.323495,5.6451917
Justin Lawrence,2025,30,RP,17639,0.19861165,0.09727916,3.6777713,3.9661899
Justin Topa,2025,34,RP,15145,0.21045719,0.0629252,3.8259451,3.9113069
Kaleb Ort,2025,33,RP,20061,0.19335014,0.086453095,4.2472267,4.5367093
Keegan Akin,2025,30,RP,19362,0.23163907,0.086016186,4.08298,4.5055985
Keegan Thompson,2025,30,RP,19795,0.23334977,0.10669755,4.2876477,4.28823
Ken Waldichuk,2025,27,RP,27681,0.2213221,0.09325555,4.2458153,4.561922
Kendall Graveman,2025,34,RP,15514,0.22383124,0.10234385,4.293904,3.967025
Kenley Jansen,2025,37,RP,3096,0.2594483,0.092814155,3.6920588,3.7702594
Kevin Ginkel,2025,31,RP,19876,0.24633218,0.096305825,3.959635,4.0522304
Kevin Kelly,2025,27,RP,25679,0.19625036,0.07171904,3.7573178,3.7655149
Keynan Middleton,2025,31,RP,15264,0.25640067,0.10111324,4.1485868,4.233927
Kirby Yates,2025,38,RP,9073,0.2876645,0.10883897,3.8895795,3.814096
Kutter Crawford,2025,29,RP,20531,0.22975431,0.086816944,3.9357786,4.217468
Kyle Finnegan,2025,33,RP,15009,0.2275949,0.08612639,4.2055106,4.0908723
Kyle Muller,2025,27,RP,20167,0.21103178,0.10972512,4.5035644,4.9979744
Kyle Nelson,2025,28,RP,20515,0.22780177,0.08739621,3.920414,3.990784
Lane Ramsey,2025,28,RP,25071,0.20685887,0.09571573,4.021663,4.411488
Lou Trivino,2025,33,RP,15043,0.24483642,0.101017915,4.107396,4.444067
Louie Varland,2025,27,RP,27691,0.22128749,0.07693693,4.0119443,4.0647225
Louis Head,2025,35,RP,13259,0.19697395,0.08125596,4.1292567,4.1874013
Lucas Erceg,2025,30,RP,19360,0.22668976,0.109033205,3.6750154,4.15461
Lucas Gilbreath,2025,29,RP,21290,0.20381737,0.09857899,3.7367966,3.7804148
Lucas Sims,2025,31,RP,13470,0.257562,0.11749211,4.111614,4.108923
Luis Frias,2025,27,RP,21997,0.19000287,0.10588291,4.098541,4.5238404
Luis Garcia,2025,38,RP,6984,0.20697641,0.08199872,3.9200706,4.2751
Luis Medina,2025,26,RP,21649,0.21884263,0.104126416,4.224054,4.772425
Luke Jackson,2025,33,RP,11752,0.26887938,0.09508681,3.9501538,4.0420895
Manny Banuelos,2025,34,RP,5365,0.22375943,0.113009065,4.423608,4.793971
Mark Leiter Jr.,2025,34,RP,15551,0.25315407,0.079902075,3.9518206,4.2138577
Mark Melancon,2025,40,RP,4264,0.15686683,0.079100676,3.9939122,4.1129694
Martin Perez,2025,34,RP,6902,0.17045806,0.08175116,4.5103164,4.3496766
Mason Englert,2025,25,RP,22288,0.17456499,0.07390747,4.333229,4.365889
Mason Thompson,2025,27,RP,21850,0.19441505,0.096254095,4.1078925,4.4626913
Matt Barnes,2025,35,RP,12863,0.21429393,0.104301766,4.24025,4.6353927
Matt Brash,2025,27,RP,25756,0.33635908,0.107213974,3.2394657,3.4831626
Matt Carasiti,2025,33,RP,13276,0.16798979,0.08731074,3.951741,4.397464
Matt Foster,2025,30,RP,19647,0.23289652,0.09735323,4.0952415,4.291609
Matt Koch,2025,34,RP,13420,0.14642434,0.06395881,4.639816,4.6466494
Matt Moore,2025,36,RP,1890,0.24188974,0.08433743,4.0773673,3.924555
Matt Strahm,2025,33,RP,13799,0.2535606,0.07130584,3.7186275,3.7388499
Matt Wisler,2025,32,RP,12804,0.24988304,0.08200855,4.0138845,3.783056
Matthew Liberatore,2025,25,RP,22294,0.1925956,0.09763531,4.2613397,4.8101344
Mauricio Llovera,2025,29,RP,20080,0.2235722,0.0970398,4.2291217,4.417438
Michael Fulmer,2025,32,RP,13218,0.2553806,0.10263789,4.1640525,4.322912
Michael Grove,2025,28,RP,23221,0.21595898,0.08274389,4.166371,4.511969
Michael King,2025,30,RP,19853,0.27228788,0.08854682,3.7894752,3.7639284
Michael Rucker,2025,31,RP,19454,0.22991543,0.10185189,4.2402563,4.470237
Michael Tonkin,2025,35,RP,10315,0.23894434,0.08785929,4.2653913,4.5562463
Miguel Castro,2025,30,RP,15684,0.2338484,0.10695044,4.212107,4.350112
Mike Baumann,2025,29,RP,20206,0.21710947,0.100586556,4.207996,4.315128
Nate Pearson,2025,28,RP,20160,0.24360453,0.104503594,4.2160664,4.508882
Nick Anderson,2025,34,RP,18337,0.27613467,0.08219565,3.7380955,3.6666825
Nick Martinez,2025,34,RP,12730,0.20390974,0.08454386,4.5473723,4.5144024
Nick Mears,2025,28,RP,25376,0.2191296,0.103409715,4.177293,4.1471353
Nick Pivetta,2025,32,RP,15454,0.2513017,0.09256083,4.026805,4.203295
Nick Ramirez,2025,35,RP,12575,0.16756865,0.07363811,4.3282204,4.509832
Nick Robertson,2025,26,RP,26226,0.23763366,0.09028683,3.9198585,4.4186983
Nick Sandlin,2025,28,RP,20517,0.24346408,0.106694974,4.299329,4.2071204
Nick Wittgren,2025,34,RP,15594,0.16383623,0.07928718,4.5407248,4.8778634
Noe Ramirez,2025,35,RP,12800,0.21355884,0.09725653,4.342352,4.5582376
Osvaldo Bido,2025,29,RP,23150,0.19325307,0.09009193,4.09635,4.500232
Paul Sewald,2025,35,RP,13892,0.283751,0.09356947,3.8025143,3.5940478
Pete Fairbanks,2025,31,RP,17998,0.2956627,0.10497152,3.6679714,3.8236725
Peter Lambert,2025,28,RP,17969,0.1363571,0.07049886,4.3924503,4.7417192
Peter Strzelecki,2025,30,RP,21367,0.23484263,0.091128856,3.981622,4.0906973
Phil Bickford,2025,29,RP,18519,0.26451826,0.10501993,4.086433,4.2654824
Phil Maton,2025,32,RP,18064,0.25516897,0.09421579,4.015705,4.100423
Pierce Johnson,2025,34,RP,13435,0.28838143,0.098880835,3.97913,4.056993
Rafael Montero,2025,34,RP,12760,0.24706024,0.09071674,4.021532,4.451342
Raisel Iglesias,2025,35,RP,17130,0.269942,0.07199105,3.4494956,3.4077692
Ralph Garza,2025,31,RP,17682,0.20661338,0.10112625,4.375059,4.1743846
Ray Kerr,2025,30,RP,23809,0.25471836,0.08742662,3.9124758,3.962219
Reynaldo Lopez,2025,31,RP,16400,0.25855312,0.0995617,4.0640273,3.996601
Richard Bleier,2025,38,RP,7803,0.13354453,0.050782688,4.0067163,4.2466702
Richard Lovelady,2025,29,RP,19337,0.25420773,0.10113848,4.081778,4.406243
Roansy Contreras,2025,25,RP,22810,0.19554837,0.09521406,4.20182,4.5589676
Rob Zastryzny,2025,33,RP,15094,0.21023175,0.11274922,4.2645645,4.6492767
Robert Garcia,2025,29,RP,23363,0.239262,0.09235312,3.9337497,3.9914641
Robert Stephenson,2025,32,RP,13594,0.27410984,0.09085682,3.9254456,3.9827662
Robert Suarez,2025,34,RP,30115,0.24440835,0.087598875,3.9732378,3.8444667
Ron Marinaccio,2025,29,RP,23488,0.25574723,0.10913127,4.0088906,3.861665
Ronel Blanco,2025,31,RP,19407,0.2267127,0.09590324,4.3663754,4.0412784
Rony Garcia,2025,27,RP,20430,0.20889488,0.08587196,4.2496924,4.5217113
Ross Detwiler,2025,39,RP,2859,0.18642034,0.054756578,4.753611,4.8879294
Ross Stripling,2025,35,RP,13273,0.17829753,0.039778277,4.4739614,4.628426
Rowan Wick,2025,32,RP,14646,0.24898809,0.10549411,4.1166496,4.3131633
Ryan Borucki,2025,31,RP,16350,0.20174235,0.0719022,4.184522,3.9669445
Ryan Brasier,2025,37,RP,5615,0.21218276,0.07571112,3.8984928,4.297655
Ryan Helsley,2025,30,RP,18138,0.29752123,0.10610654,3.776293,3.9099088
Ryan Pressly,2025,36,RP,7005,0.26723155,0.0739844,3.376445,3.683245
Ryan Thompson,2025,33,RP,16647,0.19845092,0.07506882,4.1133356,4.168648
Ryan Walker,2025,29,RP,20423,0.2604226,0.090996325,3.8542974,3.657799
Ryan Yarbrough,2025,33,RP,16502,0.16087008,0.04612542,4.447994,4.664765
Ryne Stanek,2025,33,RP,15947,0.25034568,0.105588764,4.2946815,4.1234636
Sam Hentges,2025,28,RP,18548,0.25189632,0.08970238,3.7176592,3.9821272
Sam Long,2025,29,RP,25379,0.19525859,0.09643126,4.2862244,4.4734354
Sam Moll,2025,33,RP,14874,0.24049218,0.1000321,4.060228,4.0197916
Sam Selman,2025,34,RP,13397,0.21322826,0.09049408,4.315564,4.466391
Sammy Peralta,2025,27,RP,25589,0.21099077,0.09970145,4.0965796,4.2568727
Scott Alexander,2025,35,RP,10591,0.15279041,0.065171994,4.0584254,4.230371
Scott Barlow,2025,32,RP,14993,0.24589317,0.097281925,3.8721912,3.9001014
Scott Effross,2025,31,RP,18384,0.25053746,0.07879778,3.8282926,3.781631
Scott McGough,2025,35,RP,12056,0.24335593,0.062494714,3.5856483,3.7187567
Sean Hjelle,2025,28,RP,21481,0.22855003,0.09367913,4.0580087,4.5934486
Sean Manaea,2025,33,RP,15873,0.2314692,0.07769206,3.9681258,4.3342686
Sean Poppen,2025,31,RP,19583,0.21176931,0.09697284,4.1630297,4.3998146
Seranthony Dominguez,2025,30,RP,19249,0.24182288,0.09932043,4.1552157,4.064509
Sergio Romo,2025,42,RP,9817,0.17382357,0.06369761,4.717379,5.223748
Seth Martinez,2025,30,RP,21045,0.23106803,0.09500393,4.0746713,4.194155
Shawn Armstrong,2025,34,RP,12857,0.23246212,0.064352,3.794419,3.8086114
Shelby Miller,2025,34,RP,10197,0.22796376,0.11953393,4.7145925,4.9581556
Shintaro Fujinami,2025,31,RP,31839,0.23711677,0.11559275,4.4485593,4.980782
Steve Cishek,2025,39,RP,6483,0.20611915,0.09959037,4.5367007,4.1664534
Steven Matz,2025,34,RP,13361,0.21972063,0.062173452,4.029851,4.4124575
Steven Okert,2025,33,RP,13580,0.26560292,0.092090264,4.062752,3.9787834
Steven Wilson,2025,30,RP,20353,0.24698919,0.09718217,4.1211467,3.933172
Tanner Banks,2025,33,RP,16990,0.20438428,0.07807086,4.106144,4.1519103
Tanner Scott,2025,30,RP,17586,0.28775126,0.10039643,3.4865124,3.591306
Tayler Saucedo,2025,32,RP,17888,0.18900478,0.092976905,4.177667,4.239209
Tayler Scott,2025,33,RP,13652,0.20682135,0.09497456,4.589215,4.955102
Taylor Clarke,2025,32,RP,17611,0.22750856,0.08224937,4.159414,4.537114
Taylor Rogers,2025,34,RP,13449,0.26042125,0.10062559,3.8191905,4.1501737
Thad Ward,2025,28,RP,21513,0.20175691,0.11046588,4.5785236,4.641607
Thomas Hatch,2025,30,RP,19264,0.21144606,0.09779788,4.2490897,4.3400354
Tim Herrin,2025,28,RP,25139,0.25140166,0.096925706,3.9346259,4.2487264
Tim Hill,2025,35,RP,16814,0.14639612,0.074778885,4.562352,4.6359224
Tim Mayza,2025,33,RP,15042,0.2270963,0.076818705,3.9352515,3.8453667
Tom Cosgrove,2025,29,RP,23443,0.20955743,0.08396762,3.9518855,3.4957457
Tommy Doyle,2025,29,RP,21281,0.16283461,0.09020802,4.032171,4.2323103
Tommy Kahnle,2025,35,RP,11384,0.26860586,0.09306836,4.0133257,3.8892713
Tommy Nance,2025,34,RP,19178,0.24747227,0.08968999,3.982964,4.257092
Trent Thornton,2025,31,RP,17948,0.20523784,0.07458503,4.3315535,4.1178827
Trevor Gott,2025,32,RP,15046,0.22672495,0.080981486,4.0598598,4.3743014
Trevor May,2025,35,RP,6398,0.23214746,0.09826026,4.232481,4.041121
Trevor Megill,2025,31,RP,17722,0.2740263,0.09580144,3.8464167,4.129922
Trevor Richards,2025,32,RP,19309,0.30925372,0.12316671,4.379445,4.187836
Trevor Stephan,2025,29,RP,19932,0.25737828,0.09626634,4.007659,4.1005883
Trey Wingenter,2025,31,RP,17793,0.28671977,0.10682714,3.9071271,3.969097
Tristan Beck,2025,29,RP,21584,0.1810382,0.06630408,4.0113297,3.9553988
Tucker Davidson,2025,29,RP,19871,0.19607465,0.104856074,4.419091,4.7350698
Ty Blach,2025,34,RP,14361,0.13022481,0.06554887,4.5660315,4.9285855
Tyler Alexander,2025,30,RP,17735,0.19682376,0.058053207,4.274188,4.2784634
Tyler Beede,2025,32,RP,16981,0.1901671,0.09275382,4.538871,4.7481437
Tyler Danish,2025,30,RP,15126,0.18043642,0.0800453,4.222227,4.202869
Tyler Holton,2025,29,RP,26231,0.21346672,0.061183922,3.7746801,3.2581713
Tyler Kinley,2025,34,RP,18297,0.19957241,0.07703168,3.9110892,4.1675653
Tyler Matzek,2025,34,RP,10058,0.23266886,0.12555799,4.324034,4.140503
Tyler Rogers,2025,34,RP,15541,0.1768038,0.074224785,4.053976,4.0485015
Victor Arano,2025,30,RP,15915,0.24408558,0.09358693,3.9571803,4.0965986
Victor Gonzalez,2025,29,RP,16408,0.22901498,0.09884889,4.0235825,4.1616144
Wandy Peralta,2025,33,RP,14295,0.21437863,0.1021367,4.371461,4.0386477
Will Smith,2025,35,RP,8048,0.23156673,0.07716557,4.0631766,4.175018
Will Vest,2025,30,RP,19769,0.24717125,0.090171725,3.80483,4.0698256
Wily Peralta,2025,36,RP,7738,0.1644936,0.10970424,4.88113,4.048446
Wyatt Mills,2025,30,RP,20010,0.21416889,0.103338696,4.234173,4.649931
Xzavion Curry,2025,26,RP,25595,0.17300195,0.07939302,4.239535,4.1173368
Yency Almonte,2025,31,RP,15068,0.240932,0.103604235,4.182031,4.4016056
Yennier Cano,2025,31,RP,25911,0.22628705,0.09375449,3.9646618,4.2820287
Yerry De Los Santos,2025,27,RP,21420,0.20866676,0.09936328,4.0363483,4.2294455
Yimi Garcia,2025,34,RP,12095,0.23916274,0.06714049,3.7736986,3.9726055
Yohan Ramirez,2025,30,RP,19444,0.22499202,0.10347057,4.349914,4.325462
Yonny Chirinos,2025,31,RP,16401,0.1790812,0.07529733,4.5466166,4.5210657
Yunior Marte,2025,30,RP,14416,0.2065365,0.09641149,4.2070847,4.4982653
Zach Jackson,2025,30,RP,19493,0.27298647,0.11125175,3.6742818,3.7764018
Zach Thompson,2025,31,RP,16094,0.19032763,0.09194057,4.2194543,4.3245234
Zack Littell,2025,29,RP,15823,0.2049808,0.06108618,4.069391,4.0268984
Zack Thompson,2025,27,RP,25918,0.22577593,0.09544128,4.0434175,4.1429977
Aaron Civale,2025,30,SP,19479,0.22588812,0.0680886,4.1640115,4.3178735
Aaron Nola,2025,32,SP,16149,0.22646236,0.07128525,4.00268,4.187967
Adam Wainwright,2025,43,SP,2233,0.12445555,0.06048284,4.7944813,5.1269965
Adrian Houser,2025,32,SP,12718,0.18038215,0.093231164,4.5082555,4.576349
Adrian Sampson,2025,33,SP,13339,0.16820745,0.05758537,4.8077836,4.686401
Alek Manoah,2025,27,SP,26410,0.23690803,0.09279369,4.3799953,3.9796243
Alex Cobb,2025,37,SP,6562,0.17879982,0.069119334,4.19525,4.1773577
Alex Faedo,2025,29,SP,19874,0.19697109,0.08292254,4.2465577,4.389811
Andrew Abbott,2025,26,SP,29911,0.23415428,0.071759276,3.8715265,3.6387646
Andrew Heaney,2025,34,SP,15423,0.16138667,0.069679335,4.7869706,4.497718
Anibal Sanchez,2025,41,SP,3284,0.17159307,0.054019984,4.2639637,3.8598099
Anthony DeSclafani,2025,35,SP,13050,0.17348593,0.05755952,4.4876723,4.5770764
Austin Gomber,2025,31,SP,16561,0.15069729,0.06681078,4.414423,4.634208
Bailey Ober,2025,29,SP,21224,0.24704476,0.05525278,4.0531254,3.8874319
Blake Snell,2025,32,SP,13543,0.30590868,0.0877705,3.3761463,3.1273506
Bobby Miller,2025,26,SP,27483,0.23278633,0.056699358,3.6914098,3.6338058
Brad Keller,2025,29,SP,15734,0.19266516,0.118469514,4.889394,5.3110547
Brady Singer,2025,28,SP,25377,0.22438513,0.06983554,3.9673445,4.2799253
Brandon Bielak,2025,29,SP,19866,0.1862242,0.09471403,4.597594,4.6410913
Brandon Pfaadt,2025,26,SP,27782,0.20122823,0.046705857,4.2841387,4.5460587
Brandon Williamson,2025,27,SP,25463,0.18016413,0.06488856,4.1760936,3.921072
Brandon Woodruff,2025,32,SP,16162,0.26780993,0.06341017,3.742422,3.4347143
Braxton Garrett,2025,27,SP,21844,0.24255879,0.059497617,3.78239,3.8108728
Brayan Bello,2025,26,SP,23920,0.2028376,0.07976978,3.6109645,3.7903018
Bryan Woo,2025,25,SP,30279,0.24746783,0.07030695,4.13878,4.212511
Bryce Elder,2025,26,SP,27779,0.20110385,0.0855768,4.1264453,3.8101087
Bryce Miller,2025,26,SP,29837,0.22563823,0.042898007,4.0947433,4.1761594
Cal Quantrill,2025,30,SP,19312,0.15713432,0.07591224,4.560992,4.4117756
Carlos Carrasco,2025,38,SP,6632,0.14732169,0.052297916,4.503721,4.3776064
Carlos Rodon,2025,32,SP,16137,0.25563064,0.093644656,4.0135465,4.1054473
Charlie Morton,2025,41,SP,4676,0.18017422,0.09857016,4.923261,5.0086846
Chase Anderson,2025,37,SP,6895,0.16899884,0.042342275,3.9626815,3.4799156
Chris Archer,2025,36,SP,6345,0.17914347,0.079128034,4.4887185,4.2957087
Chris Bassitt,2025,36,SP,12304,0.19704804,0.07246087,4.5541444,4.1282215
Chris Sale,2025,36,SP,10603,0.16936852,0.07823226,4.383642,4.3153453
Clarke Schmidt,2025,29,SP,19899,0.23903209,0.07915894,4.0483227,4.0953746
Clayton Kershaw,2025,37,SP,2036,0.21761762,0.06745325,4.0604587,3.6488044
Colin Rea,2025,34,SP,12317,0.1950776,0.07884221,4.472916,4.4988647
Corbin Burnes,2025,30,SP,19361,0.26371408,0.079108186,3.6060634,3.6357822
Cristian Javier,2025,28,SP,17606,0.27855954,0.07731532,4.139461,4.0916486
Cristopher Sanchez,2025,28,SP,20778,0.22027394,0.0740416,4.0172415,4.0550103
Daniel Lynch IV,2025,28,SP,21537,0.17965691,0.07652419,4.450525,4.745944
Dean Kremer,2025,29,SP,19350,0.20671444,0.07712677,4.451927,4.4503336
Domingo German,2025,32,SP,17149,0.19055662,0.0601076,4.6248307,4.6319823
Drew Rasmussen,2025,29,SP,25385,0.24549921,0.07229351,3.6738694,3.7081463
Dustin May,2025,27,SP,19716,0.22499983,0.078649126,4.04155,3.8891845
Dylan Bundy,2025,32,SP,12917,0.16158734,0.046967413,4.689969,5.092343
Dylan Cease,2025,29,SP,18525,0.28937864,0.09013749,3.697328,3.7298815
Eduardo Rodriguez,2025,32,SP,13164,0.21369587,0.085288435,4.174264,4.3413267
Edward Cabrera,2025,27,SP,21690,0.17795664,0.12668404,5.269627,5.055073
Emmet Sheehan,2025,25,SP,29839,0.24215259,0.08426149,4.0674787,4.154824
Eric Lauer,2025,30,SP,19316,0.18010296,0.079923525,4.75837,4.3643584
Erick Fedde,2025,32,SP,17425,0.16614535,0.07676687,4.6658134,4.8210545
Eury Perez,2025,22,SP,27768,0.27725902,0.060005117,3.9357276,3.4658203
Framber Valdez,2025,31,SP,17295,0.23246412,0.08213394,3.8358223,3.8423827
Freddy Peralta,2025,29,SP,18679,0.30785942,0.07669799,3.6774914,3.5901558
Gavin Williams,2025,25,SP,30122,0.21586902,0.085353784,4.1593237,3.772588
George Kirby,2025,27,SP,25436,0.2558513,0.0475037,3.6197314,3.6922839
Gerrit Cole,2025,34,SP,13125,0.24023785,0.062492914,3.6992111,3.5381663
Graham Ashcraft,2025,27,SP,27552,0.15298244,0.06251714,4.1810865,4.2650933
Grayson Rodriguez,2025,25,SP,24492,0.25759625,0.06663356,3.7173846,3.7181969
Griffin Canning,2025,29,SP,19867,0.23244576,0.078985505,4.150036,4.4348645
Humberto Castellanos,2025,27,SP,21183,0.1713878,0.06862105,4.293836,4.3484945
Hunter Brown,2025,26,SP,25880,0.2818129,0.073902845,3.763483,3.8584037
Hunter Greene,2025,25,SP,22182,0.30592605,0.07280368,3.8305984,3.8230863
Hyun-Jin Ryu,2025,38,SP,14444,0.17374063,0.061897807,4.5116487,4.3976784
Ian Anderson,2025,27,SP,19951,0.23656198,0.09420072,3.8362813,3.9513965
J.P. France,2025,30,SP,21212,0.14584127,0.0728372,4.654115,4.2713904
JP Sears,2025,29,SP,23429,0.17672034,0.06711937,4.546264,4.3686075
JT Brubaker,2025,31,SP,17578,0.22457252,0.08149306,4.1366816,4.5116997
Jack Flaherty,2025,29,SP,17479,0.22886385,0.10367051,4.0898986,4.3048296
Jacob deGrom,2025,37,SP,10954,0.30881283,0.050209206,2.7533584,3.056672
Jake Irvin,2025,28,SP,21504,0.15437694,0.08502409,4.6908956,4.350372
Jake Odorizzi,2025,35,SP,6397,0.20225216,0.077169076,4.4031763,4.501093
James Paxton,2025,36,SP,11828,0.14916466,0.074942455,4.747132,4.3614693
Jameson Taillon,2025,33,SP,11674,0.19295952,0.05986101,4.5512147,4.689328
Jared Shuster,2025,26,SP,27472,0.14287603,0.08169433,4.33508,4.302371
Jesus Luzardo,2025,27,SP,19959,0.28472108,0.078453735,3.714134,3.8806329
Joan Adon,2025,26,SP,22925,0.17820843,0.09161878,4.176554,4.70226
Joe Musgrove,2025,32,SP,12970,0.23527463,0.062779255,4.0104895,3.7698689
Joe Ryan,2025,29,SP,21390,0.27419698,0.057813667,3.97215,3.9887536
Joey Lucchesi,2025,32,SP,19320,0.19697902,0.07409647,4.5197134,4.7866893
Johan Oviedo,2025,27,SP,22487,0.22181872,0.097399265,4.163007,4.1535177
Jon Gray,2025,33,SP,14916,0.20633653,0.074300386,4.465424,4.551755
Jordan Lyles,2025,34,SP,7593,0.16855636,0.041868497,4.6903186,4.8858213
Jordan Montgomery,2025,32,SP,16511,0.21398537,0.06954257,4.0253882,4.0414147
Jose Berrios,2025,31,SP,14168,0.2198877,0.06857281,4.258881,4.3917017
Jose Quintana,2025,36,SP,11423,0.19961938,0.09037201,4.1947336,4.256868
Jose Urena,2025,33,SP,11589,0.1626033,0.06835098,4.6650047,4.4917483
Josiah Gray,2025,27,SP,24580,0.14870527,0.11440764,4.981217,5.043026
Julio Urias,2025,28,SP,14765,0.25268316,0.053522438,4.057686,3.769692
Justin Dunn,2025,29,SP,19268,0.10622549,0.14278474,5.5077524,5.098163
Justin Steele,2025,29,SP,17312,0.24596101,0.06972126,3.7012894,3.6781507
Justin Verlander,2025,42,SP,8700,0.16676491,0.06925506,4.3676586,3.9839804
Kenta Maeda,2025,37,SP,18498,0.1513834,0.06824753,4.5701222,4.3046694
Kevin Gausman,2025,34,SP,14107,0.2627861,0.07635412,3.5128376,3.5881066
Kodai Senga,2025,32,SP,31838,0.2564845,0.073154904,3.805274,3.3736463
Kyle Bradish,2025,28,SP,24586,0.2355897,0.077452175,3.924956,3.9487796
Kyle Freeland,2025,32,SP,16256,0.13704067,0.062528715,4.4318156,4.501219
Kyle Gibson,2025,37,SP,10123,0.17776057,0.068395495,4.2704186,4.4919944
Kyle Hendricks,2025,35,SP,12049,0.16667825,0.05138818,4.5113754,4.609504
Lance Lynn,2025,38,SP,2520,0.1606055,0.06214139,4.7419963,4.0927625
Lance McCullers Jr.,2025,31,SP,14120,0.24128264,0.09875805,4.026421,4.2176414
Logan Allen,2025,26,SP,27589,0.21547477,0.071675204,4.089326,3.7622287
Logan Gilbert,2025,28,SP,22250,0.2658304,0.05543342,3.9570794,3.9764774
Logan Webb,2025,28,SP,17995,0.22667103,0.051631093,3.408253,3.5147233
Lucas Giolito,2025,30,SP,15474,0.22594261,0.072983675,4.386604,4.6388764
Luis Castillo,2025,32,SP,15689,0.25003725,0.07771098,4.0480795,3.8866231
Luis Cessa,2025,33,SP,13345,0.1383253,0.076506145,4.391517,4.5924973
Luis Garcia,2025,28,SP,23735,0.2776641,0.07555502,3.8177392,3.8613837
Luis L. Ortiz,2025,26,SP,27646,0.15242112,0.094431184,4.463329,4.2425113
Luis Severino,2025,31,SP,15890,0.20480937,0.055358425,4.6502266,4.6248064
Luke Weaver,2025,31,SP,16918,0.1407791,0.053896256,4.9295635,5.4687433
MacKenzie Gore,2025,26,SP,22201,0.23437102,0.1005263,4.1134744,4.249991
Marco Gonzales,2025,33,SP,15467,0.16951713,0.05910266,4.8421597,4.47956
Marcus Stroman,2025,34,SP,13431,0.21087383,0.088145986,4.2940087,4.386304
Matt Manning,2025,27,SP,20369,0.17929266,0.07184718,4.383204,4.2871847
Matthew Boyd,2025,34,SP,15440,0.1799099,0.067265674,4.417891,4.744737
Max Fried,2025,31,SP,13743,0.23635072,0.065726735,3.6429713,3.5224402
Max Scherzer,2025,40,SP,3137,0.17745207,0.07461238,4.4038086,4.1535296
Merrill Kelly,2025,36,SP,11156,0.2043924,0.0869285,4.3759146,4.297642
Michael Kopech,2025,29,SP,17282,0.1724666,0.14050634,5.4905877,4.7365923
Michael Lorenzen,2025,33,SP,14843,0.17442036,0.09171177,4.486181,4.538073
Michael Pineda,2025,36,SP,5372,0.15359516,0.041284986,4.7023644,4.6762824
Michael Wacha,2025,33,SP,14078,0.20383745,0.07474291,4.482122,4.4099064
Mike Clevinger,2025,34,SP,12808,0.19422877,0.07547801,4.5479712,4.3731356
Mike Minor,2025,37,SP,10021,0.16884255,0.05630842,4.569566,4.4415483
Miles Mikolas,2025,36,SP,9803,0.16076374,0.04790273,4.4932513,4.6218367
Mitch Keller,2025,29,SP,17594,0.23331538,0.08150161,3.8811827,4.0938525
Nathan Eovaldi,2025,35,SP,9132,0.20325805,0.0826186,4.2867665,4.3420844
Nestor Cortes,2025,30,SP,17874,0.25854498,0.07026173,4.0991983,3.981201
Nick Lodolo,2025,27,SP,26378,0.28788686,0.068559796,3.7694068,3.7028103
Noah Syndergaard,2025,32,SP,11762,0.16348754,0.045778934,4.692187,5.2117715
Pablo Lopez,2025,29,SP,17085,0.27765542,0.06608014,3.5684054,3.6692433
Patrick Corbin,2025,35,SP,9323,0.17664142,0.055585846,4.4681187,4.5996075
Patrick Sandoval,2025,28,SP,19447,0.21576145,0.09298109,3.9138412,3.9844282
Paul Blackburn,2025,31,SP,14739,0.21861249,0.08732144,4.190079,4.5183125
Quinn Priester,2025,24,SP,25977,0.15489008,0.07930318,4.388567,4.5634117
Ranger Suarez,2025,29,SP,17277,0.21640499,0.08745109,3.884067,3.9569952
Reese Olson,2025,25,SP,24968,0.24459898,0.062049378,3.8232203,3.664983
Reid Detmers,2025,25,SP,27468,0.26803568,0.087012045,3.7692304,3.841851
Rich Hill,2025,45,SP,4806,0.18464027,0.061084256,4.5872793,5.036959
Ryan Feltner,2025,28,SP,21446,0.17093287,0.06923485,3.9460762,4.150662
Ryan Weathers,2025,25,SP,23796,0.17247449,0.06762412,4.5044303,4.6774435
Ryne Nelson,2025,27,SP,26253,0.14408036,0.060565345,4.5162263,4.4573402
Sandy Alcantara,2025,29,SP,18684,0.21244112,0.06725114,3.8754551,3.8580914
Seth Lugo,2025,35,SP,12447,0.19647002,0.06934137,4.401409,4.174856
Shane Bieber,2025,30,SP,19427,0.22876766,0.07124566,3.7343569,3.836448
Shane McClanahan,2025,28,SP,21483,0.2682662,0.07393006,3.7031584,3.6460187
Shohei Ohtani,2025,30,SP,19755,0.2885483,0.079257526,3.732523,3.4038076
Sonny Gray,2025,35,SP,12768,0.2187366,0.0790625,3.6299548,3.7062447
Spencer Strider,2025,26,SP,27498,0.36330214,0.07260647,2.9167979,2.9036357
Spencer Turnbull,2025,32,SP,16207,0.20731485,0.08538621,4.3283772,4.5937157
Taijuan Walker,2025,32,SP,11836,0.19834837,0.082347535,4.5243707,4.571809
Taj Bradley,2025,24,SP,22543,0.24906301,0.06768354,4.024835,4.3351855
Tanner Bibee,2025,26,SP,30134,0.22466375,0.063596174,3.7948172,3.4760644
Tanner Houck,2025,29,SP,19879,0.22987439,0.08445891,3.7906117,3.9775798
Tarik Skubal,2025,28,SP,22267,0.3001401,0.0587718,3.6359737,3.691208
Tommy Henry,2025,27,SP,26285,0.18038891,0.085719205,4.5350223,4.329961
Tony Gonsolin,2025,31,SP,19388,0.20933288,0.082610674,4.5870757,4.3355193
Touki Toussaint,2025,29,SP,16929,0.2166733,0.12466461,4.7518196,5.111928
Trevor Williams,2025,33,SP,16977,0.16662039,0.042568725,4.90381,4.636414
Tyler Anderson,2025,35,SP,12880,0.2022047,0.078515254,4.352197,4.379939
Tyler Glasnow,2025,31,SP,14374,0.3053524,0.073419735,3.4649706,3.4657004
Tyler Wells,2025,30,SP,20000,0.21649349,0.06123634,4.610873,4.2784214
Tylor Megill,2025,29,SP,21318,0.20607698,0.074572444,4.4476094,4.7597904
Vince Velasquez,2025,33,SP,11189,0.1741578,0.07924374,4.5165224,4.7747746
Vladimir Gutierrez,2025,29,SP,19278,0.16614227,0.08116216,4.5561323,4.4630656
Wade Miley,2025,38,SP,8779,0.1567973,0.08342477,4.810813,4.243587
Walker Buehler,2025,30,SP,19374,0.23993497,0.06850317,3.7839305,3.8237336
Yu Darvish,2025,38,SP,13074,0.1699951,0.07910824,4.346307,4.280541
Yusei Kikuchi,2025,34,SP,20633,0.13810807,0.102413155,5.1710463,3.7652524
Zac Gallen,2025,29,SP,19291,0.25939497,0.06543664,3.5698915,3.610079
Zach Davies,2025,32,SP,13183,0.18645516,0.086112686,4.444377,4.513472
Zach Eflin,2025,31,SP,13774,0.2319746,0.051092207,3.701451,3.979788
Zack Greinke,2025,41,SP,1943,0.15084237,0.04190846,4.551333,4.5210013
Zack Wheeler,2025,35,SP,10310,0.22807662,0.06405767,3.5683792,3.703556
A.J. Minter,2026,32,RP,18655,0.26408362,0.090967104,3.6388,3.7811425
A.J. Puk,2026,31,RP,19343,0.26246205,0.08562589,3.8719165,3.8651097
Aaron Ashby,2026,28,RP,23550,0.24357004,0.10143684,4.0259976,4.2567554
Aaron Bummer,2026,32,RP,16258,0.2663257,0.116642796,3.8689942,4.1750965
Aaron Loup,2026,38,RP,10343,0.18207078,0.08339931,4.0824494,4.4096355
Aaron Sanchez,2026,33,RP,11490,0.16881926,0.08185907,4.740156,5.096351
Abner Uribe,2026,26,RP,25327,0.2813926,0.10022756,3.3400013,3.3157084
Adam Cimber,2026,35,RP,15288,0.16114277,0.070723146,4.3339367,4.378347
Adam Ottavino,2026,40,RP,1247,0.22035187,0.09448087,4.1508927,4.291259
Adbert Alzolay,2026,31,RP,17859,0.25610614,0.07933187,3.831317,3.7826447
Adrian Martinez,2026,29,RP,21023,0.20139061,0.08711879,4.272431,4.475431
Albert Abreu,2026,30,RP,17485,0.22784352,0.10941441,4.3232746,4.4915123
Alec Marsh,2026,28,RP,27451,0.2179895,0.10388299,4.3529897,4.7823215
Alex Lange,2026,30,RP,19883,0.2529545,0.1082801,4.081416,4.106804
Alex Vesia,2026,30,RP,25007,0.26383364,0.10451179,4.0579767,4.0386624
Alex Wood,2026,35,RP,13781,0.19083582,0.08624704,4.207623,4.555287
Alex Young,2026,32,RP,18333,0.19394036,0.088447616,4.425736,4.458715
Alexis Diaz,2026,29,RP,21132,0.24519844,0.10791913,3.8388114,3.7280557
Amir Garrett,2026,34,RP,14375,0.24450728,0.10780393,4.217707,4.201643
Amos Willingham,2026,27,RP,26128,0.1677457,0.07991901,4.388977,4.3269258
Andre Jackson,2026,30,RP,21298,0.21266948,0.09943362,4.210172,4.3008437
Andre Pallante,2026,27,RP,26108,0.17236532,0.09345665,4.1619663,4.167931
Andres Machado,2026,33,RP,14681,0.1943925,0.08045856,4.4127903,4.433312
Andres Munoz,2026,27,RP,20373,0.29763126,0.09587407,3.5825684,3.589938
Andrew Bellatti,2026,34,RP,10657,0.23357317,0.10080411,4.1406083,4.2597575
Andrew Chafin,2026,36,RP,12988,0.2381592,0.0965284,4.008625,4.288651
Andrew Nardi,2026,27,RP,25942,0.24271692,0.098552644,4.1021667,4.296791
Andrew Vasquez,2026,32,RP,19482,0.1928186,0.09352747,4.189949,4.1428227
Andrew Wantz,2026,30,RP,24933,0.23313174,0.09914275,4.1148133,4.163565
Angel Perdomo,2026,32,RP,17759,0.27308574,0.12092637,4.1247787,4.2575912
Angel Zerpa,2026,26,RP,22717,0.18400334,0.07946619,4.0727487,4.1320505
Anthony Bass,2026,38,RP,7982,0.19690461,0.085742325,4.301034,4.2405863
Anthony Bender,2026,31,RP,19742,0.23384131,0.0943262,4.0122957,3.9710712
Anthony Gose,2026,35,RP,5097,0.24164711,0.0878586,3.939464,3.7548878
Aroldis Chapman,2026,38,RP,10233,0.32287273,0.111887135,3.184507,2.8970027
Art Warren,2026,33,RP,18251,0.23951197,0.1018135,3.94223,4.1045074
Austin Adams,2026,35,RP,13801,0.25212473,0.1037668,4.070841,4.231437
Austin Cox,2026,29,RP,24604,0.21396996,0.10656805,4.040631,4.3163075
Austin Davis,2026,33,RP,17117,0.24496633,0.108762845,4.2836623,4.69877
Austin Pruitt,2026,36,RP,15290,0.15487586,0.061061546,4.4540524,4.470695
Austin Voth,2026,34,RP,15047,0.20263137,0.08038536,4.4079313,4.713463
Bailey Falter,2026,29,RP,20070,0.19772395,0.06902332,4.167234,4.230414
Beau Brieske,2026,28,RP,26079,0.1861959,0.08355307,4.2075963,4.1325817
Ben Heller,2026,34,RP,15100,0.19400549,0.100490905,4.328489,4.22416
Ben Lively,2026,34,RP,14932,0.18903592,0.074765794,4.49219,4.762396
Blake Taylor,2026,30,RP,16418,0.20438795,0.10643691,4.2357187,4.319122
Bowden Francis,2026,30,RP,20548,0.23259035,0.07469186,3.9053872,3.5606632
Brad Boxberger,2026,38,RP,10133,0.20596007,0.09498951,4.322389,4.3089175
Brad Hand,2026,36,RP,9111,0.20542544,0.09499913,4.2030854,4.50557
Brendan White,2026,27,RP,26024,0.2235601,0.09631272,3.9915814,4.3912306
Brennan Bernardino,2026,34,RP,16835,0.21363908,0.072167456,3.7468708,3.7514677
Brent Honeywell,2026,31,RP,16466,0.18898478,0.090238534,4.3999305,4.299554
Brent Suter,2026,36,RP,13942,0.15748827,0.07242488,3.7731118,3.871491
Brett Martin,2026,31,RP,17369,0.19344722,0.0955276,4.1394587,4.3657875
Brock Burke,2026,29,RP,17968,0.22933903,0.07364038,3.992881,3.8139892
Brock Stewart,2026,34,RP,16727,0.25603545,0.08689569,3.9886792,4.020249
Brooks Raley,2026,38,RP,10061,0.23534091,0.08753663,3.949661,4.304949
Brusdar Graterol,2026,27,RP,20367,0.19570498,0.078457676,3.8237243,3.6979299
Bryan Abreu,2026,29,RP,16609,0.27451587,0.10777622,3.7791262,3.8433428
Bryan Baker,2026,31,RP,19804,0.23441392,0.09984549,3.899681,4.011155
Bryan Hoeing,2026,29,RP,26304,0.16916475,0.0817284,4.431798,4.6011047
Bryan Shaw,2026,38,RP,8110,0.17272401,0.08971528,4.52425,4.8912287
Bryse Wilson,2026,28,RP,19990,0.1921934,0.081119634,4.2611804,4.2030983
Buck Farmer,2026,35,RP,14814,0.20180553,0.09511719,4.294058,4.422559
Caleb Ferguson,2026,29,RP,19349,0.24371316,0.09960481,4.060675,4.098674
Caleb Smith,2026,34,RP,14875,0.21985047,0.10777883,4.509656,4.3873324
Caleb Thielbar,2026,39,RP,10078,0.2378277,0.078272216,3.6500287,3.847539
Calvin Faucher,2026,30,RP,20116,0.20920022,0.101030186,4.2845907,4.558831
Camilo Doval,2026,28,RP,21992,0.2567684,0.095091134,3.7411413,3.7525866
Carl Edwards Jr.,2026,34,RP,13607,0.20117097,0.1005689,4.2562313,4.319429
Carlos Estevez,2026,33,RP,14542,0.2295739,0.10348761,4.216501,4.35577
Carlos Hernandez,2026,29,RP,22713,0.22845057,0.104249224,4.237055,4.676246
Carmen Mlodzinski,2026,27,RP,27572,0.21313341,0.09770655,3.9829564,3.8822196
Casey Lawrence,2026,38,RP,11121,0.13960642,0.07437592,5.077245,5.8001046
Chad Kuhl,2026,33,RP,14975,0.19277595,0.11088366,4.8268437,4.9414473
Chase Silseth,2026,26,RP,30074,0.20989464,0.09685033,4.182273,4.424351
Chasen Shreve,2026,35,RP,10855,0.20640408,0.07893265,4.2300653,4.449469
Chris Devenski,2026,35,RP,12763,0.20523271,0.05617528,4.187677,4.713655
Chris Flexen,2026,31,RP,13896,0.17337039,0.0797252,4.613404,4.7216325
Chris Martin,2026,40,RP,11847,0.1988636,0.052009035,3.4183881,3.5478768
Chris Murphy,2026,28,RP,26214,0.20855941,0.095401205,3.9248745,4.2608767
Chris Stratton,2026,35,RP,13761,0.21040013,0.08600152,3.9830856,4.3393617
Cionel Perez,2026,30,RP,19614,0.20930453,0.10369353,4.094796,4.1737714
Clay Holmes,2026,33,RP,13649,0.23777512,0.093474016,3.8150775,3.9163496
Cody Bolton,2026,28,RP,23265,0.20860735,0.1065378,4.113712,4.475702
Cody Bradford,2026,28,RP,27597,0.20535788,0.074215025,4.030116,4.159179
Cole Irvin,2026,32,RP,19244,0.18594567,0.06782006,4.295323,4.4065294
Cole Ragans,2026,28,RP,21846,0.22098698,0.097574584,3.9609404,4.127256
Cole Sands,2026,28,RP,21461,0.20625524,0.101605214,4.165253,4.409256
Colin Holderman,2026,30,RP,22361,0.20873687,0.09936675,3.9811904,4.17263
Colin Poche,2026,32,RP,19403,0.24486418,0.09548915,4.10437,4.085485
Colin Selby,2026,28,RP,24986,0.2428783,0.11587056,4.40808,5.497782
Collin McHugh,2026,39,RP,7531,0.18956195,0.076619804,3.9616792,4.221959
Collin Snider,2026,30,RP,23307,0.16547258,0.09480329,4.2848673,4.5309815
Connor Brogdon,2026,31,RP,21205,0.22111869,0.094871,4.1385922,4.19671
Connor Seabold,2026,30,RP,19695,0.17892146,0.080754034,4.58879,4.8749156
Corey Kluber,2026,40,RP,2429,0.14789444,0.060001574,4.6049733,5.2111225
Corey Knebel,2026,34,RP,15010,0.23782142,0.1094074,4.1627555,4.278663
Cory Abbott,2026,30,RP,20277,0.22424243,0.101074494,4.360367,4.545564
Craig Kimbrel,2026,38,RP,6655,0.2637344,0.10719104,3.8572652,4.0728335
Craig Stammen,2026,42,RP,7274,0.17590888,0.04849861,4.3484836,4.4811525
DL Hall,2026,27,RP,22207,0.23870015,0.09150245,3.905393,4.221622
Dakota Hudson,2026,31,RP,19206,0.16195512,0.093500875,4.441484,4.5383253
Dane Dunning,2026,31,RP,19409,0.20460421,0.09179475,4.240449,4.332626
Daniel Bard,2026,41,RP,7115,0.18607451,0.1117517,4.2882514,3.7969396
Daniel Duarte,2026,29,RP,17480,0.1890552,0.10262403,4.262213,4.17971
Daniel Palencia,2026,26,RP,27914,0.2681916,0.09713126,3.7037058,3.8662412
Danny Coulombe,2026,36,RP,13293,0.21955071,0.076605506,3.8871655,3.9847898
Dany Jimenez,2026,32,RP,21170,0.21725823,0.10882934,4.192217,4.2774205
Darren O'Day,2026,43,RP,3321,0.21473569,0.09155977,4.1009517,4.13625
Dauri Moreta,2026,30,RP,21101,0.2456905,0.09593056,4.0403934,4.0581465
David Bednar,2026,31,RP,19569,0.25305888,0.08609409,3.6588368,3.544031
David Peterson,2026,30,RP,20302,0.25339645,0.11025949,4.1557107,4.4035625
David Phelps,2026,39,RP,6316,0.22581677,0.0943012,3.9739394,4.0904136
David Price,2026,40,RP,3184,0.18589911,0.06450153,4.3849235,4.626147
David Robertson,2026,41,RP,8241,0.24205096,0.1036191,3.8840563,4.047201
Derek Law,2026,35,RP,13133,0.17889911,0.095963836,4.386304,4.446674
Devin Williams,2026,31,RP,15816,0.28809738,0.12144557,3.7313123,3.9503245
Dillon Peters,2026,33,RP,18790,0.17913236,0.09041883,4.5194497,4.6329217
Dillon Tate,2026,32,RP,17796,0.19986424,0.08149431,4.1283712,4.2434363
Dinelson Lamet,2026,33,RP,17186,0.27376336,0.10705439,3.8410497,4.133208
Domingo Tapia,2026,34,RP,12178,0.2010832,0.10673162,4.303795,4.4328995
Dominic Leone,2026,34,RP,13763,0.21650562,0.099909,4.4227552,4.2361636
Drew Hutchison,2026,35,RP,10732,0.15643033,0.09254414,4.743742,4.735762
Drew Smith,2026,32,RP,17755,0.24960488,0.10248656,4.2284336,4.238441
Drew Smyly,2026,37,RP,11760,0.1942065,0.0694591,4.4235616,4.7056375
Drew VerHagen,2026,35,RP,13424,0.19909841,0.08820888,4.5271387,4.8650274
Drey Jameson,2026,28,RP,26260,0.21739602,0.09438124,4.0845118,3.9972968
Duane Underwood Jr.,2026,31,RP,14677,0.1912694,0.0985149,4.1793966,4.4823184
Dylan Coleman,2026,29,RP,22276,0.22074969,0.10902669,4.1212344,4.175799
Dylan Covey,2026,34,RP,14825,0.16752523,0.08689427,4.7796865,5.1562996
Dylan Floro,2026,35,RP,13394,0.20534016,0.081816085,3.7809725,4.157173
Dylan Lee,2026,31,RP,19996,0.23476459,0.0778411,3.8449268,3.7052712
Edwin Diaz,2026,32,RP,14710,0.31011236,0.12743801,3.6194491,3.741645
Eli Morgan,2026,30,RP,20203,0.24355996,0.090339385,3.98293,4.10853
Elieser Hernandez,2026,31,RP,16933,0.23504098,0.072412714,4.038534,4.2033086
Elvis Peguero,2026,29,RP,21652,0.20232372,0.09741662,4.120563,4.3138957
Emilio Pagan,2026,35,RP,14771,0.22827403,0.074569546,3.9223192,3.9583955
Emmanuel Clase,2026,28,RP,21032,0.22034262,0.07255443,3.5315154,3.4070513
Enyel De Los Santos,2026,30,RP,18403,0.24125129,0.10264781,4.080526,4.243558
Erasmo Ramirez,2026,36,RP,10314,0.147681,0.04584571,4.470096,4.787773
Eric Stout,2026,33,RP,16873,0.2187359,0.107105225,4.2509546,4.5868254
Erik Swanson,2026,32,RP,16587,0.2621115,0.0870292,3.8758516,3.7506628
Evan Phillips,2026,31,RP,17734,0.25530192,0.07661437,3.7408552,3.4287117
Felix Bautista,2026,31,RP,20666,0.28434163,0.11062828,3.854441,3.7469144
Fernando Cruz,2026,36,RP,7048,0.2520721,0.0974465,3.8198893,4.053818
Francisco Perez,2026,28,RP,21018,0.20232809,0.10355105,4.117106,4.544835
Gabe Speier,2026,31,RP,17170,0.23418441,0.07705691,3.883314,3.8661196
Garrett Richards,2026,38,RP,9784,0.16428238,0.07646266,4.5088763,5.041756
Garrett Whitlock,2026,30,RP,20191,0.22908093,0.065273836,3.7257483,3.7597268
Gavin Hollowell,2026,28,RP,25427,0.19219403,0.09589167,4.0877705,4.204965
Genesis Cabrera,2026,29,RP,17490,0.2300276,0.10299413,4.168051,4.3281174
George Soriano,2026,27,RP,21863,0.21923873,0.098566666,4.057394,4.148167
Giovanny Gallegos,2026,34,RP,14986,0.24990818,0.07310219,3.7056923,3.7613125
Grant Anderson,2026,29,RP,20546,0.20282793,0.096604355,4.1881547,4.338388
Grant Hartwig,2026,28,RP,29946,0.20917216,0.101341374,4.1924186,4.4969687
Greg Weissert,2026,31,RP,20375,0.22443673,0.098279655,4.1467586,4.2699895
Gregory Santos,2026,26,RP,21894,0.211016,0.08549891,3.7735996,4.0842466
Gregory Soto,2026,31,RP,19677,0.23909123,0.107631475,4.0773473,4.1938543
Griffin Jax,2026,31,RP,20253,0.23080331,0.086221024,3.9993649,4.1339345
Gus Varland,2026,29,RP,24737,0.21105991,0.10928988,4.2267513,4.5362234
Hansel Robles,2026,35,RP,11801,0.2131287,0.10079508,4.172204,4.4442925
Hayden Wesneski,2026,28,RP,27581,0.22251755,0.08991255,4.1212277,4.0964794
Hector Neris,2026,37,RP,11804,0.25025457,0.096052416,3.9005597,3.9987638
Hirokazu Sawamura,2026,38,RP,27515,0.19035633,0.10257957,4.3468146,4.124126
Hobie Harris,2026,33,RP,18615,0.15084788,0.096747644,4.272463,4.2620883
Hoby Milner,2026,35,RP,13346,0.21633145,0.05876742,3.893423,3.8402615
Huascar Brazoban,2026,36,RP,6107,0.2132161,0.10873807,4.23221,4.3014817
Hunter Harvey,2026,31,RP,15507,0.24151938,0.08096523,3.791571,3.7303839
Hunter Strickland,2026,37,RP,7836,0.18576294,0.09191499,4.3431325,4.444939
Ian Gibaut,2026,32,RP,17871,0.2247852,0.09678249,4.052521,4.089271
Ian Hamilton,2026,31,RP,19261,0.24495694,0.09676578,3.9314704,3.7893918
Ian Kennedy,2026,41,RP,6986,0.21812914,0.03363153,4.4958363,4.485822
Isaiah Campbell,2026,28,RP,25551,0.2547832,0.110266715,3.9968276,3.906809
J.B. Wendelken,2026,33,RP,14506,0.21289818,0.10167173,4.1589103,4.4053054
J.P. Feyereisen,2026,33,RP,16610,0.22445397,0.10001112,4.167662,3.9982674
JT Chargois,2026,35,RP,13767,0.19582939,0.08933286,4.176907,4.356112
Jackson Kowar,2026,29,RP,21549,0.22868425,0.122006625,4.585139,4.9335413
Jacob Webb,2026,32,RP,19274,0.23494968,0.107397705,4.2548885,4.3231754
Jaime Barria,2026,29,RP,18356,0.18183093,0.080494694,4.4364676,4.3194556
Jake Bird,2026,30,RP,21267,0.17561613,0.08952687,3.9105697,4.1127176
Jake Diekman,2026,39,RP,5003,0.28305387,0.10937926,3.9513881,3.7929935
Jake McGee,2026,39,RP,7550,0.1826168,0.06146046,4.1840773,4.46783
Jake Woodford,2026,29,RP,18674,0.17013721,0.08826522,4.4895706,4.472197
Jakob Junis,2026,33,RP,13619,0.22349136,0.063937984,3.8964574,4.174626
Jalen Beeks,2026,32,RP,17192,0.25129172,0.0997395,4.0210624,4.245546
James Karinchak,2026,30,RP,20151,0.27355313,0.115770645,3.9953728,4.09214
James McArthur,2026,29,RP,21527,0.21994741,0.07375781,3.7960865,3.9216535
James Norwood,2026,32,RP,16440,0.21681367,0.10315473,4.1839976,4.5954595
Jandel Gustave,2026,33,RP,14665,0.20870167,0.09783416,4.295578,4.423744
Jarlin Garcia,2026,33,RP,18282,0.2090417,0.08024494,4.1049204,3.974668
Jason Adam,2026,34,RP,11861,0.26897517,0.08604771,3.9111574,3.6681392
Jason Alexander,2026,33,RP,19666,0.1467578,0.07995813,4.4572515,4.547739
Jason Foley,2026,30,RP,19531,0.18778247,0.08013029,3.835328,3.951898
Javier Assad,2026,28,RP,21741,0.20810595,0.09723197,4.1798635,4.047827
Javy Guerra,2026,30,RP,17292,0.1869639,0.11369631,4.434816,4.634341
Jay Jackson,2026,38,RP,7432,0.22441638,0.082054175,4.1334543,3.9487221
Jeff Brigham,2026,34,RP,16631,0.24150963,0.091789864,4.072056,4.2454114
Jeff Hoffman,2026,33,RP,17432,0.24863747,0.10157019,4.080922,4.1760874
Jesse Chavez,2026,42,RP,5448,0.20965284,0.085196204,3.9941752,4.207393
Jesse Scholtens,2026,32,RP,19205,0.14841239,0.07481121,4.4668736,4.5057416
Jesus Tinoco,2026,31,RP,16300,0.19317271,0.0993321,4.3644967,4.0985746
Jharel Cotton,2026,34,RP,13654,0.20945695,0.09667503,4.4578495,4.624942
Jhoan Duran,2026,28,RP,21029,0.26618832,0.08876146,3.704905,3.4447377
Jhony Brito,2026,28,RP,25386,0.1964467,0.08548153,4.180967,4.1351643
Jhoulys Chacin,2026,38,RP,2608,0.1402781,0.076323256,4.7341614,5.2481217
Jimmy Cordero,2026,34,RP,15690,0.21802288,0.087236196,4.1752653,4.489684
Jimmy Herget,2026,32,RP,17556,0.2129434,0.0791585,4.081172,4.0881805
Jimmy Lambert,2026,31,RP,19541,0.22833857,0.10602394,4.295804,4.4075656
JoJo Romero,2026,29,RP,19574,0.24631467,0.096204884,4.005036,4.231249
Joe Jacques,2026,31,RP,25178,0.16563542,0.08206576,4.128672,4.233734
Joe Jimenez,2026,31,RP,15761,0.26876152,0.093329065,3.8663347,3.8187885
Joe Kelly,2026,38,RP,9761,0.25468737,0.11048344,3.90849,4.179955
Joe La Sorsa,2026,28,RP,25481,0.19539313,0.08506561,4.0558157,4.158128
Joe Mantiply,2026,35,RP,14857,0.18882276,0.06817514,3.9174917,4.193933
Joe Smith,2026,42,RP,3281,0.13985217,0.05977874,4.7066545,4.963769
Joel Payamps,2026,32,RP,14332,0.22579789,0.07531571,4.0359774,3.8638475
Joey Wentz,2026,28,RP,19962,0.2073512,0.09901094,4.339464,4.671716
John Brebbia,2026,36,RP,12777,0.2226251,0.083221056,4.0489264,4.312206
John Curtiss,2026,33,RP,16128,0.22004129,0.08757731,4.1883993,4.28645
John King,2026,31,RP,22051,0.15861066,0.078706525,4.158386,4.284273
John Schreiber,2026,32,RP,20020,0.23315129,0.09957943,4.040809,4.1173897
Jonathan Hernandez,2026,29,RP,17464,0.22408189,0.10429587,4.1562357,4.4067574
Jonathan Loaisiga,2026,31,RP,19753,0.1702456,0.07666232,4.064143,4.0764294
Jordan Balazovic,2026,27,RP,21866,0.19080597,0.09400836,4.217774,4.244218
Jordan Hicks,2026,29,RP,19618,0.23420693,0.107878156,3.834182,4.0240355
Jordan Romano,2026,33,RP,16122,0.25820634,0.09297341,3.965358,3.7995317
Jordan Weems,2026,33,RP,13190,0.24123591,0.09776433,4.172832,4.3319044
Jorge Lopez,2026,33,RP,14527,0.19713885,0.08640946,4.5256553,4.7892275
Jose A. Ferrer,2026,26,RP,24017,0.19405176,0.094009824,4.0852504,4.4825625
Jose Alvarado,2026,31,RP,17780,0.2719676,0.12061408,3.8130014,3.9980285
Jose Alvarez,2026,37,RP,5358,0.17736019,0.08965856,4.329886,4.3832793
Jose Cisnero,2026,37,RP,6399,0.21313557,0.098126195,4.2042813,4.433039
Jose Cuas,2026,32,RP,17701,0.21651934,0.10540383,4.223953,4.2639947
Jose Hernandez,2026,28,RP,22318,0.23883508,0.10274089,4.0173035,4.1847873
Jose Leclerc,2026,32,RP,14524,0.25893307,0.11089109,4.1688967,4.154164
Jose Ruiz,2026,31,RP,14552,0.23000917,0.10383345,4.274846,4.3657136
Jose Soriano,2026,27,RP,22100,0.27374277,0.103859745,3.6323237,3.5758367
Jose Urquidy,2026,31,RP,18413,0.18616737,0.0821096,4.4050274,4.366462
Josh Hader,2026,32,RP,14212,0.29978782,0.11428468,3.76309,3.9282603
Josh Rogers,2026,31,RP,18510,0.1615513,0.088443756,4.6418905,4.525053
Josh Sborz,2026,32,RP,18323,0.26639897,0.10264719,4.02233,4.0263553
Josh Staumont,2026,32,RP,18335,0.23199448,0.111316256,4.1351476,4.3971024
Josh Taylor,2026,33,RP,17359,0.25342736,0.10333513,4.0832715,4.224182
Josh Winckowski,2026,28,RP,22387,0.17962606,0.08520939,4.042297,4.159433
Josh Winder,2026,29,RP,24606,0.1763555,0.082593665,4.2190313,4.2547703
Jovani Moran,2026,29,RP,20422,0.250295,0.10376229,3.587889,3.8075163
Julian Merryweather,2026,34,RP,16703,0.25196227,0.100375496,4.0686502,4.1620626
Junior Fernandez,2026,29,RP,18496,0.21090783,0.10483594,4.264092,4.4892197
Justin Bruihl,2026,29,RP,23779,0.19324392,0.09430064,4.1753626,4.358281
Justin Garza,2026,32,RP,19784,0.210141,0.1072142,4.367852,4.56989
Justin Grimm,2026,37,RP,11720,0.18779668,0.10881126,5.129061,5.549354
Justin Lawrence,2026,31,RP,17639,0.1934574,0.1020002,3.787595,4.034657
Justin Topa,2026,35,RP,15145,0.20109583,0.064797945,3.8682506,3.98469
Kaleb Ort,2026,34,RP,20061,0.18940093,0.085850894,4.2628117,4.559995
Keegan Akin,2026,31,RP,19362,0.23116152,0.08816993,4.0816345,4.365732
Keegan Thompson,2026,31,RP,19795,0.22494774,0.10964758,4.288888,4.41111
Ken Waldichuk,2026,28,RP,27681,0.20913213,0.10102478,4.2741914,4.6005588
Kendall Graveman,2026,35,RP,15514,0.21648039,0.10254571,4.3059535,4.158447
Kenley Jansen,2026,38,RP,3096,0.24192548,0.09662155,3.766309,3.9929183
Kevin Ginkel,2026,32,RP,19876,0.23785052,0.097396396,4.0274496,4.130876
Kevin Kelly,2026,28,RP,25679,0.19427821,0.07756755,3.8222473,3.8490567
Keynan Middleton,2026,32,RP,15264,0.25141335,0.10099696,4.150216,4.198035
Kirby Yates,2026,39,RP,9073,0.27737582,0.10798744,3.7839959,3.9436712
Kutter Crawford,2026,30,RP,20531,0.21949671,0.09182453,4.0235286,4.26045
Kyle Finnegan,2026,34,RP,15009,0.2153747,0.087125644,4.206796,4.1801476
Kyle Muller,2026,28,RP,20167,0.20947985,0.10623962,4.426654,4.85733
Kyle Nelson,2026,29,RP,20515,0.22142778,0.09289185,4.010885,4.0413904
Lane Ramsey,2026,29,RP,25071,0.20198801,0.10088257,4.091301,4.4373107
Lou Trivino,2026,34,RP,15043,0.2280685,0.10597478,4.1747093,4.431407
Louie Varland,2026,28,RP,27691,0.21757244,0.0828103,4.0283546,4.0715327
Louis Head,2026,36,RP,13259,0.1869013,0.082384326,4.1533303,4.2969313
Lucas Erceg,2026,31,RP,19360,0.2171655,0.10800619,3.7763102,4.159163
Lucas Gilbreath,2026,30,RP,21290,0.2020307,0.10246171,3.843165,3.9275444
Lucas Sims,2026,32,RP,13470,0.26005235,0.11249823,4.1507764,4.172602
Luis Frias,2026,28,RP,21997,0.1903514,0.10337511,4.10169,4.5144095
Luis Garcia,2026,39,RP,6984,0.1930554,0.08366649,3.9747603,4.346244
Luis Medina,2026,27,RP,21649,0.20629163,0.107430555,4.271265,4.863517
Luke Jackson,2026,34,RP,11752,0.24431878,0.09824102,4.032635,4.0931354
Manny Banuelos,2026,35,RP,5365,0.21883018,0.103751056,4.311032,4.564999
Mark Leiter Jr.,2026,35,RP,15551,0.24370435,0.07564621,3.8452404,4.048747
Mark Melancon,2026,41,RP,4264,0.14840737,0.079910696,4.034258,4.156955
Martin Perez,2026,35,RP,6902,0.16554742,0.08212863,4.494253,4.446748
Mason Englert,2026,26,RP,22288,0.17705858,0.07771174,4.26797,4.3282537
Mason Thompson,2026,28,RP,21850,0.19590469,0.097323254,4.1135154,4.4601054
Matt Barnes,2026,36,RP,12863,0.213511,0.097483866,4.1576304,4.389243
Matt Brash,2026,28,RP,25756,0.30239558,0.10859583,3.3565545,3.5305152
Matt Carasiti,2026,34,RP,13276,0.16585647,0.086573325,3.990278,4.3562627
Matt Foster,2026,31,RP,19647,0.23097989,0.09768296,4.1073804,4.3378897
Matt Koch,2026,35,RP,13420,0.14315456,0.0630631,4.6156754,4.7286153
Matt Moore,2026,37,RP,1890,0.2221686,0.08723956,4.1171737,4.019374
Matt Strahm,2026,34,RP,13799,0.2445491,0.0728237,3.7473874,3.775285
Matt Wisler,2026,33,RP,12804,0.23493223,0.084384084,4.0175242,3.894309
Matthew Liberatore,2026,26,RP,22294,0.19020484,0.09774185,4.233143,4.7723603
Mauricio Llovera,2026,30,RP,20080,0.20982452,0.1021644,4.2763205,4.467592
Michael Fulmer,2026,33,RP,13218,0.23470591,0.104792714,4.2257304,4.36785
Michael Grove,2026,29,RP,23221,0.21830672,0.08680264,4.1678076,4.4104557
Michael King,2026,31,RP,19853,0.2604112,0.090862386,3.8630579,3.8020325
Michael Rucker,2026,32,RP,19454,0.22999649,0.09892554,4.2116256,4.477657
Michael Tonkin,2026,36,RP,10315,0.22819377,0.07916894,4.1338415,4.456463
Miguel Castro,2026,31,RP,15684,0.23509985,0.10589378,4.19032,4.326171
Mike Baumann,2026,30,RP,20206,0.21638796,0.10709208,4.2283216,4.370712
Nate Pearson,2026,29,RP,20160,0.22724774,0.106277734,4.231626,4.500767
Nick Anderson,2026,35,RP,18337,0.25633603,0.083943136,3.7463462,3.7492745
Nick Martinez,2026,35,RP,12730,0.19754954,0.08009884,4.4693713,4.5270963
Nick Mears,2026,29,RP,25376,0.21091078,0.10536184,4.2037506,4.3167834
Nick Pivetta,2026,33,RP,15454,0.24762017,0.08974749,4.024239,4.1868296
Nick Ramirez,2026,36,RP,12575,0.16336112,0.073159665,4.327591,4.578804
Nick Robertson,2026,27,RP,26226,0.22028935,0.09664793,4.030491,4.4953303
Nick Sandlin,2026,29,RP,20517,0.24625973,0.10343526,4.253336,4.250146
Nick Wittgren,2026,35,RP,15594,0.16149484,0.07625704,4.506029,4.8546553
Noe Ramirez,2026,36,RP,12800,0.2004031,0.09607072,4.329468,4.5747027
Osvaldo Bido,2026,30,RP,23150,0.19270594,0.0939017,4.162576,4.500106
Paul Sewald,2026,36,RP,13892,0.2739235,0.092464216,3.7885866,3.6833093
Pete Fairbanks,2026,32,RP,17998,0.27568343,0.10713832,3.8373997,3.993753
Peter Lambert,2026,29,RP,17969,0.14120756,0.07021149,4.37853,4.6506057
Peter Strzelecki,2026,31,RP,21367,0.22405118,0.096481316,4.049368,4.128136
Phil Bickford,2026,30,RP,18519,0.2416291,0.10792248,4.1406155,4.3861065
Phil Maton,2026,33,RP,18064,0.24632579,0.09345938,4.028962,4.136631
Pierce Johnson,2026,35,RP,13435,0.25971615,0.10239271,4.0248013,4.057523
Rafael Montero,2026,35,RP,12760,0.22275175,0.09830697,4.0956063,4.3842225
Raisel Iglesias,2026,36,RP,17130,0.25553608,0.075170286,3.5105922,3.5466042
Ralph Garza,2026,32,RP,17682,0.20018815,0.10450679,4.378029,4.338952
Ray Kerr,2026,31,RP,23809,0.24064828,0.092947826,4.0003448,3.9636955
Reynaldo Lopez,2026,32,RP,16400,0.25567532,0.09862559,4.0841746,4.0457435
Richard Bleier,2026,39,RP,7803,0.12817968,0.053201795,4.050934,4.340873
Richard Lovelady,2026,30,RP,19337,0.23299861,0.1062786,4.1535625,4.442203
Roansy Contreras,2026,26,RP,22810,0.1951333,0.096176215,4.151338,4.520098
Rob Zastryzny,2026,34,RP,15094,0.20936252,0.10392673,4.1978025,4.438836
Robert Garcia,2026,30,RP,23363,0.23192456,0.09704068,4.0070653,4.050521
Robert Stephenson,2026,33,RP,13594,0.27241367,0.087501734,3.8991091,3.911837
Robert Suarez,2026,35,RP,30115,0.22444563,0.091004044,4.028448,4.0072803
Ron Marinaccio,2026,30,RP,23488,0.24792452,0.11027198,4.088416,4.0028634
Ronel Blanco,2026,32,RP,19407,0.22203748,0.098623,4.3250775,4.133458
Rony Garcia,2026,28,RP,20430,0.21136327,0.089922905,4.2183948,4.472598
Ross Detwiler,2026,40,RP,2859,0.16973658,0.054790244,4.6930704,4.9066305
Ross Stripling,2026,36,RP,13273,0.16866732,0.03750039,4.40753,4.6336193
Rowan Wick,2026,33,RP,14646,0.24041133,0.106835485,4.1432076,4.333273
Ryan Borucki,2026,32,RP,16350,0.20156886,0.07075679,4.1544294,4.046617
Ryan Brasier,2026,38,RP,5615,0.2008386,0.07751785,3.9499416,4.378829
Ryan Helsley,2026,31,RP,18138,0.2697877,0.11375021,3.9408822,4.065381
Ryan Pressly,2026,37,RP,7005,0.2441197,0.08139963,3.489558,3.8051822
Ryan Thompson,2026,34,RP,16647,0.1932201,0.07505606,4.1228533,4.2609334
Ryan Walker,2026,30,RP,20423,0.25325355,0.09517927,3.9404576,3.7255251
Ryan Yarbrough,2026,34,RP,16502,0.1573078,0.043687776,4.409866,4.6657186
Ryne Stanek,2026,34,RP,15947,0.23895112,0.103638574,4.256377,4.2221756
Sam Hentges,2026,29,RP,18548,0.24362732,0.09713372,3.8080773,4.0142245
Sam Long,2026,30,RP,25379,0.193866,0.09816947,4.2949643,4.5082054
Sam Moll,2026,34,RP,14874,0.2222096,0.10364904,4.157299,4.234154
Sam Selman,2026,35,RP,13397,0.21104242,0.08466629,4.2506537,4.4754558
Sammy Peralta,2026,28,RP,25589,0.21262626,0.10202669,4.0896463,4.277745
Scott Alexander,2026,36,RP,10591,0.14898406,0.0670324,4.096466,4.322421
Scott Barlow,2026,33,RP,14993,0.24653219,0.09571759,3.9152043,4.0125356
Scott Effross,2026,32,RP,18384,0.24039736,0.080912605,3.8763855,3.8667147
Scott McGough,2026,36,RP,12056,0.22597714,0.06733898,3.642728,3.7167704
Sean Hjelle,2026,29,RP,21481,0.21968265,0.1006851,4.1492877,4.5761743
Sean Manaea,2026,34,RP,15873,0.22552791,0.07545171,3.9502523,4.2963123
Sean Poppen,2026,32,RP,19583,0.20532262,0.09945672,4.2226443,4.508115
Seranthony Dominguez,2026,31,RP,19249,0.23644173,0.10071769,4.1468716,4.1440845
Sergio Romo,2026,43,RP,9817,0.15640819,0.0636933,4.694027,5.290967
Seth Martinez,2026,31,RP,21045,0.22244546,0.10059804,4.1334276,4.2528467
Shawn Armstrong,2026,35,RP,12857,0.22396931,0.06484316,3.8047113,3.8759787
Shelby Miller,2026,35,RP,10197,0.21435785,0.11164622,4.581286,4.6994267
Shintaro Fujinami,2026,32,RP,31839,0.22581698,0.11871409,4.499441,4.830781
Steve Cishek,2026,40,RP,6483,0.19412358,0.09108709,4.4773674,4.154395
Steven Matz,2026,35,RP,13361,0.2060675,0.062009882,4.0183277,4.378619
Steven Okert,2026,34,RP,13580,0.25244635,0.09146287,4.045764,3.990257
Steven Wilson,2026,31,RP,20353,0.23775809,0.098811015,4.160448,4.0734324
Tanner Banks,2026,34,RP,16990,0.19490375,0.08081682,4.149263,4.2279077
Tanner Scott,2026,31,RP,17586,0.2638555,0.10619382,3.697656,3.7869468
Tayler Saucedo,2026,33,RP,17888,0.1883322,0.09444122,4.1999636,4.346603
Tayler Scott,2026,34,RP,13652,0.19712672,0.09293149,4.571784,4.9428606
Taylor Clarke,2026,33,RP,17611,0.22420736,0.07929946,4.0972457,4.413128
Taylor Rogers,2026,35,RP,13449,0.26292145,0.09267491,3.8148897,4.218348
Thad Ward,2026,29,RP,21513,0.20773438,0.1077547,4.4361873,4.5933294
Thomas Hatch,2026,31,RP,19264,0.20610589,0.10199769,4.2825685,4.413163
Tim Herrin,2026,29,RP,25139,0.23177904,0.10414866,4.0465465,4.3452077
Tim Hill,2026,36,RP,16814,0.14351444,0.07394498,4.532388,4.684118
Tim Mayza,2026,34,RP,15042,0.22217183,0.07584291,3.94601,3.9680483
Tom Cosgrove,2026,30,RP,23443,0.2081859,0.08742836,3.9982734,3.7014167
Tommy Doyle,2026,30,RP,21281,0.16563438,0.091666766,4.05409,4.277645
Tommy Kahnle,2026,36,RP,11384,0.2575297,0.090883076,3.9518244,3.9338274
Tommy Nance,2026,35,RP,19178,0.23432949,0.08914227,4.0124764,4.302308
Trent Thornton,2026,32,RP,17948,0.20358102,0.07326376,4.2673354,4.1588197
Trevor Gott,2026,33,RP,15046,0.21541537,0.08360793,4.1019855,4.37263
Trevor May,2026,36,RP,6398,0.21651737,0.102336325,4.200508,4.204033
Trevor Megill,2026,32,RP,17722,0.26233461,0.09535924,3.9187376,4.1089644
Trevor Richards,2026,33,RP,19309,0.26918525,0.12553829,4.4324646,4.2633066
Trevor Stephan,2026,30,RP,19932,0.2504245,0.099374756,4.036022,4.1089463
Trey Wingenter,2026,32,RP,17793,0.27323335,0.107400015,3.9595354,4.0001216
Tristan Beck,2026,30,RP,21584,0.1800943,0.07060039,4.0445166,4.028923
Tucker Davidson,2026,30,RP,19871,0.20661944,0.097715154,4.3425965,4.6278644
Ty Blach,2026,35,RP,14361,0.12744124,0.065135136,4.5693464,4.946515
Tyler Alexander,2026,31,RP,17735,0.20094842,0.055048265,4.155815,4.199908
Tyler Beede,2026,33,RP,16981,0.18529311,0.093782514,4.5359087,4.811243
Tyler Danish,2026,31,RP,15126,0.18158548,0.0830057,4.2351427,4.2787986
Tyler Holton,2026,30,RP,26231,0.20963225,0.065144055,3.816613,3.401406
Tyler Kinley,2026,35,RP,18297,0.19112848,0.07922604,3.97081,4.25424
Tyler Matzek,2026,35,RP,10058,0.22921066,0.12165791,4.369421,4.2853575
Tyler Rogers,2026,35,RP,15541,0.1744533,0.07481499,4.0824246,4.173518
Victor Arano,2026,31,RP,15915,0.23947638,0.09422631,3.9911838,4.1235795
Victor Gonzalez,2026,30,RP,16408,0.23002195,0.09777732,4.0399237,4.1734357
Wandy Peralta,2026,34,RP,14295,0.20775276,0.10496951,4.387426,4.203159
Will Smith,2026,36,RP,8048,0.22317143,0.0732255,4.0100727,4.180313
Will Vest,2026,31,RP,19769,0.23746005,0.09286736,3.8954804,4.0981116
Wily Peralta,2026,37,RP,7738,0.15379497,0.11023776,4.840816,3.9829588
Wyatt Mills,2026,31,RP,20010,0.21223518,0.104513235,4.2882695,4.69578
Xzavion Curry,2026,27,RP,25595,0.17548831,0.08283678,4.20611,4.148789
Yency Almonte,2026,32,RP,15068,0.22579563,0.105936244,4.2400384,4.492246
Yennier Cano,2026,32,RP,25911,0.21690173,0.0927735,4.049536,4.3578215
Yerry De Los Santos,2026,28,RP,21420,0.20197925,0.10127381,4.0633216,4.3081684
Yimi Garcia,2026,35,RP,12095,0.23117642,0.067547895,3.7744107,3.9754043
Yohan Ramirez,2026,31,RP,19444,0.22479409,0.10219791,4.285373,4.364762
Yonny Chirinos,2026,32,RP,16401,0.1740742,0.07631296,4.5234456,4.562398
Yunior Marte,2026,31,RP,14416,0.2026157,0.09919577,4.2613783,4.5319924
Zach Jackson,2026,31,RP,19493,0.24439149,0.118707955,3.8773968,4.0385575
Zach Thompson,2026,32,RP,16094,0.188062,0.09488636,4.251285,4.3879623
Zack Littell,2026,30,RP,15823,0.20291002,0.062243633,4.029181,4.0049996
Zack Thompson,2026,28,RP,25918,0.22098368,0.100450784,4.0962586,4.191955
Aaron Civale,2026,31,SP,19479,0.22142914,0.071526356,4.219018,4.3430815
Aaron Nola,2026,33,SP,16149,0.21056989,0.075939745,4.165404,4.3010325
Adam Wainwright,2026,44,SP,2233,0.14016645,0.051017664,4.4715633,4.9344087
Adrian Houser,2026,33,SP,12718,0.18902966,0.08732749,4.467519,4.6343713
Adrian Sampson,2026,34,SP,13339,0.16843595,0.056755103,4.7109237,4.5994515
Alek Manoah,2026,28,SP,26410,0.20969594,0.10346586,4.554204,4.339231
Alex Cobb,2026,38,SP,6562,0.1692299,0.06989586,4.319572,4.2490535
Alex Faedo,2026,30,SP,19874,0.20565027,0.083239436,4.3243904,4.509534
Andrew Abbott,2026,27,SP,29911,0.23782904,0.07313138,3.8827937,3.774557
Andrew Heaney,2026,35,SP,15423,0.17080703,0.06247883,4.772915,4.357378
Anibal Sanchez,2026,42,SP,3284,0.1667453,0.05633533,4.274758,3.9121368
Anthony DeSclafani,2026,36,SP,13050,0.1718481,0.05670029,4.461626,4.5402427
Austin Gomber,2026,32,SP,16561,0.15415904,0.07152501,4.4124384,4.6992087
Bailey Ober,2026,30,SP,21224,0.23963124,0.057630517,4.112418,3.9444203
Blake Snell,2026,33,SP,13543,0.30316892,0.08378507,3.235545,3.129262
Bobby Miller,2026,27,SP,27483,0.23703176,0.059473854,3.718608,3.727519
Brad Keller,2026,30,SP,15734,0.2496428,0.099488586,4.681141,4.9231954
Brady Singer,2026,29,SP,25377,0.21827736,0.074279286,4.024933,4.3430305
Brandon Bielak,2026,30,SP,19866,0.18162578,0.09517238,4.583672,4.598164
Brandon Pfaadt,2026,27,SP,27782,0.20327234,0.04899252,4.297932,4.624192
Brandon Williamson,2026,28,SP,25463,0.183303,0.06873023,4.2533174,4.0872793
Brandon Woodruff,2026,33,SP,16162,0.24957474,0.06448912,3.8380876,3.5705104
Braxton Garrett,2026,28,SP,21844,0.24409638,0.061525483,3.8129022,3.8666298
Brayan Bello,2026,27,SP,23920,0.19995204,0.079455145,3.675442,3.8649538
Bryan Woo,2026,26,SP,30279,0.2578743,0.07069553,4.035407,4.1960316
Bryce Elder,2026,27,SP,27779,0.19786963,0.08603365,4.1929545,3.9671254
Bryce Miller,2026,27,SP,29837,0.22786649,0.045567997,4.111118,4.2339253
Cal Quantrill,2026,31,SP,19312,0.15471055,0.08043384,4.589828,4.606874
Carlos Carrasco,2026,39,SP,6632,0.16009524,0.05133143,4.326796,4.262782
Carlos Rodon,2026,33,SP,16137,0.23417422,0.09427822,4.152966,4.3120747
Charlie Morton,2026,42,SP,4676,0.17645113,0.08789271,4.918968,5.2976327
Chase Anderson,2026,38,SP,6895,0.16721804,0.047172647,4.0456133,3.6667633
Chris Archer,2026,37,SP,6345,0.18913627,0.0806685,4.4212317,4.347852
Chris Bassitt,2026,37,SP,12304,0.18467647,0.072646365,4.710428,4.174287
Chris Sale,2026,37,SP,10603,0.15331255,0.074329264,4.546996,4.3362136
Clarke Schmidt,2026,30,SP,19899,0.23342842,0.079489335,4.112689,4.2669435
Clayton Kershaw,2026,38,SP,2036,0.1995892,0.06915281,4.227153,3.8703296
Colin Rea,2026,35,SP,12317,0.19609146,0.07532502,4.4175043,4.38017
Corbin Burnes,2026,31,SP,19361,0.25545785,0.0814303,3.6712008,3.7006333
Cristian Javier,2026,29,SP,17606,0.2647813,0.07722528,4.1161222,4.1041446
Cristopher Sanchez,2026,29,SP,20778,0.22853205,0.07364814,4.0599046,4.1441946
Daniel Lynch IV,2026,29,SP,21537,0.1805822,0.078217015,4.444452,4.755774
Dean Kremer,2026,30,SP,19350,0.20656343,0.075241886,4.466121,4.572223
Domingo German,2026,33,SP,17149,0.17670678,0.05530285,4.707359,4.5924153
Drew Rasmussen,2026,30,SP,25385,0.24388234,0.07457864,3.733869,3.8008416
Dustin May,2026,28,SP,19716,0.22215103,0.080935694,4.0619907,3.9505825
Dylan Bundy,2026,33,SP,12917,0.16157296,0.04782305,4.6005893,5.048124
Dylan Cease,2026,30,SP,18525,0.2833534,0.08949503,3.7251022,3.7436092
Eduardo Rodriguez,2026,33,SP,13164,0.21176755,0.08646657,4.2856145,4.3923507
Edward Cabrera,2026,28,SP,21690,0.1848593,0.13791564,5.385767,5.2676783
Emmet Sheehan,2026,26,SP,29839,0.25386348,0.08475433,3.9613683,4.1318383
Eric Lauer,2026,31,SP,19316,0.16677304,0.08039314,4.8540792,4.4522448
Erick Fedde,2026,33,SP,17425,0.17859668,0.08022798,4.603526,4.7395287
Eury Perez,2026,23,SP,27768,0.28609514,0.05733283,3.876743,3.5189476
Framber Valdez,2026,32,SP,17295,0.22909743,0.08368916,3.9420466,4.0240655
Freddy Peralta,2026,30,SP,18679,0.29399115,0.07342883,3.6839547,3.5566525
Gavin Williams,2026,26,SP,30122,0.21954405,0.08585056,4.173506,3.9340162
George Kirby,2026,28,SP,25436,0.25191683,0.05060377,3.6790895,3.7424588
Gerrit Cole,2026,35,SP,13125,0.22314009,0.065703176,3.8399298,3.713403
Graham Ashcraft,2026,28,SP,27552,0.15527433,0.067702375,4.2656054,4.352959
Grayson Rodriguez,2026,26,SP,24492,0.26303974,0.06805743,3.691281,3.7809713
Griffin Canning,2026,30,SP,19867,0.23383304,0.0786514,4.15335,4.4017315
Humberto Castellanos,2026,28,SP,21183,0.17600186,0.07102208,4.3456397,4.490703
Hunter Brown,2026,27,SP,25880,0.28275272,0.07397392,3.7486382,3.9262488
Hunter Greene,2026,26,SP,22182,0.3073802,0.07189669,3.7784183,3.8137748
Hyun-Jin Ryu,2026,39,SP,14444,0.16751325,0.06307144,4.51217,4.328769
Ian Anderson,2026,28,SP,19951,0.22461192,0.09748887,3.8528962,4.0720787
J.P. France,2026,31,SP,21212,0.14567508,0.0755496,4.6991034,4.434959
JP Sears,2026,30,SP,23429,0.17909181,0.06573247,4.645215,4.5616817
JT Brubaker,2026,32,SP,17578,0.21470495,0.08709988,4.2247624,4.518156
Jack Flaherty,2026,30,SP,17479,0.23458712,0.09783709,4.060386,4.372863
Jacob deGrom,2026,38,SP,10954,0.27334404,0.054504856,2.9160647,3.167356
Jake Irvin,2026,29,SP,21504,0.15355273,0.08826412,4.75093,4.5453196
Jake Odorizzi,2026,36,SP,6397,0.19317432,0.07860139,4.3837113,4.4027696
James Paxton,2026,37,SP,11828,0.15460873,0.06799908,4.74494,4.3257065
Jameson Taillon,2026,34,SP,11674,0.1820995,0.05759733,4.551569,4.653915
Jared Shuster,2026,27,SP,27472,0.14644834,0.08568777,4.396267,4.42905
Jesus Luzardo,2026,28,SP,19959,0.2876339,0.07669022,3.681252,3.8165562
Joan Adon,2026,27,SP,22925,0.18835656,0.08611997,4.170896,4.5824776
Joe Musgrove,2026,33,SP,12970,0.22206543,0.06593403,4.14505,3.9210303
Joe Ryan,2026,30,SP,21390,0.25339428,0.061051033,4.0199966,4.0005484
Joey Lucchesi,2026,33,SP,19320,0.19134218,0.07910635,4.460215,4.6831155
Johan Oviedo,2026,28,SP,22487,0.21941316,0.09856406,4.150858,4.1920485
Jon Gray,2026,34,SP,14916,0.19729815,0.07387681,4.5027494,4.5511813
Jordan Lyles,2026,35,SP,7593,0.17165138,0.041828234,4.5237093,4.651354
Jordan Montgomery,2026,33,SP,16511,0.20746945,0.07368954,4.1500287,4.1559916
Jose Berrios,2026,32,SP,14168,0.21067566,0.0708043,4.3417215,4.395219
Jose Quintana,2026,37,SP,11423,0.18876746,0.09080656,4.2973986,4.3157206
Jose Urena,2026,34,SP,11589,0.17991379,0.06882249,4.5489464,4.3990383
Josiah Gray,2026,28,SP,24580,0.14559813,0.11231155,4.9337554,4.9010215
Julio Urias,2026,29,SP,14765,0.24697423,0.054578424,4.1029563,3.8445961
Justin Dunn,2026,30,SP,19268,0.09954829,0.12016529,5.3606353,4.9628396
Justin Steele,2026,30,SP,17312,0.24295124,0.0716853,3.7756944,3.801674
Justin Verlander,2026,43,SP,8700,0.15247144,0.07311197,4.551606,4.1583214
Kenta Maeda,2026,38,SP,18498,0.1400598,0.063243,4.6901145,4.2779746
Kevin Gausman,2026,35,SP,14107,0.2422693,0.07861274,3.6448984,3.7181172
Kodai Senga,2026,33,SP,31838,0.25201038,0.07617469,3.8518777,3.5199277
Kyle Bradish,2026,29,SP,24586,0.24225923,0.07749149,3.9217007,3.989667
Kyle Freeland,2026,33,SP,16256,0.14233898,0.06621246,4.4263263,4.596588
Kyle Gibson,2026,38,SP,10123,0.16946448,0.06717137,4.287745,4.42253
Kyle Hendricks,2026,36,SP,12049,0.16590813,0.052240267,4.482752,4.557995
Lance Lynn,2026,39,SP,2520,0.15820225,0.056953967,4.6977305,4.005489
Lance McCullers Jr.,2026,32,SP,14120,0.23539574,0.10173761,4.0894876,4.298778
Logan Allen,2026,27,SP,27589,0.21897253,0.07396678,4.127198,3.916101
Logan Gilbert,2026,29,SP,22250,0.25630134,0.057707287,3.98141,3.980189
Logan Webb,2026,29,SP,17995,0.2234038,0.05599234,3.5108435,3.6180491
Lucas Giolito,2026,31,SP,15474,0.20054357,0.074330635,4.444442,4.6277637
Luis Castillo,2026,33,SP,15689,0.23039399,0.07824208,4.160289,4.043732
Luis Cessa,2026,34,SP,13345,0.14632982,0.08085045,4.398604,4.6239657
Luis Garcia,2026,29,SP,23735,0.2758483,0.07533394,3.8057475,3.850202
Luis L. Ortiz,2026,27,SP,27646,0.15700588,0.097331256,4.4907107,4.3928027
Luis Severino,2026,32,SP,15890,0.18674684,0.055217538,4.668597,4.6847606
Luke Weaver,2026,32,SP,16918,0.14773397,0.05111964,4.793691,5.3198485
MacKenzie Gore,2026,27,SP,22201,0.24743116,0.095533475,4.0342765,4.185135
Marco Gonzales,2026,34,SP,15467,0.16991135,0.057710122,4.77181,4.417286
Marcus Stroman,2026,35,SP,13431,0.20540158,0.09145824,4.3477426,4.328154
Matt Manning,2026,28,SP,20369,0.18083718,0.07416554,4.4195914,4.3861876
Matthew Boyd,2026,35,SP,15440,0.17535248,0.064423755,4.412853,4.622315
Max Fried,2026,32,SP,13743,0.23001792,0.06885728,3.7496045,3.67967
Max Scherzer,2026,41,SP,3137,0.15598056,0.076161824,4.60914,4.314038
Merrill Kelly,2026,37,SP,11156,0.19393134,0.08818677,4.510897,4.2977405
Michael Kopech,2026,30,SP,17282,0.155088,0.14668722,4.970837,4.289242
Michael Lorenzen,2026,34,SP,14843,0.18234815,0.0889987,4.429678,4.5791917
Michael Pineda,2026,37,SP,5372,0.15542507,0.0422391,4.595923,4.5629992
Michael Wacha,2026,34,SP,14078,0.19698396,0.073408686,4.547512,4.355583
Mike Clevinger,2026,35,SP,12808,0.1898752,0.07516255,4.587272,4.3485413
Mike Minor,2026,38,SP,10021,0.17539868,0.057816327,4.4124584,4.246392
Miles Mikolas,2026,37,SP,9803,0.15959486,0.04827371,4.4495964,4.5513086
Mitch Keller,2026,30,SP,17594,0.23773323,0.08270154,3.9294572,4.169347
Nathan Eovaldi,2026,36,SP,9132,0.19426526,0.08284953,4.4098554,4.323198
Nestor Cortes,2026,31,SP,17874,0.2448735,0.071543,4.1554093,4.0512037
Nick Lodolo,2026,28,SP,26378,0.28208745,0.066760115,3.7905402,3.78415
Noah Syndergaard,2026,33,SP,11762,0.16474597,0.04618742,4.567738,5.095071
Pablo Lopez,2026,30,SP,17085,0.2697103,0.06839843,3.6325183,3.6880848
Patrick Corbin,2026,36,SP,9323,0.1832868,0.057597097,4.3541284,4.4370236
Patrick Sandoval,2026,29,SP,19447,0.20469236,0.09835298,3.975348,4.1006665
Paul Blackburn,2026,32,SP,14739,0.21543525,0.09106384,4.25847,4.5766206
Quinn Priester,2026,25,SP,25977,0.16185854,0.08080331,4.3876333,4.556679
Ranger Suarez,2026,30,SP,17277,0.21431471,0.08937048,3.9489956,4.0825267
Reese Olson,2026,26,SP,24968,0.25028974,0.06342878,3.8108878,3.748014
Reid Detmers,2026,26,SP,27468,0.27360767,0.08507277,3.7229302,3.8760016
Rich Hill,2026,46,SP,4806,0.18086967,0.048473824,4.4366345,4.9345393
Ryan Feltner,2026,29,SP,21446,0.1676511,0.07863285,4.029946,4.209701
Ryan Weathers,2026,26,SP,23796,0.17144616,0.073309764,4.4973087,4.697756
Ryne Nelson,2026,28,SP,26253,0.14542675,0.06419687,4.569487,4.6209626
Sandy Alcantara,2026,30,SP,18684,0.20987226,0.071598105,3.9653823,3.9915476
Seth Lugo,2026,36,SP,12447,0.18699902,0.06938761,4.545564,4.2423263
Shane Bieber,2026,31,SP,19427,0.22119875,0.07605574,3.8398335,3.9517424
Shane McClanahan,2026,29,SP,21483,0.2647825,0.07483473,3.7189474,3.681901
Shohei Ohtani,2026,31,SP,19755,0.2788665,0.07546051,3.7085154,3.401688
Sonny Gray,2026,36,SP,12768,0.2067786,0.08180523,3.769938,3.8343103
Spencer Strider,2026,27,SP,27498,0.35712406,0.06886231,2.966781,2.8378618
Spencer Turnbull,2026,33,SP,16207,0.20332128,0.0930125,4.407891,4.7095747
Taijuan Walker,2026,33,SP,11836,0.19039094,0.087588206,4.478885,4.5284915
Taj Bradley,2026,25,SP,22543,0.2618389,0.06828498,3.8980625,4.244378
Tanner Bibee,2026,27,SP,30134,0.22837736,0.065284684,3.8279378,3.6153247
Tanner Houck,2026,30,SP,19879,0.22214274,0.08808524,3.867805,4.0874066
Tarik Skubal,2026,29,SP,22267,0.28803676,0.060148314,3.6664777,3.6502914
Tommy Henry,2026,28,SP,26285,0.18058327,0.08701823,4.5517225,4.426208
Tony Gonsolin,2026,32,SP,19388,0.18657799,0.08356192,4.6676965,4.4457493
Touki Toussaint,2026,30,SP,16929,0.257308,0.10303196,4.21781,4.5479646
Trevor Williams,2026,34,SP,16977,0.16938508,0.04151823,4.7731566,4.451403
Tyler Anderson,2026,36,SP,12880,0.20127481,0.08288753,4.2799945,4.2864027
Tyler Glasnow,2026,32,SP,14374,0.2864135,0.07269683,3.534438,3.464885
Tyler Wells,2026,31,SP,20000,0.20060942,0.057496592,4.7032847,4.2830462
Tylor Megill,2026,30,SP,21318,0.19284162,0.082761176,4.4479403,4.716666
Vince Velasquez,2026,34,SP,11189,0.18161118,0.07781852,4.5140605,4.8447347
Vladimir Gutierrez,2026,30,SP,19278,0.16510975,0.089955874,4.6396475,4.673972
Wade Miley,2026,39,SP,8779,0.15203446,0.08461956,4.8463836,4.3130407
Walker Buehler,2026,31,SP,19374,0.23234494,0.073216446,3.8846998,3.9424214
Yu Darvish,2026,39,SP,13074,0.15530069,0.07767323,4.4897027,4.310479
Yusei Kikuchi,2026,35,SP,20633,0.1291996,0.07494519,5.207603,3.9398482
Zac Gallen,2026,30,SP,19291,0.25349846,0.06832841,3.646233,3.6904912
Zach Davies,2026,33,SP,13183,0.19899397,0.08948419,4.515526,4.753216
Zach Eflin,2026,32,SP,13774,0.21806934,0.057486966,3.8582284,4.045203
Zack Greinke,2026,42,SP,1943,0.1395516,0.04047756,4.515515,4.377488
Zack Wheeler,2026,36,SP,10310,0.20618147,0.06857102,3.761241,3.8480597
A.J. Minter,2027,33,RP,18655,0.2550205,0.09257709,3.7375462,3.8822756
A.J. Puk,2027,32,RP,19343,0.2515891,0.08571474,3.891943,3.8978634
Aaron Ashby,2027,29,RP,23550,0.2460608,0.102495775,4.023008,4.234515
Aaron Bummer,2027,33,RP,16258,0.2647652,0.10959127,3.9655929,4.2227902
Aaron Loup,2027,39,RP,10343,0.17518584,0.083232686,4.1111126,4.4672065
Aaron Sanchez,2027,34,RP,11490,0.16080225,0.08221641,4.7480307,5.128355
Abner Uribe,2027,27,RP,25327,0.27257112,0.098869525,3.4279764,3.4400165
Adam Cimber,2027,36,RP,15288,0.15789835,0.07062307,4.333226,4.47071
Adam Ottavino,2027,41,RP,1247,0.20837711,0.09373906,4.173281,4.3941116
Adbert Alzolay,2027,32,RP,17859,0.24964088,0.07873704,3.834271,3.8170187
Adrian Martinez,2027,30,RP,21023,0.20090257,0.08723923,4.2581162,4.433121
Albert Abreu,2027,31,RP,17485,0.2274259,0.10566501,4.265974,4.4568515
Alec Marsh,2027,29,RP,27451,0.2423463,0.106153004,4.178781,4.533907
Alex Lange,2027,31,RP,19883,0.24112105,0.11147123,4.154161,4.2024026
Alex Vesia,2027,31,RP,25007,0.2590634,0.10122212,4.085194,4.0975337
Alex Wood,2027,36,RP,13781,0.18697992,0.084176645,4.207386,4.5913386
Alex Young,2027,33,RP,18333,0.18851314,0.088637695,4.4135733,4.520134
Alexis Diaz,2027,30,RP,21132,0.2425933,0.106586866,3.940816,3.8480122
Amir Garrett,2027,35,RP,14375,0.21457592,0.11290177,4.2789,4.231244
Amos Willingham,2027,28,RP,26128,0.16791248,0.08097023,4.343326,4.3181424
Andre Jackson,2027,31,RP,21298,0.2104499,0.0985899,4.205656,4.366582
Andre Pallante,2027,28,RP,26108,0.17481075,0.09277574,4.145968,4.2117934
Andres Machado,2027,34,RP,14681,0.1855446,0.08191757,4.4171467,4.508691
Andres Munoz,2027,28,RP,20373,0.2843661,0.098382376,3.665515,3.7230403
Andrew Bellatti,2027,35,RP,10657,0.23561455,0.09247549,4.1008315,4.3375907
Andrew Chafin,2027,37,RP,12988,0.21770623,0.10092911,4.0866914,4.396061
Andrew Nardi,2027,28,RP,25942,0.24127492,0.10498978,4.0825334,4.3115296
Andrew Vasquez,2027,33,RP,19482,0.19080552,0.09421823,4.21412,4.2702446
Andrew Wantz,2027,31,RP,24933,0.2329108,0.09785696,4.1209054,4.2118526
Angel Perdomo,2027,33,RP,17759,0.26933628,0.1122412,4.161679,4.300999
Angel Zerpa,2027,27,RP,22717,0.17908645,0.08456963,4.08852,4.1683826
Anthony Bass,2027,39,RP,7982,0.18839449,0.0842806,4.3031774,4.344221
Anthony Bender,2027,32,RP,19742,0.23115714,0.09264406,4.038373,4.0872526
Anthony Gose,2027,36,RP,5097,0.22760089,0.088496424,3.9787915,3.9700446
Aroldis Chapman,2027,39,RP,10233,0.32732922,0.10736249,3.1157374,2.965953
Art Warren,2027,34,RP,18251,0.23864354,0.09678766,3.9834244,4.196724
Austin Adams,2027,36,RP,13801,0.24459107,0.1028965,4.087908,4.3164845
Austin Cox,2027,30,RP,24604,0.21437833,0.10275987,4.0414605,4.330204
Austin Davis,2027,34,RP,17117,0.21861915,0.10853322,4.2986245,4.6343126
Austin Pruitt,2027,37,RP,15290,0.15013383,0.06096164,4.449214,4.5735292
Austin Voth,2027,35,RP,15047,0.19355968,0.07707109,4.3885717,4.7486453
Bailey Falter,2027,30,RP,20070,0.19771118,0.069353946,4.133959,4.2025185
Beau Brieske,2027,29,RP,26079,0.18212125,0.08679544,4.2173486,4.1931634
Ben Heller,2027,35,RP,15100,0.19261862,0.097246744,4.3148646,4.309331
Ben Lively,2027,35,RP,14932,0.17935744,0.07378811,4.4908648,4.819508
Blake Taylor,2027,31,RP,16418,0.20772876,0.10248159,4.213984,4.360999
Bowden Francis,2027,31,RP,20548,0.22585838,0.07622219,3.9280345,3.68684
Brad Boxberger,2027,39,RP,10133,0.19660126,0.09227293,4.3240123,4.389117
Brad Hand,2027,37,RP,9111,0.19309218,0.09598398,4.2279224,4.5147495
Brendan White,2027,28,RP,26024,0.22815973,0.098852865,3.9818816,4.3355093
Brennan Bernardino,2027,35,RP,16835,0.20588431,0.07331282,3.8089428,3.9185743
Brent Honeywell,2027,32,RP,16466,0.18718472,0.0901116,4.3782887,4.377645
Brent Suter,2027,37,RP,13942,0.15497182,0.07376056,3.8318021,3.9909565
Brett Martin,2027,32,RP,17369,0.19251032,0.094954595,4.1569915,4.4061103
Brock Burke,2027,30,RP,17968,0.22778958,0.07445141,3.9643154,3.8486674
Brock Stewart,2027,35,RP,16727,0.23558845,0.08723245,3.9909132,4.045126
Brooks Raley,2027,39,RP,10061,0.21562587,0.09451176,4.029266,4.384618
Brusdar Graterol,2027,28,RP,20367,0.19446477,0.08210422,3.8685496,3.805192
Bryan Abreu,2027,30,RP,16609,0.26462388,0.10745258,3.8818138,3.9696007
Bryan Baker,2027,32,RP,19804,0.23135598,0.101536915,3.9694817,4.0531144
Bryan Hoeing,2027,30,RP,26304,0.16775203,0.082400516,4.4245653,4.580383
Bryan Shaw,2027,39,RP,8110,0.16175301,0.08969587,4.517561,4.8847475
Bryse Wilson,2027,29,RP,19990,0.18903312,0.084090106,4.244887,4.227642
Buck Farmer,2027,36,RP,14814,0.19618216,0.091970354,4.2712636,4.4785123
Caleb Ferguson,2027,30,RP,19349,0.24037884,0.10021821,4.0827684,4.1386857
Caleb Smith,2027,35,RP,14875,0.20786016,0.09818494,4.4393315,4.3856325
Caleb Thielbar,2027,40,RP,10078,0.23051561,0.07605962,3.6553614,3.9971757
Calvin Faucher,2027,31,RP,20116,0.20796813,0.099146515,4.2765255,4.544754
Camilo Doval,2027,29,RP,21992,0.24790356,0.097144686,3.8338416,3.8457882
Carl Edwards Jr.,2027,35,RP,13607,0.19601049,0.099848434,4.2729554,4.404321
Carlos Estevez,2027,34,RP,14542,0.2221139,0.0979846,4.1853614,4.4363875
Carlos Hernandez,2027,30,RP,22713,0.21574399,0.11045662,4.2826786,4.6281767
Carmen Mlodzinski,2027,28,RP,27572,0.21363775,0.09786515,4.0068574,3.9880717
Casey Lawrence,2027,39,RP,11121,0.12612651,0.07079874,5.0611744,5.8586836
Chad Kuhl,2027,34,RP,14975,0.19411638,0.1017014,4.659678,4.8553534
Chase Silseth,2027,27,RP,30074,0.21379066,0.09725727,4.1054378,4.4137974
Chasen Shreve,2027,36,RP,10855,0.19853583,0.07645183,4.2130384,4.5007634
Chris Devenski,2027,36,RP,12763,0.19227508,0.0551728,4.182229,4.711673
Chris Flexen,2027,32,RP,13896,0.17173845,0.07793368,4.567503,4.712338
Chris Martin,2027,41,RP,11847,0.19050446,0.053996447,3.4862492,3.7205374
Chris Murphy,2027,29,RP,26214,0.20909688,0.096487254,3.9527926,4.2565856
Chris Stratton,2027,36,RP,13761,0.20127004,0.086278215,4.0254545,4.4028573
Cionel Perez,2027,31,RP,19614,0.21207805,0.10156927,4.112589,4.24524
Clay Holmes,2027,34,RP,13649,0.22850157,0.09498371,3.9023592,4.06892
Cody Bolton,2027,29,RP,23265,0.2072084,0.103847004,4.1065307,4.4758544
Cody Bradford,2027,29,RP,27597,0.20106316,0.07792063,4.042734,4.1553125
Cole Irvin,2027,33,RP,19244,0.18023358,0.068027526,4.299089,4.454616
Cole Ragans,2027,29,RP,21846,0.2164188,0.10108752,3.9938698,4.156203
Cole Sands,2027,29,RP,21461,0.20739245,0.099416666,4.1386414,4.382819
Colin Holderman,2027,31,RP,22361,0.20663096,0.0992239,4.018876,4.2329626
Colin Poche,2027,33,RP,19403,0.2369692,0.09437885,4.1110225,4.1639915
Colin Selby,2027,29,RP,24986,0.268322,0.120905854,4.5123887,5.373395
Collin McHugh,2027,40,RP,7531,0.18382218,0.0761475,3.988663,4.317586
Collin Snider,2027,31,RP,23307,0.16807364,0.09229179,4.258916,4.4921107
Connor Brogdon,2027,32,RP,21205,0.22026108,0.09271949,4.134291,4.2709894
Connor Seabold,2027,31,RP,19695,0.17800702,0.07938889,4.5552125,4.7923584
Corey Kluber,2027,41,RP,2429,0.13745838,0.05907622,4.601383,5.2832046
Corey Knebel,2027,35,RP,15010,0.2315124,0.1013031,4.1645956,4.38181
Cory Abbott,2027,31,RP,20277,0.22118326,0.100177765,4.3137264,4.492284
Craig Kimbrel,2027,39,RP,6655,0.25437063,0.105897784,3.8645883,4.1875477
Craig Stammen,2027,43,RP,7274,0.16679354,0.05037277,4.3302994,4.5667753
DL Hall,2027,28,RP,22207,0.2411613,0.09758227,3.9175086,4.1813974
Dakota Hudson,2027,32,RP,19206,0.16368221,0.092414,4.3988323,4.53306
Dane Dunning,2027,32,RP,19409,0.20047547,0.092981026,4.2516136,4.3908544
Daniel Bard,2027,42,RP,7115,0.17576791,0.1057475,4.3258147,3.8882985
Daniel Duarte,2027,30,RP,17480,0.1907785,0.102291085,4.2598505,4.2747264
Daniel Palencia,2027,27,RP,27914,0.2575802,0.09532699,3.7358875,3.848459
Danny Coulombe,2027,37,RP,13293,0.20522429,0.08031121,3.9585028,4.1245785
Dany Jimenez,2027,33,RP,21170,0.21999139,0.10315965,4.1830864,4.3419585
Darren O'Day,2027,44,RP,3321,0.20246291,0.09088684,4.126696,4.257348
Dauri Moreta,2027,31,RP,21101,0.23803994,0.09730584,4.0537624,4.1013384
David Bednar,2027,32,RP,19569,0.24600896,0.08753195,3.7498713,3.675415
David Peterson,2027,31,RP,20302,0.25528097,0.10652956,4.128871,4.3198047
David Phelps,2027,40,RP,6316,0.21695979,0.09108611,3.994926,4.2362657
David Price,2027,41,RP,3184,0.1754351,0.0659506,4.3822002,4.7101216
David Robertson,2027,42,RP,8241,0.23416844,0.097136036,3.8892448,4.133295
Derek Law,2027,36,RP,13133,0.17510384,0.09450909,4.3651114,4.4858084
Devin Williams,2027,32,RP,15816,0.28837132,0.11639541,3.8578377,4.0502086
Dillon Peters,2027,34,RP,18790,0.17726682,0.087811366,4.473851,4.6561866
Dillon Tate,2027,33,RP,17796,0.19300929,0.08368592,4.168547,4.329861
Dinelson Lamet,2027,34,RP,17186,0.24818885,0.103230566,3.9446352,4.2190294
Domingo Tapia,2027,35,RP,12178,0.19174048,0.10971293,4.341306,4.4635987
Dominic Leone,2027,35,RP,13763,0.20739298,0.093346745,4.378577,4.30039
Drew Hutchison,2027,36,RP,10732,0.1525507,0.092184156,4.6819944,4.7495437
Drew Smith,2027,33,RP,17755,0.24380171,0.097301535,4.1586494,4.226693
Drew Smyly,2027,38,RP,11760,0.18399769,0.06766006,4.3962593,4.7603908
Drew VerHagen,2027,36,RP,13424,0.18447988,0.088502266,4.5488133,4.9350243
Drey Jameson,2027,29,RP,26260,0.21711108,0.09485392,4.0860257,4.0799623
Duane Underwood Jr.,2027,32,RP,14677,0.19129658,0.09726346,4.184024,4.4743896
Dylan Coleman,2027,30,RP,22276,0.21676949,0.10948803,4.169195,4.2753587
Dylan Covey,2027,35,RP,14825,0.16282324,0.08243052,4.7276974,5.1456485
Dylan Floro,2027,36,RP,13394,0.19890457,0.082395054,3.8428464,4.232235
Dylan Lee,2027,32,RP,19996,0.23001301,0.077670254,3.8727987,3.8191247
Edwin Diaz,2027,33,RP,14710,0.3130996,0.11567904,3.75186,3.8828406
Eli Morgan,2027,31,RP,20203,0.240345,0.08972984,3.983655,4.118936
Elieser Hernandez,2027,32,RP,16933,0.2316383,0.06898489,3.9489267,4.1189623
Elvis Peguero,2027,30,RP,21652,0.199275,0.09760722,4.1430807,4.337146
Emilio Pagan,2027,36,RP,14771,0.22402494,0.07128944,3.9022977,4.0466557
Emmanuel Clase,2027,29,RP,21032,0.21694376,0.07538779,3.6143496,3.51456
Enyel De Los Santos,2027,31,RP,18403,0.23993668,0.10132035,4.09216,4.2520785
Erasmo Ramirez,2027,37,RP,10314,0.14106707,0.045259047,4.4721975,4.8641944
Eric Stout,2027,34,RP,16873,0.21058452,0.10453127,4.2481823,4.5308805
Erik Swanson,2027,33,RP,16587,0.2545751,0.08607242,3.8902063,3.8347414
Evan Phillips,2027,32,RP,17734,0.2474408,0.07735428,3.7808192,3.5473697
Felix Bautista,2027,32,RP,20666,0.26733232,0.11042695,3.9910564,3.9569323
Fernando Cruz,2027,37,RP,7048,0.2427887,0.09457445,3.8360436,4.212229
Francisco Perez,2027,29,RP,21018,0.20156024,0.10264183,4.119608,4.5220947
Gabe Speier,2027,32,RP,17170,0.22007087,0.08011942,3.9331677,3.9608805
Garrett Richards,2027,39,RP,9784,0.15355876,0.07651698,4.5307007,5.1141763
Garrett Whitlock,2027,31,RP,20191,0.22453354,0.06676898,3.7513995,3.7940686
Gavin Hollowell,2027,29,RP,25427,0.19155937,0.09656605,4.101545,4.253344
Genesis Cabrera,2027,30,RP,17490,0.22220352,0.1065281,4.185521,4.3536067
George Soriano,2027,28,RP,21863,0.21864837,0.099655226,4.058682,4.210959
Giovanny Gallegos,2027,35,RP,14986,0.24300344,0.07168275,3.7060025,3.8370042
Grant Anderson,2027,30,RP,20546,0.2011389,0.09690811,4.192657,4.366683
Grant Hartwig,2027,29,RP,29946,0.20947249,0.10094852,4.1705966,4.467355
Greg Weissert,2027,32,RP,20375,0.22105414,0.096546225,4.142667,4.3337574
Gregory Santos,2027,27,RP,21894,0.20953354,0.08972429,3.8171597,4.1021357
Gregory Soto,2027,32,RP,19677,0.23329392,0.10286171,4.103206,4.309773
Griffin Jax,2027,32,RP,20253,0.22635558,0.08524501,4.0052752,4.181145
Gus Varland,2027,30,RP,24737,0.20915087,0.10665494,4.216645,4.529312
Hansel Robles,2027,36,RP,11801,0.20362158,0.09857414,4.1938744,4.517093
Hayden Wesneski,2027,29,RP,27581,0.22186087,0.090826035,4.0926576,4.1279025
Hector Neris,2027,38,RP,11804,0.23521996,0.096369974,3.943245,4.1776853
Hirokazu Sawamura,2027,39,RP,27515,0.1811926,0.100683056,4.3716006,4.212527
Hobie Harris,2027,34,RP,18615,0.15510632,0.09569158,4.248767,4.2738585
Hoby Milner,2027,36,RP,13346,0.20865561,0.05898237,3.8972697,3.9230227
Huascar Brazoban,2027,37,RP,6107,0.2181062,0.09944154,4.1737638,4.223243
Hunter Harvey,2027,32,RP,15507,0.23391098,0.08185765,3.8359244,3.844991
Hunter Strickland,2027,38,RP,7836,0.1790281,0.08994442,4.334382,4.5016255
Ian Gibaut,2027,33,RP,17871,0.22634536,0.093566604,4.0670333,4.1980124
Ian Hamilton,2027,32,RP,19261,0.23857857,0.09681487,3.9898844,3.9358168
Ian Kennedy,2027,42,RP,6986,0.20750973,0.034016628,4.30568,4.292041
Isaiah Campbell,2027,29,RP,25551,0.24772543,0.105373494,4.040665,4.03203
J.B. Wendelken,2027,34,RP,14506,0.20428248,0.102304615,4.203487,4.4791856
J.P. Feyereisen,2027,34,RP,16610,0.21692684,0.10183083,4.18889,4.183464
JT Chargois,2027,36,RP,13767,0.18972091,0.08863807,4.194291,4.4366045
Jackson Kowar,2027,30,RP,21549,0.2260248,0.113687955,4.4975004,4.921651
Jacob Webb,2027,33,RP,19274,0.22698854,0.10417498,4.2470737,4.4087777
Jaime Barria,2027,30,RP,18356,0.18111753,0.0808401,4.388671,4.336653
Jake Bird,2027,31,RP,21267,0.17446294,0.09118216,3.961504,4.17682
Jake Diekman,2027,40,RP,5003,0.2566021,0.11685426,3.958574,4.03336
Jake McGee,2027,40,RP,7550,0.17708863,0.061024334,4.173652,4.545113
Jake Woodford,2027,30,RP,18674,0.17211396,0.086831465,4.434464,4.47321
Jakob Junis,2027,34,RP,13619,0.21197787,0.06470494,3.9103184,4.170603
Jalen Beeks,2027,33,RP,17192,0.24031341,0.0972903,4.0617766,4.2878113
James Karinchak,2027,31,RP,20151,0.25283945,0.12197824,4.122861,4.266121
James McArthur,2027,30,RP,21527,0.21425195,0.07733193,3.8423197,3.9615457
James Norwood,2027,33,RP,16440,0.2113747,0.10045875,4.2022247,4.5235953
Jandel Gustave,2027,34,RP,14665,0.20259053,0.09548997,4.286022,4.4976463
Jarlin Garcia,2027,34,RP,18282,0.20481837,0.07886806,4.109363,4.1112227
Jason Adam,2027,35,RP,11861,0.25696746,0.085320055,3.896865,3.7669327
Jason Alexander,2027,34,RP,19666,0.14628598,0.07973383,4.4358635,4.5872045
Jason Foley,2027,31,RP,19531,0.18449749,0.0834087,3.9066913,4.0543675
Javier Assad,2027,29,RP,21741,0.20636898,0.09905825,4.177779,4.154962
Javy Guerra,2027,31,RP,17292,0.19174664,0.10664595,4.3555975,4.583441
Jay Jackson,2027,39,RP,7432,0.21800597,0.078664474,4.1015277,4.047586
Jeff Brigham,2027,35,RP,16631,0.22942176,0.085536264,4.044842,4.2684994
Jeff Hoffman,2027,34,RP,17432,0.23804156,0.09879758,4.0830355,4.2850847
Jesse Chavez,2027,43,RP,5448,0.19869788,0.08473011,4.0230174,4.3057876
Jesse Scholtens,2027,33,RP,19205,0.14758436,0.07498051,4.4537115,4.5579453
Jesus Tinoco,2027,32,RP,16300,0.18917523,0.10006995,4.3704576,4.2654495
Jharel Cotton,2027,35,RP,13654,0.20029275,0.09276992,4.4206557,4.645587
Jhoan Duran,2027,29,RP,21029,0.25615096,0.09021876,3.798386,3.5660515
Jhony Brito,2027,29,RP,25386,0.19444641,0.08770978,4.174122,4.181789
Jhoulys Chacin,2027,39,RP,2608,0.13246346,0.07457982,4.72519,5.3204684
Jimmy Cordero,2027,35,RP,15690,0.20605582,0.08644208,4.192203,4.52929
Jimmy Herget,2027,33,RP,17556,0.20936975,0.078196585,4.081981,4.1702013
Jimmy Lambert,2027,32,RP,19541,0.22650792,0.10201474,4.2476006,4.4138794
JoJo Romero,2027,30,RP,19574,0.24372315,0.10053667,4.0205903,4.1849413
Joe Jacques,2027,32,RP,25178,0.16544557,0.0833998,4.154113,4.3006806
Joe Jimenez,2027,32,RP,15761,0.26109943,0.09159303,3.8989391,3.900522
Joe Kelly,2027,39,RP,9761,0.25507113,0.09721828,3.8397036,4.073568
Joe La Sorsa,2027,29,RP,25481,0.19326472,0.087719835,4.079105,4.1969743
Joe Mantiply,2027,36,RP,14857,0.18469706,0.068352774,3.95097,4.2749844
Joe Smith,2027,43,RP,3281,0.13085005,0.060315274,4.6971097,5.072606
Joel Payamps,2027,33,RP,14332,0.21427569,0.07800956,4.0636735,3.965884
Joey Wentz,2027,29,RP,19962,0.20645392,0.09906646,4.3121777,4.624246
John Brebbia,2027,37,RP,12777,0.20929024,0.08360623,4.0767016,4.3923774
John Curtiss,2027,34,RP,16128,0.2143348,0.08490139,4.173126,4.3402343
John King,2027,32,RP,22051,0.15909865,0.07978425,4.178557,4.336508
John Schreiber,2027,33,RP,20020,0.22825854,0.0993146,4.0803595,4.2182193
Jonathan Hernandez,2027,30,RP,17464,0.22677521,0.10454806,4.1342006,4.363461
Jonathan Loaisiga,2027,32,RP,19753,0.16974725,0.07862409,4.0991125,4.172806
Jordan Balazovic,2027,28,RP,21866,0.19102089,0.094878726,4.191836,4.2679677
Jordan Hicks,2027,30,RP,19618,0.2368629,0.10340405,3.8710318,4.0134525
Jordan Romano,2027,34,RP,16122,0.2474065,0.092726745,3.9941168,3.940327
Jordan Weems,2027,34,RP,13190,0.22784209,0.09581945,4.162364,4.33518
Jorge Lopez,2027,34,RP,14527,0.19184698,0.08165159,4.482872,4.802993
Jose A. Ferrer,2027,27,RP,24017,0.19343199,0.09609311,4.0814033,4.4846087
Jose Alvarado,2027,32,RP,17780,0.27860525,0.11413034,3.904581,4.0513988
Jose Alvarez,2027,38,RP,5358,0.17074291,0.089004084,4.332531,4.453776
Jose Cisnero,2027,38,RP,6399,0.20222612,0.096492015,4.2076616,4.4514866
Jose Cuas,2027,33,RP,17701,0.21229021,0.104087755,4.2367516,4.3672814
Jose Hernandez,2027,29,RP,22318,0.23311238,0.10123898,4.037076,4.265322
Jose Leclerc,2027,33,RP,14524,0.24718076,0.10789535,4.196294,4.2644362
Jose Ruiz,2027,32,RP,14552,0.2312379,0.098352805,4.222201,4.383818
Jose Soriano,2027,28,RP,22100,0.26422545,0.100434214,3.70569,3.714168
Jose Urquidy,2027,32,RP,18413,0.1866348,0.07986075,4.360676,4.40383
Josh Hader,2027,33,RP,14212,0.26626927,0.1220249,4.0018134,4.1909537
Josh Rogers,2027,32,RP,18510,0.1626848,0.086753435,4.5731473,4.5449543
Josh Sborz,2027,33,RP,18323,0.25810322,0.09892808,4.0313454,4.111904
Josh Staumont,2027,33,RP,18335,0.22700994,0.11243718,4.161622,4.35328
Josh Taylor,2027,34,RP,17359,0.24654439,0.09445352,4.0490437,4.3172374
Josh Winckowski,2027,29,RP,22387,0.17359285,0.089570835,4.101497,4.224145
Josh Winder,2027,30,RP,24606,0.17512669,0.083877034,4.230975,4.297975
Jovani Moran,2027,30,RP,20422,0.24588943,0.10465446,3.705292,3.8606517
Julian Merryweather,2027,35,RP,16703,0.23474075,0.099355504,4.09311,4.2996316
Junior Fernandez,2027,30,RP,18496,0.2085628,0.10593614,4.2535577,4.447228
Justin Bruihl,2027,30,RP,23779,0.19184136,0.095440425,4.191599,4.384956
Justin Garza,2027,33,RP,19784,0.20763692,0.103882045,4.3266473,4.5464945
Justin Grimm,2027,38,RP,11720,0.16839446,0.10716283,5.051989,5.5198946
Justin Lawrence,2027,32,RP,17639,0.19383298,0.09905525,3.837336,4.0757923
Justin Topa,2027,36,RP,15145,0.19448373,0.06551757,3.9045987,4.098247
Kaleb Ort,2027,35,RP,20061,0.18160792,0.08645917,4.28558,4.6118417
Keegan Akin,2027,32,RP,19362,0.22358727,0.088020705,4.0995092,4.375854
Keegan Thompson,2027,32,RP,19795,0.22518605,0.10368454,4.2469573,4.42517
Ken Waldichuk,2027,29,RP,27681,0.21523657,0.09747268,4.208911,4.504094
Kendall Graveman,2027,36,RP,15514,0.20648243,0.09847101,4.3144555,4.303991
Kenley Jansen,2027,39,RP,3096,0.23652776,0.092925414,3.796243,4.147403
Kevin Ginkel,2027,33,RP,19876,0.2302595,0.09667201,4.0603933,4.2354517
Kevin Kelly,2027,29,RP,25679,0.19126244,0.081425175,3.8813815,3.9365923
Keynan Middleton,2027,33,RP,15264,0.2383631,0.09843743,4.1426673,4.2614293
Kirby Yates,2027,40,RP,9073,0.25779006,0.10917094,3.8160205,4.1247697
Kutter Crawford,2027,31,RP,20531,0.21589865,0.09349806,4.0542617,4.279361
Kyle Finnegan,2027,35,RP,15009,0.21032877,0.08364381,4.1866655,4.278794
Kyle Muller,2027,29,RP,20167,0.21413118,0.106844634,4.36971,4.7496095
Kyle Nelson,2027,30,RP,20515,0.2145592,0.09589311,4.0474944,4.1432443
Lane Ramsey,2027,30,RP,25071,0.20117438,0.09981486,4.1074023,4.4249363
Lou Trivino,2027,35,RP,15043,0.22303896,0.09846413,4.1441917,4.472276
Louie Varland,2027,29,RP,27691,0.21153158,0.08685167,4.042148,4.10615
Louis Head,2027,37,RP,13259,0.18216866,0.08146493,4.1642747,4.3869762
Lucas Erceg,2027,32,RP,19360,0.20832495,0.10808802,3.8570616,4.171499
Lucas Gilbreath,2027,31,RP,21290,0.19956176,0.1010962,3.9135349,4.025414
Lucas Sims,2027,33,RP,13470,0.24817039,0.11282963,4.2098217,4.2556005
Luis Frias,2027,29,RP,21997,0.18698645,0.10452771,4.12063,4.5013065
Luis Garcia,2027,40,RP,6984,0.18633635,0.08268976,4.003729,4.4022164
Luis Medina,2027,28,RP,21649,0.2166368,0.10559434,4.2003493,4.7368474
Luke Jackson,2027,35,RP,11752,0.23845069,0.093823515,4.014011,4.232122
Manny Banuelos,2027,36,RP,5365,0.19958334,0.103778765,4.348444,4.645848
Mark Leiter Jr.,2027,36,RP,15551,0.22878079,0.07466631,3.846199,4.0698123
Mark Melancon,2027,42,RP,4264,0.14328368,0.07965732,4.064439,4.1957245
Martin Perez,2027,36,RP,6902,0.16208722,0.081244536,4.4691486,4.5258527
Mason Englert,2027,27,RP,22288,0.1763422,0.08000368,4.230325,4.30389
Mason Thompson,2027,29,RP,21850,0.19458316,0.09854177,4.1312456,4.443322
Matt Barnes,2027,37,RP,12863,0.2010434,0.09674963,4.206233,4.5377197
Matt Brash,2027,29,RP,25756,0.29503864,0.10893098,3.4334595,3.6157966
Matt Carasiti,2027,35,RP,13276,0.1645989,0.08622762,4.0152454,4.327577
Matt Foster,2027,32,RP,19647,0.22562611,0.097251974,4.128274,4.351899
Matt Koch,2027,36,RP,13420,0.13813402,0.0630963,4.6084986,4.8130536
Matt Moore,2027,38,RP,1890,0.21362655,0.08407888,4.109048,4.162892
Matt Strahm,2027,35,RP,13799,0.2312866,0.07441945,3.7865205,3.884084
Matt Wisler,2027,34,RP,12804,0.23259386,0.08040968,4.00008,4.0065284
Matthew Liberatore,2027,27,RP,22294,0.19141652,0.099151716,4.2150006,4.71267
Mauricio Llovera,2027,31,RP,20080,0.21414742,0.09815828,4.2267313,4.4422965
Michael Fulmer,2027,34,RP,13218,0.22685426,0.097838745,4.179766,4.423943
Michael Grove,2027,30,RP,23221,0.20873468,0.090879045,4.196683,4.404404
Michael King,2027,32,RP,19853,0.25352293,0.09045764,3.9029324,3.8832726
Michael Rucker,2027,33,RP,19454,0.22022817,0.098089,4.2215,4.4815083
Michael Tonkin,2027,37,RP,10315,0.21738398,0.07611313,4.0856814,4.430176
Miguel Castro,2027,32,RP,15684,0.22803968,0.105083294,4.207412,4.39351
Mike Baumann,2027,31,RP,20206,0.21318646,0.10383958,4.2238874,4.4406977
Nate Pearson,2027,30,RP,20160,0.2372073,0.10530809,4.1550927,4.4074283
Nick Anderson,2027,36,RP,18337,0.25184506,0.082736254,3.7540128,3.8703065
Nick Martinez,2027,36,RP,12730,0.18793121,0.07872353,4.448842,4.5871463
Nick Mears,2027,30,RP,25376,0.21261887,0.10361272,4.1785436,4.311207
Nick Pivetta,2027,34,RP,15454,0.22994944,0.0905453,4.0485134,4.231202
Nick Ramirez,2027,37,RP,12575,0.15743561,0.07372362,4.341892,4.6530247
Nick Robertson,2027,28,RP,26226,0.22729991,0.09913204,4.009233,4.4081182
Nick Sandlin,2027,30,RP,20517,0.2420156,0.10497384,4.217178,4.2579494
Nick Wittgren,2027,36,RP,15594,0.15673088,0.07464016,4.503282,4.913146
Noe Ramirez,2027,37,RP,12800,0.19038212,0.09393715,4.3221235,4.5982
Osvaldo Bido,2027,31,RP,23150,0.19136362,0.09387062,4.1932673,4.491344
Paul Sewald,2027,37,RP,13892,0.26082098,0.09420639,3.7981458,3.8464806
Pete Fairbanks,2027,33,RP,17998,0.2664565,0.10853278,3.953183,4.0913177
Peter Lambert,2027,30,RP,17969,0.1395893,0.07168012,4.4021983,4.6219864
Peter Strzelecki,2027,32,RP,21367,0.22390233,0.09367168,4.058448,4.233042
Phil Bickford,2027,31,RP,18519,0.25271988,0.10357067,4.0897737,4.2412963
Phil Maton,2027,34,RP,18064,0.23643985,0.09152494,4.037358,4.216648
Pierce Johnson,2027,36,RP,13435,0.25106335,0.0999162,3.9719427,4.189877
Rafael Montero,2027,36,RP,12760,0.21961673,0.09198478,4.0633526,4.4456286
Raisel Iglesias,2027,37,RP,17130,0.2424166,0.07859026,3.5817788,3.723575
Ralph Garza,2027,33,RP,17682,0.2027702,0.099646315,4.3318124,4.39492
Ray Kerr,2027,32,RP,23809,0.23296995,0.09216528,4.0142922,4.092425
Reynaldo Lopez,2027,33,RP,16400,0.24319747,0.097692825,4.1007977,4.134154
Richard Bleier,2027,40,RP,7803,0.12342258,0.055299126,4.090373,4.426424
Richard Lovelady,2027,31,RP,19337,0.2439668,0.102722965,4.099687,4.341316
Roansy Contreras,2027,27,RP,22810,0.19678177,0.09677403,4.116349,4.5101647
Rob Zastryzny,2027,35,RP,15094,0.19731942,0.1033581,4.2333617,4.555491
Robert Garcia,2027,31,RP,23363,0.22848314,0.096278235,4.0358496,4.1453767
Robert Stephenson,2027,34,RP,13594,0.25113538,0.087772705,3.9039862,3.9287672
Robert Suarez,2027,36,RP,30115,0.22426608,0.08539716,4.017228,4.160812
Ron Marinaccio,2027,31,RP,23488,0.25037655,0.106925435,4.1287746,4.077016
Ronel Blanco,2027,33,RP,19407,0.2151246,0.095580295,4.3040824,4.2560625
Rony Garcia,2027,29,RP,20430,0.20250067,0.09383295,4.2353115,4.441499
Ross Detwiler,2027,41,RP,2859,0.16007067,0.052905187,4.635745,4.979603
Ross Stripling,2027,37,RP,13273,0.16091456,0.03562109,4.364521,4.6781545
Rowan Wick,2027,34,RP,14646,0.23672278,0.09952032,4.13369,4.406608
Ryan Borucki,2027,33,RP,16350,0.19436839,0.072756134,4.1684823,4.133712
Ryan Brasier,2027,39,RP,5615,0.19115156,0.07865518,3.9934328,4.4417386
Ryan Helsley,2027,32,RP,18138,0.27283883,0.107776746,3.9971452,4.1046677
Ryan Pressly,2027,38,RP,7005,0.23827985,0.0801405,3.5380046,3.9613805
Ryan Thompson,2027,35,RP,16647,0.1889692,0.07455768,4.1366754,4.344908
Ryan Walker,2027,31,RP,20423,0.24701044,0.094438225,3.9870532,3.8587174
Ryan Yarbrough,2027,35,RP,16502,0.150297,0.043332636,4.412804,4.7177157
Ryne Stanek,2027,35,RP,15947,0.23108017,0.09914635,4.2328897,4.3148274
Sam Hentges,2027,30,RP,18548,0.24214938,0.09599637,3.8642213,4.0437236
Sam Long,2027,31,RP,25379,0.19546549,0.09644921,4.274828,4.4972057
Sam Moll,2027,35,RP,14874,0.22059941,0.098556474,4.147728,4.315853
Sam Selman,2027,36,RP,13397,0.19911988,0.084724076,4.26813,4.535546
Sammy Peralta,2027,29,RP,25589,0.21034521,0.10265462,4.099683,4.322601
Scott Alexander,2027,37,RP,10591,0.14525285,0.06859087,4.127541,4.396293
Scott Barlow,2027,34,RP,14993,0.23146144,0.09804296,4.0036807,4.1586637
Scott Effross,2027,33,RP,18384,0.2307407,0.08145225,3.9078307,3.9642367
Scott McGough,2027,37,RP,12056,0.21774492,0.06739063,3.681717,3.8760955
Sean Hjelle,2027,30,RP,21481,0.22253288,0.09962477,4.148879,4.490616
Sean Manaea,2027,35,RP,15873,0.2146887,0.07503307,3.9682722,4.3147225
Sean Poppen,2027,33,RP,19583,0.20486861,0.096739635,4.2095876,4.483556
Seranthony Dominguez,2027,32,RP,19249,0.23623346,0.09745792,4.1414356,4.220823
Sergio Romo,2027,44,RP,9817,0.14302613,0.06362655,4.6802783,5.382092
Seth Martinez,2027,32,RP,21045,0.22093329,0.09715928,4.1341276,4.340117
Shawn Armstrong,2027,36,RP,12857,0.21429773,0.06582812,3.8319113,3.969907
Shelby Miller,2027,36,RP,10197,0.19427617,0.10960793,4.5503993,4.572989
Shintaro Fujinami,2027,33,RP,31839,0.22287576,0.10761065,4.3871717,4.7808723
Steve Cishek,2027,41,RP,6483,0.17743322,0.09460929,4.515592,4.2255535
Steven Matz,2027,36,RP,13361,0.1999026,0.059984587,3.9981961,4.3904214
Steven Okert,2027,35,RP,13580,0.24071394,0.08947381,4.0298004,4.089975
Steven Wilson,2027,32,RP,20353,0.23099476,0.09820546,4.1598773,4.1773906
Tanner Banks,2027,35,RP,16990,0.19013502,0.08032748,4.161321,4.335545
Tanner Scott,2027,32,RP,17586,0.26385045,0.10584637,3.8143997,3.8605206
Tayler Saucedo,2027,34,RP,17888,0.18553331,0.09394651,4.2113266,4.4082313
Tayler Scott,2027,35,RP,13652,0.18872835,0.088189565,4.5357327,4.953579
Taylor Clarke,2027,34,RP,17611,0.21514358,0.07678376,4.09121,4.4166746
Taylor Rogers,2027,36,RP,13449,0.23694886,0.10094993,3.918931,4.2771287
Thad Ward,2027,30,RP,21513,0.20975257,0.10550093,4.3665075,4.5272474
Thomas Hatch,2027,32,RP,19264,0.2048543,0.09966601,4.266071,4.4622164
Tim Herrin,2027,30,RP,25139,0.23848829,0.102876246,4.023331,4.282107
Tim Hill,2027,37,RP,16814,0.13973871,0.07361453,4.516915,4.751543
Tim Mayza,2027,35,RP,15042,0.21250029,0.07693288,3.9822555,4.081173
Tom Cosgrove,2027,31,RP,23443,0.2047538,0.089404084,4.046379,3.8947136
Tommy Doyle,2027,31,RP,21281,0.16637777,0.09175189,4.0750375,4.297762
Tommy Kahnle,2027,37,RP,11384,0.2429749,0.09170819,3.951331,4.0403576
Tommy Nance,2027,36,RP,19178,0.2207014,0.08770776,4.030083,4.3619146
Trent Thornton,2027,33,RP,17948,0.19716093,0.073603086,4.251291,4.22058
Trevor Gott,2027,34,RP,15046,0.20920473,0.08174452,4.1046753,4.413691
Trevor May,2027,37,RP,6398,0.21299303,0.09252648,4.1716094,4.3110576
Trevor Megill,2027,33,RP,17722,0.2480113,0.09588986,3.953443,4.142161
Trevor Richards,2027,34,RP,19309,0.26949778,0.118272014,4.211082,4.2556973
Trevor Stephan,2027,31,RP,19932,0.24765994,0.097365245,4.049276,4.1407056
Trey Wingenter,2027,33,RP,17793,0.26739016,0.10551405,4.0227313,4.0712566
Tristan Beck,2027,31,RP,21584,0.17734168,0.07333419,4.0818014,4.1159096
Tucker Davidson,2027,31,RP,19871,0.19895877,0.1022396,4.3765564,4.612868
Ty Blach,2027,36,RP,14361,0.123564765,0.06472358,4.570985,4.974412
Tyler Alexander,2027,32,RP,17735,0.1914153,0.056514096,4.144204,4.204004
Tyler Beede,2027,34,RP,16981,0.18489604,0.08871004,4.4710836,4.7673965
Tyler Danish,2027,32,RP,15126,0.17938794,0.084196106,4.251255,4.35707
Tyler Holton,2027,31,RP,26231,0.20408048,0.0680565,3.8616776,3.5635488
Tyler Kinley,2027,36,RP,18297,0.18598983,0.079534784,4.0084357,4.331145
Tyler Matzek,2027,36,RP,10058,0.22039537,0.119417205,4.4316874,4.317462
Tyler Rogers,2027,36,RP,15541,0.16894974,0.07661844,4.1216373,4.288036
Victor Arano,2027,32,RP,15915,0.23430799,0.093689635,4.0239635,4.1796412
Victor Gonzalez,2027,31,RP,16408,0.22449577,0.10009133,4.086434,4.23118
Wandy Peralta,2027,35,RP,14295,0.20141017,0.099675156,4.372701,4.32983
Will Smith,2027,37,RP,8048,0.21380986,0.072577305,4.005779,4.233212
Will Vest,2027,32,RP,19769,0.23148766,0.093503214,3.9432125,4.1571674
Wily Peralta,2027,38,RP,7738,0.14440322,0.10528918,4.80532,3.9504611
Wyatt Mills,2027,32,RP,20010,0.20948017,0.101786,4.289927,4.5965123
Xzavion Curry,2027,28,RP,25595,0.1750162,0.084919035,4.1943727,4.183571
Yency Almonte,2027,33,RP,15068,0.2267542,0.09982054,4.1909842,4.4554267
Yennier Cano,2027,33,RP,25911,0.2100911,0.09416368,4.088471,4.3688474
Yerry De Los Santos,2027,29,RP,21420,0.20453867,0.10018711,4.0562425,4.302273
Yimi Garcia,2027,36,RP,12095,0.219078,0.068822116,3.8049083,4.0453415
Yohan Ramirez,2027,32,RP,19444,0.22003405,0.10195628,4.2752585,4.397877
Yonny Chirinos,2027,33,RP,16401,0.17267281,0.0739517,4.4806113,4.5925446
Yunior Marte,2027,32,RP,14416,0.20070803,0.09782161,4.2614136,4.536288
Zach Jackson,2027,32,RP,19493,0.25062948,0.1133543,3.960304,4.100198
Zach Thompson,2027,33,RP,16094,0.18805946,0.09362384,4.2438183,4.4410267
Zack Littell,2027,31,RP,15823,0.1988879,0.06370637,4.024408,4.0305986
Zack Thompson,2027,29,RP,25918,0.21728703,0.10090964,4.098882,4.257556
Aaron Civale,2027,32,SP,19479,0.21178612,0.07374023,4.298595,4.3960223
Aaron Nola,2027,34,SP,16149,0.20029025,0.07756959,4.310585,4.3867884
Adam Wainwright,2027,45,SP,2233,0.14238626,0.04717418,4.3317704,4.7907715
Adrian Houser,2027,34,SP,12718,0.19261248,0.088727444,4.38237,4.557858
Adrian Sampson,2027,35,SP,13339,0.17224137,0.056021087,4.613909,4.547988
Alek Manoah,2027,29,SP,26410,0.21228266,0.09693483,4.5251555,4.3273273
Alex Cobb,2027,39,SP,6562,0.16181085,0.07208588,4.4209037,4.3209343
Alex Faedo,2027,31,SP,19874,0.20552142,0.085698485,4.332221,4.5379596
Andrew Abbott,2027,28,SP,29911,0.23851845,0.07346891,3.8947678,3.8283346
Andrew Heaney,2027,36,SP,15423,0.17479394,0.0650571,4.6723075,4.3687773
Anibal Sanchez,2027,43,SP,3284,0.15321605,0.062120464,4.443227,4.084811
Anthony DeSclafani,2027,37,SP,13050,0.17002885,0.05726099,4.4344406,4.4829955
Austin Gomber,2027,33,SP,16561,0.1620895,0.0742161,4.379451,4.7132735
Bailey Ober,2027,31,SP,21224,0.2291415,0.060114548,4.2020483,4.0256186
Blake Snell,2027,34,SP,13543,0.29504964,0.08103486,3.1934242,3.1718137
Bobby Miller,2027,28,SP,27483,0.23665652,0.062217142,3.7533464,3.7773302
Brad Keller,2027,31,SP,15734,0.19740082,0.095925584,4.208993,3.9892602
Brady Singer,2027,30,SP,25377,0.21725869,0.07773882,4.072718,4.369178
Brandon Bielak,2027,31,SP,19866,0.18033104,0.094258554,4.596414,4.6563263
Brandon Pfaadt,2027,28,SP,27782,0.20224574,0.05039617,4.29466,4.620224
Brandon Williamson,2027,29,SP,25463,0.18471427,0.07144035,4.314782,4.213867
Brandon Woodruff,2027,34,SP,16162,0.23018798,0.066575,3.9616938,3.7455559
Braxton Garrett,2027,29,SP,21844,0.2428886,0.064295255,3.8500974,3.9058714
Brayan Bello,2027,28,SP,23920,0.19733858,0.08129125,3.7086484,3.8744996
Bryan Woo,2027,27,SP,30279,0.26369268,0.06945961,3.9461627,4.076507
Bryce Elder,2027,28,SP,27779,0.20122193,0.085913554,4.227026,4.0333185
Bryce Miller,2027,28,SP,29837,0.22512756,0.04815013,4.130339,4.2336574
Cal Quantrill,2027,32,SP,19312,0.15763128,0.08198213,4.563798,4.6856833
Carlos Carrasco,2027,40,SP,6632,0.15886635,0.055366423,4.3350663,4.265534
Carlos Rodon,2027,34,SP,16137,0.21793213,0.094034605,4.2750072,4.3666463
Charlie Morton,2027,43,SP,4676,0.18676381,0.07018702,4.5970025,5.313763
Chase Anderson,2027,39,SP,6895,0.15784587,0.051258545,4.204879,3.8686092
Chris Archer,2027,38,SP,6345,0.18506,0.08503592,4.4271083,4.378796
Chris Bassitt,2027,38,SP,12304,0.17493132,0.07262675,4.8133154,4.229674
Chris Sale,2027,38,SP,10603,0.15376459,0.07267325,4.5953517,4.393827
Clarke Schmidt,2027,31,SP,19899,0.23306617,0.08163761,4.141691,4.250053
Clayton Kershaw,2027,39,SP,2036,0.1823848,0.07238688,4.4085765,4.0544133
Colin Rea,2027,36,SP,12317,0.19594581,0.075333744,4.4185557,4.3617387
Corbin Burnes,2027,32,SP,19361,0.24678029,0.08317691,3.7492888,3.794527
Cristian Javier,2027,30,SP,17606,0.25511184,0.07608288,4.095609,4.0837293
Cristopher Sanchez,2027,30,SP,20778,0.22834532,0.076580964,4.0936327,4.182565
Daniel Lynch IV,2027,30,SP,21537,0.18258847,0.07938919,4.4269886,4.7732387
Dean Kremer,2027,31,SP,19350,0.20176093,0.07466182,4.4831862,4.672363
Domingo German,2027,34,SP,17149,0.17397363,0.05138532,4.715121,4.595267
Drew Rasmussen,2027,31,SP,25385,0.23969673,0.0775431,3.8115232,3.8982465
Dustin May,2027,29,SP,19716,0.22725147,0.08005918,4.0867248,4.046634
Dylan Bundy,2027,34,SP,12917,0.16341361,0.047226135,4.502865,4.95486
Dylan Cease,2027,31,SP,18525,0.27443704,0.085772775,3.7349594,3.7249436
Eduardo Rodriguez,2027,34,SP,13164,0.20990472,0.085266314,4.38167,4.458717
Edward Cabrera,2027,29,SP,21690,0.20425095,0.13255087,5.080801,4.9914904
Emmet Sheehan,2027,27,SP,29839,0.26081473,0.08247623,3.8581684,3.9855335
Eric Lauer,2027,32,SP,19316,0.16149712,0.07511738,4.9017544,4.5629926
Erick Fedde,2027,34,SP,17425,0.18885714,0.08196114,4.4545403,4.619189
Eury Perez,2027,24,SP,27768,0.29141316,0.053659104,3.817384,3.485315
Framber Valdez,2027,33,SP,17295,0.22261287,0.086548164,4.0568295,4.1581383
Freddy Peralta,2027,31,SP,18679,0.2786783,0.07134891,3.6966062,3.5455496
Gavin Williams,2027,27,SP,30122,0.2220952,0.0837971,4.1735735,3.94586
George Kirby,2027,29,SP,25436,0.24790995,0.05433445,3.736869,3.7774932
Gerrit Cole,2027,36,SP,13125,0.20516981,0.06910816,3.9980643,3.8868465
Graham Ashcraft,2027,29,SP,27552,0.15783139,0.07049101,4.302979,4.439281
Grayson Rodriguez,2027,27,SP,24492,0.26534286,0.068038695,3.6657982,3.7427921
Griffin Canning,2027,31,SP,19867,0.23062511,0.080125175,4.186498,4.4030166
Humberto Castellanos,2027,29,SP,21183,0.1786243,0.07332104,4.360807,4.5378847
Hunter Brown,2027,28,SP,25880,0.284325,0.07279965,3.708132,3.8271303
Hunter Greene,2027,27,SP,22182,0.3063095,0.06861651,3.721321,3.7095842
Hyun-Jin Ryu,2027,40,SP,14444,0.15961856,0.064384215,4.545008,4.3068433
Ian Anderson,2027,29,SP,19951,0.22437777,0.09435554,3.8370223,4.0777535
J.P. France,2027,32,SP,21212,0.14661312,0.076381505,4.6811113,4.5874815
JP Sears,2027,31,SP,23429,0.17788912,0.06563656,4.632282,4.6526613
JT Brubaker,2027,33,SP,17578,0.2090027,0.086836256,4.301176,4.549886
Jack Flaherty,2027,31,SP,17479,0.23848233,0.094587974,4.0496616,4.282297
Jacob deGrom,2027,39,SP,10954,0.24035323,0.059333153,3.0871108,3.3183868
Jake Irvin,2027,30,SP,21504,0.15393008,0.08528174,4.7091837,4.613879
Jake Odorizzi,2027,37,SP,6397,0.18489002,0.077453345,4.4166245,4.3528647
James Paxton,2027,38,SP,11828,0.1595058,0.07064618,4.696976,4.355239
Jameson Taillon,2027,35,SP,11674,0.17715828,0.055870358,4.5312924,4.5811996
Jared Shuster,2027,28,SP,27472,0.15042008,0.08452357,4.390832,4.4552126
Jesus Luzardo,2027,29,SP,19959,0.28421453,0.07598553,3.6809459,3.7667377
Joan Adon,2027,28,SP,22925,0.19088195,0.084365934,4.168163,4.489344
Joe Musgrove,2027,34,SP,12970,0.20814317,0.06843017,4.301268,4.069993
Joe Ryan,2027,31,SP,21390,0.23641232,0.06459663,4.0979967,4.049998
Joey Lucchesi,2027,34,SP,19320,0.1947025,0.07803098,4.3625894,4.6226664
Johan Oviedo,2027,29,SP,22487,0.21748085,0.09921586,4.152846,4.213106
Jon Gray,2027,35,SP,14916,0.19203566,0.07225286,4.4772534,4.4540195
Jordan Lyles,2027,36,SP,7593,0.16882303,0.042723335,4.4680185,4.5491266
Jordan Montgomery,2027,34,SP,16511,0.20141879,0.076109864,4.278633,4.259365
Jose Berrios,2027,33,SP,14168,0.20154732,0.07066881,4.4368143,4.434006
Jose Quintana,2027,38,SP,11423,0.17885056,0.092789546,4.4118,4.4376726
Jose Urena,2027,35,SP,11589,0.1866222,0.0723867,4.5084186,4.430835
Josiah Gray,2027,29,SP,24580,0.14591937,0.10521139,4.9514823,4.9339213
Julio Urias,2027,30,SP,14765,0.23852721,0.055999592,4.1690836,3.9215949
Justin Dunn,2027,31,SP,19268,0.104361415,0.09879475,5.282394,5.183724
Justin Steele,2027,31,SP,17312,0.23743317,0.07437485,3.8604388,3.91545
Justin Verlander,2027,44,SP,8700,0.14089082,0.07660677,4.708947,4.322144
Kenta Maeda,2027,39,SP,18498,0.14344342,0.063814886,4.7175355,4.330664
Kevin Gausman,2027,36,SP,14107,0.22259705,0.08129647,3.781483,3.8874252
Kodai Senga,2027,34,SP,31838,0.23575544,0.07520196,3.9625976,3.7272155
Kyle Bradish,2027,30,SP,24586,0.24150433,0.079304114,3.9507074,4.032815
Kyle Freeland,2027,34,SP,16256,0.1508619,0.06902312,4.398621,4.6402287
Kyle Gibson,2027,39,SP,10123,0.16150112,0.06796072,4.342132,4.4096193
Kyle Hendricks,2027,37,SP,12049,0.16456176,0.05273238,4.4593225,4.494519
Lance Lynn,2027,40,SP,2520,0.1571809,0.059747744,4.757662,4.088432
Lance McCullers Jr.,2027,33,SP,14120,0.23032792,0.09872624,4.196083,4.3884864
Logan Allen,2027,28,SP,27589,0.2215189,0.07429565,4.154079,3.9815938
Logan Gilbert,2027,30,SP,22250,0.24550681,0.060441438,4.0329485,4.007304
Logan Webb,2027,30,SP,17995,0.21973674,0.06031283,3.621079,3.7282476
Lucas Giolito,2027,32,SP,15474,0.19895132,0.070109256,4.522134,4.587396
Luis Castillo,2027,34,SP,15689,0.21436925,0.07948548,4.316054,4.1938243
Luis Cessa,2027,35,SP,13345,0.15692374,0.082709864,4.3634353,4.6273937
Luis Garcia,2027,30,SP,23735,0.27084565,0.07513752,3.8084004,3.829976
Luis L. Ortiz,2027,28,SP,27646,0.16220368,0.093374304,4.445463,4.417933
Luis Severino,2027,33,SP,15890,0.17829655,0.05233427,4.6708307,4.705021
Luke Weaver,2027,33,SP,16918,0.15950513,0.05005567,4.6239657,5.1478634
MacKenzie Gore,2027,28,SP,22201,0.2496345,0.0949103,3.9412436,4.0618496
Marco Gonzales,2027,35,SP,15467,0.17191634,0.057214394,4.725046,4.4029064
Marcus Stroman,2027,36,SP,13431,0.19895402,0.09115389,4.413299,4.379159
Matt Manning,2027,29,SP,20369,0.18206431,0.0758619,4.446256,4.4894958
Matthew Boyd,2027,36,SP,15440,0.1783564,0.064087115,4.37134,4.551293
Max Fried,2027,33,SP,13743,0.22203088,0.072203,3.8715246,3.8415182
Max Scherzer,2027,42,SP,3137,0.14605488,0.077921934,4.748974,4.4234805
Merrill Kelly,2027,38,SP,11156,0.18234308,0.08880161,4.627141,4.3811707
Michael Kopech,2027,31,SP,17282,0.13530794,0.12836318,4.5925784,4.2207007
Michael Lorenzen,2027,35,SP,14843,0.18958706,0.08984572,4.353504,4.55583
Michael Pineda,2027,38,SP,5372,0.15526392,0.043095272,4.5375433,4.458723
Michael Wacha,2027,35,SP,14078,0.19176316,0.070921816,4.5877347,4.371884
Mike Clevinger,2027,36,SP,12808,0.18807222,0.0741327,4.6079497,4.329997
Mike Minor,2027,39,SP,10021,0.17166016,0.06077083,4.413213,4.219749
Miles Mikolas,2027,38,SP,9803,0.15700312,0.048945006,4.4295626,4.4824276
Mitch Keller,2027,31,SP,17594,0.23527257,0.08554864,3.9937596,4.226072
Nathan Eovaldi,2027,37,SP,9132,0.18570963,0.08283491,4.4912376,4.3530564
Nestor Cortes,2027,32,SP,17874,0.22894454,0.07330368,4.250272,4.1308355
Nick Lodolo,2027,29,SP,26378,0.2781369,0.06657615,3.7755885,3.7325075
Noah Syndergaard,2027,34,SP,11762,0.16552088,0.04663411,4.4792075,4.979096
Pablo Lopez,2027,31,SP,17085,0.25957236,0.07093047,3.7086918,3.7387025
Patrick Corbin,2027,37,SP,9323,0.17947844,0.059665956,4.3445396,4.378817
Patrick Sandoval,2027,30,SP,19447,0.20321485,0.096536905,4.0161805,4.150063
Paul Blackburn,2027,33,SP,14739,0.21181163,0.0912931,4.2904706,4.5971503
Quinn Priester,2027,26,SP,25977,0.16857217,0.07805809,4.332216,4.470526
Ranger Suarez,2027,31,SP,17277,0.21468414,0.09057742,4.02762,4.186771
Reese Olson,2027,27,SP,24968,0.2526998,0.06379727,3.7988858,3.7525842
Reid Detmers,2027,27,SP,27468,0.27769637,0.0829828,3.6720793,3.82485
Rich Hill,2027,47,SP,4806,0.16619246,0.04149383,4.4346547,4.8844275
Ryan Feltner,2027,30,SP,21446,0.17021744,0.08021827,4.0970902,4.2836246
Ryan Weathers,2027,27,SP,23796,0.17814657,0.07064746,4.4513564,4.7008
Ryne Nelson,2027,29,SP,26253,0.14862587,0.06577479,4.560758,4.689445
Sandy Alcantara,2027,31,SP,18684,0.20826939,0.07500607,4.06255,4.126573
Seth Lugo,2027,37,SP,12447,0.18006648,0.06952019,4.6368074,4.276892
Shane Bieber,2027,32,SP,19427,0.21693662,0.079707265,3.9570968,4.077184
Shane McClanahan,2027,30,SP,21483,0.260526,0.075458184,3.7467837,3.7221212
Shohei Ohtani,2027,32,SP,19755,0.26683488,0.07316392,3.7254913,3.4589224
Sonny Gray,2027,37,SP,12768,0.1949301,0.0842837,3.9117057,3.9612448
Spencer Strider,2027,28,SP,27498,0.34970436,0.065248474,2.9739954,2.7458022
Spencer Turnbull,2027,34,SP,16207,0.20519982,0.094555154,4.285905,4.555422
Taijuan Walker,2027,34,SP,11836,0.19534458,0.08575293,4.423505,4.5637565
Taj Bradley,2027,26,SP,22543,0.26984826,0.06772277,3.7967322,4.0764813
Tanner Bibee,2027,28,SP,30134,0.22808558,0.06683139,3.8692286,3.7165673
Tanner Houck,2027,31,SP,19879,0.22117169,0.08951483,3.9545317,4.1833534
Tarik Skubal,2027,30,SP,22267,0.2746648,0.061849087,3.7131875,3.6525476
Tommy Henry,2027,29,SP,26285,0.18173774,0.08603797,4.5490246,4.491994
Tony Gonsolin,2027,33,SP,19388,0.17705898,0.080062814,4.712759,4.4541483
Touki Toussaint,2027,31,SP,16929,0.17222747,0.11843147,4.2273765,4.3014965
Trevor Williams,2027,35,SP,16977,0.16830833,0.041666128,4.72117,4.4288597
Tyler Anderson,2027,37,SP,12880,0.19435413,0.0847937,4.3287044,4.340133
Tyler Glasnow,2027,33,SP,14374,0.26617223,0.072654426,3.6082683,3.5308068
Tyler Wells,2027,32,SP,20000,0.1897312,0.052512508,4.808394,4.337994
Tylor Megill,2027,31,SP,21318,0.19542435,0.08053238,4.445606,4.807073
Vince Velasquez,2027,35,SP,11189,0.18541405,0.08222515,4.351191,4.559562
Vladimir Gutierrez,2027,31,SP,19278,0.16926692,0.08667208,4.5807695,4.697385
Wade Miley,2027,40,SP,8779,0.14799146,0.083130494,4.8328238,4.377094
Walker Buehler,2027,32,SP,19374,0.22500008,0.07672112,3.9981363,4.07256
Yu Darvish,2027,40,SP,13074,0.14937806,0.07948849,4.575682,4.4042597
Yusei Kikuchi,2027,36,SP,20633,0.11203812,0.06941581,5.267116,4.243798
Zac Gallen,2027,31,SP,19291,0.24591364,0.07144074,3.733673,3.7829578
Zach Davies,2027,34,SP,13183,0.20644602,0.09082834,4.3753557,4.65241
Zach Eflin,2027,33,SP,13774,0.20534855,0.06251973,4.0203266,4.1440196
Zack Greinke,2027,43,SP,1943,0.12903345,0.040788457,4.543098,4.324635
Zack Wheeler,2027,37,SP,10310,0.18845165,0.07205441,3.9355898,3.9782043
A.J. Minter,2028,34,RP,18655,0.24576975,0.09411235,3.8256383,4.005155
A.J. Puk,2028,33,RP,19343,0.2446734,0.084980786,3.9077528,3.9658399
Aaron Ashby,2028,30,RP,23550,0.24032162,0.10335242,4.0647135,4.261333
Aaron Bummer,2028,34,RP,16258,0.24496688,0.115158096,4.0873413,4.304967
Aaron Loup,2028,40,RP,10343,0.1668974,0.083490975,4.1428237,4.4984226
Aaron Sanchez,2028,35,RP,11490,0.15585318,0.078988664,4.7116165,5.120994
Abner Uribe,2028,28,RP,25327,0.25966135,0.10138292,3.554817,3.591391
Adam Cimber,2028,37,RP,15288,0.1531453,0.07125657,4.34355,4.5617433
Adam Ottavino,2028,42,RP,1247,0.19518007,0.09331487,4.205246,4.454836
Adbert Alzolay,2028,33,RP,17859,0.2409379,0.07910277,3.8564303,3.8787327
Adrian Martinez,2028,31,RP,21023,0.19821785,0.08871841,4.2655144,4.446926
Albert Abreu,2028,32,RP,17485,0.22068748,0.107117794,4.2740984,4.469957
Alec Marsh,2028,30,RP,27451,0.22718701,0.110121265,4.2446804,4.5840435
Alex Lange,2028,32,RP,19883,0.24812584,0.10620006,4.1390533,4.213922
Alex Vesia,2028,32,RP,25007,0.25306234,0.101024635,4.101825,4.1135406
Alex Wood,2028,37,RP,13781,0.17853154,0.08444281,4.234049,4.6348476
Alex Young,2028,34,RP,18333,0.18446937,0.08720003,4.391822,4.5712595
Alexis Diaz,2028,31,RP,21132,0.23884569,0.10785103,4.0375524,3.963035
Amir Garrett,2028,36,RP,14375,0.22006285,0.10465669,4.1940775,4.161129
Amos Willingham,2028,29,RP,26128,0.16834202,0.08232509,4.319118,4.329426
Andre Jackson,2028,32,RP,21298,0.20861562,0.09895878,4.2139044,4.406165
Andre Pallante,2028,29,RP,26108,0.175506,0.09445495,4.1546183,4.2598825
Andres Machado,2028,35,RP,14681,0.18020539,0.08043287,4.3982444,4.5763845
Andres Munoz,2028,29,RP,20373,0.27221066,0.100129046,3.765945,3.8351753
Andrew Bellatti,2028,36,RP,10657,0.21361576,0.09859383,4.176996,4.4071426
Andrew Chafin,2028,38,RP,12988,0.21506707,0.094666176,4.062797,4.3792143
Andrew Nardi,2028,29,RP,25942,0.23737797,0.1020516,4.088704,4.3301225
Andrew Vasquez,2028,34,RP,19482,0.18838787,0.09428119,4.226198,4.360348
Andrew Wantz,2028,32,RP,24933,0.22397463,0.09994143,4.153425,4.2844734
Angel Perdomo,2028,34,RP,17759,0.25471082,0.1128628,4.1825147,4.314305
Angel Zerpa,2028,28,RP,22717,0.18158527,0.08599721,4.0828543,4.193732
Anthony Bass,2028,40,RP,7982,0.17883544,0.084626414,4.32298,4.442782
Anthony Bender,2028,33,RP,19742,0.2226488,0.094387434,4.0852284,4.1965675
Anthony Gose,2028,37,RP,5097,0.2200852,0.08641857,4.0041084,4.1360545
Aroldis Chapman,2028,40,RP,10233,0.30025423,0.10906166,3.2746181,3.29935
Art Warren,2028,35,RP,18251,0.2203954,0.10195174,4.078889,4.319725
Austin Adams,2028,37,RP,13801,0.22650093,0.10222719,4.118867,4.432291
Austin Cox,2028,31,RP,24604,0.21028088,0.10615997,4.0943465,4.3485794
Austin Davis,2028,35,RP,17117,0.21574675,0.09949543,4.1977406,4.486895
Austin Pruitt,2028,38,RP,15290,0.14429562,0.06164386,4.4558735,4.677556
Austin Voth,2028,36,RP,15047,0.18381035,0.075404085,4.38689,4.789546
Bailey Falter,2028,31,RP,20070,0.19254832,0.07172882,4.14556,4.226335
Beau Brieske,2028,30,RP,26079,0.18343972,0.08760633,4.2100263,4.248967
Ben Heller,2028,36,RP,15100,0.18599188,0.09711871,4.326834,4.397602
Ben Lively,2028,36,RP,14932,0.17129669,0.071985975,4.4813585,4.8687263
Blake Taylor,2028,32,RP,16418,0.20253776,0.10639816,4.251787,4.424167
Bowden Francis,2028,32,RP,20548,0.22064753,0.07743077,3.953667,3.8141208
Brad Boxberger,2028,40,RP,10133,0.183502,0.09362241,4.356501,4.465534
Brad Hand,2028,38,RP,9111,0.18654118,0.09312884,4.2223105,4.525098
Brendan White,2028,29,RP,26024,0.22422825,0.10150172,4.024564,4.3486166
Brennan Bernardino,2028,36,RP,16835,0.19889517,0.07428833,3.8657444,4.0607905
Brent Honeywell,2028,33,RP,16466,0.18418548,0.09040071,4.3668504,4.4477654
Brent Suter,2028,38,RP,13942,0.1517586,0.075134546,3.882521,4.0737724
Brett Martin,2028,33,RP,17369,0.19077468,0.09475355,4.1727204,4.43702
Brock Burke,2028,31,RP,17968,0.22224633,0.07636336,3.9719589,3.9028635
Brock Stewart,2028,36,RP,16727,0.23202968,0.081938915,3.9627059,4.1522136
Brooks Raley,2028,40,RP,10061,0.20708303,0.09056261,4.0304832,4.4062214
Brusdar Graterol,2028,29,RP,20367,0.19332016,0.08555615,3.91972,3.9153984
Bryan Abreu,2028,31,RP,16609,0.25693727,0.10922815,3.991782,4.042427
Bryan Baker,2028,33,RP,19804,0.22936456,0.099390276,4.0259995,4.1735086
Bryan Hoeing,2028,31,RP,26304,0.16761236,0.08215894,4.4093437,4.5767145
Bryan Shaw,2028,40,RP,8110,0.15433706,0.08732958,4.4923315,4.880578
Bryse Wilson,2028,30,RP,19990,0.18860587,0.085607685,4.2351284,4.2687473
Buck Farmer,2028,37,RP,14814,0.18834583,0.090659454,4.2770767,4.542744
Caleb Ferguson,2028,31,RP,19349,0.2369542,0.10053468,4.100878,4.190309
Caleb Smith,2028,36,RP,14875,0.1940295,0.098395705,4.4371514,4.407638
Caleb Thielbar,2028,41,RP,10078,0.21456435,0.0814683,3.740025,4.131649
Calvin Faucher,2028,32,RP,20116,0.20472828,0.09947342,4.281358,4.5526867
Camilo Doval,2028,30,RP,21992,0.24388902,0.098219484,3.909274,3.9186256
Carl Edwards Jr.,2028,36,RP,13607,0.19037248,0.09895989,4.27439,4.4317555
Carlos Estevez,2028,35,RP,14542,0.21465145,0.09591784,4.1874366,4.4674344
Carlos Hernandez,2028,31,RP,22713,0.22191493,0.105552174,4.229221,4.598884
Carmen Mlodzinski,2028,29,RP,27572,0.21232893,0.09992382,4.0401053,4.087635
Casey Lawrence,2028,40,RP,11121,0.114020064,0.06693398,5.0449243,5.9071593
Chad Kuhl,2028,35,RP,14975,0.18322681,0.10314964,4.633314,4.8578076
Chase Silseth,2028,28,RP,30074,0.21755248,0.09954096,4.0838857,4.4023137
Chasen Shreve,2028,37,RP,10855,0.191413,0.07521809,4.213695,4.5596952
Chris Devenski,2028,37,RP,12763,0.18249342,0.053852916,4.1720734,4.718435
Chris Flexen,2028,33,RP,13896,0.16706926,0.07774847,4.553762,4.745313
Chris Martin,2028,42,RP,11847,0.1807456,0.05727047,3.5668635,3.8758304
Chris Murphy,2028,30,RP,26214,0.20740639,0.09886066,4.0035133,4.2830215
Chris Stratton,2028,37,RP,13761,0.19416906,0.08577388,4.0556254,4.4509063
Cionel Perez,2028,32,RP,19614,0.20653057,0.10486877,4.1679134,4.3397045
Clay Holmes,2028,35,RP,13649,0.22312856,0.09360976,3.9565804,4.2032914
Cody Bolton,2028,30,RP,23265,0.20560999,0.105716206,4.126832,4.4554505
Cody Bradford,2028,30,RP,27597,0.20068572,0.080091015,4.0567503,4.1752834
Cole Irvin,2028,34,RP,19244,0.17561413,0.06750706,4.30069,4.509049
Cole Ragans,2028,30,RP,21846,0.22066674,0.099446714,4.012135,4.2002974
Cole Sands,2028,30,RP,21461,0.20707984,0.102219224,4.156419,4.3941555
Colin Holderman,2028,32,RP,22361,0.20629449,0.09928445,4.0583954,4.291373
Colin Poche,2028,34,RP,19403,0.22787707,0.09286454,4.1187,4.261708
Colin Selby,2028,30,RP,24986,0.2555925,0.11070801,4.592978,5.368114
Collin McHugh,2028,41,RP,7531,0.17427173,0.077745244,4.0408187,4.4056726
Collin Snider,2028,32,RP,23307,0.16778082,0.09250016,4.257357,4.4971843
Connor Brogdon,2028,33,RP,21205,0.21209103,0.09436543,4.1668296,4.3451962
Connor Seabold,2028,32,RP,19695,0.17454146,0.0787288,4.540863,4.778372
Corey Kluber,2028,42,RP,2429,0.12658729,0.058801923,4.6140037,5.360569
Corey Knebel,2028,36,RP,15010,0.21229295,0.10691191,4.234866,4.4461327
Cory Abbott,2028,32,RP,20277,0.21716084,0.09930081,4.2950974,4.507957
Craig Kimbrel,2028,40,RP,6655,0.23720483,0.10647613,3.941201,4.3069096
Craig Stammen,2028,44,RP,7274,0.15708797,0.05295297,4.336388,4.670636
DL Hall,2028,29,RP,22207,0.2361012,0.097718306,3.9662554,4.2107368
Dakota Hudson,2028,33,RP,19206,0.16402179,0.09182995,4.368592,4.540309
Dane Dunning,2028,33,RP,19409,0.19696888,0.092487164,4.2532783,4.454573
Daniel Bard,2028,43,RP,7115,0.16780953,0.101511456,4.348718,3.9191399
Daniel Duarte,2028,31,RP,17480,0.1912556,0.1033067,4.264399,4.3546934
Daniel Palencia,2028,28,RP,27914,0.2491488,0.09835719,3.8080578,3.915799
Danny Coulombe,2028,38,RP,13293,0.19826542,0.07950018,3.9865098,4.248447
Dany Jimenez,2028,34,RP,21170,0.20900309,0.1067479,4.2443256,4.4349604
Darren O'Day,2028,45,RP,3321,0.18944442,0.08944342,4.1642456,4.3438005
Dauri Moreta,2028,32,RP,21101,0.2384935,0.094562106,4.0619235,4.167538
David Bednar,2028,33,RP,19569,0.23798037,0.08904672,3.8319483,3.828156
David Peterson,2028,32,RP,20302,0.24442182,0.10630871,4.15487,4.315743
David Phelps,2028,41,RP,6316,0.2017859,0.092757024,4.053102,4.335872
David Price,2028,42,RP,3184,0.16473426,0.06771715,4.393551,4.8003054
David Robertson,2028,43,RP,8241,0.21403348,0.10243288,3.9907393,4.2640505
Derek Law,2028,37,RP,13133,0.16993724,0.09380013,4.351881,4.5060244
Devin Williams,2028,33,RP,15816,0.2575926,0.12363279,4.0819488,4.295397
Dillon Peters,2028,35,RP,18790,0.17182142,0.08727118,4.4591117,4.705093
Dillon Tate,2028,34,RP,17796,0.1891967,0.08340956,4.181644,4.403201
Dinelson Lamet,2028,35,RP,17186,0.23810205,0.10449271,3.9941475,4.2518396
Domingo Tapia,2028,36,RP,12178,0.19257247,0.1046347,4.29598,4.3468375
Dominic Leone,2028,36,RP,13763,0.19560385,0.09348727,4.382078,4.370221
Drew Hutchison,2028,37,RP,10732,0.14945714,0.09034134,4.6146502,4.7422976
Drew Smith,2028,34,RP,17755,0.23358156,0.09487247,4.148066,4.2663774
Drew Smyly,2028,39,RP,11760,0.17401372,0.06737242,4.391954,4.8321395
Drew VerHagen,2028,37,RP,13424,0.1744401,0.085888766,4.5234313,4.9403124
Drey Jameson,2028,30,RP,26260,0.21570262,0.097394556,4.1075993,4.154049
Duane Underwood Jr.,2028,33,RP,14677,0.18888485,0.09701065,4.1943674,4.48937
Dylan Coleman,2028,31,RP,22276,0.21742392,0.10889145,4.179636,4.3422046
Dylan Covey,2028,36,RP,14825,0.1555615,0.07995535,4.7075024,5.1781926
Dylan Floro,2028,37,RP,13394,0.19222005,0.08281032,3.8992033,4.2992353
Dylan Lee,2028,33,RP,19996,0.22195613,0.07933885,3.9176307,3.9326298
Edwin Diaz,2028,34,RP,14710,0.26581338,0.12471634,4.0065203,4.1812587
Eli Morgan,2028,32,RP,20203,0.23390326,0.09021669,4.007964,4.1523814
Elieser Hernandez,2028,33,RP,16933,0.22182968,0.06856371,3.9328635,4.0902257
Elvis Peguero,2028,31,RP,21652,0.19929153,0.09827746,4.1585045,4.3752356
Emilio Pagan,2028,37,RP,14771,0.2123175,0.07325474,3.9375975,4.134938
Emmanuel Clase,2028,30,RP,21032,0.21187943,0.07890928,3.7025075,3.6414347
Enyel De Los Santos,2028,32,RP,18403,0.23200247,0.10211202,4.12372,4.3007936
Erasmo Ramirez,2028,38,RP,10314,0.13370457,0.045369145,4.485971,4.9486184
Eric Stout,2028,35,RP,16873,0.20285356,0.10155745,4.239772,4.5399103
Erik Swanson,2028,34,RP,16587,0.2445829,0.08616034,3.917336,3.9366202
Evan Phillips,2028,33,RP,17734,0.23930895,0.07823219,3.8238654,3.680691
Felix Bautista,2028,33,RP,20666,0.26442128,0.110072404,4.0713854,4.0601397
Fernando Cruz,2028,38,RP,7048,0.22816484,0.09744598,3.909674,4.3227453
Francisco Perez,2028,30,RP,21018,0.20127094,0.10313763,4.135293,4.4965944
Gabe Speier,2028,33,RP,17170,0.21849072,0.0786037,3.9449666,4.0596843
Garrett Richards,2028,40,RP,9784,0.14381422,0.07532474,4.5335083,5.1279917
Garrett Whitlock,2028,32,RP,20191,0.21737744,0.06902773,3.7936766,3.8571818
Gavin Hollowell,2028,30,RP,25427,0.19148889,0.09797796,4.122558,4.3036737
Genesis Cabrera,2028,31,RP,17490,0.22492857,0.10329777,4.1650653,4.3855634
George Soriano,2028,29,RP,21863,0.21746238,0.10172735,4.071293,4.250459
Giovanny Gallegos,2028,36,RP,14986,0.22975066,0.074396275,3.753958,3.930463
Grant Anderson,2028,31,RP,20546,0.20009033,0.097986564,4.2046065,4.4019527
Grant Hartwig,2028,30,RP,29946,0.20874996,0.102865264,4.1826677,4.459016
Greg Weissert,2028,33,RP,20375,0.2169978,0.09584839,4.157199,4.385708
Gregory Santos,2028,28,RP,21894,0.20894334,0.09264387,3.8645043,4.126052
Gregory Soto,2028,33,RP,19677,0.22631162,0.10597384,4.1490273,4.3272424
Griffin Jax,2028,33,RP,20253,0.2198558,0.08539896,4.028938,4.2320213
Gus Varland,2028,31,RP,24737,0.20730057,0.10734878,4.2225666,4.515823
Hansel Robles,2028,37,RP,11801,0.19482836,0.097470015,4.201816,4.4884143
Hayden Wesneski,2028,30,RP,27581,0.22039378,0.09328985,4.0995207,4.1640615
Hector Neris,2028,39,RP,11804,0.22395743,0.094377264,3.9690428,4.3033304
Hirokazu Sawamura,2028,40,RP,27515,0.1730446,0.09853667,4.382829,4.253217
Hobie Harris,2028,35,RP,18615,0.1575474,0.09516005,4.2334824,4.28071
Hoby Milner,2028,37,RP,13346,0.20005633,0.06004358,3.918638,4.022031
Huascar Brazoban,2028,38,RP,6107,0.199034,0.103167385,4.262337,4.397699
Hunter Harvey,2028,33,RP,15507,0.22771183,0.082515165,3.8848712,3.9590175
Hunter Strickland,2028,39,RP,7836,0.17068268,0.08978408,4.343523,4.5538917
Ian Gibaut,2028,34,RP,17871,0.21362698,0.09676037,4.131823,4.316175
Ian Hamilton,2028,33,RP,19261,0.23340425,0.096978955,4.0432277,4.0760565
Ian Kennedy,2028,43,RP,6986,0.19822046,0.035125773,4.1877723,4.2286415
Isaiah Campbell,2028,30,RP,25551,0.246525,0.10678343,4.0901666,4.07194
J.B. Wendelken,2028,35,RP,14506,0.20067829,0.10007267,4.1908536,4.435019
J.P. Feyereisen,2028,35,RP,16610,0.21401177,0.096543685,4.1944184,4.319402
JT Chargois,2028,37,RP,13767,0.1817761,0.08895172,4.2143598,4.490105
Jackson Kowar,2028,31,RP,21549,0.2279446,0.11515696,4.4095955,4.639388
Jacob Webb,2028,34,RP,19274,0.21965201,0.10204726,4.2423472,4.4469676
Jaime Barria,2028,31,RP,18356,0.17908432,0.082056224,4.370591,4.376836
Jake Bird,2028,32,RP,21267,0.17598265,0.09122044,3.9931974,4.2194943
Jake Diekman,2028,41,RP,5003,0.26918653,0.09900001,3.7935028,3.8010263
Jake McGee,2028,41,RP,7550,0.16735485,0.0633401,4.2061815,4.6391864
Jake Woodford,2028,31,RP,18674,0.1713575,0.08763615,4.4131393,4.492508
Jakob Junis,2028,35,RP,13619,0.20573035,0.063892975,3.9152768,4.2066026
Jalen Beeks,2028,34,RP,17192,0.2295152,0.096575074,4.0791287,4.342786
James Karinchak,2028,32,RP,20151,0.26342705,0.112302944,4.1344867,4.218092
James McArthur,2028,31,RP,21527,0.21231765,0.07911842,3.8863447,4.020602
James Norwood,2028,34,RP,16440,0.20568901,0.0984872,4.2065864,4.56413
Jandel Gustave,2028,35,RP,14665,0.19619155,0.09387865,4.278769,4.5341325
Jarlin Garcia,2028,35,RP,18282,0.19774072,0.07946469,4.1338964,4.2254424
Jason Adam,2028,36,RP,11861,0.24394198,0.085974135,3.9086928,3.900184
Jason Alexander,2028,35,RP,19666,0.14504915,0.07942522,4.4158583,4.6160994
Jason Foley,2028,32,RP,19531,0.18380119,0.08488945,3.9590323,4.1432085
Javier Assad,2028,30,RP,21741,0.2079403,0.099278554,4.175006,4.2331896
Javy Guerra,2028,32,RP,17292,0.18873481,0.109058715,4.3496456,4.564385
Jay Jackson,2028,40,RP,7432,0.2040237,0.08136354,4.1364946,4.169688
Jeff Brigham,2028,36,RP,16631,0.21822451,0.084749155,4.0532303,4.3173876
Jeff Hoffman,2028,35,RP,17432,0.23125964,0.0959446,4.09115,4.357777
Jesse Chavez,2028,44,RP,5448,0.18685186,0.08454209,4.068991,4.3902946
Jesse Scholtens,2028,34,RP,19205,0.14627618,0.07495301,4.4417534,4.6048923
Jesus Tinoco,2028,33,RP,16300,0.18998794,0.09860342,4.347497,4.344125
Jharel Cotton,2028,36,RP,13654,0.19018243,0.091109425,4.4069552,4.683725
Jhoan Duran,2028,30,RP,21029,0.25077686,0.09134875,3.8735528,3.6739328
Jhony Brito,2028,30,RP,25386,0.19391257,0.089784674,4.1795464,4.236987
Jhoulys Chacin,2028,40,RP,2608,0.123632394,0.07292852,4.713417,5.332191
Jimmy Cordero,2028,36,RP,15690,0.19896509,0.08436857,4.1900535,4.5628047
Jimmy Herget,2028,34,RP,17556,0.20195721,0.07892231,4.10548,4.2548013
Jimmy Lambert,2028,33,RP,19541,0.21854886,0.10202912,4.2534456,4.453055
JoJo Romero,2028,31,RP,19574,0.24101019,0.09872036,4.0438485,4.2359915
Joe Jacques,2028,33,RP,25178,0.16535923,0.084135205,4.170399,4.354798
Joe Jimenez,2028,33,RP,15761,0.2527092,0.09167375,3.9349597,3.9626002
Joe Kelly,2028,40,RP,9761,0.23056367,0.10960432,3.9887803,4.3056164
Joe La Sorsa,2028,30,RP,25481,0.19297965,0.08990635,4.1042557,4.2456756
Joe Mantiply,2028,37,RP,14857,0.17828824,0.069649406,3.9977126,4.3590126
Joe Smith,2028,44,RP,3281,0.12133278,0.06106801,4.698627,5.177507
Joel Payamps,2028,34,RP,14332,0.20924345,0.076849565,4.0663233,4.087448
Joey Wentz,2028,30,RP,19962,0.20694092,0.10013418,4.2975364,4.5688486
John Brebbia,2028,38,RP,12777,0.20126545,0.08247434,4.088938,4.458038
John Curtiss,2028,35,RP,16128,0.2046753,0.084493734,4.1843863,4.4071116
John King,2028,33,RP,22051,0.15858825,0.08083973,4.1964135,4.3871493
John Schreiber,2028,34,RP,20020,0.2223668,0.09773223,4.1132226,4.3312798
Jonathan Hernandez,2028,31,RP,17464,0.22214107,0.10581504,4.162719,4.416922
Jonathan Loaisiga,2028,33,RP,19753,0.16811769,0.08039899,4.131529,4.26681
Jordan Balazovic,2028,29,RP,21866,0.19155784,0.09639289,4.186718,4.3015933
Jordan Hicks,2028,31,RP,19618,0.22992858,0.10757415,3.9772856,4.077678
Jordan Romano,2028,35,RP,16122,0.23642989,0.0926709,4.024037,4.0933337
Jordan Weems,2028,35,RP,13190,0.22114171,0.09119924,4.1409135,4.4002843
Jorge Lopez,2028,35,RP,14527,0.1828341,0.079825476,4.4776216,4.843113
Jose A. Ferrer,2028,28,RP,24017,0.1950321,0.0972903,4.083692,4.466255
Jose Alvarado,2028,33,RP,17780,0.25242105,0.120006725,4.1013303,4.2533736
Jose Alvarez,2028,39,RP,5358,0.16387123,0.088656425,4.3355317,4.499317
Jose Cisnero,2028,39,RP,6399,0.19431354,0.0941418,4.2178245,4.513144
Jose Cuas,2028,34,RP,17701,0.2099965,0.102026835,4.2391405,4.422288
Jose Hernandez,2028,30,RP,22318,0.23531485,0.10366964,4.053652,4.2189856
Jose Leclerc,2028,34,RP,14524,0.24085557,0.106122606,4.1975584,4.317407
Jose Ruiz,2028,33,RP,14552,0.21694946,0.10149901,4.250617,4.412951
Jose Soriano,2028,29,RP,22100,0.25328946,0.103760056,3.8207438,3.8326766
Jose Urquidy,2028,33,RP,18413,0.18119861,0.08111765,4.3656783,4.4709473
Josh Hader,2028,34,RP,14212,0.28404704,0.111227356,4.0358844,4.163136
Josh Rogers,2028,33,RP,18510,0.16144401,0.08668437,4.533354,4.58246
Josh Sborz,2028,34,RP,18323,0.24878605,0.09838255,4.0497527,4.1696424
Josh Staumont,2028,34,RP,18335,0.22714868,0.10538112,4.161587,4.396386
Josh Taylor,2028,35,RP,17359,0.22936887,0.09795497,4.085998,4.3305726
Josh Winckowski,2028,30,RP,22387,0.17656848,0.08927244,4.1057243,4.2646084
Josh Winder,2028,31,RP,24606,0.1747,0.08521537,4.2404976,4.348428
Jovani Moran,2028,31,RP,20422,0.23933743,0.10710789,3.8341768,3.9373455
Julian Merryweather,2028,36,RP,16703,0.22965968,0.09424138,4.0782423,4.377748
Junior Fernandez,2028,31,RP,18496,0.20795599,0.10519972,4.247401,4.4970236
Justin Bruihl,2028,31,RP,23779,0.19133686,0.096002355,4.2028813,4.417378
Justin Garza,2028,34,RP,19784,0.20042005,0.1023014,4.316003,4.574926
Justin Grimm,2028,39,RP,11720,0.15761942,0.10051274,4.9399543,5.4739604
Justin Lawrence,2028,33,RP,17639,0.19282827,0.09972496,3.9083023,4.129373
Justin Topa,2028,37,RP,15145,0.18754089,0.066652276,3.9461005,4.2033343
Kaleb Ort,2028,36,RP,20061,0.17673086,0.08509895,4.281526,4.628849
Keegan Akin,2028,33,RP,19362,0.21838461,0.0867522,4.100654,4.381815
Keegan Thompson,2028,33,RP,19795,0.21418376,0.107120834,4.280316,4.465384
Ken Waldichuk,2028,30,RP,27681,0.21154511,0.10220995,4.2306566,4.4850564
Kendall Graveman,2028,37,RP,15514,0.19610462,0.09809193,4.3287597,4.381928
Kenley Jansen,2028,40,RP,3096,0.21641609,0.09865662,3.9027762,4.2826834
Kevin Ginkel,2028,34,RP,19876,0.22434384,0.09496734,4.0843706,4.3244066
Kevin Kelly,2028,30,RP,25679,0.19021854,0.08443797,3.9357607,4.027438
Keynan Middleton,2028,34,RP,15264,0.23267828,0.094570324,4.1242304,4.31791
Kirby Yates,2028,41,RP,9073,0.25336316,0.10120464,3.813712,4.092429
Kutter Crawford,2028,32,RP,20531,0.2147945,0.09310329,4.080587,4.3308473
Kyle Finnegan,2028,36,RP,15009,0.20085624,0.08362026,4.2019753,4.365951
Kyle Muller,2028,30,RP,20167,0.212674,0.107349336,4.35379,4.6840267
Kyle Nelson,2028,31,RP,20515,0.21750733,0.0950875,4.0628867,4.202937
Lane Ramsey,2028,31,RP,25071,0.1999691,0.10082403,4.134746,4.435658
Lou Trivino,2028,36,RP,15043,0.21082142,0.09812767,4.1748395,4.516651
Louie Varland,2028,30,RP,27691,0.21276033,0.08815189,4.049803,4.1491075
Louis Head,2028,38,RP,13259,0.17455116,0.08220444,4.192795,4.4692326
Lucas Erceg,2028,33,RP,19360,0.20824943,0.10496255,3.912914,4.1856413
Lucas Gilbreath,2028,32,RP,21290,0.19988273,0.102085724,3.9812553,4.118275
Lucas Sims,2028,34,RP,13470,0.24852824,0.10838247,4.2008185,4.2835073
Luis Frias,2028,30,RP,21997,0.18806669,0.10179301,4.1112967,4.4719205
Luis Garcia,2028,41,RP,6984,0.17660517,0.08320326,4.0524836,4.4557023
Luis Medina,2028,29,RP,21649,0.21285859,0.108577766,4.226101,4.713579
Luke Jackson,2028,36,RP,11752,0.22638388,0.09469576,4.0562115,4.321992
Manny Banuelos,2028,37,RP,5365,0.19331712,0.099181436,4.298171,4.5012574
Mark Leiter Jr.,2028,37,RP,15551,0.22072573,0.07365568,3.8543477,4.145072
Mark Melancon,2028,43,RP,4264,0.13769129,0.079163484,4.0935006,4.234407
Martin Perez,2028,37,RP,6902,0.15697047,0.08128819,4.4579754,4.60262
Mason Englert,2028,28,RP,22288,0.17715292,0.082127176,4.2111244,4.292871
Mason Thompson,2028,30,RP,21850,0.19388685,0.09935869,4.149618,4.449653
Matt Barnes,2028,38,RP,12863,0.19106321,0.09570806,4.2140055,4.4900413
Matt Brash,2028,30,RP,25756,0.2809213,0.11186916,3.6047454,3.8069062
Matt Carasiti,2028,36,RP,13276,0.1629377,0.08600278,4.0355363,4.326071
Matt Foster,2028,33,RP,19647,0.21900617,0.09629665,4.1428514,4.408551
Matt Koch,2028,37,RP,13420,0.13313021,0.0628036,4.6011233,4.891642
Matt Moore,2028,39,RP,1890,0.20295687,0.08431483,4.135555,4.2802877
Matt Strahm,2028,36,RP,13799,0.22330347,0.074118815,3.8159773,4.003467
Matt Wisler,2028,35,RP,12804,0.21968144,0.08265199,4.037421,4.1046176
Matthew Liberatore,2028,28,RP,22294,0.19429037,0.09947811,4.20396,4.665138
Mauricio Llovera,2028,32,RP,20080,0.20715158,0.10135633,4.260558,4.4844456
Michael Fulmer,2028,35,RP,13218,0.21844856,0.096177906,4.1824484,4.452169
Michael Grove,2028,31,RP,23221,0.21119274,0.08988139,4.178815,4.3920507
Michael King,2028,33,RP,19853,0.24555911,0.090517394,3.9438343,3.9762979
Michael Rucker,2028,34,RP,19454,0.21278094,0.09515848,4.209281,4.5148044
Michael Tonkin,2028,38,RP,10315,0.20652334,0.075898506,4.085965,4.4709826
Miguel Castro,2028,33,RP,15684,0.22256789,0.10318391,4.2043786,4.432888
Mike Baumann,2028,32,RP,20206,0.21058553,0.10499794,4.233509,4.4383774
Nate Pearson,2028,31,RP,20160,0.22664255,0.108227044,4.199556,4.4502163
Nick Anderson,2028,37,RP,18337,0.23419948,0.0870969,3.825521,4.0170317
Nick Martinez,2028,37,RP,12730,0.17978331,0.077423945,4.4339576,4.6596355
Nick Mears,2028,31,RP,25376,0.21120486,0.10510559,4.200338,4.376179
Nick Pivetta,2028,35,RP,15454,0.22635289,0.08563622,4.0268946,4.306497
Nick Ramirez,2028,38,RP,12575,0.15136974,0.07404327,4.351918,4.7092137
Nick Robertson,2028,29,RP,26226,0.22274023,0.10242171,4.0548196,4.4188223
Nick Sandlin,2028,31,RP,20517,0.2402144,0.103268735,4.187628,4.290942
Nick Wittgren,2028,37,RP,15594,0.14950445,0.074304804,4.509796,4.9526205
Noe Ramirez,2028,38,RP,12800,0.18216117,0.0921835,4.3185587,4.6248484
Osvaldo Bido,2028,32,RP,23150,0.19033334,0.09384468,4.2097745,4.502203
Paul Sewald,2028,38,RP,13892,0.2442538,0.09685491,3.846512,4.0427985
Pete Fairbanks,2028,34,RP,17998,0.25898665,0.10853235,4.03534,4.192735
Peter Lambert,2028,31,RP,17969,0.14057304,0.071317315,4.3985844,4.604511
Peter Strzelecki,2028,33,RP,21367,0.2153192,0.09609587,4.1107597,4.3077765
Phil Bickford,2028,32,RP,18519,0.23665746,0.104803294,4.1486197,4.3036184
Phil Maton,2028,35,RP,18064,0.22717156,0.08977272,4.0481777,4.2965984
Pierce Johnson,2028,37,RP,13435,0.23800243,0.099629596,4.005997,4.2986636
Rafael Montero,2028,37,RP,12760,0.2094263,0.091266036,4.0978255,4.498404
Raisel Iglesias,2028,38,RP,17130,0.22943589,0.08132421,3.6600854,3.9119885
Ralph Garza,2028,34,RP,17682,0.19441022,0.10237294,4.3532014,4.4736137
Ray Kerr,2028,33,RP,23809,0.2294479,0.091254726,4.0394816,4.172886
Reynaldo Lopez,2028,34,RP,16400,0.23660858,0.0949369,4.098802,4.232885
Richard Bleier,2028,41,RP,7803,0.1180764,0.05725829,4.1269073,4.4964848
Richard Lovelady,2028,32,RP,19337,0.22874814,0.10521122,4.1620703,4.395753
Roansy Contreras,2028,28,RP,22810,0.19677272,0.09935392,4.1213493,4.4984493
Rob Zastryzny,2028,36,RP,15094,0.19511876,0.10039868,4.195975,4.369324
Robert Garcia,2028,32,RP,23363,0.22430511,0.09750884,4.0775805,4.2173576
Robert Stephenson,2028,35,RP,13594,0.24583167,0.08466502,3.8889894,4.0278673
Robert Suarez,2028,37,RP,30115,0.20830493,0.0897602,4.0882683,4.2810574
Ron Marinaccio,2028,32,RP,23488,0.24253286,0.107500404,4.174034,4.1755037
Ronel Blanco,2028,34,RP,19407,0.20729673,0.09541825,4.302144,4.3427553
Rony Garcia,2028,30,RP,20430,0.2065096,0.09320687,4.2078433,4.418977
Ross Detwiler,2028,42,RP,2859,0.14969136,0.053028576,4.613287,5.079934
Ross Stripling,2028,38,RP,13273,0.15250163,0.035169523,4.3504777,4.7433677
Rowan Wick,2028,35,RP,14646,0.21800677,0.10351354,4.189349,4.453313
Ryan Borucki,2028,34,RP,16350,0.18940596,0.0728449,4.174719,4.233887
Ryan Brasier,2028,40,RP,5615,0.18227567,0.07925961,4.034637,4.495567
Ryan Helsley,2028,33,RP,18138,0.25596803,0.11008686,4.095866,4.1789083
Ryan Pressly,2028,39,RP,7005,0.22135364,0.086218335,3.6536682,4.1029363
Ryan Thompson,2028,36,RP,16647,0.18182483,0.07542809,4.165839,4.431956
Ryan Walker,2028,32,RP,20423,0.24188983,0.09467288,4.0260773,3.964774
Ryan Yarbrough,2028,36,RP,16502,0.14371322,0.042950906,4.4192686,4.778756
Ryne Stanek,2028,36,RP,15947,0.21623687,0.098791964,4.24798,4.3971796
Sam Hentges,2028,31,RP,18548,0.23458512,0.09919674,3.9450781,4.084133
Sam Long,2028,32,RP,25379,0.19171163,0.097756274,4.2897778,4.530891
Sam Moll,2028,36,RP,14874,0.20873582,0.09926531,4.194485,4.425722
Sam Selman,2028,37,RP,13397,0.1899703,0.083899304,4.2717795,4.5919657
Sammy Peralta,2028,30,RP,25589,0.21002892,0.103547454,4.1138515,4.3450212
Scott Alexander,2028,38,RP,10591,0.14132124,0.069703504,4.1525807,4.4564595
Scott Barlow,2028,35,RP,14993,0.22794178,0.09439185,4.0216303,4.274084
Scott Effross,2028,34,RP,18384,0.22464201,0.08079145,3.9338782,4.069561
Scott McGough,2028,38,RP,12056,0.2079063,0.06941943,3.7425952,4.005944
Sean Hjelle,2028,31,RP,21481,0.21743746,0.103183426,4.190499,4.5006456
Sean Manaea,2028,36,RP,15873,0.20724952,0.074097164,3.9822311,4.3591228
Sean Poppen,2028,34,RP,19583,0.19808845,0.096337765,4.228554,4.541896
Seranthony Dominguez,2028,33,RP,19249,0.2241459,0.09964225,4.1766815,4.300651
Sergio Romo,2028,45,RP,9817,0.12925728,0.06367993,4.685484,5.4652667
Seth Martinez,2028,33,RP,21045,0.2136788,0.098955154,4.170263,4.3885436
Shawn Armstrong,2028,37,RP,12857,0.20595407,0.066486195,3.8626652,4.073909
Shelby Miller,2028,37,RP,10197,0.1845024,0.10354151,4.494158,4.5188265
Shintaro Fujinami,2028,34,RP,31839,0.20595779,0.10936113,4.392835,4.7146335
Steve Cishek,2028,42,RP,6483,0.16831006,0.09183561,4.5095787,4.302426
Steven Matz,2028,37,RP,13361,0.19187081,0.0601186,4.0114975,4.430962
Steven Okert,2028,36,RP,13580,0.23036991,0.08790565,4.033774,4.190544
Steven Wilson,2028,33,RP,20353,0.22757834,0.096271716,4.161951,4.269546
Tanner Banks,2028,36,RP,16990,0.18428311,0.08030477,4.180936,4.4229608
Tanner Scott,2028,33,RP,17586,0.25021622,0.10867767,3.9602692,4.0189743
Tayler Saucedo,2028,35,RP,17888,0.18267113,0.09325885,4.2133856,4.4416757
Tayler Scott,2028,36,RP,13652,0.17920144,0.08524961,4.522673,4.9807034
Taylor Clarke,2028,35,RP,17611,0.20663127,0.07533378,4.0921087,4.433537
Taylor Rogers,2028,37,RP,13449,0.23971774,0.09239454,3.8850718,4.3098354
Thad Ward,2028,31,RP,21513,0.20513858,0.10776233,4.365976,4.5490456
Thomas Hatch,2028,33,RP,19264,0.20108297,0.09947123,4.267404,4.495274
Tim Herrin,2028,31,RP,25139,0.22981417,0.104723796,4.0857544,4.323343
Tim Hill,2028,38,RP,16814,0.1349086,0.07360078,4.506113,4.802648
Tim Mayza,2028,36,RP,15042,0.20487367,0.07663348,4.0079684,4.1963596
Tom Cosgrove,2028,32,RP,23443,0.20195836,0.0912462,4.0907,4.062207
Tommy Doyle,2028,32,RP,21281,0.16778186,0.091646604,4.08835,4.316876
Tommy Kahnle,2028,38,RP,11384,0.23080593,0.09057909,3.9660916,4.185974
Tommy Nance,2028,37,RP,19178,0.21375443,0.08561193,4.035646,4.421876
Trent Thornton,2028,34,RP,17948,0.19121246,0.07330014,4.244583,4.3015122
Trevor Gott,2028,35,RP,15046,0.20297632,0.08045143,4.1161966,4.454834
Trevor May,2028,38,RP,6398,0.1953765,0.09763154,4.2457347,4.404461
Trevor Megill,2028,34,RP,17722,0.24581492,0.09203788,3.9602919,4.209036
Trevor Richards,2028,35,RP,19309,0.2562483,0.1126552,4.1961083,4.2707596
Trevor Stephan,2028,32,RP,19932,0.24009202,0.09806524,4.0758176,4.175377
Trey Wingenter,2028,34,RP,17793,0.25604415,0.10497959,4.0664725,4.1673956
Tristan Beck,2028,32,RP,21584,0.17542319,0.07526569,4.113911,4.202964
Tucker Davidson,2028,32,RP,19871,0.19918457,0.09906095,4.339175,4.618505
Ty Blach,2028,37,RP,14361,0.119732924,0.06389415,4.5677567,5.002327
Tyler Alexander,2028,33,RP,17735,0.18599643,0.056265496,4.130001,4.2329144
Tyler Beede,2028,35,RP,16981,0.17674768,0.08842363,4.4762197,4.824831
Tyler Danish,2028,33,RP,15126,0.1775335,0.08464697,4.2593756,4.4218397
Tyler Holton,2028,32,RP,26231,0.19929078,0.07058523,3.9077427,3.7253535
Tyler Kinley,2028,37,RP,18297,0.1797635,0.08015429,4.048094,4.400883
Tyler Matzek,2028,37,RP,10058,0.2115087,0.11497516,4.4424367,4.2955327
Tyler Rogers,2028,37,RP,15541,0.16425978,0.07746697,4.1469083,4.3734503
Victor Arano,2028,33,RP,15915,0.22649032,0.09380909,4.0566792,4.258247
Victor Gonzalez,2028,32,RP,16408,0.22160739,0.09920679,4.107203,4.313129
Wandy Peralta,2028,36,RP,14295,0.19209625,0.10021806,4.383383,4.396184
Will Smith,2028,38,RP,8048,0.20377289,0.07307134,4.0240717,4.312815
Will Vest,2028,33,RP,19769,0.22682507,0.092767745,3.9871442,4.231996
Wily Peralta,2028,39,RP,7738,0.13558765,0.103117414,4.7862544,3.9250307
Wyatt Mills,2028,33,RP,20010,0.20378962,0.100652575,4.293313,4.6378284
Xzavion Curry,2028,29,RP,25595,0.17562643,0.08682713,4.193316,4.228598
Yency Almonte,2028,34,RP,15068,0.21354309,0.10069542,4.2245116,4.514008
Yennier Cano,2028,34,RP,25911,0.20720561,0.09216085,4.102006,4.4294586
Yerry De Los Santos,2028,30,RP,21420,0.20199203,0.10308175,4.0951467,4.347862
Yimi Garcia,2028,37,RP,12095,0.21133792,0.06875503,3.8297706,4.130974
Yohan Ramirez,2028,33,RP,19444,0.21328564,0.100542605,4.2691083,4.463462
Yonny Chirinos,2028,34,RP,16401,0.16719694,0.07404378,4.477523,4.657328
Yunior Marte,2028,33,RP,14416,0.19769886,0.09683663,4.260426,4.5528154
Zach Jackson,2028,33,RP,19493,0.23960488,0.118546166,4.112512,4.1955605
Zach Thompson,2028,34,RP,16094,0.184941,0.09341037,4.248442,4.4853044
Zack Littell,2028,32,RP,15823,0.19347073,0.06548686,4.0394964,4.08542
Zack Thompson,2028,30,RP,25918,0.2201875,0.10158067,4.1023326,4.2703266
Aaron Civale,2028,33,SP,19479,0.20230357,0.07406757,4.3893633,4.46862
Aaron Nola,2028,35,SP,16149,0.19502744,0.077266075,4.4082217,4.4036636
Adam Wainwright,2028,46,SP,2233,0.1338084,0.045798033,4.325173,4.710178
Adrian Houser,2028,35,SP,12718,0.19916539,0.09199832,4.2983356,4.4698925
Adrian Sampson,2028,36,SP,13339,0.17475645,0.056470025,4.5470614,4.4747205
Alek Manoah,2028,30,SP,26410,0.21324204,0.089960106,4.5207577,4.355075
Alex Cobb,2028,40,SP,6562,0.15504931,0.07478071,4.49937,4.374874
Alex Faedo,2028,32,SP,19874,0.20317468,0.0877953,4.338674,4.608681
Andrew Abbott,2028,29,SP,29911,0.23975599,0.07421875,3.9163795,3.8964725
Andrew Heaney,2028,37,SP,15423,0.17598352,0.06724188,4.617936,4.3277884
Anibal Sanchez,2028,44,SP,3284,0.13951585,0.065723166,4.5986786,4.221085
Anthony DeSclafani,2028,38,SP,13050,0.16621915,0.05802277,4.4322104,4.417207
Austin Gomber,2028,34,SP,16561,0.17219874,0.07656679,4.3301907,4.6890936
Bailey Ober,2028,32,SP,21224,0.21656083,0.062419605,4.318416,4.1242213
Blake Snell,2028,35,SP,13543,0.2807601,0.07890254,3.2298286,3.270252
Bobby Miller,2028,29,SP,27483,0.23624057,0.065111935,3.8022242,3.8415577
Brad Keller,2028,32,SP,15734,0.17465085,0.09788038,4.4442873,4.296405
Brady Singer,2028,31,SP,25377,0.21785577,0.08064457,4.1364427,4.392276
Brandon Bielak,2028,32,SP,19866,0.18211386,0.09156945,4.571285,4.715417
Brandon Pfaadt,2028,29,SP,27782,0.19839366,0.05179429,4.3125095,4.649908
Brandon Williamson,2028,30,SP,25463,0.18607245,0.07374677,4.371277,4.347252
Brandon Woodruff,2028,35,SP,16162,0.21205951,0.06927346,4.1163135,3.9317632
Braxton Garrett,2028,30,SP,21844,0.23983577,0.06749875,3.9069824,3.9619231
Brayan Bello,2028,29,SP,23920,0.19443542,0.08336453,3.7689617,3.9216673
Bryan Woo,2028,28,SP,30279,0.26585478,0.069004536,3.8961232,4.016402
Bryce Elder,2028,29,SP,27779,0.20318787,0.08700325,4.282227,4.1436596
Bryce Miller,2028,29,SP,29837,0.2201201,0.050788186,4.172553,4.2592163
Cal Quantrill,2028,33,SP,19312,0.16506892,0.082318775,4.504296,4.68974
Carlos Carrasco,2028,41,SP,6632,0.15058914,0.05837792,4.4067345,4.2896028
Carlos Rodon,2028,35,SP,16137,0.20977944,0.0927735,4.412349,4.351204
Charlie Morton,2028,44,SP,4676,0.19507486,0.05467327,4.270855,5.0764413
Chase Anderson,2028,40,SP,6895,0.14989255,0.054822322,4.348216,4.0007463
Chris Archer,2028,39,SP,6345,0.17698084,0.087063566,4.476616,4.3972816
Chris Bassitt,2028,39,SP,12304,0.1668151,0.072757356,4.86235,4.2609444
Chris Sale,2028,39,SP,10603,0.15415761,0.07550843,4.58581,4.4296813
Clarke Schmidt,2028,32,SP,19899,0.22683093,0.08390575,4.2162642,4.3035107
Clayton Kershaw,2028,40,SP,2036,0.16800824,0.07530509,4.5751333,4.202956
Colin Rea,2028,37,SP,12317,0.18984094,0.077142924,4.443571,4.3496914
Corbin Burnes,2028,33,SP,19361,0.23691122,0.08489563,3.8508377,3.9316587
Cristian Javier,2028,31,SP,17606,0.24620783,0.07643781,4.113109,4.1004424
Cristopher Sanchez,2028,31,SP,20778,0.22447318,0.079627894,4.152797,4.2495193
Daniel Lynch IV,2028,31,SP,21537,0.18628508,0.08064702,4.4108176,4.8114834
Dean Kremer,2028,32,SP,19350,0.19826934,0.073415734,4.462217,4.7048435
Domingo German,2028,35,SP,17149,0.17265202,0.049791746,4.66196,4.557843
Drew Rasmussen,2028,32,SP,25385,0.23246627,0.08091695,3.91349,4.0139694
Dustin May,2028,30,SP,19716,0.22838478,0.081255235,4.130403,4.1394897
Dylan Bundy,2028,35,SP,12917,0.16416012,0.04768333,4.4219055,4.8421764
Dylan Cease,2028,32,SP,18525,0.2638558,0.08381088,3.7525785,3.7276535
Eduardo Rodriguez,2028,35,SP,13164,0.20406422,0.08541419,4.401331,4.4315033
Edward Cabrera,2028,30,SP,21690,0.22286671,0.11260671,4.4625177,4.5337577
Emmet Sheehan,2028,28,SP,29839,0.26502606,0.08081729,3.803767,3.9457045
Eric Lauer,2028,33,SP,19316,0.16042796,0.07075984,4.83472,4.594629
Erick Fedde,2028,35,SP,17425,0.19888593,0.082714334,4.3149595,4.520366
Eury Perez,2028,25,SP,27768,0.29525796,0.050676364,3.7671938,3.4571168
Framber Valdez,2028,34,SP,17295,0.21512097,0.089167535,4.186022,4.257232
Freddy Peralta,2028,32,SP,18679,0.2629069,0.0711228,3.7431705,3.5986404
Gavin Williams,2028,28,SP,30122,0.22464985,0.08262887,4.1867614,4.0084834
George Kirby,2028,30,SP,25436,0.24210876,0.058355767,3.8136547,3.8388186
Gerrit Cole,2028,37,SP,13125,0.18960965,0.07206774,4.1642637,4.031841
Graham Ashcraft,2028,30,SP,27552,0.16055694,0.07327966,4.332523,4.530938
Grayson Rodriguez,2028,28,SP,24492,0.26672128,0.068500735,3.660856,3.7279997
Griffin Canning,2028,32,SP,19867,0.21916142,0.08255688,4.2516546,4.451254
Humberto Castellanos,2028,30,SP,21183,0.18067169,0.07566383,4.373753,4.604886
Hunter Brown,2028,29,SP,25880,0.2819802,0.072540656,3.6985478,3.7592158
Hunter Greene,2028,28,SP,22182,0.30134284,0.066392735,3.688385,3.6272895
Hyun-Jin Ryu,2028,41,SP,14444,0.15145527,0.06594561,4.5926747,4.3198447
Ian Anderson,2028,30,SP,19951,0.22077253,0.09412131,3.869576,4.1004443
J.P. France,2028,33,SP,21212,0.15065633,0.07728562,4.6342096,4.661464
JP Sears,2028,32,SP,23429,0.17752182,0.06507732,4.5861206,4.71153
JT Brubaker,2028,34,SP,17578,0.20611763,0.08512129,4.3323116,4.5460567
Jack Flaherty,2028,32,SP,17479,0.22514145,0.100503504,4.1178246,4.2841034
Jacob deGrom,2028,40,SP,10954,0.21112126,0.06415337,3.2648323,3.479174
Jake Irvin,2028,31,SP,21504,0.15397629,0.084343836,4.6851745,4.685524
Jake Odorizzi,2028,38,SP,6397,0.17781463,0.07793778,4.4653516,4.357254
James Paxton,2028,39,SP,11828,0.16036753,0.07347714,4.6499043,4.3432713
Jameson Taillon,2028,36,SP,11674,0.17405407,0.055037953,4.502879,4.504465
Jared Shuster,2028,29,SP,27472,0.15257208,0.08480464,4.4084907,4.52329
Jesus Luzardo,2028,30,SP,19959,0.27770454,0.07586455,3.6985803,3.7328048
Joan Adon,2028,29,SP,22925,0.19107908,0.08627424,4.1917696,4.4586487
Joe Musgrove,2028,35,SP,12970,0.19613573,0.06971208,4.4617352,4.180842
Joe Ryan,2028,32,SP,21390,0.22303437,0.06797764,4.208953,4.1371055
Joey Lucchesi,2028,35,SP,19320,0.19861157,0.07765885,4.3035617,4.5521517
Johan Oviedo,2028,30,SP,22487,0.22106333,0.09699198,4.170508,4.2665534
Jon Gray,2028,36,SP,14916,0.18883483,0.071085155,4.464237,4.3863277
Jordan Lyles,2028,37,SP,7593,0.16233084,0.043022707,4.464699,4.481701
Jordan Montgomery,2028,35,SP,16511,0.19600978,0.07715976,4.390109,4.333421
Jose Berrios,2028,34,SP,14168,0.1932089,0.069189906,4.496963,4.4802303
Jose Quintana,2028,39,SP,11423,0.1707368,0.09462719,4.497362,4.528307
Jose Urena,2028,36,SP,11589,0.18773164,0.074780576,4.474983,4.422723
Josiah Gray,2028,30,SP,24580,0.14673404,0.09734755,4.961013,4.9699106
Julio Urias,2028,31,SP,14765,0.22783592,0.058053657,4.2591577,4.0011435
Justin Dunn,2028,32,SP,19268,0.110826105,0.083806574,5.222496,5.262489
Justin Steele,2028,32,SP,17312,0.23078185,0.07797054,3.959372,4.02562
Justin Verlander,2028,45,SP,8700,0.13193175,0.07783267,4.811894,4.463089
Kenta Maeda,2028,40,SP,18498,0.14411026,0.06667564,4.701638,4.3581877
Kevin Gausman,2028,37,SP,14107,0.20409708,0.08398494,3.9355624,4.036408
Kodai Senga,2028,35,SP,31838,0.2184035,0.07584481,4.0990043,3.9376235
Kyle Bradish,2028,31,SP,24586,0.23710446,0.08173928,4.0085073,4.107556
Kyle Freeland,2028,35,SP,16256,0.16068736,0.07166858,4.352441,4.6304502
Kyle Gibson,2028,40,SP,10123,0.15387334,0.06963003,4.403489,4.415485
Kyle Hendricks,2028,38,SP,12049,0.16168799,0.05340096,4.45144,4.432799
Lance Lynn,2028,41,SP,2520,0.15089093,0.06307369,4.8243656,4.167746
Lance McCullers Jr.,2028,34,SP,14120,0.22140458,0.09790198,4.3043947,4.3512006
Logan Allen,2028,29,SP,27589,0.22397812,0.07483167,4.188635,4.0652404
Logan Gilbert,2028,31,SP,22250,0.23418784,0.06377507,4.1115594,4.0623426
Logan Webb,2028,31,SP,17995,0.21515568,0.06492041,3.7391484,3.8413146
Lucas Giolito,2028,33,SP,15474,0.19504073,0.067156784,4.5262036,4.6762
Luis Castillo,2028,35,SP,15689,0.20222096,0.07988327,4.481157,4.2748284
Luis Cessa,2028,36,SP,13345,0.16666518,0.083826326,4.307411,4.588734
Luis Garcia,2028,31,SP,23735,0.2611233,0.07588442,3.845476,3.849788
Luis L. Ortiz,2028,29,SP,27646,0.16403115,0.09268085,4.4521284,4.506774
Luis Severino,2028,34,SP,15890,0.1747459,0.04951721,4.643542,4.660594
Luke Weaver,2028,34,SP,16918,0.16714548,0.051128525,4.4754386,4.983199
MacKenzie Gore,2028,29,SP,22201,0.24698952,0.09426545,3.9134576,4.1073437
Marco Gonzales,2028,36,SP,15467,0.17291501,0.05743558,4.6870112,4.372403
Marcus Stroman,2028,37,SP,13431,0.19093123,0.09149008,4.4756565,4.432347
Matt Manning,2028,30,SP,20369,0.18385623,0.07710268,4.460441,4.59039
Matthew Boyd,2028,37,SP,15440,0.17662007,0.064848624,4.345291,4.484255
Max Fried,2028,34,SP,13743,0.21260472,0.07556491,4.0104456,3.998224
Max Scherzer,2028,43,SP,3137,0.13925263,0.078175575,4.801689,4.50519
Merrill Kelly,2028,39,SP,11156,0.17324713,0.08835221,4.6790023,4.4553394
Michael Kopech,2028,32,SP,17282,0.1371155,0.10252225,4.63514,4.4802547
Michael Lorenzen,2028,36,SP,14843,0.19484012,0.09229814,4.276525,4.4634037
Michael Pineda,2028,39,SP,5372,0.15199727,0.043945614,4.5215454,4.382491
Michael Wacha,2028,36,SP,14078,0.18772383,0.07024978,4.600261,4.350049
Mike Clevinger,2028,37,SP,12808,0.18501769,0.07485921,4.608973,4.310009
Mike Minor,2028,40,SP,10021,0.16227156,0.06280582,4.4840636,4.2533216
Miles Mikolas,2028,39,SP,9803,0.15260758,0.049763724,4.434884,4.421912
Mitch Keller,2028,32,SP,17594,0.22858901,0.08937834,4.079186,4.272031
Nathan Eovaldi,2028,38,SP,9132,0.17802642,0.083999686,4.543161,4.3955097
Nestor Cortes,2028,33,SP,17874,0.2141906,0.074621305,4.3869376,4.226719
Nick Lodolo,2028,30,SP,26378,0.2705979,0.06742714,3.7934208,3.7264855
Noah Syndergaard,2028,35,SP,11762,0.16388677,0.047110483,4.4108505,4.8622146
Pablo Lopez,2028,32,SP,17085,0.24739116,0.073944926,3.8021703,3.8264024
Patrick Corbin,2028,38,SP,9323,0.17075017,0.06039903,4.3888726,4.35855
Patrick Sandoval,2028,31,SP,19447,0.20298028,0.09510632,4.0819077,4.219841
Paul Blackburn,2028,34,SP,14739,0.21064427,0.08986124,4.2765856,4.530789
Quinn Priester,2028,27,SP,25977,0.17204314,0.07775939,4.3235245,4.4625645
Ranger Suarez,2028,32,SP,17277,0.2122698,0.093294084,4.1212378,4.281751
Reese Olson,2028,28,SP,24968,0.25460956,0.06451023,3.8005872,3.7732968
Reid Detmers,2028,28,SP,27468,0.27969286,0.08142742,3.6396668,3.7607303
Rich Hill,2028,48,SP,4806,0.14644471,0.03739593,4.498083,4.85358
Ryan Feltner,2028,31,SP,21446,0.17255656,0.082057424,4.1571927,4.36108
Ryan Weathers,2028,28,SP,23796,0.18158929,0.07009727,4.422153,4.7190022
Ryne Nelson,2028,30,SP,26253,0.1524935,0.06743685,4.545086,4.763016
Sandy Alcantara,2028,32,SP,18684,0.20703405,0.078128174,4.1652994,4.2478776
Seth Lugo,2028,38,SP,12447,0.1738439,0.07029327,4.685385,4.2922473
Shane Bieber,2028,33,SP,19427,0.212974,0.08279574,4.087244,4.202481
Shane McClanahan,2028,31,SP,21483,0.25401115,0.076525666,3.8011432,3.7977552
Shohei Ohtani,2028,33,SP,19755,0.2517519,0.07220751,3.791233,3.5852845
Sonny Gray,2028,38,SP,12768,0.18403064,0.08704408,4.0613055,4.0803356
Spencer Strider,2028,29,SP,27498,0.34020093,0.06206881,2.9844286,2.686089
Spencer Turnbull,2028,35,SP,16207,0.21084823,0.0909638,4.203223,4.4402385
Taijuan Walker,2028,35,SP,11836,0.20216371,0.085235134,4.3552427,4.5037413
Taj Bradley,2028,27,SP,22543,0.27364662,0.06786617,3.7417228,3.966855
Tanner Bibee,2028,29,SP,30134,0.22839679,0.06862989,3.919565,3.824906
Tanner Houck,2028,32,SP,19879,0.21899877,0.09217658,4.0574484,4.2561164
Tarik Skubal,2028,31,SP,22267,0.26072893,0.06424485,3.779699,3.7006245
Tommy Henry,2028,30,SP,26285,0.1802561,0.086395286,4.560924,4.6050224
Tony Gonsolin,2028,34,SP,19388,0.17918476,0.07443419,4.690311,4.4631867
Touki Toussaint,2028,32,SP,16929,0.16496009,0.11100495,4.3799,4.293049
Trevor Williams,2028,36,SP,16977,0.16511779,0.041496,4.709901,4.400022
Tyler Anderson,2028,38,SP,12880,0.1838045,0.08582444,4.433252,4.3957305
Tyler Glasnow,2028,34,SP,14374,0.2465641,0.07377333,3.7051854,3.6617215
Tyler Wells,2028,33,SP,20000,0.17957133,0.048076186,4.8651023,4.3806205
Tylor Megill,2028,32,SP,21318,0.19997968,0.078732274,4.4043946,4.8448925
Vince Velasquez,2028,36,SP,11189,0.19336762,0.08261128,4.2377295,4.4439526
Vladimir Gutierrez,2028,32,SP,19278,0.17379963,0.08533309,4.5266905,4.70053
Wade Miley,2028,41,SP,8779,0.14595827,0.08053674,4.7875795,4.4332085
Walker Buehler,2028,33,SP,19374,0.21788941,0.08002513,4.1280026,4.1972475
Yu Darvish,2028,41,SP,13074,0.14442243,0.081431024,4.6119223,4.474083
Yusei Kikuchi,2028,37,SP,20633,0.10582983,0.06852679,5.286745,4.3452525
Zac Gallen,2028,32,SP,19291,0.2371687,0.075024605,3.8373208,3.8948276
Zach Davies,2028,35,SP,13183,0.20949645,0.09080014,4.189779,4.3913875
Zach Eflin,2028,34,SP,13774,0.1947558,0.06593093,4.1719894,4.2383375
Zack Greinke,2028,44,SP,1943,0.11945179,0.042360537,4.594181,4.316106
Zack Wheeler,2028,38,SP,10310,0.17561717,0.07481339,4.093739,4.0790377
A.J. Minter,2029,35,RP,18655,0.23589666,0.09475797,3.897653,4.1486297
A.J. Puk,2029,34,RP,19343,0.2348004,0.08507604,3.9377851,4.05867
Aaron Ashby,2029,31,RP,23550,0.2376008,0.10398275,4.0846305,4.267076
Aaron Bummer,2029,35,RP,16258,0.2574363,0.104624905,4.0578375,4.2536554
Aaron Loup,2029,41,RP,10343,0.15909411,0.083161,4.167662,4.51267
Aaron Sanchez,2029,36,RP,11490,0.14991419,0.07639704,4.690428,5.1509843
Abner Uribe,2029,29,RP,25327,0.25298095,0.102037504,3.6701171,3.6998014
Adam Cimber,2029,38,RP,15288,0.14751342,0.072088644,4.354778,4.6371355
Adam Ottavino,2029,43,RP,1247,0.18408637,0.09136727,4.2316804,4.5006914
Adbert Alzolay,2029,34,RP,17859,0.23152755,0.07933675,3.884528,3.976867
Adrian Martinez,2029,32,RP,21023,0.19495927,0.08916424,4.27403,4.4837446
Albert Abreu,2029,33,RP,17485,0.21654122,0.10289197,4.2482467,4.5126705
Alec Marsh,2029,31,RP,27451,0.23139767,0.106186986,4.191914,4.4711328
Alex Lange,2029,33,RP,19883,0.23163997,0.10819928,4.201964,4.316682
Alex Vesia,2029,33,RP,25007,0.245573,0.098522514,4.10632,4.1922407
Alex Wood,2029,38,RP,13781,0.17072892,0.084144354,4.2480955,4.648257
Alex Young,2029,35,RP,18333,0.1791268,0.08625976,4.381695,4.624689
Alexis Diaz,2029,32,RP,21132,0.23801267,0.106865555,4.100265,4.0714536
Amir Garrett,2029,37,RP,14375,0.19932583,0.106444895,4.282571,4.344302
Amos Willingham,2029,30,RP,26128,0.1682968,0.08370627,4.3114123,4.3627863
Andre Jackson,2029,33,RP,21298,0.2037234,0.098548844,4.2258463,4.4707327
Andre Pallante,2029,30,RP,26108,0.1765583,0.09502161,4.16251,4.314408
Andres Machado,2029,36,RP,14681,0.1744238,0.07944022,4.390887,4.644993
Andres Munoz,2029,30,RP,20373,0.2620236,0.101961344,3.8671231,3.9240675
Andrew Bellatti,2029,37,RP,10657,0.20867327,0.0933078,4.147934,4.4433427
Andrew Chafin,2029,39,RP,12988,0.20178919,0.095277086,4.121697,4.48788
Andrew Nardi,2029,30,RP,25942,0.23702636,0.10607775,4.097777,4.2912197
Andrew Vasquez,2029,35,RP,19482,0.18503423,0.09368868,4.2309203,4.420724
Andrew Wantz,2029,33,RP,24933,0.22132005,0.0967479,4.150097,4.3667216
Angel Perdomo,2029,35,RP,17759,0.25526345,0.105555385,4.1348224,4.3316164
Angel Zerpa,2029,29,RP,22717,0.18101075,0.08896998,4.108376,4.2342763
Anthony Bass,2029,41,RP,7982,0.16925755,0.08508615,4.3429627,4.521631
Anthony Bender,2029,34,RP,19742,0.21730566,0.09232146,4.101692,4.3120213
Anthony Gose,2029,38,RP,5097,0.20778169,0.08774222,4.051591,4.268695
Aroldis Chapman,2029,41,RP,10233,0.29504743,0.10858866,3.344776,3.4065897
Art Warren,2029,36,RP,18251,0.22054255,0.09601159,4.063842,4.34615
Austin Adams,2029,38,RP,13801,0.21914558,0.09724688,4.1050525,4.4488993
Austin Cox,2029,32,RP,24604,0.21001385,0.10309281,4.103253,4.395152
Austin Davis,2029,36,RP,17117,0.20307335,0.097876735,4.227658,4.572725
Austin Pruitt,2029,39,RP,15290,0.13786593,0.06255638,4.465995,4.774043
Austin Voth,2029,37,RP,15047,0.17547143,0.07398175,4.3870316,4.840289
Bailey Falter,2029,32,RP,20070,0.18883832,0.0727447,4.157408,4.275811
Beau Brieske,2029,31,RP,26079,0.18210585,0.08977711,4.2269793,4.318731
Ben Heller,2029,37,RP,15100,0.18015932,0.09601272,4.3215656,4.4315557
Ben Lively,2029,37,RP,14932,0.16374856,0.0704833,4.4787745,4.928254
Blake Taylor,2029,33,RP,16418,0.2033649,0.102308944,4.226487,4.4556074
Bowden Francis,2029,33,RP,20548,0.21398757,0.07873202,3.9878168,3.9495447
Brad Boxberger,2029,41,RP,10133,0.1745688,0.091823265,4.3598533,4.510017
Brad Hand,2029,39,RP,9111,0.17798154,0.092129596,4.2396545,4.5543227
Brendan White,2029,30,RP,26024,0.2220246,0.10367723,4.053435,4.348786
Brennan Bernardino,2029,37,RP,16835,0.19133742,0.075469166,3.919529,4.184322
Brent Honeywell,2029,34,RP,16466,0.18103676,0.08977262,4.353124,4.5089483
Brent Suter,2029,39,RP,13942,0.14825524,0.07599047,3.9246912,4.134883
Brett Martin,2029,34,RP,17369,0.18771534,0.09428105,4.1831884,4.4630003
Brock Burke,2029,32,RP,17968,0.21632217,0.07754724,3.9893076,3.9891634
Brock Stewart,2029,37,RP,16727,0.21709661,0.08515877,4.011661,4.2417073
Brooks Raley,2029,41,RP,10061,0.1966017,0.08970635,4.073684,4.4858813
Brusdar Graterol,2029,30,RP,20367,0.19170181,0.08855172,3.97341,4.028906
Bryan Abreu,2029,32,RP,16609,0.2527942,0.10811134,4.071057,4.113889
Bryan Baker,2029,34,RP,19804,0.21809922,0.10195032,4.0991373,4.3008738
Bryan Hoeing,2029,32,RP,26304,0.16650093,0.082136445,4.4028263,4.5940113
Bryan Shaw,2029,41,RP,8110,0.14659938,0.08583943,4.4797163,4.8834014
Bryse Wilson,2029,31,RP,19990,0.18678668,0.087447934,4.2447762,4.3288527
Buck Farmer,2029,38,RP,14814,0.17907836,0.0906316,4.289359,4.576527
Caleb Ferguson,2029,32,RP,19349,0.23171805,0.10001292,4.1224194,4.2617025
Caleb Smith,2029,37,RP,14875,0.18585852,0.09560256,4.4147134,4.458514
Caleb Thielbar,2029,42,RP,10078,0.20404294,0.080909275,3.7861662,4.22025
Calvin Faucher,2029,33,RP,20116,0.20082898,0.09800645,4.2755237,4.570512
Camilo Doval,2029,31,RP,21992,0.23923692,0.09902406,3.979063,4.003641
Carl Edwards Jr.,2029,37,RP,13607,0.18429404,0.096994445,4.27236,4.4603825
Carlos Estevez,2029,36,RP,14542,0.20350413,0.09504886,4.203774,4.518973
Carlos Hernandez,2029,32,RP,22713,0.21295248,0.10876287,4.272615,4.574151
Carmen Mlodzinski,2029,30,RP,27572,0.2120398,0.10058543,4.070019,4.17619
Casey Lawrence,2029,41,RP,11121,0.10190597,0.06384679,5.03799,5.955218
Chad Kuhl,2029,36,RP,14975,0.1778054,0.098478265,4.5436053,4.781569
Chase Silseth,2029,29,RP,30074,0.21120836,0.10362142,4.115743,4.4234853
Chasen Shreve,2029,38,RP,10855,0.18180288,0.07597992,4.2379403,4.6303735
Chris Devenski,2029,38,RP,12763,0.17417909,0.053197365,4.1732817,4.7546062
Chris Flexen,2029,34,RP,13896,0.16346565,0.076232724,4.53276,4.77938
Chris Martin,2029,43,RP,11847,0.17065856,0.060454287,3.6460626,4.0088143
Chris Murphy,2029,31,RP,26214,0.20480509,0.099817835,4.046462,4.326663
Chris Stratton,2029,38,RP,13761,0.18573052,0.08588024,4.091252,4.493996
Cionel Perez,2029,33,RP,19614,0.20748056,0.10151333,4.164967,4.390282
Clay Holmes,2029,36,RP,13649,0.21330623,0.09393893,4.013734,4.315661
Cody Bolton,2029,31,RP,23265,0.20440342,0.10438462,4.137798,4.4727736
Cody Bradford,2029,31,RP,27597,0.19674192,0.08297603,4.093936,4.231274
Cole Irvin,2029,35,RP,19244,0.17033716,0.067284934,4.31046,4.5758142
Cole Ragans,2029,31,RP,21846,0.21264258,0.10373436,4.081527,4.273867
Cole Sands,2029,31,RP,21461,0.20464835,0.10241409,4.175686,4.443051
Colin Holderman,2029,33,RP,22361,0.202595,0.09949079,4.097251,4.35754
Colin Poche,2029,35,RP,19403,0.21920829,0.090815656,4.125242,4.348565
Colin Selby,2029,31,RP,24986,0.2930496,0.09723352,4.1573563,4.607671
Collin McHugh,2029,42,RP,7531,0.16452083,0.078697614,4.085421,4.454402
Collin Snider,2029,33,RP,23307,0.16849111,0.09147313,4.241926,4.484451
Connor Brogdon,2029,34,RP,21205,0.20709544,0.09242802,4.170786,4.420155
Connor Seabold,2029,33,RP,19695,0.17075935,0.07743773,4.527518,4.789474
Corey Kluber,2029,43,RP,2429,0.11502035,0.058814596,4.633227,5.422449
Corey Knebel,2029,37,RP,15010,0.21161729,0.09901402,4.186356,4.38091
Cory Abbott,2029,33,RP,20277,0.21036044,0.09795249,4.286282,4.536647
Craig Kimbrel,2029,41,RP,6655,0.23343632,0.09745439,3.9388862,4.2385664
Craig Stammen,2029,45,RP,7274,0.14634088,0.05605197,4.3602924,4.7782583
DL Hall,2029,30,RP,22207,0.23293783,0.10151224,4.0068307,4.206179
Dakota Hudson,2029,34,RP,19206,0.16406496,0.09067817,4.338187,4.5384817
Dane Dunning,2029,34,RP,19409,0.19257651,0.09169879,4.2554917,4.5034337
Daniel Bard,2029,44,RP,7115,0.15912302,0.09760337,4.368076,3.9804072
Daniel Duarte,2029,32,RP,17480,0.19232026,0.10224863,4.2556953,4.4135838
Daniel Palencia,2029,29,RP,27914,0.24400342,0.09879983,3.8756454,3.9778836
Danny Coulombe,2029,39,RP,13293,0.18938681,0.08031504,4.030185,4.349791
Dany Jimenez,2029,35,RP,21170,0.20829037,0.1017066,4.2145815,4.4079943
Darren O'Day,2029,46,RP,3321,0.17710602,0.08769541,4.204274,4.408092
Dauri Moreta,2029,33,RP,21101,0.2260114,0.096749485,4.1083717,4.2506905
David Bednar,2029,34,RP,19569,0.22940533,0.090114065,3.9035792,3.997661
David Peterson,2029,33,RP,20302,0.24094436,0.10180653,4.1346626,4.346925
David Phelps,2029,42,RP,6316,0.19173744,0.090295136,4.0795135,4.36791
David Price,2029,43,RP,3184,0.15434109,0.06904389,4.410017,4.882952
David Robertson,2029,44,RP,8241,0.20974799,0.09245582,3.980701,4.1861653
Derek Law,2029,38,RP,13133,0.16489784,0.092481904,4.3366933,4.5104885
Devin Williams,2029,34,RP,15816,0.27349442,0.11226325,4.106637,4.2535243
Dillon Peters,2029,36,RP,18790,0.16655216,0.086079225,4.4379754,4.728741
Dillon Tate,2029,35,RP,17796,0.18433847,0.083274394,4.198913,4.4712267
Dinelson Lamet,2029,36,RP,17186,0.23909722,0.09822819,4.004722,4.3339014
Domingo Tapia,2029,37,RP,12178,0.18409242,0.10241192,4.3124056,4.4263134
Dominic Leone,2029,37,RP,13763,0.18752751,0.0915599,4.370548,4.4470825
Drew Hutchison,2029,38,RP,10732,0.14570664,0.088716894,4.5626025,4.743744
Drew Smith,2029,35,RP,17755,0.22270772,0.09223633,4.143919,4.345253
Drew Smyly,2029,40,RP,11760,0.1640739,0.0677913,4.4003296,4.908764
Drew VerHagen,2029,38,RP,13424,0.1665171,0.0833415,4.5065823,4.9798255
Drey Jameson,2029,31,RP,26260,0.21308413,0.09845969,4.1335673,4.2521296
Duane Underwood Jr.,2029,34,RP,14677,0.18677822,0.09569178,4.1916304,4.4784656
Dylan Coleman,2029,32,RP,22276,0.21583846,0.108012065,4.201216,4.403114
Dylan Covey,2029,37,RP,14825,0.14759952,0.077814594,4.6918144,5.202555
Dylan Floro,2029,38,RP,13394,0.1847044,0.08340269,3.9504616,4.3487463
Dylan Lee,2029,34,RP,19996,0.21493822,0.07961465,3.9539943,4.061861
Edwin Diaz,2029,35,RP,14710,0.29438514,0.10904399,3.9958494,4.0811167
Eli Morgan,2029,33,RP,20203,0.22653078,0.08955952,4.0300565,4.226334
Elieser Hernandez,2029,34,RP,16933,0.21467811,0.06766437,3.929083,4.1221843
Elvis Peguero,2029,32,RP,21652,0.19713429,0.09877612,4.179018,4.4262147
Emilio Pagan,2029,38,RP,14771,0.20322207,0.07352524,3.9642165,4.2395096
Emmanuel Clase,2029,31,RP,21032,0.20748898,0.081669204,3.7828276,3.7843587
Enyel De Los Santos,2029,33,RP,18403,0.227915,0.09903593,4.127812,4.3673363
Erasmo Ramirez,2029,39,RP,10314,0.12604624,0.045753162,4.504305,5.0350637
Eric Stout,2029,36,RP,16873,0.19549772,0.09928697,4.2330346,4.5177627
Erik Swanson,2029,35,RP,16587,0.23365839,0.086249195,3.9481483,4.065745
Evan Phillips,2029,34,RP,17734,0.22976132,0.07944314,3.871079,3.832127
Felix Bautista,2029,34,RP,20666,0.2536114,0.10943723,4.129727,4.1987457
Fernando Cruz,2029,39,RP,7048,0.22056174,0.09317454,3.9267473,4.348437
Francisco Perez,2029,31,RP,21018,0.1990934,0.10298567,4.1557083,4.4952025
Gabe Speier,2029,34,RP,17170,0.20997639,0.08027949,3.991437,4.155843
Garrett Richards,2029,41,RP,9784,0.13481343,0.074083574,4.536554,5.153978
Garrett Whitlock,2029,33,RP,20191,0.21116291,0.0703728,3.8357935,3.947577
Gavin Hollowell,2029,31,RP,25427,0.19121917,0.0984925,4.142526,4.3573456
Genesis Cabrera,2029,32,RP,17490,0.21666571,0.106450714,4.207991,4.4225106
George Soriano,2029,30,RP,21863,0.21634163,0.10245591,4.0921044,4.293624
Giovanny Gallegos,2029,37,RP,14986,0.22056623,0.07438684,3.789345,4.055042
Grant Anderson,2029,32,RP,20546,0.19803259,0.09811522,4.216289,4.450349
Grant Hartwig,2029,31,RP,29946,0.20647307,0.10297149,4.1981225,4.484345
Greg Weissert,2029,34,RP,20375,0.20873562,0.09517566,4.1766667,4.4531984
Gregory Santos,2029,29,RP,21894,0.20585632,0.096206196,3.920743,4.1701865
Gregory Soto,2029,34,RP,19677,0.22318564,0.100205325,4.1484632,4.420935
Griffin Jax,2029,34,RP,20253,0.21253586,0.08483861,4.0526624,4.3060403
Gus Varland,2029,32,RP,24737,0.2059775,0.10503248,4.213808,4.52567
Hansel Robles,2029,38,RP,11801,0.18681556,0.09547011,4.2125964,4.5088553
Hayden Wesneski,2029,31,RP,27581,0.21600534,0.095082305,4.1234174,4.2411966
Hector Neris,2029,40,RP,11804,0.21185504,0.093773834,4.00783,4.3802853
Hirokazu Sawamura,2029,41,RP,27515,0.16514361,0.096370265,4.391585,4.296031
Hobie Harris,2029,36,RP,18615,0.15893117,0.09401038,4.219956,4.282782
Hoby Milner,2029,38,RP,13346,0.19208628,0.061165176,3.9462032,4.1285515
Huascar Brazoban,2029,39,RP,6107,0.19391848,0.098498896,4.242261,4.3115463
Hunter Harvey,2029,34,RP,15507,0.21926215,0.083408654,3.9356253,4.0857077
Hunter Strickland,2029,40,RP,7836,0.16288729,0.08905958,4.3456573,4.5745673
Ian Gibaut,2029,35,RP,17871,0.20956096,0.09359685,4.1318054,4.391454
Ian Hamilton,2029,34,RP,19261,0.2247752,0.09697329,4.0912323,4.2298903
Ian Kennedy,2029,44,RP,6986,0.18907127,0.037492484,4.120443,4.2386584
Isaiah Campbell,2029,31,RP,25551,0.24212936,0.104952656,4.1281366,4.170883
J.B. Wendelken,2029,36,RP,14506,0.19344911,0.09796035,4.2037344,4.4908786
J.P. Feyereisen,2029,36,RP,16610,0.20120035,0.09910367,4.241841,4.4118176
JT Chargois,2029,38,RP,13767,0.17498532,0.08817597,4.2231674,4.5204234
Jackson Kowar,2029,32,RP,21549,0.2216289,0.11180204,4.400038,4.722963
Jacob Webb,2029,35,RP,19274,0.2104187,0.09942885,4.239734,4.4993105
Jaime Barria,2029,32,RP,18356,0.17680779,0.08274331,4.363143,4.4353247
Jake Bird,2029,33,RP,21267,0.17595991,0.09172622,4.0267177,4.2633224
Jake Diekman,2029,42,RP,5003,0.23595093,0.11317518,3.9450126,4.1185646
Jake McGee,2029,42,RP,7550,0.15717244,0.06558842,4.2412143,4.7197456
Jake Woodford,2029,32,RP,18674,0.17066468,0.08760449,4.3950033,4.5271416
Jakob Junis,2029,36,RP,13619,0.19849688,0.064200886,3.9389315,4.262323
Jalen Beeks,2029,35,RP,17192,0.22367154,0.092768356,4.078821,4.407139
James Karinchak,2029,33,RP,20151,0.24393731,0.115093894,4.2158527,4.3010626
James McArthur,2029,32,RP,21527,0.2064574,0.08166036,3.9439847,4.104931
James Norwood,2029,35,RP,16440,0.19860943,0.09697589,4.206036,4.54345
Jandel Gustave,2029,36,RP,14665,0.18832925,0.09294281,4.2805457,4.5711493
Jarlin Garcia,2029,36,RP,18282,0.190599,0.07964427,4.155585,4.333194
Jason Adam,2029,37,RP,11861,0.23176438,0.08633869,3.9359295,4.0534687
Jason Alexander,2029,36,RP,19666,0.14296094,0.079050004,4.398547,4.641417
Jason Foley,2029,33,RP,19531,0.1819924,0.086276956,4.0080223,4.2271605
Javier Assad,2029,31,RP,21741,0.20523538,0.10155459,4.2005,4.317428
Javy Guerra,2029,33,RP,17292,0.19083257,0.10417645,4.289182,4.516181
Jay Jackson,2029,41,RP,7432,0.19369018,0.08139096,4.1572633,4.2898006
Jeff Brigham,2029,37,RP,16631,0.2095038,0.083564475,4.0653706,4.3955393
Jeff Hoffman,2029,36,RP,17432,0.21854024,0.095263705,4.116997,4.433584
Jesse Chavez,2029,45,RP,5448,0.17468745,0.084131405,4.11744,4.4416723
Jesse Scholtens,2029,35,RP,19205,0.1442658,0.07482063,4.431697,4.650884
Jesus Tinoco,2029,34,RP,16300,0.18681893,0.09890287,4.343928,4.4224896
Jharel Cotton,2029,37,RP,13654,0.1816123,0.08941792,4.393493,4.7153
Jhoan Duran,2029,31,RP,21029,0.24524857,0.09201054,3.934821,3.7899978
Jhony Brito,2029,31,RP,25386,0.1921453,0.09168185,4.1981096,4.310137
Jhoulys Chacin,2029,41,RP,2608,0.11542996,0.07102852,4.699921,5.349417
Jimmy Cordero,2029,37,RP,15690,0.19020191,0.08391393,4.2094903,4.6133757
Jimmy Herget,2029,35,RP,17556,0.1956886,0.07861424,4.12304,4.34231
Jimmy Lambert,2029,34,RP,19541,0.21142772,0.09888252,4.239519,4.5003676
JoJo Romero,2029,32,RP,19574,0.23257142,0.100532904,4.0838447,4.2595463
Joe Jacques,2029,34,RP,25178,0.16461225,0.08453395,4.1821117,4.3994813
Joe Jimenez,2029,34,RP,15761,0.24278677,0.091239676,3.9657679,4.073417
Joe Kelly,2029,41,RP,9761,0.23809348,0.09469676,3.916957,4.0871663
Joe La Sorsa,2029,31,RP,25481,0.1912172,0.09191361,4.137104,4.3114533
Joe Mantiply,2029,38,RP,14857,0.17095841,0.07128042,4.0436425,4.4343543
Joe Smith,2029,45,RP,3281,0.1109774,0.061838157,4.7062225,5.264292
Joel Payamps,2029,35,RP,14332,0.20211989,0.07710765,4.088035,4.1939006
Joey Wentz,2029,31,RP,19962,0.20438811,0.100634605,4.3039317,4.572179
John Brebbia,2029,39,RP,12777,0.19135016,0.08310697,4.1226463,4.5264797
John Curtiss,2029,36,RP,16128,0.19703779,0.08332009,4.190502,4.4747386
John King,2029,34,RP,22051,0.15811229,0.08119379,4.20544,4.4260836
John Schreiber,2029,35,RP,20020,0.21322414,0.096963376,4.141222,4.4126434
Jonathan Hernandez,2029,32,RP,17464,0.21934678,0.10424489,4.169591,4.4338684
Jonathan Loaisiga,2029,34,RP,19753,0.16683073,0.08119613,4.152721,4.33939
Jordan Balazovic,2029,30,RP,21866,0.19146445,0.09758047,4.1947436,4.3501043
Jordan Hicks,2029,32,RP,19618,0.23091453,0.103878394,4.0183215,4.15053
Jordan Romano,2029,36,RP,16122,0.22638291,0.09128351,4.0483384,4.234632
Jordan Weems,2029,36,RP,13190,0.2097251,0.09059601,4.1592355,4.4568
Jorge Lopez,2029,36,RP,14527,0.17461719,0.0779094,4.470598,4.884439
Jose A. Ferrer,2029,29,RP,24017,0.19362484,0.0991653,4.1094255,4.457988
Jose Alvarado,2029,34,RP,17780,0.26703608,0.11037642,4.1054215,4.2256355
Jose Alvarez,2029,40,RP,5358,0.15724708,0.08795868,4.335897,4.5254407
Jose Cisnero,2029,40,RP,6399,0.18331888,0.09359986,4.2454157,4.5405283
Jose Cuas,2029,35,RP,17701,0.20190978,0.10113843,4.2520947,4.4820395
Jose Hernandez,2029,31,RP,22318,0.22815898,0.10330164,4.0945096,4.308362
Jose Leclerc,2029,35,RP,14524,0.22950536,0.10266405,4.2057176,4.422116
Jose Ruiz,2029,34,RP,14552,0.2135806,0.096137986,4.215944,4.4688973
Jose Soriano,2029,30,RP,22100,0.2492466,0.10309549,3.9085853,3.92294
Jose Urquidy,2029,34,RP,18413,0.17720793,0.080598176,4.359295,4.53603
Josh Hader,2029,35,RP,14212,0.25125673,0.116862714,4.1444893,4.3136663
Josh Rogers,2029,34,RP,18510,0.16004689,0.08586799,4.4957676,4.6181827
Josh Sborz,2029,35,RP,18323,0.23792468,0.09634706,4.0628138,4.2811627
Josh Staumont,2029,35,RP,18335,0.20890303,0.1105603,4.238794,4.4662523
Josh Taylor,2029,36,RP,17359,0.22490944,0.0917843,4.0623484,4.4138803
Josh Winckowski,2029,31,RP,22387,0.17609577,0.091180585,4.135874,4.3184667
Josh Winder,2029,32,RP,24606,0.17391524,0.08610695,4.250659,4.404768
Jovani Moran,2029,32,RP,20422,0.23697512,0.10665845,3.9327412,4.0101743
Julian Merryweather,2029,37,RP,16703,0.2149944,0.09569123,4.1200557,4.4509687
Junior Fernandez,2029,32,RP,18496,0.20580553,0.10458174,4.2455487,4.5011034
Justin Bruihl,2029,32,RP,23779,0.19022202,0.0961082,4.2128587,4.4516764
Justin Garza,2029,35,RP,19784,0.19471082,0.09973919,4.2895246,4.5454826
Justin Grimm,2029,40,RP,11720,0.14773344,0.09574426,4.861601,5.464088
Justin Lawrence,2029,34,RP,17639,0.1933591,0.09853411,3.9541423,4.1687512
Justin Topa,2029,38,RP,15145,0.17993239,0.06825691,3.9910672,4.304713
Kaleb Ort,2029,37,RP,20061,0.17017949,0.08457421,4.2905626,4.6637697
Keegan Akin,2029,34,RP,19362,0.21108559,0.08558794,4.1141596,4.4232807
Keegan Thompson,2029,34,RP,19795,0.21178472,0.10134958,4.2408185,4.486241
Ken Waldichuk,2029,31,RP,27681,0.2099201,0.10155292,4.232987,4.512492
Kendall Graveman,2029,38,RP,15514,0.18765001,0.09617066,4.329286,4.439369
Kenley Jansen,2029,41,RP,3096,0.21284418,0.091431595,3.9022737,4.2199655
Kevin Ginkel,2029,35,RP,19876,0.21482903,0.0941366,4.112308,4.4043717
Kevin Kelly,2029,31,RP,25679,0.18835902,0.08708396,3.991411,4.1261926
Keynan Middleton,2029,35,RP,15264,0.22096409,0.093702376,4.139663,4.3853664
Kirby Yates,2029,42,RP,9073,0.2271219,0.11181128,3.9575763,4.284168
Kutter Crawford,2029,33,RP,20531,0.20760866,0.09423448,4.121826,4.392649
Kyle Finnegan,2029,37,RP,15009,0.1921831,0.08329667,4.2150354,4.4522243
Kyle Muller,2029,31,RP,20167,0.2114053,0.10535116,4.334738,4.641834
Kyle Nelson,2029,32,RP,20515,0.2098489,0.0982621,4.1213427,4.2985816
Lane Ramsey,2029,32,RP,25071,0.19830784,0.10024965,4.1505694,4.4535856
Lou Trivino,2029,37,RP,15043,0.20111524,0.09653125,4.181353,4.511516
Louie Varland,2029,31,RP,27691,0.20775379,0.09126293,4.0919204,4.2206717
Louis Head,2029,39,RP,13259,0.16690116,0.0826524,4.214311,4.519897
Lucas Erceg,2029,34,RP,19360,0.2056783,0.10512942,3.981169,4.217179
Lucas Gilbreath,2029,33,RP,21290,0.20018148,0.10124931,4.030304,4.209998
Lucas Sims,2029,35,RP,13470,0.22707692,0.109913275,4.258285,4.4200416
Luis Frias,2029,31,RP,21997,0.18674529,0.10153967,4.127449,4.453455
Luis Garcia,2029,42,RP,6984,0.16693023,0.08313844,4.0930142,4.4727693
Luis Medina,2029,30,RP,21649,0.21202976,0.10671792,4.224001,4.6466064
Luke Jackson,2029,37,RP,11752,0.21642195,0.09230783,4.070322,4.4095516
Manny Banuelos,2029,38,RP,5365,0.18433598,0.09727689,4.311574,4.5844035
Mark Leiter Jr.,2029,38,RP,15551,0.21037962,0.07487677,3.8914654,4.2350335
Mark Melancon,2029,44,RP,4264,0.1317286,0.07859413,4.1200447,4.2544956
Martin Perez,2029,38,RP,6902,0.15151288,0.0812022,4.446151,4.6582856
Mason Englert,2029,29,RP,22288,0.17673984,0.084500715,4.2153153,4.310646
Mason Thompson,2029,31,RP,21850,0.19338293,0.09918316,4.164326,4.4554524
Matt Barnes,2029,39,RP,12863,0.18314368,0.093698345,4.226543,4.5291433
Matt Brash,2029,31,RP,25756,0.27093053,0.11317975,3.7623162,3.9441156
Matt Carasiti,2029,37,RP,13276,0.16052173,0.085684836,4.0535407,4.3222947
Matt Foster,2029,34,RP,19647,0.21245329,0.09454272,4.151929,4.45207
Matt Koch,2029,38,RP,13420,0.1276026,0.06263478,4.5985227,4.9676456
Matt Moore,2029,40,RP,1890,0.19184834,0.08506214,4.167221,4.384538
Matt Strahm,2029,37,RP,13799,0.21311739,0.07535374,3.8622336,4.118712
Matt Wisler,2029,36,RP,12804,0.21229854,0.08072388,4.045618,4.2243276
Matthew Liberatore,2029,29,RP,22294,0.19359341,0.100139886,4.2158146,4.610851
Mauricio Llovera,2029,33,RP,20080,0.20480013,0.09863889,4.2432866,4.5131245
Michael Fulmer,2029,36,RP,13218,0.20700513,0.0948033,4.1945443,4.5084777
Michael Grove,2029,32,RP,23221,0.20486087,0.09196053,4.210784,4.434345
Michael King,2029,34,RP,19853,0.23577939,0.09047799,3.981539,4.0990825
Michael Rucker,2029,35,RP,19454,0.20462748,0.093105145,4.210228,4.5417147
Michael Tonkin,2029,39,RP,10315,0.19676886,0.07627644,4.10228,4.53083
Miguel Castro,2029,34,RP,15684,0.21538915,0.10067351,4.206482,4.4796615
Mike Baumann,2029,33,RP,20206,0.2073277,0.10249001,4.228462,4.4984183
Nate Pearson,2029,32,RP,20160,0.22688808,0.10401983,4.1747165,4.442481
Nick Anderson,2029,38,RP,18337,0.22574733,0.08473461,3.8496504,4.1702724
Nick Martinez,2029,38,RP,12730,0.17171566,0.07690631,4.4305882,4.7367196
Nick Mears,2029,32,RP,25376,0.20862824,0.104263075,4.2093244,4.439278
Nick Pivetta,2029,36,RP,15454,0.21431455,0.08647919,4.0614123,4.3680043
Nick Ramirez,2029,39,RP,12575,0.14506046,0.074191235,4.360668,4.7541814
Nick Robertson,2029,30,RP,26226,0.22104158,0.1042341,4.0774293,4.4030166
Nick Sandlin,2029,32,RP,20517,0.23365943,0.10299159,4.189617,4.3178
Nick Wittgren,2029,38,RP,15594,0.14290857,0.07332883,4.5082498,4.98432
Noe Ramirez,2029,39,RP,12800,0.17332092,0.091337994,4.3238273,4.638405
Osvaldo Bido,2029,33,RP,23150,0.18800712,0.09349696,4.2204094,4.5178237
Paul Sewald,2029,39,RP,13892,0.23343036,0.094756074,3.877008,4.2071867
Pete Fairbanks,2029,35,RP,17998,0.24735478,0.10864077,4.0903683,4.3108115
Peter Lambert,2029,32,RP,17969,0.14070415,0.071339525,4.3994207,4.6101584
Peter Strzelecki,2029,34,RP,21367,0.21094108,0.09386011,4.122135,4.39014
Phil Bickford,2029,33,RP,18519,0.23579319,0.10048359,4.122035,4.3398647
Phil Maton,2029,36,RP,18064,0.21738303,0.088372506,4.0644803,4.3736076
Pierce Johnson,2029,38,RP,13435,0.22577801,0.09725066,4.0242677,4.39279
Rafael Montero,2029,38,RP,12760,0.19720507,0.09177674,4.1329074,4.5263453
Raisel Iglesias,2029,39,RP,17130,0.21850601,0.082119636,3.7258716,4.0759974
Ralph Garza,2029,35,RP,17682,0.19202837,0.09902289,4.314922,4.474957
Ray Kerr,2029,34,RP,23809,0.21947126,0.09166377,4.078031,4.279086
Reynaldo Lopez,2029,35,RP,16400,0.22537224,0.094161004,4.1188745,4.3253713
Richard Bleier,2029,42,RP,7803,0.11243709,0.0588488,4.1582665,4.548627
Richard Lovelady,2029,33,RP,19337,0.22831497,0.10036365,4.1337137,4.408068
Roansy Contreras,2029,29,RP,22810,0.19655818,0.09985167,4.13182,4.4818397
Rob Zastryzny,2029,37,RP,15094,0.18616705,0.09830321,4.2227407,4.4798265
Robert Garcia,2029,33,RP,23363,0.21874808,0.09662731,4.107671,4.3223352
Robert Stephenson,2029,36,RP,13594,0.23187292,0.086797625,3.9312453,4.125688
Robert Suarez,2029,38,RP,30115,0.20035233,0.08783407,4.1000977,4.373334
Ron Marinaccio,2029,33,RP,23488,0.23987716,0.104711816,4.1805453,4.2629423
Ronel Blanco,2029,35,RP,19407,0.20055042,0.09336801,4.2926955,4.4302373
Rony Garcia,2029,31,RP,20430,0.20185404,0.09627024,4.2389464,4.448075
Ross Detwiler,2029,43,RP,2859,0.13798332,0.054443084,4.615509,5.1881933
Ross Stripling,2029,39,RP,13273,0.14404526,0.035473365,4.351979,4.822444
Rowan Wick,2029,36,RP,14646,0.21519543,0.097158164,4.151985,4.4482017
Ryan Borucki,2029,35,RP,16350,0.1841927,0.07296206,4.18792,4.32917
Ryan Brasier,2029,41,RP,5615,0.17259516,0.07997732,4.0789633,4.5352077
Ryan Helsley,2029,34,RP,18138,0.25817952,0.10558902,4.095865,4.220709
Ryan Pressly,2029,40,RP,7005,0.21415132,0.083722256,3.6998725,4.1727715
Ryan Thompson,2029,37,RP,16647,0.1752196,0.0759228,4.189051,4.507619
Ryan Walker,2029,33,RP,20423,0.23438624,0.09456858,4.0616503,4.097419
Ryan Yarbrough,2029,37,RP,16502,0.13723925,0.04275517,4.4308457,4.8513174
Ryne Stanek,2029,37,RP,15947,0.20728564,0.09515916,4.2358084,4.459134
Sam Hentges,2029,32,RP,18548,0.23264162,0.09764731,3.9885027,4.1624713
Sam Long,2029,33,RP,25379,0.1906514,0.09598756,4.272771,4.534535
Sam Moll,2029,37,RP,14874,0.20065646,0.09711198,4.1971855,4.4426146
Sam Selman,2029,38,RP,13397,0.18198961,0.083149806,4.27916,4.648185
Sammy Peralta,2029,31,RP,25589,0.2081166,0.10380452,4.1383986,4.391512
Scott Alexander,2029,39,RP,10591,0.13675445,0.07066156,4.1744695,4.5015707
Scott Barlow,2029,36,RP,14993,0.21543287,0.09564728,4.0775485,4.3771687
Scott Effross,2029,35,RP,18384,0.2153376,0.08133614,3.9727602,4.1754565
Scott McGough,2029,39,RP,12056,0.19815123,0.07119926,3.8009505,4.132498
Sean Hjelle,2029,32,RP,21481,0.21575202,0.10114678,4.190156,4.5082865
Sean Manaea,2029,37,RP,15873,0.19882558,0.07436805,4.0121512,4.418466
Sean Poppen,2029,35,RP,19583,0.19262865,0.09488277,4.223393,4.529156
Seranthony Dominguez,2029,34,RP,19249,0.22031307,0.095140986,4.1621327,4.39086
Sergio Romo,2029,46,RP,9817,0.1153678,0.06343763,4.6982517,5.5306687
Seth Martinez,2029,34,RP,21045,0.2088788,0.09649558,4.172987,4.453
Shawn Armstrong,2029,38,RP,12857,0.19729206,0.06773796,3.9022691,4.179415
Shelby Miller,2029,38,RP,10197,0.17597723,0.101521775,4.475419,4.5156274
Shintaro Fujinami,2029,35,RP,31839,0.20023727,0.10190815,4.3075213,4.567498
Steve Cishek,2029,43,RP,6483,0.15894239,0.090331644,4.5165386,4.3819623
Steven Matz,2029,38,RP,13361,0.18309283,0.061254065,4.040028,4.4908633
Steven Okert,2029,37,RP,13580,0.21923658,0.0870875,4.0507383,4.2933497
Steven Wilson,2029,34,RP,20353,0.21719773,0.09640474,4.1858764,4.3655257
Tanner Banks,2029,37,RP,16990,0.17707455,0.08093953,4.2047544,4.498582
Tanner Scott,2029,34,RP,17586,0.25114718,0.107335664,4.025382,4.092925
Tayler Saucedo,2029,36,RP,17888,0.1782404,0.09254442,4.2171345,4.4670177
Tayler Scott,2029,37,RP,13652,0.16949247,0.08327271,4.5176353,5.0069547
Taylor Clarke,2029,36,RP,17611,0.1989697,0.07440306,4.1025844,4.478547
Taylor Rogers,2029,38,RP,13449,0.21616712,0.101175204,4.01168,4.420397
Thad Ward,2029,32,RP,21513,0.20598626,0.103661634,4.3183455,4.5556474
Thomas Hatch,2029,34,RP,19264,0.19646391,0.09802501,4.260507,4.5240636
Tim Herrin,2029,32,RP,25139,0.22812946,0.10301631,4.097177,4.3472753
Tim Hill,2029,39,RP,16814,0.12983324,0.073313385,4.4946685,4.8398147
Tim Mayza,2029,37,RP,15042,0.1968524,0.07696006,4.039775,4.2983685
Tom Cosgrove,2029,33,RP,23443,0.19895491,0.09210172,4.1276,4.20791
Tommy Doyle,2029,33,RP,21281,0.16880031,0.09147607,4.0990167,4.3312984
Tommy Kahnle,2029,39,RP,11384,0.21847601,0.09048716,3.9971967,4.305569
Tommy Nance,2029,38,RP,19178,0.20267993,0.08619241,4.0730314,4.486623
Trent Thornton,2029,35,RP,17948,0.18558311,0.07283429,4.2455206,4.385627
Trevor Gott,2029,36,RP,15046,0.19428663,0.08048826,4.1428485,4.5113263
Trevor May,2029,39,RP,6398,0.18878467,0.09429306,4.2346444,4.4072704
Trevor Megill,2029,35,RP,17722,0.22949544,0.09458749,4.017733,4.286035
Trevor Richards,2029,36,RP,19309,0.24133475,0.11342412,4.176545,4.3150063
Trevor Stephan,2029,33,RP,19932,0.23407055,0.09563985,4.085692,4.2625766
Trey Wingenter,2029,35,RP,17793,0.2462574,0.10374052,4.0864015,4.2817874
Tristan Beck,2029,33,RP,21584,0.17311151,0.076727495,4.1443663,4.290189
Tucker Davidson,2029,33,RP,19871,0.19606407,0.09773766,4.3262343,4.6090355
Ty Blach,2029,38,RP,14361,0.115087114,0.06334027,4.567161,5.0348983
Tyler Alexander,2029,34,RP,17735,0.18127559,0.055997673,4.1287,4.2832274
Tyler Beede,2029,36,RP,16981,0.17029263,0.08647281,4.453396,4.817928
Tyler Danish,2029,34,RP,15126,0.17486186,0.08477435,4.266417,4.481349
Tyler Holton,2029,33,RP,26231,0.1942586,0.07275701,3.955631,3.8851926
Tyler Kinley,2029,38,RP,18297,0.17274545,0.080897614,4.084264,4.450841
Tyler Matzek,2029,38,RP,10058,0.19855411,0.11148558,4.4556937,4.314274
Tyler Rogers,2029,38,RP,15541,0.1590521,0.07816353,4.169647,4.441236
Victor Arano,2029,34,RP,15915,0.22001708,0.092033416,4.075754,4.3401203
Victor Gonzalez,2029,33,RP,16408,0.2158965,0.09917783,4.1387653,4.378096
Wandy Peralta,2029,37,RP,14295,0.18544796,0.097907156,4.3689632,4.4363427
Will Smith,2029,39,RP,8048,0.19457996,0.073869236,4.0501947,4.39775
Will Vest,2029,34,RP,19769,0.21818188,0.09287984,4.03326,4.316872
Wily Peralta,2029,40,RP,7738,0.1290291,0.10052513,4.7613506,3.9050753
Wyatt Mills,2029,34,RP,20010,0.19919188,0.098189086,4.2701645,4.590813
Xzavion Curry,2029,30,RP,25595,0.17568676,0.088657014,4.203854,4.2859945
Yency Almonte,2029,35,RP,15068,0.20702964,0.09728248,4.2035794,4.5056496
Yennier Cano,2029,35,RP,25911,0.19930731,0.09200838,4.1331925,4.4728737
Yerry De Los Santos,2029,31,RP,21420,0.20164165,0.10186185,4.110304,4.3829484
Yimi Garcia,2029,38,RP,12095,0.20202403,0.07014101,3.8727455,4.222616
Yohan Ramirez,2029,34,RP,19444,0.20738165,0.09819162,4.2566695,4.498345
Yonny Chirinos,2029,35,RP,16401,0.16238041,0.07327348,4.4694467,4.7172713
Yunior Marte,2029,34,RP,14416,0.19284451,0.09569795,4.2591186,4.5647883
Zach Jackson,2029,34,RP,19493,0.24137147,0.110571675,4.141015,4.259918
Zach Thompson,2029,35,RP,16094,0.18112706,0.09271338,4.2460146,4.505133
Zack Littell,2029,33,RP,15823,0.1891119,0.06638045,4.057955,4.1582847
Zack Thompson,2029,31,RP,25918,0.21436518,0.1036954,4.1445904,4.347617
Aaron Civale,2029,34,SP,19479,0.1957644,0.07285002,4.4504404,4.4904294
Aaron Nola,2029,36,SP,16149,0.19046171,0.07687384,4.452476,4.3992186
Adam Wainwright,2029,47,SP,2233,0.12039867,0.045107655,4.391828,4.6866007
Adrian Houser,2029,36,SP,12718,0.20323816,0.09274158,4.254506,4.433329
Adrian Sampson,2029,37,SP,13339,0.1739039,0.05746231,4.511061,4.398361
Alek Manoah,2029,31,SP,26410,0.19185795,0.094245955,4.6232014,4.5301895
Alex Cobb,2029,41,SP,6562,0.14833693,0.07694865,4.555772,4.4188795
Alex Faedo,2029,33,SP,19874,0.20515624,0.08779107,4.3292665,4.646655
Andrew Abbott,2029,30,SP,29911,0.23907343,0.07586099,3.958254,3.9796972
Andrew Heaney,2029,38,SP,15423,0.17473373,0.06867632,4.6084313,4.279005
Anibal Sanchez,2029,45,SP,3284,0.12827796,0.06837807,4.7231226,4.3366075
Anthony DeSclafani,2029,39,SP,13050,0.1604568,0.058971025,4.4500394,4.3732824
Austin Gomber,2029,35,SP,16561,0.18170837,0.07912823,4.2709103,4.6217637
Bailey Ober,2029,33,SP,21224,0.20358069,0.06359206,4.453211,4.2195234
Blake Snell,2029,36,SP,13543,0.26446152,0.078807674,3.2974823,3.4014366
Bobby Miller,2029,30,SP,27483,0.23415887,0.06838552,3.8705568,3.9265594
Brad Keller,2029,33,SP,15734,0.17357749,0.091481954,4.601691,4.631834
Brady Singer,2029,32,SP,25377,0.21319127,0.0834826,4.2163486,4.460237
Brandon Bielak,2029,33,SP,19866,0.18573284,0.09067829,4.500142,4.652477
Brandon Pfaadt,2029,30,SP,27782,0.19246985,0.05327979,4.3462324,4.7002773
Brandon Williamson,2029,31,SP,25463,0.18636575,0.07585361,4.416082,4.481883
Brandon Woodruff,2029,36,SP,16162,0.1965648,0.071735315,4.286528,4.0822845
Braxton Garrett,2029,31,SP,21844,0.23402713,0.07100338,3.9890273,4.044874
Brayan Bello,2029,30,SP,23920,0.19121277,0.085102715,3.8547697,4.0014434
Bryan Woo,2029,29,SP,30279,0.2641808,0.06971858,3.8836098,3.990237
Bryce Elder,2029,30,SP,27779,0.2025536,0.08891398,4.3548856,4.2891107
Bryce Miller,2029,30,SP,29837,0.21286973,0.053417325,4.237419,4.3128724
Cal Quantrill,2029,34,SP,19312,0.175105,0.08407255,4.427436,4.6562996
Carlos Carrasco,2029,42,SP,6632,0.14066067,0.060635716,4.4914465,4.322384
Carlos Rodon,2029,36,SP,16137,0.1992668,0.091657266,4.505892,4.368169
Charlie Morton,2029,45,SP,4676,0.18510799,0.04495927,4.15758,4.898855
Chase Anderson,2029,41,SP,6895,0.14264943,0.058278687,4.473972,4.114597
Chris Archer,2029,40,SP,6345,0.16877715,0.08730592,4.54057,4.457953
Chris Bassitt,2029,40,SP,12304,0.15994005,0.072575726,4.8777137,4.2716327
Chris Sale,2029,40,SP,10603,0.15267026,0.07754985,4.564526,4.4277587
Clarke Schmidt,2029,33,SP,19899,0.21514733,0.084816255,4.3318553,4.406696
Clayton Kershaw,2029,41,SP,2036,0.15663426,0.07774949,4.7042913,4.3192453
Colin Rea,2029,38,SP,12317,0.1808578,0.07823305,4.4928045,4.3445144
Corbin Burnes,2029,34,SP,19361,0.22562131,0.087053165,3.9712615,4.0774198
Cristian Javier,2029,32,SP,17606,0.23317167,0.07822578,4.1928477,4.168993
Cristopher Sanchez,2029,32,SP,20778,0.21935296,0.0816155,4.244868,4.349415
Daniel Lynch IV,2029,32,SP,21537,0.19094644,0.08274583,4.3736763,4.8018646
Dean Kremer,2029,33,SP,19350,0.19585374,0.07212298,4.427098,4.7119665
Domingo German,2029,36,SP,17149,0.17089714,0.049513828,4.612168,4.4764166
Drew Rasmussen,2029,33,SP,25385,0.2239901,0.08417617,4.038829,4.1453667
Dustin May,2029,31,SP,19716,0.22558798,0.08353946,4.191362,4.223339
Dylan Bundy,2029,36,SP,12917,0.16250859,0.04821432,4.366369,4.7264533
Dylan Cease,2029,33,SP,18525,0.25125045,0.08343048,3.8050578,3.802897
Eduardo Rodriguez,2029,36,SP,13164,0.19746667,0.085311405,4.414734,4.379021
Edward Cabrera,2029,31,SP,21690,0.22427045,0.118701845,4.521245,4.8641987
Emmet Sheehan,2029,29,SP,29839,0.26645908,0.08028797,3.7849634,3.9370565
Eric Lauer,2029,34,SP,19316,0.16322249,0.06943067,4.736841,4.553331
Erick Fedde,2029,36,SP,17425,0.2023086,0.08469141,4.2453136,4.4133472
Eury Perez,2029,26,SP,27768,0.29589048,0.0487703,3.7351952,3.4382844
Framber Valdez,2029,35,SP,17295,0.20761065,0.09029985,4.3179693,4.321314
Freddy Peralta,2029,33,SP,18679,0.24626806,0.07225206,3.8287501,3.7187848
Gavin Williams,2029,29,SP,30122,0.22584379,0.08244073,4.219192,4.105808
George Kirby,2029,31,SP,25436,0.23394802,0.06255313,3.911509,3.928745
Gerrit Cole,2029,38,SP,13125,0.17771241,0.07458513,4.3207393,4.1474133
Graham Ashcraft,2029,31,SP,27552,0.16336267,0.07655622,4.352571,4.610128
Grayson Rodriguez,2029,29,SP,24492,0.26510248,0.06971662,3.6827314,3.7443144
Griffin Canning,2029,33,SP,19867,0.2088683,0.08281089,4.3423634,4.493924
Humberto Castellanos,2029,31,SP,21183,0.18287942,0.077953905,4.3832264,4.6882463
Hunter Brown,2029,30,SP,25880,0.27474108,0.07292359,3.7247615,3.7498848
Hunter Greene,2029,29,SP,22182,0.2927333,0.0652795,3.6834593,3.5841355
Hyun-Jin Ryu,2029,42,SP,14444,0.14371581,0.06769988,4.643878,4.349964
Ian Anderson,2029,31,SP,19951,0.21241067,0.09646839,3.9523754,4.1665716
J.P. France,2029,34,SP,21212,0.1587422,0.07846199,4.556938,4.659205
JP Sears,2029,33,SP,23429,0.18002112,0.06447783,4.5282345,4.7330046
JT Brubaker,2029,35,SP,17578,0.20269701,0.08448567,4.3142586,4.4782796
Jack Flaherty,2029,33,SP,17479,0.22168294,0.09661145,4.249396,4.4685016
Jacob deGrom,2029,41,SP,10954,0.18636577,0.06876755,3.4462237,3.6275592
Jake Irvin,2029,32,SP,21504,0.15721324,0.08465466,4.6600766,4.7257304
Jake Odorizzi,2029,39,SP,6397,0.17043394,0.07968557,4.518036,4.383278
James Paxton,2029,40,SP,11828,0.1583808,0.07488253,4.6307034,4.330811
Jameson Taillon,2029,37,SP,11674,0.17062703,0.05506634,4.4851274,4.4338717
Jared Shuster,2029,30,SP,27472,0.15392883,0.08664453,4.4390774,4.6066628
Jesus Luzardo,2029,31,SP,19959,0.26754645,0.07634099,3.741356,3.743308
Joan Adon,2029,30,SP,22925,0.19315472,0.087928355,4.2357464,4.5009604
Joe Musgrove,2029,36,SP,12970,0.1872626,0.069776356,4.5936823,4.2432413
Joe Ryan,2029,33,SP,21390,0.2099998,0.0701639,4.3472605,4.241502
Joey Lucchesi,2029,36,SP,19320,0.19644353,0.07890806,4.2704535,4.4488654
Johan Oviedo,2029,31,SP,22487,0.21788472,0.098803975,4.238326,4.3652997
Jon Gray,2029,37,SP,14916,0.18470868,0.07155209,4.4695296,4.3461847
Jordan Lyles,2029,38,SP,7593,0.15540925,0.0430612,4.4813313,4.424531
Jordan Montgomery,2029,36,SP,16511,0.19115618,0.07771786,4.4656873,4.3642106
Jose Berrios,2029,35,SP,14168,0.18816853,0.067565575,4.5185294,4.4587646
Jose Quintana,2029,40,SP,11423,0.16481583,0.093583815,4.5309772,4.6209774
Jose Urena,2029,37,SP,11589,0.18612161,0.07601071,4.464303,4.3716545
Josiah Gray,2029,31,SP,24580,0.14787541,0.09024096,4.9165683,4.8893147
Julio Urias,2029,32,SP,14765,0.21471149,0.05984883,4.3794246,4.098522
Justin Dunn,2029,33,SP,19268,0.117853515,0.07257111,5.078143,5.0923653
Justin Steele,2029,33,SP,17312,0.22206163,0.08135294,4.0863957,4.155289
Justin Verlander,2029,46,SP,8700,0.12668215,0.07633677,4.8568463,4.5937886
Kenta Maeda,2029,41,SP,18498,0.1424077,0.06876551,4.6834464,4.35572
Kevin Gausman,2029,38,SP,14107,0.18892865,0.086874366,4.0960813,4.147822
Kodai Senga,2029,36,SP,31838,0.20323405,0.07794371,4.2562914,4.1018114
Kyle Bradish,2029,32,SP,24586,0.23112808,0.08431646,4.097187,4.2060037
Kyle Freeland,2029,36,SP,16256,0.1696559,0.07415523,4.2999907,4.5832543
Kyle Gibson,2029,41,SP,10123,0.14653265,0.07149023,4.461701,4.4320097
Kyle Hendricks,2029,39,SP,12049,0.1569021,0.05436894,4.4617124,4.385077
Lance Lynn,2029,42,SP,2520,0.14309108,0.06500225,4.876068,4.2231555
Lance McCullers Jr.,2029,35,SP,14120,0.21074992,0.09833102,4.3834734,4.3036346
Logan Allen,2029,30,SP,27589,0.22367658,0.07594509,4.2408056,4.1642685
Logan Gilbert,2029,32,SP,22250,0.22128813,0.06697479,4.2230744,4.152479
Logan Webb,2029,32,SP,17995,0.20999461,0.06929787,3.8689108,3.965721
Lucas Giolito,2029,34,SP,15474,0.19015105,0.06630968,4.473031,4.6535854
Luis Castillo,2029,36,SP,15689,0.19307198,0.07910548,4.6041074,4.2991004
Luis Cessa,2029,37,SP,13345,0.17288427,0.08517576,4.2542434,4.5353203
Luis Garcia,2029,32,SP,23735,0.24813057,0.077619664,3.9161792,3.9199672
Luis L. Ortiz,2029,30,SP,27646,0.16478969,0.093877934,4.481622,4.602473
Luis Severino,2029,35,SP,15890,0.17218716,0.04841701,4.5943274,4.597249
Luke Weaver,2029,35,SP,16918,0.16973245,0.052525025,4.3717203,4.83575
MacKenzie Gore,2029,30,SP,22201,0.247218,0.092407025,3.9078634,4.150497
Marco Gonzales,2029,37,SP,15467,0.17239031,0.05824921,4.661256,4.3211575
Marcus Stroman,2029,38,SP,13431,0.18264288,0.09246432,4.5236382,4.4636917
Matt Manning,2029,31,SP,20369,0.18509872,0.07857156,4.4583907,4.678699
Matthew Boyd,2029,38,SP,15440,0.1714218,0.06580804,4.3519273,4.423616
Max Fried,2029,35,SP,13743,0.20302446,0.07848483,4.1580014,4.128217
Max Scherzer,2029,44,SP,3137,0.13575988,0.07617955,4.7957644,4.578084
Merrill Kelly,2029,40,SP,11156,0.16799897,0.08623271,4.6856184,4.505844
Michael Kopech,2029,33,SP,17282,0.14463525,0.092619956,4.7795806,4.723924
Michael Lorenzen,2029,37,SP,14843,0.19411011,0.09333929,4.2506795,4.429771
Michael Pineda,2029,40,SP,5372,0.14643064,0.04503031,4.5329943,4.33574
Michael Wacha,2029,37,SP,14078,0.18335225,0.0707282,4.6092563,4.3008623
Mike Clevinger,2029,38,SP,12808,0.1796487,0.076055706,4.6204324,4.290901
Mike Minor,2029,41,SP,10021,0.15205315,0.0648403,4.5679355,4.2952404
Miles Mikolas,2029,40,SP,9803,0.14673795,0.05087338,4.4573703,4.381881
Mitch Keller,2029,33,SP,17594,0.22152428,0.09134132,4.205435,4.370219
Nathan Eovaldi,2029,39,SP,9132,0.17123531,0.08501465,4.579875,4.421647
Nestor Cortes,2029,34,SP,17874,0.20164253,0.073892236,4.5364532,4.2985477
Nick Lodolo,2029,31,SP,26378,0.25871485,0.06894493,3.8493521,3.7792804
Noah Syndergaard,2029,36,SP,11762,0.1606946,0.04734347,4.3637476,4.7455544
Pablo Lopez,2029,33,SP,17085,0.23375352,0.07723163,3.9198937,3.9551277
Patrick Corbin,2029,39,SP,9323,0.16155075,0.061116382,4.447793,4.3483925
Patrick Sandoval,2029,32,SP,19447,0.19894283,0.09788992,4.160678,4.3077016
Paul Blackburn,2029,35,SP,14739,0.20747432,0.08935397,4.2562776,4.4517097
Quinn Priester,2029,28,SP,25977,0.17413528,0.079288356,4.3440127,4.502253
Ranger Suarez,2029,33,SP,17277,0.21081358,0.09507485,4.2125125,4.3692183
Reese Olson,2029,29,SP,24968,0.25383267,0.06596992,3.8245826,3.8152733
Reid Detmers,2029,29,SP,27468,0.27860323,0.08054409,3.6389077,3.7295759
Rich Hill,2029,49,SP,4806,0.12699318,0.034380324,4.577299,4.828523
Ryan Feltner,2029,32,SP,21446,0.17334662,0.08553605,4.2042494,4.427852
Ryan Weathers,2029,29,SP,23796,0.18189272,0.07195715,4.4137597,4.7544103
Ryne Nelson,2029,31,SP,26253,0.15753959,0.069730036,4.520443,4.819491
Sandy Alcantara,2029,33,SP,18684,0.20428067,0.080675475,4.264043,4.351359
Seth Lugo,2029,39,SP,12447,0.1675698,0.07132625,4.7111993,4.2914667
Shane Bieber,2029,34,SP,19427,0.2078898,0.085375376,4.2130594,4.2916937
Shane McClanahan,2029,32,SP,21483,0.24458686,0.07855482,3.8798733,3.8969338
Shohei Ohtani,2029,34,SP,19755,0.23541091,0.073010236,3.892032,3.7548158
Sonny Gray,2029,39,SP,12768,0.17441438,0.09042131,4.2182136,4.2108383
Spencer Strider,2029,30,SP,27498,0.32875782,0.05949079,3.0072107,2.6673272
Spencer Turnbull,2029,36,SP,16207,0.20764326,0.0923553,4.203662,4.401014
Taijuan Walker,2029,36,SP,11836,0.20220594,0.08796252,4.294323,4.3923836
Taj Bradley,2029,28,SP,22543,0.2743025,0.06865614,3.723703,3.9029372
Tanner Bibee,2029,30,SP,30134,0.22770058,0.071017176,3.9854503,3.9399958
Tanner Houck,2029,33,SP,19879,0.2150672,0.09442045,4.1702566,4.336276
Tarik Skubal,2029,32,SP,22267,0.2458716,0.06728296,3.8724442,3.7969391
Tommy Henry,2029,31,SP,26285,0.17960356,0.08704406,4.555747,4.684896
Tony Gonsolin,2029,35,SP,19388,0.18113755,0.074677914,4.6191187,4.4448075
Touki Toussaint,2029,33,SP,16929,0.18394294,0.0857287,4.4687204,4.3668413
Trevor Williams,2029,37,SP,16977,0.16134848,0.041464917,4.7087307,4.3492928
Tyler Anderson,2029,39,SP,12880,0.17370127,0.08741731,4.5218067,4.445487
Tyler Glasnow,2029,35,SP,14374,0.22747928,0.075881846,3.831676,3.8357081
Tyler Wells,2029,34,SP,20000,0.1716489,0.044546988,4.8888054,4.373382
Tylor Megill,2029,33,SP,21318,0.19962625,0.081069164,4.3204265,4.7579193
Vince Velasquez,2029,37,SP,11189,0.19380908,0.083586365,4.2282424,4.415125
Vladimir Gutierrez,2029,33,SP,19278,0.18043633,0.0878429,4.4837728,4.684404
Wade Miley,2029,42,SP,8779,0.14491278,0.07816462,4.7377462,4.4811306
Walker Buehler,2029,34,SP,19374,0.20947441,0.08244723,4.2658434,4.2931695
Yu Darvish,2029,42,SP,13074,0.14031598,0.08157595,4.618406,4.5311203
Yusei Kikuchi,2029,38,SP,20633,0.107319355,0.06548768,5.2202888,4.368591
Zac Gallen,2029,33,SP,19291,0.22670846,0.07866004,3.9639697,4.0305376
Zach Davies,2029,36,SP,13183,0.20757075,0.09099126,4.1694508,4.3393683
Zach Eflin,2029,35,SP,13774,0.1869458,0.067667544,4.2990503,4.306566
Zack Greinke,2029,45,SP,1943,0.1107711,0.044393472,4.649812,4.325848
Zack Wheeler,2029,39,SP,10310,0.16583964,0.077593595,4.24087,4.182737
A.J. Minter,2030,36,RP,18655,0.22685312,0.09379726,3.9487066,4.274136
A.J. Puk,2030,35,RP,19343,0.22566023,0.084319666,3.963841,4.1675134
Aaron Ashby,2030,32,RP,23550,0.2328778,0.10239746,4.110431,4.3201413
Aaron Bummer,2030,36,RP,16258,0.22392367,0.11292893,4.186205,4.4188485
Aaron Loup,2030,42,RP,10343,0.15157169,0.082572006,4.190113,4.522726
Aaron Sanchez,2030,37,RP,11490,0.14257313,0.07469993,4.680493,5.182599
Abner Uribe,2030,30,RP,25327,0.24520579,0.10442577,3.799828,3.8096914
Adam Cimber,2030,39,RP,15288,0.14175785,0.07256252,4.36259,4.695484
Adam Ottavino,2030,44,RP,1247,0.17291862,0.089835495,4.2644954,4.540896
Adbert Alzolay,2030,35,RP,17859,0.22281644,0.07920418,3.9147568,4.0855694
Adrian Martinez,2030,33,RP,21023,0.19179823,0.0885557,4.2768903,4.52116
Albert Abreu,2030,34,RP,17485,0.20833583,0.10183269,4.249838,4.521248
Alec Marsh,2030,32,RP,27451,0.22234225,0.108303584,4.2272,4.520138
Alex Lange,2030,34,RP,19883,0.23321857,0.101552054,4.169992,4.353389
Alex Vesia,2030,34,RP,25007,0.2348071,0.09751194,4.120254,4.2756968
Alex Wood,2030,39,RP,13781,0.16346493,0.08348575,4.259809,4.6648164
Alex Young,2030,36,RP,18333,0.17303616,0.08553158,4.37526,4.66825
Alexis Diaz,2030,33,RP,21132,0.23145415,0.107509375,4.162923,4.204351
Amir Garrett,2030,38,RP,14375,0.19837472,0.10118667,4.2558494,4.233289
Amos Willingham,2030,31,RP,26128,0.16823362,0.08457337,4.3086915,4.404871
Andre Jackson,2030,34,RP,21298,0.19960093,0.09694781,4.222947,4.4928017
Andre Pallante,2030,31,RP,26108,0.17752522,0.095272936,4.1704946,4.3546586
Andres Machado,2030,37,RP,14681,0.1672333,0.07937535,4.3947887,4.7105527
Andres Munoz,2030,31,RP,20373,0.25555313,0.10259846,3.9552867,3.992999
Andrew Bellatti,2030,38,RP,10657,0.19903629,0.09220905,4.1751666,4.51887
Andrew Chafin,2030,40,RP,12988,0.19105077,0.093852535,4.1447935,4.455165
Andrew Nardi,2030,31,RP,25942,0.23240605,0.10382584,4.115585,4.3573112
Andrew Vasquez,2030,36,RP,19482,0.18039587,0.092987366,4.234087,4.457566
Andrew Wantz,2030,34,RP,24933,0.21214491,0.09705908,4.178153,4.4288898
Angel Perdomo,2030,36,RP,17759,0.22825988,0.10995289,4.19978,4.4285026
Angel Zerpa,2030,30,RP,22717,0.18059266,0.09076435,4.132997,4.289147
Anthony Bass,2030,42,RP,7982,0.16037318,0.08487292,4.3578825,4.5784497
Anthony Bender,2030,35,RP,19742,0.20887439,0.09194787,4.129252,4.392385
Anthony Gose,2030,39,RP,5097,0.1981915,0.08713574,4.0798826,4.365336
Aroldis Chapman,2030,42,RP,10233,0.27732384,0.11017058,3.4630647,3.6436002
Art Warren,2030,37,RP,18251,0.20645115,0.097109295,4.1260486,4.456093
Austin Adams,2030,39,RP,13801,0.20613378,0.09726421,4.146634,4.517151
Austin Cox,2030,33,RP,24604,0.20578869,0.103556536,4.136508,4.4102154
Austin Davis,2030,37,RP,17117,0.19310994,0.096946746,4.229503,4.51677
Austin Pruitt,2030,40,RP,15290,0.1311484,0.06336516,4.476386,4.858468
Austin Voth,2030,38,RP,15047,0.16664279,0.07344156,4.3987694,4.8968716
Bailey Falter,2030,33,RP,20070,0.18512283,0.07329289,4.1740565,4.338531
Beau Brieske,2030,32,RP,26079,0.18141969,0.09034928,4.2348084,4.3837037
Ben Heller,2030,38,RP,15100,0.1740148,0.09449711,4.3177457,4.4648314
Ben Lively,2030,38,RP,14932,0.15518305,0.06995859,4.488611,4.9912157
Blake Taylor,2030,34,RP,16418,0.1983129,0.1020131,4.237657,4.4842777
Bowden Francis,2030,34,RP,20548,0.20743334,0.07928445,4.0204935,4.08368
Brad Boxberger,2030,42,RP,10133,0.16551943,0.09063797,4.3725033,4.5570536
Brad Hand,2030,40,RP,9111,0.16957957,0.09112258,4.25184,4.5410895
Brendan White,2030,31,RP,26024,0.2203541,0.10315238,4.081457,4.368449
Brennan Bernardino,2030,38,RP,16835,0.18374175,0.07662728,3.9685693,4.2864246
Brent Honeywell,2030,35,RP,16466,0.17691955,0.08906974,4.3424907,4.5575476
Brent Suter,2030,40,RP,13942,0.14426036,0.076498196,3.9614275,4.1781125
Brett Martin,2030,35,RP,17369,0.18409328,0.093305126,4.1877832,4.4742594
Brock Burke,2030,33,RP,17968,0.21064228,0.078127116,4.0126967,4.0866385
Brock Stewart,2030,38,RP,16727,0.2084161,0.08361769,4.026504,4.343269
Brooks Raley,2030,42,RP,10061,0.18413338,0.08960204,4.119928,4.497418
Brusdar Graterol,2030,31,RP,20367,0.19063881,0.0905742,4.02178,4.136414
Bryan Abreu,2030,33,RP,16609,0.24604039,0.10804697,4.131139,4.199202
Bryan Baker,2030,35,RP,19804,0.2167552,0.09784649,4.104421,4.353063
Bryan Hoeing,2030,33,RP,26304,0.16487773,0.08178815,4.3967113,4.620092
Bryan Shaw,2030,42,RP,8110,0.13878791,0.08454313,4.468634,4.8662014
Bryse Wilson,2030,32,RP,19990,0.18502508,0.08824276,4.253489,4.393575
Buck Farmer,2030,39,RP,14814,0.17144969,0.089417726,4.2911186,4.592265
Caleb Ferguson,2030,33,RP,19349,0.22520612,0.098977365,4.142074,4.3414116
Caleb Smith,2030,38,RP,14875,0.1780608,0.09387129,4.405634,4.512885
Caleb Thielbar,2030,43,RP,10078,0.19261104,0.08127818,3.8488286,4.298091
Calvin Faucher,2030,34,RP,20116,0.19598249,0.0962482,4.2681537,4.5753565
Camilo Doval,2030,32,RP,21992,0.23451139,0.099322535,4.034445,4.1055017
Carl Edwards Jr.,2030,38,RP,13607,0.17755648,0.09563885,4.2747264,4.469827
Carlos Estevez,2030,37,RP,14542,0.19512637,0.09316147,4.207144,4.539812
Carlos Hernandez,2030,33,RP,22713,0.21134089,0.103518516,4.233051,4.555409
Carmen Mlodzinski,2030,31,RP,27572,0.20999874,0.10195525,4.1095214,4.2606688
Casey Lawrence,2030,42,RP,11121,0.09019959,0.06084902,5.0317445,5.993382
Chad Kuhl,2030,37,RP,14975,0.17120978,0.09554345,4.499702,4.789812
Chase Silseth,2030,30,RP,30074,0.21355154,0.102115035,4.1109166,4.409581
Chasen Shreve,2030,39,RP,10855,0.17300402,0.076430075,4.2584877,4.690212
Chris Devenski,2030,39,RP,12763,0.16461737,0.053994667,4.1974416,4.81068
Chris Flexen,2030,35,RP,13896,0.15882263,0.07510979,4.522563,4.827002
Chris Martin,2030,44,RP,11847,0.1611339,0.062876776,3.719111,4.113786
Chris Murphy,2030,32,RP,26214,0.20354392,0.099426955,4.077196,4.3569403
Chris Stratton,2030,39,RP,13761,0.17733385,0.085730225,4.1214323,4.515413
Cionel Perez,2030,34,RP,19614,0.20177865,0.10172858,4.193109,4.4425497
Clay Holmes,2030,37,RP,13649,0.20548876,0.092679195,4.0446243,4.3772535
Cody Bolton,2030,32,RP,23265,0.20232499,0.10361866,4.151468,4.4585724
Cody Bradford,2030,32,RP,27597,0.19408904,0.08411014,4.121879,4.2982097
Cole Irvin,2030,36,RP,19244,0.16449204,0.06731783,4.324845,4.646832
Cole Ragans,2030,32,RP,21846,0.21434791,0.100529805,4.0899367,4.328821
Cole Sands,2030,32,RP,21461,0.203584,0.10144618,4.1825004,4.4506392
Colin Holderman,2030,34,RP,22361,0.20027156,0.0981633,4.114917,4.3829627
Colin Poche,2030,36,RP,19403,0.20965254,0.089567214,4.1393147,4.4223046
Colin Selby,2030,32,RP,24986,0.29070604,0.08729675,3.656109,4.0343075
Collin McHugh,2030,43,RP,7531,0.15582463,0.078689955,4.1220174,4.491063
Collin Snider,2030,34,RP,23307,0.16802225,0.090642035,4.233007,4.4849443
Connor Brogdon,2030,35,RP,21205,0.20001005,0.091553226,4.1857967,4.4759274
Connor Seabold,2030,34,RP,19695,0.16638863,0.07598908,4.5176444,4.8191566
Corey Kluber,2030,44,RP,2429,0.10392418,0.05836262,4.648991,5.470619
Corey Knebel,2030,38,RP,15010,0.19766216,0.09903493,4.2383966,4.504809
Cory Abbott,2030,34,RP,20277,0.20401186,0.09555739,4.272652,4.5589476
Craig Kimbrel,2030,42,RP,6655,0.20942709,0.10657835,4.0797434,4.4064455
Craig Stammen,2030,46,RP,7274,0.13543259,0.05864779,4.389728,4.8747797
DL Hall,2030,31,RP,22207,0.23070705,0.10026564,4.0388875,4.2594986
Dakota Hudson,2030,35,RP,19206,0.16264799,0.08978139,4.316451,4.5414124
Dane Dunning,2030,35,RP,19409,0.18697932,0.09095847,4.258949,4.5435843
Daniel Bard,2030,45,RP,7115,0.15016596,0.09415837,4.385702,4.0362544
Daniel Duarte,2030,33,RP,17480,0.19166632,0.10163647,4.250856,4.44468
Daniel Palencia,2030,30,RP,27914,0.23954529,0.10063699,3.9455822,4.026533
Danny Coulombe,2030,40,RP,13293,0.17963369,0.08146688,4.0742106,4.423808
Dany Jimenez,2030,36,RP,21170,0.19796698,0.10052102,4.2423153,4.496592
Darren O'Day,2030,47,RP,3321,0.16521908,0.08583537,4.244538,4.460731
Dauri Moreta,2030,34,RP,21101,0.2220101,0.09292823,4.105172,4.3463206
David Bednar,2030,35,RP,19569,0.22130059,0.090037376,3.960293,4.1561117
David Peterson,2030,34,RP,20302,0.22770326,0.10173905,4.162966,4.401318
David Phelps,2030,43,RP,6316,0.18106349,0.088960916,4.122722,4.429972
David Price,2030,44,RP,3184,0.14358708,0.07013809,4.432773,4.9519114
David Robertson,2030,45,RP,8241,0.19295762,0.09389412,4.0765758,4.344076
Derek Law,2030,39,RP,13133,0.15948413,0.09125958,4.3270144,4.511758
Devin Williams,2030,35,RP,15816,0.24306794,0.11837663,4.208783,4.392626
Dillon Peters,2030,37,RP,18790,0.16093254,0.08489119,4.4220805,4.7525234
Dillon Tate,2030,36,RP,17796,0.17822672,0.083450146,4.2173605,4.5282855
Dinelson Lamet,2030,37,RP,17186,0.21369629,0.1060266,4.118134,4.446954
Domingo Tapia,2030,38,RP,12178,0.1801516,0.10066504,4.3029013,4.351276
Dominic Leone,2030,38,RP,13763,0.17948192,0.09047923,4.369084,4.5158706
Drew Hutchison,2030,39,RP,10732,0.14119804,0.08748486,4.5218043,4.7335596
Drew Smith,2030,36,RP,17755,0.21343635,0.090041764,4.1462197,4.4140506
Drew Smyly,2030,41,RP,11760,0.15386543,0.06846296,4.4173174,4.9790874
Drew VerHagen,2030,39,RP,13424,0.15687123,0.08240336,4.506865,5.0060368
Drey Jameson,2030,32,RP,26260,0.21029344,0.09890328,4.1585712,4.332223
Duane Underwood Jr.,2030,35,RP,14677,0.1830582,0.0945288,4.194469,4.484719
Dylan Coleman,2030,33,RP,22276,0.21234438,0.106775716,4.2145047,4.4460983
Dylan Covey,2030,38,RP,14825,0.13992497,0.07557123,4.6768994,5.227893
Dylan Floro,2030,39,RP,13394,0.17725542,0.08355333,3.993775,4.381609
Dylan Lee,2030,35,RP,19996,0.2076323,0.0798273,3.9909492,4.1780424
Edwin Diaz,2030,36,RP,14710,0.258894,0.11658783,4.0871034,4.229548
Eli Morgan,2030,34,RP,20203,0.21928953,0.0885035,4.051645,4.3007426
Elieser Hernandez,2030,35,RP,16933,0.20742495,0.06744616,3.9425297,4.176129
Elvis Peguero,2030,33,RP,21652,0.19552954,0.097791426,4.1847377,4.448025
Emilio Pagan,2030,39,RP,14771,0.19433399,0.07443938,3.99966,4.3358727
Emmanuel Clase,2030,32,RP,21032,0.20336042,0.08390102,3.8579865,3.9304602
Enyel De Los Santos,2030,34,RP,18403,0.21819173,0.09873044,4.154975,4.4249563
Erasmo Ramirez,2030,40,RP,10314,0.1180357,0.046334587,4.5262485,5.120708
Eric Stout,2030,37,RP,16873,0.1876993,0.09747908,4.236614,4.515551
Erik Swanson,2030,36,RP,16587,0.22416821,0.08535707,3.9747396,4.1904473
Evan Phillips,2030,35,RP,17734,0.22089727,0.0799569,3.9147444,3.9870706
Felix Bautista,2030,35,RP,20666,0.24454124,0.108260274,4.1540236,4.307747
Fernando Cruz,2030,40,RP,7048,0.20713545,0.093769014,3.990708,4.427044
Francisco Perez,2030,32,RP,21018,0.19816609,0.10146521,4.160162,4.4776654
Gabe Speier,2030,35,RP,17170,0.20314908,0.08007603,4.021846,4.258232
Garrett Richards,2030,42,RP,9784,0.1257177,0.07305185,4.5399914,5.1674614
Garrett Whitlock,2030,34,RP,20191,0.20475458,0.071498424,3.8809216,4.047462
Gavin Hollowell,2030,32,RP,25427,0.19083492,0.098344214,4.1569176,4.39358
Genesis Cabrera,2030,33,RP,17490,0.21556282,0.10191784,4.19,4.461642
George Soriano,2030,31,RP,21863,0.21376553,0.10336144,4.1230226,4.3424253
Giovanny Gallegos,2030,38,RP,14986,0.21044481,0.07563871,3.8383272,4.167132
Grant Anderson,2030,33,RP,20546,0.19581291,0.0972677,4.2191434,4.476939
Grant Hartwig,2030,32,RP,29946,0.20480521,0.101964615,4.2025657,4.488351
Greg Weissert,2030,35,RP,20375,0.20226602,0.09341327,4.1812277,4.4883356
Gregory Santos,2030,30,RP,21894,0.20499039,0.09729962,3.9653347,4.211505
Gregory Soto,2030,35,RP,19677,0.21029826,0.10178964,4.191281,4.4674344
Griffin Jax,2030,35,RP,20253,0.205421,0.08411673,4.075755,4.3749127
Gus Varland,2030,33,RP,24737,0.20259704,0.10363717,4.21197,4.506354
Hansel Robles,2030,39,RP,11801,0.178839,0.093938,4.2243266,4.5050783
Hayden Wesneski,2030,32,RP,27581,0.21297902,0.09512853,4.141846,4.3153796
Hector Neris,2030,41,RP,11804,0.20042935,0.092220865,4.0450683,4.4146395
Hirokazu Sawamura,2030,42,RP,27515,0.1574549,0.09449167,4.39858,4.323916
Hobie Harris,2030,37,RP,18615,0.15854268,0.09304604,4.214544,4.2878857
Hoby Milner,2030,39,RP,13346,0.18391588,0.06281285,3.9821515,4.2369704
Huascar Brazoban,2030,40,RP,6107,0.18390961,0.09655217,4.2741866,4.429902
Hunter Harvey,2030,35,RP,15507,0.21204437,0.08310334,3.9741657,4.203595
Hunter Strickland,2030,41,RP,7836,0.15559112,0.087988295,4.3472,4.5895
Ian Gibaut,2030,36,RP,17871,0.20092732,0.092956096,4.158682,4.4618526
Ian Hamilton,2030,35,RP,19261,0.21762753,0.09515846,4.1151524,4.3434534
Ian Kennedy,2030,45,RP,6986,0.17855647,0.04144804,4.0998626,4.2999887
Isaiah Campbell,2030,32,RP,25551,0.23887892,0.105194405,4.1527805,4.2205253
J.B. Wendelken,2030,37,RP,14506,0.18692271,0.09660352,4.2067246,4.459084
J.P. Feyereisen,2030,37,RP,16610,0.19530676,0.096085764,4.231473,4.4348555
JT Chargois,2030,39,RP,13767,0.1678237,0.08752442,4.2350636,4.543546
Jackson Kowar,2030,33,RP,21549,0.21739732,0.10836291,4.3381596,4.579958
Jacob Webb,2030,36,RP,19274,0.20122868,0.097420365,4.2394133,4.5225487
Jaime Barria,2030,33,RP,18356,0.17461093,0.08269605,4.3567176,4.493404
Jake Bird,2030,34,RP,21267,0.17586464,0.09160664,4.0497913,4.2882595
Jake Diekman,2030,43,RP,5003,0.250729,0.09289192,3.8279393,3.8331344
Jake McGee,2030,43,RP,7550,0.14758374,0.06704491,4.2731667,4.786329
Jake Woodford,2030,33,RP,18674,0.16985396,0.08699645,4.377023,4.556515
Jakob Junis,2030,37,RP,13619,0.19046572,0.065201126,3.9730945,4.3333836
Jalen Beeks,2030,36,RP,17192,0.21170838,0.092599414,4.1104894,4.4625015
James Karinchak,2030,34,RP,20151,0.25360155,0.10645035,4.164994,4.260921
James McArthur,2030,33,RP,21527,0.2022348,0.08245518,3.9877167,4.196823
James Norwood,2030,36,RP,16440,0.1911459,0.095181026,4.210975,4.550147
Jandel Gustave,2030,37,RP,14665,0.18109003,0.09160332,4.2779436,4.5855618
Jarlin Garcia,2030,37,RP,18282,0.18358614,0.07982062,4.1770234,4.424916
Jason Adam,2030,38,RP,11861,0.22059065,0.08595892,3.9659688,4.1951237
Jason Alexander,2030,37,RP,19666,0.14004613,0.07865626,4.383546,4.6590214
Jason Foley,2030,34,RP,19531,0.18004246,0.08696017,4.044754,4.2917953
Javier Assad,2030,32,RP,21741,0.20441741,0.10055075,4.2058954,4.392902
Javy Guerra,2030,34,RP,17292,0.18839422,0.10271092,4.273311,4.5069475
Jay Jackson,2030,42,RP,7432,0.18344595,0.08200743,4.188998,4.3962336
Jeff Brigham,2030,38,RP,16631,0.19958904,0.083675474,4.0940676,4.466421
Jeff Hoffman,2030,37,RP,17432,0.2091994,0.093140274,4.1259294,4.480937
Jesse Chavez,2030,46,RP,5448,0.1634756,0.08293902,4.1608844,4.482004
Jesse Scholtens,2030,36,RP,19205,0.14145443,0.074669726,4.4233017,4.691984
Jesus Tinoco,2030,35,RP,16300,0.18413594,0.09739436,4.323666,4.456828
Jharel Cotton,2030,38,RP,13654,0.17323965,0.08821773,4.387911,4.7438264
Jhoan Duran,2030,32,RP,21029,0.23911406,0.09254744,3.9836857,3.9177327
Jhony Brito,2030,32,RP,25386,0.19071455,0.09227505,4.211266,4.377343
Jhoulys Chacin,2030,42,RP,2608,0.10728593,0.06926414,4.6879554,5.360399
Jimmy Cordero,2030,38,RP,15690,0.18100645,0.08391273,4.231061,4.651169
Jimmy Herget,2030,36,RP,17556,0.18899192,0.078614816,4.145226,4.4232125
Jimmy Lambert,2030,35,RP,19541,0.20338596,0.09689298,4.2373853,4.5257726
JoJo Romero,2030,33,RP,19574,0.22936934,0.096869625,4.090704,4.338834
Joe Jacques,2030,35,RP,25178,0.16296694,0.08469099,4.1902633,4.4327435
Joe Jimenez,2030,35,RP,15761,0.23247723,0.09063601,3.9962096,4.1928935
Joe Kelly,2030,42,RP,9761,0.20764261,0.10842229,4.1057096,4.3569365
Joe La Sorsa,2030,32,RP,25481,0.19013189,0.09246424,4.158791,4.368752
Joe Mantiply,2030,39,RP,14857,0.16391696,0.07250563,4.083064,4.4966764
Joe Smith,2030,46,RP,3281,0.10074798,0.061924852,4.711641,5.3316565
Joel Payamps,2030,36,RP,14332,0.19451565,0.07732759,4.1118755,4.2991934
Joey Wentz,2030,32,RP,19962,0.20252232,0.09935224,4.2951903,4.5709987
John Brebbia,2030,40,RP,12777,0.18112026,0.08366235,4.156523,4.572453
John Curtiss,2030,37,RP,16128,0.18892118,0.0829726,4.2069097,4.5402136
John King,2030,35,RP,22051,0.15662472,0.08145988,4.2130437,4.460667
John Schreiber,2030,36,RP,20020,0.20538881,0.095150016,4.1532607,4.4598618
Jonathan Hernandez,2030,33,RP,17464,0.21407993,0.103024304,4.1842217,4.46826
Jonathan Loaisiga,2030,35,RP,19753,0.16457711,0.081809655,4.170903,4.400045
Jordan Balazovic,2030,31,RP,21866,0.19114351,0.098043725,4.2040563,4.395983
Jordan Hicks,2030,33,RP,19618,0.22241913,0.10739224,4.1047707,4.2449484
Jordan Romano,2030,37,RP,16122,0.21569306,0.09040174,4.073623,4.342377
Jordan Weems,2030,37,RP,13190,0.20015906,0.08954025,4.1719522,4.51112
Jorge Lopez,2030,37,RP,14527,0.16664527,0.07638428,4.4698734,4.9321065
Jose A. Ferrer,2030,30,RP,24017,0.19314286,0.09921292,4.128363,4.450989
Jose Alvarado,2030,35,RP,17780,0.23799692,0.11552658,4.206161,4.374803
Jose Alvarez,2030,41,RP,5358,0.15066288,0.08709575,4.336648,4.5388846
Jose Cisnero,2030,41,RP,6399,0.17394604,0.09205145,4.261425,4.5424166
Jose Cuas,2030,36,RP,17701,0.19572926,0.09885386,4.243706,4.4778986
Jose Hernandez,2030,32,RP,22318,0.22634444,0.10328133,4.1158967,4.320505
Jose Leclerc,2030,36,RP,14524,0.21777703,0.10028061,4.2073774,4.4701962
Jose Ruiz,2030,35,RP,14552,0.20413607,0.09537532,4.2300825,4.5125227
Jose Soriano,2030,31,RP,22100,0.24366668,0.10461311,3.9998047,4.0025077
Jose Urquidy,2030,35,RP,18413,0.17285118,0.07996613,4.3566117,4.5980344
Josh Hader,2030,36,RP,14212,0.2707965,0.10326539,4.0243983,4.1775374
Josh Rogers,2030,35,RP,18510,0.15784726,0.08495275,4.4646235,4.6509323
Josh Sborz,2030,36,RP,18323,0.22675803,0.094519205,4.07722,4.370365
Josh Staumont,2030,36,RP,18335,0.2115241,0.101838715,4.181869,4.3138766
Josh Taylor,2030,37,RP,17359,0.21132867,0.09274363,4.1054077,4.47107
Josh Winckowski,2030,32,RP,22387,0.17630798,0.09156878,4.151235,4.3616495
Josh Winder,2030,33,RP,24606,0.17290293,0.08634098,4.256172,4.4520965
Jovani Moran,2030,33,RP,20422,0.23211509,0.10822973,4.0299053,4.103342
Julian Merryweather,2030,38,RP,16703,0.20548953,0.09335187,4.1276407,4.4853435
Junior Fernandez,2030,33,RP,18496,0.20273234,0.10273123,4.238431,4.5161514
Justin Bruihl,2030,33,RP,23779,0.18863668,0.09551414,4.2163563,4.4747505
Justin Garza,2030,36,RP,19784,0.18769903,0.097674824,4.281268,4.5565443
Justin Grimm,2030,41,RP,11720,0.13765988,0.09191194,4.80042,5.4248943
Justin Lawrence,2030,35,RP,17639,0.19206966,0.097654,3.9999697,4.2134495
Justin Topa,2030,39,RP,15145,0.17229761,0.06990008,4.0348926,4.3959246
Kaleb Ort,2030,38,RP,20061,0.1632143,0.08409987,4.296354,4.673628
Keegan Akin,2030,35,RP,19362,0.20329382,0.084608264,4.130722,4.46875
Keegan Thompson,2030,35,RP,19795,0.20212185,0.10052659,4.2549496,4.527064
Ken Waldichuk,2030,32,RP,27681,0.2077333,0.10094594,4.236475,4.5078616
Kendall Graveman,2030,39,RP,15514,0.17899148,0.094786726,4.335668,4.486408
Kenley Jansen,2030,42,RP,3096,0.19814299,0.0928034,3.9888127,4.362815
Kevin Ginkel,2030,36,RP,19876,0.20643193,0.0926277,4.1282067,4.458342
Kevin Kelly,2030,32,RP,25679,0.18705668,0.08855998,4.036478,4.2159066
Keynan Middleton,2030,36,RP,15264,0.21179911,0.091278404,4.1426563,4.4498763
Kirby Yates,2030,43,RP,9073,0.23942326,0.0938296,3.8852248,4.0179753
Kutter Crawford,2030,34,RP,20531,0.20349015,0.09280577,4.1347837,4.4354877
Kyle Finnegan,2030,38,RP,15009,0.18403552,0.08310531,4.230427,4.5269136
Kyle Muller,2030,32,RP,20167,0.20759982,0.104778565,4.3281517,4.629411
Kyle Nelson,2030,33,RP,20515,0.20850535,0.09629955,4.131097,4.368126
Lane Ramsey,2030,33,RP,25071,0.19644646,0.09907628,4.1590934,4.4542212
Lou Trivino,2030,38,RP,15043,0.19253312,0.094371706,4.193806,4.541295
Louie Varland,2030,32,RP,27691,0.20519502,0.09161405,4.1162705,4.3007174
Louis Head,2030,40,RP,13259,0.15970457,0.08248334,4.230772,4.5545096
Lucas Erceg,2030,35,RP,19360,0.20483556,0.10240811,4.0194893,4.230893
Lucas Gilbreath,2030,34,RP,21290,0.19896688,0.10079712,4.0732193,4.271748
Lucas Sims,2030,36,RP,13470,0.22728686,0.101316266,4.2013483,4.3790894
Luis Frias,2030,32,RP,21997,0.1866796,0.09999875,4.128693,4.4344845
Luis Garcia,2030,43,RP,6984,0.1582458,0.08241637,4.1274214,4.4907894
Luis Medina,2030,31,RP,21649,0.20993425,0.106803566,4.2372236,4.607864
Luke Jackson,2030,38,RP,11752,0.20597313,0.09155182,4.0977483,4.471095
Manny Banuelos,2030,39,RP,5365,0.17615278,0.09585716,4.3079376,4.5320992
Mark Leiter Jr.,2030,39,RP,15551,0.20034635,0.07604561,3.932844,4.32589
Mark Melancon,2030,45,RP,4264,0.12572326,0.077746116,4.1439037,4.2698774
Martin Perez,2030,39,RP,6902,0.14589848,0.08085771,4.434618,4.6977215
Mason Englert,2030,30,RP,22288,0.17642629,0.08612429,4.2252674,4.3452816
Mason Thompson,2030,32,RP,21850,0.192195,0.09876453,4.1762094,4.4646754
Matt Barnes,2030,40,RP,12863,0.17449172,0.092452444,4.2422853,4.5297713
Matt Brash,2030,32,RP,25756,0.26057473,0.11626562,3.9314888,4.064399
Matt Carasiti,2030,38,RP,13276,0.15734886,0.085283965,4.0712056,4.3227286
Matt Foster,2030,35,RP,19647,0.20440711,0.09324074,4.1665106,4.494751
Matt Koch,2030,39,RP,13420,0.12146516,0.06257959,4.5990543,5.0357485
Matt Moore,2030,41,RP,1890,0.18200518,0.0851022,4.1951427,4.4650116
Matt Strahm,2030,38,RP,13799,0.20386028,0.07603832,3.9046924,4.229158
Matt Wisler,2030,37,RP,12804,0.20335938,0.08069494,4.07195,4.3200336
Matthew Liberatore,2030,30,RP,22294,0.19307464,0.09984442,4.2262692,4.574029
Mauricio Llovera,2030,34,RP,20080,0.19942918,0.09731145,4.2447877,4.5356874
Michael Fulmer,2030,37,RP,13218,0.19821128,0.09289,4.199317,4.537576
Michael Grove,2030,33,RP,23221,0.20124206,0.090909086,4.2149987,4.475756
Michael King,2030,35,RP,19853,0.22684202,0.08941283,4.010631,4.220966
Michael Rucker,2030,36,RP,19454,0.19560179,0.09196844,4.2204695,4.5717745
Michael Tonkin,2030,40,RP,10315,0.18653594,0.07739355,4.1330495,4.5946975
Miguel Castro,2030,35,RP,15684,0.20673652,0.09881338,4.210205,4.5044184
Mike Baumann,2030,34,RP,20206,0.20244473,0.10113028,4.2263765,4.4941425
Nate Pearson,2030,33,RP,20160,0.21721748,0.10504031,4.2072673,4.480865
Nick Anderson,2030,39,RP,18337,0.2128772,0.08679112,3.909485,4.283896
Nick Martinez,2030,39,RP,12730,0.16310172,0.077028975,4.436021,4.808519
Nick Mears,2030,33,RP,25376,0.20632371,0.102848046,4.210941,4.4587297
Nick Pivetta,2030,37,RP,15454,0.20498186,0.0855879,4.080647,4.438591
Nick Ramirez,2030,40,RP,12575,0.13841005,0.07423977,4.3685193,4.785171
Nick Robertson,2030,31,RP,26226,0.21927826,0.10387129,4.1030803,4.412686
Nick Sandlin,2030,33,RP,20517,0.22740173,0.100049645,4.1843095,4.387321
Nick Wittgren,2030,39,RP,15594,0.13601814,0.07249468,4.508796,5.014885
Noe Ramirez,2030,40,RP,12800,0.16523513,0.09005834,4.32527,4.635696
Osvaldo Bido,2030,34,RP,23150,0.18505247,0.09259978,4.223662,4.5266523
Paul Sewald,2030,40,RP,13892,0.21901527,0.09580115,3.935065,4.314619
Pete Fairbanks,2030,36,RP,17998,0.23961733,0.10470163,4.1024146,4.394099
Peter Lambert,2030,33,RP,17969,0.14006239,0.071454756,4.4013953,4.629844
Peter Strzelecki,2030,35,RP,21367,0.20349798,0.09319253,4.1463737,4.4480786
Phil Bickford,2030,34,RP,18519,0.22378743,0.100649625,4.160341,4.408809
Phil Maton,2030,37,RP,18064,0.20754133,0.08760771,4.0867414,4.4418697
Pierce Johnson,2030,39,RP,13435,0.21458976,0.09573125,4.0509353,4.445459
Rafael Montero,2030,39,RP,12760,0.18894248,0.09003322,4.1484327,4.542145
Raisel Iglesias,2030,40,RP,17130,0.2074989,0.083027355,3.789971,4.1969075
Ralph Garza,2030,36,RP,17682,0.18573515,0.09735662,4.3096123,4.5210614
Ray Kerr,2030,35,RP,23809,0.21263199,0.089776486,4.0927587,4.3655634
Reynaldo Lopez,2030,36,RP,16400,0.21616338,0.09163423,4.1239724,4.4073815
Richard Bleier,2030,43,RP,7803,0.1066874,0.060027674,4.184621,4.5858274
Richard Lovelady,2030,34,RP,19337,0.21704638,0.10053253,4.170568,4.4643583
Roansy Contreras,2030,30,RP,22810,0.19549686,0.1004652,4.151942,4.471489
Rob Zastryzny,2030,38,RP,15094,0.1812392,0.0965287,4.217179,4.3984566
Robert Garcia,2030,34,RP,23363,0.2123639,0.09583236,4.132031,4.391995
Robert Stephenson,2030,37,RP,13594,0.22274278,0.084726006,3.9479785,4.2471514
Robert Suarez,2030,39,RP,30115,0.19147956,0.087330416,4.1295195,4.4528766
Ron Marinaccio,2030,34,RP,23488,0.2273585,0.10482172,4.2168946,4.375067
Ronel Blanco,2030,36,RP,19407,0.19257216,0.092252895,4.2935095,4.4962635
Rony Garcia,2030,32,RP,20430,0.20029359,0.09539463,4.239332,4.482764
Ross Detwiler,2030,44,RP,2859,0.12632006,0.055529963,4.624343,5.2860785
Ross Stripling,2030,40,RP,13273,0.13547741,0.036333654,4.3652005,4.9109178
Rowan Wick,2030,37,RP,14646,0.20308347,0.09651627,4.189064,4.528181
Ryan Borucki,2030,36,RP,16350,0.17797661,0.07350622,4.2078075,4.4225345
Ryan Brasier,2030,42,RP,5615,0.16321902,0.080150574,4.117829,4.557964
Ryan Helsley,2030,35,RP,18138,0.2371757,0.10743979,4.158471,4.345603
Ryan Pressly,2030,41,RP,7005,0.2020397,0.084946744,3.780295,4.2625184
Ryan Thompson,2030,38,RP,16647,0.16832401,0.07649477,4.212869,4.574584
Ryan Walker,2030,34,RP,20423,0.22604094,0.09386188,4.091121,4.228858
Ryan Yarbrough,2030,38,RP,16502,0.13020912,0.043047644,4.4501543,4.9325213
Ryne Stanek,2030,38,RP,15947,0.19674946,0.094136216,4.2514095,4.5199995
Sam Hentges,2030,33,RP,18548,0.2239317,0.099301524,4.053855,4.256749
Sam Long,2030,34,RP,25379,0.18708588,0.094915226,4.2692175,4.553675
Sam Moll,2030,38,RP,14874,0.19182733,0.09530738,4.2135124,4.495622
Sam Selman,2030,39,RP,13397,0.17276342,0.08330644,4.2974205,4.6953325
Sammy Peralta,2030,32,RP,25589,0.20624283,0.1031493,4.1552777,4.421249
Scott Alexander,2030,40,RP,10591,0.13183671,0.071318455,4.1922264,4.531164
Scott Barlow,2030,37,RP,14993,0.20736964,0.09353812,4.092117,4.425723
Scott Effross,2030,36,RP,18384,0.20742257,0.08087119,4.002451,4.2759514
Scott McGough,2030,40,RP,12056,0.18894735,0.07285739,3.8576708,4.240475
Sean Hjelle,2030,33,RP,21481,0.2099324,0.10039975,4.2055516,4.5193787
Sean Manaea,2030,38,RP,15873,0.18987803,0.07527578,4.049055,4.4830375
Sean Poppen,2030,36,RP,19583,0.18618143,0.093382575,4.227564,4.5523915
Seranthony Dominguez,2030,35,RP,19249,0.20981823,0.09510478,4.1867003,4.4511075
Sergio Romo,2030,47,RP,9817,0.102202915,0.06258217,4.71007,5.5815163
Seth Martinez,2030,35,RP,21045,0.20159365,0.095333815,4.186666,4.4908166
Shawn Armstrong,2030,39,RP,12857,0.18850015,0.0693616,3.946682,4.282282
Shelby Miller,2030,39,RP,10197,0.1688489,0.0998548,4.4555345,4.4894032
Shintaro Fujinami,2030,36,RP,31839,0.19058134,0.099183425,4.3092794,4.6246448
Steve Cishek,2030,44,RP,6483,0.1490469,0.089812756,4.527802,4.437017
Steven Matz,2030,39,RP,13361,0.1748405,0.062586516,4.072738,4.5585723
Steven Okert,2030,38,RP,13580,0.20894682,0.08643903,4.0720434,4.38386
Steven Wilson,2030,35,RP,20353,0.21039088,0.0936593,4.183291,4.4360275
Tanner Banks,2030,38,RP,16990,0.17013393,0.08117387,4.2230263,4.555038
Tanner Scott,2030,35,RP,17586,0.2345578,0.10936431,4.119482,4.2771387
Tayler Saucedo,2030,37,RP,17888,0.17332071,0.09156478,4.218445,4.472863
Tayler Scott,2030,38,RP,13652,0.16056706,0.08138448,4.512441,5.028874
Taylor Clarke,2030,37,RP,17611,0.19058424,0.07446387,4.1260953,4.534967
Taylor Rogers,2030,39,RP,13449,0.21476859,0.093645155,3.9842393,4.297811
Thad Ward,2030,33,RP,21513,0.20032455,0.10412364,4.3168907,4.564096
Thomas Hatch,2030,35,RP,19264,0.19125363,0.09629405,4.2528014,4.533513
Tim Herrin,2030,33,RP,25139,0.22136042,0.10240666,4.1322293,4.4039927
Tim Hill,2030,40,RP,16814,0.12440896,0.07292873,4.4845853,4.8657894
Tim Mayza,2030,38,RP,15042,0.18828426,0.07782126,4.0754623,4.3911495
Tom Cosgrove,2030,34,RP,23443,0.19528666,0.09228544,4.1550674,4.3172746
Tommy Doyle,2030,34,RP,21281,0.1691419,0.09111532,4.1076293,4.3405857
Tommy Kahnle,2030,40,RP,11384,0.20720442,0.08990194,4.0288,4.3893294
Tommy Nance,2030,39,RP,19178,0.19239302,0.086274825,4.105103,4.5290236
Trent Thornton,2030,36,RP,17948,0.17912166,0.072920874,4.256686,4.4724145
Trevor Gott,2030,37,RP,15046,0.18649025,0.080355205,4.1652055,4.563133
Trevor May,2030,40,RP,6398,0.1802745,0.09256323,4.2553835,4.48792
Trevor Megill,2030,36,RP,17722,0.22368771,0.09025784,4.0161366,4.372655
Trevor Richards,2030,37,RP,19309,0.23866293,0.10290642,4.1329618,4.358023
Trevor Stephan,2030,34,RP,19932,0.22440478,0.095163,4.1101356,4.336362
Trey Wingenter,2030,36,RP,17793,0.23392875,0.10177754,4.107425,4.39183
Tristan Beck,2030,34,RP,21584,0.17044252,0.07768727,4.1700444,4.369414
Tucker Davidson,2030,34,RP,19871,0.19052768,0.0965484,4.3179536,4.6209555
Ty Blach,2030,39,RP,14361,0.10992343,0.06283623,4.5661197,5.0633426
Tyler Alexander,2030,35,RP,17735,0.17517327,0.0565175,4.144147,4.351757
Tyler Beede,2030,37,RP,16981,0.16384466,0.0847397,4.4407315,4.8420086
Tyler Danish,2030,35,RP,15126,0.1713417,0.08468515,4.2712846,4.528835
Tyler Holton,2030,34,RP,26231,0.18930079,0.07429139,4.000275,4.0344596
Tyler Kinley,2030,39,RP,18297,0.16585733,0.081150696,4.1135874,4.483853
Tyler Matzek,2030,39,RP,10058,0.18994756,0.10702322,4.447877,4.288677
Tyler Rogers,2030,39,RP,15541,0.15326342,0.07870616,4.1894608,4.4865723
Victor Arano,2030,35,RP,15915,0.21142603,0.09117888,4.1009593,4.407334
Victor Gonzalez,2030,34,RP,16408,0.21033874,0.097499534,4.153302,4.4352036
Wandy Peralta,2030,38,RP,14295,0.17802349,0.0961886,4.364507,4.4790993
Will Smith,2030,40,RP,8048,0.18494269,0.07529098,4.086399,4.4806967
Will Vest,2030,35,RP,19769,0.21157506,0.09142787,4.0587096,4.384274
Wily Peralta,2030,41,RP,7738,0.12305678,0.097752765,4.73751,3.8990207
Wyatt Mills,2030,35,RP,20010,0.1919676,0.09628615,4.269017,4.609155
Xzavion Curry,2030,31,RP,25595,0.17581928,0.08973142,4.214198,4.343118
Yency Almonte,2030,36,RP,15068,0.19855891,0.09524147,4.2128024,4.5492244
Yennier Cano,2030,36,RP,25911,0.19232115,0.09120212,4.150093,4.495725
Yerry De Los Santos,2030,32,RP,21420,0.19982125,0.10200845,4.135022,4.404969
Yimi Garcia,2030,39,RP,12095,0.19269924,0.07174377,3.9195518,4.3145
Yohan Ramirez,2030,35,RP,19444,0.19944464,0.09663734,4.2564526,4.5352755
Yonny Chirinos,2030,36,RP,16401,0.15724026,0.07255732,4.4660063,4.7800035
Yunior Marte,2030,35,RP,14416,0.18767576,0.09412668,4.2536025,4.5668683
Zach Jackson,2030,35,RP,19493,0.22520241,0.11642064,4.241119,4.357446
Zach Thompson,2030,36,RP,16094,0.17665125,0.09162491,4.242881,4.518792
Zack Littell,2030,34,RP,15823,0.18417677,0.06726538,4.083557,4.240912
Zack Thompson,2030,32,RP,25918,0.21396232,0.10179482,4.150956,4.3885036
Aaron Civale,2030,35,SP,19479,0.19148089,0.07146148,4.468111,4.4644046
Aaron Nola,2030,37,SP,16149,0.18526791,0.07748877,4.4733777,4.3836284
Adam Wainwright,2030,48,SP,2233,0.107259005,0.04485042,4.4758043,4.6920485
Adrian Houser,2030,37,SP,12718,0.19746926,0.094114035,4.2788577,4.434482
Adrian Sampson,2030,38,SP,13339,0.16983388,0.058377877,4.507783,4.342888
Alek Manoah,2030,32,SP,26410,0.1847315,0.088909976,4.6337833,4.5424304
Alex Cobb,2030,42,SP,6562,0.14226955,0.07816539,4.5949874,4.4702315
Alex Faedo,2030,34,SP,19874,0.20758107,0.0882221,4.2746596,4.5705714
Andrew Abbott,2030,31,SP,29911,0.23545556,0.07828943,4.023415,4.06934
Andrew Heaney,2030,39,SP,15423,0.17003301,0.070183866,4.621363,4.2678356
Anibal Sanchez,2030,46,SP,3284,0.119914256,0.069631174,4.80773,4.4458885
Anthony DeSclafani,2030,40,SP,13050,0.15357889,0.060308058,4.4840636,4.353249
Austin Gomber,2030,36,SP,16561,0.18756333,0.08103339,4.22375,4.5357933
Bailey Ober,2030,34,SP,21224,0.19242007,0.0630118,4.5790486,4.286424
Blake Snell,2030,37,SP,13543,0.24622361,0.08025663,3.396622,3.554867
Bobby Miller,2030,31,SP,27483,0.22972858,0.07204751,3.9584541,4.0249653
Brad Keller,2030,34,SP,15734,0.17344151,0.09088295,4.5121055,4.5067587
Brady Singer,2030,33,SP,25377,0.20782669,0.08481764,4.2888837,4.5137057
Brandon Bielak,2030,34,SP,19866,0.19398236,0.09070384,4.400474,4.5677786
Brandon Pfaadt,2030,31,SP,27782,0.18597424,0.05449563,4.379552,4.744436
Brandon Williamson,2030,32,SP,25463,0.18684739,0.077417254,4.4316106,4.585031
Brandon Woodruff,2030,37,SP,16162,0.18489058,0.07347167,4.44442,4.1853538
Braxton Garrett,2030,32,SP,21844,0.22559467,0.074634194,4.0957637,4.1470942
Brayan Bello,2030,31,SP,23920,0.18875083,0.08690029,3.947315,4.082336
Bryan Woo,2030,30,SP,30279,0.25844342,0.0714552,3.9036126,3.9821842
Bryce Elder,2030,31,SP,27779,0.201688,0.09035116,4.41778,4.426343
Bryce Miller,2030,31,SP,29837,0.20401327,0.055655688,4.3164926,4.378572
Cal Quantrill,2030,35,SP,19312,0.18647088,0.08603842,4.330655,4.582507
Carlos Carrasco,2030,43,SP,6632,0.13162732,0.06291278,4.5694046,4.3625603
Carlos Rodon,2030,37,SP,16137,0.18876271,0.0920014,4.5589094,4.424026
Charlie Morton,2030,46,SP,4676,0.16009156,0.03977873,4.228919,4.8376203
Chase Anderson,2030,42,SP,6895,0.1354775,0.061781786,4.578144,4.212194
Chris Archer,2030,41,SP,6345,0.1624554,0.0868024,4.589159,4.548061
Chris Bassitt,2030,41,SP,12304,0.15408838,0.071923725,4.875386,4.285599
Chris Sale,2030,41,SP,10603,0.14967601,0.07837987,4.5562234,4.438749
Clarke Schmidt,2030,34,SP,19899,0.2065686,0.08353986,4.4361296,4.423005
Clayton Kershaw,2030,42,SP,2036,0.14783049,0.07895865,4.7820168,4.408208
Colin Rea,2030,39,SP,12317,0.17186804,0.07914823,4.5495048,4.360492
Corbin Burnes,2030,35,SP,19361,0.21338513,0.089164756,4.1097827,4.198114
Cristian Javier,2030,33,SP,17606,0.21807356,0.07988252,4.323179,4.2650642
Cristopher Sanchez,2030,33,SP,20778,0.21201411,0.08258938,4.3443437,4.420734
Daniel Lynch IV,2030,33,SP,21537,0.1973217,0.08492614,4.310884,4.740981
Dean Kremer,2030,34,SP,19350,0.19379196,0.07172489,4.3779354,4.6633177
Domingo German,2030,37,SP,17149,0.16810244,0.049657207,4.5850534,4.396243
Drew Rasmussen,2030,34,SP,25385,0.2148633,0.08674838,4.180827,4.260056
Dustin May,2030,32,SP,19716,0.22118264,0.08491473,4.279079,4.3274684
Dylan Bundy,2030,37,SP,12917,0.1587794,0.048388753,4.3397737,4.622453
Dylan Cease,2030,34,SP,18525,0.23604195,0.083980404,3.8989604,3.9442778
Eduardo Rodriguez,2030,37,SP,13164,0.19036765,0.08541498,4.4495096,4.363962
Edward Cabrera,2030,32,SP,21690,0.2272651,0.11340582,4.4235544,4.5707903
Emmet Sheehan,2030,30,SP,29839,0.26409385,0.0807503,3.7940369,3.9216957
Eric Lauer,2030,35,SP,19316,0.17048262,0.06942246,4.6284437,4.4977922
Erick Fedde,2030,37,SP,17425,0.1958446,0.08631073,4.267174,4.376873
Eury Perez,2030,27,SP,27768,0.29273006,0.047872916,3.723731,3.427123
Framber Valdez,2030,36,SP,17295,0.19953643,0.090867266,4.4231777,4.362277
Freddy Peralta,2030,34,SP,18679,0.22915244,0.074426524,3.9500062,3.8842437
Gavin Williams,2030,30,SP,30122,0.22586821,0.082661256,4.264004,4.1934776
George Kirby,2030,32,SP,25436,0.224072,0.06676261,4.029866,4.039099
Gerrit Cole,2030,39,SP,13125,0.16833302,0.07720724,4.4561605,4.2538486
Graham Ashcraft,2030,32,SP,27552,0.1680368,0.07956693,4.3538184,4.661242
Grayson Rodriguez,2030,30,SP,24492,0.26020074,0.07160791,3.7275057,3.7788677
Griffin Canning,2030,34,SP,19867,0.2028322,0.08085201,4.406847,4.4948897
Humberto Castellanos,2030,32,SP,21183,0.18636422,0.08017447,4.366973,4.72543
Hunter Brown,2030,31,SP,25880,0.26397753,0.07403318,3.7741914,3.7745771
Hunter Greene,2030,30,SP,22182,0.28106877,0.06510626,3.7049274,3.5777144
Hyun-Jin Ryu,2030,43,SP,14444,0.1366842,0.06914118,4.689016,4.391425
Ian Anderson,2030,32,SP,19951,0.20870689,0.096201316,4.0554013,4.2403884
J.P. France,2030,35,SP,21212,0.16989152,0.07986594,4.453846,4.6129303
JP Sears,2030,34,SP,23429,0.18297736,0.06475496,4.4527154,4.6933312
JT Brubaker,2030,36,SP,17578,0.19751257,0.08449569,4.312636,4.414559
Jack Flaherty,2030,34,SP,17479,0.21991052,0.09512897,4.3350396,4.3980784
Jacob deGrom,2030,42,SP,10954,0.16654852,0.073219575,3.6345885,3.764097
Jake Irvin,2030,33,SP,21504,0.16448027,0.08418927,4.5919394,4.7160497
Jake Odorizzi,2030,40,SP,6397,0.16309245,0.08110302,4.565332,4.4155545
James Paxton,2030,41,SP,11828,0.15402943,0.07595444,4.636565,4.351827
Jameson Taillon,2030,38,SP,11674,0.16593544,0.055562533,4.4874487,4.3773746
Jared Shuster,2030,31,SP,27472,0.15695387,0.08787918,4.451175,4.6616364
Jesus Luzardo,2030,32,SP,19959,0.25454542,0.07755878,3.809767,3.8054328
Joan Adon,2030,31,SP,22925,0.19488063,0.09010742,4.277851,4.5538974
Joe Musgrove,2030,37,SP,12970,0.18047744,0.06972441,4.6772065,4.2731442
Joe Ryan,2030,34,SP,21390,0.19863972,0.07041413,4.4823594,4.3158236
Joey Lucchesi,2030,37,SP,19320,0.18829502,0.079355285,4.294663,4.3975077
Johan Oviedo,2030,32,SP,22487,0.21424839,0.10063201,4.3132877,4.457595
Jon Gray,2030,38,SP,14916,0.1782286,0.07267197,4.4985013,4.328991
Jordan Lyles,2030,39,SP,7593,0.14895579,0.04340635,4.504765,4.3806415
Jordan Montgomery,2030,37,SP,16511,0.18565343,0.07849451,4.510069,4.3683553
Jose Berrios,2030,36,SP,14168,0.18475546,0.066866025,4.517746,4.4043174
Jose Quintana,2030,41,SP,11423,0.16308227,0.089869946,4.517734,4.7337384
Jose Urena,2030,38,SP,11589,0.18086606,0.07718653,4.4778385,4.340628
Josiah Gray,2030,32,SP,24580,0.15345697,0.08365936,4.8351727,4.7976665
Julio Urias,2030,33,SP,14765,0.20115156,0.0604402,4.5168447,4.1929235
Justin Dunn,2030,34,SP,19268,0.13223585,0.06581829,4.8742027,4.88125
Justin Steele,2030,34,SP,17312,0.21225223,0.08386722,4.230818,4.269274
Justin Verlander,2030,47,SP,8700,0.12489163,0.07266534,4.8536205,4.7159066
Kenta Maeda,2030,42,SP,18498,0.13914078,0.07004889,4.6783533,4.364938
Kevin Gausman,2030,39,SP,14107,0.1770534,0.090057425,4.261041,4.26146
Kodai Senga,2030,37,SP,31838,0.19037074,0.07999289,4.4184833,4.2127204
Kyle Bradish,2030,33,SP,24586,0.22212628,0.08673773,4.217131,4.306735
Kyle Freeland,2030,37,SP,16256,0.17478989,0.07618408,4.261867,4.520023
Kyle Gibson,2030,42,SP,10123,0.1396476,0.073173776,4.5131435,4.4632564
Kyle Hendricks,2030,40,SP,12049,0.1507649,0.055673096,4.488181,4.355922
Lance Lynn,2030,43,SP,2520,0.13593817,0.06589459,4.9109597,4.2716503
Lance McCullers Jr.,2030,36,SP,14120,0.19869134,0.096870944,4.4877815,4.417005
Logan Allen,2030,31,SP,27589,0.22019264,0.07709448,4.3100104,4.260115
Logan Gilbert,2030,33,SP,22250,0.20815757,0.06906931,4.3580394,4.25126
Logan Webb,2030,33,SP,17995,0.20459585,0.07316049,4.0058146,4.0907063
Lucas Giolito,2030,35,SP,15474,0.18692015,0.06544506,4.428659,4.5490975
Luis Castillo,2030,37,SP,15689,0.18515119,0.0786141,4.6675305,4.312482
Luis Cessa,2030,38,SP,13345,0.17341943,0.08639475,4.232599,4.5019965
Luis Garcia,2030,33,SP,23735,0.23334727,0.08012679,4.0234175,4.0413723
Luis L. Ortiz,2030,31,SP,27646,0.1667798,0.093446076,4.486432,4.654991
Luis Severino,2030,36,SP,15890,0.16937421,0.04811704,4.5542073,4.520418
Luke Weaver,2030,36,SP,16918,0.16787231,0.053253107,4.3153834,4.7058234
MacKenzie Gore,2030,31,SP,22201,0.24492984,0.09334662,3.9284024,4.1474166
Marco Gonzales,2030,38,SP,15467,0.16980037,0.059300862,4.6534867,4.2750764
Marcus Stroman,2030,39,SP,13431,0.17657721,0.091339074,4.5463033,4.5115833
Matt Manning,2030,32,SP,20369,0.18777275,0.0799528,4.428283,4.726748
Matthew Boyd,2030,39,SP,15440,0.16407688,0.066756494,4.387881,4.39167
Max Fried,2030,36,SP,13743,0.19435897,0.08064351,4.2996745,4.2229013
Max Scherzer,2030,45,SP,3137,0.1346791,0.07290447,4.7643566,4.648747
Merrill Kelly,2030,41,SP,11156,0.16577786,0.08290779,4.6550474,4.5507326
Michael Kopech,2030,34,SP,17282,0.14600755,0.089823015,4.7927995,4.790498
Michael Lorenzen,2030,38,SP,14843,0.18671913,0.09423399,4.299286,4.4755187
Michael Pineda,2030,41,SP,5372,0.13975944,0.04643832,4.561961,4.310833
Michael Wacha,2030,38,SP,14078,0.1776848,0.071477324,4.624947,4.273417
Mike Clevinger,2030,39,SP,12808,0.17269711,0.07697463,4.647589,4.2957487
Mike Minor,2030,42,SP,10021,0.14298084,0.066920355,4.64107,4.3379364
Miles Mikolas,2030,41,SP,9803,0.14013648,0.052385148,4.492039,4.3604693
Mitch Keller,2030,34,SP,17594,0.21455978,0.091438994,4.329295,4.412618
Nathan Eovaldi,2030,40,SP,9132,0.16545428,0.08493368,4.600062,4.456578
Nestor Cortes,2030,35,SP,17874,0.19275798,0.07166353,4.6430473,4.3124747
Nick Lodolo,2030,32,SP,26378,0.24473624,0.071390666,3.9336932,3.8718882
Noah Syndergaard,2030,37,SP,11762,0.15654828,0.047306117,4.339897,4.6409035
Pablo Lopez,2030,34,SP,17085,0.2195916,0.08042718,4.063107,4.1042542
Patrick Corbin,2030,40,SP,9323,0.15336077,0.06244823,4.5043545,4.3484144
Patrick Sandoval,2030,33,SP,19447,0.19834888,0.09841437,4.2115583,4.3690953
Paul Blackburn,2030,36,SP,14739,0.20048723,0.08947194,4.2760415,4.4127617
Quinn Priester,2030,29,SP,25977,0.17682973,0.080890715,4.3630657,4.55223
Ranger Suarez,2030,34,SP,17277,0.21099183,0.09577261,4.281194,4.407555
Reese Olson,2030,30,SP,24968,0.24981563,0.06817979,3.870833,3.8703916
Reid Detmers,2030,30,SP,27468,0.27399,0.08027263,3.6624832,3.718196
Rich Hill,2030,50,SP,4806,0.11080731,0.03199306,4.64646,4.807261
Ryan Feltner,2030,33,SP,21446,0.17655651,0.087888226,4.2338624,4.481221
Ryan Weathers,2030,30,SP,23796,0.18379746,0.073280536,4.4053173,4.8016973
Ryne Nelson,2030,32,SP,26253,0.16487995,0.07207269,4.472023,4.8299956
Sandy Alcantara,2030,34,SP,18684,0.20149262,0.08198381,4.3425794,4.4172363
Seth Lugo,2030,40,SP,12447,0.16117907,0.0722022,4.7300234,4.2952476
Shane Bieber,2030,35,SP,19427,0.20292932,0.086818986,4.3219023,4.34214
Shane McClanahan,2030,33,SP,21483,0.23273318,0.08119025,3.9877737,4.0260506
Shohei Ohtani,2030,35,SP,19755,0.2183711,0.07512877,4.028225,3.9398258
Sonny Gray,2030,40,SP,12768,0.1650384,0.09390642,4.3717513,4.3603845
Spencer Strider,2030,31,SP,27498,0.31570935,0.057662636,3.0432906,2.687927
Spencer Turnbull,2030,37,SP,16207,0.19536227,0.09451275,4.2883296,4.432302
Taijuan Walker,2030,37,SP,11836,0.19560525,0.089224964,4.3111377,4.3703456
Taj Bradley,2030,29,SP,22543,0.27151662,0.069989435,3.7340274,3.8643792
Tanner Bibee,2030,31,SP,30134,0.22480822,0.07391378,4.0695286,4.05807
Tanner Houck,2030,34,SP,19879,0.21308906,0.09496194,4.268897,4.3823986
Tarik Skubal,2030,33,SP,22267,0.23034139,0.07074259,3.994934,3.9339461
Tommy Henry,2030,32,SP,26285,0.1826034,0.08688673,4.5145125,4.7037883
Tony Gonsolin,2030,36,SP,19388,0.1842253,0.07631052,4.545733,4.3797193
Touki Toussaint,2030,34,SP,16929,0.18038815,0.09326078,4.524716,4.4809446
Trevor Williams,2030,38,SP,16977,0.15720828,0.04171601,4.7117376,4.29985
Tyler Anderson,2030,40,SP,12880,0.16583022,0.087778926,4.577885,4.506854
Tyler Glasnow,2030,36,SP,14374,0.2093734,0.07860362,3.9829879,4.004353
Tyler Wells,2030,35,SP,20000,0.16637468,0.04207059,4.8933697,4.340578
Tylor Megill,2030,34,SP,21318,0.20037864,0.082163036,4.2540846,4.657813
Vince Velasquez,2030,38,SP,11189,0.18516529,0.08576076,4.2884426,4.419815
Vladimir Gutierrez,2030,34,SP,19278,0.19090523,0.08891646,4.3879514,4.624686
Wade Miley,2030,43,SP,8779,0.14376606,0.0761379,4.6967506,4.528357
Walker Buehler,2030,35,SP,19374,0.20181145,0.08324016,4.3876333,4.343058
Yu Darvish,2030,43,SP,13074,0.13776633,0.080292486,4.610888,4.6029344
Yusei Kikuchi,2030,39,SP,20633,0.11166219,0.0628825,5.1079626,4.3750086
Zac Gallen,2030,34,SP,19291,0.21534137,0.081863105,4.1102753,4.1664896
Zach Davies,2030,37,SP,13183,0.1964716,0.09228265,4.2713957,4.419539
Zach Eflin,2030,36,SP,13774,0.18147355,0.06837954,4.3912606,4.3503766
Zack Greinke,2030,46,SP,1943,0.10293272,0.046491396,4.7021017,4.34715
Zack Wheeler,2030,40,SP,10310,0.15746482,0.08090661,4.3738847,4.296106
A.J. Minter,2031,37,RP,18655,0.21684949,0.09310304,3.9915996,4.3629103
A.J. Puk,2031,36,RP,19343,0.2165605,0.08370895,3.9918678,4.2659125
Aaron Ashby,2031,33,RP,23550,0.22541948,0.10208293,4.1385274,4.3746843
Aaron Bummer,2031,37,RP,16258,0.2337689,0.09944486,4.0822554,4.1888785
Aaron Loup,2031,43,RP,10343,0.1441367,0.08184395,4.210496,4.5246005
Aaron Sanchez,2031,38,RP,11490,0.13531452,0.07285387,4.669424,5.2104096
Abner Uribe,2031,31,RP,25327,0.24225762,0.10476178,3.9057915,3.8972735
Adam Cimber,2031,40,RP,15288,0.13563392,0.07286544,4.3695307,4.738545
Adam Ottavino,2031,45,RP,1247,0.16199943,0.08815296,4.294538,4.5637913
Adbert Alzolay,2031,36,RP,17859,0.21391217,0.07917438,3.9481285,4.1919875
Adrian Martinez,2031,34,RP,21023,0.18715571,0.08798828,4.2828712,4.563638
Albert Abreu,2031,35,RP,17485,0.20124817,0.09924475,4.239055,4.5270104
Alec Marsh,2031,33,RP,27451,0.21984063,0.10367746,4.196649,4.4984117
Alex Lange,2031,35,RP,19883,0.21486928,0.10504333,4.236137,4.456265
Alex Vesia,2031,35,RP,25007,0.22660705,0.09403533,4.1182737,4.365094
Alex Wood,2031,40,RP,13781,0.15589985,0.08299385,4.2720213,4.670126
Alex Young,2031,37,RP,18333,0.16675872,0.08472327,4.3694525,4.7004356
Alexis Diaz,2031,34,RP,21132,0.22753492,0.10471024,4.1897273,4.318518
Amir Garrett,2031,39,RP,14375,0.18651614,0.09967179,4.2971683,4.374366
Amos Willingham,2031,32,RP,26128,0.16793507,0.085047185,4.307365,4.448653
Andre Jackson,2031,35,RP,21298,0.19341433,0.09571845,4.2275777,4.522702
Andre Pallante,2031,32,RP,26108,0.17811643,0.095245756,4.176625,4.3873878
Andres Machado,2031,38,RP,14681,0.16019472,0.07907242,4.396419,4.76077
Andres Munoz,2031,32,RP,20373,0.24972107,0.10259278,4.0252705,4.0698066
Andrew Bellatti,2031,39,RP,10657,0.18732966,0.09253293,4.2053094,4.5361123
Andrew Chafin,2031,41,RP,12988,0.18207332,0.091880165,4.17263,4.4984426
Andrew Nardi,2031,32,RP,25942,0.22772507,0.10524449,4.1430707,4.3483377
Andrew Vasquez,2031,37,RP,19482,0.17510037,0.09207065,4.2357106,4.475434
Andrew Wantz,2031,35,RP,24933,0.20542465,0.09490289,4.180345,4.4751267
Angel Perdomo,2031,37,RP,17759,0.23154636,0.09891107,4.119615,4.3420844
Angel Zerpa,2031,31,RP,22717,0.18083082,0.091654904,4.1523976,4.337118
Anthony Bass,2031,43,RP,7982,0.1515651,0.084439665,4.372552,4.6179395
Anthony Bender,2031,36,RP,19742,0.2007673,0.090989776,4.1473265,4.455475
Anthony Gose,2031,40,RP,5097,0.18839161,0.087020926,4.1145716,4.4391255
Aroldis Chapman,2031,43,RP,10233,0.27130812,0.106143914,3.5295813,3.6347141
Art Warren,2031,38,RP,18251,0.19811617,0.095227584,4.135128,4.428183
Austin Adams,2031,40,RP,13801,0.19513488,0.09520322,4.1669707,4.5007463
Austin Cox,2031,34,RP,24604,0.2033015,0.101135954,4.1416306,4.418032
Austin Davis,2031,38,RP,17117,0.18571611,0.09448973,4.2336125,4.5486794
Austin Pruitt,2031,41,RP,15290,0.124026194,0.06405094,4.4870615,4.9284654
Austin Voth,2031,39,RP,15047,0.15752243,0.07325978,4.4142303,4.94683
Bailey Falter,2031,34,RP,20070,0.1804997,0.07381282,4.1952624,4.4101696
Beau Brieske,2031,33,RP,26079,0.18031476,0.09041654,4.239693,4.434488
Ben Heller,2031,39,RP,15100,0.1674652,0.09337506,4.316984,4.4765882
Ben Lively,2031,39,RP,14932,0.14653884,0.0695324,4.4992976,5.045695
Blake Taylor,2031,35,RP,16418,0.19429342,0.10004483,4.226865,4.466588
Bowden Francis,2031,35,RP,20548,0.20078233,0.07951822,4.05191,4.204154
Brad Boxberger,2031,43,RP,10133,0.1562282,0.089583986,4.3850555,4.575369
Brad Hand,2031,41,RP,9111,0.16203156,0.08966368,4.262352,4.5418015
Brendan White,2031,32,RP,26024,0.2154256,0.10375521,4.118614,4.4005475
Brennan Bernardino,2031,39,RP,16835,0.17596522,0.07774633,4.0140324,4.366891
Brent Honeywell,2031,36,RP,16466,0.17192438,0.08838832,4.3338995,4.592229
Brent Suter,2031,41,RP,13942,0.13985147,0.07671967,3.994166,4.207259
Brett Martin,2031,36,RP,17369,0.17937323,0.09236233,4.193328,4.483053
Brock Burke,2031,34,RP,17968,0.20425399,0.078552,4.040954,4.1877384
Brock Stewart,2031,39,RP,16727,0.19865498,0.083860174,4.060862,4.426236
Brooks Raley,2031,43,RP,10061,0.17411834,0.08791123,4.1531463,4.513708
Brusdar Graterol,2031,32,RP,20367,0.18950164,0.09190102,4.0638523,4.231314
Bryan Abreu,2031,34,RP,16609,0.23914017,0.105993405,4.1624446,4.3050227
Bryan Baker,2031,36,RP,19804,0.20526944,0.09805977,4.1510305,4.44605
Bryan Hoeing,2031,34,RP,26304,0.16260244,0.08123357,4.390377,4.649758
Bryan Shaw,2031,43,RP,8110,0.13157608,0.08301257,4.457282,4.848552
Bryse Wilson,2031,33,RP,19990,0.18296427,0.08836996,4.2595305,4.4507437
Buck Farmer,2031,40,RP,14814,0.16373126,0.08844598,4.2979093,4.6060767
Caleb Ferguson,2031,34,RP,19349,0.21808493,0.09714842,4.154933,4.412382
Caleb Smith,2031,39,RP,14875,0.16976602,0.09331707,4.403837,4.545393
Caleb Thielbar,2031,44,RP,10078,0.1807839,0.08133783,3.9108987,4.3382277
Calvin Faucher,2031,35,RP,20116,0.18974158,0.09479809,4.264954,4.5842686
Camilo Doval,2031,33,RP,21992,0.22839455,0.099053174,4.0809746,4.2251353
Carl Edwards Jr.,2031,39,RP,13607,0.17089543,0.09420096,4.2773128,4.469432
Carlos Estevez,2031,38,RP,14542,0.1862464,0.09209556,4.222032,4.56806
Carlos Hernandez,2031,34,RP,22713,0.20391047,0.102170944,4.2370343,4.5550513
Carmen Mlodzinski,2031,32,RP,27572,0.20848338,0.101561375,4.1365023,4.3405995
Casey Lawrence,2031,43,RP,11121,0.0789523,0.057929892,5.025267,6.0261803
Chad Kuhl,2031,38,RP,14975,0.16375223,0.09400142,4.4670067,4.7511263
Chase Silseth,2031,31,RP,30074,0.20879284,0.10477813,4.153539,4.435349
Chasen Shreve,2031,40,RP,10855,0.16418998,0.07685112,4.281199,4.741932
Chris Devenski,2031,40,RP,12763,0.15505983,0.05519684,4.228521,4.8723593
Chris Flexen,2031,36,RP,13896,0.15334795,0.0742597,4.517526,4.8757763
Chris Martin,2031,45,RP,11847,0.15159723,0.06469775,3.7881703,4.192812
Chris Murphy,2031,33,RP,26214,0.20066941,0.09903722,4.105854,4.3932204
Chris Stratton,2031,40,RP,13761,0.169259,0.085257724,4.1481194,4.5303354
Cionel Perez,2031,35,RP,19614,0.19811302,0.09968228,4.189896,4.4344163
Clay Holmes,2031,38,RP,13649,0.19638829,0.09193763,4.0798845,4.431306
Cody Bolton,2031,33,RP,23265,0.20001632,0.101926185,4.156483,4.460075
Cody Bradford,2031,33,RP,27597,0.19080207,0.08478073,4.148969,4.366701
Cole Irvin,2031,37,RP,19244,0.15828006,0.06752037,4.3412914,4.717689
Cole Ragans,2031,33,RP,21846,0.20763777,0.102508,4.1422853,4.392332
Cole Sands,2031,33,RP,21461,0.20018724,0.10067057,4.1933055,4.4792457
Colin Holderman,2031,35,RP,22361,0.19535576,0.09716327,4.136369,4.4188867
Colin Poche,2031,37,RP,19403,0.20022829,0.08878269,4.157236,4.4859805
Colin Selby,2031,33,RP,24986,0.280573,0.08522008,3.433913,3.6393812
Collin McHugh,2031,44,RP,7531,0.14707118,0.07850361,4.1571684,4.5165215
Collin Snider,2031,35,RP,23307,0.16641746,0.08996422,4.2256026,4.4800506
Connor Brogdon,2031,36,RP,21205,0.19220892,0.09089755,4.199844,4.5189066
Connor Seabold,2031,35,RP,19695,0.16113028,0.074768856,4.5133114,4.8604865
Corey Kluber,2031,45,RP,2429,0.09320407,0.057659645,4.662295,5.5094204
Corey Knebel,2031,39,RP,15010,0.18869664,0.097283356,4.2414107,4.4402223
Cory Abbott,2031,35,RP,20277,0.19628137,0.09389872,4.27044,4.5856266
Craig Kimbrel,2031,43,RP,6655,0.21148694,0.09484385,4.0343146,4.2027984
Craig Stammen,2031,47,RP,7274,0.12444715,0.060511127,4.4213095,4.955368
DL Hall,2031,32,RP,22207,0.22411503,0.10210091,4.0885787,4.301642
Dakota Hudson,2031,36,RP,19206,0.16023701,0.08888098,4.298012,4.5363154
Dane Dunning,2031,36,RP,19409,0.1809991,0.09004585,4.2602744,4.5689116
Daniel Bard,2031,46,RP,7115,0.14145498,0.091111064,4.4008837,4.085542
Daniel Duarte,2031,34,RP,17480,0.19011219,0.100164406,4.2405057,4.457202
Daniel Palencia,2031,31,RP,27914,0.23628387,0.100685395,4.0023203,4.0957613
Danny Coulombe,2031,41,RP,13293,0.17081015,0.08168349,4.1097794,4.4730353
Dany Jimenez,2031,37,RP,21170,0.19159976,0.09882493,4.2359586,4.43862
Darren O'Day,2031,48,RP,3321,0.15364453,0.08385327,4.282519,4.5036736
Dauri Moreta,2031,35,RP,21101,0.21192473,0.09296457,4.1355324,4.4135246
David Bednar,2031,36,RP,19569,0.21284534,0.089616776,4.004897,4.278709
David Peterson,2031,35,RP,20302,0.22109628,0.09700563,4.1481304,4.4506187
David Phelps,2031,44,RP,6316,0.17003994,0.08770441,4.163051,4.451252
David Price,2031,45,RP,3184,0.13287893,0.07065832,4.4553456,5.003136
David Robertson,2031,46,RP,8241,0.1821298,0.08960026,4.1043606,4.3077617
Derek Law,2031,40,RP,13133,0.15391256,0.090071164,4.320394,4.503268
Devin Williams,2031,36,RP,15816,0.2579379,0.103611484,4.083563,4.2127867
Dillon Peters,2031,38,RP,18790,0.15472268,0.08396575,4.4104495,4.7641225
Dillon Tate,2031,37,RP,17796,0.17205219,0.08332853,4.23098,4.569986
Dinelson Lamet,2031,38,RP,17186,0.21722066,0.0963698,4.0597177,4.269612
Domingo Tapia,2031,39,RP,12178,0.17326094,0.09850043,4.311442,4.390289
Dominic Leone,2031,39,RP,13763,0.17101447,0.09015509,4.3726463,4.5645914
Drew Hutchison,2031,40,RP,10732,0.13655825,0.08615372,4.4872494,4.7168765
Drew Smith,2031,37,RP,17755,0.20333919,0.08924325,4.1631136,4.4802465
Drew Smyly,2031,42,RP,11760,0.14354172,0.06897916,4.4375124,5.036218
Drew VerHagen,2031,40,RP,13424,0.14793216,0.08108991,4.5019407,5.0140505
Drey Jameson,2031,33,RP,26260,0.20664066,0.09840031,4.17745,4.404518
Duane Underwood Jr.,2031,36,RP,14677,0.17874086,0.09338481,4.1950417,4.47448
Dylan Coleman,2031,34,RP,22276,0.20873897,0.10427943,4.2133656,4.4587655
Dylan Covey,2031,39,RP,14825,0.1319291,0.07373976,4.667046,5.252542
Dylan Floro,2031,40,RP,13394,0.16971274,0.08342575,4.0325837,4.404399
Dylan Lee,2031,36,RP,19996,0.19999434,0.08003378,4.026357,4.2822433
Edwin Diaz,2031,37,RP,14710,0.27913287,0.10246839,3.9176161,4.0686765
Eli Morgan,2031,35,RP,20203,0.21116692,0.08759384,4.0752654,4.3737817
Elieser Hernandez,2031,36,RP,16933,0.19956255,0.067831196,3.9681048,4.2477527
Elvis Peguero,2031,34,RP,21652,0.1921562,0.09685896,4.19212,4.4711833
Emilio Pagan,2031,40,RP,14771,0.1845395,0.0760686,4.0434947,4.4243665
Emmanuel Clase,2031,33,RP,21032,0.1993374,0.08545194,3.923976,4.0693088
Enyel De Los Santos,2031,35,RP,18403,0.21109842,0.096079394,4.1573405,4.4677596
Erasmo Ramirez,2031,41,RP,10314,0.10962342,0.047013085,4.550347,5.201559
Eric Stout,2031,38,RP,16873,0.18062551,0.09563672,4.2386675,4.5003605
Erik Swanson,2031,37,RP,16587,0.2140519,0.08507089,4.0058446,4.295929
Evan Phillips,2031,36,RP,17734,0.21221268,0.08014449,3.9554467,4.126693
Felix Bautista,2031,36,RP,20666,0.2325571,0.105398975,4.1725664,4.418072
Fernando Cruz,2031,41,RP,7048,0.19685505,0.091767706,4.0255075,4.4100547
Francisco Perez,2031,33,RP,21018,0.19568808,0.10034178,4.167648,4.4756074
Gabe Speier,2031,36,RP,17170,0.19625579,0.080094054,4.0535474,4.345521
Garrett Richards,2031,43,RP,9784,0.116990045,0.07192648,4.540474,5.172637
Garrett Whitlock,2031,35,RP,20191,0.1981732,0.07240432,3.9254367,4.150113
Gavin Hollowell,2031,33,RP,25427,0.18982391,0.09773314,4.1661224,4.4191294
Genesis Cabrera,2031,34,RP,17490,0.20719606,0.1019958,4.2130456,4.49375
George Soriano,2031,32,RP,21863,0.21161893,0.10260809,4.1440096,4.393884
Giovanny Gallegos,2031,39,RP,14986,0.20056614,0.07685278,3.8876278,4.270855
Grant Anderson,2031,34,RP,20546,0.19208337,0.096281156,4.2218056,4.5002794
Grant Hartwig,2031,33,RP,29946,0.20128967,0.10086553,4.2077866,4.504174
Greg Weissert,2031,36,RP,20375,0.1943414,0.09237686,4.195254,4.5281396
Gregory Santos,2031,31,RP,21894,0.20265317,0.09874856,4.0169616,4.2645464
Gregory Soto,2031,36,RP,19677,0.20518395,0.09815542,4.1775794,4.4540763
Griffin Jax,2031,36,RP,20253,0.19756947,0.08387777,4.102811,4.4415956
Gus Varland,2031,34,RP,24737,0.19861856,0.101431996,4.205125,4.4957294
Hansel Robles,2031,40,RP,11801,0.1709766,0.09254998,4.23774,4.5011315
Hayden Wesneski,2031,33,RP,27581,0.20797902,0.09514307,4.1647363,4.388613
Hector Neris,2031,42,RP,11804,0.18936719,0.09075793,4.0871215,4.4494
Hirokazu Sawamura,2031,43,RP,27515,0.15004097,0.09255709,4.403344,4.343643
Hobie Harris,2031,38,RP,18615,0.15690766,0.092049666,4.213099,4.2883983
Hoby Milner,2031,40,RP,13346,0.1754276,0.064888746,4.023974,4.342877
Huascar Brazoban,2031,41,RP,6107,0.17442848,0.09527512,4.2914557,4.418674
Hunter Harvey,2031,36,RP,15507,0.20407064,0.08315488,4.012608,4.302495
Hunter Strickland,2031,42,RP,7836,0.14831032,0.08694518,4.3500504,4.592499
Ian Gibaut,2031,37,RP,17871,0.19207285,0.0924564,4.177246,4.4934826
Ian Hamilton,2031,36,RP,19261,0.20847733,0.094196774,4.1394944,4.422488
Ian Kennedy,2031,46,RP,6986,0.16777697,0.04572704,4.107514,4.39206
Isaiah Campbell,2031,33,RP,25551,0.23218785,0.10279166,4.172366,4.3285584
J.B. Wendelken,2031,38,RP,14506,0.17987221,0.09503457,4.2172675,4.474029
J.P. Feyereisen,2031,38,RP,16610,0.18672773,0.09462862,4.247296,4.4971733
JT Chargois,2031,40,RP,13767,0.16058828,0.08683438,4.246028,4.548918
Jackson Kowar,2031,34,RP,21549,0.20657878,0.10497555,4.3200207,4.6276097
Jacob Webb,2031,37,RP,19274,0.19240029,0.0957585,4.243791,4.5423203
Jaime Barria,2031,34,RP,18356,0.17150907,0.082558006,4.354114,4.551384
Jake Bird,2031,35,RP,21267,0.17473897,0.09124289,4.070077,4.3113155
Jake Diekman,2031,44,RP,5003,0.21771578,0.109286934,4.0298862,4.164725
Jake McGee,2031,44,RP,7550,0.13776544,0.068163656,4.3062067,4.839039
Jake Woodford,2031,34,RP,18674,0.16773424,0.08654374,4.364916,4.5888515
Jakob Junis,2031,38,RP,13619,0.18277527,0.06638449,4.0099745,4.4101405
Jalen Beeks,2031,37,RP,17192,0.20260942,0.09125934,4.125809,4.500714
James Karinchak,2031,35,RP,20151,0.22546461,0.1106207,4.250685,4.3954725
James McArthur,2031,34,RP,21527,0.19724444,0.083067805,4.0297,4.283582
James Norwood,2031,37,RP,16440,0.18399726,0.09362486,4.214867,4.541252
Jandel Gustave,2031,38,RP,14665,0.17371762,0.090489455,4.279879,4.5975547
Jarlin Garcia,2031,38,RP,18282,0.17595667,0.08039573,4.201274,4.502888
Jason Adam,2031,39,RP,11861,0.2095203,0.086054705,4.0009375,4.309305
Jason Alexander,2031,38,RP,19666,0.13647747,0.078220636,4.37037,4.668921
Jason Foley,2031,35,RP,19531,0.17737687,0.08723826,4.0738635,4.34202
Javier Assad,2031,33,RP,21741,0.2012557,0.100470975,4.2184997,4.4415803
Javy Guerra,2031,35,RP,17292,0.18581249,0.1008804,4.2522354,4.4612103
Jay Jackson,2031,43,RP,7432,0.17252052,0.08285795,4.226465,4.4784584
Jeff Brigham,2031,39,RP,16631,0.18966156,0.084108755,4.125966,4.526042
Jeff Hoffman,2031,38,RP,17432,0.19916266,0.092200845,4.149607,4.526413
Jesse Chavez,2031,47,RP,5448,0.15255746,0.08155578,4.2023053,4.515975
Jesse Scholtens,2031,37,RP,19205,0.13791937,0.07447972,4.4157677,4.7256446
Jesus Tinoco,2031,36,RP,16300,0.17967978,0.0960925,4.311652,4.486362
Jharel Cotton,2031,39,RP,13654,0.16487917,0.08724428,4.3853035,4.757246
Jhoan Duran,2031,33,RP,21029,0.23189038,0.09282567,4.027278,4.0591226
Jhony Brito,2031,33,RP,25386,0.1885685,0.09235432,4.2216864,4.4336963
Jhoulys Chacin,2031,43,RP,2608,0.0992104,0.067633905,4.676393,5.3652897
Jimmy Cordero,2031,39,RP,15690,0.17245598,0.083552375,4.2488413,4.678581
Jimmy Herget,2031,37,RP,17556,0.18158728,0.07906174,4.1709857,4.4976883
Jimmy Lambert,2031,36,RP,19541,0.19481815,0.09543821,4.2405105,4.5482583
JoJo Romero,2031,34,RP,19574,0.21833839,0.0978074,4.130278,4.3970833
Joe Jacques,2031,36,RP,25178,0.16044359,0.084623545,4.1956506,4.455237
Joe Jimenez,2031,36,RP,15761,0.22298382,0.089213856,4.019577,4.2996516
Joe Kelly,2031,43,RP,9761,0.21348026,0.09527154,4.0365863,4.0826154
Joe La Sorsa,2031,33,RP,25481,0.18822859,0.09259902,4.17641,4.417616
Joe Mantiply,2031,40,RP,14857,0.1565128,0.07355002,4.119821,4.545536
Joe Smith,2031,47,RP,3281,0.090681516,0.061533783,4.7153883,5.383904
Joel Payamps,2031,37,RP,14332,0.18721408,0.07756794,4.1360903,4.39322
Joey Wentz,2031,33,RP,19962,0.19850235,0.09825001,4.290973,4.583313
John Brebbia,2031,41,RP,12777,0.17170893,0.08349923,4.1855426,4.6036406
John Curtiss,2031,38,RP,16128,0.18028745,0.083144866,4.2277684,4.596303
John King,2031,36,RP,22051,0.1542713,0.08156787,4.2178173,4.484754
John Schreiber,2031,37,RP,20020,0.19640295,0.09399718,4.172183,4.5004544
Jonathan Hernandez,2031,34,RP,17464,0.2085071,0.10097809,4.1865544,4.481354
Jonathan Loaisiga,2031,36,RP,19753,0.16151036,0.082184896,4.1844573,4.4437823
Jordan Balazovic,2031,32,RP,21866,0.19050829,0.09792394,4.210273,4.433299
Jordan Hicks,2031,34,RP,19618,0.22330362,0.10206649,4.1162705,4.3163176
Jordan Romano,2031,38,RP,16122,0.20545223,0.089706235,4.098456,4.423762
Jordan Weems,2031,38,RP,13190,0.19120888,0.088717535,4.1892934,4.5575724
Jorge Lopez,2031,38,RP,14527,0.15807225,0.07555224,4.4766574,4.97881
Jose A. Ferrer,2031,31,RP,24017,0.1922356,0.09928681,4.148339,4.453094
Jose Alvarado,2031,36,RP,17780,0.24950649,0.10301124,4.104481,4.2423053
Jose Alvarez,2031,42,RP,5358,0.14413397,0.086107574,4.3377895,4.5416145
Jose Cisnero,2031,42,RP,6399,0.1652365,0.09045285,4.278551,4.555621
Jose Cuas,2031,37,RP,17701,0.18795186,0.0971396,4.24969,4.5054326
Jose Hernandez,2031,33,RP,22318,0.22036053,0.10145339,4.142659,4.407284
Jose Leclerc,2031,37,RP,14524,0.20779228,0.09769414,4.2089725,4.5078406
Jose Ruiz,2031,36,RP,14552,0.19533005,0.09423154,4.234093,4.5390635
Jose Soriano,2031,32,RP,22100,0.24124493,0.10371065,4.058792,4.0930204
Jose Urquidy,2031,36,RP,18413,0.16723375,0.07981147,4.360414,4.6570425
Josh Hader,2031,37,RP,14212,0.23566961,0.111951336,4.133743,4.3305445
Josh Rogers,2031,36,RP,18510,0.15452151,0.08422958,4.4403224,4.6778436
Josh Sborz,2031,37,RP,18323,0.21647447,0.092721455,4.0906887,4.439519
Josh Staumont,2031,37,RP,18335,0.19600496,0.102422856,4.2461295,4.470293
Josh Taylor,2031,38,RP,17359,0.20120096,0.09168059,4.12331,4.503347
Josh Winckowski,2031,33,RP,22387,0.17639151,0.09142576,4.1609287,4.3917155
Josh Winder,2031,34,RP,24606,0.17103831,0.08631081,4.2596564,4.493115
Jovani Moran,2031,34,RP,20422,0.22959788,0.10576795,4.0865383,4.2092686
Julian Merryweather,2031,39,RP,16703,0.19565286,0.09213981,4.1534724,4.5329876
Junior Fernandez,2031,34,RP,18496,0.19859,0.10085991,4.230021,4.5091233
Justin Bruihl,2031,34,RP,23779,0.18597132,0.09465787,4.2175274,4.491181
Justin Garza,2031,37,RP,19784,0.18107578,0.095947355,4.27245,4.533634
Justin Grimm,2031,42,RP,11720,0.12877065,0.08788855,4.746224,5.3854094
Justin Lawrence,2031,36,RP,17639,0.18967798,0.09671586,4.0370064,4.2403736
Justin Topa,2031,40,RP,15145,0.1643795,0.07149962,4.077581,4.472865
Kaleb Ort,2031,39,RP,20061,0.15649465,0.08338057,4.300115,4.680267
Keegan Akin,2031,36,RP,19362,0.19551663,0.08396324,4.150385,4.518992
Keegan Thompson,2031,36,RP,19795,0.19496162,0.09860413,4.2450833,4.501978
Ken Waldichuk,2031,33,RP,27681,0.20295635,0.099978514,4.2413135,4.538389
Kendall Graveman,2031,40,RP,15514,0.17060041,0.09364591,4.34172,4.507754
Kenley Jansen,2031,43,RP,3096,0.18793023,0.09016263,4.0234113,4.319993
Kevin Ginkel,2031,37,RP,19876,0.19747172,0.091694295,4.149475,4.50368
Kevin Kelly,2031,33,RP,25679,0.18551227,0.089383,4.073082,4.2911897
Keynan Middleton,2031,37,RP,15264,0.20221376,0.09024685,4.159662,4.5052633
Kirby Yates,2031,44,RP,9073,0.2064061,0.109831646,4.1027117,4.3216095
Kutter Crawford,2031,35,RP,20531,0.19695722,0.092085294,4.156259,4.4821186
Kyle Finnegan,2031,39,RP,15009,0.17527185,0.08341708,4.251154,4.5880437
Kyle Muller,2031,33,RP,20167,0.2041402,0.101969086,4.3019013,4.612028
Kyle Nelson,2031,34,RP,20515,0.20264909,0.096228704,4.159506,4.43061
Lane Ramsey,2031,34,RP,25071,0.19308655,0.09792582,4.1672773,4.4616795
Lou Trivino,2031,39,RP,15043,0.18310459,0.09334027,4.213269,4.544776
Louie Varland,2031,33,RP,27691,0.20128918,0.091956474,4.1435666,4.371326
Louis Head,2031,41,RP,13259,0.15232381,0.082234465,4.2470527,4.575058
Lucas Erceg,2031,36,RP,19360,0.20037742,0.101246916,4.066818,4.273791
Lucas Gilbreath,2031,35,RP,21290,0.19688287,0.09955512,4.102065,4.3111005
Lucas Sims,2031,37,RP,13470,0.20694928,0.105312616,4.2751203,4.4957213
Luis Frias,2031,33,RP,21997,0.18620121,0.09865175,4.13192,4.418785
Luis Garcia,2031,44,RP,6984,0.1496007,0.08161849,4.15988,4.5018244
Luis Medina,2031,32,RP,21649,0.2074681,0.10484706,4.233585,4.5869865
Luke Jackson,2031,39,RP,11752,0.19536613,0.091095015,4.1278253,4.509418
Manny Banuelos,2031,40,RP,5365,0.16855578,0.09407782,4.3116364,4.5412545
Mark Leiter Jr.,2031,40,RP,15551,0.19063962,0.077301614,3.9777472,4.4061203
Mark Melancon,2031,46,RP,4264,0.11963533,0.07670868,4.1657243,4.281639
Martin Perez,2031,40,RP,6902,0.13997002,0.08043995,4.424986,4.7213383
Mason Englert,2031,31,RP,22288,0.17608485,0.08723321,4.2365746,4.387478
Mason Thompson,2031,33,RP,21850,0.19074078,0.09775633,4.1801176,4.4672246
Matt Barnes,2031,41,RP,12863,0.16620086,0.09109408,4.2568994,4.52597
Matt Brash,2031,33,RP,25756,0.2574166,0.11521784,4.053461,4.143162
Matt Carasiti,2031,39,RP,13276,0.1536355,0.084774815,4.0880833,4.321948
Matt Foster,2031,36,RP,19647,0.19636112,0.092091866,4.179616,4.525617
Matt Koch,2031,40,RP,13420,0.11493489,0.062454876,4.600295,5.093357
Matt Moore,2031,42,RP,1890,0.17199726,0.085127786,4.2260733,4.5243597
Matt Strahm,2031,39,RP,13799,0.19458494,0.07714041,3.9507477,4.325473
Matt Wisler,2031,38,RP,12804,0.19387124,0.081270695,4.1030793,4.4104652
Matthew Liberatore,2031,31,RP,22294,0.19239435,0.09930686,4.2340784,4.553156
Mauricio Llovera,2031,35,RP,20080,0.19283035,0.09608184,4.244202,4.5462837
Michael Fulmer,2031,38,RP,13218,0.18885177,0.091978036,4.216305,4.5697465
Michael Grove,2031,34,RP,23221,0.19620648,0.09003104,4.2245603,4.517837
Michael King,2031,36,RP,19853,0.21731813,0.088536896,4.0385017,4.321315
Michael Rucker,2031,37,RP,19454,0.18742311,0.09074924,4.228276,4.5902824
Michael Tonkin,2031,41,RP,10315,0.17614435,0.07841445,4.1681657,4.646727
Miguel Castro,2031,36,RP,15684,0.19855846,0.096837915,4.212773,4.520851
Mike Baumann,2031,35,RP,20206,0.19636974,0.099230945,4.2248344,4.5065565
Nate Pearson,2031,34,RP,20160,0.21320537,0.101029895,4.1880045,4.4793773
Nick Anderson,2031,40,RP,18337,0.20254262,0.08639356,3.949553,4.356132
Nick Martinez,2031,40,RP,12730,0.15446924,0.07705406,4.4424877,4.8650327
Nick Mears,2031,34,RP,25376,0.2015502,0.1013188,4.2145443,4.4850755
Nick Pivetta,2031,38,RP,15454,0.19618462,0.085187905,4.1064215,4.4989877
Nick Ramirez,2031,41,RP,12575,0.1316844,0.07409187,4.3742285,4.803469
Nick Robertson,2031,32,RP,26226,0.21455248,0.1041179,4.1341324,4.434581
Nick Sandlin,2031,34,RP,20517,0.21838443,0.098680034,4.1924076,4.437982
Nick Wittgren,2031,40,RP,15594,0.12877607,0.07180634,4.509633,5.036395
Noe Ramirez,2031,41,RP,12800,0.15755701,0.088761605,4.328296,4.6331024
Osvaldo Bido,2031,35,RP,23150,0.18093385,0.091688216,4.226204,4.5360284
Paul Sewald,2031,41,RP,13892,0.20932956,0.09232781,3.9619281,4.333596
Pete Fairbanks,2031,37,RP,17998,0.22341426,0.105330065,4.145123,4.4738774
Peter Lambert,2031,34,RP,17969,0.13907613,0.07132746,4.4005146,4.6551857
Peter Strzelecki,2031,36,RP,21367,0.19567302,0.09244044,4.1638756,4.4872503
Phil Bickford,2031,35,RP,18519,0.21643473,0.097092226,4.1548333,4.4548755
Phil Maton,2031,38,RP,18064,0.19780312,0.08734946,4.1139464,4.4999795
Pierce Johnson,2031,40,RP,13435,0.20306844,0.09434119,4.084952,4.4734173
Rafael Montero,2031,40,RP,12760,0.17944561,0.089338325,4.1779146,4.5670815
Raisel Iglesias,2031,41,RP,17130,0.19688304,0.0833415,3.8488336,4.2735453
Ralph Garza,2031,37,RP,17682,0.17929494,0.09629034,4.3008976,4.507527
Ray Kerr,2031,36,RP,23809,0.20398867,0.08914774,4.1177473,4.435431
Reynaldo Lopez,2031,37,RP,16400,0.20603232,0.09069497,4.142765,4.4715776
Richard Bleier,2031,44,RP,7803,0.10087641,0.060856912,4.206711,4.6104445
Richard Lovelady,2031,35,RP,19337,0.21017584,0.09766071,4.1653748,4.4760065
Roansy Contreras,2031,31,RP,22810,0.19460876,0.10024043,4.1669707,4.4746604
Rob Zastryzny,2031,39,RP,15094,0.17388435,0.09514669,4.235618,4.4402657
Robert Garcia,2031,35,RP,23363,0.20529258,0.09453948,4.149469,4.449582
Robert Stephenson,2031,38,RP,13594,0.21175072,0.08523814,3.9861062,4.3395
Robert Suarez,2031,40,RP,30115,0.18099645,0.08775888,4.165073,4.499161
Ron Marinaccio,2031,35,RP,23488,0.22188334,0.099813,4.199858,4.4325027
Ronel Blanco,2031,37,RP,19407,0.18450083,0.09144423,4.2958627,4.544608
Rony Garcia,2031,33,RP,20430,0.19696309,0.094877765,4.2456923,4.5120153
Ross Detwiler,2031,45,RP,2859,0.114521265,0.056296393,4.639267,5.3713994
Ross Stripling,2031,41,RP,13273,0.12652981,0.037685707,4.3883343,5.004461
Rowan Wick,2031,38,RP,14646,0.19290327,0.095566966,4.2015357,4.5061116
Ryan Borucki,2031,37,RP,16350,0.17162561,0.07406381,4.2278967,4.5076985
Ryan Brasier,2031,43,RP,5615,0.15425244,0.07991103,4.1525025,4.5738406
Ryan Helsley,2031,36,RP,18138,0.23600137,0.09930879,4.1135225,4.383276
Ryan Pressly,2031,42,RP,7005,0.19147682,0.08442244,3.840206,4.279947
Ryan Thompson,2031,39,RP,16647,0.16090265,0.07711145,4.236342,4.6265607
Ryan Walker,2031,35,RP,20423,0.21791157,0.092344925,4.110998,4.3353724
Ryan Yarbrough,2031,39,RP,16502,0.12281471,0.043611456,4.4733663,5.016834
Ryne Stanek,2031,39,RP,15947,0.18641047,0.09338641,4.266848,4.550888
Sam Hentges,2031,34,RP,18548,0.22025871,0.09655614,4.075223,4.342133
Sam Long,2031,35,RP,25379,0.18259425,0.09380589,4.2623396,4.5528235
Sam Moll,2031,39,RP,14874,0.18267392,0.09425252,4.230131,4.5023847
Sam Selman,2031,40,RP,13397,0.16391896,0.083040975,4.311324,4.721638
Sammy Peralta,2031,33,RP,25589,0.20365693,0.10191612,4.1664124,4.4442153
Scott Alexander,2031,41,RP,10591,0.12672213,0.07168542,4.206646,4.548897
Scott Barlow,2031,38,RP,14993,0.1978893,0.09252184,4.121463,4.4812965
Scott Effross,2031,37,RP,18384,0.19899893,0.08105546,4.036813,4.363469
Scott McGough,2031,41,RP,12056,0.17941578,0.07455885,3.9149857,4.3272114
Sean Hjelle,2031,34,RP,21481,0.20413578,0.09844628,4.2048197,4.5268097
Sean Manaea,2031,39,RP,15873,0.18110688,0.07624195,4.086602,4.5428257
Sean Poppen,2031,37,RP,19583,0.17944255,0.09221555,4.230199,4.545579
Seranthony Dominguez,2031,36,RP,19249,0.20139985,0.09342227,4.191795,4.4965825
Sergio Romo,2031,48,RP,9817,0.08972398,0.061341573,4.7197137,5.6204605
Seth Martinez,2031,36,RP,21045,0.19383697,0.09426441,4.1971374,4.51424
Shawn Armstrong,2031,40,RP,12857,0.17961462,0.0711785,3.9936004,4.376119
Shelby Miller,2031,40,RP,10197,0.16247469,0.09754026,4.437,4.480744
Shintaro Fujinami,2031,37,RP,31839,0.18305458,0.09783733,4.293007,4.5354314
Steve Cishek,2031,45,RP,6483,0.14036979,0.088378176,4.5300493,4.476496
Steven Matz,2031,40,RP,13361,0.16611241,0.064331904,4.112454,4.6285605
Steven Okert,2031,39,RP,13580,0.19853957,0.086540006,4.102251,4.4596305
Steven Wilson,2031,36,RP,20353,0.20136945,0.09259088,4.1975007,4.493905
Tanner Banks,2031,39,RP,16990,0.16293874,0.081286766,4.240373,4.5964727
Tanner Scott,2031,36,RP,17586,0.23584788,0.10244478,4.108098,4.2986965
Tayler Saucedo,2031,38,RP,17888,0.16790526,0.09055321,4.2217555,4.4760323
Tayler Scott,2031,39,RP,13652,0.1516941,0.07992498,4.5109863,5.048438
Taylor Clarke,2031,38,RP,17611,0.1820499,0.07502575,4.1547136,4.5947895
Taylor Rogers,2031,40,RP,13449,0.20176372,0.09414594,4.0581255,4.4545875
Thad Ward,2031,34,RP,21513,0.1971836,0.10095689,4.2835317,4.5441523
Thomas Hatch,2031,36,RP,19264,0.18491662,0.09494354,4.250703,4.540484
Tim Herrin,2031,34,RP,25139,0.21554019,0.10020489,4.1435685,4.4381595
Tim Hill,2031,41,RP,16814,0.11871842,0.07247112,4.475258,4.88014
Tim Mayza,2031,39,RP,15042,0.17979255,0.078712456,4.110454,4.4689546
Tom Cosgrove,2031,35,RP,23443,0.1907268,0.09200985,4.1739283,4.3934956
Tommy Doyle,2031,35,RP,21281,0.16851903,0.090635754,4.1155486,4.347348
Tommy Kahnle,2031,41,RP,11384,0.19587871,0.089394875,4.067834,4.445276
Tommy Nance,2031,40,RP,19178,0.18296602,0.08590041,4.135599,4.562533
Trent Thornton,2031,37,RP,17948,0.17239572,0.07324549,4.271666,4.5557876
Trevor Gott,2031,38,RP,15046,0.17840663,0.0805305,4.1907587,4.6126285
Trevor May,2031,41,RP,6398,0.17040081,0.09207897,4.277654,4.4945455
Trevor Megill,2031,37,RP,17722,0.21199314,0.0906927,4.0567293,4.438141
Trevor Richards,2031,38,RP,19309,0.21043536,0.11281522,4.2445054,4.4698753
Trevor Stephan,2031,35,RP,19932,0.21675143,0.0925967,4.1173787,4.410422
Trey Wingenter,2031,37,RP,17793,0.22331624,0.098726854,4.1131387,4.4535503
Tristan Beck,2031,35,RP,21584,0.1671871,0.07836017,4.1914444,4.4382696
Tucker Davidson,2031,35,RP,19871,0.1857946,0.0943755,4.2985597,4.6067324
Ty Blach,2031,40,RP,14361,0.10443692,0.062309112,4.564165,5.087775
Tyler Alexander,2031,36,RP,17735,0.16936241,0.057001926,4.163096,4.4290805
Tyler Beede,2031,38,RP,16981,0.15659651,0.083619535,4.4328747,4.848349
Tyler Danish,2031,36,RP,15126,0.1670555,0.08444056,4.274358,4.564665
Tyler Holton,2031,35,RP,26231,0.18425417,0.075414054,4.0406137,4.165863
Tyler Kinley,2031,40,RP,18297,0.15882923,0.08116368,4.1398163,4.505316
Tyler Matzek,2031,40,RP,10058,0.17922442,0.104138836,4.455784,4.3182654
Tyler Rogers,2031,40,RP,15541,0.1473401,0.07887145,4.205358,4.5140214
Victor Arano,2031,36,RP,15915,0.2030119,0.09020349,4.121666,4.4635177
Victor Gonzalez,2031,35,RP,16408,0.20322452,0.09620804,4.168186,4.4742694
Wandy Peralta,2031,39,RP,14295,0.17055298,0.09511028,4.362298,4.492918
Will Smith,2031,41,RP,8048,0.17510386,0.07665805,4.125413,4.549737
Will Vest,2031,36,RP,19769,0.20318858,0.090803266,4.089453,4.4430814
Wily Peralta,2031,42,RP,7738,0.11745923,0.09536188,4.715849,3.898698
Wyatt Mills,2031,36,RP,20010,0.18536322,0.094479695,4.259621,4.5810275
Xzavion Curry,2031,32,RP,25595,0.17580692,0.09024978,4.221859,4.392723
Yency Almonte,2031,37,RP,15068,0.1894733,0.094338834,4.2229314,4.5490313
Yennier Cano,2031,37,RP,25911,0.1852548,0.09022941,4.166603,4.5206327
Yerry De Los Santos,2031,33,RP,21420,0.19828397,0.100661345,4.144598,4.423222
Yimi Garcia,2031,40,RP,12095,0.18355319,0.07337197,3.96787,4.3970885
Yohan Ramirez,2031,36,RP,19444,0.19182785,0.09501264,4.2537527,4.550056
Yonny Chirinos,2031,37,RP,16401,0.1511875,0.07226052,4.4685974,4.8408384
Yunior Marte,2031,36,RP,14416,0.18164527,0.09280465,4.2519016,4.5705066
Zach Jackson,2031,36,RP,19493,0.2282679,0.10509822,4.2002788,4.2918243
Zach Thompson,2031,37,RP,16094,0.17138262,0.090671144,4.241954,4.522239
Zack Littell,2031,35,RP,15823,0.17894368,0.06803858,4.111314,4.327517
Zack Thompson,2031,33,RP,25918,0.20853995,0.10204949,4.1794,4.441097
Aaron Civale,2031,36,SP,19479,0.18798374,0.07101029,4.4649897,4.415562
Aaron Nola,2031,38,SP,16149,0.17906824,0.07860537,4.4975386,4.3658533
Adam Wainwright,2031,49,SP,2233,0.09606241,0.044759408,4.5527425,4.7127132
Adrian Houser,2031,38,SP,12718,0.186983,0.0954876,4.3595476,4.4883504
Adrian Sampson,2031,39,SP,13339,0.16354722,0.059421126,4.5301013,4.312285
Alek Manoah,2031,33,SP,26410,0.18499877,0.08222647,4.6062574,4.5350027
Alex Cobb,2031,43,SP,6562,0.13739249,0.0782946,4.6199803,4.5373335
Alex Faedo,2031,35,SP,19874,0.20733559,0.08897258,4.2279453,4.466082
Andrew Abbott,2031,32,SP,29911,0.22891308,0.08107621,4.1167574,4.17311
Andrew Heaney,2031,40,SP,15423,0.16302058,0.07173557,4.6544795,4.2860885
Anibal Sanchez,2031,47,SP,3284,0.114371605,0.069071025,4.8513446,4.552191
Anthony DeSclafani,2031,41,SP,13050,0.14636408,0.0620632,4.528044,4.351846
Austin Gomber,2031,37,SP,16561,0.18664207,0.082217626,4.216824,4.469278
Bailey Ober,2031,35,SP,21224,0.18432792,0.061325178,4.6667743,4.312086
Blake Snell,2031,38,SP,13543,0.22651863,0.082812734,3.5252626,3.715108
Bobby Miller,2031,32,SP,27483,0.22318463,0.07576778,4.0678697,4.136448
Brad Keller,2031,35,SP,15734,0.17549665,0.0921054,4.4397435,4.490081
Brady Singer,2031,34,SP,25377,0.20456384,0.084310986,4.330325,4.512029
Brandon Bielak,2031,35,SP,19866,0.20374297,0.09157994,4.293099,4.4867654
Brandon Pfaadt,2031,32,SP,27782,0.1799452,0.055313326,4.401315,4.7778697
Brandon Williamson,2031,33,SP,25463,0.18909496,0.0784305,4.4089127,4.6327558
Brandon Woodruff,2031,38,SP,16162,0.17593278,0.074921735,4.5673876,4.265767
Braxton Garrett,2031,33,SP,21844,0.21539547,0.07767612,4.225877,4.255131
Brayan Bello,2031,32,SP,23920,0.18744874,0.088621035,4.0343747,4.1632767
Bryan Woo,2031,31,SP,30279,0.24885492,0.07403472,3.9576647,4.0139227
Bryce Elder,2031,32,SP,27779,0.1998346,0.09105086,4.4486766,4.5362477
Bryce Miller,2031,32,SP,29837,0.19461946,0.056962915,4.3985925,4.4476604
Cal Quantrill,2031,36,SP,19312,0.19449624,0.0878145,4.2454276,4.4896874
Carlos Carrasco,2031,44,SP,6632,0.12388666,0.06492269,4.6333632,4.410373
Carlos Rodon,2031,38,SP,16137,0.18162547,0.09107029,4.592403,4.456874
Charlie Morton,2031,47,SP,4676,0.13309841,0.036997266,4.357913,4.8103337
Chase Anderson,2031,43,SP,6895,0.12831974,0.06496628,4.659625,4.290453
Chris Archer,2031,42,SP,6345,0.15833199,0.08491484,4.6086597,4.642746
Chris Bassitt,2031,42,SP,12304,0.14883018,0.07110158,4.86908,4.3131504
Chris Sale,2031,42,SP,10603,0.14567982,0.078791425,4.5643697,4.4825554
Clarke Schmidt,2031,35,SP,19899,0.20075598,0.08126803,4.4920993,4.385108
Clayton Kershaw,2031,43,SP,2036,0.14214277,0.07813269,4.8082914,4.484927
Colin Rea,2031,40,SP,12317,0.16394834,0.080182634,4.601341,4.396111
Corbin Burnes,2031,36,SP,19361,0.2018574,0.09081965,4.252472,4.272526
Cristian Javier,2031,34,SP,17606,0.20550452,0.07950133,4.4723563,4.3349643
Cristopher Sanchez,2031,34,SP,20778,0.20490852,0.08180297,4.4212346,4.4385586
Daniel Lynch IV,2031,34,SP,21537,0.20379588,0.086706914,4.23957,4.6396165
Dean Kremer,2031,35,SP,19350,0.19139825,0.071573384,4.3340187,4.571642
Domingo German,2031,38,SP,17149,0.16383177,0.050099306,4.5807915,4.3361416
Drew Rasmussen,2031,35,SP,25385,0.20621377,0.08809449,4.3176494,4.3197455
Dustin May,2031,33,SP,19716,0.2140662,0.08510183,4.3796787,4.4063873
Dylan Bundy,2031,38,SP,12917,0.15373161,0.04846091,4.3378787,4.5392823
Dylan Cease,2031,35,SP,18525,0.21974255,0.08555952,4.0283837,4.1040144
Eduardo Rodriguez,2031,38,SP,13164,0.18250282,0.086374804,4.49928,4.388468
Edward Cabrera,2031,33,SP,21690,0.206615,0.09701409,4.161651,4.4418106
Emmet Sheehan,2031,31,SP,29839,0.25745752,0.081976585,3.8356469,3.9374342
Eric Lauer,2031,36,SP,19316,0.17782305,0.07071853,4.531374,4.4391036
Erick Fedde,2031,38,SP,17425,0.1842388,0.08730261,4.3541393,4.410682
Eury Perez,2031,28,SP,27768,0.28614008,0.047923256,3.7339194,3.4328978
Framber Valdez,2031,37,SP,17295,0.19013934,0.09183777,4.498651,4.4114795
Freddy Peralta,2031,35,SP,18679,0.21252269,0.07709811,4.1011643,4.0532274
Gavin Williams,2031,31,SP,30122,0.2231205,0.0829636,4.3259254,4.282918
George Kirby,2031,33,SP,25436,0.21313116,0.07044552,4.1674843,4.1585026
Gerrit Cole,2031,40,SP,13125,0.159863,0.08006039,4.561823,4.3478765
Graham Ashcraft,2031,33,SP,27552,0.17521472,0.08225936,4.3340526,4.6722364
Grayson Rodriguez,2031,31,SP,24492,0.2524321,0.074093334,3.7947974,3.8396122
Griffin Canning,2031,35,SP,19867,0.19860125,0.07909587,4.4171486,4.4559517
Humberto Castellanos,2031,33,SP,21183,0.19170709,0.08227227,4.323433,4.7091064
Hunter Brown,2031,32,SP,25880,0.25077105,0.075959735,3.8491209,3.8453157
Hunter Greene,2031,31,SP,22182,0.26726237,0.06596662,3.7535174,3.6170125
Hyun-Jin Ryu,2031,44,SP,14444,0.1305886,0.06988942,4.7234926,4.44451
Ian Anderson,2031,33,SP,19951,0.20753516,0.09604876,4.147284,4.28967
J.P. France,2031,36,SP,21212,0.1806421,0.08172212,4.3473306,4.535718
JP Sears,2031,35,SP,23429,0.18450062,0.0654704,4.3824515,4.6118875
JT Brubaker,2031,37,SP,17578,0.1899974,0.084947705,4.3507752,4.3950977
Jack Flaherty,2031,35,SP,17479,0.20990047,0.09817512,4.355533,4.2921352
Jacob deGrom,2031,43,SP,10954,0.15120457,0.07767129,3.8347723,3.9088523
Jake Irvin,2031,34,SP,21504,0.17485335,0.084266394,4.489386,4.663006
Jake Odorizzi,2031,41,SP,6397,0.15658286,0.081657745,4.6021967,4.462028
James Paxton,2031,42,SP,11828,0.14858402,0.07675514,4.6596746,4.4021454
Jameson Taillon,2031,39,SP,11674,0.1599812,0.056455813,4.507537,4.3405643
Jared Shuster,2031,32,SP,27472,0.16195548,0.08881651,4.4499464,4.690936
Jesus Luzardo,2031,33,SP,19959,0.23983428,0.0795434,3.9069498,3.921676
Joan Adon,2031,32,SP,22925,0.19639456,0.09275319,4.30204,4.593119
Joe Musgrove,2031,38,SP,12970,0.17422381,0.070326075,4.719651,4.2792535
Joe Ryan,2031,35,SP,21390,0.1905831,0.069083616,4.579609,4.340965
Joey Lucchesi,2031,38,SP,19320,0.1782723,0.07982042,4.359497,4.3967834
Johan Oviedo,2031,33,SP,22487,0.21356225,0.09891641,4.3436837,4.4970455
Jon Gray,2031,39,SP,14916,0.17043285,0.073993206,4.542621,4.3326874
Jordan Lyles,2031,40,SP,7593,0.14287308,0.04431414,4.5319023,4.348738
Jordan Montgomery,2031,38,SP,16511,0.17905352,0.0795622,4.539836,4.3625345
Jose Berrios,2031,37,SP,14168,0.180859,0.067125894,4.516275,4.3533587
Jose Quintana,2031,42,SP,11423,0.16376409,0.085035615,4.478761,4.841903
Jose Urena,2031,39,SP,11589,0.1731648,0.07854219,4.516401,4.349137
Josiah Gray,2031,33,SP,24580,0.16320308,0.07947471,4.727254,4.724227
Julio Urias,2031,34,SP,14765,0.18963231,0.05937618,4.6427703,4.257149
Justin Dunn,2031,35,SP,19268,0.14985062,0.06412789,4.670549,4.713939
Justin Steele,2031,35,SP,17312,0.20367816,0.084918305,4.365811,4.3272486
Justin Verlander,2031,48,SP,8700,0.124861985,0.06782154,4.82192,4.8220544
Kenta Maeda,2031,43,SP,18498,0.13488176,0.070955746,4.6869917,4.4003577
Kevin Gausman,2031,40,SP,14107,0.16677594,0.09323216,4.417831,4.4021516
Kodai Senga,2031,38,SP,31838,0.1797241,0.08163762,4.551733,4.301086
Kyle Bradish,2031,34,SP,24586,0.21216905,0.087570965,4.3512325,4.36888
Kyle Freeland,2031,38,SP,16256,0.17397158,0.07780419,4.258111,4.469604
Kyle Gibson,2031,43,SP,10123,0.133474,0.07431024,4.5562215,4.5119257
Kyle Hendricks,2031,41,SP,12049,0.1439648,0.057350095,4.5259795,4.344474
Lance Lynn,2031,44,SP,2520,0.13001972,0.06600958,4.928969,4.322709
Lance McCullers Jr.,2031,37,SP,14120,0.18914406,0.09649387,4.569307,4.5031433
Logan Allen,2031,32,SP,27589,0.21352987,0.07750521,4.395614,4.350591
Logan Gilbert,2031,34,SP,22250,0.19716091,0.069205485,4.4887795,4.3218064
Logan Webb,2031,34,SP,17995,0.19939806,0.07626617,4.139765,4.1976824
Lucas Giolito,2031,36,SP,15474,0.18360408,0.06505337,4.405428,4.463151
Luis Castillo,2031,38,SP,15689,0.17792733,0.078841135,4.696344,4.3152747
Luis Cessa,2031,39,SP,13345,0.1685835,0.08743722,4.25856,4.512417
Luis Garcia,2031,34,SP,23735,0.21831463,0.08267533,4.167596,4.1854453
Luis L. Ortiz,2031,32,SP,27646,0.17003258,0.09297965,4.4850135,4.686648
Luis Severino,2031,37,SP,15890,0.16574803,0.04814996,4.5338006,4.4438434
Luke Weaver,2031,37,SP,16918,0.16314653,0.053316783,4.297271,4.5992255
MacKenzie Gore,2031,32,SP,22201,0.23832366,0.0952208,4.000089,4.199562
Marco Gonzales,2031,39,SP,15467,0.16497408,0.06054512,4.6647787,4.2486806
Marcus Stroman,2031,40,SP,13431,0.17305191,0.088848956,4.546568,4.581003
Matt Manning,2031,33,SP,20369,0.19290623,0.08129614,4.3673835,4.7155504
Matthew Boyd,2031,40,SP,15440,0.15615676,0.06816144,4.4391675,4.3870034
Max Fried,2031,37,SP,13743,0.1866033,0.08234841,4.420545,4.300124
Max Scherzer,2031,46,SP,3137,0.13399796,0.069295,4.7292733,4.7161574
Merrill Kelly,2031,42,SP,11156,0.16417284,0.079548426,4.6181445,4.595317
Michael Kopech,2031,35,SP,17282,0.14930016,0.084901646,4.671765,4.748093
Michael Lorenzen,2031,39,SP,14843,0.177573,0.09501957,4.3856144,4.5676312
Michael Pineda,2031,42,SP,5372,0.13276987,0.04822189,4.600098,4.3017335
Michael Wacha,2031,39,SP,14078,0.17076406,0.07248969,4.6539693,4.2754154
Mike Clevinger,2031,40,SP,12808,0.16524711,0.07770408,4.6836977,4.326695
Mike Minor,2031,43,SP,10021,0.13532339,0.068570055,4.6963353,4.3838534
Miles Mikolas,2031,42,SP,9803,0.13331056,0.054274693,4.534101,4.354385
Mitch Keller,2031,35,SP,17594,0.20755261,0.09056033,4.4060354,4.3788486
Nathan Eovaldi,2031,41,SP,9132,0.16093361,0.08392583,4.608534,4.5121794
Nestor Cortes,2031,36,SP,17874,0.18648686,0.06995672,4.6937785,4.2926826
Nick Lodolo,2031,33,SP,26378,0.2296941,0.07446456,4.0515337,4.004184
Noah Syndergaard,2031,38,SP,11762,0.1517183,0.04730984,4.336665,4.55639
Pablo Lopez,2031,35,SP,17085,0.20656087,0.082861006,4.220006,4.223402
Patrick Corbin,2031,41,SP,9323,0.14604324,0.06425739,4.554751,4.357305
Patrick Sandoval,2031,34,SP,19447,0.19907372,0.09811586,4.246231,4.3993526
Paul Blackburn,2031,37,SP,14739,0.19088015,0.09002293,4.3423386,4.4226623
Quinn Priester,2031,30,SP,25977,0.17916049,0.0828711,4.380581,4.61492
Ranger Suarez,2031,35,SP,17277,0.20880517,0.097106874,4.320223,4.4079585
Reese Olson,2031,31,SP,24968,0.24277829,0.07103004,3.941669,3.946954
Reid Detmers,2031,31,SP,27468,0.26610962,0.080590345,3.7063754,3.7345543
Rich Hill,2031,51,SP,4806,0.09771692,0.03011739,4.701912,4.7925735
Ryan Feltner,2031,34,SP,21446,0.18190953,0.08946325,4.248462,4.5044594
Ryan Weathers,2031,31,SP,23796,0.18626483,0.07471525,4.3879614,4.8337183
Ryne Nelson,2031,33,SP,26253,0.17424126,0.07449796,4.401971,4.7964067
Sandy Alcantara,2031,35,SP,18684,0.19917056,0.08234228,4.389184,4.432782
Seth Lugo,2031,41,SP,12447,0.15483242,0.0728314,4.7489514,4.31649
Shane Bieber,2031,36,SP,19427,0.1972445,0.08756605,4.4041862,4.377324
Shane McClanahan,2031,34,SP,21483,0.21945578,0.08381567,4.1271343,4.1696057
Shohei Ohtani,2031,36,SP,19755,0.20218289,0.0776591,4.1892066,4.0955663
Sonny Gray,2031,41,SP,12768,0.15586269,0.095963694,4.495485,4.52115
Spencer Strider,2031,32,SP,27498,0.30127227,0.056619667,3.094687,2.7482147
Spencer Turnbull,2031,38,SP,16207,0.18337603,0.09503994,4.404449,4.5016975
Taijuan Walker,2031,38,SP,11836,0.18542995,0.09002528,4.3940306,4.4210596
Taj Bradley,2031,30,SP,22543,0.26506826,0.0718763,3.7707045,3.8589542
Tanner Bibee,2031,32,SP,30134,0.21960689,0.07682749,4.1742377,4.179371
Tanner Houck,2031,35,SP,19879,0.20956697,0.09565186,4.3352795,4.3854017
Tarik Skubal,2031,34,SP,22267,0.21505214,0.074051686,4.1456256,4.085055
Tommy Henry,2031,33,SP,26285,0.18919185,0.087372586,4.443294,4.676426
Tony Gonsolin,2031,37,SP,19388,0.18577622,0.07769374,4.5068307,4.3288774
Touki Toussaint,2031,35,SP,16929,0.1804465,0.09839374,4.501004,4.5057316
Trevor Williams,2031,39,SP,16977,0.15254009,0.042373188,4.720995,4.2585077
Tyler Anderson,2031,41,SP,12880,0.16099222,0.0863523,4.5980625,4.58054
Tyler Glasnow,2031,37,SP,14374,0.1938086,0.08133331,4.1432357,4.129151
Tyler Wells,2031,36,SP,20000,0.16264547,0.040682897,4.887608,4.297427
Tylor Megill,2031,35,SP,21318,0.19957301,0.08197528,4.2252455,4.5539527
Vince Velasquez,2031,39,SP,11189,0.17405356,0.08729923,4.3822665,4.459273
Vladimir Gutierrez,2031,35,SP,19278,0.20117661,0.089942195,4.2730026,4.521841
Wade Miley,2031,44,SP,8779,0.14191127,0.074186295,4.6719255,4.5831227
Walker Buehler,2031,36,SP,19374,0.19507682,0.08309879,4.4719367,4.3632884
Yu Darvish,2031,44,SP,13074,0.13611214,0.078208834,4.5980396,4.6878815
Yusei Kikuchi,2031,40,SP,20633,0.11687699,0.061835464,4.993462,4.358966
Zac Gallen,2031,35,SP,19291,0.20480657,0.08399836,4.2602143,4.2614083
Zach Davies,2031,38,SP,13183,0.1839918,0.09420432,4.3991017,4.492223
Zach Eflin,2031,37,SP,13774,0.17705679,0.06914268,4.4509044,4.3729024
Zack Greinke,2031,47,SP,1943,0.095860355,0.04839104,4.748796,4.3794622
Zack Wheeler,2031,41,SP,10310,0.14932118,0.084054306,4.482696,4.4040656
A.J. Minter,2032,38,RP,18655,0.20698366,0.092223294,4.0274515,4.4185514
A.J. Puk,2032,37,RP,19343,0.20719159,0.08351204,4.0229177,4.3542347
Aaron Ashby,2032,34,RP,23550,0.21983033,0.09901011,4.145051,4.4319177
Aaron Bummer,2032,38,RP,16258,0.2066777,0.10860813,4.222024,4.400663
Aaron Loup,2032,44,RP,10343,0.13689993,0.08090545,4.228471,4.5224323
Aaron Sanchez,2032,39,RP,11490,0.12782678,0.07123352,4.661461,5.2383575
Abner Uribe,2032,32,RP,25327,0.23783784,0.10591248,4.0035934,4.00049
Adam Cimber,2032,41,RP,15288,0.12928282,0.07295684,4.3748474,4.76597
Adam Ottavino,2032,46,RP,1247,0.15171658,0.086219534,4.320676,4.5835133
Adbert Alzolay,2032,37,RP,17859,0.20504703,0.0793281,3.9830284,4.290156
Adrian Martinez,2032,35,RP,21023,0.18191722,0.0872245,4.2860136,4.59835
Albert Abreu,2032,36,RP,17485,0.19366783,0.09715266,4.2376475,4.536752
Alec Marsh,2032,34,RP,27451,0.21036637,0.1023876,4.2122746,4.5272093
Alex Lange,2032,36,RP,19883,0.2118723,0.09914268,4.196643,4.4201703
Alex Vesia,2032,36,RP,25007,0.21533789,0.093019776,4.135547,4.431553
Alex Wood,2032,41,RP,13781,0.14856327,0.0823464,4.2817426,4.6669474
Alex Young,2032,38,RP,18333,0.1601433,0.083991915,4.36577,4.721875
Alexis Diaz,2032,35,RP,21132,0.21661057,0.104678676,4.2281375,4.421337
Amir Garrett,2032,40,RP,14375,0.178699,0.09781075,4.3049088,4.3485427
Amos Willingham,2032,33,RP,26128,0.16716386,0.085152164,4.305176,4.489838
Andre Jackson,2032,36,RP,21298,0.18707596,0.09437025,4.2277894,4.526313
Andre Pallante,2032,33,RP,26108,0.17837757,0.09473838,4.1781855,4.4063835
Andres Machado,2032,39,RP,14681,0.1529602,0.07875882,4.399525,4.800162
Andres Munoz,2032,33,RP,20373,0.2430389,0.10207399,4.0748186,4.169715
Andrew Bellatti,2032,40,RP,10657,0.17894068,0.09074402,4.2176924,4.548643
Andrew Chafin,2032,42,RP,12988,0.17228603,0.090597376,4.2023444,4.505298
Andrew Nardi,2032,33,RP,25942,0.22344863,0.10127548,4.149264,4.4294896
Andrew Vasquez,2032,38,RP,19482,0.16941145,0.09104426,4.2380047,4.482946
Andrew Wantz,2032,36,RP,24933,0.19739835,0.093544,4.192625,4.5158377
Angel Perdomo,2032,38,RP,17759,0.20772526,0.10651772,4.2298317,4.485734
Angel Zerpa,2032,32,RP,22717,0.18042545,0.09226769,4.1699862,4.382752
Anthony Bass,2032,44,RP,7982,0.142975,0.08367374,4.38487,4.6409345
Anthony Bender,2032,37,RP,19742,0.19256017,0.09018153,4.166103,4.50315
Anthony Gose,2032,41,RP,5097,0.1782964,0.08691545,4.1498127,4.4836845
Aroldis Chapman,2032,44,RP,10233,0.24912715,0.10958535,3.6566958,3.847888
Art Warren,2032,39,RP,18251,0.18940653,0.09347833,4.1616125,4.489421
Austin Adams,2032,41,RP,13801,0.18525426,0.09327061,4.194975,4.533918
Austin Cox,2032,35,RP,24604,0.1979921,0.09963094,4.1574044,4.4379077
Austin Davis,2032,39,RP,17117,0.1773535,0.09325466,4.244807,4.5448966
Austin Pruitt,2032,42,RP,15290,0.11664151,0.06448796,4.4964356,4.9823008
Austin Voth,2032,40,RP,15047,0.14847176,0.07302551,4.429264,4.987361
Bailey Falter,2032,35,RP,20070,0.17566203,0.07408408,4.2151847,4.4815125
Beau Brieske,2032,34,RP,26079,0.17808701,0.09025008,4.2428994,4.4755726
Ben Heller,2032,40,RP,15100,0.16106233,0.09206186,4.316304,4.4790497
Ben Lively,2032,40,RP,14932,0.13783905,0.069110565,4.5105014,5.0925407
Blake Taylor,2032,36,RP,16418,0.18853502,0.09801748,4.227102,4.4829936
Bowden Francis,2032,36,RP,20548,0.19370493,0.079801686,4.0828767,4.3093677
Brad Boxberger,2032,44,RP,10133,0.14769408,0.08801334,4.393205,4.5867753
Brad Hand,2032,42,RP,9111,0.15457149,0.088301934,4.2732887,4.535685
Brendan White,2032,33,RP,26024,0.21292287,0.101504795,4.1297517,4.4251976
Brennan Bernardino,2032,40,RP,16835,0.16802958,0.07858741,4.0551896,4.424435
Brent Honeywell,2032,37,RP,16466,0.16646397,0.08758269,4.325929,4.6125054
Brent Suter,2032,42,RP,13942,0.1351411,0.07666412,4.0237713,4.2271385
Brett Martin,2032,37,RP,17369,0.17417824,0.09134768,4.1977153,4.481559
Brock Burke,2032,35,RP,17968,0.19777933,0.07866278,4.06876,4.2844105
Brock Stewart,2032,40,RP,16727,0.18783511,0.08473041,4.101393,4.4892178
Brooks Raley,2032,44,RP,10061,0.16412558,0.08648759,4.188735,4.5339828
Brusdar Graterol,2032,33,RP,20367,0.18821016,0.092410386,4.095644,4.3062263
Bryan Abreu,2032,35,RP,16609,0.22748083,0.10464785,4.1922903,4.4113493
Bryan Baker,2032,37,RP,19804,0.19815244,0.09621829,4.1572022,4.434041
Bryan Hoeing,2032,35,RP,26304,0.15939005,0.08069764,4.3851976,4.6803327
Bryan Shaw,2032,44,RP,8110,0.12460519,0.08148853,4.447489,4.828318
Bryse Wilson,2032,34,RP,19990,0.17994153,0.088206224,4.264173,4.5002427
Buck Farmer,2032,41,RP,14814,0.15608276,0.08748514,4.3044906,4.603639
Caleb Ferguson,2032,35,RP,19349,0.20971526,0.09554012,4.1672764,4.4655256
Caleb Smith,2032,40,RP,14875,0.16250995,0.09197865,4.3958807,4.560113
Caleb Thielbar,2032,45,RP,10078,0.16998407,0.08051146,3.966415,4.371126
Calvin Faucher,2032,36,RP,20116,0.18343848,0.093255594,4.2599483,4.5809293
Camilo Doval,2032,34,RP,21992,0.2215841,0.09792406,4.1137667,4.3337736
Carl Edwards Jr.,2032,40,RP,13607,0.1643333,0.09268046,4.2810173,4.4678473
Carlos Estevez,2032,39,RP,14542,0.17749983,0.09110108,4.2355194,4.571866
Carlos Hernandez,2032,35,RP,22713,0.19753815,0.09993811,4.2247424,4.51654
Carmen Mlodzinski,2032,33,RP,27572,0.20559067,0.10119667,4.1603274,4.397244
Casey Lawrence,2032,44,RP,11121,0.06803501,0.055145666,5.018617,6.0535574
Chad Kuhl,2032,39,RP,14975,0.15741779,0.09192104,4.436915,4.7236333
Chase Silseth,2032,32,RP,30074,0.20826393,0.10235063,4.154046,4.453098
Chasen Shreve,2032,41,RP,10855,0.15509456,0.07719118,4.30437,4.778603
Chris Devenski,2032,41,RP,12763,0.1454308,0.056551855,4.2641697,4.9345155
Chris Flexen,2032,37,RP,13896,0.14748275,0.07343766,4.5139656,4.921226
Chris Martin,2032,46,RP,11847,0.14217007,0.06586337,3.8519151,4.2502036
Chris Murphy,2032,34,RP,26214,0.1976705,0.09791994,4.1224914,4.409561
Chris Stratton,2032,41,RP,13761,0.16125992,0.08467809,4.1727824,4.5368385
Cionel Perez,2032,36,RP,19614,0.19171737,0.09791697,4.2002716,4.467362
Clay Holmes,2032,39,RP,13649,0.18731526,0.091152936,4.11051,4.4529023
Cody Bolton,2032,34,RP,23265,0.19686949,0.10025636,4.1602597,4.449043
Cody Bradford,2032,34,RP,27597,0.1867134,0.08504832,4.1720033,4.430877
Cole Irvin,2032,38,RP,19244,0.15157712,0.0679129,4.359481,4.784658
Cole Ragans,2032,34,RP,21846,0.20591278,0.0998002,4.1432414,4.408548
Cole Sands,2032,34,RP,21461,0.19690113,0.09903122,4.1917086,4.4755363
Colin Holderman,2032,36,RP,22361,0.19018418,0.09594015,4.1488814,4.4220157
Colin Poche,2032,38,RP,19403,0.19096696,0.08833549,4.1783895,4.536874
Colin Selby,2032,34,RP,24986,0.26854974,0.0841189,3.4982522,3.6770573
Collin McHugh,2032,45,RP,7531,0.13852756,0.077981286,4.188011,4.530365
Collin Snider,2032,36,RP,23307,0.1639725,0.08914709,4.2192235,4.4752016
Connor Brogdon,2032,37,RP,21205,0.18480442,0.08995253,4.2104278,4.547439
Connor Seabold,2032,36,RP,19695,0.15533549,0.07368201,4.511465,4.9053516
Corey Kluber,2032,46,RP,2429,0.082824655,0.056769144,4.6724005,5.5380106
Corey Knebel,2032,40,RP,15010,0.18027917,0.09504063,4.258821,4.4988008
Cory Abbott,2032,36,RP,20277,0.18856914,0.092476614,4.2693954,4.601253
Craig Kimbrel,2032,44,RP,6655,0.19352135,0.09699811,4.140301,4.4131713
Craig Stammen,2032,48,RP,7274,0.1134867,0.06163755,4.4521174,5.019128
DL Hall,2032,33,RP,22207,0.22143501,0.09917925,4.104012,4.372099
Dakota Hudson,2032,37,RP,19206,0.15702796,0.08794373,4.28354,4.529586
Dane Dunning,2032,37,RP,19409,0.17459045,0.08915929,4.2624726,4.585066
Daniel Bard,2032,47,RP,7115,0.1329438,0.08834532,4.414534,4.1302547
Daniel Duarte,2032,35,RP,17480,0.18693832,0.09862788,4.2334704,4.461121
Daniel Palencia,2032,32,RP,27914,0.23125488,0.101298876,4.0572486,4.179894
Danny Coulombe,2032,42,RP,13293,0.16195787,0.08166182,4.144425,4.508198
Dany Jimenez,2032,38,RP,21170,0.18375115,0.096781865,4.2478642,4.486292
Darren O'Day,2032,49,RP,3321,0.14245586,0.0817583,4.316968,4.539697
Dauri Moreta,2032,36,RP,21101,0.20346323,0.09156619,4.1485085,4.4701805
David Bednar,2032,37,RP,19569,0.2040173,0.089230575,4.0419326,4.3669176
David Peterson,2032,36,RP,20302,0.20984443,0.095998324,4.1694126,4.499886
David Phelps,2032,45,RP,6316,0.15996195,0.08595323,4.197738,4.474144
David Price,2032,46,RP,3184,0.12250823,0.07060402,4.475099,5.04043
David Robertson,2032,47,RP,8241,0.17060612,0.08670728,4.1528935,4.384835
Derek Law,2032,41,RP,13133,0.1483121,0.08879601,4.3162546,4.492859
Devin Williams,2032,37,RP,15816,0.22411379,0.11286994,4.2075467,4.3790894
Dillon Peters,2032,39,RP,18790,0.14845617,0.08299979,4.399891,4.76618
Dillon Tate,2032,38,RP,17796,0.1654915,0.083138496,4.243636,4.600201
Dinelson Lamet,2032,39,RP,17186,0.20070496,0.09864058,4.1486588,4.456684
Domingo Tapia,2032,40,RP,12178,0.167408,0.096464515,4.3117275,4.3723454
Dominic Leone,2032,40,RP,13763,0.1632895,0.08925995,4.371535,4.592378
Drew Hutchison,2032,41,RP,10732,0.1317706,0.0848614,4.459218,4.697188
Drew Smith,2032,38,RP,17755,0.1936386,0.08875787,4.1830072,4.5343413
Drew Smyly,2032,43,RP,11760,0.1333259,0.06916766,4.457337,5.0796328
Drew VerHagen,2032,41,RP,13424,0.13957776,0.07971852,4.4969125,5.020385
Drey Jameson,2032,34,RP,26260,0.20195863,0.09738989,4.1890225,4.451773
Duane Underwood Jr.,2032,37,RP,14677,0.17379446,0.092206165,4.198067,4.47123
Dylan Coleman,2032,35,RP,22276,0.20222202,0.10240163,4.219039,4.474427
Dylan Covey,2032,40,RP,14825,0.123844095,0.07208091,4.6583433,5.270734
Dylan Floro,2032,41,RP,13394,0.16215979,0.08308429,4.0674553,4.4173493
Dylan Lee,2032,37,RP,19996,0.19217092,0.080425985,4.0611496,4.3720083
Edwin Diaz,2032,38,RP,14710,0.24519292,0.111762114,4.0260506,4.249268
Eli Morgan,2032,36,RP,20203,0.20282671,0.08692004,4.0994225,4.4386463
Elieser Hernandez,2032,37,RP,16933,0.19195624,0.06847212,3.998804,4.327296
Elvis Peguero,2032,35,RP,21652,0.18800534,0.09568383,4.1945496,4.4754186
Emilio Pagan,2032,41,RP,14771,0.17498349,0.07729648,4.085279,4.4932837
Emmanuel Clase,2032,34,RP,21032,0.1953316,0.08629655,3.9782574,4.187259
Enyel De Los Santos,2032,36,RP,18403,0.20213157,0.094689175,4.173383,4.508741
Erasmo Ramirez,2032,42,RP,10314,0.10092075,0.047627725,4.5744915,5.274159
Eric Stout,2032,39,RP,16873,0.17349352,0.0940815,4.24568,4.495357
Erik Swanson,2032,38,RP,16587,0.20418905,0.0850112,4.0379906,4.38453
Evan Phillips,2032,37,RP,17734,0.20348571,0.08036901,3.9938858,4.245621
Felix Bautista,2032,37,RP,20666,0.22125868,0.10235368,4.1769595,4.464571
Fernando Cruz,2032,42,RP,7048,0.18646057,0.09016424,4.0708513,4.451872
Francisco Perez,2032,34,RP,21018,0.1929062,0.09875552,4.1680994,4.4599876
Gabe Speier,2032,37,RP,17170,0.18837342,0.08067158,4.0883884,4.4243526
Garrett Richards,2032,44,RP,9784,0.10866352,0.07070979,4.538493,5.171977
Garrett Whitlock,2032,36,RP,20191,0.19150057,0.07324541,3.968478,4.248162
Gavin Hollowell,2032,34,RP,25427,0.18787405,0.09678072,4.171309,4.432059
Genesis Cabrera,2032,35,RP,17490,0.20180881,0.09942085,4.203386,4.48219
George Soriano,2032,33,RP,21863,0.20798059,0.101848304,4.163121,4.4315715
Giovanny Gallegos,2032,40,RP,14986,0.1908511,0.078095086,3.9381218,4.356484
Grant Anderson,2032,35,RP,20546,0.18753879,0.095054395,4.2210574,4.5080523
Grant Hartwig,2032,34,RP,29946,0.19740392,0.09913835,4.204673,4.4989443
Greg Weissert,2032,37,RP,20375,0.1863944,0.09145592,4.206772,4.545842
Gregory Santos,2032,32,RP,21894,0.2013341,0.09862781,4.053421,4.3152685
Gregory Soto,2032,37,RP,19677,0.19565499,0.09656462,4.2000713,4.5157776
Griffin Jax,2032,37,RP,20253,0.18953395,0.083885096,4.130152,4.4997306
Gus Varland,2032,35,RP,24737,0.19372293,0.09943304,4.2020307,4.4820085
Hansel Robles,2032,41,RP,11801,0.16352962,0.09099562,4.2495027,4.494949
Hayden Wesneski,2032,34,RP,27581,0.20273297,0.094169885,4.177864,4.446172
Hector Neris,2032,43,RP,11804,0.1785591,0.08927418,4.1279078,4.4698896
Hirokazu Sawamura,2032,44,RP,27515,0.1427729,0.09058587,4.4071403,4.358597
Hobie Harris,2032,39,RP,18615,0.15420212,0.090953596,4.215256,4.2907286
Hoby Milner,2032,41,RP,13346,0.16672768,0.06707027,4.0681915,4.4395084
Huascar Brazoban,2032,42,RP,6107,0.16605215,0.09318848,4.305924,4.4440455
Hunter Harvey,2032,37,RP,15507,0.19579548,0.0833856,4.049002,4.3855133
Hunter Strickland,2032,43,RP,7836,0.14125055,0.0857201,4.3523445,4.587944
Ian Gibaut,2032,38,RP,17871,0.18431914,0.09117557,4.190451,4.5187373
Ian Hamilton,2032,37,RP,19261,0.19933963,0.093144104,4.158435,4.4738684
Ian Kennedy,2032,47,RP,6986,0.15661725,0.05003881,4.136314,4.498741
Isaiah Campbell,2032,34,RP,25551,0.2231376,0.10199365,4.1916184,4.402693
J.B. Wendelken,2032,39,RP,14506,0.17323527,0.09345842,4.2242494,4.4622054
J.P. Feyereisen,2032,39,RP,16610,0.17799509,0.09383393,4.2595954,4.4989157
JT Chargois,2032,41,RP,13767,0.1536265,0.08593209,4.2557483,4.549056
Jackson Kowar,2032,35,RP,21549,0.20010394,0.101440735,4.2795506,4.531981
Jacob Webb,2032,38,RP,19274,0.18398738,0.09425579,4.249924,4.550361
Jaime Barria,2032,35,RP,18356,0.16771527,0.08224831,4.3515368,4.602117
Jake Bird,2032,36,RP,21267,0.17256966,0.09076832,4.087489,4.3244634
Jake Diekman,2032,45,RP,5003,0.22424826,0.093133755,3.9520118,3.92117
Jake McGee,2032,45,RP,7550,0.12803592,0.06877562,4.336006,4.8759413
Jake Woodford,2032,35,RP,18674,0.16486444,0.08587504,4.3522716,4.6124377
Jakob Junis,2032,39,RP,13619,0.17466868,0.06797095,4.0515637,4.4872823
Jalen Beeks,2032,38,RP,17192,0.19355604,0.09030538,4.1486454,4.5392375
James Karinchak,2032,36,RP,20151,0.2300516,0.10084404,4.1719365,4.3136086
James McArthur,2032,35,RP,21527,0.19158493,0.083463736,4.066321,4.360922
James Norwood,2032,38,RP,16440,0.17673597,0.09236067,4.2224526,4.537849
Jandel Gustave,2032,39,RP,14665,0.16643809,0.08942201,4.2822695,4.595495
Jarlin Garcia,2032,39,RP,18282,0.16820097,0.08084716,4.22339,4.5612516
Jason Adam,2032,40,RP,11861,0.19871633,0.08630059,4.039164,4.3949876
Jason Alexander,2032,39,RP,19666,0.1324325,0.07773608,4.358753,4.6713552
Jason Foley,2032,36,RP,19531,0.17381078,0.087281704,4.097198,4.376798
Javier Assad,2032,34,RP,21741,0.19779557,0.09899106,4.217806,4.4710455
Javy Guerra,2032,36,RP,17292,0.1819521,0.09867624,4.2421713,4.45493
Jay Jackson,2032,44,RP,7432,0.16223907,0.08275282,4.258591,4.535354
Jeff Brigham,2032,40,RP,16631,0.18014903,0.084196664,4.1564407,4.5688686
Jeff Hoffman,2032,39,RP,17432,0.18899037,0.09148035,4.174639,4.547386
Jesse Chavez,2032,48,RP,5448,0.14192303,0.079977706,4.239708,4.541582
Jesse Scholtens,2032,38,RP,19205,0.13377428,0.074232295,4.4087744,4.7507234
Jesus Tinoco,2032,37,RP,16300,0.1744894,0.094889686,4.301351,4.4915385
Jharel Cotton,2032,40,RP,13654,0.15692885,0.086161524,4.382704,4.7605157
Jhoan Duran,2032,34,RP,21029,0.22404869,0.09244178,4.063979,4.198854
Jhony Brito,2032,34,RP,25386,0.1855481,0.09196374,4.227556,4.4762735
Jhoulys Chacin,2032,44,RP,2608,0.09135779,0.06601319,4.6641684,5.364781
Jimmy Cordero,2032,40,RP,15690,0.16385879,0.08319782,4.2671204,4.697349
Jimmy Herget,2032,38,RP,17556,0.17407703,0.07951718,4.1954646,4.5595236
Jimmy Lambert,2032,37,RP,19541,0.1869943,0.09382196,4.2422066,4.5577364
JoJo Romero,2032,35,RP,19574,0.21230483,0.094785355,4.131785,4.4479046
Joe Jacques,2032,37,RP,25178,0.15712747,0.08438109,4.199552,4.46838
Joe Jimenez,2032,37,RP,15761,0.21273614,0.08856912,4.0472665,4.384757
Joe Kelly,2032,44,RP,9761,0.19410573,0.098649465,4.15212,4.340625
Joe La Sorsa,2032,34,RP,25481,0.18549603,0.092263244,4.1875796,4.4531655
Joe Mantiply,2032,41,RP,14857,0.14894028,0.074269466,4.1522255,4.578316
Joe Smith,2032,48,RP,3281,0.08081046,0.060779355,4.7169704,5.4222684
Joel Payamps,2032,38,RP,14332,0.17936538,0.07828192,4.1642547,4.4770813
Joey Wentz,2032,34,RP,19962,0.19386694,0.096511945,4.2801085,4.584237
John Brebbia,2032,42,RP,12777,0.16233462,0.083196715,4.214647,4.6250687
John Curtiss,2032,39,RP,16128,0.17189758,0.08309321,4.24626,4.6363626
John King,2032,37,RP,22051,0.15118505,0.081483655,4.2206554,4.5004177
John Schreiber,2032,38,RP,20020,0.18764032,0.09291709,4.188756,4.5162683
Jonathan Hernandez,2032,35,RP,17464,0.20163141,0.09904281,4.1921015,4.4958572
Jonathan Loaisiga,2032,37,RP,19753,0.15776645,0.082280435,4.194434,4.473523
Jordan Balazovic,2032,33,RP,21866,0.18927073,0.097239956,4.21174,4.457805
Jordan Hicks,2032,35,RP,19618,0.20962675,0.105105534,4.187175,4.421133
Jordan Romano,2032,39,RP,16122,0.19524291,0.08936366,4.127693,4.483864
Jordan Weems,2032,39,RP,13190,0.18168655,0.088386394,4.211921,4.5891166
Jorge Lopez,2032,39,RP,14527,0.1494869,0.074807465,4.483539,5.016241
Jose A. Ferrer,2032,32,RP,24017,0.19136053,0.098655,4.159514,4.457008
Jose Alvarado,2032,37,RP,17780,0.21774794,0.111984804,4.2322245,4.41366
Jose Alvarez,2032,43,RP,5358,0.13770974,0.08495763,4.339131,4.5381994
Jose Cisnero,2032,43,RP,6399,0.15657054,0.08894277,4.294782,4.555103
Jose Cuas,2032,38,RP,17701,0.18066974,0.09559684,4.251955,4.4939775
Jose Hernandez,2032,34,RP,22318,0.21376768,0.10037383,4.159047,4.437001
Jose Leclerc,2032,38,RP,14524,0.19717105,0.096235245,4.2243476,4.53988
Jose Ruiz,2032,37,RP,14552,0.18786319,0.092445396,4.2357802,4.561862
Jose Soriano,2032,33,RP,22100,0.2336585,0.10423778,4.1177216,4.2127914
Jose Urquidy,2032,37,RP,18413,0.16134289,0.07952752,4.362661,4.7034116
Josh Hader,2032,38,RP,14212,0.24474975,0.098141655,4.015721,4.1674
Josh Rogers,2032,37,RP,18510,0.15053825,0.08342308,4.4189672,4.6939516
Josh Sborz,2032,38,RP,18323,0.20561811,0.09196057,4.115422,4.494559
Josh Staumont,2032,38,RP,18335,0.19217208,0.09945042,4.2273564,4.330688
Josh Taylor,2032,39,RP,17359,0.19218211,0.09035831,4.146028,4.5417333
Josh Winckowski,2032,34,RP,22387,0.17521875,0.091257475,4.169464,4.416226
Josh Winder,2032,35,RP,24606,0.16826971,0.08607501,4.2607408,4.5240817
Jovani Moran,2032,35,RP,20422,0.21916066,0.10720245,4.1580133,4.3295674
Julian Merryweather,2032,40,RP,16703,0.18492965,0.09154938,4.183371,4.546877
Junior Fernandez,2032,35,RP,18496,0.19318539,0.09901373,4.22553,4.5058565
Justin Bruihl,2032,35,RP,23779,0.182266,0.0936533,4.217109,4.4986887
Justin Garza,2032,38,RP,19784,0.17441125,0.09435081,4.2703533,4.5286613
Justin Grimm,2032,43,RP,11720,0.12035873,0.0843901,4.7025175,5.348627
Justin Lawrence,2032,37,RP,17639,0.1857146,0.09552509,4.069669,4.270838
Justin Topa,2032,41,RP,15145,0.15624957,0.0727912,4.117145,4.531111
Kaleb Ort,2032,40,RP,20061,0.14975221,0.082672805,4.303737,4.6792455
Keegan Akin,2032,37,RP,19362,0.18736207,0.08378722,4.1736145,4.56687
Keegan Thompson,2032,37,RP,19795,0.18754461,0.09637031,4.246527,4.5274577
Ken Waldichuk,2032,34,RP,27681,0.1986773,0.09801943,4.232421,4.5318837
Kendall Graveman,2032,41,RP,15514,0.16280143,0.09218491,4.3457065,4.519678
Kenley Jansen,2032,44,RP,3096,0.1775321,0.088021,4.071929,4.3832607
Kevin Ginkel,2032,38,RP,19876,0.18844786,0.090954006,4.170629,4.5297766
Kevin Kelly,2032,34,RP,25679,0.18331604,0.08969607,4.1010127,4.349319
Keynan Middleton,2032,38,RP,15264,0.19231485,0.08984397,4.181941,4.548574
Kirby Yates,2032,45,RP,9073,0.21410093,0.09471598,4.0250025,4.0178957
Kutter Crawford,2032,36,RP,20531,0.18995367,0.09140644,4.1720624,4.506713
Kyle Finnegan,2032,40,RP,15009,0.16666614,0.08341315,4.269209,4.627911
Kyle Muller,2032,34,RP,20167,0.19811906,0.099852346,4.2881145,4.602791
Kyle Nelson,2032,35,RP,20515,0.19696829,0.09519223,4.170827,4.4610615
Lane Ramsey,2032,35,RP,25071,0.18914807,0.09653258,4.1711717,4.4565406
Lou Trivino,2032,40,RP,15043,0.1745327,0.09193539,4.228632,4.5406375
Louie Varland,2032,34,RP,27691,0.1965611,0.09164361,4.1635633,4.432311
Louis Head,2032,42,RP,13259,0.14507268,0.08174747,4.2610035,4.582763
Lucas Erceg,2032,37,RP,19360,0.19607577,0.09940654,4.0969715,4.280148
Lucas Gilbreath,2032,36,RP,21290,0.19265908,0.09829752,4.1273212,4.343899
Lucas Sims,2032,38,RP,13470,0.20216079,0.09929439,4.235669,4.392545
Luis Frias,2032,34,RP,21997,0.18478122,0.09746594,4.136404,4.406944
Luis Garcia,2032,45,RP,6984,0.14117792,0.0805902,4.1885366,4.506428
Luis Medina,2032,33,RP,21649,0.20378828,0.102759704,4.2258263,4.5550795
Luke Jackson,2032,40,RP,11752,0.18559298,0.09009969,4.1552672,4.5330634
Manny Banuelos,2032,41,RP,5365,0.16137077,0.09230826,4.313122,4.5261226
Mark Leiter Jr.,2032,41,RP,15551,0.18059665,0.078515604,4.025381,4.4693084
Mark Melancon,2032,47,RP,4264,0.11342835,0.07551548,4.185955,4.2903714
Martin Perez,2032,41,RP,6902,0.1339422,0.07986825,4.4161515,4.7310667
Mason Englert,2032,32,RP,22288,0.17548096,0.08781969,4.2458043,4.4311647
Mason Thompson,2032,34,RP,21850,0.18818642,0.096619055,4.1828866,4.468888
Matt Barnes,2032,42,RP,12863,0.15844317,0.08952003,4.2695794,4.5229683
Matt Brash,2032,34,RP,25756,0.2484087,0.11696384,4.1583405,4.2401524
Matt Carasiti,2032,40,RP,13276,0.149433,0.08417593,4.1050215,4.321494
Matt Foster,2032,37,RP,19647,0.18832727,0.09108841,4.1935353,4.5494986
Matt Koch,2032,41,RP,13420,0.10809913,0.062216144,4.6013737,5.1398067
Matt Moore,2032,43,RP,1890,0.16217457,0.08473693,4.254709,4.561693
Matt Strahm,2032,40,RP,13799,0.1849973,0.07842622,3.9986954,4.4046884
Matt Wisler,2032,39,RP,12804,0.18497768,0.0817174,4.13299,4.4850373
Matthew Liberatore,2032,32,RP,22294,0.19117704,0.098438226,4.236194,4.543295
Mauricio Llovera,2032,36,RP,20080,0.18663993,0.09430995,4.2400427,4.548458
Michael Fulmer,2032,39,RP,13218,0.17978641,0.091004066,4.2312827,4.5784802
Michael Grove,2032,35,RP,23221,0.18975018,0.08939756,4.2354,4.556359
Michael King,2032,37,RP,19853,0.20774427,0.08788823,4.065646,4.402732
Michael Rucker,2032,38,RP,19454,0.1792293,0.08977641,4.239246,4.605205
Michael Tonkin,2032,42,RP,10315,0.16598196,0.07892057,4.202466,4.684204
Miguel Castro,2032,37,RP,15684,0.19030315,0.09524405,4.219918,4.532841
Mike Baumann,2032,36,RP,20206,0.1902217,0.0973052,4.2220335,4.498924
Nate Pearson,2032,35,RP,20160,0.20427032,0.09939839,4.202417,4.5173097
Nick Anderson,2032,41,RP,18337,0.19208434,0.086146586,3.9964855,4.4135213
Nick Martinez,2032,41,RP,12730,0.1458384,0.076886065,4.4492984,4.906408
Nick Mears,2032,35,RP,25376,0.19646904,0.09941821,4.2113223,4.480079
Nick Pivetta,2032,39,RP,15454,0.18624899,0.085562244,4.1401253,4.5473666
Nick Ramirez,2032,42,RP,12575,0.12499739,0.07376645,4.378038,4.811889
Nick Robertson,2032,33,RP,26226,0.21183409,0.10185802,4.1415963,4.4468575
Nick Sandlin,2032,35,RP,20517,0.21027328,0.09611754,4.191823,4.4850335
Nick Wittgren,2032,41,RP,15594,0.121572845,0.071036644,4.508545,5.049792
Noe Ramirez,2032,42,RP,12800,0.15008421,0.0874731,4.3317647,4.62269
Osvaldo Bido,2032,36,RP,23150,0.17610222,0.09072632,4.2270446,4.5375338
Paul Sewald,2032,42,RP,13892,0.19700977,0.09154545,4.018831,4.3998857
Pete Fairbanks,2032,38,RP,17998,0.21723819,0.09934424,4.1268063,4.429225
Peter Lambert,2032,35,RP,17969,0.13729069,0.07123346,4.3998847,4.685567
Peter Strzelecki,2032,37,RP,21367,0.1881976,0.091342986,4.1779056,4.5147705
Phil Bickford,2032,36,RP,18519,0.20685439,0.095523156,4.170727,4.502162
Phil Maton,2032,39,RP,18064,0.18814163,0.08718214,4.1429405,4.542629
Pierce Johnson,2032,41,RP,13435,0.1921273,0.09274172,4.120451,4.4932623
Rafael Montero,2032,41,RP,12760,0.17011188,0.08848703,4.202668,4.5645895
Raisel Iglesias,2032,42,RP,17130,0.18642336,0.083240695,3.9059412,4.324566
Ralph Garza,2032,38,RP,17682,0.17316961,0.09452048,4.293945,4.511809
Ray Kerr,2032,37,RP,23809,0.19505917,0.0887732,4.141859,4.4902954
Reynaldo Lopez,2032,38,RP,16400,0.19597147,0.09018817,4.165069,4.5221996
Richard Bleier,2032,45,RP,7803,0.095075786,0.06136784,4.225019,4.62476
Richard Lovelady,2032,36,RP,19337,0.20156497,0.09580835,4.1793914,4.517604
Roansy Contreras,2032,32,RP,22810,0.19359694,0.09948824,4.175534,4.4742937
Rob Zastryzny,2032,40,RP,15094,0.16773725,0.09332889,4.240471,4.4148135
Robert Garcia,2032,36,RP,23363,0.1974711,0.093453616,4.1657443,4.488486
Robert Stephenson,2032,39,RP,13594,0.20130365,0.0855152,4.0228195,4.416595
Robert Suarez,2032,41,RP,30115,0.17203093,0.08696716,4.1895313,4.524159
Ron Marinaccio,2032,36,RP,23488,0.20938063,0.09926405,4.223163,4.4955606
Ronel Blanco,2032,38,RP,19407,0.1768088,0.09045726,4.297398,4.5759244
Rony Garcia,2032,34,RP,20430,0.19225328,0.09402175,4.2489247,4.540494
Ross Detwiler,2032,46,RP,2859,0.102690846,0.05664936,4.6564765,5.440885
Ross Stripling,2032,42,RP,13273,0.11719928,0.039291482,4.4180045,5.0973177
Rowan Wick,2032,39,RP,14646,0.18476398,0.093476444,4.214024,4.5350914
Ryan Borucki,2032,38,RP,16350,0.1648577,0.074767955,4.249163,4.58282
Ryan Brasier,2032,44,RP,5615,0.1455213,0.07940342,4.1835127,4.582138
Ryan Helsley,2032,37,RP,18138,0.21461143,0.10484741,4.1936164,4.4784236
Ryan Pressly,2032,43,RP,7005,0.18143669,0.083455876,3.8987134,4.318775
Ryan Thompson,2032,40,RP,16647,0.15340619,0.07742625,4.2563453,4.6617875
Ryan Walker,2032,36,RP,20423,0.2087187,0.09127452,4.1311417,4.415853
Ryan Yarbrough,2032,40,RP,16502,0.11504634,0.04434626,4.49912,5.1005344
Ryne Stanek,2032,40,RP,15947,0.17744625,0.091927335,4.277751,4.571761
Sam Hentges,2032,35,RP,18548,0.21093917,0.09643433,4.1142807,4.4160457
Sam Long,2032,36,RP,25379,0.17762898,0.0924342,4.255975,4.5532165
Sam Moll,2032,40,RP,14874,0.17439753,0.092729986,4.2438264,4.5096784
Sam Selman,2032,41,RP,13397,0.15545005,0.08251615,4.3238406,4.739315
Sammy Peralta,2032,34,RP,25589,0.1999301,0.100407735,4.1732116,4.4539485
Scott Alexander,2032,42,RP,10591,0.121472664,0.07182525,4.2186823,4.557147
Scott Barlow,2032,39,RP,14993,0.18802328,0.09186052,4.149451,4.498438
Scott Effross,2032,38,RP,18384,0.19018635,0.08164568,4.073108,4.4393225
Scott McGough,2032,42,RP,12056,0.16990946,0.07575407,3.9686356,4.3890996
Sean Hjelle,2032,35,RP,21481,0.1975293,0.09658693,4.207003,4.534514
Sean Manaea,2032,40,RP,15873,0.17209221,0.077164054,4.124688,4.5919495
Sean Poppen,2032,38,RP,19583,0.17270431,0.09103676,4.2347636,4.544593
Seranthony Dominguez,2032,37,RP,19249,0.19311178,0.09202107,4.2028365,4.536317
Sergio Romo,2032,49,RP,9817,0.07788371,0.05981118,4.725965,5.647864
Seth Martinez,2032,37,RP,21045,0.18649712,0.092858694,4.204942,4.528483
Shawn Armstrong,2032,41,RP,12857,0.17052196,0.07290066,4.0407853,4.454191
Shelby Miller,2032,41,RP,10197,0.15605308,0.09563157,4.4245763,4.468188
Shintaro Fujinami,2032,38,RP,31839,0.1761502,0.09564116,4.289381,4.5516047
Steve Cishek,2032,46,RP,6483,0.13201718,0.086802565,4.53128,4.507594
Steven Matz,2032,41,RP,13361,0.15703131,0.06607645,4.1539755,4.6905684
Steven Okert,2032,40,RP,13580,0.1882254,0.08663368,4.134942,4.5145473
Steven Wilson,2032,37,RP,20353,0.19231588,0.091793545,4.210943,4.5330014
Tanner Banks,2032,40,RP,16990,0.15557493,0.08122427,4.255848,4.620811
Tanner Scott,2032,37,RP,17586,0.21212773,0.108839124,4.2113132,4.4504337
Tayler Saucedo,2032,39,RP,17888,0.16228704,0.08951809,4.225907,4.471296
Tayler Scott,2032,40,RP,13652,0.14298327,0.07862836,4.5094314,5.059015
Taylor Clarke,2032,39,RP,17611,0.17340155,0.07575358,4.185268,4.649697
Taylor Rogers,2032,41,RP,13449,0.19056341,0.09288771,4.0907145,4.4018555
Thad Ward,2032,35,RP,21513,0.19134623,0.09893729,4.273206,4.5516825
Thomas Hatch,2032,37,RP,19264,0.17862915,0.09348664,4.2478604,4.534552
Tim Herrin,2032,35,RP,25139,0.20778391,0.09845791,4.159241,4.4746785
Tim Hill,2032,42,RP,16814,0.11293735,0.07190743,4.4660783,4.885247
Tim Mayza,2032,40,RP,15042,0.17116052,0.079471976,4.144419,4.5284443
Tom Cosgrove,2032,36,RP,23443,0.18522021,0.091512136,4.187863,4.4438653
Tommy Doyle,2032,36,RP,21281,0.16686057,0.09005686,4.1233463,4.351175
Tommy Kahnle,2032,42,RP,11384,0.18485886,0.08856972,4.1078286,4.479467
Tommy Nance,2032,41,RP,19178,0.17321244,0.0856119,4.1684003,4.584098
Trent Thornton,2032,38,RP,17948,0.16532943,0.073794544,4.289357,4.6321993
Trevor Gott,2032,39,RP,15046,0.16996369,0.080784105,4.2161956,4.649411
Trevor May,2032,42,RP,6398,0.16220866,0.09040054,4.290361,4.505241
Trevor Megill,2032,38,RP,17722,0.20173194,0.09013811,4.084152,4.482581
Trevor Richards,2032,39,RP,19309,0.21698992,0.09902857,4.1494102,4.1923323
Trevor Stephan,2032,36,RP,19932,0.20716986,0.09157605,4.137388,4.467921
Trey Wingenter,2032,38,RP,17793,0.21156356,0.0973063,4.1342506,4.4986434
Tristan Beck,2032,36,RP,21584,0.1632081,0.07887277,4.2093115,4.4952135
Tucker Davidson,2032,36,RP,19871,0.17952494,0.09296868,4.2923503,4.6127315
Ty Blach,2032,41,RP,14361,0.098680384,0.061776012,4.561364,5.1069655
Tyler Alexander,2032,37,RP,17735,0.16325212,0.05780225,4.187591,4.5125446
Tyler Beede,2032,39,RP,16981,0.14954935,0.08246301,4.424638,4.8488626
Tyler Danish,2032,37,RP,15126,0.1621204,0.08408285,4.276306,4.5882816
Tyler Holton,2032,36,RP,26231,0.17881097,0.07641692,4.0773,4.2778955
Tyler Kinley,2032,41,RP,18297,0.151782,0.08096061,4.1629004,4.51542
Tyler Matzek,2032,41,RP,10058,0.17072023,0.10108835,4.453683,4.317443
Tyler Rogers,2032,41,RP,15541,0.14131452,0.07877703,4.219054,4.52913
Victor Arano,2032,37,RP,15915,0.19448969,0.08951187,4.1438713,4.508465
Victor Gonzalez,2032,36,RP,16408,0.19567437,0.09492997,4.179996,4.4973445
Wandy Peralta,2032,40,RP,14295,0.16368093,0.09356543,4.358054,4.499694
Will Smith,2032,42,RP,8048,0.16535786,0.0775164,4.162928,4.6003237
Will Vest,2032,37,RP,19769,0.19467364,0.09027185,4.1158967,4.4818807
Wily Peralta,2032,43,RP,7738,0.112194724,0.093040735,4.6951337,3.9047
Wyatt Mills,2032,37,RP,20010,0.17844301,0.09298418,4.2590303,4.5832925
Xzavion Curry,2032,33,RP,25595,0.17527904,0.09031399,4.225969,4.4326773
Yency Almonte,2032,38,RP,15068,0.18170327,0.092747696,4.2290516,4.55405
Yennier Cano,2032,38,RP,25911,0.17769645,0.08951668,4.1834226,4.530655
Yerry De Los Santos,2032,34,RP,21420,0.19547778,0.09935267,4.1539464,4.4306617
Yimi Garcia,2032,41,RP,12095,0.1741132,0.07489943,4.017089,4.4640822
Yohan Ramirez,2032,37,RP,19444,0.18424855,0.09354007,4.255018,4.5633063
Yonny Chirinos,2032,38,RP,16401,0.14476706,0.07196794,4.471619,4.8926125
Yunior Marte,2032,37,RP,14416,0.17541611,0.09155074,4.250339,4.5643835
Zach Jackson,2032,37,RP,19493,0.20159169,0.11313881,4.3198495,4.456981
Zach Thompson,2032,38,RP,16094,0.16584618,0.08965839,4.241776,4.518348
Zack Littell,2032,36,RP,15823,0.17342138,0.068827294,4.140025,4.413187
Zack Thompson,2032,34,RP,25918,0.20485513,0.099923,4.179778,4.4568605
Aaron Civale,2032,37,SP,19479,0.1835847,0.07140701,4.4681296,4.366126
Aaron Nola,2032,39,SP,16149,0.17200765,0.07978637,4.5321794,4.36947
Adam Wainwright,2032,50,SP,2233,0.0868365,0.044525325,4.6149206,4.7439685
Adrian Houser,2032,39,SP,12718,0.17795545,0.095445566,4.449106,4.5872445
Adrian Sampson,2032,40,SP,13339,0.15624118,0.060826596,4.5677423,4.303162
Alek Manoah,2032,34,SP,26410,0.18525748,0.08349359,4.5491905,4.52698
Alex Cobb,2032,44,SP,6562,0.13376549,0.07734616,4.6323595,4.6183095
Alex Faedo,2032,36,SP,19874,0.20147726,0.08899193,4.242564,4.4157352
Andrew Abbott,2032,33,SP,29911,0.21962735,0.083480865,4.239791,4.282032
Andrew Heaney,2032,41,SP,15423,0.15547793,0.07307649,4.6969843,4.321041
Anibal Sanchez,2032,48,SP,3284,0.1111921,0.06695109,4.8623066,4.6558447
Anthony DeSclafani,2032,42,SP,13050,0.13919817,0.064018816,4.5753827,4.3657274
Austin Gomber,2032,38,SP,16561,0.17954458,0.08319459,4.2590814,4.447742
Bailey Ober,2032,36,SP,21224,0.17880404,0.06000085,4.711571,4.3026857
Blake Snell,2032,39,SP,13543,0.20705517,0.08621336,3.6771882,3.865647
Bobby Miller,2032,33,SP,27483,0.21491615,0.07891669,4.1968207,4.250136
Brad Keller,2032,36,SP,15734,0.18383148,0.0912719,4.3716536,4.51769
Brady Singer,2032,35,SP,25377,0.20151545,0.08356893,4.3371625,4.4711747
Brandon Bielak,2032,36,SP,19866,0.20626618,0.09354234,4.231968,4.4085674
Brandon Pfaadt,2032,33,SP,27782,0.17537762,0.055829242,4.4035153,4.788758
Brandon Williamson,2032,34,SP,25463,0.1931846,0.079473,4.3547645,4.614393
Brandon Woodruff,2032,39,SP,16162,0.16789143,0.076677985,4.6482697,4.3273625
Braxton Garrett,2032,34,SP,21844,0.20549925,0.079057656,4.3618083,4.336029
Brayan Bello,2032,33,SP,23920,0.18728091,0.090170376,4.107817,4.2413692
Bryan Woo,2032,32,SP,30279,0.23645991,0.07720475,4.0476413,4.0935063
Bryce Elder,2032,33,SP,27779,0.19877872,0.09104897,4.426268,4.5748763
Bryce Miller,2032,33,SP,29837,0.18622221,0.057098243,4.4660115,4.5050077
Cal Quantrill,2032,37,SP,19312,0.19404942,0.0894351,4.2212043,4.4319754
Carlos Carrasco,2032,45,SP,6632,0.11737915,0.066248134,4.681296,4.467479
Carlos Rodon,2032,39,SP,16137,0.17706278,0.0888943,4.592247,4.490147
Charlie Morton,2032,48,SP,4676,0.111770004,0.03526035,4.472854,4.7843027
Chase Anderson,2032,44,SP,6895,0.12160948,0.067300975,4.7191653,4.359533
Chris Archer,2032,43,SP,6345,0.15623558,0.08151461,4.6006947,4.7340026
Chris Bassitt,2032,43,SP,12304,0.14386357,0.070207484,4.864661,4.352453
Chris Sale,2032,43,SP,10603,0.14136226,0.07870365,4.5828075,4.5511575
Clarke Schmidt,2032,36,SP,19899,0.19504811,0.08042384,4.5088034,4.3562474
Clayton Kershaw,2032,44,SP,2036,0.13929959,0.07570151,4.797541,4.5592475
Colin Rea,2032,41,SP,12317,0.15726703,0.08070167,4.6395917,4.444134
Corbin Burnes,2032,37,SP,19361,0.19149186,0.09241397,4.3829236,4.3441515
Cristian Javier,2032,35,SP,17606,0.1971421,0.07733567,4.581358,4.34113
Cristopher Sanchez,2032,35,SP,20778,0.19946904,0.08011871,4.459806,4.4149995
Daniel Lynch IV,2032,35,SP,21537,0.20580943,0.087608196,4.1911798,4.516172
Dean Kremer,2032,36,SP,19350,0.18741792,0.07137567,4.3166018,4.4833207
Domingo German,2032,39,SP,17149,0.15827902,0.05091472,4.595111,4.296549
Drew Rasmussen,2032,36,SP,25385,0.19801386,0.08847899,4.4253936,4.352411
Dustin May,2032,34,SP,19716,0.2067177,0.08371381,4.456742,4.4156585
Dylan Bundy,2032,39,SP,12917,0.14797118,0.04880818,4.3545475,4.4783554
Dylan Cease,2032,36,SP,18525,0.20463604,0.087600864,4.179107,4.219619
Eduardo Rodriguez,2032,39,SP,13164,0.1746973,0.08723226,4.5502124,4.431659
Edward Cabrera,2032,34,SP,21690,0.22637379,0.10492252,4.3695054,4.4609447
Emmet Sheehan,2032,32,SP,29839,0.24708465,0.0838194,3.9088738,4.0005207
Eric Lauer,2032,37,SP,19316,0.1816149,0.07283243,4.468581,4.376584
Erick Fedde,2032,39,SP,17425,0.1735966,0.08855963,4.453966,4.4710298
Eury Perez,2032,29,SP,27768,0.27665237,0.04887081,3.766352,3.4637122
Framber Valdez,2032,38,SP,17295,0.18149109,0.09219886,4.549904,4.4576454
Freddy Peralta,2032,36,SP,18679,0.19823489,0.07940793,4.2636976,4.177235
Gavin Williams,2032,32,SP,30122,0.21626332,0.082634635,4.4071994,4.3698144
George Kirby,2032,34,SP,25436,0.20254968,0.072793044,4.3116965,4.26053
Gerrit Cole,2032,41,SP,13125,0.15205756,0.08206308,4.6324906,4.4246597
Graham Ashcraft,2032,34,SP,27552,0.18435988,0.08473378,4.293398,4.6366267
Grayson Rodriguez,2032,32,SP,24492,0.24211973,0.07707193,3.8867621,3.935259
Griffin Canning,2032,36,SP,19867,0.1942849,0.07884871,4.412209,4.4021473
Humberto Castellanos,2032,34,SP,21183,0.19799194,0.0841704,4.2639627,4.643195
Hunter Brown,2032,33,SP,25880,0.23595458,0.0785267,3.9557087,3.9684632
Hunter Greene,2032,32,SP,22182,0.2520103,0.06783678,3.8316262,3.707182
Hyun-Jin Ryu,2032,45,SP,14444,0.12558728,0.06977212,4.746317,4.5087266
Ian Anderson,2032,34,SP,19951,0.205854,0.097630836,4.216529,4.3211894
J.P. France,2032,37,SP,21212,0.1861852,0.08382837,4.2756724,4.455933
JP Sears,2032,36,SP,23429,0.18324329,0.06604415,4.3420353,4.5197496
JT Brubaker,2032,38,SP,17578,0.18123794,0.08606564,4.4141626,4.414253
Jack Flaherty,2032,36,SP,17479,0.19864129,0.09641522,4.4285536,4.412486
Jacob deGrom,2032,44,SP,10954,0.13876043,0.082090154,4.042704,4.078813
Jake Irvin,2032,35,SP,21504,0.18662497,0.08549644,4.367238,4.5714903
Jake Odorizzi,2032,42,SP,6397,0.15143982,0.08123815,4.625742,4.5259786
James Paxton,2032,43,SP,11828,0.14326474,0.076859,4.6864915,4.4696054
Jameson Taillon,2032,40,SP,11674,0.15324733,0.057800546,4.5402436,4.3225927
Jared Shuster,2032,33,SP,27472,0.1693073,0.0898794,4.4329624,4.689078
Jesus Luzardo,2032,34,SP,19959,0.22440456,0.08200575,4.037132,4.0752707
Joan Adon,2032,33,SP,22925,0.20034593,0.09441875,4.296922,4.600816
Joe Musgrove,2032,39,SP,12970,0.16789225,0.07115396,4.7413626,4.2740626
Joe Ryan,2032,36,SP,21390,0.18500955,0.067848,4.6283674,4.3314095
Joey Lucchesi,2032,39,SP,19320,0.16910256,0.08115165,4.434659,4.4219313
Johan Oviedo,2032,34,SP,22487,0.21073554,0.0992734,4.3232927,4.451761
Jon Gray,2032,40,SP,14916,0.16250618,0.07540863,4.591656,4.3541737
Jordan Lyles,2032,41,SP,7593,0.13681363,0.045754757,4.5624456,4.3271055
Jordan Montgomery,2032,39,SP,16511,0.17201298,0.08055036,4.5699925,4.3684607
Jose Berrios,2032,38,SP,14168,0.17540789,0.06795721,4.530693,4.3198233
Jose Quintana,2032,43,SP,11423,0.16405372,0.07990242,4.437408,4.928908
Jose Urena,2032,40,SP,11589,0.16507797,0.07986581,4.5696945,4.3844395
Josiah Gray,2032,34,SP,24580,0.17416768,0.07849588,4.5900536,4.634602
Julio Urias,2032,35,SP,14765,0.18121417,0.057415914,4.7304854,4.2815113
Justin Dunn,2032,36,SP,19268,0.16468985,0.065789305,4.49711,4.578375
Justin Steele,2032,36,SP,17312,0.19617665,0.084937595,4.464875,4.3527956
Justin Verlander,2032,49,SP,8700,0.12492992,0.06250601,4.7821493,4.9096327
Kenta Maeda,2032,44,SP,18498,0.13028619,0.071398124,4.7035875,4.4562955
Kevin Gausman,2032,41,SP,14107,0.15760127,0.09484744,4.53432,4.556071
Kodai Senga,2032,39,SP,31838,0.1703417,0.083213806,4.6412234,4.374162
Kyle Bradish,2032,35,SP,24586,0.20422874,0.08641598,4.4567714,4.371299
Kyle Freeland,2032,39,SP,16256,0.1680899,0.07925829,4.294542,4.453749
Kyle Gibson,2032,44,SP,10123,0.12822685,0.07461406,4.589153,4.577709
Kyle Hendricks,2032,42,SP,12049,0.13697071,0.059313595,4.5696597,4.348528
Lance Lynn,2032,45,SP,2520,0.12520212,0.06543809,4.9336824,4.3778186
Lance McCullers Jr.,2032,38,SP,14120,0.18279436,0.09436298,4.582903,4.539545
Logan Allen,2032,33,SP,27589,0.20514353,0.076485306,4.4809623,4.414863
Logan Gilbert,2032,35,SP,22250,0.1894405,0.06785762,4.5808578,4.347209
Logan Webb,2032,35,SP,17995,0.19475988,0.07845067,4.259113,4.2772865
Lucas Giolito,2032,37,SP,15474,0.17870633,0.065170765,4.4062686,4.4060054
Luis Castillo,2032,39,SP,15689,0.17134929,0.078913234,4.712122,4.318357
Luis Cessa,2032,40,SP,13345,0.16119239,0.08820087,4.3180003,4.56699
Luis Garcia,2032,35,SP,23735,0.20548183,0.08419188,4.3266053,4.2838993
Luis L. Ortiz,2032,33,SP,27646,0.17565276,0.09304086,4.468279,4.6860633
Luis Severino,2032,38,SP,15890,0.16108085,0.048469674,4.53213,4.381344
Luke Weaver,2032,38,SP,16918,0.15707082,0.053223982,4.306311,4.5212917
MacKenzie Gore,2032,33,SP,22201,0.22991356,0.09612852,4.1167665,4.3107057
Marco Gonzales,2032,40,SP,15467,0.15852055,0.06199134,4.6916356,4.2441025
Marcus Stroman,2032,41,SP,13431,0.170763,0.085842855,4.533757,4.6544085
Matt Manning,2032,34,SP,20369,0.19893177,0.082871735,4.288272,4.642599
Matthew Boyd,2032,41,SP,15440,0.14848849,0.06996075,4.4951005,4.4014325
Max Fried,2032,38,SP,13743,0.17869475,0.08426799,4.5122075,4.368407
Max Scherzer,2032,47,SP,3137,0.13252856,0.065594405,4.7030272,4.7808266
Merrill Kelly,2032,43,SP,11156,0.1616676,0.0764434,4.5960712,4.6418405
Michael Kopech,2032,36,SP,17282,0.16019261,0.08058442,4.5074873,4.6593466
Michael Lorenzen,2032,40,SP,14843,0.1702855,0.09418704,4.45444,4.6854115
Michael Pineda,2032,43,SP,5372,0.12577039,0.050282165,4.6418247,4.305102
Michael Wacha,2032,40,SP,14078,0.163296,0.07363117,4.691848,4.2980185
Mike Clevinger,2032,41,SP,12808,0.15826945,0.0780537,4.7176156,4.3732433
Mike Minor,2032,44,SP,10021,0.12904678,0.06945136,4.7339168,4.4372826
Miles Mikolas,2032,43,SP,9803,0.12646995,0.056362875,4.5791197,4.3621135
Mitch Keller,2032,36,SP,17594,0.19872555,0.08990142,4.4526076,4.3790026
Nathan Eovaldi,2032,42,SP,9132,0.15744568,0.082195945,4.609867,4.5808797
Nestor Cortes,2032,37,SP,17874,0.1812948,0.06973915,4.714045,4.262139
Nick Lodolo,2032,34,SP,26378,0.21466245,0.0773254,4.202449,4.149315
Noah Syndergaard,2032,39,SP,11762,0.14632364,0.04764681,4.3504934,4.492975
Pablo Lopez,2032,36,SP,17085,0.19625703,0.084133506,4.364138,4.289288
Patrick Corbin,2032,42,SP,9323,0.13921303,0.06616315,4.599403,4.3759365
Patrick Sandoval,2032,35,SP,19447,0.19794753,0.09965024,4.27405,4.417722
Paul Blackburn,2032,38,SP,14739,0.18147501,0.09109446,4.421679,4.4632835
Quinn Priester,2032,31,SP,25977,0.18161784,0.08525436,4.3892283,4.673504
Ranger Suarez,2032,36,SP,17277,0.20182815,0.0983676,4.356259,4.4316874
Reese Olson,2032,32,SP,24968,0.23290604,0.07433116,4.040872,4.0504975
Reid Detmers,2032,32,SP,27468,0.25539955,0.0814556,3.7717168,3.79441
Rich Hill,2032,52,SP,4806,0.08681156,0.02860771,4.7464437,4.7858067
Ryan Feltner,2032,35,SP,21446,0.1874338,0.09112841,4.2495856,4.495891
Ryan Weathers,2032,32,SP,23796,0.18891159,0.076711535,4.3555145,4.8309765
Ryne Nelson,2032,34,SP,26253,0.18411443,0.0770011,4.318565,4.7210264
Sandy Alcantara,2032,36,SP,18684,0.19565892,0.08275948,4.410572,4.412902
Seth Lugo,2032,42,SP,12447,0.14878461,0.07313172,4.7678924,4.3545904
Shane Bieber,2032,37,SP,19427,0.18967672,0.0886796,4.4626255,4.4062386
Shane McClanahan,2032,35,SP,21483,0.20705865,0.08562492,4.2812757,4.271824
Shohei Ohtani,2032,37,SP,19755,0.1891827,0.07979414,4.348918,4.203307
Sonny Gray,2032,42,SP,12768,0.1494468,0.094852485,4.563224,4.696343
Spencer Strider,2032,33,SP,27498,0.2855763,0.05637396,3.1627238,2.8474998
Spencer Turnbull,2032,39,SP,16207,0.17484455,0.09485251,4.4885464,4.595315
Taijuan Walker,2032,39,SP,11836,0.17587397,0.091237254,4.4860134,4.4953413
Taj Bradley,2032,31,SP,22543,0.2554252,0.07432409,3.8326302,3.8942223
Tanner Bibee,2032,33,SP,30134,0.2123085,0.079016484,4.2953334,4.2898474
Tanner Houck,2032,36,SP,19879,0.20145378,0.09685857,4.387176,4.416719
Tarik Skubal,2032,35,SP,22267,0.20176181,0.07631485,4.308066,4.2041874
Tommy Henry,2032,34,SP,26285,0.19859815,0.08876009,4.341959,4.596569
Tony Gonsolin,2032,38,SP,19388,0.18245962,0.07939015,4.5084677,4.3156376
Touki Toussaint,2032,36,SP,16929,0.18477868,0.09305032,4.4181952,4.5052876
Trevor Williams,2032,40,SP,16977,0.14721632,0.043445673,4.737522,4.228383
Tyler Anderson,2032,42,SP,12880,0.15852493,0.083636634,4.5904994,4.6605387
Tyler Glasnow,2032,38,SP,14374,0.1815878,0.08385479,4.297286,4.228794
Tyler Wells,2032,37,SP,20000,0.15941986,0.040188547,4.8814497,4.248801
Tylor Megill,2032,36,SP,21318,0.19423361,0.08154759,4.228472,4.4697075
Vince Velasquez,2032,40,SP,11189,0.16468312,0.08812413,4.4697266,4.527122
Vladimir Gutierrez,2032,36,SP,19278,0.2047319,0.09178708,4.205333,4.4205747
Wade Miley,2032,45,SP,8779,0.13928433,0.07202702,4.6623836,4.647737
Walker Buehler,2032,37,SP,19374,0.18785162,0.08357193,4.52135,4.375125
Yu Darvish,2032,45,SP,13074,0.13462678,0.07552226,4.58521,4.7774315
Yusei Kikuchi,2032,41,SP,20633,0.121349916,0.0619764,4.8965764,4.3358335
Zac Gallen,2032,36,SP,19291,0.19610384,0.084969096,4.3895965,4.3144135
Zach Davies,2032,39,SP,13183,0.17433642,0.09473871,4.4905663,4.5688996
Zach Eflin,2032,38,SP,13774,0.17226537,0.07044013,4.489529,4.3740053
Zack Greinke,2032,48,SP,1943,0.08950248,0.04988458,4.7890406,4.4230394
Zack Wheeler,2032,42,SP,10310,0.14192002,0.08576282,4.5584445,4.509194
A.J. Minter,2033,39,RP,18655,0.19702208,0.09139221,4.063657,4.4550714
A.J. Puk,2033,38,RP,19343,0.19782151,0.083717614,4.05679,4.4300957
Aaron Ashby,2033,35,RP,23550,0.21033357,0.097884364,4.1650996,4.476425
Aaron Bummer,2033,39,RP,16258,0.20811681,0.098929055,4.161366,4.1794925
Aaron Loup,2033,45,RP,10343,0.12981097,0.079788916,4.244598,4.5180664
Aaron Sanchez,2033,40,RP,11490,0.12011118,0.069796,4.6548905,5.2606907
Abner Uribe,2033,33,RP,25327,0.23455282,0.10547863,4.073098,4.1172094
Adam Cimber,2033,42,RP,15288,0.122898646,0.07281766,4.378307,4.7811384
Adam Ottavino,2033,47,RP,1247,0.14176978,0.08421862,4.343997,4.5987625
Adbert Alzolay,2033,38,RP,17859,0.19605306,0.07991312,4.0209513,4.377621
Adrian Martinez,2033,36,RP,21023,0.17605269,0.08648298,4.28926,4.627641
Albert Abreu,2033,37,RP,17485,0.18593907,0.09568019,4.240142,4.5322685
Alec Marsh,2033,35,RP,27451,0.20384777,0.09981056,4.200964,4.4960036
Alex Lange,2033,37,RP,19883,0.20031242,0.09794074,4.2285166,4.5168276
Alex Vesia,2033,37,RP,25007,0.20559585,0.0915532,4.148091,4.4879875
Alex Wood,2033,42,RP,13781,0.1415036,0.08155244,4.289889,4.660112
Alex Young,2033,39,RP,18333,0.15340103,0.08324517,4.3626924,4.731534
Alexis Diaz,2033,36,RP,21132,0.21068466,0.10080595,4.218958,4.4381914
Amir Garrett,2033,41,RP,14375,0.1704995,0.09563348,4.319623,4.3957443
Amos Willingham,2033,34,RP,26128,0.16565554,0.08499811,4.3017206,4.525417
Andre Jackson,2033,37,RP,21298,0.18044066,0.093026556,4.2306943,4.532867
Andre Pallante,2033,34,RP,26108,0.17760898,0.09406902,4.1791415,4.4185367
Andres Machado,2033,40,RP,14681,0.14552447,0.07840014,4.402726,4.824926
Andres Munoz,2033,34,RP,20373,0.23428386,0.10103124,4.1119885,4.2892046
Andrew Bellatti,2033,41,RP,10657,0.1700412,0.08965828,4.239282,4.567516
Andrew Chafin,2033,43,RP,12988,0.1630338,0.089008085,4.2278204,4.5083675
Andrew Nardi,2033,34,RP,25942,0.21403128,0.10168607,4.176277,4.4535666
Andrew Vasquez,2033,39,RP,19482,0.16352038,0.08999427,4.241537,4.482543
Andrew Wantz,2033,37,RP,24933,0.18892469,0.092665106,4.2056847,4.536285
Angel Perdomo,2033,39,RP,17759,0.20562766,0.098220386,4.177298,4.3074265
Angel Zerpa,2033,33,RP,22717,0.17985338,0.092172764,4.179547,4.4154005
Anthony Bass,2033,45,RP,7982,0.13471387,0.082583144,4.394656,4.653773
Anthony Bender,2033,38,RP,19742,0.18404111,0.0896236,4.185943,4.5340905
Anthony Gose,2033,42,RP,5097,0.16888283,0.08621293,4.1803465,4.511637
Aroldis Chapman,2033,45,RP,10233,0.25371352,0.09496958,3.6488717,3.7229548
Art Warren,2033,40,RP,18251,0.17994964,0.092493005,4.1866646,4.4876924
Austin Adams,2033,42,RP,13801,0.17505339,0.09178439,4.2232213,4.537337
Austin Cox,2033,36,RP,24604,0.19258621,0.098102175,4.166146,4.426848
Austin Davis,2033,40,RP,17117,0.16934417,0.091953956,4.2554317,4.535528
Austin Pruitt,2033,43,RP,15290,0.10916731,0.06463578,4.5036416,5.0214367
Austin Voth,2033,41,RP,15047,0.13945681,0.07272051,4.443323,5.01823
Bailey Falter,2033,36,RP,20070,0.17024587,0.074431226,4.235743,4.550466
Beau Brieske,2033,35,RP,26079,0.1750432,0.089732684,4.242527,4.5018935
Ben Heller,2033,41,RP,15100,0.15473066,0.09065695,4.316847,4.4773784
Ben Lively,2033,41,RP,14932,0.1290395,0.06868038,4.521329,5.1296053
Blake Taylor,2033,37,RP,16418,0.18257388,0.096535556,4.227383,4.465586
Bowden Francis,2033,37,RP,20548,0.18632004,0.08025887,4.1134,4.399198
Brad Boxberger,2033,45,RP,10133,0.13943629,0.08632996,4.400472,4.593236
Brad Hand,2033,43,RP,9111,0.14724106,0.08687763,4.2837586,4.5263567
Brendan White,2033,34,RP,26024,0.20673454,0.10051615,4.1518736,4.455438
Brennan Bernardino,2033,41,RP,16835,0.16009125,0.07901676,4.0917616,4.462499
Brent Honeywell,2033,38,RP,16466,0.16065188,0.08674488,4.3196545,4.621634
Brent Suter,2033,43,RP,13942,0.1301877,0.07637133,4.0509276,4.2406526
Brett Martin,2033,38,RP,17369,0.16864486,0.090306126,4.203192,4.478738
Brock Burke,2033,36,RP,17968,0.19090846,0.07891749,4.0977225,4.372461
Brock Stewart,2033,41,RP,16727,0.17813993,0.08457182,4.1344786,4.528489
Brooks Raley,2033,45,RP,10061,0.1541986,0.08501304,4.2208223,4.541053
Brusdar Graterol,2033,34,RP,20367,0.18615194,0.09240719,4.119129,4.3605223
Bryan Abreu,2033,36,RP,16609,0.21958943,0.100575894,4.1865816,4.453596
Bryan Baker,2033,38,RP,19804,0.18968017,0.0945988,4.179038,4.485474
Bryan Hoeing,2033,36,RP,26304,0.15539718,0.08015009,4.380099,4.706682
Bryan Shaw,2033,45,RP,8110,0.11778049,0.079948835,4.439062,4.805629
Bryse Wilson,2033,35,RP,19990,0.17610686,0.08778246,4.266122,4.5374136
Buck Farmer,2033,42,RP,14814,0.14883426,0.0863138,4.3100877,4.5979557
Caleb Ferguson,2033,36,RP,19349,0.20111181,0.094117604,4.1791654,4.504212
Caleb Smith,2033,41,RP,14875,0.15539548,0.09068265,4.39117,4.569547
Caleb Thielbar,2033,46,RP,10078,0.15936594,0.07952312,4.019599,4.3998456
Calvin Faucher,2033,37,RP,20116,0.1768487,0.09190749,4.2586055,4.5797753
Camilo Doval,2033,35,RP,21992,0.21379188,0.09643603,4.135693,4.4114623
Carl Edwards Jr.,2033,41,RP,13607,0.15777631,0.091195844,4.2860236,4.461987
Carlos Estevez,2033,40,RP,14542,0.16936818,0.08989067,4.247836,4.5742645
Carlos Hernandez,2033,36,RP,22713,0.19083479,0.09755839,4.223086,4.5227165
Carmen Mlodzinski,2033,34,RP,27572,0.20204332,0.09981848,4.171771,4.4326563
Casey Lawrence,2033,45,RP,11121,0.057456736,0.052454595,5.011008,6.0754886
Chad Kuhl,2033,40,RP,14975,0.15127365,0.090157285,4.414484,4.6978455
Chase Silseth,2033,33,RP,30074,0.20406339,0.10199783,4.173348,4.4674964
Chasen Shreve,2033,42,RP,10855,0.1462303,0.077165335,4.324135,4.801543
Chris Devenski,2033,42,RP,12763,0.13556536,0.057890628,4.3020463,4.9907346
Chris Flexen,2033,38,RP,13896,0.14112261,0.07275448,4.512676,4.9619665
Chris Martin,2033,47,RP,11847,0.13300359,0.06642638,3.9097505,4.2926025
Chris Murphy,2033,35,RP,26214,0.19323432,0.09673874,4.1382365,4.427365
Chris Stratton,2033,42,RP,13761,0.1534969,0.0839141,4.1946697,4.5370417
Cionel Perez,2033,37,RP,19614,0.18552771,0.09648795,4.204842,4.4506903
Clay Holmes,2033,40,RP,13649,0.17868173,0.090081275,4.1386333,4.470025
Cody Bolton,2033,35,RP,23265,0.19251332,0.09864689,4.1662555,4.445094
Cody Bradford,2033,35,RP,27597,0.1820694,0.085005075,4.1902018,4.4846783
Cole Irvin,2033,39,RP,19244,0.1444532,0.06834866,4.3775992,4.8429093
Cole Ragans,2033,35,RP,21846,0.19935086,0.09864243,4.1656485,4.4569035
Cole Sands,2033,35,RP,21461,0.19187215,0.09751819,4.1957912,4.485474
Colin Holderman,2033,37,RP,22361,0.18413737,0.09461294,4.162966,4.43553
Colin Poche,2033,39,RP,19403,0.18178147,0.087926164,4.2003827,4.5713677
Colin Selby,2033,35,RP,24986,0.25461066,0.087556556,3.5965662,3.7968106
Collin McHugh,2033,46,RP,7531,0.13031814,0.07712033,4.2146993,4.5389323
Collin Snider,2033,37,RP,23307,0.1607208,0.088328734,4.21512,4.4686155
Connor Brogdon,2033,38,RP,21205,0.17710568,0.089185804,4.222927,4.566354
Connor Seabold,2033,37,RP,19695,0.14901654,0.07279329,4.512103,4.9503307
Corey Kluber,2033,47,RP,2429,0.072869234,0.05567183,4.678598,5.557747
Corey Knebel,2033,41,RP,15010,0.17144467,0.09353932,4.274187,4.4934626
Cory Abbott,2033,37,RP,20277,0.18103024,0.091163374,4.270378,4.6126914
Craig Kimbrel,2033,45,RP,6655,0.18335597,0.09226655,4.1547475,4.322768
Craig Stammen,2033,49,RP,7274,0.10276909,0.062072296,4.4796157,5.068271
DL Hall,2033,34,RP,22207,0.2127606,0.09945075,4.1407743,4.4267654
Dakota Hudson,2033,38,RP,19206,0.15320915,0.08703638,4.272753,4.519096
Dane Dunning,2033,38,RP,19409,0.16800207,0.0882669,4.264818,4.590175
Daniel Bard,2033,48,RP,7115,0.12463243,0.08575286,4.4266124,4.1696477
Daniel Duarte,2033,36,RP,17480,0.18265519,0.09712408,4.229042,4.4559126
Daniel Palencia,2033,33,RP,27914,0.2263819,0.100126095,4.095171,4.283517
Danny Coulombe,2033,43,RP,13293,0.15321888,0.08134646,4.1758237,4.527976
Dany Jimenez,2033,39,RP,21170,0.17654388,0.09518705,4.252973,4.4665146
Darren O'Day,2033,50,RP,3321,0.13162917,0.0795874,4.3478484,4.5707264
Dauri Moreta,2033,37,RP,21101,0.1950834,0.0904949,4.1657825,4.516205
David Bednar,2033,38,RP,19569,0.19497819,0.08895587,4.07618,4.4287395
David Peterson,2033,37,RP,20302,0.20009075,0.09457949,4.180446,4.521735
David Phelps,2033,46,RP,6316,0.15016496,0.084192894,4.2299547,4.4936395
David Price,2033,47,RP,3184,0.112497166,0.07011099,4.491367,5.065986
David Robertson,2033,48,RP,8241,0.15851298,0.08453198,4.1983347,4.4165473
Derek Law,2033,42,RP,13133,0.14265428,0.0874643,4.3143606,4.4806676
Devin Williams,2033,38,RP,15816,0.23143949,0.09948339,4.1013083,4.152902
Dillon Peters,2033,40,RP,18790,0.1422027,0.08203601,4.390778,4.76179
Dillon Tate,2033,39,RP,17796,0.15870966,0.08283624,4.254577,4.6165485
Dinelson Lamet,2033,40,RP,17186,0.1924971,0.0957649,4.1529884,4.352486
Domingo Tapia,2033,41,RP,12178,0.16081364,0.094654165,4.3183556,4.379503
Dominic Leone,2033,41,RP,13763,0.15574169,0.08829078,4.3719754,4.6092286
Drew Hutchison,2033,42,RP,10732,0.12685925,0.08360569,4.4365444,4.6739473
Drew Smith,2033,39,RP,17755,0.1842804,0.08827149,4.204047,4.5732427
Drew Smyly,2033,44,RP,11760,0.12336805,0.06902227,4.4747505,5.110734
Drew VerHagen,2033,42,RP,13424,0.13136879,0.078495584,4.492342,5.018017
Drey Jameson,2033,35,RP,26260,0.19616616,0.09615481,4.196952,4.482482
Duane Underwood Jr.,2033,38,RP,14677,0.16855466,0.09105661,4.2019114,4.4619374
Dylan Coleman,2033,36,RP,22276,0.1959172,0.100229345,4.218464,4.462362
Dylan Covey,2033,41,RP,14825,0.115848236,0.0704977,4.6496754,5.283985
Dylan Floro,2033,42,RP,13394,0.15473482,0.08250951,4.0987115,4.424602
Dylan Lee,2033,38,RP,19996,0.18407626,0.0810326,4.095794,4.4467854
Edwin Diaz,2033,39,RP,14710,0.2559013,0.09622234,3.9003708,4.0844655
Eli Morgan,2033,37,RP,20203,0.19431087,0.08661384,4.125385,4.4943175
Elieser Hernandez,2033,38,RP,16933,0.18403704,0.069612145,4.0354548,4.409483
Elvis Peguero,2033,36,RP,21652,0.18298818,0.094396494,4.1978393,4.479841
Emilio Pagan,2033,42,RP,14771,0.16549791,0.07804816,4.1252346,4.543514
Emmanuel Clase,2033,35,RP,21032,0.19075453,0.08677742,4.0225286,4.2798367
Enyel De Los Santos,2033,37,RP,18403,0.19324252,0.09361021,4.1875567,4.526886
Erasmo Ramirez,2033,43,RP,10314,0.09203664,0.0480726,4.597072,5.3368216
Eric Stout,2033,40,RP,16873,0.16659725,0.09252982,4.252516,4.482859
Erik Swanson,2033,39,RP,16587,0.1943343,0.08526622,4.073435,4.454702
Evan Phillips,2033,38,RP,17734,0.19462463,0.08091835,4.0325103,4.3449025
Felix Bautista,2033,38,RP,20666,0.20991044,0.09999628,4.18948,4.4985924
Fernando Cruz,2033,43,RP,7048,0.17583963,0.088783115,4.112766,4.459726
Francisco Perez,2033,35,RP,21018,0.18887115,0.09723435,4.1722364,4.457105
Gabe Speier,2033,38,RP,17170,0.18055719,0.081168234,4.119975,4.48751
Garrett Richards,2033,45,RP,9784,0.10064986,0.069446966,4.5347247,5.1655407
Garrett Whitlock,2033,37,RP,20191,0.18448398,0.074264854,4.011012,4.338449
Gavin Hollowell,2033,35,RP,25427,0.18473803,0.09568035,4.17557,4.4384007
Genesis Cabrera,2033,36,RP,17490,0.19430706,0.09744324,4.2110443,4.511516
George Soriano,2033,34,RP,21863,0.20377,0.10020372,4.1717033,4.453707
Giovanny Gallegos,2033,41,RP,14986,0.18096958,0.0791513,3.9885788,4.4201665
Grant Anderson,2033,36,RP,20546,0.18219902,0.09378146,4.2213607,4.5123534
Grant Hartwig,2033,35,RP,29946,0.19213118,0.09751285,4.205741,4.501968
Greg Weissert,2033,38,RP,20375,0.17872171,0.09040149,4.2176437,4.5582285
Gregory Santos,2033,33,RP,21894,0.19921415,0.09831715,4.0850945,4.356619
Gregory Soto,2033,38,RP,19677,0.18703279,0.09541236,4.210472,4.492768
Griffin Jax,2033,38,RP,20253,0.18139377,0.08395771,4.15678,4.5460443
Gus Varland,2033,36,RP,24737,0.18809092,0.097716086,4.2031956,4.471248
Hansel Robles,2033,42,RP,11801,0.1561983,0.08946356,4.261595,4.4888053
Hayden Wesneski,2033,35,RP,27581,0.19644375,0.09318791,4.189899,4.4893513
Hector Neris,2033,44,RP,11804,0.16820534,0.08762364,4.165494,4.486932
Hirokazu Sawamura,2033,45,RP,27515,0.13559566,0.08857735,4.4103913,4.3690276
Hobie Harris,2033,40,RP,18615,0.15069339,0.08981087,4.2199993,4.2917094
Hoby Milner,2033,42,RP,13346,0.15781184,0.06901607,4.1120305,4.5196853
Huascar Brazoban,2033,43,RP,6107,0.15775834,0.09129352,4.3197536,4.456178
Hunter Harvey,2033,38,RP,15507,0.18745662,0.08369821,4.0836654,4.4510856
Hunter Strickland,2033,44,RP,7836,0.13437025,0.08434352,4.3545923,4.5802546
Ian Gibaut,2033,39,RP,17871,0.17612566,0.09030004,4.2077055,4.533818
Ian Hamilton,2033,38,RP,19261,0.19042923,0.09211038,4.1773953,4.5090384
Ian Kennedy,2033,48,RP,6986,0.14506096,0.05393534,4.178257,4.60333
Isaiah Campbell,2033,35,RP,25551,0.21599433,0.098550215,4.188856,4.46056
J.B. Wendelken,2033,40,RP,14506,0.16635154,0.09208709,4.235409,4.4605722
J.P. Feyereisen,2033,40,RP,16610,0.17036045,0.09225284,4.2680635,4.5093637
JT Chargois,2033,42,RP,13767,0.14680989,0.084931836,4.265019,4.5442533
Jackson Kowar,2033,36,RP,21549,0.19112271,0.09933248,4.2806277,4.568447
Jacob Webb,2033,39,RP,19274,0.17588973,0.09286975,4.2577696,4.551843
Jaime Barria,2033,36,RP,18356,0.16319911,0.08188282,4.3493905,4.6443505
Jake Bird,2033,37,RP,21267,0.1694473,0.09012054,4.103438,4.334267
Jake Diekman,2033,46,RP,5003,0.19904187,0.102130175,4.11289,4.214228
Jake McGee,2033,46,RP,7550,0.11866506,0.06886455,4.361045,4.901086
Jake Woodford,2033,36,RP,18674,0.16112316,0.085166536,4.3414035,4.6305013
Jakob Junis,2033,40,RP,13619,0.16620195,0.069641195,4.0942345,4.55633
Jalen Beeks,2033,39,RP,17192,0.18392475,0.089785405,4.174592,4.558346
James Karinchak,2033,37,RP,20151,0.20754355,0.10626177,4.2662654,4.4593544
James McArthur,2033,36,RP,21527,0.18557253,0.08370138,4.0977015,4.424683
James Norwood,2033,39,RP,16440,0.16977204,0.09104875,4.2291913,4.5270386
Jandel Gustave,2033,40,RP,14665,0.15941256,0.088304155,4.2853365,4.5897675
Jarlin Garcia,2033,40,RP,18282,0.16042319,0.08100746,4.2430177,4.6009994
Jason Adam,2033,41,RP,11861,0.18810463,0.086293675,4.078957,4.453174
Jason Alexander,2033,40,RP,19666,0.12805468,0.07721294,4.3486557,4.667411
Jason Foley,2033,37,RP,19531,0.16955341,0.087052524,4.115935,4.3985114
Javier Assad,2033,35,RP,21741,0.19279936,0.09753181,4.2186737,4.488013
Javy Guerra,2033,37,RP,17292,0.17752598,0.09707011,4.237317,4.432209
Jay Jackson,2033,45,RP,7432,0.15225825,0.082198404,4.2888966,4.578199
Jeff Brigham,2033,41,RP,16631,0.17065653,0.08407763,4.1867914,4.5976233
Jeff Hoffman,2033,40,RP,17432,0.17972614,0.090335704,4.1966176,4.560401
Jesse Chavez,2033,49,RP,5448,0.13167773,0.0781987,4.2727284,4.562883
Jesse Scholtens,2033,39,RP,19205,0.12916023,0.07392384,4.4020925,4.766822
Jesus Tinoco,2033,38,RP,16300,0.16901906,0.09350006,4.293762,4.4924736
Jharel Cotton,2033,41,RP,13654,0.14928204,0.08506469,4.380787,4.7566156
Jhoan Duran,2033,35,RP,21029,0.21605925,0.09136962,4.0909185,4.3129587
Jhony Brito,2033,35,RP,25386,0.1815762,0.09130102,4.2305493,4.5050764
Jhoulys Chacin,2033,45,RP,2608,0.08371064,0.06441983,4.651552,5.3597326
Jimmy Cordero,2033,41,RP,15690,0.15543658,0.08270059,4.2831106,4.704465
Jimmy Herget,2033,39,RP,17556,0.16635412,0.079880044,4.218623,4.6065116
Jimmy Lambert,2033,38,RP,19541,0.17913501,0.09253733,4.248351,4.564326
JoJo Romero,2033,36,RP,19574,0.20313558,0.0937085,4.1540422,4.496884
Joe Jacques,2033,38,RP,25178,0.15319796,0.08399425,4.202843,4.473249
Joe Jimenez,2033,38,RP,15761,0.20271784,0.08822202,4.076659,4.452496
Joe Kelly,2033,45,RP,9761,0.18485281,0.092902385,4.157923,4.2378106
Joe La Sorsa,2033,35,RP,25481,0.18182482,0.09163766,4.194871,4.4770727
Joe Mantiply,2033,42,RP,14857,0.14145438,0.07460591,4.179928,4.5986714
Joe Smith,2033,49,RP,3281,0.071238264,0.05968836,4.7157245,5.4486365
Joel Payamps,2033,39,RP,14332,0.17130962,0.07902143,4.1917853,4.5446415
Joey Wentz,2033,35,RP,19962,0.18817157,0.094858624,4.27279,4.5879455
John Brebbia,2033,43,RP,12777,0.15324345,0.08261293,4.24045,4.634849
John Curtiss,2033,40,RP,16128,0.16352679,0.08289069,4.2640634,4.663097
John King,2033,38,RP,22051,0.14747243,0.08126521,4.2226915,4.5078816
John Schreiber,2033,39,RP,20020,0.17932108,0.09169234,4.2048016,4.527302
Jonathan Hernandez,2033,36,RP,17464,0.19447774,0.097315386,4.197171,4.495971
Jonathan Loaisiga,2033,38,RP,19753,0.15342802,0.08217368,4.20233,4.490859
Jordan Balazovic,2033,34,RP,21866,0.18695012,0.096259914,4.211001,4.471634
Jordan Hicks,2033,36,RP,19618,0.20866388,0.10014538,4.164364,4.3612304
Jordan Romano,2033,40,RP,16122,0.18523435,0.08888787,4.157328,4.521806
Jordan Weems,2033,40,RP,13190,0.17271377,0.08767422,4.230845,4.603794
Jorge Lopez,2033,40,RP,14527,0.14095105,0.07407045,4.4900193,5.045774
Jose A. Ferrer,2033,33,RP,24017,0.18999533,0.09767191,4.16562,4.456777
Jose Alvarado,2033,38,RP,17780,0.22289151,0.0995809,4.1408243,4.1850553
Jose Alvarez,2033,44,RP,5358,0.13134417,0.08366583,4.3408594,4.531004
Jose Cisnero,2033,44,RP,6399,0.14826788,0.087260954,4.3088326,4.5526605
Jose Cuas,2033,39,RP,17701,0.17348355,0.094037615,4.258036,4.4967422
Jose Hernandez,2033,35,RP,22318,0.20683202,0.09818932,4.168557,4.4755406
Jose Leclerc,2033,39,RP,14524,0.18743841,0.09472172,4.2381463,4.549325
Jose Ruiz,2033,38,RP,14552,0.17955199,0.091528475,4.2462006,4.5766425
Jose Soriano,2033,34,RP,22100,0.22859688,0.10159258,4.1426964,4.326258
Jose Urquidy,2033,38,RP,18413,0.15506658,0.079222955,4.365421,4.7398124
Josh Hader,2033,39,RP,14212,0.21599534,0.10942391,4.160291,4.373111
Josh Rogers,2033,38,RP,18510,0.14600316,0.08260596,4.401088,4.701572
Josh Sborz,2033,39,RP,18323,0.19521949,0.09119689,4.1418347,4.529168
Josh Staumont,2033,39,RP,18335,0.18277551,0.09740877,4.257144,4.442639
Josh Taylor,2033,40,RP,17359,0.18189435,0.08990675,4.1770535,4.5604043
Josh Winckowski,2033,35,RP,22387,0.17326897,0.090739176,4.1736765,4.42858
Josh Winder,2033,36,RP,24606,0.16464488,0.08568779,4.2604012,4.5453696
Jovani Moran,2033,36,RP,20422,0.21723013,0.10205785,4.158716,4.3442416
Julian Merryweather,2033,41,RP,16703,0.1755742,0.090176955,4.2063723,4.554921
Junior Fernandez,2033,36,RP,18496,0.18747234,0.09718623,4.222072,4.493981
Justin Bruihl,2033,36,RP,23779,0.17773412,0.09256204,4.2167525,4.5004272
Justin Garza,2033,39,RP,19784,0.1679919,0.09281889,4.2692413,4.5128336
Justin Grimm,2033,44,RP,11720,0.112276055,0.08131026,4.6659646,5.309199
Justin Lawrence,2033,38,RP,17639,0.18074995,0.09430967,4.0979633,4.290745
Justin Topa,2033,42,RP,15145,0.1481023,0.07361923,4.152294,4.57141
Kaleb Ort,2033,41,RP,20061,0.14309497,0.08192495,4.3068676,4.6718373
Keegan Akin,2033,38,RP,19362,0.17909163,0.08372942,4.1965723,4.605049
Keegan Thompson,2033,38,RP,19795,0.17998482,0.09500659,4.250249,4.515276
Ken Waldichuk,2033,35,RP,27681,0.19241783,0.09648235,4.2334037,4.545778
Kendall Graveman,2033,42,RP,15514,0.15522301,0.09068547,4.350078,4.523997
Kenley Jansen,2033,45,RP,3096,0.16668478,0.08637674,4.1166253,4.4001985
Kevin Ginkel,2033,39,RP,19876,0.17985982,0.09001431,4.1899595,4.5449066
Kevin Kelly,2033,35,RP,25679,0.18026882,0.0896348,4.1219845,4.390741
Keynan Middleton,2033,39,RP,15264,0.18315744,0.08908452,4.2013636,4.5750055
Kirby Yates,2033,46,RP,9073,0.19329953,0.09859568,4.1538014,4.294709
Kutter Crawford,2033,37,RP,20531,0.183024,0.09044704,4.184973,4.525496
Kyle Finnegan,2033,41,RP,15009,0.15828362,0.08309887,4.285484,4.65326
Kyle Muller,2033,35,RP,20167,0.1917511,0.09770942,4.2734585,4.5827527
Kyle Nelson,2033,36,RP,20515,0.19063918,0.09388973,4.181634,4.4887867
Lane Ramsey,2033,36,RP,25071,0.18422222,0.09518851,4.1773314,4.457154
Lou Trivino,2033,41,RP,15043,0.16642264,0.09046522,4.2438006,4.5401344
Louie Varland,2033,35,RP,27691,0.1912448,0.09100124,4.1781955,4.476392
Louis Head,2033,43,RP,13259,0.13804667,0.081023335,4.272997,4.583763
Lucas Erceg,2033,38,RP,19360,0.18935443,0.097691424,4.1298456,4.321126
Lucas Gilbreath,2033,37,RP,21290,0.18750769,0.096917115,4.146933,4.3582296
Lucas Sims,2033,39,RP,13470,0.19129834,0.09772007,4.2693663,4.5087814
Luis Frias,2033,35,RP,21997,0.18260168,0.09614964,4.140967,4.397229
Luis Garcia,2033,46,RP,6984,0.1330365,0.07933576,4.213757,4.509183
Luis Medina,2033,34,RP,21649,0.19863965,0.100646466,4.2192316,4.538154
Luke Jackson,2033,41,RP,11752,0.17596415,0.08914327,4.183997,4.5492396
Manny Banuelos,2033,42,RP,5365,0.15414292,0.09069949,4.318038,4.516332
Mark Leiter Jr.,2033,42,RP,15551,0.17067781,0.07917086,4.0703273,4.5122905
Mark Melancon,2033,48,RP,4264,0.10711289,0.07418038,4.204838,4.2976584
Martin Perez,2033,42,RP,6902,0.1279284,0.07915963,4.4081373,4.7312903
Mason Englert,2033,33,RP,22288,0.17446627,0.08789887,4.250819,4.469439
Mason Thompson,2033,35,RP,21850,0.18464808,0.09540372,4.1846538,4.4656672
Matt Barnes,2033,43,RP,12863,0.15080298,0.087967254,4.28208,4.5172563
Matt Brash,2033,35,RP,25756,0.24702376,0.11218457,4.187995,4.2866597
Matt Carasiti,2033,41,RP,13276,0.14485712,0.08346802,4.1218114,4.3201165
Matt Foster,2033,38,RP,19647,0.1802775,0.09017763,4.207562,4.5621943
Matt Koch,2033,42,RP,13420,0.10105783,0.06185278,4.6016207,5.175501
Matt Moore,2033,44,RP,1890,0.15280765,0.08391745,4.2799478,4.5867386
Matt Strahm,2033,41,RP,13799,0.17552224,0.079291366,4.0438385,4.461583
Matt Wisler,2033,40,RP,12804,0.1758309,0.082214504,4.164656,4.542355
Matthew Liberatore,2033,33,RP,22294,0.18937242,0.09718479,4.232471,4.533615
Mauricio Llovera,2033,37,RP,20080,0.17980246,0.093008235,4.2420354,4.5512705
Michael Fulmer,2033,40,RP,13218,0.17132907,0.08983618,4.245358,4.5844183
Michael Grove,2033,36,RP,23221,0.18333489,0.08850788,4.2419815,4.5835114
Michael King,2033,38,RP,19853,0.19811158,0.08766614,4.0956383,4.4670177
Michael Rucker,2033,39,RP,19454,0.17117634,0.0888391,4.2497444,4.6078787
Michael Tonkin,2033,43,RP,10315,0.15602893,0.079016976,4.2350492,4.7101183
Miguel Castro,2033,38,RP,15684,0.18228795,0.09383556,4.228142,4.533799
Mike Baumann,2033,37,RP,20206,0.18345338,0.09577762,4.2256007,4.4985504
Nate Pearson,2033,36,RP,20160,0.19674039,0.097687215,4.202688,4.4977193
Nick Anderson,2033,42,RP,18337,0.18131943,0.0858442,4.0439467,4.444751
Nick Martinez,2033,42,RP,12730,0.1372737,0.076519206,4.45542,4.9333816
Nick Mears,2033,36,RP,25376,0.19016795,0.09769076,4.214207,4.486646
Nick Pivetta,2033,40,RP,15454,0.17693925,0.08534624,4.1682253,4.574914
Nick Ramirez,2033,43,RP,12575,0.11840493,0.07329466,4.3802767,4.8123503
Nick Robertson,2033,34,RP,26226,0.2057752,0.10062881,4.159238,4.468728
Nick Sandlin,2033,36,RP,20517,0.20118055,0.094589226,4.2013283,4.5222754
Nick Wittgren,2033,42,RP,15594,0.11444634,0.0702269,4.506065,5.0566707
Noe Ramirez,2033,43,RP,12800,0.14288133,0.086071625,4.335083,4.6099243
Osvaldo Bido,2033,37,RP,23150,0.17079028,0.089734234,4.228139,4.5360208
Paul Sewald,2033,43,RP,13892,0.1857937,0.08979528,4.0624866,4.407268
Pete Fairbanks,2033,39,RP,17998,0.20342422,0.09928214,4.1774325,4.5231953
Peter Lambert,2033,36,RP,17969,0.13473146,0.07114629,4.398754,4.71565
Peter Strzelecki,2033,38,RP,21367,0.18033479,0.090504155,4.1938553,4.531403
Phil Bickford,2033,37,RP,18519,0.19715266,0.094445765,4.1858025,4.5245442
Phil Maton,2033,40,RP,18064,0.17866662,0.08681124,4.1711626,4.5695558
Pierce Johnson,2033,42,RP,13435,0.18161893,0.09116339,4.155837,4.508443
Rafael Montero,2033,42,RP,12760,0.1615942,0.087254435,4.2239513,4.5668526
Raisel Iglesias,2033,43,RP,17130,0.17615463,0.082792,3.9602327,4.359251
Ralph Garza,2033,39,RP,17682,0.16689299,0.093074724,4.291116,4.504812
Ray Kerr,2033,38,RP,23809,0.18658486,0.088230506,4.1635766,4.5294933
Reynaldo Lopez,2033,39,RP,16400,0.18654048,0.08946825,4.186641,4.5562096
Richard Bleier,2033,46,RP,7803,0.08933105,0.061587166,4.2401047,4.631045
Richard Lovelady,2033,37,RP,19337,0.19261657,0.09473675,4.1927147,4.5226083
Roansy Contreras,2033,33,RP,22810,0.19183744,0.09843878,4.179979,4.4742947
Rob Zastryzny,2033,41,RP,15094,0.1608992,0.09184231,4.253543,4.422834
Robert Garcia,2033,37,RP,23363,0.189523,0.0924345,4.1807194,4.5127845
Robert Stephenson,2033,40,RP,13594,0.1912558,0.08557356,4.0608916,4.4726167
Robert Suarez,2033,42,RP,30115,0.16321057,0.08615435,4.2152605,4.546
Ron Marinaccio,2033,37,RP,23488,0.20024161,0.096995264,4.221672,4.505839
Ronel Blanco,2033,39,RP,19407,0.16911966,0.08954961,4.301021,4.5934715
Rony Garcia,2033,35,RP,20430,0.18720543,0.092743166,4.247292,4.555129
Ross Detwiler,2033,47,RP,2859,0.09113884,0.056503396,4.6720967,5.4953513
Ross Stripling,2033,43,RP,13273,0.10754408,0.040910814,4.4510736,5.1842074
Rowan Wick,2033,40,RP,14646,0.17580321,0.09231255,4.2326455,4.5389185
Ryan Borucki,2033,39,RP,16350,0.15770034,0.07544602,4.269716,4.643006
Ryan Brasier,2033,45,RP,5615,0.13710162,0.07861321,4.2104783,4.585168
Ryan Helsley,2033,38,RP,18138,0.21073693,0.097587824,4.152177,4.393594
Ryan Pressly,2033,44,RP,7005,0.17110594,0.082602814,3.9550605,4.341912
Ryan Thompson,2033,41,RP,16647,0.145924,0.07746598,4.2735496,4.683973
Ryan Walker,2033,37,RP,20423,0.19948114,0.09047612,4.1512856,4.4771333
Ryan Yarbrough,2033,41,RP,16502,0.10688622,0.045153104,4.5260935,5.1799116
Ryne Stanek,2033,41,RP,15947,0.16849896,0.09074102,4.2922816,4.5847735
Sam Hentges,2033,36,RP,18548,0.20353031,0.09487108,4.129282,4.4494686
Sam Long,2033,37,RP,25379,0.172098,0.091239646,4.2523856,4.547702
Sam Moll,2033,41,RP,14874,0.16637744,0.09124868,4.257847,4.513147
Sam Selman,2033,42,RP,13397,0.14713329,0.081893496,4.3352914,4.746019
Sammy Peralta,2033,35,RP,25589,0.1951076,0.098770045,4.1787114,4.4574037
Scott Alexander,2033,43,RP,10591,0.11617083,0.07175819,4.228845,4.558103
Scott Barlow,2033,40,RP,14993,0.17918876,0.09061362,4.1728797,4.5120535
Scott Effross,2033,39,RP,18384,0.18147247,0.082140125,4.1075563,4.4979024
Scott McGough,2033,43,RP,12056,0.160581,0.076361455,4.017874,4.4319553
Sean Hjelle,2033,36,RP,21481,0.19031411,0.095128044,4.2115974,4.5357294
Sean Manaea,2033,41,RP,15873,0.16302627,0.07776948,4.160257,4.62641
Sean Poppen,2033,39,RP,19583,0.1661117,0.08984097,4.239258,4.5358343
Seranthony Dominguez,2033,38,RP,19249,0.18414447,0.0913287,4.2190323,4.5587525
Sergio Romo,2033,50,RP,9817,0.06668571,0.058039717,4.728471,5.665562
Seth Martinez,2033,38,RP,21045,0.17887887,0.09175901,4.2157702,4.536284
Shawn Armstrong,2033,42,RP,12857,0.1613657,0.07417104,4.085242,4.512067
Shelby Miller,2033,42,RP,10197,0.14972621,0.09369507,4.414896,4.4533634
Shintaro Fujinami,2033,39,RP,31839,0.16969906,0.09388181,4.284136,4.5228176
Steve Cishek,2033,47,RP,6483,0.12382641,0.085089676,4.53127,4.5268483
Steven Matz,2033,42,RP,13361,0.14788453,0.06746665,4.1934624,4.7401085
Steven Okert,2033,41,RP,13580,0.17824234,0.08633129,4.166674,4.5503535
Steven Wilson,2033,38,RP,20353,0.18401368,0.0907053,4.2222986,4.559367
Tanner Banks,2033,41,RP,16990,0.14832716,0.08090457,4.268883,4.6330404
Tanner Scott,2033,38,RP,17586,0.21424985,0.0990264,4.1490316,4.2638354
Tayler Saucedo,2033,40,RP,17888,0.1565471,0.08845084,4.231504,4.4648943
Tayler Scott,2033,41,RP,13652,0.13461104,0.077359945,4.50662,5.0632157
Taylor Clarke,2033,40,RP,17611,0.16455777,0.07641246,4.215686,4.693528
Taylor Rogers,2033,42,RP,13449,0.18126236,0.09071061,4.1261888,4.451252
Thad Ward,2033,36,RP,21513,0.18530862,0.097299434,4.2622485,4.525729
Thomas Hatch,2033,38,RP,19264,0.17221035,0.09215086,4.2485137,4.530206
Tim Herrin,2033,36,RP,25139,0.19980906,0.0968794,4.1707015,4.4875937
Tim Hill,2033,43,RP,16814,0.10714127,0.07125473,4.4570446,4.882999
Tim Mayza,2033,41,RP,15042,0.16249926,0.079883456,4.175631,4.5685563
Tom Cosgrove,2033,37,RP,23443,0.17914231,0.0908245,4.1987114,4.473551
Tommy Doyle,2033,37,RP,21281,0.1642547,0.089386895,4.1317067,4.353039
Tommy Kahnle,2033,43,RP,11384,0.17434192,0.08744056,4.1463194,4.5043306
Tommy Nance,2033,42,RP,19178,0.16388054,0.084971815,4.197172,4.5935245
Trent Thornton,2033,39,RP,17948,0.15788458,0.07441269,4.3078756,4.6963553
Trevor Gott,2033,40,RP,15046,0.16165036,0.08075774,4.238253,4.6730714
Trevor May,2033,43,RP,6398,0.15416107,0.08882055,4.304163,4.515764
Trevor Megill,2033,39,RP,17722,0.19250125,0.08921613,4.1118765,4.5195065
Trevor Richards,2033,40,RP,19309,0.1947481,0.10492263,4.26782,4.415668
Trevor Stephan,2033,37,RP,19932,0.19785368,0.09077217,4.156658,4.512955
Trey Wingenter,2033,39,RP,17793,0.2006825,0.09560419,4.155848,4.516473
Tristan Beck,2033,37,RP,21584,0.15859665,0.079208486,4.223733,4.5384536
Tucker Davidson,2033,37,RP,19871,0.1733301,0.09156428,4.2839637,4.5966587
Ty Blach,2033,42,RP,14361,0.09274721,0.0612157,4.5575085,5.120451
Tyler Alexander,2033,38,RP,17735,0.15663673,0.058961943,4.216554,4.5980625
Tyler Beede,2033,40,RP,16981,0.14267696,0.08133783,4.4169793,4.8445773
Tyler Danish,2033,38,RP,15126,0.15674926,0.083611965,4.2775283,4.6007285
Tyler Holton,2033,37,RP,26231,0.17293416,0.07738187,4.1105022,4.370481
Tyler Kinley,2033,42,RP,18297,0.14487198,0.08052383,4.183122,4.518656
Tyler Matzek,2033,42,RP,10058,0.16220994,0.09842161,4.455079,4.3366623
Tyler Rogers,2033,42,RP,15541,0.13526107,0.0784765,4.2310586,4.534502
Victor Arano,2033,38,RP,15915,0.18580635,0.08899636,4.1665096,4.539079
Victor Gonzalez,2033,37,RP,16408,0.18811731,0.09359978,4.1910214,4.5115914
Wandy Peralta,2033,41,RP,14295,0.15689164,0.09205988,4.35608,4.5010567
Will Smith,2033,43,RP,8048,0.15573832,0.07789032,4.198188,4.6355357
Will Vest,2033,38,RP,19769,0.18641439,0.08955004,4.1396775,4.509244
Wily Peralta,2033,44,RP,7738,0.10709527,0.09083261,4.6759596,3.9161654
Wyatt Mills,2033,38,RP,20010,0.17180884,0.091562934,4.257027,4.5652657
Xzavion Curry,2033,34,RP,25595,0.17393719,0.09004029,4.22695,4.4617863
Yency Almonte,2033,39,RP,15068,0.17390648,0.09146891,4.2388487,4.555753
Yennier Cano,2033,39,RP,25911,0.17035304,0.088631496,4.1978574,4.532768
Yerry De Los Santos,2033,35,RP,21420,0.1915128,0.09797922,4.1617565,4.4324894
Yimi Garcia,2033,42,RP,12095,0.16467798,0.07592164,4.0631557,4.511617
Yohan Ramirez,2033,38,RP,19444,0.17672105,0.09226776,4.2581196,4.564243
Yonny Chirinos,2033,39,RP,16401,0.13800961,0.07166749,4.4751477,4.935399
Yunior Marte,2033,38,RP,14416,0.1691241,0.0903442,4.250596,4.5577345
Zach Jackson,2033,38,RP,19493,0.20602277,0.10175108,4.2358193,4.1831813
Zach Thompson,2033,39,RP,16094,0.16017234,0.088620424,4.2431374,4.511395
Zack Littell,2033,37,RP,15823,0.16740447,0.0697836,4.169725,4.4947977
Zack Thompson,2033,35,RP,25918,0.19851486,0.09838871,4.1902814,4.4847884
Aaron Civale,2033,38,SP,19479,0.1774422,0.07231137,4.489849,4.337975
Aaron Nola,2033,40,SP,16149,0.16477579,0.08084198,4.573321,4.399408
Adam Wainwright,2033,51,SP,2233,0.079201244,0.043966774,4.663241,4.7842803
Adrian Houser,2033,40,SP,12718,0.1722468,0.09346391,4.4968696,4.7073956
Adrian Sampson,2033,41,SP,13339,0.14872156,0.06256295,4.611906,4.3103333
Alek Manoah,2033,35,SP,26410,0.19063602,0.08459239,4.457334,4.47107
Alex Cobb,2033,45,SP,6562,0.13115449,0.07539983,4.6340365,4.7076325
Alex Faedo,2033,37,SP,19874,0.19114475,0.08934488,4.3117576,4.424375
Andrew Abbott,2033,34,SP,29911,0.20981386,0.08432408,4.3745623,4.353888
Andrew Heaney,2033,42,SP,15423,0.14845864,0.07389682,4.7354846,4.3677855
Anibal Sanchez,2033,49,SP,3284,0.109500095,0.06373218,4.852309,4.7543955
Anthony DeSclafani,2033,43,SP,13050,0.13232598,0.06585468,4.621033,4.394184
Austin Gomber,2033,39,SP,16561,0.1701336,0.08438832,4.3338175,4.468525
Bailey Ober,2033,37,SP,21224,0.17452765,0.059750948,4.7296906,4.2716656
Blake Snell,2033,40,SP,13543,0.18993677,0.09014271,3.8528817,4.0054603
Bobby Miller,2033,34,SP,27483,0.2064295,0.0806216,4.3290105,4.333957
Brad Keller,2033,37,SP,15734,0.18623106,0.09208279,4.3160596,4.486577
Brady Singer,2033,36,SP,25377,0.19680952,0.08360084,4.340915,4.4221916
Brandon Bielak,2033,37,SP,19866,0.19873354,0.09509276,4.2669187,4.4131694
Brandon Pfaadt,2033,34,SP,27782,0.17255616,0.056193154,4.386167,4.765202
Brandon Williamson,2033,35,SP,25463,0.19697778,0.08070026,4.294699,4.540501
Brandon Woodruff,2033,40,SP,16162,0.16046792,0.0780374,4.6938825,4.366077
Braxton Garrett,2033,35,SP,21844,0.19799303,0.078583814,4.4681807,4.365812
Brayan Bello,2033,34,SP,23920,0.18827154,0.09175621,4.167999,4.304516
Bryan Woo,2033,33,SP,30279,0.22276127,0.08032831,4.175023,4.2079597
Bryce Elder,2033,34,SP,27779,0.20167413,0.09103326,4.360788,4.5318666
Bryce Miller,2033,34,SP,29837,0.17997569,0.056434076,4.504855,4.532976
Cal Quantrill,2033,38,SP,19312,0.18584497,0.0907424,4.2746496,4.447296
Carlos Carrasco,2033,46,SP,6632,0.112090684,0.06667801,4.7142425,4.535623
Carlos Rodon,2033,40,SP,16137,0.17393649,0.08637498,4.5725746,4.536463
Charlie Morton,2033,49,SP,4676,0.09635191,0.03414269,4.557799,4.7630873
Chase Anderson,2033,45,SP,6895,0.11594229,0.06850512,4.758505,4.4315295
Chris Archer,2033,44,SP,6345,0.15511867,0.0771615,4.5782266,4.8176713
Chris Bassitt,2033,44,SP,12304,0.13916157,0.06910248,4.8620005,4.400708
Chris Sale,2033,44,SP,10603,0.13739614,0.07776389,4.6009994,4.635024
Clarke Schmidt,2033,37,SP,19899,0.18887533,0.08098778,4.528484,4.335088
Clayton Kershaw,2033,45,SP,2036,0.13788952,0.07248784,4.7695913,4.6303744
Colin Rea,2033,42,SP,12317,0.15197428,0.080235966,4.6612043,4.5031867
Corbin Burnes,2033,38,SP,19361,0.18162636,0.09430874,4.4917727,4.439538
Cristian Javier,2033,36,SP,17606,0.19084422,0.07572775,4.6291966,4.3194146
Cristopher Sanchez,2033,36,SP,20778,0.1945368,0.07949676,4.4738126,4.375434
Daniel Lynch IV,2033,36,SP,21537,0.19992343,0.08745771,4.200748,4.439416
Dean Kremer,2033,37,SP,19350,0.18132314,0.07135344,4.329862,4.425399
Domingo German,2033,40,SP,17149,0.15186708,0.052142683,4.622032,4.2751265
Drew Rasmussen,2033,37,SP,25385,0.18913576,0.089192204,4.4999237,4.396314
Dustin May,2033,35,SP,19716,0.20088091,0.08173366,4.495678,4.3829026
Dylan Bundy,2033,40,SP,12917,0.14184044,0.049649633,4.3839874,4.4365387
Dylan Cease,2033,37,SP,18525,0.19228858,0.089489214,4.3267865,4.294693
Eduardo Rodriguez,2033,40,SP,13164,0.16809595,0.087072544,4.5874434,4.4878902
Edward Cabrera,2033,35,SP,21690,0.22435795,0.106251836,4.396548,4.2513957
Emmet Sheehan,2033,33,SP,29839,0.23420785,0.08612864,4.0141573,4.11174
Eric Lauer,2033,38,SP,19316,0.17993191,0.07488263,4.4541354,4.3368998
Erick Fedde,2033,40,SP,17425,0.165436,0.08919015,4.5266414,4.5444546
Eury Perez,2033,30,SP,27768,0.26482356,0.05067509,3.8222327,3.5244734
Framber Valdez,2033,39,SP,17295,0.1756343,0.09086756,4.571325,4.5088577
Freddy Peralta,2033,37,SP,18679,0.18732728,0.08101151,4.410508,4.259434
Gavin Williams,2033,33,SP,30122,0.20758241,0.08078414,4.488747,4.421683
George Kirby,2033,35,SP,25436,0.19421317,0.07340296,4.435946,4.321593
Gerrit Cole,2033,42,SP,13125,0.1460898,0.08230051,4.668684,4.4992414
Graham Ashcraft,2033,35,SP,27552,0.19304374,0.086757846,4.241388,4.5640836
Grayson Rodriguez,2033,33,SP,24492,0.22985315,0.08031537,4.006246,4.0642247
Griffin Canning,2033,37,SP,19867,0.18848541,0.079451755,4.42784,4.363746
Humberto Castellanos,2033,35,SP,21183,0.20170847,0.08546838,4.2136784,4.5407667
Hunter Brown,2033,34,SP,25880,0.22071183,0.08129381,4.0953183,4.1201634
Hunter Greene,2033,33,SP,22182,0.23591498,0.07052876,3.9417353,3.84466
Hyun-Jin Ryu,2033,46,SP,14444,0.1216492,0.06877254,4.7582026,4.5820775
Ian Anderson,2033,35,SP,19951,0.20365466,0.09910466,4.276898,4.3694787
J.P. France,2033,38,SP,21212,0.18368964,0.085694104,4.27173,4.4223485
JP Sears,2033,37,SP,23429,0.17866005,0.06638071,4.33798,4.4456983
JT Brubaker,2033,39,SP,17578,0.17280884,0.08731169,4.4798346,4.4555225
Jack Flaherty,2033,37,SP,17479,0.19009921,0.09568498,4.5189824,4.496763
Jacob deGrom,2033,45,SP,10954,0.12764144,0.08601443,4.242108,4.2736535
Jake Irvin,2033,36,SP,21504,0.19542454,0.08740204,4.263291,4.4689245
Jake Odorizzi,2033,43,SP,6397,0.14765066,0.07979671,4.635463,4.6018286
James Paxton,2033,44,SP,11828,0.1388039,0.07599823,4.70536,4.547865
Jameson Taillon,2033,41,SP,11674,0.14621195,0.059529256,4.5802946,4.3204074
Jared Shuster,2033,34,SP,27472,0.17906505,0.090696774,4.384851,4.6496997
Jesus Luzardo,2033,35,SP,19959,0.20979011,0.08426593,4.1917253,4.2098827
Joan Adon,2033,34,SP,22925,0.20646475,0.09539126,4.2591143,4.547486
Joe Musgrove,2033,40,SP,12970,0.16146676,0.07183863,4.75804,4.278095
Joe Ryan,2033,37,SP,21390,0.18033117,0.06779794,4.647417,4.3029847
Joey Lucchesi,2033,40,SP,19320,0.16114987,0.08263505,4.498805,4.461246
Johan Oviedo,2033,35,SP,22487,0.2083364,0.10037221,4.301173,4.4133134
Jon Gray,2033,41,SP,14916,0.15514861,0.07660387,4.6366324,4.390392
Jordan Lyles,2033,42,SP,7593,0.13058563,0.04759584,4.596449,4.3156257
Jordan Montgomery,2033,40,SP,16511,0.16520178,0.08124922,4.6030173,4.397729
Jose Berrios,2033,39,SP,14168,0.1685528,0.06919245,4.562046,4.3094363
Jose Quintana,2033,44,SP,11423,0.1623606,0.07458621,4.4124317,4.9979615
Jose Urena,2033,41,SP,11589,0.15775123,0.080709875,4.619152,4.4361305
Josiah Gray,2033,35,SP,24580,0.18516189,0.07961979,4.443493,4.5306797
Julio Urias,2033,36,SP,14765,0.17542706,0.055937245,4.776461,4.272692
Justin Dunn,2033,37,SP,19268,0.17397344,0.06841399,4.380238,4.469514
Justin Steele,2033,37,SP,17312,0.18820667,0.08540541,4.5254645,4.3784213
Justin Verlander,2033,50,SP,8700,0.12393708,0.05707374,4.7481093,4.9815207
Kenta Maeda,2033,45,SP,18498,0.12596852,0.07113992,4.720236,4.526172
Kevin Gausman,2033,42,SP,14107,0.15197891,0.09310991,4.587345,4.7198014
Kodai Senga,2033,40,SP,31838,0.16265033,0.083789065,4.687122,4.4273844
Kyle Bradish,2033,36,SP,24586,0.19665758,0.08530128,4.513723,4.362901
Kyle Freeland,2033,40,SP,16256,0.16001147,0.080728285,4.35797,4.474617
Kyle Gibson,2033,45,SP,10123,0.12405124,0.07394075,4.6105795,4.657844
Kyle Hendricks,2033,43,SP,12049,0.13006037,0.061323028,4.6147747,4.3669496
Lance Lynn,2033,46,SP,2520,0.12122889,0.06426479,4.930017,4.4368215
Lance McCullers Jr.,2033,39,SP,14120,0.18120727,0.08973875,4.535162,4.579413
Logan Allen,2033,34,SP,27589,0.19788897,0.07424003,4.5380993,4.4280334
Logan Gilbert,2033,36,SP,22250,0.18410262,0.06669837,4.6256304,4.3371625
Logan Webb,2033,36,SP,17995,0.19042335,0.07996154,4.3557014,4.3355036
Lucas Giolito,2033,38,SP,15474,0.1722857,0.06577169,4.4307456,4.3704967
Luis Castillo,2033,40,SP,15689,0.16518623,0.07868456,4.7238626,4.3392267
Luis Cessa,2033,41,SP,13345,0.15390375,0.08825905,4.3810453,4.6539845
Luis Garcia,2033,36,SP,23735,0.19596516,0.08446862,4.459654,4.3236327
Luis L. Ortiz,2033,34,SP,27646,0.1841917,0.09272553,4.408604,4.6406384
Luis Severino,2033,39,SP,15890,0.1554926,0.049164318,4.546011,4.3369803
Luke Weaver,2033,39,SP,16918,0.15062831,0.053528838,4.332912,4.4687123
MacKenzie Gore,2033,34,SP,22201,0.22128002,0.09641752,4.247102,4.3638678
Marco Gonzales,2033,41,SP,15467,0.15130654,0.06355746,4.727235,4.25734
Marcus Stroman,2033,42,SP,13431,0.16860461,0.08234799,4.5186706,4.7241025
Matt Manning,2033,35,SP,20369,0.20223048,0.08418445,4.2254663,4.532461
Matthew Boyd,2033,42,SP,15440,0.14131697,0.07171227,4.5477796,4.4315186
Max Fried,2033,39,SP,13743,0.17064041,0.08591389,4.573947,4.419624
Max Scherzer,2033,48,SP,3137,0.12993068,0.061767783,4.6894526,4.8436427
Merrill Kelly,2033,44,SP,11156,0.15781884,0.07336897,4.593462,4.694374
Michael Kopech,2033,37,SP,17282,0.17200893,0.08025049,4.357836,4.5472746
Michael Lorenzen,2033,41,SP,14843,0.16651212,0.09089361,4.4757733,4.817349
Michael Pineda,2033,44,SP,5372,0.11890818,0.052428022,4.6840367,4.3202176
Michael Wacha,2033,41,SP,14078,0.15600167,0.074514225,4.728621,4.3341827
Mike Clevinger,2033,42,SP,12808,0.15235172,0.077676386,4.7402997,4.428394
Mike Minor,2033,45,SP,10021,0.12406812,0.06942321,4.75629,4.500645
Miles Mikolas,2033,44,SP,9803,0.11979617,0.058414828,4.623988,4.383754
Mitch Keller,2033,37,SP,17594,0.19015725,0.09029014,4.499709,4.4034576
Nathan Eovaldi,2033,43,SP,9132,0.15459138,0.07975692,4.6063433,4.6554527
Nestor Cortes,2033,38,SP,17874,0.17587675,0.070275806,4.729579,4.237724
Nick Lodolo,2033,35,SP,26378,0.20198305,0.078945406,4.3633924,4.252611
Noah Syndergaard,2033,40,SP,11762,0.1405013,0.048473705,4.3773303,4.4479756
Pablo Lopez,2033,37,SP,17085,0.18751399,0.085016266,4.4743376,4.3432603
Patrick Corbin,2033,43,SP,9323,0.13278252,0.0678023,4.6389203,4.4074407
Patrick Sandoval,2033,36,SP,19447,0.19396259,0.100618266,4.297045,4.4521585
Paul Blackburn,2033,39,SP,14739,0.17352489,0.09167216,4.484173,4.523832
Quinn Priester,2033,32,SP,25977,0.18598789,0.08749701,4.376531,4.6995764
Ranger Suarez,2033,37,SP,17277,0.19264437,0.09854434,4.410479,4.4813514
Reese Olson,2033,33,SP,24968,0.22096686,0.07754564,4.170285,4.172705
Reid Detmers,2033,33,SP,27468,0.24249452,0.08288257,3.8615067,3.9045947
Rich Hill,2033,53,SP,4806,0.07733325,0.027283592,4.7842045,4.787973
Ryan Feltner,2033,36,SP,21446,0.19019444,0.09255571,4.243615,4.4779177
Ryan Weathers,2033,33,SP,23796,0.19249739,0.0786802,4.30794,4.787596
Ryne Nelson,2033,35,SP,26253,0.19164808,0.07910971,4.242106,4.6137695
Sandy Alcantara,2033,37,SP,18684,0.18969634,0.08359273,4.430021,4.3871646
Seth Lugo,2033,43,SP,12447,0.14330652,0.072918296,4.783318,4.405119
Shane Bieber,2033,38,SP,19427,0.18150668,0.08963867,4.5084667,4.4311967
Shane McClanahan,2033,36,SP,21483,0.19725433,0.08631785,4.4168878,4.3198686
Shohei Ohtani,2033,38,SP,19755,0.17898747,0.08164963,4.4841776,4.2923756
Sonny Gray,2033,43,SP,12768,0.14819498,0.0902675,4.56642,4.8818183
Spencer Strider,2033,34,SP,27498,0.2687329,0.056943707,3.2486,2.9834151
Spencer Turnbull,2033,40,SP,16207,0.17015603,0.092664786,4.5124383,4.7035303
Taijuan Walker,2033,40,SP,11836,0.16859156,0.091056935,4.5451326,4.5798035
Taj Bradley,2033,32,SP,22543,0.24328469,0.07731032,3.9213765,3.97444
Tanner Bibee,2033,34,SP,30134,0.20462367,0.07965242,4.411889,4.3597846
Tanner Houck,2033,37,SP,19879,0.19179913,0.09728923,4.446792,4.467563
Tarik Skubal,2033,36,SP,22267,0.19195771,0.07718558,4.4510407,4.272382
Tommy Henry,2033,35,SP,26285,0.2067786,0.09048864,4.2415557,4.4834957
Tony Gonsolin,2033,39,SP,19388,0.17525028,0.081013046,4.5458226,4.338062
Touki Toussaint,2033,37,SP,16929,0.18562739,0.09156142,4.347141,4.4879823
Trevor Williams,2033,41,SP,16977,0.1412705,0.044883102,4.76043,4.211199
Tyler Anderson,2033,43,SP,12880,0.15712012,0.08012172,4.5695696,4.7383943
Tyler Glasnow,2033,39,SP,14374,0.1716109,0.086591385,4.4356346,4.3361225
Tyler Wells,2033,38,SP,20000,0.15598488,0.040354904,4.880945,4.201761
Tylor Megill,2033,37,SP,21318,0.1854335,0.081373945,4.270187,4.4344025
Vince Velasquez,2033,41,SP,11189,0.1579632,0.08786476,4.5249543,4.6153817
Vladimir Gutierrez,2033,37,SP,19278,0.19794466,0.09316574,4.235273,4.411466
Wade Miley,2033,46,SP,8779,0.1360996,0.06946219,4.6628613,4.7199335
Walker Buehler,2033,38,SP,19374,0.18040308,0.08443412,4.555135,4.382583
Yu Darvish,2033,46,SP,13074,0.13298607,0.07220198,4.5747886,4.867572
Yusei Kikuchi,2033,42,SP,20633,0.12355748,0.062774606,4.8272,4.3238816
Zac Gallen,2033,37,SP,19291,0.18786564,0.085832745,4.4838157,4.364052
Zach Davies,2033,40,SP,13183,0.16892591,0.09265503,4.5240083,4.6730537
Zach Eflin,2033,39,SP,13774,0.16646852,0.07202189,4.520424,4.3664703
Zack Greinke,2033,49,SP,1943,0.083870344,0.05082215,4.822409,4.47772
Zack Wheeler,2033,43,SP,10310,0.13683449,0.0853013,4.5972176,4.624353
A.J. Minter,2034,40,RP,18655,0.18724969,0.09045328,4.0986686,4.47573
A.J. Puk,2034,39,RP,19343,0.18840602,0.08408268,4.0921574,4.4900064
Aaron Ashby,2034,36,RP,23550,0.20219217,0.09603388,4.1725655,4.4961357
Aaron Bummer,2034,40,RP,16258,0.19317023,0.0991076,4.231979,4.3819785
Aaron Loup,2034,46,RP,10343,0.12281257,0.078519516,4.259237,4.5120993
Aaron Sanchez,2034,41,RP,11490,0.11239041,0.0684133,4.6481214,5.277482
Abner Uribe,2034,34,RP,25327,0.22701381,0.10558092,4.1370244,4.2578044
Adam Cimber,2034,43,RP,15288,0.11655663,0.07249251,4.380247,4.786656
Adam Ottavino,2034,48,RP,1247,0.13212444,0.08214066,4.3644066,4.6103187
Adbert Alzolay,2034,39,RP,17859,0.18692034,0.080719315,4.060338,4.4507294
Adrian Martinez,2034,37,RP,21023,0.16970734,0.085800484,4.2924266,4.6472583
Albert Abreu,2034,38,RP,17485,0.17870197,0.09406585,4.242966,4.527272
Alec Marsh,2034,36,RP,27451,0.19586004,0.097648636,4.208294,4.523912
Alex Lange,2034,38,RP,19883,0.19070919,0.096882954,4.23614,4.488351
Alex Vesia,2034,38,RP,25007,0.19590536,0.090702906,4.1686015,4.534452
Alex Wood,2034,43,RP,13781,0.13462457,0.08066048,4.2970543,4.6491914
Alex Young,2034,40,RP,18333,0.14671327,0.0824413,4.35979,4.732343
Alexis Diaz,2034,37,RP,21132,0.19969054,0.0994429,4.2407427,4.500726
Amir Garrett,2034,42,RP,14375,0.16245906,0.09373972,4.330749,4.4053555
Amos Willingham,2034,35,RP,26128,0.16322048,0.08470523,4.2976065,4.5541925
Andre Jackson,2034,38,RP,21298,0.17375645,0.09178485,4.234288,4.5281067
Andre Pallante,2034,35,RP,26108,0.17575166,0.09325069,4.1795726,4.423167
Andres Machado,2034,41,RP,14681,0.13816765,0.07787832,4.4046435,4.837982
Andres Munoz,2034,35,RP,20373,0.22557452,0.09864329,4.130627,4.387523
Andrew Bellatti,2034,42,RP,10657,0.16122918,0.08852988,4.2580137,4.5637035
Andrew Chafin,2034,44,RP,12988,0.15428467,0.08726852,4.250523,4.5136776
Andrew Nardi,2034,35,RP,25942,0.20830272,0.09845399,4.172166,4.4759107
Andrew Vasquez,2034,40,RP,19482,0.15756115,0.088901065,4.246246,4.47766
Andrew Wantz,2034,38,RP,24933,0.1810973,0.091442525,4.2158065,4.547394
Angel Perdomo,2034,40,RP,17759,0.19324867,0.09740489,4.231994,4.47442
Angel Zerpa,2034,34,RP,22717,0.17832726,0.091802455,4.1860175,4.4398756
Anthony Bass,2034,46,RP,7982,0.1266896,0.08125238,4.402498,4.6590924
Anthony Bender,2034,39,RP,19742,0.17581838,0.08885039,4.203316,4.5499434
Anthony Gose,2034,43,RP,5097,0.15974848,0.08531922,4.209212,4.530893
Aroldis Chapman,2034,46,RP,10233,0.22012098,0.10903878,3.8409965,4.028413
Art Warren,2034,41,RP,18251,0.17135932,0.091028064,4.208261,4.493763
Austin Adams,2034,43,RP,13801,0.16549551,0.09001639,4.247666,4.5406857
Austin Cox,2034,37,RP,24604,0.1863322,0.096429795,4.178188,4.437362
Austin Davis,2034,41,RP,17117,0.16193883,0.09039793,4.264536,4.5292974
Austin Pruitt,2034,44,RP,15290,0.101712115,0.06451575,4.508389,5.0478153
Austin Voth,2034,42,RP,15047,0.13060267,0.07227778,4.454825,5.0386953
Bailey Falter,2034,37,RP,20070,0.16425371,0.07487923,4.256026,4.612641
Beau Brieske,2034,36,RP,26079,0.17104314,0.08908822,4.24184,4.5187187
Ben Heller,2034,42,RP,15100,0.14839141,0.08921742,4.318696,4.47123
Ben Lively,2034,42,RP,14932,0.120326474,0.06812994,4.5298357,5.1563916
Blake Taylor,2034,38,RP,16418,0.17631514,0.09496529,4.23172,4.464233
Bowden Francis,2034,38,RP,20548,0.17866945,0.08083456,4.1430755,4.4726253
Brad Boxberger,2034,46,RP,10133,0.13135594,0.0845417,4.4066634,4.5937533
Brad Hand,2034,44,RP,9111,0.14009565,0.08532769,4.293505,4.5174675
Brendan White,2034,35,RP,26024,0.2012497,0.098676585,4.158695,4.455117
Brennan Bernardino,2034,42,RP,16835,0.15224473,0.079078786,4.1242886,4.486197
Brent Honeywell,2034,39,RP,16466,0.15467818,0.08587779,4.314782,4.6211023
Brent Suter,2034,44,RP,13942,0.1250252,0.07587169,4.0761504,4.249991
Brett Martin,2034,39,RP,17369,0.16293548,0.08926492,4.2095127,4.471759
Brock Burke,2034,37,RP,17968,0.18363826,0.07940631,4.1273613,4.450513
Brock Stewart,2034,42,RP,16727,0.16851377,0.0842408,4.1684356,4.558415
Brooks Raley,2034,46,RP,10061,0.14479977,0.08329077,4.2485757,4.548354
Brusdar Graterol,2034,35,RP,20367,0.18305811,0.09206585,4.1364565,4.3967996
Bryan Abreu,2034,37,RP,16609,0.20741229,0.09935564,4.2079782,4.5076647
Bryan Baker,2034,39,RP,19804,0.18119472,0.09345384,4.1964445,4.480395
Bryan Hoeing,2034,37,RP,26304,0.15075028,0.079602405,4.3752804,4.7271643
Bryan Shaw,2034,46,RP,8110,0.111113094,0.07833858,4.4317384,4.7823153
Bryse Wilson,2034,36,RP,19990,0.1714607,0.087248035,4.2671056,4.563762
Buck Farmer,2034,43,RP,14814,0.14178136,0.085054375,4.3155985,4.588736
Caleb Ferguson,2034,37,RP,19349,0.19254762,0.09292138,4.192476,4.5313463
Caleb Smith,2034,42,RP,14875,0.14838429,0.08936348,4.387664,4.566457
Caleb Thielbar,2034,47,RP,10078,0.14898622,0.07831951,4.0681324,4.421218
Calvin Faucher,2034,38,RP,20116,0.17026438,0.09066721,4.258283,4.570528
Camilo Doval,2034,36,RP,21992,0.20509522,0.095087074,4.1535773,4.4642262
Carl Edwards Jr.,2034,42,RP,13607,0.1512476,0.08965558,4.291784,4.454709
Carlos Estevez,2034,41,RP,14542,0.16148679,0.088700436,4.2601395,4.570901
Carlos Hernandez,2034,37,RP,22713,0.18401729,0.09601126,4.2243543,4.503077
Carmen Mlodzinski,2034,35,RP,27572,0.19686887,0.098418616,4.1814055,4.454212
Casey Lawrence,2034,46,RP,11121,0.047211636,0.049838558,5.0022693,6.0926976
Chad Kuhl,2034,41,RP,14975,0.14514132,0.08863588,4.3977294,4.6684375
Chase Silseth,2034,34,RP,30074,0.20040798,0.10008143,4.173969,4.465708
Chasen Shreve,2034,43,RP,10855,0.13766459,0.07684802,4.3407164,4.814585
Chris Devenski,2034,43,RP,12763,0.12568761,0.05896454,4.338258,5.037368
Chris Flexen,2034,39,RP,13896,0.13440293,0.07211722,4.5119576,4.9943132
Chris Martin,2034,48,RP,11847,0.124083154,0.06650542,3.961937,4.324378
Chris Murphy,2034,36,RP,26214,0.18811552,0.09550153,4.1503506,4.4309273
Chris Stratton,2034,43,RP,13761,0.145976,0.082973234,4.2142205,4.5340962
Cionel Perez,2034,38,RP,19614,0.17887698,0.09493609,4.2140913,4.458945
Clay Holmes,2034,41,RP,13649,0.17019674,0.088984646,4.165368,4.4788337
Cody Bolton,2034,36,RP,23265,0.18763071,0.09702174,4.1719046,4.436676
Cody Bradford,2034,36,RP,27597,0.17667463,0.084902726,4.205999,4.5281334
Cole Irvin,2034,40,RP,19244,0.13704714,0.06867949,4.394179,4.889767
Cole Ragans,2034,36,RP,21846,0.19350679,0.09728744,4.172407,4.442584
Cole Sands,2034,36,RP,21461,0.18650411,0.09601817,4.197253,4.475372
Colin Holderman,2034,38,RP,22361,0.17791374,0.09333823,4.175377,4.433975
Colin Poche,2034,40,RP,19403,0.17284623,0.087326944,4.2211676,4.591262
Colin Selby,2034,36,RP,24986,0.2443565,0.0897538,3.6814651,3.958839
Collin McHugh,2034,47,RP,7531,0.12231081,0.076028086,4.2381744,4.543403
Collin Snider,2034,38,RP,23307,0.15685548,0.08751091,4.2133064,4.459863
Connor Brogdon,2034,39,RP,21205,0.16950561,0.088353984,4.234201,4.5721273
Connor Seabold,2034,38,RP,19695,0.1422509,0.072059095,4.514218,4.991278
Corey Kluber,2034,48,RP,2429,0.06333456,0.054399654,4.681156,5.569728
Corey Knebel,2034,42,RP,15010,0.16305633,0.09183606,4.288684,4.4957175
Cory Abbott,2034,38,RP,20277,0.1735078,0.09003418,4.2732463,4.6156483
Craig Kimbrel,2034,46,RP,6655,0.17226961,0.089289166,4.1994705,4.415099
Craig Stammen,2034,50,RP,7274,0.092394285,0.06191444,4.502522,5.104733
DL Hall,2034,35,RP,22207,0.20704462,0.09712635,4.146614,4.452785
Dakota Hudson,2034,39,RP,19206,0.14897123,0.08614366,4.2653904,4.5065107
Dane Dunning,2034,39,RP,19409,0.16142417,0.08734145,4.2675366,4.5883574
Daniel Bard,2034,49,RP,7115,0.11647725,0.08326224,4.4373784,4.204449
Daniel Duarte,2034,37,RP,17480,0.17770737,0.09559518,4.227642,4.449888
Daniel Palencia,2034,34,RP,27914,0.21906735,0.09942393,4.129301,4.372632
Danny Coulombe,2034,44,RP,13293,0.14484781,0.08067226,4.203114,4.539558
Dany Jimenez,2034,40,RP,21170,0.16916241,0.09367116,4.26357,4.47161
Darren O'Day,2034,51,RP,3321,0.12112595,0.07734976,4.375294,4.5976443
Dauri Moreta,2034,38,RP,21101,0.18602756,0.090012446,4.1871862,4.546576
David Bednar,2034,39,RP,19569,0.18599354,0.08854861,4.107911,4.468058
David Peterson,2034,38,RP,20302,0.19125624,0.093003616,4.194384,4.547607
David Phelps,2034,47,RP,6316,0.14058478,0.08236375,4.2588196,4.5075397
David Price,2034,48,RP,3184,0.10288231,0.06924344,4.503696,5.081597
David Robertson,2034,49,RP,8241,0.14725114,0.082032576,4.237196,4.4500117
Derek Law,2034,43,RP,13133,0.13691798,0.08606368,4.314301,4.467888
Devin Williams,2034,39,RP,15816,0.20547569,0.10813801,4.2345414,4.3729687
Dillon Peters,2034,41,RP,18790,0.1359894,0.08109531,4.382955,4.751445
Dillon Tate,2034,40,RP,17796,0.15195024,0.082365446,4.2637334,4.622963
Dinelson Lamet,2034,41,RP,17186,0.1832405,0.093692616,4.188589,4.451958
Domingo Tapia,2034,42,RP,12178,0.15436746,0.09269308,4.322775,4.375713
Dominic Leone,2034,42,RP,13763,0.14833903,0.08722772,4.372723,4.6127877
Drew Hutchison,2034,43,RP,10732,0.12187393,0.082325906,4.418205,4.649396
Drew Smith,2034,40,RP,17755,0.17502095,0.08771721,4.225595,4.5969844
Drew Smyly,2034,45,RP,11760,0.11377024,0.06856559,4.4885125,5.1308517
Drew VerHagen,2034,43,RP,13424,0.12351255,0.077230684,4.4866176,5.009031
Drey Jameson,2034,36,RP,26260,0.18971393,0.094858184,4.2032533,4.4985223
Duane Underwood Jr.,2034,39,RP,14677,0.16304329,0.08995172,4.2079906,4.4541807
Dylan Coleman,2034,37,RP,22276,0.18876305,0.09831681,4.2251043,4.470562
Dylan Covey,2034,42,RP,14825,0.107952245,0.068997614,4.640826,5.291765
Dylan Floro,2034,43,RP,13394,0.14743343,0.08173953,4.1269217,4.428088
Dylan Lee,2034,39,RP,19996,0.1758433,0.08156037,4.1283712,4.503148
Edwin Diaz,2034,40,RP,14710,0.22513966,0.11057178,4.0622535,4.3146863
Eli Morgan,2034,38,RP,20203,0.18569659,0.086447485,4.1514053,4.536644
Elieser Hernandez,2034,39,RP,16933,0.17578557,0.071067594,4.0752826,4.487837
Elvis Peguero,2034,37,RP,21652,0.17749035,0.093158625,4.201634,4.4760303
Emilio Pagan,2034,43,RP,14771,0.1560812,0.07835676,4.162539,4.5772877
Emmanuel Clase,2034,36,RP,21032,0.18549806,0.087019846,4.0584517,4.348086
Enyel De Los Santos,2034,38,RP,18403,0.1850022,0.09228055,4.2005086,4.5406404
Erasmo Ramirez,2034,44,RP,10314,0.08308947,0.04829668,4.6169634,5.3893414
Eric Stout,2034,41,RP,16873,0.15977208,0.0909981,4.2608547,4.474324
Erik Swanson,2034,40,RP,16587,0.1844993,0.08540868,4.1092286,4.5036144
Evan Phillips,2034,39,RP,17734,0.18566008,0.08163644,4.071101,4.424454
Felix Bautista,2034,39,RP,20666,0.19892824,0.0979759,4.208162,4.515944
Fernando Cruz,2034,44,RP,7048,0.16586536,0.08708272,4.1499834,4.4716616
Francisco Perez,2034,36,RP,21018,0.1842545,0.09580267,4.17608,4.445916
Gabe Speier,2034,39,RP,17170,0.17259456,0.08154292,4.1495953,4.534949
Garrett Richards,2034,46,RP,9784,0.09293901,0.06812536,4.529483,5.1544204
Garrett Whitlock,2034,38,RP,20191,0.17715272,0.07540845,4.052179,4.417478
Gavin Hollowell,2034,36,RP,25427,0.18066958,0.09449559,4.179659,4.4384727
Genesis Cabrera,2034,37,RP,17490,0.1870055,0.09605068,4.215349,4.49503
George Soriano,2034,35,RP,21863,0.19809556,0.098626755,4.1801734,4.4681854
Giovanny Gallegos,2034,42,RP,14986,0.17122483,0.07966857,4.03579,4.463053
Grant Anderson,2034,37,RP,20546,0.1764503,0.09254746,4.2225013,4.508916
Grant Hartwig,2034,36,RP,29946,0.1864812,0.09594566,4.2060285,4.492117
Greg Weissert,2034,39,RP,20375,0.17108469,0.089418404,4.2289934,4.5615435
Gregory Santos,2034,34,RP,21894,0.1964156,0.09747509,4.1073747,4.3849645
Gregory Soto,2034,39,RP,19677,0.17914987,0.0937015,4.223232,4.5086913
Griffin Jax,2034,39,RP,20253,0.17315714,0.08392042,4.18161,4.5775995
Gus Varland,2034,37,RP,24737,0.18228951,0.09603419,4.206034,4.4607463
Hansel Robles,2034,43,RP,11801,0.14898443,0.087876886,4.2731543,4.4810596
Hayden Wesneski,2034,36,RP,27581,0.18953358,0.0922569,4.2004805,4.5180264
Hector Neris,2034,45,RP,11804,0.15821408,0.08588876,4.1997633,4.5008116
Hirokazu Sawamura,2034,46,RP,27515,0.12846847,0.08651977,4.4134684,4.377071
Hobie Harris,2034,41,RP,18615,0.1465531,0.08859858,4.2267027,4.292615
Hoby Milner,2034,43,RP,13346,0.14880577,0.07045058,4.1530604,4.5800247
Huascar Brazoban,2034,44,RP,6107,0.14957693,0.089412056,4.3323765,4.460936
Hunter Harvey,2034,39,RP,15507,0.1789789,0.08392783,4.116406,4.4980717
Hunter Strickland,2034,45,RP,7836,0.12758116,0.082853556,4.357057,4.570103
Ian Gibaut,2034,40,RP,17871,0.16819556,0.08930732,4.2228227,4.5347238
Ian Hamilton,2034,39,RP,19261,0.18158564,0.091168426,4.196999,4.5284905
Ian Kennedy,2034,49,RP,6986,0.13336179,0.056913465,4.225341,4.693931
Isaiah Campbell,2034,36,RP,25551,0.20554118,0.09724403,4.203589,4.5052924
J.B. Wendelken,2034,41,RP,14506,0.15966588,0.09059258,4.245136,4.4517293
J.P. Feyereisen,2034,41,RP,16610,0.16275908,0.0908517,4.278256,4.512488
JT Chargois,2034,43,RP,13767,0.14009733,0.08382521,4.273872,4.535951
Jackson Kowar,2034,37,RP,21549,0.18465847,0.09713623,4.265967,4.5157604
Jacob Webb,2034,40,RP,19274,0.16813654,0.0914925,4.2660046,4.547393
Jaime Barria,2034,37,RP,18356,0.15803601,0.081497595,4.347609,4.6759105
Jake Bird,2034,38,RP,21267,0.16556607,0.08936459,4.118676,4.3398523
Jake Diekman,2034,47,RP,5003,0.19414489,0.09167725,4.0907006,4.0862513
Jake McGee,2034,47,RP,7550,0.10963355,0.06854391,4.3815427,4.9164453
Jake Woodford,2034,37,RP,18674,0.15666734,0.084455505,4.3319864,4.639898
Jakob Junis,2034,41,RP,13619,0.15759252,0.071029104,4.134656,4.611428
Jalen Beeks,2034,40,RP,17192,0.17504853,0.08884121,4.1960773,4.566364
James Karinchak,2034,38,RP,20151,0.20439558,0.09939185,4.2206426,4.335283
James McArthur,2034,37,RP,21527,0.17903528,0.08391201,4.125777,4.474539
James Norwood,2034,40,RP,16440,0.16291052,0.08980016,4.2375298,4.518269
Jandel Gustave,2034,41,RP,14665,0.15257755,0.08716286,4.289008,4.5797176
Jarlin Garcia,2034,41,RP,18282,0.15266125,0.0809032,4.260493,4.6248884
Jason Adam,2034,42,RP,11861,0.17774694,0.08589798,4.11817,4.4913535
Jason Alexander,2034,41,RP,19666,0.123466276,0.0766513,4.340003,4.6584606
Jason Foley,2034,38,RP,19531,0.1647453,0.08662504,4.1320877,4.4106674
Javier Assad,2034,36,RP,21741,0.18698728,0.096122086,4.2195277,4.4908404
Javy Guerra,2034,38,RP,17292,0.17245056,0.09550517,4.238121,4.4230103
Jay Jackson,2034,46,RP,7432,0.1424901,0.08130088,4.316155,4.6069
Jeff Brigham,2034,42,RP,16631,0.16142604,0.08365583,4.2144775,4.613581
Jeff Hoffman,2034,41,RP,17432,0.17067352,0.08924214,4.2191963,4.5679917
Jesse Chavez,2034,50,RP,5448,0.121748544,0.07629893,4.3020287,4.581199
Jesse Scholtens,2034,40,RP,19205,0.12422857,0.07354508,4.3955145,4.7745256
Jesus Tinoco,2034,39,RP,16300,0.16334265,0.09217642,4.289559,4.4870563
Jharel Cotton,2034,42,RP,13654,0.14190808,0.08393539,4.3790855,4.7462354
Jhoan Duran,2034,36,RP,21029,0.20733683,0.09046555,4.1145973,4.3984494
Jhony Brito,2034,36,RP,25386,0.1767452,0.09052285,4.2324605,4.522204
Jhoulys Chacin,2034,46,RP,2608,0.07625926,0.06285275,4.638671,5.3506136
Jimmy Cordero,2034,42,RP,15690,0.14738701,0.08199927,4.2964287,4.70482
Jimmy Herget,2034,40,RP,17556,0.1585215,0.08002262,4.2394366,4.6374283
Jimmy Lambert,2034,39,RP,19541,0.17153777,0.09129075,4.2546053,4.5598125
JoJo Romero,2034,37,RP,19574,0.19407131,0.09286818,4.1714606,4.518488
Joe Jacques,2034,39,RP,25178,0.14883305,0.08350394,4.206409,4.4723554
Joe Jimenez,2034,39,RP,15761,0.19283293,0.087996066,4.1083198,4.502089
Joe Kelly,2034,46,RP,9761,0.17350385,0.09004983,4.204691,4.357161
Joe La Sorsa,2034,36,RP,25481,0.17725697,0.09088511,4.2003937,4.490594
Joe Mantiply,2034,43,RP,14857,0.1341065,0.074634984,4.203699,4.609588
Joe Smith,2034,50,RP,3281,0.06198703,0.05833846,4.711986,5.465557
Joel Payamps,2034,40,RP,14332,0.16320361,0.07949368,4.2168884,4.5935144
Joey Wentz,2034,36,RP,19962,0.18197396,0.09337929,4.2669907,4.5835304
John Brebbia,2034,44,RP,12777,0.14458302,0.08172802,4.2626057,4.6387906
John Curtiss,2034,41,RP,16128,0.15527868,0.08250209,4.28005,4.6768556
John King,2034,39,RP,22051,0.14330521,0.080930725,4.224537,4.508483
John Schreiber,2034,40,RP,20020,0.17118081,0.090521425,4.2209888,4.5300508
Jonathan Hernandez,2034,37,RP,17464,0.18724908,0.09568016,4.2042437,4.497841
Jonathan Loaisiga,2034,39,RP,19753,0.14868493,0.08189793,4.2089725,4.4981413
Jordan Balazovic,2034,35,RP,21866,0.18350394,0.095123515,4.2096324,4.476749
Jordan Hicks,2034,37,RP,19618,0.19707611,0.09910411,4.205919,4.476347
Jordan Romano,2034,41,RP,16122,0.17560309,0.08814344,4.185775,4.545424
Jordan Weems,2034,41,RP,13190,0.16411234,0.08681697,4.248964,4.6128263
Jorge Lopez,2034,41,RP,14527,0.1324733,0.073329076,4.495341,5.066178
Jose A. Ferrer,2034,34,RP,24017,0.18760504,0.09657215,4.1699347,4.456248
Jose Alvarado,2034,39,RP,17780,0.2006528,0.1055261,4.253361,4.395444
Jose Alvarez,2034,45,RP,5358,0.12500407,0.08224687,4.343019,4.521598
Jose Cisnero,2034,45,RP,6399,0.1402264,0.08548217,4.321482,4.5496645
Jose Cuas,2034,40,RP,17701,0.16651097,0.0925163,4.264055,4.4883833
Jose Hernandez,2034,36,RP,22318,0.19872122,0.096700504,4.1808076,4.4948483
Jose Leclerc,2034,40,RP,14524,0.17834584,0.09317992,4.2532096,4.558604
Jose Ruiz,2034,39,RP,14552,0.17171991,0.09041338,4.2536325,4.574444
Jose Soriano,2034,35,RP,22100,0.21804154,0.1011503,4.1763296,4.4187665
Jose Urquidy,2034,39,RP,18413,0.14846836,0.07887756,4.367965,4.7633386
Josh Hader,2034,40,RP,14212,0.21846136,0.09735599,4.090768,4.1587725
Josh Rogers,2034,39,RP,18510,0.14108402,0.081797644,4.3860903,4.7008443
Josh Sborz,2034,40,RP,18323,0.1852729,0.09027652,4.1691594,4.552125
Josh Staumont,2034,40,RP,18335,0.1753039,0.09573099,4.265032,4.4067903
Josh Taylor,2034,41,RP,17359,0.17258887,0.08883691,4.201105,4.5644116
Josh Winckowski,2034,36,RP,22387,0.17027412,0.09009015,4.17765,4.4368186
Josh Winder,2034,37,RP,24606,0.16031498,0.08518975,4.259476,4.5570936
Jovani Moran,2034,37,RP,20422,0.20325458,0.10242398,4.211058,4.4509997
Julian Merryweather,2034,42,RP,16703,0.16648173,0.088880785,4.230166,4.5632925
Junior Fernandez,2034,37,RP,18496,0.18133134,0.09558795,4.2233315,4.4875126
Justin Bruihl,2034,37,RP,23779,0.17265098,0.091457754,4.217352,4.4969544
Justin Garza,2034,40,RP,19784,0.16155174,0.09140892,4.271736,4.5014753
Justin Grimm,2034,45,RP,11720,0.10458118,0.078475945,4.634541,5.2703524
Justin Lawrence,2034,39,RP,17639,0.17502151,0.09302571,4.1238155,4.308063
Justin Topa,2034,43,RP,15145,0.14005956,0.07402548,4.183169,4.5977845
Kaleb Ort,2034,42,RP,20061,0.13661644,0.08108085,4.309438,4.6603765
Keegan Akin,2034,39,RP,19362,0.17083612,0.08355502,4.217771,4.63124
Keegan Thompson,2034,39,RP,19795,0.17274696,0.09351234,4.2556915,4.511028
Ken Waldichuk,2034,36,RP,27681,0.18621506,0.09491209,4.2303433,4.5344777
Kendall Graveman,2034,43,RP,15514,0.1478315,0.0891048,4.354303,4.5218034
Kenley Jansen,2034,46,RP,3096,0.15646064,0.08441074,4.155782,4.4206285
Kevin Ginkel,2034,40,RP,19876,0.1714649,0.08905855,4.209017,4.5521355
Kevin Kelly,2034,36,RP,25679,0.1763211,0.08932034,4.138281,4.4179397
Keynan Middleton,2034,40,RP,15264,0.17413405,0.08832787,4.222022,4.5923066
Kirby Yates,2034,47,RP,9073,0.18371819,0.09164384,4.1584306,4.1991563
Kutter Crawford,2034,38,RP,20531,0.17581812,0.08959456,4.1981454,4.5346713
Kyle Finnegan,2034,42,RP,15009,0.15007117,0.08258571,4.300251,4.6662226
Kyle Muller,2034,36,RP,20167,0.18522781,0.09572943,4.264408,4.572646
Kyle Nelson,2034,37,RP,20515,0.18367454,0.092873886,4.192654,4.499157
Lane Ramsey,2034,37,RP,25071,0.17889234,0.09388069,4.183359,4.4502716
Lou Trivino,2034,42,RP,15043,0.15846488,0.08904618,4.258517,4.533483
Louie Varland,2034,36,RP,27691,0.18508556,0.09037377,4.1913843,4.5086117
Louis Head,2034,44,RP,13259,0.13116576,0.08012652,4.2836766,4.5797777
Lucas Erceg,2034,39,RP,19360,0.18278423,0.09596749,4.154119,4.32754
Lucas Gilbreath,2034,38,RP,21290,0.18149881,0.09546974,4.16561,4.373041
Lucas Sims,2034,40,RP,13470,0.18125221,0.09656762,4.2827725,4.474623
Luis Frias,2034,36,RP,21997,0.17936595,0.09492541,4.148124,4.3924856
Luis Garcia,2034,47,RP,6984,0.12505858,0.07792544,4.2362857,4.510125
Luis Medina,2034,35,RP,21649,0.19322291,0.0985297,4.2125325,4.5146637
Luke Jackson,2034,42,RP,11752,0.1666888,0.088041715,4.210295,4.5552697
Manny Banuelos,2034,43,RP,5365,0.14715286,0.08894812,4.322318,4.5038486
Mark Leiter Jr.,2034,43,RP,15551,0.16101971,0.07932047,4.1119804,4.5420856
Mark Melancon,2034,49,RP,4264,0.10070062,0.07271435,4.2224846,4.3041277
Martin Perez,2034,43,RP,6902,0.121963404,0.07833899,4.400918,4.7241855
Mason Englert,2034,34,RP,22288,0.17260993,0.08769754,4.253138,4.501501
Mason Thompson,2034,36,RP,21850,0.18029149,0.09415342,4.1871495,4.4616966
Matt Barnes,2034,44,RP,12863,0.14331809,0.08633259,4.2936783,4.510082
Matt Brash,2034,36,RP,25756,0.22461286,0.11568396,4.269586,4.4367895
Matt Carasiti,2034,42,RP,13276,0.13996871,0.0826448,4.138536,4.3186116
Matt Foster,2034,39,RP,19647,0.17242683,0.08922365,4.2208123,4.566427
Matt Koch,2034,43,RP,13420,0.09393961,0.061353285,4.6004257,5.201263
Matt Moore,2034,45,RP,1890,0.14375144,0.08282824,4.3022976,4.60234
Matt Strahm,2034,42,RP,13799,0.1661536,0.07968567,4.0860043,4.500547
Matt Wisler,2034,41,RP,12804,0.16672146,0.08237607,4.194088,4.5793877
Matthew Liberatore,2034,34,RP,22294,0.18641447,0.0958828,4.228256,4.5272923
Mauricio Llovera,2034,38,RP,20080,0.17307355,0.09174129,4.243856,4.5424037
Michael Fulmer,2034,41,RP,13218,0.16311653,0.08869293,4.2593746,4.583273
Michael Grove,2034,37,RP,23221,0.1764411,0.087767094,4.2499866,4.6051044
Michael King,2034,39,RP,19853,0.18853721,0.08749983,4.126345,4.5125704
Michael Rucker,2034,40,RP,19454,0.16345298,0.08782382,4.2595377,4.6054854
Michael Tonkin,2034,44,RP,10315,0.14641623,0.07872618,4.264043,4.725841
Miguel Castro,2034,39,RP,15684,0.1745993,0.09244527,4.2371664,4.531779
Mike Baumann,2034,38,RP,20206,0.1769211,0.094225414,4.228733,4.487718
Nate Pearson,2034,37,RP,20160,0.18911093,0.095770195,4.210349,4.516535
Nick Anderson,2034,43,RP,18337,0.17126837,0.084982686,4.0864472,4.4666677
Nick Martinez,2034,43,RP,12730,0.12892757,0.07592095,4.4596143,4.9480677
Nick Mears,2034,37,RP,25376,0.18387523,0.09605034,4.216369,4.476585
Nick Pivetta,2034,41,RP,15454,0.16791439,0.08489186,4.1952324,4.5948324
Nick Ramirez,2034,44,RP,12575,0.11194567,0.07267751,4.381104,4.8063045
Nick Robertson,2034,35,RP,26226,0.20022538,0.098766826,4.1644325,4.462934
Nick Sandlin,2034,37,RP,20517,0.19229536,0.09339212,4.2119484,4.5452604
Nick Wittgren,2034,43,RP,15594,0.10742089,0.06938208,4.5022273,5.0570135
Noe Ramirez,2034,44,RP,12800,0.1358617,0.08457896,4.3385477,4.5961328
Osvaldo Bido,2034,38,RP,23150,0.16519877,0.08875861,4.229969,4.529818
Paul Sewald,2034,44,RP,13892,0.17517076,0.087900914,4.106226,4.437841
Pete Fairbanks,2034,40,RP,17998,0.19359316,0.09658651,4.188535,4.4684644
Peter Lambert,2034,37,RP,17969,0.13148366,0.07103284,4.396967,4.7426925
Peter Strzelecki,2034,39,RP,21367,0.17265043,0.08956765,4.2080145,4.535764
Phil Bickford,2034,38,RP,18519,0.18855901,0.092941135,4.198483,4.541439
Phil Maton,2034,41,RP,18064,0.16947325,0.08621928,4.1976995,4.585229
Pierce Johnson,2034,43,RP,13435,0.17146222,0.08953375,4.189027,4.5185146
Rafael Montero,2034,43,RP,12760,0.15327612,0.08599748,4.2438545,4.5645976
Raisel Iglesias,2034,44,RP,17130,0.16618772,0.082022935,4.010522,4.3846674
Ralph Garza,2034,40,RP,17682,0.16057083,0.091713026,4.291227,4.4943905
Ray Kerr,2034,39,RP,23809,0.17797378,0.08774885,4.1860347,4.5552936
Reynaldo Lopez,2034,40,RP,16400,0.17719664,0.08876588,4.2096753,4.5778046
Richard Bleier,2034,47,RP,7803,0.08364692,0.06154931,4.2526455,4.6312323
Richard Lovelady,2034,38,RP,19337,0.18457659,0.093215376,4.203838,4.5308347
Roansy Contreras,2034,34,RP,22810,0.18922313,0.097163446,4.181428,4.470119
Rob Zastryzny,2034,42,RP,15094,0.1542959,0.090173885,4.2631135,4.413711
Robert Garcia,2034,38,RP,23363,0.18165852,0.09138315,4.194981,4.5261006
Robert Stephenson,2034,41,RP,13594,0.18104546,0.08551585,4.100448,4.5095506
Robert Suarez,2034,43,RP,30115,0.1544954,0.08522704,4.2387195,4.5534406
Ron Marinaccio,2034,38,RP,23488,0.19120626,0.09516304,4.2329097,4.54135
Ronel Blanco,2034,40,RP,19407,0.16162695,0.08856419,4.3048177,4.5980906
Rony Garcia,2034,36,RP,20430,0.18120174,0.091657974,4.2485557,4.567732
Ross Detwiler,2034,48,RP,2859,0.07998802,0.05592831,4.6845284,5.5368824
Ross Stripling,2034,44,RP,13273,0.09765658,0.042350307,4.4848814,5.261471
Rowan Wick,2034,41,RP,14646,0.16734867,0.09094683,4.248413,4.5334077
Ryan Borucki,2034,40,RP,16350,0.15035579,0.075880565,4.287841,4.686318
Ryan Brasier,2034,46,RP,5615,0.12897086,0.07757633,4.233888,4.584749
Ryan Helsley,2034,39,RP,18138,0.19854859,0.09699671,4.200359,4.5174828
Ryan Pressly,2034,45,RP,7005,0.16116141,0.08142773,4.0055833,4.360231
Ryan Thompson,2034,42,RP,16647,0.13853271,0.07727821,4.2880716,4.695044
Ryan Walker,2034,38,RP,20423,0.19038284,0.089853786,4.1725364,4.521702
Ryan Yarbrough,2034,42,RP,16502,0.09842129,0.045889545,4.552524,5.2515645
Ryne Stanek,2034,42,RP,15947,0.15992714,0.08941428,4.3048353,4.5849566
Sam Hentges,2034,37,RP,18548,0.19518942,0.09360345,4.1502414,4.4890084
Sam Long,2034,38,RP,25379,0.1663549,0.09010205,4.2506523,4.538301
Sam Moll,2034,42,RP,14874,0.15852776,0.08977331,4.271249,4.5096464
Sam Selman,2034,43,RP,13397,0.13914974,0.08106843,4.3444486,4.7446713
Sammy Peralta,2034,36,RP,25589,0.189527,0.09716489,4.184588,4.4564266
Scott Alexander,2034,44,RP,10591,0.11085549,0.07149697,4.237611,4.553686
Scott Barlow,2034,41,RP,14993,0.17046514,0.089463264,4.1969304,4.5208516
Scott Effross,2034,40,RP,18384,0.17270738,0.0824111,4.1401777,4.5388565
Scott McGough,2034,44,RP,12056,0.15144223,0.07650702,4.062808,4.461306
Sean Hjelle,2034,37,RP,21481,0.1832924,0.09364718,4.2159066,4.532983
Sean Manaea,2034,42,RP,15873,0.15414803,0.077980496,4.1920066,4.648842
Sean Poppen,2034,40,RP,19583,0.15954384,0.08871881,4.245481,4.526606
Seranthony Dominguez,2034,39,RP,19249,0.17589724,0.09024869,4.2311454,4.5665784
Sergio Romo,2034,51,RP,9817,0.056067113,0.05609856,4.727727,5.6755495
Seth Martinez,2034,39,RP,21045,0.17146382,0.090625554,4.225716,4.533581
Shawn Armstrong,2034,43,RP,12857,0.15229513,0.07490043,4.1258664,4.552439
Shelby Miller,2034,43,RP,10197,0.14344242,0.091684185,4.4077535,4.4418874
Shintaro Fujinami,2034,40,RP,31839,0.16288488,0.09249879,4.287054,4.5122705
Steve Cishek,2034,48,RP,6483,0.11588861,0.08316577,4.5299387,4.5398664
Steven Matz,2034,43,RP,13361,0.1387754,0.068430595,4.2295103,4.776887
Steven Okert,2034,42,RP,13580,0.16852027,0.08576201,4.1973343,4.5734816
Steven Wilson,2034,39,RP,20353,0.17560267,0.08983636,4.236416,4.575044
Tanner Banks,2034,42,RP,16990,0.14123552,0.08039322,4.280035,4.6364036
Tanner Scott,2034,39,RP,17586,0.19718441,0.1010102,4.230647,4.448647
Tayler Saucedo,2034,41,RP,17888,0.15074746,0.08732833,4.2380285,4.4562473
Tayler Scott,2034,42,RP,13652,0.12653589,0.07612388,4.502683,5.0612826
Taylor Clarke,2034,41,RP,17611,0.15572058,0.076791555,4.243519,4.7242503
Taylor Rogers,2034,43,RP,13449,0.17121671,0.089260094,4.1626015,4.464391
Thad Ward,2034,37,RP,21513,0.17923845,0.09544896,4.256424,4.519968
Thomas Hatch,2034,39,RP,19264,0.16582218,0.09089187,4.2506537,4.519474
Tim Herrin,2034,37,RP,25139,0.19185425,0.095291056,4.1829743,4.5008297
Tim Hill,2034,44,RP,16814,0.10137179,0.07052128,4.4482226,4.874808
Tim Mayza,2034,42,RP,15042,0.15399693,0.07990951,4.2035046,4.5938263
Tom Cosgrove,2034,38,RP,23443,0.17276089,0.0900013,4.208351,4.4888716
Tommy Doyle,2034,38,RP,21281,0.1608664,0.08864028,4.1409388,4.352984
Tommy Kahnle,2034,44,RP,11384,0.1641693,0.086145066,4.182361,4.522031
Tommy Nance,2034,43,RP,19178,0.15501162,0.0840652,4.2227235,4.5988164
Trent Thornton,2034,40,RP,17948,0.1502192,0.074857764,4.325053,4.7447243
Trevor Gott,2034,41,RP,15046,0.153482,0.08051903,4.257727,4.686799
Trevor May,2034,44,RP,6398,0.14614521,0.08724338,4.3168435,4.515064
Trevor Megill,2034,40,RP,17722,0.18251479,0.08877855,4.1450367,4.542174
Trevor Richards,2034,41,RP,19309,0.19141829,0.09811738,4.2341857,4.225952
Trevor Stephan,2034,38,RP,19932,0.1889983,0.089940526,4.1760473,4.5459595
Trey Wingenter,2034,40,RP,17793,0.19037107,0.093995094,4.181762,4.5354867
Tristan Beck,2034,38,RP,21584,0.15348013,0.079344764,4.2352037,4.5680065
Tucker Davidson,2034,38,RP,19871,0.16709705,0.09025084,4.279733,4.589473
Ty Blach,2034,43,RP,14361,0.08673101,0.060611416,4.552427,5.1282616
Tyler Alexander,2034,39,RP,17735,0.14961787,0.060311463,4.2473693,4.680523
Tyler Beede,2034,41,RP,16981,0.13589267,0.08030282,4.41017,4.834648
Tyler Danish,2034,39,RP,15126,0.15113069,0.0830515,4.278513,4.604185
Tyler Holton,2034,38,RP,26231,0.16667566,0.07823583,4.139979,4.442823
Tyler Kinley,2034,43,RP,18297,0.13808993,0.079895526,4.201157,4.517001
Tyler Matzek,2034,43,RP,10058,0.1541703,0.09592947,4.454916,4.345684
Tyler Rogers,2034,43,RP,15541,0.1292475,0.077977665,4.2416587,4.533308
Victor Arano,2034,39,RP,15915,0.17735039,0.08831895,4.1870728,4.5560718
Victor Gonzalez,2034,38,RP,16408,0.1805051,0.092403986,4.2029047,4.5174108
Wandy Peralta,2034,42,RP,14295,0.15018356,0.09053051,4.355298,4.4951878
Will Smith,2034,44,RP,8048,0.1463811,0.07782587,4.2298465,4.6582513
Will Vest,2034,39,RP,19769,0.17807207,0.088848546,4.1629424,4.52486
Wily Peralta,2034,45,RP,7738,0.10209421,0.08874321,4.6583214,3.9312024
Wyatt Mills,2034,39,RP,20010,0.1651648,0.09032188,4.2591963,4.5559454
Xzavion Curry,2034,35,RP,25595,0.1715556,0.08956906,4.226402,4.481313
Yency Almonte,2034,40,RP,15068,0.16626035,0.09028149,4.2488613,4.547812
Yennier Cano,2034,40,RP,25911,0.16317722,0.08767242,4.2115364,4.531274
Yerry De Los Santos,2034,36,RP,21420,0.18677461,0.09648622,4.1689596,4.431743
Yimi Garcia,2034,43,RP,12095,0.15541932,0.07641422,4.105229,4.544446
Yohan Ramirez,2034,39,RP,19444,0.16943939,0.09101127,4.262325,4.560349
Yonny Chirinos,2034,40,RP,16401,0.13098744,0.07132279,4.4782486,4.967285
Yunior Marte,2034,39,RP,14416,0.16284062,0.08920319,4.2522717,4.54692
Zach Jackson,2034,39,RP,19493,0.18821684,0.103262626,4.313738,4.374336
Zach Thompson,2034,40,RP,16094,0.15441507,0.08758675,4.246052,4.501324
Zack Littell,2034,38,RP,15823,0.16094004,0.07082135,4.1988244,4.5680056
Zack Thompson,2034,36,RP,25918,0.19208352,0.09689324,4.1947336,4.479355
Aaron Civale,2034,39,SP,19479,0.17002001,0.07359657,4.528574,4.336344
Aaron Nola,2034,41,SP,16149,0.15815423,0.081399575,4.6120152,4.449627
Adam Wainwright,2034,52,SP,2233,0.07276622,0.04300642,4.700389,4.832436
Adrian Houser,2034,41,SP,12718,0.17036039,0.08920094,4.489984,4.8274407
Adrian Sampson,2034,42,SP,13339,0.14141698,0.064394355,4.656431,4.3303633
Alek Manoah,2034,36,SP,26410,0.19595332,0.08547221,4.384276,4.407905
Alex Cobb,2034,46,SP,6562,0.1291964,0.07257458,4.628344,4.7999926
Alex Faedo,2034,38,SP,19874,0.18088171,0.09049395,4.399665,4.464449
Andrew Abbott,2034,35,SP,29911,0.20204136,0.08331952,4.4796877,4.365355
Andrew Heaney,2034,43,SP,15423,0.14251122,0.073951036,4.762005,4.424281
Anibal Sanchez,2034,50,SP,3284,0.10833658,0.059826866,4.8326592,4.8452277
Anthony DeSclafani,2034,44,SP,13050,0.12599027,0.06725042,4.661568,4.437217
Austin Gomber,2034,40,SP,16561,0.16132583,0.085602656,4.4120035,4.518298
Bailey Ober,2034,38,SP,21224,0.17013757,0.060280263,4.740553,4.236928
Blake Snell,2034,41,SP,13543,0.17602606,0.094206095,4.0569425,4.1601496
Bobby Miller,2034,35,SP,27483,0.19952571,0.08061029,4.434527,4.3676085
Brad Keller,2034,38,SP,15734,0.18276043,0.093279116,4.2988033,4.4760914
Brady Singer,2034,37,SP,25377,0.18975931,0.0842245,4.3699784,4.3953643
Brandon Bielak,2034,38,SP,19866,0.187423,0.095931046,4.371635,4.4949703
Brandon Pfaadt,2034,35,SP,27782,0.17077106,0.05650881,4.3588657,4.707983
Brandon Williamson,2034,36,SP,25463,0.19653368,0.08170502,4.264995,4.455348
Brandon Woodruff,2034,41,SP,16162,0.15433083,0.07833304,4.714966,4.400484
Braxton Garrett,2034,36,SP,21844,0.19203484,0.077765964,4.5264745,4.3624177
Brayan Bello,2034,35,SP,23920,0.18965173,0.0935382,4.2211666,4.35463
Bryan Woo,2034,34,SP,30279,0.21006954,0.08207958,4.327338,4.308811
Bryce Elder,2034,35,SP,27779,0.2066337,0.09202774,4.2894115,4.451871
Bryce Miller,2034,35,SP,29837,0.175952,0.05571593,4.515126,4.5237927
Cal Quantrill,2034,39,SP,19312,0.17557174,0.09181956,4.370502,4.516748
Carlos Carrasco,2034,47,SP,6632,0.107960686,0.06614956,4.734084,4.613625
Carlos Rodon,2034,41,SP,16137,0.17113468,0.08379769,4.5559115,4.5875235
Charlie Morton,2034,50,SP,4676,0.08484276,0.03348963,4.6185417,4.7510266
Chase Anderson,2034,46,SP,6895,0.11157033,0.06855621,4.7804265,4.511225
Chris Archer,2034,45,SP,6345,0.15356417,0.07237387,4.5557055,4.8902464
Chris Bassitt,2034,45,SP,12304,0.13481873,0.067652896,4.859894,4.45581
Chris Sale,2034,45,SP,10603,0.1341999,0.07579992,4.6118617,4.728472
Clarke Schmidt,2034,38,SP,19899,0.18174279,0.08181462,4.562965,4.334864
Clayton Kershaw,2034,46,SP,2036,0.13656475,0.06896725,4.7406187,4.697136
Colin Rea,2034,43,SP,12317,0.14810315,0.07875967,4.667972,4.572113
Corbin Burnes,2034,39,SP,19361,0.17327803,0.09475851,4.55925,4.533141
Cristian Javier,2034,37,SP,17606,0.18506944,0.07573474,4.647788,4.294618
Cristopher Sanchez,2034,37,SP,20778,0.18864696,0.0800557,4.4913645,4.345973
Daniel Lynch IV,2034,37,SP,21537,0.18893664,0.08731986,4.267206,4.432645
Dean Kremer,2034,38,SP,19350,0.17386729,0.07189229,4.3679786,4.398678
Domingo German,2034,41,SP,17149,0.14502099,0.053751156,4.6561875,4.268681
Drew Rasmussen,2034,38,SP,25385,0.18071991,0.089963034,4.550269,4.435078
Dustin May,2034,36,SP,19716,0.19561549,0.08110704,4.5133667,4.3469653
Dylan Bundy,2034,41,SP,12917,0.13552795,0.05102103,4.4218564,4.410305
Dylan Cease,2034,38,SP,18525,0.18180001,0.09145542,4.4563723,4.3833947
Eduardo Rodriguez,2034,41,SP,13164,0.16341235,0.08565586,4.6037936,4.557249
Edward Cabrera,2034,36,SP,21690,0.19982783,0.09920523,4.4098716,4.434129
Emmet Sheehan,2034,34,SP,29839,0.2204555,0.08829487,4.1533866,4.2436037
Eric Lauer,2034,39,SP,19316,0.1735254,0.076648034,4.4838395,4.3359942
Erick Fedde,2034,41,SP,17425,0.16014488,0.088012435,4.5572157,4.6296725
Eury Perez,2034,31,SP,27768,0.25119412,0.053264894,3.903407,3.6181555
Framber Valdez,2034,40,SP,17295,0.17237876,0.088328086,4.5645757,4.5719814
Freddy Peralta,2034,38,SP,18679,0.17823744,0.082605265,4.523596,4.3348494
Gavin Williams,2034,34,SP,30122,0.20036615,0.07784764,4.5402136,4.4175177
George Kirby,2034,36,SP,25436,0.18810417,0.07312188,4.5185595,4.3455725
Gerrit Cole,2034,43,SP,13125,0.1425559,0.08085564,4.675633,4.5827875
Graham Ashcraft,2034,36,SP,27552,0.19657604,0.08819249,4.2066054,4.4848585
Grayson Rodriguez,2034,34,SP,24492,0.21685651,0.083221175,4.1523495,4.199663
Griffin Canning,2034,38,SP,19867,0.18094665,0.080463685,4.467914,4.359459
Humberto Castellanos,2034,36,SP,21183,0.19876128,0.08590038,4.206921,4.4563546
Hunter Brown,2034,35,SP,25880,0.20696926,0.08341958,4.2538466,4.2400107
Hunter Greene,2034,34,SP,22182,0.21973953,0.073587656,4.083908,4.007332
Hyun-Jin Ryu,2034,47,SP,14444,0.118549734,0.066944,4.7613626,4.6612105
Ian Anderson,2034,36,SP,19951,0.19821367,0.100337274,4.335177,4.435445
J.P. France,2034,39,SP,21212,0.1755563,0.08722181,4.3312635,4.4503226
JP Sears,2034,38,SP,23429,0.17170738,0.06682805,4.3642244,4.402186
JT Brubaker,2034,40,SP,17578,0.16568774,0.087751925,4.530058,4.5142465
Jack Flaherty,2034,38,SP,17479,0.1829197,0.095431626,4.5539355,4.5349245
Jacob deGrom,2034,46,SP,10954,0.117515266,0.088494495,4.411426,4.4881253
Jake Irvin,2034,37,SP,21504,0.1955222,0.08931184,4.2320194,4.411687
Jake Odorizzi,2034,44,SP,6397,0.1449273,0.07740835,4.6339927,4.6834455
James Paxton,2034,45,SP,11828,0.13545758,0.07411504,4.7121964,4.6323647
Jameson Taillon,2034,42,SP,11674,0.13915347,0.06146695,4.6231833,4.3318243
Jared Shuster,2034,35,SP,27472,0.18946312,0.091362424,4.3043385,4.577258
Jesus Luzardo,2034,36,SP,19959,0.19809362,0.085689865,4.342582,4.283556
Joan Adon,2034,35,SP,22925,0.21016455,0.09633265,4.2143993,4.461107
Joe Musgrove,2034,41,SP,12970,0.15506174,0.07233321,4.775951,4.300642
Joe Ryan,2034,38,SP,21390,0.17520508,0.068527244,4.6608014,4.2740054
Joey Lucchesi,2034,41,SP,19320,0.15450852,0.083346605,4.5438175,4.514778
Johan Oviedo,2034,36,SP,22487,0.20320378,0.099988826,4.3221464,4.4439797
Jon Gray,2034,42,SP,14916,0.1487812,0.07714803,4.6715684,4.4400554
Jordan Lyles,2034,43,SP,7593,0.124175556,0.049685605,4.633537,4.3151193
Jordan Montgomery,2034,41,SP,16511,0.1590493,0.08142708,4.632982,4.447168
Jose Berrios,2034,40,SP,14168,0.16103183,0.070693515,4.6037927,4.3194914
Jose Quintana,2034,45,SP,11423,0.15805052,0.06913843,4.41026,5.0524864
Jose Urena,2034,42,SP,11589,0.15181376,0.080589734,4.652604,4.5005193
Josiah Gray,2034,36,SP,24580,0.19333255,0.0817731,4.334125,4.433934
Julio Urias,2034,37,SP,14765,0.17107719,0.055525906,4.79638,4.24237
Justin Dunn,2034,38,SP,19268,0.1758249,0.070751175,4.337264,4.3985724
Justin Steele,2034,38,SP,17312,0.18036172,0.08619301,4.5648785,4.3973265
Justin Verlander,2034,51,SP,8700,0.12132541,0.051668182,4.7267485,5.0411024
Kenta Maeda,2034,46,SP,18498,0.12231116,0.07002449,4.73151,4.6061153
Kevin Gausman,2034,43,SP,14107,0.15163732,0.08806066,4.5758905,4.8867354
Kodai Senga,2034,41,SP,31838,0.15754792,0.0827335,4.6965046,4.477757
Kyle Bradish,2034,37,SP,24586,0.1889241,0.08559365,4.547182,4.3658485
Kyle Freeland,2034,41,SP,16256,0.15202129,0.08200029,4.4266095,4.524127
Kyle Gibson,2034,46,SP,10123,0.120912,0.072272085,4.621204,4.7476892
Kyle Hendricks,2034,44,SP,12049,0.123472355,0.06310037,4.6575794,4.3996477
Lance Lynn,2034,47,SP,2520,0.11782153,0.06258291,4.9217415,4.4994125
Lance McCullers Jr.,2034,40,SP,14120,0.18096478,0.08554643,4.4812837,4.6176925
Logan Allen,2034,35,SP,27589,0.19288953,0.0722531,4.5587034,4.3969483
Logan Gilbert,2034,37,SP,22250,0.17961559,0.06668017,4.642687,4.306724
Logan Webb,2034,37,SP,17995,0.18530217,0.08146598,4.427522,4.3767123
Lucas Giolito,2034,39,SP,15474,0.16502501,0.0668862,4.4704285,4.354975
Luis Castillo,2034,41,SP,15689,0.15942758,0.078201726,4.7345476,4.377822
Luis Cessa,2034,42,SP,13345,0.14820641,0.087029845,4.424969,4.7621093
Luis Garcia,2034,37,SP,23735,0.18740565,0.08473412,4.5449166,4.3599195
Luis L. Ortiz,2034,35,SP,27646,0.19398026,0.09261211,4.3099966,4.5579348
Luis Severino,2034,40,SP,15890,0.14926116,0.050309278,4.571442,4.309528
Luke Weaver,2034,40,SP,16918,0.14416194,0.05445654,4.3700905,4.4352145
MacKenzie Gore,2034,35,SP,22201,0.21182534,0.09623606,4.3580194,4.3416657
Marco Gonzales,2034,42,SP,15467,0.14404015,0.065045536,4.764351,4.283973
Marcus Stroman,2034,43,SP,13431,0.16586092,0.078383096,4.50981,4.791074
Matt Manning,2034,36,SP,20369,0.19887352,0.08464732,4.216241,4.445963
Matthew Boyd,2034,43,SP,15440,0.13484915,0.07297597,4.592365,4.4773016
Max Fried,2034,40,SP,13743,0.16393667,0.08617733,4.6079893,4.4681263
Max Scherzer,2034,49,SP,3137,0.12621523,0.057759527,4.686902,4.904236
Merrill Kelly,2034,45,SP,11156,0.15294266,0.07008663,4.604484,4.7518635
Michael Kopech,2034,38,SP,17282,0.17757873,0.08210986,4.2673445,4.4575605
Michael Lorenzen,2034,42,SP,14843,0.16611703,0.08561108,4.4529557,4.9415364
Michael Pineda,2034,45,SP,5372,0.11231253,0.05443602,4.724494,4.3471146
Michael Wacha,2034,42,SP,14078,0.1494928,0.07481196,4.756801,4.3803897
Mike Clevinger,2034,43,SP,12808,0.14771463,0.07643943,4.7489533,4.4899383
Mike Minor,2034,46,SP,10021,0.12020784,0.0684936,4.766618,4.572738
Miles Mikolas,2034,45,SP,9803,0.11345684,0.060165934,4.665999,4.4193215
Mitch Keller,2034,38,SP,17594,0.18274973,0.09047863,4.5437856,4.433311
Nathan Eovaldi,2034,44,SP,9132,0.15200534,0.076631464,4.600579,4.732124
Nestor Cortes,2034,39,SP,17874,0.16957587,0.07102855,4.750987,4.234357
Nick Lodolo,2034,36,SP,26378,0.19289012,0.079182245,4.496142,4.3018336
Noah Syndergaard,2034,41,SP,11762,0.1343769,0.04980455,4.4131494,4.418371
Pablo Lopez,2034,38,SP,17085,0.17901324,0.08641836,4.548464,4.3983817
Patrick Corbin,2034,44,SP,9323,0.12693399,0.06888755,4.6727195,4.4536977
Patrick Sandoval,2034,37,SP,19447,0.18707143,0.100451656,4.326982,4.5110936
Paul Blackburn,2034,40,SP,14739,0.16789693,0.09070456,4.5155725,4.601656
Quinn Priester,2034,33,SP,25977,0.19314088,0.089534774,4.3358684,4.675318
Ranger Suarez,2034,38,SP,17277,0.18557113,0.09744928,4.461116,4.561715
Reese Olson,2034,34,SP,24968,0.20896968,0.07960011,4.3196235,4.2781806
Reid Detmers,2034,34,SP,27468,0.22816353,0.08480636,3.9797807,4.0536036
Rich Hill,2034,54,SP,4806,0.068850495,0.026013209,4.8179283,4.799391
Ryan Feltner,2034,37,SP,21446,0.18748814,0.09368953,4.252863,4.475233
Ryan Weathers,2034,34,SP,23796,0.19593732,0.08020648,4.2535214,4.6998744
Ryne Nelson,2034,36,SP,26253,0.19320972,0.080336116,4.2040997,4.50804
Sandy Alcantara,2034,38,SP,18684,0.1820638,0.0845784,4.4661093,4.385321
Seth Lugo,2034,44,SP,12447,0.1386197,0.07204883,4.7922893,4.4643703
Shane Bieber,2034,39,SP,19427,0.17467934,0.08952053,4.5428085,4.4718056
Shane McClanahan,2034,37,SP,21483,0.18827198,0.08689121,4.5127707,4.366253
Shohei Ohtani,2034,39,SP,19755,0.16997558,0.083715126,4.582725,4.373876
Sonny Gray,2034,44,SP,12768,0.15080044,0.08354277,4.519064,5.049628
Spencer Strider,2034,35,SP,27498,0.2508874,0.058355656,3.3534737,3.150788
Spencer Turnbull,2034,41,SP,16207,0.16941169,0.08815981,4.4858866,4.8064113
Taijuan Walker,2034,41,SP,11836,0.16466379,0.08858866,4.5589495,4.6739626
Taj Bradley,2034,33,SP,22543,0.22958364,0.08057238,4.041321,4.097174
Tanner Bibee,2034,35,SP,30134,0.19833122,0.078843385,4.4941874,4.3763285
Tanner Houck,2034,38,SP,19879,0.18458098,0.09622118,4.495253,4.534322
Tarik Skubal,2034,37,SP,22267,0.1843324,0.077625744,4.5506177,4.316973
Tommy Henry,2034,36,SP,26285,0.20647053,0.09198813,4.208387,4.4066186
Tony Gonsolin,2034,40,SP,19388,0.16709374,0.08213431,4.599812,4.3852577
Touki Toussaint,2034,38,SP,16929,0.18323195,0.09278736,4.3187203,4.4833527
Trevor Williams,2034,42,SP,16977,0.13485146,0.046607,4.7881513,4.206842
Tyler Anderson,2034,44,SP,12880,0.15554841,0.07611442,4.549175,4.8112645
Tyler Glasnow,2034,40,SP,14374,0.16256689,0.0890779,4.5425344,4.4431477
Tyler Wells,2034,39,SP,20000,0.15195358,0.041011803,4.888134,4.162942
Tylor Megill,2034,38,SP,21318,0.17624038,0.082034834,4.336561,4.4355865
Vince Velasquez,2034,42,SP,11189,0.15407874,0.08588282,4.5421367,4.713566
Vladimir Gutierrez,2034,38,SP,19278,0.18629259,0.09416926,4.3389683,4.4800186
Wade Miley,2034,47,SP,8779,0.13260694,0.06639329,4.667675,4.7951226
Walker Buehler,2034,39,SP,19374,0.17351578,0.08481504,4.583999,4.402159
Yu Darvish,2034,47,SP,13074,0.13092539,0.06828877,4.5677605,4.95511
Yusei Kikuchi,2034,43,SP,20633,0.12307265,0.06383361,4.7883377,4.331724
Zac Gallen,2034,38,SP,19291,0.1795291,0.08715474,4.546513,4.4091673
Zach Davies,2034,41,SP,13183,0.16781601,0.08844694,4.5050426,4.781724
Zach Eflin,2034,40,SP,13774,0.15993664,0.0735984,4.5532665,4.369244
Zack Greinke,2034,50,SP,1943,0.07898321,0.05111175,4.8484044,4.5425587
Zack Wheeler,2034,44,SP,10310,0.13460171,0.08284067,4.6020203,4.7492104
A.J. Minter,2035,41,RP,18655,0.17782496,0.08936532,4.1317697,4.4888635
A.J. Puk,2035,40,RP,19343,0.17903438,0.0842273,4.126285,4.531031
Aaron Ashby,2035,37,RP,23550,0.19370577,0.09450798,4.1862698,4.52148
Aaron Bummer,2035,41,RP,16258,0.18404885,0.09673024,4.2432127,4.3225493
Aaron Loup,2035,47,RP,10343,0.11587061,0.07711028,4.272688,4.5057716
Aaron Sanchez,2035,42,RP,11490,0.10472006,0.06707452,4.640793,5.2887034
Abner Uribe,2035,35,RP,25327,0.22209416,0.102531604,4.161644,4.3528175
Adam Cimber,2035,44,RP,15288,0.110299565,0.07199604,4.38093,4.784564
Adam Ottavino,2035,49,RP,1247,0.12276748,0.079983786,4.382217,4.61969
Adbert Alzolay,2035,40,RP,17859,0.17776325,0.0813418,4.098382,4.5048203
Adrian Martinez,2035,38,RP,21023,0.16315833,0.08508471,4.2950034,4.6575456
Albert Abreu,2035,39,RP,17485,0.17158483,0.09262329,4.2483974,4.5209274
Alec Marsh,2035,37,RP,27451,0.1883113,0.09610885,4.2123528,4.5045414
Alex Lange,2035,39,RP,19883,0.1826535,0.094737925,4.2459116,4.519277
Alex Vesia,2035,39,RP,25007,0.1861039,0.090119414,4.191925,4.5631404
Alex Wood,2035,44,RP,13781,0.12791505,0.07964296,4.3033795,4.635668
Alex Young,2035,41,RP,18333,0.1401294,0.081596635,4.357133,4.726259
Alexis Diaz,2035,38,RP,21132,0.19097863,0.09758918,4.2446656,4.4859147
Amir Garrett,2035,43,RP,14375,0.15460113,0.09181102,4.341124,4.4155107
Amos Willingham,2035,36,RP,26128,0.1599133,0.084304854,4.2930303,4.57438
Andre Jackson,2035,39,RP,21298,0.16710691,0.090589754,4.239551,4.522033
Andre Pallante,2035,36,RP,26108,0.17285338,0.09232658,4.1807942,4.4238806
Andres Machado,2035,42,RP,14681,0.13096188,0.07722875,4.4053674,4.8417077
Andres Munoz,2035,36,RP,20373,0.21538164,0.09689955,4.1469097,4.452369
Andrew Bellatti,2035,43,RP,10657,0.15305217,0.087086886,4.2738867,4.5627146
Andrew Chafin,2035,45,RP,12988,0.14568932,0.08551626,4.2712674,4.5153937
Andrew Nardi,2035,36,RP,25942,0.19946866,0.09695432,4.188127,4.509733
Andrew Vasquez,2035,41,RP,19482,0.15157756,0.08774942,4.2519307,4.4700837
Andrew Wantz,2035,39,RP,24933,0.17328538,0.0903676,4.2278395,4.5530777
Angel Perdomo,2035,41,RP,17759,0.18245025,0.09600414,4.2508254,4.4243693
Angel Zerpa,2035,35,RP,22717,0.17576702,0.09123746,4.1899347,4.4543786
Anthony Bass,2035,47,RP,7982,0.11886461,0.0797263,4.4088116,4.6593537
Anthony Bender,2035,40,RP,19742,0.16780205,0.087989405,4.2200236,4.5580053
Anthony Gose,2035,44,RP,5097,0.15088333,0.08422473,4.235059,4.5409856
Aroldis Chapman,2035,47,RP,10233,0.23247187,0.08973802,3.7666256,3.7681606
Art Warren,2035,42,RP,18251,0.1631187,0.08950999,4.2283936,4.497587
Austin Adams,2035,44,RP,13801,0.15638635,0.08818105,4.2698045,4.5446844
Austin Cox,2035,38,RP,24604,0.18000382,0.09493841,4.1890883,4.431117
Austin Davis,2035,42,RP,17117,0.15460585,0.08894338,4.2746305,4.5206213
Austin Pruitt,2035,45,RP,15290,0.0943562,0.06415698,4.5106473,5.0635023
Austin Voth,2035,43,RP,15047,0.12202848,0.07167028,4.4631457,5.0502186
Bailey Falter,2035,38,RP,20070,0.15783882,0.07529328,4.274645,4.664065
Beau Brieske,2035,37,RP,26079,0.1663767,0.08834764,4.240983,4.524988
Ben Heller,2035,43,RP,15100,0.14206609,0.087690316,4.3214383,4.46339
Ben Lively,2035,43,RP,14932,0.1118149,0.0674472,4.535601,5.174417
Blake Taylor,2035,39,RP,16418,0.1701346,0.09342978,4.2364645,4.4545183
Bowden Francis,2035,39,RP,20548,0.1708486,0.08129247,4.170514,4.526962
Brad Boxberger,2035,47,RP,10133,0.123476595,0.08262228,4.4118834,4.592025
Brad Hand,2035,45,RP,9111,0.13302727,0.08370145,4.3029346,4.5086317
Brendan White,2035,36,RP,26024,0.19437434,0.09701345,4.171408,4.4741592
Brennan Bernardino,2035,43,RP,16835,0.14455985,0.0788276,4.153069,4.4997287
Brent Honeywell,2035,40,RP,16466,0.14869681,0.08497819,4.3112135,4.6142206
Brent Suter,2035,45,RP,13942,0.11968526,0.07517769,4.0996614,4.2565174
Brett Martin,2035,40,RP,17369,0.15712243,0.08820565,4.21697,4.4636035
Brock Burke,2035,38,RP,17968,0.17610237,0.07997012,4.1560526,4.514982
Brock Stewart,2035,43,RP,16727,0.15904869,0.08366875,4.199803,4.5742345
Brooks Raley,2035,47,RP,10061,0.13568245,0.081482194,4.2733765,4.554409
Brusdar Graterol,2035,36,RP,20367,0.17901587,0.091467805,4.149694,4.41868
Bryan Abreu,2035,38,RP,16609,0.19764791,0.09725805,4.2150264,4.5089593
Bryan Baker,2035,40,RP,19804,0.17320043,0.0920391,4.2136874,4.487721
Bryan Hoeing,2035,38,RP,26304,0.14561369,0.07904597,4.3706293,4.7401137
Bryan Shaw,2035,47,RP,8110,0.10454511,0.07667077,4.4256434,4.759308
Bryse Wilson,2035,37,RP,19990,0.16621679,0.08662643,4.267469,4.578483
Buck Farmer,2035,44,RP,14814,0.13486126,0.083699614,4.3209987,4.5770917
Caleb Ferguson,2035,38,RP,19349,0.18411933,0.091838606,4.206437,4.5464835
Caleb Smith,2035,43,RP,14875,0.14159669,0.08787339,4.3846984,4.559313
Caleb Thielbar,2035,48,RP,10078,0.13899258,0.07689187,4.111754,4.440344
Calvin Faucher,2035,39,RP,20116,0.16375701,0.08948569,4.259778,4.5605187
Camilo Doval,2035,37,RP,21992,0.19629441,0.09387541,4.1703105,4.4983478
Carl Edwards Jr.,2035,43,RP,13607,0.14473106,0.088045225,4.298038,4.447207
Carlos Estevez,2035,42,RP,14542,0.15385738,0.08744339,4.271693,4.563291
Carlos Hernandez,2035,38,RP,22713,0.17725798,0.094453,4.2288566,4.4959135
Carmen Mlodzinski,2035,36,RP,27572,0.19094911,0.09693309,4.1884313,4.4607453
Casey Lawrence,2035,47,RP,11121,0.037281506,0.047290996,4.9923735,6.105499
Chad Kuhl,2035,42,RP,14975,0.13919845,0.087081954,4.38444,4.640554
Chase Silseth,2035,35,RP,30074,0.19516607,0.098350614,4.180243,4.4739656
Chasen Shreve,2035,44,RP,10855,0.12939169,0.07628941,4.354184,4.818871
Chris Devenski,2035,44,RP,12763,0.11596903,0.05968827,4.370629,5.074061
Chris Flexen,2035,40,RP,13896,0.12749612,0.071459256,4.510862,5.0182753
Chris Martin,2035,49,RP,11847,0.11540683,0.06618334,4.0087385,4.3486004
Chris Murphy,2035,37,RP,26214,0.18237068,0.094221525,4.162583,4.4356027
Chris Stratton,2035,44,RP,13761,0.13864422,0.08187963,4.2317567,4.528618
Cionel Perez,2035,39,RP,19614,0.17238346,0.09343231,4.222052,4.45062
Clay Holmes,2035,42,RP,13649,0.16195196,0.087775335,4.1897693,4.4818397
Cody Bolton,2035,37,RP,23265,0.18208557,0.09554643,4.1803885,4.4338155
Cody Bradford,2035,37,RP,27597,0.17076056,0.084695585,4.219047,4.55848
Cole Irvin,2035,41,RP,19244,0.12949473,0.068835236,4.408404,4.924746
Cole Ragans,2035,37,RP,21846,0.1867462,0.09562558,4.184643,4.4643893
Cole Sands,2035,37,RP,21461,0.18057734,0.09457319,4.2022734,4.4747863
Colin Holderman,2035,39,RP,22361,0.17146896,0.09208024,4.1889343,4.434735
Colin Poche,2035,41,RP,19403,0.16421387,0.08656289,4.240519,4.601157
Colin Selby,2035,37,RP,24986,0.23207206,0.091524,3.7672944,4.119401
Collin McHugh,2035,48,RP,7531,0.11447338,0.074734405,4.2588263,4.544876
Collin Snider,2035,39,RP,23307,0.15257554,0.08666698,4.213665,4.449939
Connor Brogdon,2035,40,RP,21205,0.16214372,0.08742033,4.244706,4.5721283
Connor Seabold,2035,39,RP,19695,0.13518068,0.07138152,4.5164785,5.025254
Corey Kluber,2035,49,RP,2429,0.054190442,0.052999735,4.6806574,5.575312
Corey Knebel,2035,43,RP,15010,0.15509878,0.08998737,4.301109,4.4962935
Cory Abbott,2035,39,RP,20277,0.16618161,0.08893212,4.2765975,4.611673
Craig Kimbrel,2035,47,RP,6655,0.16045092,0.087065555,4.2390075,4.4368386
Craig Stammen,2035,51,RP,7274,0.08239301,0.061286088,4.5208173,5.1310816
DL Hall,2035,36,RP,22207,0.19886635,0.09573869,4.165385,4.4923544
Dakota Hudson,2035,40,RP,19206,0.14446107,0.085238844,4.260989,4.492524
Dane Dunning,2035,40,RP,19409,0.15492228,0.08639269,4.2707486,4.5811687
Daniel Bard,2035,50,RP,7115,0.10844856,0.080828324,4.4470563,4.235451
Daniel Duarte,2035,38,RP,17480,0.17234746,0.094155975,4.2293224,4.442421
Daniel Palencia,2035,35,RP,27914,0.21211985,0.09742486,4.144655,4.432163
Danny Coulombe,2035,45,RP,13293,0.13673192,0.07974947,4.2271924,4.545512
Dany Jimenez,2035,41,RP,21170,0.16216779,0.09197834,4.2713428,4.4634147
Darren O'Day,2035,52,RP,3321,0.11091087,0.07505159,4.3995676,4.6213
Dauri Moreta,2035,39,RP,21101,0.17756483,0.089160465,4.204418,4.560714
David Bednar,2035,40,RP,19569,0.17716873,0.0879373,4.1375155,4.491799
David Peterson,2035,39,RP,20302,0.18201394,0.092012435,4.2132196,4.558304
David Phelps,2035,48,RP,6316,0.13130471,0.080429345,4.284416,4.5197854
David Price,2035,49,RP,3184,0.09366392,0.06807122,4.5123715,5.089368
David Robertson,2035,50,RP,8241,0.13634504,0.079653814,4.2735763,4.48418
Derek Law,2035,44,RP,13133,0.13109332,0.08457965,4.315772,4.4555755
Devin Williams,2035,40,RP,15816,0.20511653,0.0985953,4.182444,4.1806345
Dillon Peters,2035,42,RP,18790,0.12988624,0.08012654,4.3760486,4.7366023
Dillon Tate,2035,41,RP,17796,0.14528093,0.08177381,4.2717056,4.6220584
Dinelson Lamet,2035,42,RP,17186,0.17338903,0.09223844,4.215587,4.4446416
Domingo Tapia,2035,43,RP,12178,0.14775717,0.09077925,4.3287554,4.376757
Dominic Leone,2035,43,RP,13763,0.1412028,0.08597355,4.3731394,4.6095133
Drew Hutchison,2035,44,RP,10732,0.11681133,0.08100805,4.403639,4.6246686
Drew Smith,2035,41,RP,17755,0.166108,0.0869517,4.245427,4.60875
Drew Smyly,2035,46,RP,11760,0.104570225,0.06783354,4.498432,5.1418805
Drew VerHagen,2035,44,RP,13424,0.11599922,0.07591419,4.4801283,4.995615
Drey Jameson,2035,37,RP,26260,0.18296379,0.09357448,4.209695,4.505509
Duane Underwood Jr.,2035,40,RP,14677,0.15742154,0.088814914,4.215035,4.4445705
Dylan Coleman,2035,38,RP,22276,0.18189853,0.09657999,4.230734,4.459895
Dylan Covey,2035,43,RP,14825,0.100204244,0.06754786,4.631351,5.294174
Dylan Floro,2035,44,RP,13394,0.14023596,0.08079126,4.152476,4.4288874
Dylan Lee,2035,40,RP,19996,0.16758415,0.08179763,4.157919,4.540932
Edwin Diaz,2035,41,RP,14710,0.23239662,0.09544647,3.976557,4.072221
Eli Morgan,2035,39,RP,20203,0.17714334,0.086151116,4.1757035,4.5640707
Elieser Hernandez,2035,40,RP,16933,0.16731273,0.072496355,4.1150336,4.555102
Elvis Peguero,2035,38,RP,21652,0.17169954,0.09194921,4.2070565,4.47119
Emilio Pagan,2035,44,RP,14771,0.14696279,0.07821928,4.1957183,4.5988946
Emmanuel Clase,2035,37,RP,21032,0.17968379,0.087022536,4.0879226,4.395021
Enyel De Los Santos,2035,39,RP,18403,0.17676178,0.09116664,4.215384,4.546376
Erasmo Ramirez,2035,45,RP,10314,0.074191906,0.04827849,4.6332846,5.431761
Eric Stout,2035,42,RP,16873,0.15302274,0.089433394,4.269408,4.4643445
Erik Swanson,2035,41,RP,16587,0.17489916,0.08518314,4.1430416,4.534775
Evan Phillips,2035,40,RP,17734,0.17668809,0.082153656,4.107655,4.481779
Felix Bautista,2035,40,RP,20666,0.18873775,0.0960269,4.2285285,4.5272336
Fernando Cruz,2035,45,RP,7048,0.15622382,0.08534316,4.184167,4.4833426
Francisco Perez,2035,37,RP,21018,0.17901097,0.09442267,4.182596,4.4416966
Gabe Speier,2035,40,RP,17170,0.1645261,0.081683815,4.176553,4.56554
Garrett Richards,2035,47,RP,9784,0.085498445,0.06674271,4.5232096,5.1396155
Garrett Whitlock,2035,39,RP,20191,0.16956997,0.0764642,4.090514,4.480879
Gavin Hollowell,2035,37,RP,25427,0.17590208,0.093297,4.18491,4.4362407
Genesis Cabrera,2035,38,RP,17490,0.17985137,0.0944404,4.2226605,4.499142
George Soriano,2035,36,RP,21863,0.19186127,0.0970475,4.18686,4.470403
Giovanny Gallegos,2035,43,RP,14986,0.16171853,0.07971399,4.079366,4.4921703
Grant Anderson,2035,38,RP,20546,0.17049095,0.09135063,4.2253423,4.503098
Grant Hartwig,2035,37,RP,29946,0.1804311,0.094471574,4.2094707,4.4881034
Greg Weissert,2035,40,RP,20375,0.16365464,0.088398494,4.2398663,4.558199
Gregory Santos,2035,35,RP,21894,0.19249283,0.096412644,4.1250863,4.40451
Gregory Soto,2035,40,RP,19677,0.17134045,0.092258036,4.2358685,4.504327
Griffin Jax,2035,40,RP,20253,0.16499685,0.0836638,4.2039127,4.5961337
Gus Varland,2035,38,RP,24737,0.17622003,0.09452592,4.21207,4.453543
Hansel Robles,2035,44,RP,11801,0.14186418,0.08621836,4.284276,4.4740887
Hayden Wesneski,2035,37,RP,27581,0.18247709,0.09125087,4.20965,4.5345507
Hector Neris,2035,46,RP,11804,0.14853095,0.084077485,4.2306046,4.5120125
Hirokazu Sawamura,2035,47,RP,27515,0.121370204,0.084415205,4.4165406,4.3835397
Hobie Harris,2035,42,RP,18615,0.1419364,0.08730008,4.234652,4.2932587
Hoby Milner,2035,44,RP,13346,0.13987087,0.07131953,4.1900964,4.6228538
Huascar Brazoban,2035,45,RP,6107,0.14164259,0.087427594,4.3435254,4.46531
Hunter Harvey,2035,40,RP,15507,0.17054233,0.08387697,4.146101,4.527649
Hunter Strickland,2035,46,RP,7836,0.120849304,0.08124952,4.3597627,4.558982
Ian Gibaut,2035,41,RP,17871,0.16063218,0.08815698,4.236831,4.533912
Ian Hamilton,2035,40,RP,19261,0.1730879,0.09010396,4.2153025,4.5369062
Ian Kennedy,2035,50,RP,6986,0.121723786,0.05886063,4.2727327,4.7681246
Isaiah Campbell,2035,37,RP,25551,0.19647981,0.09559415,4.210236,4.521498
J.B. Wendelken,2035,42,RP,14506,0.152968,0.089086995,4.255767,4.445987
J.P. Feyereisen,2035,42,RP,16610,0.15528002,0.08944195,4.28821,4.507676
JT Chargois,2035,44,RP,13767,0.13348882,0.08258716,4.282295,4.526038
Jackson Kowar,2035,38,RP,21549,0.17731918,0.09555081,4.269741,4.529505
Jacob Webb,2035,41,RP,19274,0.16066338,0.090101026,4.274534,4.5401163
Jaime Barria,2035,38,RP,18356,0.15243575,0.08104178,4.3456836,4.695994
Jake Bird,2035,39,RP,21267,0.16108854,0.088529326,4.1339192,4.343029
Jake Diekman,2035,48,RP,5003,0.18003179,0.08981006,4.161105,4.2642226
Jake McGee,2035,48,RP,7550,0.100940734,0.06788702,4.3978977,4.92409
Jake Woodford,2035,38,RP,18674,0.1517605,0.08371122,4.3238063,4.6417823
Jakob Junis,2035,42,RP,13619,0.14893605,0.072007336,4.1715903,4.6516466
Jalen Beeks,2035,41,RP,17192,0.16648151,0.08784018,4.21708,4.5716147
James Karinchak,2035,39,RP,20151,0.19283429,0.09796076,4.261241,4.4743614
James McArthur,2035,38,RP,21527,0.17219865,0.083954364,4.149971,4.50848
James Norwood,2035,41,RP,16440,0.15618737,0.08853291,4.2460346,4.5065374
Jandel Gustave,2035,42,RP,14665,0.1459007,0.08596529,4.293154,4.5669065
Jarlin Garcia,2035,42,RP,18282,0.14505705,0.08054182,4.275586,4.63679
Jason Adam,2035,43,RP,11861,0.16772632,0.08517338,4.155261,4.516849
Jason Alexander,2035,42,RP,19666,0.11875428,0.07604027,4.33274,4.645577
Jason Foley,2035,39,RP,19531,0.15955725,0.08605863,4.1468887,4.4156885
Javier Assad,2035,37,RP,21741,0.18089359,0.094631895,4.221364,4.489923
Javy Guerra,2035,39,RP,17292,0.16719042,0.09392044,4.240616,4.411738
Jay Jackson,2035,47,RP,7432,0.13309062,0.08005383,4.339412,4.626651
Jeff Brigham,2035,43,RP,16631,0.15258361,0.08294625,4.238938,4.621813
Jeff Hoffman,2035,42,RP,17432,0.16195531,0.088043034,4.239655,4.567552
Jesse Chavez,2035,51,RP,5448,0.11208665,0.07429259,4.327925,4.596828
Jesse Scholtens,2035,41,RP,19205,0.119112626,0.073104516,4.3890343,4.775043
Jesus Tinoco,2035,40,RP,16300,0.15756002,0.090870366,4.2881446,4.478109
Jharel Cotton,2035,43,RP,13654,0.13481654,0.08272317,4.377338,4.731717
Jhoan Duran,2035,37,RP,21029,0.19835588,0.0898463,4.137834,4.463046
Jhony Brito,2035,37,RP,25386,0.1713793,0.0896533,4.2339506,4.52912
Jhoulys Chacin,2035,47,RP,2608,0.0689997,0.06129235,4.62558,5.337905
Jimmy Cordero,2035,43,RP,15690,0.13963753,0.08114477,4.3076644,4.69958
Jimmy Herget,2035,41,RP,17556,0.15077639,0.07989443,4.2573953,4.6552196
Jimmy Lambert,2035,40,RP,19541,0.16423021,0.09002634,4.2615614,4.5537157
JoJo Romero,2035,38,RP,19574,0.18588883,0.09157669,4.1861706,4.536909
Joe Jacques,2035,40,RP,25178,0.14418308,0.08291964,4.210555,4.466947
Joe Jimenez,2035,40,RP,15761,0.18305565,0.087625295,4.140044,4.5336227
Joe Kelly,2035,47,RP,9761,0.1615642,0.087729946,4.243081,4.380696
Joe La Sorsa,2035,37,RP,25481,0.17211893,0.09002723,4.2049923,4.4953566
Joe Mantiply,2035,44,RP,14857,0.12693925,0.07439181,4.223962,4.612999
Joe Smith,2035,51,RP,3281,0.05304812,0.056788154,4.706135,5.4745545
Joel Payamps,2035,41,RP,14332,0.15508899,0.079659976,4.2395434,4.6254854
Joey Wentz,2035,37,RP,19962,0.17562532,0.09198827,4.263327,4.577677
John Brebbia,2035,45,RP,12777,0.13623041,0.08062913,4.281818,4.638188
John Curtiss,2035,42,RP,16128,0.1473176,0.0818964,4.293683,4.6815724
John King,2035,40,RP,22051,0.13883758,0.080499716,4.2267075,4.504119
John Schreiber,2035,41,RP,20020,0.16332698,0.08928971,4.23618,4.527466
Jonathan Hernandez,2035,38,RP,17464,0.18009354,0.094189316,4.21241,4.4937353
Jonathan Loaisiga,2035,40,RP,19753,0.14369284,0.08148299,4.2151537,4.4984655
Jordan Balazovic,2035,36,RP,21866,0.17916141,0.09391648,4.2090054,4.4760284
Jordan Hicks,2035,38,RP,19618,0.19002485,0.09745069,4.2081046,4.414094
Jordan Romano,2035,42,RP,16122,0.16630848,0.08721254,4.2125025,4.5590754
Jordan Weems,2035,42,RP,13190,0.15577288,0.085860305,4.265518,4.6131983
Jorge Lopez,2035,42,RP,14527,0.124192424,0.072514474,4.498471,5.077927
Jose A. Ferrer,2035,35,RP,24017,0.18430133,0.0953623,4.173006,4.4523907
Jose Alvarado,2035,40,RP,17780,0.19723284,0.09862583,4.2201896,4.241965
Jose Alvarez,2035,46,RP,5358,0.11865628,0.08071079,4.3457193,4.511571
Jose Cisnero,2035,46,RP,6399,0.13233411,0.08363899,4.3330417,4.5453115
Jose Cuas,2035,41,RP,17701,0.15959617,0.09102833,4.271646,4.4813337
Jose Hernandez,2035,37,RP,22318,0.19080013,0.09522472,4.1914616,4.502837
Jose Leclerc,2035,41,RP,14524,0.16956572,0.09171267,4.26831,4.558753
Jose Ruiz,2035,40,RP,14552,0.16426642,0.089214504,4.2615924,4.5728884
Jose Soriano,2035,36,RP,22100,0.21049935,0.098220795,4.177584,4.4563856
Jose Urquidy,2035,40,RP,18413,0.14179613,0.07841746,4.3694363,4.7757277
Josh Hader,2035,41,RP,14212,0.19894943,0.101760864,4.1972957,4.3867188
Josh Rogers,2035,40,RP,18510,0.13597219,0.08097807,4.373404,4.693459
Josh Sborz,2035,41,RP,18323,0.17558165,0.08929498,4.1963863,4.5647836
Josh Staumont,2035,41,RP,18335,0.16745454,0.093975134,4.2807302,4.431872
Josh Taylor,2035,42,RP,17359,0.16377327,0.08763717,4.2241645,4.5707064
Josh Winckowski,2035,37,RP,22387,0.1664955,0.089352936,4.181469,4.4377203
Josh Winder,2035,38,RP,24606,0.15550667,0.08460184,4.2585297,4.5603824
Jovani Moran,2035,38,RP,20422,0.197526,0.09903323,4.2033205,4.3836894
Julian Merryweather,2035,43,RP,16703,0.1576193,0.08752044,4.251618,4.5620956
Junior Fernandez,2035,38,RP,18496,0.17516963,0.09408429,4.226213,4.4763317
Justin Bruihl,2035,38,RP,23779,0.16723931,0.090372734,4.2194915,4.4904504
Justin Garza,2035,41,RP,19784,0.15522648,0.08996156,4.2751794,4.487501
Justin Grimm,2035,46,RP,11720,0.097177014,0.075866655,4.6075587,5.23262
Justin Lawrence,2035,40,RP,17639,0.16887327,0.091670826,4.1473694,4.320663
Justin Topa,2035,44,RP,15145,0.13220264,0.07406298,4.2098517,4.6132717
Kaleb Ort,2035,43,RP,20061,0.13027675,0.080152445,4.3118877,4.6461754
Keegan Akin,2035,40,RP,19362,0.1626524,0.08322614,4.2369533,4.6463013
Keegan Thompson,2035,40,RP,19795,0.16581035,0.091976814,4.261306,4.502779
Ken Waldichuk,2035,37,RP,27681,0.17968251,0.09346599,4.2319603,4.5348043
Kendall Graveman,2035,44,RP,15514,0.14061636,0.08741064,4.3583393,4.5170503
Kenley Jansen,2035,47,RP,3096,0.14658202,0.082447484,4.191823,4.4418335
Kevin Ginkel,2035,41,RP,19876,0.16335563,0.08801181,4.226579,4.5518985
Kevin Kelly,2035,37,RP,25679,0.17167482,0.088804565,4.1515627,4.4332533
Keynan Middleton,2035,41,RP,15264,0.16538268,0.087456934,4.241188,4.598019
Kirby Yates,2035,48,RP,9073,0.1716894,0.08833824,4.208314,4.3240256
Kutter Crawford,2035,39,RP,20531,0.1686698,0.08869499,4.210257,4.535283
Kyle Finnegan,2035,43,RP,15009,0.14214872,0.0818403,4.312755,4.6699
Kyle Muller,2035,37,RP,20167,0.178641,0.094114006,4.2593656,4.55782
Kyle Nelson,2035,38,RP,20515,0.17676316,0.0917221,4.202478,4.5023303
Lane Ramsey,2035,38,RP,25071,0.17318961,0.092615426,4.191322,4.4461045
Lou Trivino,2035,43,RP,15043,0.15077434,0.08751911,4.2719355,4.5259366
Louie Varland,2035,37,RP,27691,0.17859657,0.089632675,4.202043,4.526469
Louis Head,2035,45,RP,13259,0.124408126,0.07905511,4.293144,4.572229
Lucas Erceg,2035,40,RP,19360,0.17549558,0.09429329,4.1791725,4.3490376
Lucas Gilbreath,2035,39,RP,21290,0.17518605,0.09401619,4.1826143,4.3791842
Lucas Sims,2035,41,RP,13470,0.17284225,0.09435523,4.294962,4.5002065
Luis Frias,2035,37,RP,21997,0.17536636,0.09372204,4.156429,4.3869476
Luis Garcia,2035,48,RP,6984,0.11721287,0.076376125,4.2565126,4.5101156
Luis Medina,2035,36,RP,21649,0.18714915,0.09676302,4.212293,4.504853
Luke Jackson,2035,43,RP,11752,0.157855,0.08674526,4.2337894,4.5579453
Manny Banuelos,2035,44,RP,5365,0.14021492,0.08716859,4.3275294,4.493732
Mark Leiter Jr.,2035,44,RP,15551,0.15162787,0.0790816,4.149849,4.56154
Mark Melancon,2035,50,RP,4264,0.094190806,0.071141,4.239176,4.31043
Martin Perez,2035,44,RP,6902,0.11606061,0.07740619,4.394515,4.7120934
Mason Englert,2035,35,RP,22288,0.16980948,0.08731581,4.2533407,4.52532
Mason Thompson,2035,37,RP,21850,0.17536466,0.09293187,4.190936,4.455478
Matt Barnes,2035,45,RP,12863,0.13596009,0.08460847,4.3045335,4.503379
Matt Brash,2035,37,RP,25756,0.22971538,0.1032855,4.19617,4.2628098
Matt Carasiti,2035,43,RP,13276,0.13482542,0.081698686,4.155023,4.3168473
Matt Foster,2035,40,RP,19647,0.16481373,0.08822348,4.233383,4.5647936
Matt Koch,2035,44,RP,13420,0.08683453,0.06072414,4.5975156,5.218229
Matt Moore,2035,46,RP,1890,0.1349921,0.08150012,4.3215513,4.6109896
Matt Strahm,2035,43,RP,13799,0.15696639,0.07966879,4.124573,4.5258546
Matt Wisler,2035,42,RP,12804,0.15789312,0.08214503,4.2204285,4.6024423
Matthew Liberatore,2035,35,RP,22294,0.18253902,0.094547994,4.2237477,4.5187497
Mauricio Llovera,2035,39,RP,20080,0.16646019,0.09048441,4.247482,4.535122
Michael Fulmer,2035,42,RP,13218,0.15522204,0.08745874,4.27217,4.5772853
Michael Grove,2035,38,RP,23221,0.169385,0.087035075,4.2570767,4.6145077
Michael King,2035,40,RP,19853,0.17917262,0.087097034,4.155674,4.5410986
Michael Rucker,2035,41,RP,19454,0.15599759,0.08676575,4.268859,4.5984464
Michael Tonkin,2035,45,RP,10315,0.1372114,0.07808195,4.2888393,4.7339406
Miguel Castro,2035,40,RP,15684,0.16714893,0.09109777,4.2467685,4.5258045
Mike Baumann,2035,39,RP,20206,0.1703218,0.09279865,4.2351027,4.4821377
Nate Pearson,2035,38,RP,20160,0.18153714,0.09433719,4.2182403,4.5075736
Nick Anderson,2035,44,RP,18337,0.16152358,0.08393239,4.126173,4.4840293
Nick Martinez,2035,44,RP,12730,0.12086553,0.07512408,4.4618387,4.9534173
Nick Mears,2035,38,RP,25376,0.17733446,0.09454141,4.2223873,4.4742665
Nick Pivetta,2035,42,RP,15454,0.15905648,0.08428665,4.2202063,4.603702
Nick Ramirez,2035,45,RP,12575,0.10562177,0.07192155,4.380987,4.7955823
Nick Robertson,2035,36,RP,26226,0.19347762,0.097062826,4.1754007,4.47706
Nick Sandlin,2035,38,RP,20517,0.18392484,0.09212714,4.2225823,4.5594897
Nick Wittgren,2035,44,RP,15594,0.10055321,0.0684807,4.4971156,5.0518126
Noe Ramirez,2035,45,RP,12800,0.1289495,0.08299909,4.342212,4.581812
Osvaldo Bido,2035,39,RP,23150,0.15947095,0.087792315,4.232892,4.52087
Paul Sewald,2035,45,RP,13892,0.16458482,0.086175494,4.1476297,4.45675
Pete Fairbanks,2035,41,RP,17998,0.18375929,0.09459147,4.218237,4.5191574
Peter Lambert,2035,38,RP,17969,0.1276223,0.070892006,4.394595,4.7643847
Peter Strzelecki,2035,40,RP,21367,0.16521303,0.088539444,4.221465,4.535993
Phil Bickford,2035,39,RP,18519,0.17985173,0.09180798,4.2151036,4.551511
Phil Maton,2035,42,RP,18064,0.16061868,0.08542206,4.2218375,4.592546
Pierce Johnson,2035,44,RP,13435,0.16171366,0.08780515,4.219085,4.526092
Rafael Montero,2035,44,RP,12760,0.14518838,0.0846241,4.261675,4.55901
Raisel Iglesias,2035,45,RP,17130,0.15650849,0.08100586,4.0564637,4.404252
Ralph Garza,2035,41,RP,17682,0.15437749,0.09024526,4.2924786,4.4832797
Ray Kerr,2035,40,RP,23809,0.16956036,0.08709716,4.2063975,4.5672016
Reynaldo Lopez,2035,41,RP,16400,0.1681828,0.08789263,4.2309833,4.5870814
Richard Bleier,2035,48,RP,7803,0.078010745,0.061276514,4.2631645,4.626797
Richard Lovelady,2035,39,RP,19337,0.17657347,0.09193775,4.2171774,4.5333796
Roansy Contreras,2035,35,RP,22810,0.18555802,0.095858306,4.183281,4.466182
Rob Zastryzny,2035,43,RP,15094,0.14757712,0.08850805,4.274058,4.4121113
Robert Garcia,2035,39,RP,23363,0.17391033,0.09033789,4.2090616,4.5309234
Robert Stephenson,2035,42,RP,13594,0.17120217,0.08504492,4.1370296,4.532001
Robert Suarez,2035,44,RP,30115,0.14620358,0.08402123,4.2588544,4.5567155
Ron Marinaccio,2035,39,RP,23488,0.18191972,0.09400812,4.2468786,4.544876
Ronel Blanco,2035,41,RP,19407,0.1544029,0.08747465,4.3087378,4.595666
Rony Garcia,2035,37,RP,20430,0.17495745,0.09056155,4.248987,4.5683765
Ross Detwiler,2035,49,RP,2859,0.06928378,0.055003814,4.6931524,5.5670695
Ross Stripling,2035,45,RP,13273,0.0876835,0.04348126,4.5170655,5.3273807
Rowan Wick,2035,42,RP,14646,0.15942201,0.08939327,4.2626595,4.5314465
Ryan Borucki,2035,41,RP,16350,0.1429502,0.07603672,4.303342,4.7145243
Ryan Brasier,2035,47,RP,5615,0.12104891,0.07634415,4.254444,4.58213
Ryan Helsley,2035,40,RP,18138,0.18755585,0.095825955,4.2194767,4.4748845
Ryan Pressly,2035,46,RP,7005,0.1515299,0.08007363,4.0516534,4.3783045
Ryan Thompson,2035,43,RP,16647,0.13133056,0.07686548,4.299969,4.69754
Ryan Walker,2035,39,RP,20423,0.1814019,0.0892156,4.193805,4.549428
Ryan Yarbrough,2035,43,RP,16502,0.08976252,0.046460498,4.5770574,5.313988
Ryne Stanek,2035,43,RP,15947,0.15180083,0.08791544,4.3159356,4.583151
Sam Hentges,2035,38,RP,18548,0.18664843,0.092647724,4.1696763,4.500593
Sam Long,2035,39,RP,25379,0.16056088,0.08897257,4.250699,4.5270786
Sam Moll,2035,43,RP,14874,0.15093371,0.08818055,4.283496,4.5050282
Sam Selman,2035,44,RP,13397,0.13149083,0.080061525,4.351708,4.738112
Sammy Peralta,2035,37,RP,25589,0.18351015,0.09564422,4.191764,4.4537134
Scott Alexander,2035,45,RP,10591,0.105529025,0.0710575,4.2454863,4.5456567
Scott Barlow,2035,42,RP,14993,0.16199917,0.08822953,4.2187624,4.520931
Scott Effross,2035,41,RP,18384,0.16402504,0.08237217,4.1699495,4.5641046
Scott McGough,2035,45,RP,12056,0.14257199,0.07624968,4.1030226,4.481077
Sean Hjelle,2035,38,RP,21481,0.17628199,0.09231495,4.222198,4.5289097
Sean Manaea,2035,43,RP,15873,0.14552413,0.07785614,4.2198105,4.6616507
Sean Poppen,2035,41,RP,19583,0.15310362,0.08754172,4.251963,4.5145936
Seranthony Dominguez,2035,40,RP,19249,0.16790539,0.08917156,4.244177,4.571534
Sergio Romo,2035,52,RP,9817,0.045951426,0.05403585,4.724367,5.6790285
Seth Martinez,2035,40,RP,21045,0.1642833,0.08944876,4.2358866,4.5294876
Shawn Armstrong,2035,44,RP,12857,0.14342187,0.07516007,4.1622305,4.5794077
Shelby Miller,2035,44,RP,10197,0.13711718,0.089666836,4.402961,4.431183
Shintaro Fujinami,2035,41,RP,31839,0.15650658,0.09085453,4.288159,4.4939394
Steve Cishek,2035,49,RP,6483,0.10811804,0.08110374,4.5281053,4.548773
Steven Matz,2035,44,RP,13361,0.12983958,0.06897174,4.260998,4.80206
Steven Okert,2035,43,RP,13580,0.15915619,0.08492342,4.225197,4.586493
Steven Wilson,2035,40,RP,20353,0.16748211,0.088864036,4.2492275,4.57814
Tanner Banks,2035,43,RP,16990,0.13431294,0.07971086,4.289623,4.633219
Tanner Scott,2035,40,RP,17586,0.18999027,0.09749608,4.224486,4.3425584
Tayler Saucedo,2035,42,RP,17888,0.14487992,0.08613872,4.24543,4.4469337
Tayler Scott,2035,43,RP,13652,0.11876234,0.07489273,4.4975624,5.0536766
Taylor Clarke,2035,42,RP,17611,0.14706182,0.076851696,4.2678113,4.7434783
Taylor Rogers,2035,44,RP,13449,0.1615309,0.08757951,4.194474,4.471865
Thad Ward,2035,38,RP,21513,0.17311788,0.09391127,4.2540293,4.5050316
Thomas Hatch,2035,40,RP,19264,0.15949506,0.08964675,4.254549,4.5086627
Tim Herrin,2035,38,RP,25139,0.18395801,0.09389928,4.1959305,4.503799
Tim Hill,2035,45,RP,16814,0.09564667,0.06969828,4.4396944,4.861917
Tim Mayza,2035,43,RP,15042,0.14573222,0.079608925,4.227965,4.6079736
Tom Cosgrove,2035,39,RP,23443,0.16627398,0.089097515,4.2177043,4.4942946
Tommy Doyle,2035,39,RP,21281,0.156861,0.08782888,4.1512995,4.3518114
Tommy Kahnle,2035,45,RP,11384,0.1543735,0.08466377,4.21476,4.53424
Tommy Nance,2035,44,RP,19178,0.14643987,0.08298316,4.2454014,4.5989695
Trent Thornton,2035,41,RP,17948,0.14247888,0.07504152,4.3399816,4.777815
Trevor Gott,2035,42,RP,15046,0.14552303,0.0800852,4.2744017,4.6915703
Trevor May,2035,45,RP,6398,0.13839753,0.085490845,4.327908,4.5139256
Trevor Megill,2035,41,RP,17722,0.17315042,0.087915696,4.173215,4.550234
Trevor Richards,2035,42,RP,19309,0.17999767,0.09623601,4.280128,4.388181
Trevor Stephan,2035,39,RP,19932,0.18006606,0.0892451,4.196987,4.5661645
Trey Wingenter,2035,41,RP,17793,0.18033886,0.092511795,4.2080746,4.5427127
Tristan Beck,2035,39,RP,21584,0.14801326,0.07928849,4.2443624,4.585249
Tucker Davidson,2035,39,RP,19871,0.16089864,0.08904736,4.277069,4.5744843
Ty Blach,2035,44,RP,14361,0.080691956,0.0599546,4.5461845,5.130641
Tyler Alexander,2035,40,RP,17735,0.14219058,0.06169673,4.2784677,4.7549763
Tyler Beede,2035,42,RP,16981,0.12929314,0.079259135,4.4035554,4.82016
Tyler Danish,2035,40,RP,15126,0.14541237,0.082413256,4.2795134,4.600544
Tyler Holton,2035,39,RP,26231,0.16012584,0.07883797,4.165488,4.494503
Tyler Kinley,2035,44,RP,18297,0.13142249,0.07908526,4.2173376,4.512066
Tyler Matzek,2035,44,RP,10058,0.14639044,0.0935015,4.4547553,4.355873
Tyler Rogers,2035,44,RP,15541,0.12327558,0.07729471,4.251266,4.5277996
Victor Arano,2035,40,RP,15915,0.1691006,0.08753774,4.206467,4.564556
Victor Gonzalez,2035,39,RP,16408,0.17306253,0.09120876,4.214586,4.5163484
Wandy Peralta,2035,43,RP,14295,0.14358345,0.0888871,4.3553195,4.487673
Will Smith,2035,45,RP,8048,0.13736941,0.07737205,4.257336,4.67183
Will Vest,2035,40,RP,19769,0.16993825,0.08802188,4.1841464,4.530704
Wily Peralta,2035,46,RP,7738,0.097141765,0.08672228,4.642028,3.9485114
Wyatt Mills,2035,40,RP,20010,0.15872538,0.08906364,4.261579,4.5401497
Xzavion Curry,2035,36,RP,25595,0.16823141,0.088950336,4.225139,4.491598
Yency Almonte,2035,41,RP,15068,0.15898323,0.088970594,4.258262,4.5395284
Yennier Cano,2035,41,RP,25911,0.15612268,0.086677164,4.2246633,4.525409
Yerry De Los Santos,2035,37,RP,21420,0.18137133,0.09509103,4.1776385,4.430027
Yimi Garcia,2035,44,RP,12095,0.14638866,0.07647816,4.143048,4.5660133
Yohan Ramirez,2035,40,RP,19444,0.16238391,0.0897623,4.267386,4.5524216
Yonny Chirinos,2035,41,RP,16401,0.12387358,0.0708749,4.4800053,4.9888296
Yunior Marte,2035,40,RP,14416,0.15660949,0.08808345,4.2553535,4.5345564
Zach Jackson,2035,40,RP,19493,0.18361211,0.099429905,4.29886,4.2561097
Zach Thompson,2035,41,RP,16094,0.1486261,0.086512014,4.2502804,4.489789
Zack Littell,2035,39,RP,15823,0.15410191,0.07178138,4.225957,4.6286526
Zack Thompson,2035,37,RP,25918,0.18530634,0.09528832,4.202094,4.4870796
Aaron Civale,2035,40,SP,19479,0.16227739,0.07508021,4.576132,4.3557076
Aaron Nola,2035,42,SP,16149,0.15268904,0.08104,4.6393385,4.514527
Adam Wainwright,2035,53,SP,2233,0.06719098,0.041601904,4.7292995,4.8870606
Adrian Houser,2035,42,SP,12718,0.17091762,0.08341979,4.4479294,4.9263644
Adrian Sampson,2035,43,SP,13339,0.1345497,0.06601224,4.697241,4.362586
Alek Manoah,2035,37,SP,26410,0.19482152,0.087501965,4.360831,4.3698564
Alex Cobb,2035,47,SP,6562,0.1274602,0.06902501,4.6193895,4.89082
Alex Faedo,2035,39,SP,19874,0.17247021,0.09129531,4.4711046,4.5233026
Andrew Abbott,2035,36,SP,29911,0.1951318,0.0822305,4.535587,4.3547006
Andrew Heaney,2035,44,SP,15423,0.13780868,0.07312197,4.7749953,4.488291
Anibal Sanchez,2035,51,SP,3284,0.10693784,0.055496667,4.811771,4.927786
Anthony DeSclafani,2035,45,SP,13050,0.12043373,0.067955025,4.694217,4.494657
Austin Gomber,2035,41,SP,16561,0.15409194,0.08607454,4.471613,4.5894413
Bailey Ober,2035,39,SP,21224,0.1648285,0.061242644,4.755906,4.2149415
Blake Snell,2035,42,SP,13543,0.1640197,0.09768643,4.274717,4.359795
Bobby Miller,2035,36,SP,27483,0.19353195,0.08011361,4.4962854,4.3700666
Brad Keller,2035,39,SP,15734,0.17654201,0.09346792,4.336681,4.538394
Brady Singer,2035,38,SP,25377,0.18139225,0.085267894,4.42378,4.4043694
Brandon Bielak,2035,39,SP,19866,0.1781428,0.09606719,4.4712057,4.60538
Brandon Pfaadt,2035,36,SP,27782,0.16882934,0.05677425,4.3345957,4.630793
Brandon Williamson,2035,37,SP,25463,0.19010593,0.08236854,4.2860293,4.409858
Brandon Woodruff,2035,42,SP,16162,0.14961462,0.07770627,4.7207665,4.446113
Braxton Garrett,2035,37,SP,21844,0.1860686,0.078019045,4.5537767,4.347606
Brayan Bello,2035,36,SP,23920,0.18905917,0.09540525,4.268895,4.4060836
Bryan Woo,2035,35,SP,30279,0.20082957,0.08176027,4.460935,4.346761
Bryce Elder,2035,36,SP,27779,0.20586683,0.093599334,4.264399,4.4000773
Bryce Miller,2035,36,SP,29837,0.1731136,0.05543957,4.509186,4.483437
Cal Quantrill,2035,40,SP,19312,0.16700083,0.092093244,4.4549904,4.6137075
Carlos Carrasco,2035,48,SP,6632,0.10477719,0.064715505,4.7431445,4.698857
Carlos Rodon,2035,42,SP,16137,0.16785131,0.0810637,4.5504246,4.6443276
Charlie Morton,2035,51,SP,4676,0.07557719,0.033072423,4.664547,4.7496986
Chase Anderson,2035,47,SP,6895,0.10840284,0.06756582,4.7881713,4.5977707
Chris Archer,2035,46,SP,6345,0.15059894,0.06739535,4.542966,4.950968
Chris Bassitt,2035,46,SP,12304,0.13082488,0.065784276,4.857343,4.5159893
Chris Sale,2035,46,SP,10603,0.13176154,0.07285594,4.613796,4.825116
Clarke Schmidt,2035,39,SP,19899,0.17406641,0.08253557,4.603768,4.361099
Clayton Kershaw,2035,47,SP,2036,0.13456455,0.06527924,4.719724,4.761239
Colin Rea,2035,44,SP,12317,0.1452633,0.07641937,4.6643972,4.6469746
Corbin Burnes,2035,40,SP,19361,0.1689248,0.09225083,4.5719824,4.6286163
Cristian Javier,2035,38,SP,17606,0.17896259,0.0763138,4.6664214,4.278918
Cristopher Sanchez,2035,38,SP,20778,0.18143125,0.08100835,4.525308,4.343498
Daniel Lynch IV,2035,38,SP,21537,0.17834306,0.08819883,4.3571224,4.4632645
Dean Kremer,2035,39,SP,19350,0.16606972,0.07311393,4.4197545,4.3944454
Domingo German,2035,42,SP,17149,0.13802794,0.055615764,4.693574,4.2747436
Drew Rasmussen,2035,39,SP,25385,0.17428058,0.08943811,4.5766177,4.4754148
Dustin May,2035,37,SP,19716,0.18948707,0.081660345,4.535828,4.3269453
Dylan Bundy,2035,42,SP,12917,0.12909237,0.052823957,4.464833,4.3976917
Dylan Cease,2035,39,SP,18525,0.17250524,0.09304766,4.5505123,4.481873
Eduardo Rodriguez,2035,42,SP,13164,0.16043906,0.08313779,4.60115,4.6336703
Edward Cabrera,2035,37,SP,21690,0.19252451,0.09613505,4.5382433,4.616026
Emmet Sheehan,2035,35,SP,29839,0.20834711,0.08941085,4.3049293,4.3201256
Eric Lauer,2035,40,SP,19316,0.1651995,0.078272074,4.5394664,4.3671193
Erick Fedde,2035,42,SP,17425,0.15775158,0.0850702,4.5524974,4.722071
Eury Perez,2035,32,SP,27768,0.23624966,0.05644859,4.0123715,3.7434914
Framber Valdez,2035,41,SP,17295,0.17034724,0.085243985,4.5441494,4.6373186
Freddy Peralta,2035,39,SP,18679,0.1698024,0.08436857,4.598488,4.398739
Gavin Williams,2035,35,SP,30122,0.19551925,0.07572754,4.555849,4.3770714
George Kirby,2035,37,SP,25436,0.18268038,0.073375456,4.561995,4.3460717
Gerrit Cole,2035,44,SP,13125,0.14076702,0.07825531,4.6630297,4.671224
Graham Ashcraft,2035,37,SP,27552,0.19204651,0.089181304,4.2227454,4.446563
Grayson Rodriguez,2035,35,SP,24492,0.20534337,0.084906556,4.3055325,4.2883706
Griffin Canning,2035,39,SP,19867,0.17276329,0.08172752,4.521163,4.383302
Humberto Castellanos,2035,37,SP,21183,0.18965334,0.08603952,4.2548923,4.430596
Hunter Brown,2035,36,SP,25880,0.19646482,0.08440365,4.398663,4.300175
Hunter Greene,2035,35,SP,22182,0.20497948,0.0761842,4.246819,4.1491537
Hyun-Jin Ryu,2035,48,SP,14444,0.11597794,0.064394586,4.7585015,4.742966
Ian Anderson,2035,37,SP,19951,0.18944138,0.101182446,4.3890333,4.5013604
J.P. France,2035,40,SP,21212,0.16638808,0.08840877,4.4163785,4.520293
JP Sears,2035,39,SP,23429,0.16392119,0.06779775,4.409401,4.3849382
JT Brubaker,2035,41,SP,17578,0.1605596,0.08682419,4.55654,4.5894322
Jack Flaherty,2035,39,SP,17479,0.1798239,0.09184848,4.527918,4.588995
Jacob deGrom,2035,47,SP,10954,0.10964083,0.088472605,4.5314674,4.7196484
Jake Irvin,2035,38,SP,21504,0.18725649,0.09081168,4.2872944,4.432761
Jake Odorizzi,2035,45,SP,6397,0.14275113,0.07422685,4.6259613,4.7659698
James Paxton,2035,46,SP,11828,0.13296343,0.07133461,4.708771,4.718452
Jameson Taillon,2035,43,SP,11674,0.1322919,0.06333088,4.6651993,4.356398
Jared Shuster,2035,36,SP,27472,0.19609262,0.09228429,4.224619,4.4916334
Jesus Luzardo,2035,37,SP,19959,0.18845934,0.08665657,4.463563,4.339628
Joan Adon,2035,36,SP,22925,0.2054971,0.097047724,4.2193217,4.4288406
Joe Musgrove,2035,42,SP,12970,0.14891566,0.072531305,4.7936683,4.3391743
Joe Ryan,2035,39,SP,21390,0.16904004,0.069551125,4.6812654,4.2628374
Joey Lucchesi,2035,42,SP,19320,0.14950265,0.082872406,4.569403,4.585058
Johan Oviedo,2035,37,SP,22487,0.19459897,0.100141786,4.378947,4.5117526
Jon Gray,2035,43,SP,14916,0.14364079,0.0767898,4.693236,4.5017934
Jordan Lyles,2035,44,SP,7593,0.11768402,0.051855817,4.672457,4.326569
Jordan Montgomery,2035,42,SP,16511,0.15393361,0.08077498,4.6533136,4.510572
Jose Berrios,2035,41,SP,14168,0.15356958,0.07218207,4.6477065,4.345807
Jose Quintana,2035,46,SP,11423,0.15139964,0.06368516,4.42585,5.0931225
Jose Urena,2035,43,SP,11589,0.14751574,0.079299055,4.667126,4.5746408
Josiah Gray,2035,37,SP,24580,0.19390537,0.08404823,4.3007665,4.377379
Julio Urias,2035,38,SP,14765,0.16688378,0.055918835,4.807719,4.2070513
Justin Dunn,2035,39,SP,19268,0.17076832,0.07265925,4.3588543,4.3736553
Justin Steele,2035,39,SP,17312,0.17364271,0.086250916,4.591748,4.4219203
Justin Verlander,2035,52,SP,8700,0.117046975,0.04634337,4.718568,5.0908012
Kenta Maeda,2035,47,SP,18498,0.11936364,0.068055294,4.7356806,4.691946
Kevin Gausman,2035,44,SP,14107,0.15440646,0.081303604,4.5201173,5.0297637
Kodai Senga,2035,42,SP,31838,0.15454546,0.08060641,4.6832714,4.5352826
Kyle Bradish,2035,38,SP,24586,0.1817041,0.08597234,4.5780683,4.375677
Kyle Freeland,2035,42,SP,16256,0.14517614,0.08252078,4.482599,4.5954833
Kyle Gibson,2035,47,SP,10123,0.118537575,0.06969567,4.6230245,4.8421
Kyle Hendricks,2035,45,SP,12049,0.11743136,0.06437049,4.6952434,4.4466825
Lance Lynn,2035,48,SP,2520,0.11472419,0.06045974,4.9120975,4.564917
Lance McCullers Jr.,2035,41,SP,14120,0.17842007,0.082550675,4.4573874,4.6526423
Logan Allen,2035,36,SP,27589,0.18914267,0.071619704,4.560765,4.347729
Logan Gilbert,2035,38,SP,22250,0.1746322,0.06740862,4.655049,4.2757835
Logan Webb,2035,38,SP,17995,0.1786562,0.0831811,4.4797935,4.3999577
Lucas Giolito,2035,40,SP,15474,0.15754959,0.06846058,4.5171,4.35679
Luis Castillo,2035,42,SP,15689,0.15425253,0.07732229,4.7425904,4.427873
Luis Cessa,2035,43,SP,13345,0.14473826,0.08425819,4.442309,4.880925
Luis Garcia,2035,38,SP,23735,0.17923534,0.085564114,4.5933647,4.3934245
Luis L. Ortiz,2035,36,SP,27646,0.19994181,0.09342578,4.220484,4.465569
Luis Severino,2035,41,SP,15890,0.14264894,0.051891465,4.6044955,4.2966957
Luke Weaver,2035,41,SP,16918,0.13768217,0.05595418,4.4132977,4.4166894
MacKenzie Gore,2035,36,SP,22201,0.200059,0.0958647,4.450683,4.385964
Marco Gonzales,2035,43,SP,15467,0.13720389,0.06619784,4.7974467,4.3213425
Marcus Stroman,2035,44,SP,13431,0.16204448,0.074054636,4.510099,4.854284
Matt Manning,2035,37,SP,20369,0.1895107,0.08476097,4.2651725,4.4204626
Matthew Boyd,2035,44,SP,15440,0.12932709,0.07343498,4.626463,4.538898
Max Fried,2035,41,SP,13743,0.15947706,0.08498004,4.618218,4.53023
Max Scherzer,2035,50,SP,3137,0.12160736,0.053574193,4.6916366,4.960955
Merrill Kelly,2035,46,SP,11156,0.1475148,0.06648221,4.620666,4.809588
Michael Kopech,2035,39,SP,17282,0.17469385,0.08399358,4.265551,4.4363546
Michael Lorenzen,2035,43,SP,14843,0.16662548,0.079396814,4.4092155,5.036807
Michael Pineda,2035,46,SP,5372,0.1061267,0.056080367,4.761301,4.386204
Michael Wacha,2035,43,SP,14078,0.14410144,0.07434593,4.773336,4.4355373
Mike Clevinger,2035,44,SP,12808,0.14416638,0.0744298,4.7462983,4.555988
Mike Minor,2035,47,SP,10021,0.117194355,0.06675294,4.76829,4.6505857
Miles Mikolas,2035,46,SP,9803,0.107644536,0.061389618,4.7027535,4.46908
Mitch Keller,2035,39,SP,17594,0.17655945,0.08969906,4.5688214,4.478374
Nathan Eovaldi,2035,45,SP,9132,0.14928934,0.07292092,4.595177,4.8075037
Nestor Cortes,2035,40,SP,17874,0.16256943,0.07178973,4.7782326,4.252709
Nick Lodolo,2035,37,SP,26378,0.18533681,0.07932987,4.57896,4.333218
Noah Syndergaard,2035,42,SP,11762,0.12805042,0.0515631,4.454942,4.402678
Pablo Lopez,2035,39,SP,17085,0.17142557,0.08724123,4.592154,4.4403763
Patrick Corbin,2035,45,SP,9323,0.121857196,0.06922792,4.6992345,4.5145564
Patrick Sandoval,2035,38,SP,19447,0.18058869,0.09942667,4.3599825,4.6011643
Paul Blackburn,2035,41,SP,14739,0.16492842,0.088072896,4.516586,4.6914797
Quinn Priester,2035,34,SP,25977,0.20218815,0.09139959,4.2689395,4.5971913
Ranger Suarez,2035,39,SP,17277,0.18167727,0.094693586,4.4763827,4.6623306
Reese Olson,2035,35,SP,24968,0.1996359,0.079743534,4.4544187,4.3297048
Reid Detmers,2035,35,SP,27468,0.21359085,0.086879745,4.1242275,4.192309
Rich Hill,2035,55,SP,4806,0.06110414,0.024702594,4.8489075,4.819374
Ryan Feltner,2035,38,SP,21446,0.18052872,0.09454216,4.2946067,4.510336
Ryan Weathers,2035,35,SP,23796,0.19669646,0.08090275,4.21303,4.585775
Ryne Nelson,2035,37,SP,26253,0.18754081,0.080792926,4.222121,4.44662
Sandy Alcantara,2035,39,SP,18684,0.17421935,0.08550327,4.515656,4.415508
Seth Lugo,2035,45,SP,12447,0.13471569,0.07049319,4.7943516,4.5301075
Shane Bieber,2035,40,SP,19427,0.16972995,0.08833748,4.5609097,4.534429
Shane McClanahan,2035,38,SP,21483,0.1796293,0.087894484,4.572459,4.413186
Shohei Ohtani,2035,40,SP,19755,0.1620823,0.084974535,4.641287,4.437781
Sonny Gray,2035,45,SP,12768,0.15399534,0.07615654,4.4500885,5.1755652
Spencer Strider,2035,36,SP,27498,0.23229143,0.060614843,3.4780278,3.3389277
Spencer Turnbull,2035,42,SP,16207,0.17017023,0.08268844,4.4385266,4.890892
Taijuan Walker,2035,42,SP,11836,0.16357799,0.084507376,4.538528,4.768232
Taj Bradley,2035,34,SP,22543,0.21581426,0.083326,4.1907654,4.2289777
Tanner Bibee,2035,36,SP,30134,0.19283031,0.07811587,4.5350547,4.3604364
Tanner Houck,2035,39,SP,19879,0.18060696,0.09355329,4.505826,4.6186233
Tarik Skubal,2035,38,SP,22267,0.17706889,0.07868172,4.6084967,4.3476043
Tommy Henry,2035,37,SP,26285,0.19665597,0.09294548,4.268379,4.4191756
Tony Gonsolin,2035,41,SP,19388,0.15991768,0.08245464,4.6473274,4.447729
Touki Toussaint,2035,39,SP,16929,0.17784949,0.093156755,4.346889,4.534509
Trevor Williams,2035,43,SP,16977,0.12818243,0.048490673,4.818796,4.213987
Tyler Anderson,2035,45,SP,12880,0.15297213,0.07178969,4.5377884,4.878476
Tyler Glasnow,2035,41,SP,14374,0.15531437,0.089587696,4.603808,4.54594
Tyler Wells,2035,40,SP,20000,0.14712979,0.042050105,4.9025445,4.1362457
Tylor Megill,2035,39,SP,21318,0.1679212,0.08338755,4.4055495,4.458471
Vince Velasquez,2035,43,SP,11189,0.15252201,0.082369305,4.5307293,4.812798
Vladimir Gutierrez,2035,39,SP,19278,0.17620473,0.094879426,4.445577,4.576742
Wade Miley,2035,48,SP,8779,0.12891069,0.06280581,4.6729236,4.8690114
Walker Buehler,2035,40,SP,19374,0.16750677,0.08459746,4.6075916,4.443732
Yu Darvish,2035,48,SP,13074,0.12823102,0.063893475,4.564182,5.036107
Yusei Kikuchi,2035,44,SP,20633,0.120518364,0.06482219,4.775043,4.3609586
Zac Gallen,2035,39,SP,19291,0.17222843,0.08764481,4.5836945,4.4458203
Zach Davies,2035,42,SP,13183,0.16842492,0.0832589,4.460461,4.8706865
Zach Eflin,2035,41,SP,13774,0.15324256,0.07500702,4.5898137,4.392065
Zack Greinke,2035,51,SP,1943,0.0747791,0.05070577,4.867337,4.6155334
Zack Wheeler,2035,45,SP,10310,0.13433774,0.07899146,4.582397,4.8725
A.J. Minter,2036,42,RP,18655,0.16871455,0.08816421,4.162475,4.496651
A.J. Puk,2036,41,RP,19343,0.16984157,0.08404834,4.1581273,4.5570035
Aaron Ashby,2036,38,RP,23550,0.18521357,0.09331686,4.2003956,4.5266285
Aaron Bummer,2036,42,RP,16258,0.17487755,0.09425758,4.2690167,4.4016557
Aaron Loup,2036,48,RP,10343,0.108953916,0.07557868,4.2852087,4.499597
Aaron Sanchez,2036,43,RP,11490,0.0971451,0.065769054,4.632696,5.294452
Abner Uribe,2036,36,RP,25327,0.21120454,0.101854265,4.1951475,4.435039
Adam Cimber,2036,45,RP,15288,0.10413826,0.07134105,4.380691,4.7768097
Adam Ottavino,2036,50,RP,1247,0.11364773,0.07777452,4.3979306,4.627723
Adbert Alzolay,2036,41,RP,17859,0.16867688,0.08158716,4.1337166,4.540755
Adrian Martinez,2036,39,RP,21023,0.15655214,0.084340386,4.2972617,4.6597695
Albert Abreu,2036,40,RP,17485,0.16461198,0.09125196,4.2549834,4.5105934
Alec Marsh,2036,38,RP,27451,0.18085524,0.09453546,4.2209525,4.5084934
Alex Lange,2036,40,RP,19883,0.17416133,0.09335084,4.2592697,4.520777
Alex Vesia,2036,40,RP,25007,0.1768959,0.089218594,4.212845,4.5783324
Alex Wood,2036,45,RP,13781,0.12133751,0.07849975,4.3091636,4.6208677
Alex Young,2036,42,RP,18333,0.13368389,0.08069772,4.3546715,4.714984
Alexis Diaz,2036,39,RP,21132,0.18248594,0.09571884,4.2566466,4.51147
Amir Garrett,2036,44,RP,14375,0.14694604,0.08981009,4.350146,4.4224863
Amos Willingham,2036,37,RP,26128,0.15588884,0.08381462,4.2884483,4.5858335
Andre Jackson,2036,40,RP,21298,0.16058087,0.08937957,4.2454605,4.5123186
Andre Pallante,2036,37,RP,26108,0.16912763,0.091357484,4.1833906,4.421125
Andres Machado,2036,43,RP,14681,0.12393696,0.07646455,4.405011,4.8380547
Andres Munoz,2036,37,RP,20373,0.20538288,0.09529229,4.1615605,4.4952235
Andrew Bellatti,2036,44,RP,10657,0.14509131,0.08558092,4.288479,4.558664
Andrew Chafin,2036,46,RP,12988,0.13730206,0.08368041,4.289859,4.5161476
Andrew Nardi,2036,37,RP,25942,0.1912988,0.095605716,4.1969957,4.5038457
Andrew Vasquez,2036,42,RP,19482,0.14556947,0.08653092,4.2584434,4.46099
Andrew Wantz,2036,40,RP,24933,0.16567539,0.089282356,4.23931,4.549475
Angel Perdomo,2036,42,RP,17759,0.17355037,0.093532555,4.270953,4.4703174
Angel Zerpa,2036,36,RP,22717,0.17228773,0.090507865,4.192681,4.4615526
Anthony Bass,2036,48,RP,7982,0.1112024,0.07803563,4.413949,4.6562886
Anthony Bender,2036,41,RP,19742,0.16001345,0.087042294,4.235476,4.558144
Anthony Gose,2036,45,RP,5097,0.14234675,0.082903646,4.2576623,4.5463395
Aroldis Chapman,2036,48,RP,10233,0.20104279,0.102531806,3.972597,4.0830393
Art Warren,2036,43,RP,18251,0.15497968,0.088004895,4.247373,4.4962015
Austin Adams,2036,45,RP,13801,0.1474961,0.086324714,4.2898335,4.5453534
Austin Cox,2036,39,RP,24604,0.17340305,0.09351216,4.202078,4.4312596
Austin Davis,2036,43,RP,17117,0.14741813,0.08741297,4.2842655,4.510082
Austin Pruitt,2036,46,RP,15290,0.087154426,0.06358869,4.5106344,5.0704546
Austin Voth,2036,44,RP,15047,0.11376757,0.07090781,4.468396,5.053976
Bailey Falter,2036,39,RP,20070,0.1511019,0.075576864,4.2910266,4.7027564
Beau Brieske,2036,38,RP,26079,0.16129115,0.08753484,4.24079,4.524394
Ben Heller,2036,44,RP,15100,0.13572636,0.086077996,4.32497,4.4551425
Ben Lively,2036,44,RP,14932,0.103543155,0.06663506,4.538453,5.1841154
Blake Taylor,2036,40,RP,16418,0.16379072,0.09200916,4.2439923,4.447872
Bowden Francis,2036,40,RP,20548,0.16297127,0.081461355,4.1950006,4.5627294
Brad Boxberger,2036,48,RP,10133,0.115727946,0.08061611,4.416659,4.589318
Brad Hand,2036,46,RP,9111,0.12600121,0.0819937,4.3120584,4.50014
Brendan White,2036,37,RP,26024,0.18751788,0.09555889,4.181152,4.4678965
Brennan Bernardino,2036,44,RP,16835,0.1370733,0.07830036,4.1784496,4.5063725
Brent Honeywell,2036,41,RP,16466,0.14275233,0.08404344,4.308958,4.602894
Brent Suter,2036,46,RP,13942,0.1141674,0.07430293,4.1216946,4.2613916
Brett Martin,2036,41,RP,17369,0.15125777,0.08709888,4.2251673,4.454314
Brock Burke,2036,39,RP,17968,0.16837484,0.08040302,4.182534,4.562787
Brock Stewart,2036,44,RP,16727,0.15004906,0.082747124,4.2270827,4.5833282
Brooks Raley,2036,48,RP,10061,0.1267799,0.07959946,4.295511,4.5588937
Brusdar Graterol,2036,37,RP,20367,0.17423722,0.09070526,4.160919,4.43012
Bryan Abreu,2036,39,RP,16609,0.18827306,0.09545436,4.2311993,4.5353446
Bryan Baker,2036,41,RP,19804,0.1654729,0.090590134,4.2295156,4.487112
Bryan Hoeing,2036,39,RP,26304,0.14016964,0.07846595,4.366008,4.7455816
Bryan Shaw,2036,48,RP,8110,0.09802281,0.07494456,4.4208093,4.7371907
Bryse Wilson,2036,38,RP,19990,0.16061513,0.08592724,4.2677684,4.5839524
Buck Farmer,2036,45,RP,14814,0.12804814,0.0822265,4.326272,4.5646405
Caleb Ferguson,2036,39,RP,19349,0.17595257,0.090743475,4.220192,4.552426
Caleb Smith,2036,44,RP,14875,0.13492373,0.08628132,4.382712,4.5495057
Caleb Thielbar,2036,49,RP,10078,0.12928423,0.07531275,4.1510377,4.4572787
Calvin Faucher,2036,40,RP,20116,0.15736376,0.08832442,4.262432,4.5476375
Camilo Doval,2036,38,RP,21992,0.18765423,0.09272561,4.187084,4.5187054
Carl Edwards Jr.,2036,44,RP,13607,0.13819066,0.08637493,4.3047824,4.4399257
Carlos Estevez,2036,43,RP,14542,0.14648458,0.08607549,4.2823157,4.5540857
Carlos Hernandez,2036,39,RP,22713,0.17071648,0.0929168,4.233945,4.4845037
Carmen Mlodzinski,2036,37,RP,27572,0.18457937,0.0954336,4.1961412,4.4645114
Casey Lawrence,2036,48,RP,11121,0.027639534,0.04480641,4.981393,6.1142564
Chad Kuhl,2036,43,RP,14975,0.13332357,0.08553607,4.3745475,4.6142626
Chase Silseth,2036,36,RP,30074,0.18937573,0.096863724,4.1854796,4.4654574
Chasen Shreve,2036,45,RP,10855,0.121437125,0.075500295,4.364667,4.81654
Chris Devenski,2036,45,RP,12763,0.10651245,0.060057927,4.39809,5.1011486
Chris Flexen,2036,41,RP,13896,0.12051085,0.070763454,4.5088487,5.0338078
Chris Martin,2036,50,RP,11847,0.10694799,0.06552313,4.0505915,4.3673205
Chris Murphy,2036,38,RP,26214,0.17634946,0.09296309,4.1744714,4.4340787
Chris Stratton,2036,45,RP,13761,0.13145073,0.0806389,4.2476697,4.521819
Cionel Perez,2036,40,RP,19614,0.16572541,0.09202996,4.232573,4.4475884
Clay Holmes,2036,43,RP,13649,0.1539609,0.086435996,4.211928,4.4828167
Cody Bolton,2036,38,RP,23265,0.1762909,0.09412091,4.189488,4.427389
Cody Bradford,2036,38,RP,27597,0.16453612,0.08434335,4.229861,4.5769806
Cole Irvin,2036,42,RP,19244,0.12192959,0.0687924,4.419721,4.948591
Cole Ragans,2036,38,RP,21846,0.18004149,0.09422987,4.1945496,4.4564996
Cole Sands,2036,38,RP,21461,0.17456017,0.093198836,4.207743,4.4656234
Colin Holderman,2036,40,RP,22361,0.16501547,0.09078088,4.2020316,4.431031
Colin Poche,2036,42,RP,19403,0.15590811,0.08563677,4.2579355,4.603393
Colin Selby,2036,38,RP,24986,0.22303168,0.09045903,3.8232298,4.2351317
Collin McHugh,2036,49,RP,7531,0.106766656,0.0732732,4.277202,4.544902
Collin Snider,2036,40,RP,23307,0.14798401,0.085794374,4.216139,4.4393373
Connor Brogdon,2036,41,RP,21205,0.1549685,0.08643148,4.254771,4.5668654
Connor Seabold,2036,40,RP,19695,0.1279378,0.07070645,4.518056,5.051292
Corey Kluber,2036,50,RP,2429,0.045402493,0.051492978,4.677567,5.575309
Corey Knebel,2036,44,RP,15010,0.1472336,0.08816693,4.3131237,4.4941773
Cory Abbott,2036,40,RP,20277,0.15909012,0.087828524,4.2804585,4.603452
Craig Kimbrel,2036,48,RP,6655,0.1495094,0.08448535,4.272501,4.465881
Craig Stammen,2036,52,RP,7274,0.072762616,0.060274854,4.534748,5.1489587
DL Hall,2036,37,RP,22207,0.19085343,0.09456597,4.178399,4.495282
Dakota Hudson,2036,41,RP,19206,0.13974318,0.08430927,4.2592115,4.477905
Dane Dunning,2036,41,RP,19409,0.14852637,0.08540443,4.2744727,4.570471
Daniel Bard,2036,51,RP,7115,0.100515164,0.07842449,4.455854,4.2632914
Daniel Duarte,2036,39,RP,17480,0.16673014,0.092765294,4.233472,4.4345317
Daniel Palencia,2036,36,RP,27914,0.2033585,0.09609729,4.1630855,4.4771338
Danny Coulombe,2036,46,RP,13293,0.12881924,0.07861302,4.2483487,4.547158
Dany Jimenez,2036,42,RP,21170,0.1551292,0.090371326,4.280956,4.4594164
Darren O'Day,2036,53,RP,3321,0.1009541,0.07270826,4.4211197,4.642522
Dauri Moreta,2036,40,RP,21101,0.16932906,0.0882583,4.2217073,4.5697646
David Bednar,2036,41,RP,19569,0.16857162,0.08715193,4.1649475,4.504955
David Peterson,2036,40,RP,20302,0.1733977,0.090789415,4.2291865,4.5584655
David Phelps,2036,49,RP,6316,0.122253336,0.07842204,4.3072605,4.5303645
David Price,2036,50,RP,3184,0.08480132,0.066660926,4.518021,5.0910363
David Robertson,2036,51,RP,8241,0.1256553,0.07732962,4.306619,4.5131793
Derek Law,2036,45,RP,13133,0.12516838,0.0830108,4.318483,4.4441376
Devin Williams,2036,41,RP,15816,0.190592,0.09854386,4.2489653,4.3758745
Dillon Peters,2036,43,RP,18790,0.12388562,0.07911429,4.3701534,4.718905
Dillon Tate,2036,42,RP,17796,0.13873135,0.08106326,4.278734,4.6154566
Dinelson Lamet,2036,43,RP,17186,0.16428863,0.09036966,4.240224,4.459663
Domingo Tapia,2036,44,RP,12178,0.14109066,0.08883306,4.334759,4.3758736
Dominic Leone,2036,44,RP,13763,0.13424,0.08458608,4.373738,4.601926
Drew Hutchison,2036,45,RP,10732,0.11165522,0.079629645,4.3922453,4.60027
Drew Smith,2036,42,RP,17755,0.15756924,0.08600965,4.2633824,4.6131077
Drew Smyly,2036,47,RP,11760,0.095766686,0.06686584,4.504762,5.1452756
Drew VerHagen,2036,45,RP,13424,0.108747646,0.07456656,4.4733496,4.9785466
Drey Jameson,2036,38,RP,26260,0.17614564,0.09232973,4.2168546,4.5058355
Duane Underwood Jr.,2036,41,RP,14677,0.15167686,0.08765019,4.22335,4.43562
Dylan Coleman,2036,39,RP,22276,0.17490807,0.09494451,4.2396584,4.4590325
Dylan Covey,2036,44,RP,14825,0.092638806,0.06612512,4.62116,5.2916884
Dylan Floro,2036,45,RP,13394,0.13312252,0.079676844,4.1756687,4.428217
Dylan Lee,2036,41,RP,19996,0.15940565,0.08172763,4.1843987,4.5639625
Edwin Diaz,2036,42,RP,14710,0.2053398,0.10665538,4.1424003,4.343968
Eli Morgan,2036,40,RP,20203,0.16873279,0.08567591,4.198094,4.5796604
Elieser Hernandez,2036,41,RP,16933,0.15869063,0.0736222,4.1524634,4.606474
Elvis Peguero,2036,39,RP,21652,0.16579121,0.09074733,4.2135983,4.4635835
Emilio Pagan,2036,45,RP,14771,0.13817056,0.07771181,4.224719,4.6119905
Emmanuel Clase,2036,38,RP,21032,0.1734656,0.08678251,4.1127586,4.424354
Enyel De Los Santos,2036,40,RP,18403,0.16881746,0.09001651,4.229305,4.5438714
Erasmo Ramirez,2036,46,RP,10314,0.065428175,0.048023406,4.645759,5.464899
Eric Stout,2036,43,RP,16873,0.14629483,0.087825045,4.2783575,4.4555182
Erik Swanson,2036,42,RP,16587,0.1655754,0.08467357,4.174657,4.5543966
Evan Phillips,2036,41,RP,17734,0.16779914,0.082297474,4.141276,4.519355
Felix Bautista,2036,41,RP,20666,0.17901121,0.09420407,4.2494106,4.534013
Fernando Cruz,2036,46,RP,7048,0.14680208,0.08356006,4.2150254,4.4919333
Francisco Perez,2036,38,RP,21018,0.17349552,0.09309235,4.189992,4.4338064
Gabe Speier,2036,41,RP,17170,0.15658061,0.08152113,4.200149,4.58288
Garrett Richards,2036,48,RP,9784,0.07828838,0.06530651,4.5163317,5.122092
Garrett Whitlock,2036,40,RP,20191,0.16182265,0.0772267,4.1250257,4.5265183
Gavin Hollowell,2036,38,RP,25427,0.17070001,0.09210909,4.1915116,4.431633
Genesis Cabrera,2036,39,RP,17490,0.17287129,0.09296487,4.2301316,4.491038
George Soriano,2036,37,RP,21863,0.18528599,0.09550288,4.194741,4.472176
Giovanny Gallegos,2036,44,RP,14986,0.15248254,0.07938737,4.118913,4.511464
Grant Anderson,2036,39,RP,20546,0.16446826,0.090178415,4.2295628,4.4941926
Grant Hartwig,2036,38,RP,29946,0.17429847,0.09308955,4.214083,4.478622
Greg Weissert,2036,41,RP,20375,0.15647246,0.08729961,4.2501974,4.551517
Gregory Santos,2036,36,RP,21894,0.18761557,0.09527221,4.139919,4.4147754
Gregory Soto,2036,41,RP,19677,0.16366719,0.090859145,4.2492666,4.499767
Griffin Jax,2036,41,RP,20253,0.15702417,0.083205,4.223758,4.6050057
Gus Varland,2036,39,RP,24737,0.17006062,0.09308147,4.2195354,4.4446816
Hansel Robles,2036,45,RP,11801,0.1347852,0.08449495,4.295006,4.4675074
Hayden Wesneski,2036,38,RP,27581,0.17532013,0.090266936,4.218983,4.542158
Hector Neris,2036,47,RP,11804,0.13914408,0.08218502,4.258145,4.521489
Hirokazu Sawamura,2036,48,RP,27515,0.11426804,0.08226993,4.4198117,4.3893075
Hobie Harris,2036,43,RP,18615,0.13692635,0.08591918,4.243548,4.293973
Hoby Milner,2036,45,RP,13346,0.1311305,0.07168608,4.222688,4.651983
Huascar Brazoban,2036,46,RP,6107,0.13383056,0.08540639,4.3537908,4.468145
Hunter Harvey,2036,41,RP,15507,0.16226493,0.08355242,4.1728826,4.5448093
Hunter Strickland,2036,47,RP,7836,0.11413851,0.07954854,4.362844,4.548083
Ian Gibaut,2036,42,RP,17871,0.15324451,0.08696281,4.250199,4.5287795
Ian Hamilton,2036,41,RP,19261,0.16491449,0.08895276,4.232588,4.539577
Ian Kennedy,2036,51,RP,6986,0.110289045,0.059900038,4.317426,4.8277535
Isaiah Campbell,2036,38,RP,25551,0.18781891,0.094019525,4.2213697,4.5421667
J.B. Wendelken,2036,43,RP,14506,0.1462861,0.08752372,4.2662196,4.438808
J.P. Feyereisen,2036,43,RP,16610,0.14804575,0.08788201,4.297332,4.5022826
JT Chargois,2036,45,RP,13767,0.12692808,0.081233464,4.29046,4.5154867
Jackson Kowar,2036,39,RP,21549,0.1707753,0.0938493,4.267644,4.5020194
Jacob Webb,2036,42,RP,19274,0.15340939,0.088656984,4.2829723,4.5305786
Jaime Barria,2036,39,RP,18356,0.14657228,0.080514,4.3436384,4.706023
Jake Bird,2036,40,RP,21267,0.15619288,0.087607026,4.149186,4.3442445
Jake Diekman,2036,49,RP,5003,0.1667184,0.0867128,4.202715,4.2824187
Jake McGee,2036,49,RP,7550,0.09256741,0.066938974,4.4105787,4.9255095
Jake Woodford,2036,39,RP,18674,0.14658594,0.08295229,4.3169785,4.63724
Jakob Junis,2036,43,RP,13619,0.14038044,0.072558895,4.2042046,4.6786685
Jalen Beeks,2036,42,RP,17192,0.15816653,0.08676063,4.236252,4.5694065
James Karinchak,2036,40,RP,20151,0.18265994,0.096908785,4.276441,4.4413786
James McArthur,2036,39,RP,21527,0.16522251,0.083772436,4.1708784,4.5289044
James Norwood,2036,42,RP,16440,0.14956148,0.08721471,4.2549353,4.4952555
Jandel Gustave,2036,43,RP,14665,0.13934714,0.084690005,4.297743,4.5531583
Jarlin Garcia,2036,43,RP,18282,0.13767123,0.07994736,4.28841,4.6400514
Jason Adam,2036,44,RP,11861,0.15807185,0.08417408,4.189077,4.533544
Jason Alexander,2036,43,RP,19666,0.11395257,0.07536775,4.3268576,4.6298747
Jason Foley,2036,40,RP,19531,0.15414125,0.08537815,4.161044,4.416177
Javier Assad,2036,38,RP,21741,0.17460945,0.09326286,4.2254605,4.4852676
Javy Guerra,2036,40,RP,17292,0.1615694,0.09243688,4.2463846,4.4045434
Jay Jackson,2036,48,RP,7432,0.12399553,0.07855489,4.3592386,4.6401744
Jeff Brigham,2036,44,RP,16631,0.14407685,0.08200667,4.260338,4.6240377
Jeff Hoffman,2036,43,RP,17432,0.1536326,0.08668486,4.2578664,4.564897
Jesse Chavez,2036,52,RP,5448,0.10265649,0.072199665,4.3509016,4.6106014
Jesse Scholtens,2036,42,RP,19205,0.11389941,0.07259818,4.382658,4.7694077
Jesus Tinoco,2036,41,RP,16300,0.15174079,0.08951361,4.288676,4.467572
Jharel Cotton,2036,44,RP,13654,0.1279377,0.08142663,4.3758283,4.714645
Jhoan Duran,2036,38,RP,21029,0.18944229,0.08933958,4.1608877,4.508988
Jhony Brito,2036,38,RP,25386,0.16569471,0.08873652,4.2359853,4.528871
Jhoulys Chacin,2036,48,RP,2608,0.061920967,0.059730716,4.6124544,5.3223186
Jimmy Cordero,2036,44,RP,15690,0.1321542,0.08014113,4.3171186,4.6902404
Jimmy Herget,2036,42,RP,17556,0.14320089,0.07953804,4.2727714,4.663164
Jimmy Lambert,2036,41,RP,19541,0.15713511,0.088749975,4.2688375,4.5438733
JoJo Romero,2036,39,RP,19574,0.1774881,0.090601034,4.203756,4.546458
Joe Jacques,2036,41,RP,25178,0.13933323,0.08225102,4.2155733,4.45886
Joe Jimenez,2036,41,RP,15761,0.17358984,0.08699484,4.170032,4.552445
Joe Kelly,2036,48,RP,9761,0.15065068,0.08503025,4.2760267,4.4183116
Joe La Sorsa,2036,38,RP,25481,0.16662951,0.08911939,4.209884,4.4944305
Joe Mantiply,2036,45,RP,14857,0.11996137,0.073897384,4.241227,4.6111135
Joe Smith,2036,52,RP,3281,0.04440257,0.05507908,4.6986203,5.477079
Joel Payamps,2036,42,RP,14332,0.1471113,0.079515606,4.2592764,4.6437683
Joey Wentz,2036,38,RP,19962,0.1692498,0.090710975,4.2616696,4.5679626
John Brebbia,2036,46,RP,12777,0.12814385,0.07934016,4.298355,4.6341753
John Curtiss,2036,43,RP,16128,0.13964057,0.08110726,4.305218,4.6795664
John King,2036,41,RP,22051,0.13416685,0.07997781,4.2295103,4.496024
John Schreiber,2036,42,RP,20020,0.15574509,0.08796419,4.250315,4.522452
Jonathan Hernandez,2036,39,RP,17464,0.17302385,0.09278515,4.221933,4.488534
Jonathan Loaisiga,2036,41,RP,19753,0.13855588,0.080952324,4.2212787,4.4936943
Jordan Balazovic,2036,37,RP,21866,0.17421722,0.09271045,4.2099433,4.471392
Jordan Hicks,2036,39,RP,19618,0.1817747,0.095584124,4.2281995,4.469027
Jordan Romano,2036,43,RP,16122,0.15737817,0.08608852,4.2366185,4.5655127
Jordan Weems,2036,43,RP,13190,0.14778212,0.084731705,4.279958,4.60891
Jorge Lopez,2036,43,RP,14527,0.11616976,0.07161397,4.499287,5.0821824
Jose A. Ferrer,2036,36,RP,24017,0.18011974,0.09414934,4.177009,4.4486074
Jose Alvarado,2036,41,RP,17780,0.18546498,0.09703699,4.266869,4.400934
Jose Alvarez,2036,47,RP,5358,0.112272464,0.07907033,4.348973,4.5017824
Jose Cisnero,2036,47,RP,6399,0.12456862,0.08171911,4.343621,4.5409455
Jose Cuas,2036,42,RP,17701,0.15280768,0.08947294,4.279263,4.4723363
Jose Hernandez,2036,38,RP,22318,0.18306069,0.09376512,4.2028956,4.5080504
Jose Leclerc,2036,42,RP,14524,0.16119312,0.09016666,4.282172,4.5551863
Jose Ruiz,2036,41,RP,14552,0.15696828,0.0880545,4.269887,4.5648365
Jose Soriano,2036,37,RP,22100,0.20042378,0.096795246,4.1965165,4.5045824
Jose Urquidy,2036,41,RP,18413,0.13515393,0.077856876,4.3699865,4.7792745
Josh Hader,2036,42,RP,14212,0.191975,0.09604442,4.187031,4.268145
Josh Rogers,2036,41,RP,18510,0.13076293,0.0801455,4.3627725,4.681193
Josh Sborz,2036,42,RP,18323,0.16632329,0.088144824,4.221347,4.570285
Josh Staumont,2036,42,RP,18335,0.16001032,0.0920814,4.291228,4.4299965
Josh Taylor,2036,43,RP,17359,0.1551458,0.08639857,4.2453747,4.569184
Josh Winckowski,2036,38,RP,22387,0.16214508,0.08854217,4.18615,4.435387
Josh Winder,2036,39,RP,24606,0.15040417,0.08395262,4.2581325,4.557413
Jovani Moran,2036,39,RP,20422,0.18758029,0.097376615,4.234091,4.469139
Julian Merryweather,2036,44,RP,16703,0.14915818,0.08598057,4.270443,4.560098
Junior Fernandez,2036,39,RP,18496,0.16892526,0.09266576,4.2317185,4.4678836
Justin Bruihl,2036,39,RP,23779,0.16165225,0.08929432,4.223163,4.4815407
Justin Garza,2036,42,RP,19784,0.14890647,0.088492475,4.280127,4.47522
Justin Grimm,2036,47,RP,11720,0.08999001,0.07343275,4.5842495,5.195752
Justin Lawrence,2036,41,RP,17639,0.16244507,0.09027095,4.1693654,4.330521
Justin Topa,2036,45,RP,15145,0.12457392,0.07377154,4.2326307,4.620567
Kaleb Ort,2036,44,RP,20061,0.12403835,0.07912524,4.3143635,4.6300387
Keegan Akin,2036,41,RP,19362,0.15467313,0.08272476,4.2537026,4.652172
Keegan Thompson,2036,41,RP,19795,0.15889934,0.090542,4.26877,4.4936986
Ken Waldichuk,2036,38,RP,27681,0.17319722,0.09212958,4.234004,4.5236387
Kendall Graveman,2036,45,RP,15514,0.13350436,0.085627384,4.3623996,4.5107965
Kenley Jansen,2036,48,RP,3096,0.13689291,0.080481194,4.2244368,4.458924
Kevin Ginkel,2036,42,RP,19876,0.15555528,0.08684629,4.2426033,4.5481653
Kevin Kelly,2036,38,RP,25679,0.16653793,0.08814509,4.163387,4.4401813
Keynan Middleton,2036,42,RP,15264,0.15705135,0.08640784,4.258238,4.5983963
Kirby Yates,2036,49,RP,9073,0.15890585,0.08577346,4.2513895,4.360579
Kutter Crawford,2036,40,RP,20531,0.16167866,0.08771581,4.2217393,4.5318546
Kyle Finnegan,2036,44,RP,15009,0.13450922,0.08088468,4.32326,4.6674547
Kyle Muller,2036,38,RP,20167,0.17214088,0.09264872,4.2574854,4.544374
Kyle Nelson,2036,39,RP,20515,0.16989559,0.09056851,4.2126756,4.5013795
Lane Ramsey,2036,39,RP,25071,0.16733247,0.09136801,4.2001247,4.439085
Lou Trivino,2036,44,RP,15043,0.14327076,0.08590965,4.284416,4.518511
Louie Varland,2036,38,RP,27691,0.17193061,0.08881707,4.211867,4.5354133
Louis Head,2036,46,RP,13259,0.117733926,0.077828236,4.3017774,4.562903
Lucas Erceg,2036,41,RP,19360,0.16825871,0.09256784,4.200314,4.3569446
Lucas Gilbreath,2036,40,RP,21290,0.1686268,0.092557654,4.199376,4.3845344
Lucas Sims,2036,42,RP,13470,0.16436484,0.092555515,4.3078747,4.5047297
Luis Frias,2036,38,RP,21997,0.17071754,0.092524886,4.166455,4.3840547
Luis Garcia,2036,49,RP,6984,0.10946813,0.074707486,4.274827,4.5098867
Luis Medina,2036,37,RP,21649,0.18111119,0.09514036,4.213158,4.489063
Luke Jackson,2036,44,RP,11752,0.14932434,0.08532516,4.254838,4.5575266
Manny Banuelos,2036,45,RP,5365,0.13330223,0.08534317,4.333149,4.4838543
Mark Leiter Jr.,2036,45,RP,15551,0.1425756,0.07848832,4.183266,4.5734334
Mark Melancon,2036,51,RP,4264,0.08757952,0.06947882,4.2550936,4.3170238
Martin Perez,2036,45,RP,6902,0.11020915,0.076354764,4.3889184,4.6964483
Mason Englert,2036,36,RP,22288,0.16613583,0.08680609,4.252396,4.540586
Mason Thompson,2036,38,RP,21850,0.17005737,0.09174718,4.1964564,4.4486966
Matt Barnes,2036,46,RP,12863,0.12866944,0.082816884,4.314849,4.4970303
Matt Brash,2036,38,RP,25756,0.2008901,0.11284234,4.32741,4.448556
Matt Carasiti,2036,44,RP,13276,0.12945865,0.08062831,4.171193,4.3151903
Matt Foster,2036,41,RP,19647,0.15742956,0.08716355,4.2452893,4.558782
Matt Koch,2036,45,RP,13420,0.07979922,0.05997882,4.5929723,5.2275753
Matt Moore,2036,47,RP,1890,0.1265072,0.07996686,4.3379774,4.615086
Matt Strahm,2036,44,RP,13799,0.14808448,0.079285584,4.1589804,4.5417643
Matt Wisler,2036,43,RP,12804,0.14932695,0.081633426,4.243983,4.615256
Matthew Liberatore,2036,36,RP,22294,0.1779169,0.093248546,4.2208905,4.5106516
Mauricio Llovera,2036,40,RP,20080,0.15993375,0.089272775,4.2522306,4.5237384
Michael Fulmer,2036,43,RP,13218,0.14762089,0.08610031,4.283751,4.56916
Michael Grove,2036,39,RP,23221,0.16240032,0.0862287,4.2633953,4.616625
Michael King,2036,41,RP,19853,0.1700639,0.086484715,4.1833706,4.5580435
Michael Rucker,2036,42,RP,19454,0.14878227,0.08563849,4.2776003,4.588134
Michael Tonkin,2036,46,RP,10315,0.12838475,0.07714557,4.309718,4.736286
Miguel Castro,2036,41,RP,15684,0.15991239,0.08973467,4.2565637,4.5174246
Mike Baumann,2036,40,RP,20206,0.1638033,0.091394424,4.24211,4.4718175
Nate Pearson,2036,39,RP,20160,0.17411406,0.092944905,4.228299,4.504845
Nick Anderson,2036,45,RP,18337,0.15204233,0.08270067,4.162112,4.495364
Nick Martinez,2036,45,RP,12730,0.1130838,0.07415026,4.462184,4.9510083
Nick Mears,2036,39,RP,25376,0.17086887,0.09308043,4.228973,4.4652753
Nick Pivetta,2036,43,RP,15454,0.15059023,0.08342563,4.2419114,4.606133
Nick Ramirez,2036,46,RP,12575,0.09941124,0.07103604,4.380299,4.781505
Nick Robertson,2036,37,RP,26226,0.18675038,0.09557057,4.184114,4.469067
Nick Sandlin,2036,39,RP,20517,0.17567667,0.09100687,4.2348304,4.5653367
Nick Wittgren,2036,45,RP,15594,0.09385168,0.06751465,4.490998,5.041751
Noe Ramirez,2036,46,RP,12800,0.122103915,0.08133499,4.346197,4.568021
Osvaldo Bido,2036,40,RP,23150,0.1536962,0.086807355,4.2369,4.509854
Paul Sewald,2036,46,RP,13892,0.15438642,0.08431737,4.1846676,4.4727473
Pete Fairbanks,2036,42,RP,17998,0.17389692,0.092824064,4.241731,4.511108
Peter Lambert,2036,39,RP,17969,0.12328028,0.07070353,4.3916,4.7795444
Peter Strzelecki,2036,41,RP,21367,0.15794106,0.087470345,4.234385,4.531219
Phil Bickford,2036,40,RP,18519,0.1714972,0.090628065,4.2303276,4.5500712
Phil Maton,2036,43,RP,18064,0.15211731,0.084430374,4.24324,4.594039
Pierce Johnson,2036,45,RP,13435,0.15230644,0.08600322,4.246083,4.5319867
Rafael Montero,2036,45,RP,12760,0.13736103,0.0831084,4.2774925,4.5530376
Raisel Iglesias,2036,46,RP,17130,0.14710788,0.079783686,4.0980515,4.419909
Ralph Garza,2036,42,RP,17682,0.1481625,0.08877149,4.2955008,4.47212
Ray Kerr,2036,41,RP,23809,0.16146515,0.08627422,4.2248797,4.572045
Reynaldo Lopez,2036,42,RP,16400,0.1595901,0.08683829,4.2502394,4.5903964
Richard Bleier,2036,49,RP,7803,0.0724073,0.060788948,4.272142,4.619133
Richard Lovelady,2036,40,RP,19337,0.16877413,0.090709634,4.23036,4.52825
Roansy Contreras,2036,36,RP,22810,0.18113057,0.0945553,4.1857243,4.459692
Rob Zastryzny,2036,44,RP,15094,0.14084674,0.08677848,4.284434,4.408012
Robert Garcia,2036,40,RP,23363,0.16637436,0.08925298,4.222565,4.529585
Robert Stephenson,2036,43,RP,13594,0.16175266,0.08427695,4.170586,4.5468526
Robert Suarez,2036,45,RP,30115,0.13815883,0.082653284,4.2767243,4.556795
Ron Marinaccio,2036,40,RP,23488,0.17351761,0.092493355,4.258338,4.546066
Ronel Blanco,2036,42,RP,19407,0.14738625,0.08630936,4.31289,4.5881877
Rony Garcia,2036,38,RP,20430,0.16860148,0.08947722,4.250576,4.566095
Ross Detwiler,2036,50,RP,2859,0.059038,0.05379532,4.697935,5.5875278
Ross Stripling,2036,46,RP,13273,0.0777778,0.044250857,4.5458837,5.381816
Rowan Wick,2036,43,RP,14646,0.15163398,0.08785708,4.2763376,4.525462
Ryan Borucki,2036,42,RP,16350,0.13560629,0.07593897,4.316175,4.7303143
Ryan Brasier,2036,48,RP,5615,0.11329863,0.07494343,4.2725725,4.578181
Ryan Helsley,2036,41,RP,18138,0.17875893,0.093531266,4.238849,4.5112543
Ryan Pressly,2036,47,RP,7005,0.14210132,0.078609265,4.093542,4.393645
Ryan Thompson,2036,44,RP,16647,0.124333024,0.07624642,4.309633,4.6937895
Ryan Walker,2036,40,RP,20423,0.17269331,0.08842769,4.2139077,4.564291
Ryan Yarbrough,2036,44,RP,16502,0.08103216,0.046811264,4.5985785,5.366549
Ryne Stanek,2036,44,RP,15947,0.14391087,0.08633291,4.326025,4.577606
Sam Hentges,2036,39,RP,18548,0.17857356,0.09144594,4.1872396,4.50871
Sam Long,2036,40,RP,25379,0.15472633,0.08787142,4.2526298,4.514368
Sam Moll,2036,44,RP,14874,0.14348464,0.0865203,4.2950177,4.4996085
Sam Selman,2036,45,RP,13397,0.12407932,0.078905545,4.3575654,4.7275205
Sammy Peralta,2036,38,RP,25589,0.1772842,0.09419869,4.200249,4.449447
Scott Alexander,2036,46,RP,10591,0.100183,0.0704442,4.252748,4.5352488
Scott Barlow,2036,43,RP,14993,0.1538774,0.08683728,4.2383485,4.519793
Scott Effross,2036,42,RP,18384,0.15558353,0.08202804,4.1965094,4.578474
Scott McGough,2036,46,RP,12056,0.13398805,0.075647086,4.138588,4.494077
Sean Hjelle,2036,39,RP,21481,0.16936614,0.091065556,4.2294135,4.520515
Sean Manaea,2036,44,RP,15873,0.13719735,0.077435076,4.2437067,4.6670365
Sean Poppen,2036,42,RP,19583,0.1467285,0.08630904,4.259095,4.502592
Seranthony Dominguez,2036,41,RP,19249,0.16011254,0.08808451,4.256615,4.5676236
Sergio Romo,2036,53,RP,9817,0.03627549,0.051888894,4.718964,5.677219
Seth Martinez,2036,41,RP,21045,0.15726353,0.08825225,4.2460117,4.521377
Shawn Armstrong,2036,45,RP,12857,0.13482098,0.075003445,4.194031,4.5962257
Shelby Miller,2036,45,RP,10197,0.13072337,0.08761805,4.4001336,4.4221983
Shintaro Fujinami,2036,42,RP,31839,0.15006179,0.08929743,4.292365,4.482199
Steve Cishek,2036,50,RP,6483,0.10044709,0.07893848,4.5262327,4.5548425
Steven Matz,2036,45,RP,13361,0.12118931,0.06911518,4.287502,4.8174887
Steven Okert,2036,44,RP,13580,0.1501786,0.0838367,4.2498317,4.593162
Steven Wilson,2036,41,RP,20353,0.15972757,0.08777182,4.2611523,4.576856
Tanner Banks,2036,44,RP,16990,0.12755811,0.078857765,4.2978544,4.6254725
Tanner Scott,2036,41,RP,17586,0.18044336,0.095383324,4.256085,4.446365
Tayler Saucedo,2036,43,RP,17888,0.13895106,0.08486248,4.2534027,4.4374375
Tayler Scott,2036,44,RP,13652,0.11128402,0.07363506,4.4914355,5.0413027
Taylor Clarke,2036,43,RP,17611,0.13866103,0.07663131,4.288432,4.7535443
Taylor Rogers,2036,45,RP,13449,0.15236077,0.08574927,4.222944,4.4828076
Thad Ward,2036,39,RP,21513,0.16690369,0.09251486,4.2553983,4.4929304
Thomas Hatch,2036,41,RP,19264,0.15323128,0.08837804,4.2595544,4.4964204
Tim Herrin,2036,39,RP,25139,0.1762562,0.09255878,4.2092886,4.503008
Tim Hill,2036,46,RP,16814,0.08996472,0.06879083,4.431674,4.845827
Tim Mayza,2036,44,RP,15042,0.13773005,0.07903214,4.2492085,4.6142316
Tom Cosgrove,2036,40,RP,23443,0.15979682,0.08812229,4.227049,4.493292
Tommy Doyle,2036,40,RP,21281,0.15239716,0.08694627,4.1626043,4.349592
Tommy Kahnle,2036,46,RP,11384,0.14493181,0.08303133,4.243571,4.54346
Tommy Nance,2036,45,RP,19178,0.13816191,0.081716605,4.2651916,4.5959105
Trent Thornton,2036,42,RP,17948,0.13479911,0.07496641,4.352326,4.7978673
Trevor Gott,2036,43,RP,15046,0.13785224,0.079448715,4.288309,4.6898303
Trevor May,2036,46,RP,6398,0.13078538,0.083662316,4.338114,4.5119286
Trevor Megill,2036,42,RP,17722,0.16425261,0.08686605,4.19941,4.557245
Trevor Richards,2036,43,RP,19309,0.16978858,0.09424152,4.2998333,4.366255
Trevor Stephan,2036,40,RP,19932,0.1714579,0.088394225,4.216043,4.5742464
Trey Wingenter,2036,42,RP,17793,0.1708336,0.09090889,4.2322626,4.5463037
Tristan Beck,2036,40,RP,21584,0.14235543,0.0790665,4.2518306,4.592604
Tucker Davidson,2036,40,RP,19871,0.15474182,0.08789825,4.2767572,4.560023
Ty Blach,2036,45,RP,14361,0.07467164,0.05924393,4.5389204,5.128128
Tyler Alexander,2036,41,RP,17735,0.1344405,0.06292446,4.30795,4.8172007
Tyler Beede,2036,43,RP,16981,0.12287785,0.07818936,4.3973236,4.8024864
Tyler Danish,2036,41,RP,15126,0.13967103,0.08170744,4.2808437,4.5921025
Tyler Holton,2036,40,RP,26231,0.15340462,0.07912275,4.187368,4.5278335
Tyler Kinley,2036,45,RP,18297,0.12483717,0.078106575,4.2320395,4.505151
Tyler Matzek,2036,45,RP,10058,0.13879098,0.091123946,4.4546437,4.3643217
Tyler Rogers,2036,45,RP,15541,0.11732474,0.07644366,4.2601748,4.5195146
Victor Arano,2036,41,RP,15915,0.16110554,0.08665121,4.2242317,4.5656466
Victor Gonzalez,2036,40,RP,16408,0.16581662,0.08999871,4.226312,4.5122743
Wandy Peralta,2036,44,RP,14295,0.13701288,0.08716873,4.3563647,4.47917
Will Smith,2036,46,RP,8048,0.12869154,0.0765953,4.280803,4.678595
Will Vest,2036,41,RP,19769,0.16208476,0.08706803,4.2035985,4.5316877
Wily Peralta,2036,47,RP,7738,0.09218129,0.08473876,4.6270704,3.9672768
Wyatt Mills,2036,41,RP,20010,0.15235248,0.08783158,4.265857,4.5265384
Xzavion Curry,2036,37,RP,25595,0.1641702,0.08822708,4.2241735,4.494516
Yency Almonte,2036,42,RP,15068,0.15188143,0.08762819,4.2677145,4.529609
Yennier Cano,2036,42,RP,25911,0.14923576,0.085579745,4.2369323,4.5170455
Yerry De Los Santos,2036,38,RP,21420,0.17561878,0.09373512,4.1872044,4.4261975
Yimi Garcia,2036,45,RP,12095,0.13766372,0.07615373,4.176225,4.5790367
Yohan Ramirez,2036,41,RP,19444,0.15550882,0.08850671,4.2731996,4.541728
Yonny Chirinos,2036,42,RP,16401,0.11678178,0.07032248,4.4801044,5.001221
Yunior Marte,2036,41,RP,14416,0.15044656,0.08693957,4.2595105,4.5210896
Zach Jackson,2036,41,RP,19493,0.17396106,0.097037226,4.3258004,4.3649893
Zach Thompson,2036,42,RP,16094,0.14280984,0.08537236,4.255516,4.477589
Zack Littell,2036,40,RP,15823,0.14698736,0.07251778,4.250115,4.674326
Zack Thompson,2036,38,RP,25918,0.1785176,0.09386782,4.209725,4.4812903
Aaron Civale,2036,41,SP,19479,0.1549069,0.07638855,4.622403,4.3910623
Aaron Nola,2036,43,SP,16149,0.14862706,0.079597406,4.651722,4.589745
Adam Wainwright,2036,54,SP,2233,0.06221927,0.039759494,4.7520614,4.946657
Adrian Houser,2036,43,SP,12718,0.1707571,0.077242255,4.4025826,4.9949064
Adrian Sampson,2036,44,SP,13339,0.12835325,0.06712783,4.731511,4.4074054
Alek Manoah,2036,38,SP,26410,0.18729906,0.08924961,4.400459,4.38874
Alex Cobb,2036,48,SP,6562,0.12546885,0.06490579,4.610446,4.976416
Alex Faedo,2036,40,SP,19874,0.16639933,0.09061627,4.508662,4.5998554
Andrew Abbott,2036,37,SP,29911,0.18809411,0.08243239,4.5646863,4.3467093
Andrew Heaney,2036,45,SP,15423,0.13418409,0.07146346,4.776565,4.5578094
Anibal Sanchez,2036,52,SP,3284,0.104844324,0.05089832,4.794963,5.001771
Anthony DeSclafani,2036,46,SP,13050,0.1157992,0.067814,4.717444,4.564683
Austin Gomber,2036,42,SP,16561,0.1489262,0.08519151,4.504328,4.67778
Bailey Ober,2036,40,SP,21224,0.15851273,0.06244611,4.779134,4.2120395
Blake Snell,2036,43,SP,13543,0.15303822,0.09918616,4.462664,4.6042447
Bobby Miller,2036,37,SP,27483,0.18714637,0.08049429,4.5286813,4.3617535
Brad Keller,2036,40,SP,15734,0.16986477,0.09294414,4.39691,4.645176
Brady Singer,2036,39,SP,25377,0.17313182,0.086430594,4.4849753,4.441215
Brandon Bielak,2036,40,SP,19866,0.17263708,0.09382787,4.5128984,4.7276177
Brandon Pfaadt,2036,37,SP,27782,0.16571881,0.056998346,4.323968,4.5523973
Brandon Williamson,2036,38,SP,25463,0.18046343,0.08323137,4.3489056,4.412137
Brandon Woodruff,2036,43,SP,16162,0.1458721,0.07644334,4.718616,4.503502
Braxton Garrett,2036,38,SP,21844,0.17958525,0.07887001,4.5761485,4.3350463
Brayan Bello,2036,37,SP,23920,0.18454215,0.09703694,4.312447,4.4596267
Bryan Woo,2036,36,SP,30279,0.1937241,0.08073081,4.5403004,4.3483844
Bryce Elder,2036,37,SP,27779,0.19709384,0.09483638,4.3157897,4.42219
Bryce Miller,2036,37,SP,29837,0.17007276,0.05565235,4.50189,4.4282627
Cal Quantrill,2036,41,SP,19312,0.16146877,0.09043113,4.496599,4.7269926
Carlos Carrasco,2036,49,SP,6632,0.10228143,0.062478904,4.744517,4.787925
Carlos Rodon,2036,43,SP,16137,0.16392599,0.0779732,4.5550814,4.707707
Charlie Morton,2036,52,SP,4676,0.06762968,0.032682482,4.7028546,4.7599435
Chase Anderson,2036,48,SP,6895,0.10612825,0.06566785,4.785739,4.688361
Chris Archer,2036,47,SP,6345,0.14595298,0.06234092,4.542712,5.0007873
Chris Bassitt,2036,47,SP,12304,0.1271157,0.06349432,4.8539243,4.579449
Chris Sale,2036,47,SP,10603,0.12969911,0.06909827,4.6090374,4.918638
Clarke Schmidt,2036,40,SP,19899,0.16687001,0.08285874,4.6415386,4.4054813
Clayton Kershaw,2036,48,SP,2036,0.13158153,0.06142381,4.70965,4.8235354
Colin Rea,2036,45,SP,12317,0.14288177,0.073402494,4.655817,4.723432
Corbin Burnes,2036,41,SP,19361,0.16857666,0.08770821,4.539612,4.725359
Cristian Javier,2036,39,SP,17606,0.17212029,0.076922104,4.6920414,4.28707
Cristopher Sanchez,2036,39,SP,20778,0.1736068,0.08200934,4.5703754,4.3675246
Daniel Lynch IV,2036,39,SP,21537,0.16974,0.08935625,4.434126,4.5122237
Dean Kremer,2036,40,SP,19350,0.15843722,0.07476057,4.4748106,4.406926
Domingo German,2036,43,SP,17149,0.13110313,0.057531226,4.7314734,4.2922773
Drew Rasmussen,2036,40,SP,25385,0.17003478,0.08769462,4.580176,4.5310926
Dustin May,2036,38,SP,19716,0.18210053,0.08244127,4.571679,4.33367
Dylan Bundy,2036,43,SP,12917,0.12258211,0.05488445,4.5105176,4.3986936
Dylan Cease,2036,40,SP,18525,0.16598812,0.09227537,4.592205,4.57677
Eduardo Rodriguez,2036,43,SP,13164,0.15835057,0.079821065,4.5880265,4.710181
Edward Cabrera,2036,38,SP,21690,0.18945688,0.09450179,4.588851,4.6379137
Emmet Sheehan,2036,36,SP,29839,0.19851965,0.08957846,4.429632,4.3455796
Eric Lauer,2036,41,SP,19316,0.15718195,0.07954167,4.598546,4.4182343
Erick Fedde,2036,43,SP,17425,0.15695243,0.08105812,4.528682,4.8111725
Eury Perez,2036,33,SP,27768,0.22063507,0.059794694,4.1501913,3.8902607
Framber Valdez,2036,42,SP,17295,0.16828245,0.08184064,4.5258894,4.701058
Freddy Peralta,2036,40,SP,18679,0.16271818,0.085001975,4.638129,4.448758
Gavin Williams,2036,36,SP,30122,0.19182657,0.07531504,4.558385,4.3292713
George Kirby,2036,38,SP,25436,0.17682557,0.07432926,4.5864973,4.333414
Gerrit Cole,2036,45,SP,13125,0.13966273,0.074920304,4.642015,4.7576866
Graham Ashcraft,2036,38,SP,27552,0.18243225,0.090129554,4.292749,4.466724
Grayson Rodriguez,2036,36,SP,24492,0.19630732,0.08534305,4.432615,4.328785
Griffin Canning,2036,40,SP,19867,0.1650571,0.082782604,4.573146,4.4251223
Humberto Castellanos,2036,38,SP,21183,0.1790994,0.08681592,4.3366075,4.450598
Hunter Brown,2036,37,SP,25880,0.18757458,0.0850352,4.504476,4.348269
Hunter Greene,2036,36,SP,22182,0.19355856,0.07764073,4.4026365,4.238211
Hyun-Jin Ryu,2036,49,SP,14444,0.11358211,0.061240684,4.752615,4.824105
Ian Anderson,2036,38,SP,19951,0.18239954,0.099807,4.427129,4.5954285
J.P. France,2036,41,SP,21212,0.15877658,0.08858311,4.4870043,4.614423
JP Sears,2036,40,SP,23429,0.156229,0.06934443,4.462384,4.386504
JT Brubaker,2036,42,SP,17578,0.15748483,0.08453212,4.560166,4.675677
Jack Flaherty,2036,40,SP,17479,0.17945099,0.08739235,4.4848657,4.6493754
Jacob deGrom,2036,48,SP,10954,0.10558349,0.08545423,4.5931573,4.9615393
Jake Irvin,2036,39,SP,21504,0.17673175,0.09200059,4.3872476,4.506835
Jake Odorizzi,2036,46,SP,6397,0.14054838,0.0704299,4.616409,4.845606
James Paxton,2036,47,SP,11828,0.13084047,0.067848854,4.6994004,4.802026
Jameson Taillon,2036,44,SP,11674,0.12587087,0.06483122,4.7035522,4.394596
Jared Shuster,2036,37,SP,27472,0.19439018,0.09340659,4.204362,4.451654
Jesus Luzardo,2036,38,SP,19959,0.1793936,0.088035636,4.5474157,4.404512
Joan Adon,2036,37,SP,22925,0.19469453,0.09769189,4.2967896,4.478204
Joe Musgrove,2036,43,SP,12970,0.1433525,0.07224661,4.8076186,4.388705
Joe Ryan,2036,40,SP,21390,0.16207503,0.070686854,4.7103553,4.273862
Joey Lucchesi,2036,43,SP,19320,0.14613497,0.081210166,4.578083,4.6685214
Johan Oviedo,2036,38,SP,22487,0.18731847,0.099251926,4.4321313,4.6080832
Jon Gray,2036,44,SP,14916,0.13972467,0.07547596,4.7020893,4.573202
Jordan Lyles,2036,45,SP,7593,0.11128363,0.053901117,4.711441,4.350822
Jordan Montgomery,2036,43,SP,16511,0.15004122,0.07914962,4.6613836,4.5829644
Jose Berrios,2036,42,SP,14168,0.14665684,0.07330329,4.6868734,4.385444
Jose Quintana,2036,47,SP,11423,0.14324948,0.058313712,4.4508324,5.119649
Jose Urena,2036,44,SP,11589,0.14460874,0.076966,4.6663494,4.653972
Josiah Gray,2036,38,SP,24580,0.18654622,0.085838884,4.3438373,4.3830285
Julio Urias,2036,39,SP,14765,0.16199698,0.056791414,4.8215017,4.1817856
Justin Dunn,2036,40,SP,19268,0.16225436,0.07446632,4.419073,4.386452
Justin Steele,2036,40,SP,17312,0.16822273,0.085508645,4.607294,4.4658813
Justin Verlander,2036,53,SP,8700,0.11134182,0.041129027,4.7211757,5.1321206
Kenta Maeda,2036,48,SP,18498,0.11692881,0.06530923,4.733703,4.7794194
Kevin Gausman,2036,45,SP,14107,0.15681684,0.0741808,4.453086,5.131362
Kodai Senga,2036,43,SP,31838,0.1523878,0.07801889,4.6628695,4.5968237
Kyle Bradish,2036,39,SP,24586,0.17501101,0.08584308,4.6053686,4.404216
Kyle Freeland,2036,43,SP,16256,0.14002584,0.08183242,4.5175796,4.6837897
Kyle Gibson,2036,48,SP,10123,0.11654639,0.06634212,4.6192026,4.93602
Kyle Hendricks,2036,46,SP,12049,0.112144075,0.064933404,4.725385,4.5071707
Lance Lynn,2036,49,SP,2520,0.111732386,0.05794404,4.9031353,4.632159
Lance McCullers Jr.,2036,42,SP,14120,0.17327064,0.07977152,4.469304,4.6993704
Logan Allen,2036,37,SP,27589,0.18474653,0.07202247,4.567596,4.3060803
Logan Gilbert,2036,39,SP,22250,0.16856189,0.06846634,4.6750193,4.2623725
Logan Webb,2036,39,SP,17995,0.17135581,0.08451254,4.5214725,4.4209
Lucas Giolito,2036,41,SP,15474,0.15022035,0.07023408,4.564959,4.373463
Luis Castillo,2036,43,SP,15689,0.14979455,0.075889364,4.7458677,4.485534
Luis Cessa,2036,44,SP,13345,0.14307484,0.08016474,4.437187,4.9982176
Luis Garcia,2036,39,SP,23735,0.1724299,0.085675426,4.618854,4.4184823
Luis L. Ortiz,2036,37,SP,27646,0.19692162,0.094676234,4.208788,4.4376426
Luis Severino,2036,42,SP,15890,0.13584991,0.053796936,4.642061,4.2967105
Luke Weaver,2036,42,SP,16918,0.13115671,0.057836574,4.45971,4.4117484
MacKenzie Gore,2036,37,SP,22201,0.18962654,0.09606572,4.5309334,4.469693
Marco Gonzales,2036,44,SP,15467,0.13110088,0.06679389,4.8232303,4.368551
Marcus Stroman,2036,45,SP,13431,0.15707427,0.0694687,4.518257,4.909722
Matt Manning,2036,38,SP,20369,0.17888714,0.08552908,4.34664,4.4384623
Matthew Boyd,2036,45,SP,15440,0.12491842,0.072936215,4.6488876,4.614381
Max Fried,2036,42,SP,13743,0.15670115,0.08280458,4.611807,4.603346
Max Scherzer,2036,51,SP,3137,0.116297476,0.04923479,4.7004905,5.012366
Merrill Kelly,2036,47,SP,11156,0.14183146,0.06254942,4.6363935,4.8632174
Michael Kopech,2036,40,SP,17282,0.16661122,0.08549942,4.3318133,4.480105
Michael Lorenzen,2036,44,SP,14843,0.16527711,0.07298702,4.373324,5.098425
Michael Pineda,2036,47,SP,5372,0.10049631,0.057173964,4.7928224,4.4374933
Michael Wacha,2036,44,SP,14078,0.13981113,0.07310268,4.7786126,4.4977746
Mike Clevinger,2036,45,SP,12808,0.1412621,0.07181199,4.737794,4.6241593
Mike Minor,2036,48,SP,10021,0.114690214,0.06429737,4.76447,4.7314806
Miles Mikolas,2036,47,SP,9803,0.10254755,0.061913837,4.7323556,4.5318103
Mitch Keller,2036,40,SP,17594,0.17205904,0.087937266,4.5751133,4.5387545
Nathan Eovaldi,2036,46,SP,9132,0.14607204,0.068750136,4.5923395,4.8779087
Nestor Cortes,2036,41,SP,17874,0.15549901,0.07232669,4.805721,4.285989
Nick Lodolo,2036,38,SP,26378,0.17798205,0.080183096,4.622812,4.3525205
Noah Syndergaard,2036,43,SP,11762,0.121599816,0.053604037,4.500189,4.40065
Pablo Lopez,2036,40,SP,17085,0.16585493,0.086571775,4.6095247,4.4865065
Patrick Corbin,2036,46,SP,9323,0.11765594,0.06871606,4.717175,4.5875607
Patrick Sandoval,2036,39,SP,19447,0.1765316,0.096917674,4.376547,4.7219586
Paul Blackburn,2036,42,SP,14739,0.16365151,0.08430779,4.498339,4.7820125
Quinn Priester,2036,35,SP,25977,0.20856462,0.09280509,4.203189,4.4888396
Ranger Suarez,2036,40,SP,17277,0.18033245,0.09035539,4.4545484,4.758264
Reese Olson,2036,36,SP,24968,0.19260593,0.07898187,4.5412707,4.3420453
Reid Detmers,2036,36,SP,27468,0.2009772,0.08855599,4.2739935,4.2732863
Rich Hill,2036,56,SP,4806,0.053943507,0.023278194,4.87756,4.8472085
Ryan Feltner,2036,39,SP,21446,0.1728246,0.09471686,4.355418,4.5896683
Ryan Weathers,2036,36,SP,23796,0.1926783,0.0807086,4.208973,4.492218
Ryne Nelson,2036,38,SP,26253,0.17782852,0.08133165,4.285146,4.435778
Sandy Alcantara,2036,40,SP,18684,0.16714016,0.08596896,4.5624785,4.469111
Seth Lugo,2036,46,SP,12447,0.13142559,0.068306476,4.7912865,4.599498
Shane Bieber,2036,41,SP,19427,0.16630529,0.08622559,4.562708,4.6085334
Shane McClanahan,2036,39,SP,21483,0.17263265,0.08791031,4.603378,4.4503365
Shohei Ohtani,2036,41,SP,19755,0.15650843,0.08442461,4.662873,4.4985456
Sonny Gray,2036,46,SP,12768,0.1548845,0.06878219,4.391303,5.257082
Spencer Strider,2036,37,SP,27498,0.21345292,0.06360119,3.6215422,3.5305698
Spencer Turnbull,2036,43,SP,16207,0.16937667,0.077149875,4.4006314,4.9542837
Taijuan Walker,2036,43,SP,11836,0.16322178,0.07972784,4.504851,4.849986
Taj Bradley,2036,35,SP,22543,0.2044209,0.08460439,4.344425,4.3077273
Tanner Bibee,2036,37,SP,30134,0.1869703,0.07841575,4.5557475,4.3364286
Tanner Houck,2036,40,SP,19879,0.1790455,0.08962619,4.4828887,4.701243
Tarik Skubal,2036,39,SP,22267,0.17002453,0.07972057,4.640987,4.3628774
Tommy Henry,2036,38,SP,26285,0.18467157,0.09392183,4.3789225,4.487327
Tony Gonsolin,2036,42,SP,19388,0.15449236,0.08162996,4.6741242,4.5196495
Touki Toussaint,2036,40,SP,16929,0.17136271,0.09250026,4.400589,4.6325407
Trevor Williams,2036,44,SP,16977,0.12146134,0.050376385,4.850455,4.231856
Tyler Anderson,2036,46,SP,12880,0.14905894,0.06722088,4.537312,4.938888
Tyler Glasnow,2036,42,SP,14374,0.15165032,0.08744016,4.617298,4.6553984
Tyler Wells,2036,41,SP,20000,0.1415175,0.04338272,4.9227276,4.1229706
Tylor Megill,2036,40,SP,21318,0.16049802,0.08461085,4.4628353,4.499185
Vince Velasquez,2036,44,SP,11189,0.15185767,0.07793429,4.506374,4.904886
Vladimir Gutierrez,2036,40,SP,19278,0.1694891,0.093646504,4.5029674,4.68938
Wade Miley,2036,49,SP,8779,0.12495203,0.058774646,4.677385,4.9375677
Walker Buehler,2036,41,SP,19374,0.16249922,0.08370541,4.6231837,4.5021973
Yu Darvish,2036,49,SP,13074,0.12475106,0.059118755,4.564163,5.1071734
Yusei Kikuchi,2036,45,SP,20633,0.116865076,0.065476805,4.7780375,4.409132
Zac Gallen,2036,40,SP,19291,0.16693488,0.08676866,4.598763,4.493211
Zach Davies,2036,43,SP,13183,0.16800693,0.07783987,4.4198256,4.93754
Zach Eflin,2036,42,SP,13774,0.1468983,0.07599493,4.625998,4.4349627
Zack Greinke,2036,52,SP,1943,0.0712019,0.049608454,4.879877,4.6946898
Zack Wheeler,2036,46,SP,10310,0.13471976,0.07429383,4.551906,4.9848933
A.J. Minter,2037,43,RP,18655,0.1599154,0.08683757,4.190358,4.500593
A.J. Puk,2037,42,RP,19343,0.16091329,0.0835874,4.1871576,4.5720944
Aaron Ashby,2037,39,RP,23550,0.17717746,0.092007525,4.213878,4.5290694
Aaron Bummer,2037,43,RP,16258,0.16542906,0.0924042,4.290905,4.4153934
Aaron Loup,2037,49,RP,10343,0.10203736,0.0739391,4.297014,4.4940386
Aaron Sanchez,2037,44,RP,11490,0.08971249,0.06446735,4.6236315,5.294891
Abner Uribe,2037,37,RP,25327,0.20344807,0.099140234,4.1982017,4.443942
Adam Cimber,2037,46,RP,15288,0.098071426,0.070537396,4.3798523,4.764901
Adam Ottavino,2037,51,RP,1247,0.10471966,0.07551611,4.411891,4.6347456
Adbert Alzolay,2037,42,RP,17859,0.15977508,0.08147754,4.1659245,4.5633636
Adrian Martinez,2037,40,RP,21023,0.14998807,0.08356327,4.2993407,4.6554117
Albert Abreu,2037,41,RP,17485,0.15780945,0.08984243,4.262194,4.500207
Alec Marsh,2037,39,RP,27451,0.17372051,0.09302155,4.2286377,4.498604
Alex Lange,2037,41,RP,19883,0.16602838,0.091880046,4.271636,4.5162945
Alex Vesia,2037,41,RP,25007,0.16800465,0.08824383,4.2333755,4.586901
Alex Wood,2037,46,RP,13781,0.11484134,0.07723286,4.314653,4.6055517
Alex Young,2037,43,RP,18333,0.12738217,0.07972812,4.3525434,4.7001376
Alexis Diaz,2037,40,RP,21132,0.17418227,0.09414962,4.2675147,4.5066767
Amir Garrett,2037,45,RP,14375,0.1393775,0.08779167,4.3585668,4.4270062
Amos Willingham,2037,38,RP,26128,0.15134408,0.08325294,4.2843056,4.5893784
Andre Jackson,2037,41,RP,21298,0.15412484,0.08815752,4.252366,4.501866
Andre Pallante,2037,38,RP,26108,0.16478868,0.09036242,4.187791,4.4165134
Andres Machado,2037,44,RP,14681,0.117106475,0.07557913,4.403696,4.8285646
Andres Munoz,2037,38,RP,20373,0.19562967,0.093977146,4.1797905,4.5250177
Andrew Bellatti,2037,45,RP,10657,0.13728946,0.08398313,4.301716,4.552338
Andrew Chafin,2037,47,RP,12988,0.12909831,0.08176634,4.30657,4.5167885
Andrew Nardi,2037,38,RP,25942,0.18356895,0.09396617,4.207596,4.514703
Andrew Vasquez,2037,43,RP,19482,0.13952197,0.08522665,4.265585,4.4515505
Andrew Wantz,2037,41,RP,24933,0.15835243,0.088108316,4.250227,4.543518
Angel Perdomo,2037,43,RP,17759,0.16430518,0.091680355,4.2914734,4.48262
Angel Zerpa,2037,37,RP,22717,0.16807379,0.08969089,4.1955385,4.4626746
Anthony Bass,2037,49,RP,7982,0.10365752,0.07622131,4.4184103,4.6516776
Anthony Bender,2037,42,RP,19742,0.15249254,0.0859695,4.2495494,4.554085
Anthony Gose,2037,46,RP,5097,0.1340533,0.08142002,4.277618,4.5487256
Aroldis Chapman,2037,49,RP,10233,0.20132829,0.08898436,3.9358788,3.9062853
Art Warren,2037,44,RP,18251,0.1470848,0.0863759,4.264382,4.4937515
Austin Adams,2037,46,RP,13801,0.1388673,0.08439581,4.3076787,4.5454617
Austin Cox,2037,40,RP,24604,0.16684695,0.09204346,4.214368,4.4266467
Austin Davis,2037,44,RP,17117,0.14036208,0.08579345,4.2936115,4.5007
Austin Pruitt,2037,47,RP,15290,0.08012265,0.06283922,4.508748,5.0703807
Austin Voth,2037,45,RP,15047,0.10582301,0.070001096,4.470916,5.0510993
Bailey Falter,2037,40,RP,20070,0.14418587,0.075671114,4.3048177,4.7285733
Beau Brieske,2037,39,RP,26079,0.15596278,0.08668917,4.2417345,4.5186086
Ben Heller,2037,45,RP,15100,0.12933467,0.08438984,4.3292456,4.447116
Ben Lively,2037,45,RP,14932,0.09553958,0.06570159,4.5386972,5.1868467
Blake Taylor,2037,41,RP,16418,0.1574779,0.090528786,4.2518115,4.4390717
Bowden Francis,2037,41,RP,20548,0.15516499,0.08134218,4.216681,4.583931
Brad Boxberger,2037,49,RP,10133,0.108068496,0.07854115,4.421153,4.5860915
Brad Hand,2037,47,RP,9111,0.118988566,0.08020812,4.320966,4.492772
Brendan White,2037,38,RP,26024,0.18049766,0.09411419,4.193138,4.4713063
Brennan Bernardino,2037,45,RP,16835,0.12976229,0.07753057,4.2008176,4.508034
Brent Honeywell,2037,42,RP,16466,0.13685927,0.083053276,4.3078904,4.588657
Brent Suter,2037,47,RP,13942,0.108488046,0.073265985,4.142492,4.2654037
Brett Martin,2037,42,RP,17369,0.1453391,0.085928015,4.2340517,4.4449306
Brock Burke,2037,40,RP,17968,0.16057585,0.08056834,4.206104,4.594146
Brock Stewart,2037,45,RP,16727,0.14137854,0.0816048,4.251131,4.5877466
Brooks Raley,2037,49,RP,10061,0.11808235,0.07762914,4.315202,4.56271
Brusdar Graterol,2037,38,RP,20367,0.16897957,0.0898462,4.171468,4.434236
Bryan Abreu,2037,40,RP,16609,0.1789902,0.093995646,4.24769,4.5350146
Bryan Baker,2037,42,RP,19804,0.1578512,0.08915795,4.245124,4.4841375
Bryan Hoeing,2037,40,RP,26304,0.1345666,0.07785827,4.361435,4.7444386
Bryan Shaw,2037,49,RP,8110,0.0915191,0.07315696,4.4171925,4.7163343
Bryse Wilson,2037,39,RP,19990,0.15483895,0.08517683,4.268403,4.582138
Buck Farmer,2037,46,RP,14814,0.121295415,0.08065122,4.331596,4.5522847
Caleb Ferguson,2037,40,RP,19349,0.16805845,0.08962109,4.2336087,4.552141
Caleb Smith,2037,45,RP,14875,0.12829612,0.0846001,4.381728,4.5382257
Caleb Thielbar,2037,50,RP,10078,0.119816296,0.073612325,4.1863527,4.472393
Calvin Faucher,2037,41,RP,20116,0.15105677,0.08715565,4.266281,4.533883
Camilo Doval,2037,39,RP,21992,0.17923014,0.091590814,4.2038145,4.528388
Carl Edwards Jr.,2037,45,RP,13607,0.13160217,0.08463961,4.3118954,4.433342
Carlos Estevez,2037,44,RP,14542,0.1392713,0.08461472,4.2923074,4.543991
Carlos Hernandez,2037,40,RP,22713,0.16410942,0.09152311,4.241661,4.475231
Carmen Mlodzinski,2037,38,RP,27572,0.17804544,0.094024315,4.2047553,4.462556
Casey Lawrence,2037,49,RP,11121,0.018276405,0.042384993,4.9694448,6.1194506
Chad Kuhl,2037,44,RP,14975,0.12744203,0.08397823,4.367601,4.5893598
Chase Silseth,2037,37,RP,30074,0.18324502,0.09530389,4.1923747,4.4644337
Chasen Shreve,2037,46,RP,10855,0.113770716,0.074507214,4.3727345,4.809368
Chris Devenski,2037,46,RP,12763,0.09739311,0.060090303,4.420211,5.11921
Chris Flexen,2037,42,RP,13896,0.11355051,0.070019186,4.5056405,5.041771
Chris Martin,2037,51,RP,11847,0.09867358,0.06459602,4.088151,4.382595
Chris Murphy,2037,39,RP,26214,0.17012386,0.09172369,4.187125,4.432159
Chris Stratton,2037,46,RP,13761,0.12435179,0.07926082,4.2621756,4.514452
Cionel Perez,2037,41,RP,19614,0.15916461,0.09055011,4.2425513,4.440299
Clay Holmes,2037,44,RP,13649,0.14615306,0.08498584,4.2320256,4.48161
Cody Bolton,2037,39,RP,23265,0.17024294,0.09274037,4.200197,4.423302
Cody Bradford,2037,39,RP,27597,0.15813848,0.08386806,4.2391253,4.5852585
Cole Irvin,2037,43,RP,19244,0.11446613,0.06855115,4.427923,4.962567
Cole Ragans,2037,39,RP,21846,0.17314838,0.0928904,4.207139,4.4578295
Cole Sands,2037,39,RP,21461,0.16837488,0.09189759,4.215566,4.459561
Colin Holderman,2037,41,RP,22361,0.15850924,0.08945992,4.215458,4.427369
Colin Poche,2037,43,RP,19403,0.14791839,0.08454842,4.2733374,4.6006546
Colin Selby,2037,39,RP,24986,0.21183549,0.09067294,3.8841953,4.3165607
Collin McHugh,2037,50,RP,7531,0.09915525,0.07166828,4.2936845,4.544094
Collin Snider,2037,41,RP,23307,0.14315541,0.08487461,4.2204456,4.4284706
Connor Brogdon,2037,42,RP,21205,0.14798015,0.08535653,4.2642865,4.558101
Connor Seabold,2037,41,RP,19695,0.12063858,0.07000349,4.51842,5.0694227
Corey Kluber,2037,51,RP,2429,0.036935676,0.049902786,4.6724663,5.57077
Corey Knebel,2037,45,RP,15010,0.13950971,0.086279854,4.3241935,4.4911785
Cory Abbott,2037,41,RP,20277,0.15220553,0.08670709,4.284735,4.591777
Craig Kimbrel,2037,49,RP,6655,0.13895725,0.082062654,4.3039703,4.4961233
Craig Stammen,2037,53,RP,7274,0.06347597,0.058961246,4.544903,5.1600537
DL Hall,2037,38,RP,22207,0.18316694,0.09314201,4.191645,4.5062995
Dakota Hudson,2037,42,RP,19206,0.13485111,0.083322056,4.2595716,4.463064
Dane Dunning,2037,42,RP,19409,0.14223905,0.084348015,4.278659,4.557529
Daniel Bard,2037,52,RP,7115,0.092646554,0.07603637,4.4640284,4.2887464
Daniel Duarte,2037,40,RP,17480,0.16095646,0.091377206,4.239372,4.4266186
Daniel Palencia,2037,37,RP,27914,0.19482745,0.09476113,4.1772413,4.4976583
Danny Coulombe,2037,47,RP,13293,0.12108733,0.07728644,4.266969,4.5463357
Dany Jimenez,2037,43,RP,21170,0.14818527,0.088682145,4.2899265,4.452196
Darren O'Day,2037,54,RP,3321,0.091225974,0.07032902,4.440257,4.661892
Dauri Moreta,2037,41,RP,21101,0.1613052,0.08730486,4.237834,4.5695057
David Bednar,2037,42,RP,19569,0.16025402,0.08619399,4.1898785,4.511077
David Peterson,2037,41,RP,20302,0.16520374,0.089494735,4.244676,4.5581093
David Phelps,2037,50,RP,6316,0.11338303,0.0763616,4.3278036,4.539927
David Price,2037,51,RP,3184,0.07624013,0.06505955,4.5213003,5.087972
David Robertson,2037,52,RP,8241,0.11527315,0.07498689,4.3362913,4.5400114
Derek Law,2037,46,RP,13133,0.11913266,0.081360646,4.322256,4.4342356
Devin Williams,2037,42,RP,15816,0.18062365,0.09597575,4.2628603,4.3306704
Dillon Peters,2037,44,RP,18790,0.11796465,0.07803888,4.3652444,4.6990848
Dillon Tate,2037,43,RP,17796,0.132314,0.08022718,4.2850595,4.605205
Dinelson Lamet,2037,44,RP,17186,0.15556647,0.08847751,4.2622666,4.470347
Domingo Tapia,2037,45,RP,12178,0.13435638,0.086861,4.341172,4.3763266
Dominic Leone,2037,45,RP,13763,0.12738952,0.083078794,4.3745804,4.591426
Drew Hutchison,2037,46,RP,10732,0.10638885,0.078178056,4.383656,4.577277
Drew Smith,2037,43,RP,17755,0.1493629,0.0849077,4.2792926,4.6116314
Drew Smyly,2037,48,RP,11760,0.08732982,0.06570707,4.5081477,5.142572
Drew VerHagen,2037,46,RP,13424,0.10172586,0.07317056,4.4664927,4.9587083
Drey Jameson,2037,39,RP,26260,0.16937657,0.09110858,4.224798,4.5016885
Duane Underwood Jr.,2037,42,RP,14677,0.14584427,0.08641877,4.2323256,4.42629
Dylan Coleman,2037,40,RP,22276,0.16807234,0.093319185,4.2482915,4.4514065
Dylan Covey,2037,45,RP,14825,0.085266046,0.064714976,4.610301,5.2847924
Dylan Floro,2037,46,RP,13394,0.12606515,0.07841183,4.196854,4.426886
Dylan Lee,2037,42,RP,19996,0.1514203,0.08138254,4.2078404,4.576175
Edwin Diaz,2037,43,RP,14710,0.20613523,0.09549526,4.091608,4.1208434
Eli Morgan,2037,41,RP,20203,0.16055721,0.0850307,4.2183166,4.586204
Elieser Hernandez,2037,42,RP,16933,0.15006936,0.07433225,4.1863427,4.642406
Elvis Peguero,2037,40,RP,21652,0.15979384,0.089555085,4.2215066,4.455576
Emilio Pagan,2037,46,RP,14771,0.1296728,0.07689776,4.2497993,4.6185226
Emmanuel Clase,2037,39,RP,21032,0.16702671,0.086334206,4.1344957,4.4407797
Enyel De Los Santos,2037,41,RP,18403,0.1612025,0.088780366,4.242458,4.5391607
Erasmo Ramirez,2037,47,RP,10314,0.056854364,0.04754995,4.654349,5.4895315
Eric Stout,2037,44,RP,16873,0.13957398,0.08615854,4.287412,4.447397
Erik Swanson,2037,43,RP,16587,0.15658127,0.08390147,4.2031417,4.565061
Evan Phillips,2037,42,RP,17734,0.15909478,0.0820953,4.1718154,4.542607
Felix Bautista,2037,42,RP,20666,0.169725,0.092376634,4.268842,4.5358686
Fernando Cruz,2037,47,RP,7048,0.13765977,0.081690826,4.242604,4.499944
Francisco Perez,2037,39,RP,21018,0.16770525,0.09181529,4.19931,4.4280963
Gabe Speier,2037,42,RP,17170,0.14883581,0.081118874,4.220902,4.591174
Garrett Richards,2037,49,RP,9784,0.07127297,0.06381175,4.5091486,5.1023993
Garrett Whitlock,2037,41,RP,20191,0.1540439,0.0776292,4.1554914,4.556368
Gavin Hollowell,2037,39,RP,25427,0.16521034,0.090929575,4.1995583,4.426131
Genesis Cabrera,2037,40,RP,17490,0.16590081,0.091599256,4.239688,4.4844623
George Soriano,2037,38,RP,21863,0.17861389,0.09406856,4.2035584,4.46881
Giovanny Gallegos,2037,45,RP,14986,0.14356129,0.07872698,4.1540384,4.523654
Grant Anderson,2037,40,RP,20546,0.15841454,0.08901448,4.235226,4.484248
Grant Hartwig,2037,39,RP,29946,0.16807045,0.091779076,4.220819,4.4707036
Greg Weissert,2037,42,RP,20375,0.14947198,0.08613464,4.260166,4.542259
Gregory Santos,2037,37,RP,21894,0.18210584,0.09406278,4.1534743,4.4201922
Gregory Soto,2037,42,RP,19677,0.15631016,0.08931857,4.2612147,4.493258
Griffin Jax,2037,42,RP,20253,0.14929456,0.08255818,4.2411203,4.606379
Gus Varland,2037,40,RP,24737,0.1638219,0.091653675,4.2284055,4.4373045
Hansel Robles,2037,46,RP,11801,0.12772724,0.082705416,4.3053946,4.461828
Hayden Wesneski,2037,39,RP,27581,0.16823101,0.089263715,4.2281218,4.5418077
Hector Neris,2037,48,RP,11804,0.13000673,0.08022816,4.282757,4.529921
Hirokazu Sawamura,2037,49,RP,27515,0.10715476,0.08009098,4.423333,4.394949
Hobie Harris,2037,44,RP,18615,0.13160065,0.08445266,4.253037,4.2948523
Hoby Milner,2037,46,RP,13346,0.122651905,0.07161194,4.250652,4.670279
Huascar Brazoban,2037,47,RP,6107,0.12609722,0.08334275,4.3633637,4.4701133
Hunter Harvey,2037,42,RP,15507,0.15421213,0.08299937,4.19684,4.553092
Hunter Strickland,2037,48,RP,7836,0.10742074,0.07775801,4.366339,4.5378966
Ian Gibaut,2037,43,RP,17871,0.14603241,0.08566258,4.2626076,4.5212092
Ian Hamilton,2037,42,RP,19261,0.15702303,0.08771244,4.248516,4.5371623
Ian Kennedy,2037,52,RP,6986,0.09917376,0.060181826,4.357502,4.8751354
Isaiah Campbell,2037,39,RP,25551,0.1791665,0.09279309,4.234602,4.5460453
J.B. Wendelken,2037,44,RP,14506,0.13959083,0.0858965,4.2766714,4.432681
J.P. Feyereisen,2037,44,RP,16610,0.14091602,0.08625166,4.3061805,4.4956565
JT Chargois,2037,46,RP,13767,0.12038286,0.07976471,4.2984467,4.5050545
Jackson Kowar,2037,40,RP,21549,0.16401124,0.092375785,4.2726336,4.4976244
Jacob Webb,2037,43,RP,19274,0.1463119,0.08714828,4.2913427,4.520205
Jaime Barria,2037,40,RP,18356,0.14059779,0.079922974,4.341493,4.7075
Jake Bird,2037,41,RP,21267,0.15097305,0.08660236,4.164542,4.3443193
Jake Diekman,2037,50,RP,5003,0.15498383,0.083350286,4.242701,4.34718
Jake McGee,2037,50,RP,7550,0.08447109,0.06575591,4.4203258,4.9224734
Jake Woodford,2037,40,RP,18674,0.14126611,0.08218365,4.311535,4.6277475
Jakob Junis,2037,44,RP,13619,0.13204844,0.07272033,4.232245,4.695129
Jalen Beeks,2037,43,RP,17192,0.15019098,0.08552236,4.253284,4.5645676
James Karinchak,2037,41,RP,20151,0.17427534,0.09456542,4.289751,4.476352
James McArthur,2037,40,RP,21527,0.15823072,0.08340349,4.1892786,4.5388336
James Norwood,2037,43,RP,16440,0.14299622,0.08582842,4.264014,4.4840508
Jandel Gustave,2037,44,RP,14665,0.13286889,0.083323315,4.3026767,4.538937
Jarlin Garcia,2037,44,RP,18282,0.13049574,0.079150364,4.29931,4.637164
Jason Adam,2037,45,RP,11861,0.14877062,0.08294202,4.219255,4.544569
Jason Alexander,2037,44,RP,19666,0.10907475,0.07461699,4.3223395,4.612253
Jason Foley,2037,41,RP,19531,0.14858377,0.084585235,4.1747613,4.4133697
Javier Assad,2037,39,RP,21741,0.1682824,0.09194794,4.231154,4.4778433
Javy Guerra,2037,41,RP,17292,0.15579207,0.09091383,4.253146,4.396453
Jay Jackson,2037,49,RP,7432,0.11514691,0.0768622,4.3761406,4.6491623
Jeff Brigham,2037,45,RP,16631,0.13586815,0.0808603,4.2788405,4.6219425
Jeff Hoffman,2037,44,RP,17432,0.14557579,0.085219294,4.274252,4.5599823
Jesse Chavez,2037,53,RP,5448,0.093426,0.07004345,4.3714795,4.623281
Jesse Scholtens,2037,43,RP,19205,0.10865031,0.072024256,4.3765817,4.7590294
Jesus Tinoco,2037,42,RP,16300,0.14585802,0.08811285,4.290973,4.4566064
Jharel Cotton,2037,45,RP,13654,0.12121078,0.080044396,4.37467,4.6960363
Jhoan Duran,2037,39,RP,21029,0.18064244,0.08876007,4.183217,4.5377884
Jhony Brito,2037,39,RP,25386,0.1598687,0.087803915,4.238936,4.523486
Jhoulys Chacin,2037,49,RP,2608,0.055005074,0.05816592,4.599517,5.3043303
Jimmy Cordero,2037,45,RP,15690,0.124908194,0.07898385,4.325056,4.6780906
Jimmy Herget,2037,43,RP,17556,0.13584419,0.07897117,4.285675,4.663389
Jimmy Lambert,2037,42,RP,19541,0.15020753,0.08742835,4.276417,4.532742
JoJo Romero,2037,40,RP,19574,0.16939631,0.089540005,4.219571,4.5453415
Joe Jacques,2037,42,RP,25178,0.13433096,0.0814856,4.221438,4.4490366
Joe Jimenez,2037,42,RP,15761,0.16447397,0.08615605,4.197688,4.5628824
Joe Kelly,2037,49,RP,9761,0.14005508,0.0825808,4.307688,4.4546123
Joe La Sorsa,2037,39,RP,25481,0.16094698,0.088187106,4.2155023,4.489199
Joe Mantiply,2037,46,RP,14857,0.11313614,0.073177196,4.2560816,4.6053457
Joe Smith,2037,53,RP,3281,0.03601276,0.05325467,4.6900196,5.4746475
Joel Payamps,2037,43,RP,14332,0.13935494,0.07909549,4.2761583,4.652092
Joey Wentz,2037,39,RP,19962,0.16290626,0.0895174,4.2619762,4.556063
John Brebbia,2037,47,RP,12777,0.12027595,0.07788638,4.3127475,4.628433
John Curtiss,2037,44,RP,16128,0.13221748,0.08014635,4.3149266,4.672572
John King,2037,42,RP,22051,0.12934914,0.079360284,4.233075,4.4854994
John Schreiber,2037,43,RP,20020,0.14834593,0.08655822,4.263549,4.515636
Jonathan Hernandez,2037,40,RP,17464,0.16610062,0.09139055,4.231912,4.4812016
Jonathan Loaisiga,2037,42,RP,19753,0.13332179,0.08030945,4.227659,4.4857454
Jordan Balazovic,2037,38,RP,21866,0.16890468,0.09153222,4.212845,4.4645963
Jordan Hicks,2037,40,RP,19618,0.17401788,0.09397822,4.2400393,4.455102
Jordan Romano,2037,44,RP,16122,0.14879,0.08478757,4.2580023,4.567507
Jordan Weems,2037,44,RP,13190,0.14006938,0.083457366,4.2927527,4.6018925
Jorge Lopez,2037,44,RP,14527,0.10841532,0.070634946,4.498052,5.0799885
Jose A. Ferrer,2037,37,RP,24017,0.17534912,0.09294977,4.181983,4.4426613
Jose Alvarado,2037,42,RP,17780,0.17525327,0.0953072,4.2863107,4.3783464
Jose Alvarez,2037,48,RP,5358,0.10583584,0.07733835,4.352807,4.492761
Jose Cisnero,2037,48,RP,6399,0.116895795,0.07973786,4.353502,4.5371666
Jose Cuas,2037,43,RP,17701,0.1460554,0.087873414,4.2873373,4.4639206
Jose Hernandez,2037,39,RP,22318,0.17542464,0.092448466,4.2152195,4.506484
Jose Leclerc,2037,43,RP,14524,0.15313588,0.088541605,4.294891,4.5497603
Jose Ruiz,2037,42,RP,14552,0.14989766,0.086809635,4.2778916,4.5542903
Jose Soriano,2037,38,RP,22100,0.19117174,0.09538406,4.209085,4.5102615
Jose Urquidy,2037,42,RP,18413,0.12860966,0.07720614,4.3697205,4.775658
Josh Hader,2037,43,RP,14212,0.1808699,0.094040714,4.2321877,4.4034333
Josh Rogers,2037,42,RP,18510,0.1255117,0.07928678,4.354043,4.6653137
Josh Sborz,2037,43,RP,18323,0.15747179,0.08683766,4.2437634,4.571712
Josh Staumont,2037,43,RP,18335,0.15250784,0.090282954,4.303021,4.433142
Josh Taylor,2037,44,RP,17359,0.14686291,0.08498665,4.2639875,4.565553
Josh Winckowski,2037,39,RP,22387,0.15740979,0.087683365,4.1919756,4.4301863
Josh Winder,2037,40,RP,24606,0.14514743,0.08324814,4.258489,4.5496035
Jovani Moran,2037,40,RP,20422,0.17917293,0.095632195,4.246019,4.4407268
Julian Merryweather,2037,45,RP,16703,0.14094755,0.08434529,4.287314,4.556765
Junior Fernandez,2037,40,RP,18496,0.16267903,0.09126904,4.2384524,4.457779
Justin Bruihl,2037,40,RP,23779,0.15596214,0.08820955,4.2283535,4.4715414
Justin Garza,2037,43,RP,19784,0.14258382,0.086969234,4.2859178,4.4631395
Justin Grimm,2037,48,RP,11720,0.0829821,0.07113108,4.564106,5.160358
Justin Lawrence,2037,42,RP,17639,0.15585326,0.08880739,4.1898293,4.3378706
Justin Topa,2037,46,RP,15145,0.11716489,0.07319311,4.2520247,4.6219563
Kaleb Ort,2037,45,RP,20061,0.11787227,0.07798744,4.3170066,4.612949
Keegan Akin,2037,42,RP,19362,0.14696386,0.08205092,4.268122,4.6512723
Keegan Thompson,2037,42,RP,19795,0.15212153,0.089035176,4.27632,4.483179
Ken Waldichuk,2037,39,RP,27681,0.16670664,0.090879425,4.238598,4.5152144
Kendall Graveman,2037,46,RP,15514,0.12643582,0.083771616,4.366727,4.5043063
Kenley Jansen,2037,49,RP,3096,0.12745206,0.07845964,4.2538195,4.4747453
Kevin Ginkel,2037,43,RP,19876,0.14798489,0.08557424,4.2572865,4.5419273
Kevin Kelly,2037,39,RP,25679,0.16110069,0.08738886,4.174711,4.441182
Keynan Middleton,2037,43,RP,15264,0.149035,0.08522152,4.273455,4.5943465
Kirby Yates,2037,50,RP,9073,0.14726119,0.0827829,4.2878923,4.407688
Kutter Crawford,2037,41,RP,20531,0.15482059,0.08668951,4.232917,4.52489
Kyle Finnegan,2037,45,RP,15009,0.12709334,0.0797502,4.332162,4.6606717
Kyle Muller,2037,39,RP,20167,0.16576664,0.09126992,4.2578707,4.5300927
Kyle Nelson,2037,40,RP,20515,0.16308768,0.089427635,4.223214,4.4959245
Lane Ramsey,2037,40,RP,25071,0.16133882,0.09012724,4.210126,4.432621
Lou Trivino,2037,45,RP,15043,0.13587712,0.08422424,4.2960863,4.5107245
Louie Varland,2037,39,RP,27691,0.16522273,0.08795792,4.221222,4.5362773
Louis Head,2037,47,RP,13259,0.11110482,0.076461166,4.309862,4.552948
Lucas Erceg,2037,42,RP,19360,0.16090463,0.090864144,4.2206993,4.3669367
Lucas Gilbreath,2037,41,RP,21290,0.16198488,0.091057256,4.21523,4.386654
Lucas Sims,2037,43,RP,13470,0.15603308,0.09076885,4.320046,4.502968
Luis Frias,2037,39,RP,21997,0.16563947,0.091325425,4.177538,4.3802934
Luis Garcia,2037,50,RP,6984,0.1017917,0.072943136,4.291604,4.5098424
Luis Medina,2037,38,RP,21649,0.17489114,0.09367695,4.217763,4.4804993
Luke Jackson,2037,45,RP,11752,0.14104916,0.08377875,4.2734957,4.5548086
Manny Banuelos,2037,46,RP,5365,0.12639643,0.08345768,4.3390965,4.475448
Mark Leiter Jr.,2037,46,RP,15551,0.13384797,0.077592306,4.2124367,4.580013
Mark Melancon,2037,52,RP,4264,0.08088133,0.06772544,4.2702417,4.323743
Martin Perez,2037,46,RP,6902,0.10437711,0.075187586,4.3842993,4.678991
Mason Englert,2037,37,RP,22288,0.16177382,0.08619943,4.2510867,4.547541
Mason Thompson,2037,39,RP,21850,0.16452594,0.090577275,4.2034397,4.440856
Matt Barnes,2037,47,RP,12863,0.121415354,0.0809589,4.3247514,4.4914904
Matt Brash,2037,39,RP,25756,0.2048021,0.10095175,4.2420464,4.166592
Matt Carasiti,2037,45,RP,13276,0.123885795,0.07943784,4.1870446,4.3138957
Matt Foster,2037,42,RP,19647,0.15026142,0.086020306,4.2564473,4.5500636
Matt Koch,2037,46,RP,13420,0.072868355,0.059126396,4.5869045,5.2302594
Matt Moore,2037,48,RP,1890,0.11823264,0.07828122,4.3522396,4.6166444
Matt Strahm,2037,45,RP,13799,0.13951078,0.078582086,4.189206,4.550784
Matt Wisler,2037,44,RP,12804,0.14106245,0.08085884,4.2644286,4.62028
Matthew Liberatore,2037,37,RP,22294,0.17282596,0.09201316,4.2198634,4.5007305
Mauricio Llovera,2037,41,RP,20080,0.1534971,0.08804873,4.258056,4.5117817
Michael Fulmer,2037,44,RP,13218,0.14020833,0.0846478,4.2944636,4.5596423
Michael Grove,2037,40,RP,23221,0.1555165,0.08538871,4.2693887,4.61251
Michael King,2037,42,RP,19853,0.16127792,0.08566679,4.2085576,4.5661454
Michael Rucker,2037,43,RP,19454,0.14177181,0.0844159,4.2858257,4.576093
Michael Tonkin,2037,47,RP,10315,0.1198826,0.075967796,4.3271675,4.734273
Miguel Castro,2037,42,RP,15684,0.1528408,0.088319525,4.266302,4.5079193
Mike Baumann,2037,41,RP,20206,0.1573086,0.089981616,4.2503347,4.4629865
Nate Pearson,2037,40,RP,20160,0.16700129,0.091492645,4.237679,4.4968724
Nick Anderson,2037,46,RP,18337,0.14289688,0.08127094,4.194055,4.503913
Nick Martinez,2037,46,RP,12730,0.10557007,0.07302175,4.461067,4.94289
Nick Mears,2037,40,RP,25376,0.16436553,0.09166691,4.237366,4.458374
Nick Pivetta,2037,44,RP,15454,0.14244531,0.082361616,4.2608643,4.604383
Nick Ramirez,2037,47,RP,12575,0.09328835,0.07002209,4.3793154,4.7651043
Nick Robertson,2037,38,RP,26226,0.17983927,0.09412199,4.1953683,4.4706316
Nick Sandlin,2037,40,RP,20517,0.16774267,0.089852735,4.24655,4.5632167
Nick Wittgren,2037,46,RP,15594,0.08730235,0.06648032,4.484222,5.027834
Noe Ramirez,2037,47,RP,12800,0.115288705,0.07958642,4.3504825,4.555198
Osvaldo Bido,2037,41,RP,23150,0.14789844,0.08579124,4.2419863,4.497707
Paul Sewald,2037,47,RP,13892,0.14454052,0.0823937,4.2180943,4.4882607
Pete Fairbanks,2037,43,RP,17998,0.16459082,0.09089364,4.26405,4.517768
Peter Lambert,2037,40,RP,17969,0.11859362,0.07045554,4.3879633,4.787959
Peter Strzelecki,2037,42,RP,21367,0.15085696,0.08631012,4.2465515,4.523741
Phil Bickford,2037,41,RP,18519,0.16356298,0.08933968,4.2446,4.5472665
Phil Maton,2037,44,RP,18064,0.14392437,0.083257265,4.2620816,4.5915856
Pierce Johnson,2037,46,RP,13435,0.14318597,0.084131636,4.270203,4.5363827
Rafael Montero,2037,46,RP,12760,0.12968732,0.081485294,4.2918086,4.5465508
Raisel Iglesias,2037,47,RP,17130,0.13796176,0.078387946,4.1354375,4.432914
Ralph Garza,2037,43,RP,17682,0.14192323,0.08723765,4.2996106,4.4605837
Ray Kerr,2037,42,RP,23809,0.15363061,0.085324496,4.2416544,4.5709267
Reynaldo Lopez,2037,43,RP,16400,0.15132493,0.085646704,4.2674956,4.588764
Richard Bleier,2037,50,RP,7803,0.06680252,0.060105078,4.28005,4.6094065
Richard Lovelady,2037,41,RP,19337,0.16130883,0.089381434,4.242776,4.522039
Roansy Contreras,2037,37,RP,22810,0.17613216,0.09329161,4.1898627,4.453497
Rob Zastryzny,2037,45,RP,15094,0.13406919,0.08499588,4.2948074,4.4053764
Robert Garcia,2037,41,RP,23363,0.15906122,0.08810468,4.2354517,4.5246167
Robert Stephenson,2037,44,RP,13594,0.15261951,0.08328071,4.200748,4.5551467
Robert Suarez,2037,46,RP,30115,0.1302894,0.08114916,4.2926407,4.5542383
Ron Marinaccio,2037,41,RP,23488,0.16544373,0.09101446,4.2703767,4.545332
Ronel Blanco,2037,43,RP,19407,0.14054005,0.085043415,4.3170867,4.5773644
Rony Garcia,2037,39,RP,20430,0.16223574,0.088431805,4.253082,4.5581346
Ross Detwiler,2037,51,RP,2859,0.049232256,0.05236024,4.699274,5.599888
Ross Stripling,2037,47,RP,13273,0.06805283,0.04465126,4.5702615,5.4253035
Rowan Wick,2037,44,RP,14646,0.14401892,0.08623502,4.288999,4.5184255
Ryan Borucki,2037,43,RP,16350,0.12842317,0.075606704,4.326441,4.7363067
Ryan Brasier,2037,49,RP,5615,0.105671205,0.07339814,4.288803,4.5737476
Ryan Helsley,2037,42,RP,18138,0.16946673,0.09193458,4.260456,4.5179653
Ryan Pressly,2037,48,RP,7005,0.13290235,0.07702198,4.1313667,4.4075494
Ryan Thompson,2037,45,RP,16647,0.11750977,0.07544617,4.3176146,4.6855783
Ryan Walker,2037,41,RP,20423,0.16429526,0.08750614,4.23258,4.570461
Ryan Yarbrough,2037,45,RP,16502,0.07233237,0.04691821,4.61637,5.40933
Ryne Stanek,2037,45,RP,15947,0.13621165,0.08465104,4.3351793,4.570303
Sam Hentges,2037,40,RP,18548,0.17067298,0.090267435,4.2045884,4.5110292
Sam Long,2037,41,RP,25379,0.14888404,0.086749606,4.255965,4.500682
Sam Moll,2037,45,RP,14874,0.13613018,0.084787026,4.3058696,4.493646
Sam Selman,2037,46,RP,13397,0.11686823,0.07760582,4.3623652,4.71446
Sammy Peralta,2037,39,RP,25589,0.17095417,0.09280577,4.209929,4.4442167
Scott Alexander,2037,47,RP,10591,0.094787434,0.06966575,4.259673,4.523406
Scott Barlow,2037,44,RP,14993,0.14597082,0.085349396,4.256162,4.5167594
Scott Effross,2037,43,RP,18384,0.14741945,0.08143017,4.2199326,4.5848994
Scott McGough,2037,47,RP,12056,0.12565023,0.0747595,4.1699686,4.502378
Sean Hjelle,2037,40,RP,21481,0.16260107,0.08981794,4.237357,4.5111217
Sean Manaea,2037,45,RP,15873,0.12917471,0.07674072,4.2639313,4.6666985
Sean Poppen,2037,43,RP,19583,0.14039129,0.08500707,4.2666297,4.490205
Seranthony Dominguez,2037,42,RP,19249,0.15263294,0.08687324,4.2679753,4.560793
Sergio Romo,2037,54,RP,9817,0.026984934,0.0496866,4.7121177,5.6713057
Seth Martinez,2037,42,RP,21045,0.15038265,0.086991936,4.256037,4.5119324
Shawn Armstrong,2037,46,RP,12857,0.12650515,0.07449429,4.2215376,4.605628
Shelby Miller,2037,46,RP,10197,0.12425289,0.08553522,4.3989267,4.4152217
Shintaro Fujinami,2037,43,RP,31839,0.14363489,0.08769079,4.2971654,4.4683523
Steve Cishek,2037,51,RP,6483,0.09285346,0.07669384,4.524578,4.5594015
Steven Matz,2037,46,RP,13361,0.11286035,0.068908624,4.3092523,4.824953
Steven Okert,2037,45,RP,13580,0.14152724,0.08255192,4.2714396,4.595445
Steven Wilson,2037,42,RP,20353,0.15221539,0.086607546,4.272328,4.570805
Tanner Banks,2037,45,RP,16990,0.12093503,0.07784311,4.3051243,4.614853
Tanner Scott,2037,42,RP,17586,0.1709434,0.0936989,4.275601,4.4360104
Tayler Saucedo,2037,44,RP,17888,0.13294214,0.08349412,4.2618647,4.4284334
Tayler Scott,2037,45,RP,13652,0.10407298,0.0723471,4.4846683,5.025273
Taylor Clarke,2037,44,RP,17611,0.13056314,0.07614609,4.305419,4.755878
Taylor Rogers,2037,46,RP,13449,0.14336886,0.083909795,4.248794,4.490484
Thad Ward,2037,40,RP,21513,0.16078305,0.09108572,4.2581573,4.4796076
Thomas Hatch,2037,42,RP,19264,0.14699037,0.08706859,4.265566,4.4841423
Tim Herrin,2037,40,RP,25139,0.1687912,0.09120778,4.2224236,4.4988804
Tim Hill,2037,47,RP,16814,0.08432012,0.06778429,4.4241962,4.827113
Tim Mayza,2037,45,RP,15042,0.12998165,0.078197636,4.2673807,4.6145077
Tom Cosgrove,2037,41,RP,23443,0.15336904,0.087072685,4.2364626,4.4883194
Tommy Doyle,2037,41,RP,21281,0.14757481,0.08598311,4.174683,4.346827
Tommy Kahnle,2037,47,RP,11384,0.1357696,0.08128142,4.2691555,4.550389
Tommy Nance,2037,46,RP,19178,0.13013329,0.08028595,4.2825494,4.5912485
Trent Thornton,2037,43,RP,17948,0.12728752,0.074651696,4.361961,4.8073664
Trevor Gott,2037,44,RP,15046,0.13044496,0.07862786,4.2999296,4.6832104
Trevor May,2037,47,RP,6398,0.12324635,0.08176535,4.3476377,4.509133
Trevor Megill,2037,43,RP,17722,0.15559863,0.08571514,4.2232666,4.557847
Trevor Richards,2037,44,RP,19309,0.16061631,0.09174403,4.319731,4.4059653
Trevor Stephan,2037,41,RP,19932,0.16320542,0.087416716,4.2336874,4.576691
Trey Wingenter,2037,43,RP,17793,0.16173565,0.08923837,4.254371,4.547843
Tristan Beck,2037,41,RP,21584,0.1366322,0.0786986,4.258092,4.5922885
Tucker Davidson,2037,41,RP,19871,0.14867932,0.086727545,4.277701,4.54377
Ty Blach,2037,46,RP,14361,0.068700776,0.05847545,4.530863,5.1212196
Tyler Alexander,2037,42,RP,17735,0.12651485,0.063858,4.3343124,4.8654494
Tyler Beede,2037,44,RP,16981,0.11660709,0.07708495,4.391724,4.7826033
Tyler Danish,2037,42,RP,15126,0.133947,0.0809197,4.2826214,4.5801945
Tyler Holton,2037,41,RP,26231,0.14664067,0.07911592,4.206228,4.5469146
Tyler Kinley,2037,46,RP,18297,0.11830028,0.07696865,4.2455406,4.4972434
Tyler Matzek,2037,46,RP,10058,0.13131095,0.088769406,4.454777,4.371679
Tyler Rogers,2037,46,RP,15541,0.11136957,0.0754309,4.268644,4.5097218
Victor Arano,2037,42,RP,15915,0.15339442,0.08562796,4.2402816,4.5622277
Victor Gonzalez,2037,41,RP,16408,0.1587338,0.08875439,4.237877,4.5052023
Wandy Peralta,2037,45,RP,14295,0.13043572,0.085382424,4.358283,4.470426
Will Smith,2037,47,RP,8048,0.120314494,0.07554706,4.300668,4.6802197
Will Vest,2037,42,RP,19769,0.15445922,0.08600614,4.22142,4.5285316
Wily Peralta,2037,48,RP,7738,0.087177575,0.082760096,4.613379,3.9864333
Wyatt Mills,2037,42,RP,20010,0.14606245,0.086548515,4.270797,4.5115094
Xzavion Curry,2037,38,RP,25595,0.15960044,0.08744266,4.224207,4.491741
Yency Almonte,2037,43,RP,15068,0.14490609,0.08622018,4.277012,4.5185103
Yennier Cano,2037,43,RP,25911,0.14246668,0.08438143,4.24864,4.507771
Yerry De Los Santos,2037,39,RP,21420,0.16964473,0.092398696,4.19784,4.4223485
Yimi Garcia,2037,46,RP,12095,0.12923817,0.075501785,4.2050614,4.586022
Yohan Ramirez,2037,42,RP,19444,0.14877798,0.08719608,4.27947,4.5297112
Yonny Chirinos,2037,43,RP,16401,0.109785475,0.06967251,4.4786034,5.005792
Yunior Marte,2037,42,RP,14416,0.14432402,0.08574622,4.2646074,4.507106
Zach Jackson,2037,42,RP,19493,0.16554321,0.09512101,4.337495,4.357576
Zach Thompson,2037,43,RP,16094,0.13695423,0.08415072,4.2615986,4.4653516
Zack Littell,2037,41,RP,15823,0.13975026,0.072962284,4.2708063,4.7053957
Zack Thompson,2037,39,RP,25918,0.1716977,0.092519596,4.2192464,4.4773316
Aaron Civale,2037,42,SP,19479,0.14840727,0.07707637,4.659757,4.4404984
Aaron Nola,2037,44,SP,16149,0.14576858,0.07715805,4.651187,4.670521
Adam Wainwright,2037,55,SP,2233,0.05764475,0.03750078,4.770297,5.009467
Adrian Houser,2037,44,SP,12718,0.16753139,0.07119115,4.3800554,5.0380473
Adrian Sampson,2037,45,SP,13339,0.122974716,0.067528255,4.7574916,4.464504
Alek Manoah,2037,39,SP,26410,0.17797804,0.09024522,4.4770093,4.4528613
Alex Cobb,2037,49,SP,6562,0.12284116,0.060352664,4.6041455,5.053609
Alex Faedo,2037,41,SP,19874,0.16310689,0.0882435,4.513432,4.689953
Andrew Abbott,2037,38,SP,29911,0.18104964,0.08298712,4.5917354,4.3468046
Andrew Heaney,2037,46,SP,15423,0.13126765,0.06910489,4.7709813,4.630359
Anibal Sanchez,2037,53,SP,3284,0.101810694,0.046124298,4.7842603,5.067179
Anthony DeSclafani,2037,47,SP,13050,0.11208022,0.066781744,4.7312794,4.6441393
Austin Gomber,2037,43,SP,16561,0.14589728,0.08286719,4.512482,4.7770443
Bailey Ober,2037,41,SP,21224,0.15158898,0.06372122,4.807934,4.226526
Blake Snell,2037,44,SP,13543,0.14540091,0.0968384,4.5749497,4.877815
Bobby Miller,2037,38,SP,27483,0.18024871,0.08136334,4.5555296,4.3554482
Brad Keller,2037,41,SP,15734,0.1645135,0.0910679,4.439518,4.770436
Brady Singer,2037,40,SP,25377,0.16592571,0.08699533,4.5359154,4.49736
Brandon Bielak,2037,41,SP,19866,0.17176755,0.08877815,4.4919915,4.8467917
Brandon Pfaadt,2037,38,SP,27782,0.16109644,0.057337753,4.3316565,4.487242
Brandon Williamson,2037,39,SP,25463,0.17104179,0.08456271,4.426546,4.444556
Brandon Woodruff,2037,44,SP,16162,0.14269815,0.07463249,4.713077,4.5682178
Braxton Garrett,2037,39,SP,21844,0.17261523,0.07970429,4.604931,4.3428116
Brayan Bello,2037,38,SP,23920,0.17742781,0.09776628,4.355737,4.525363
Bryan Woo,2037,37,SP,30279,0.18677251,0.08081068,4.5771675,4.3484287
Bryce Elder,2037,38,SP,27779,0.18636608,0.09563895,4.4124107,4.497343
Bryce Miller,2037,38,SP,29837,0.16588208,0.056250095,4.5043488,4.37643
Cal Quantrill,2037,42,SP,19312,0.15945427,0.086638406,4.493473,4.8445783
Carlos Carrasco,2037,50,SP,6632,0.100137085,0.059540946,4.741037,4.8772826
Carlos Rodon,2037,44,SP,16137,0.15948711,0.07442578,4.565243,4.7730074
Charlie Morton,2037,53,SP,4676,0.060553346,0.03218104,4.7368026,4.781584
Chase Anderson,2037,49,SP,6895,0.10437498,0.06301711,4.7770395,4.779924
Chris Archer,2037,48,SP,6345,0.13981481,0.057286,4.5530124,5.040273
Chris Bassitt,2037,48,SP,12304,0.1235229,0.06078716,4.8503084,4.6442966
Chris Sale,2037,48,SP,10603,0.12751871,0.064730756,4.601501,5.0044694
Clarke Schmidt,2037,41,SP,19899,0.16090213,0.08238015,4.667164,4.461107
Clayton Kershaw,2037,49,SP,2036,0.12761524,0.057391006,4.708342,4.883034
Colin Rea,2037,46,SP,12317,0.140441,0.06983515,4.646949,4.798321
Corbin Burnes,2037,42,SP,19361,0.16930376,0.08266405,4.490265,4.805721
Cristian Javier,2037,40,SP,17606,0.1649738,0.0773903,4.7213817,4.3172064
Cristopher Sanchez,2037,40,SP,20778,0.16619174,0.08269332,4.6142817,4.410214
Daniel Lynch IV,2037,40,SP,21537,0.16298397,0.089499086,4.481157,4.578393
Dean Kremer,2037,41,SP,19350,0.15123683,0.076366834,4.526191,4.4357367
Domingo German,2037,44,SP,17149,0.124437064,0.05925519,4.767473,4.3213153
Drew Rasmussen,2037,41,SP,25385,0.16720392,0.08525439,4.5701942,4.5966845
Dustin May,2037,39,SP,19716,0.1742944,0.08307126,4.613785,4.363969
Dylan Bundy,2037,44,SP,12917,0.11609935,0.056988236,4.5567656,4.413934
Dylan Cease,2037,41,SP,18525,0.16374815,0.088830866,4.582381,4.675382
Eduardo Rodriguez,2037,44,SP,13164,0.15624958,0.075953454,4.5737677,4.7830386
Edward Cabrera,2037,39,SP,21690,0.1871862,0.089359224,4.50411,4.641524
Emmet Sheehan,2037,37,SP,29839,0.18887925,0.09003791,4.514495,4.3927784
Eric Lauer,2037,42,SP,19316,0.15049326,0.07995304,4.6438107,4.482638
Erick Fedde,2037,44,SP,17425,0.15601161,0.07652191,4.5026197,4.8906016
Eury Perez,2037,34,SP,27768,0.20550427,0.06254735,4.3107753,4.033952
Framber Valdez,2037,43,SP,17295,0.16536842,0.07812615,4.518195,4.7648797
Freddy Peralta,2037,41,SP,18679,0.15791407,0.08403246,4.6488333,4.504085
Gavin Williams,2037,37,SP,30122,0.18710269,0.075875774,4.570906,4.29686
George Kirby,2037,39,SP,25436,0.17032357,0.07542521,4.6098585,4.327691
Gerrit Cole,2037,46,SP,13125,0.13840802,0.07106985,4.6218905,4.8398457
Graham Ashcraft,2037,39,SP,27552,0.17266431,0.09110784,4.38234,4.5277176
Grayson Rodriguez,2037,37,SP,24492,0.18781626,0.085837714,4.5175605,4.369408
Griffin Canning,2037,41,SP,19867,0.15857138,0.08301752,4.611755,4.4815226
Humberto Castellanos,2037,39,SP,21183,0.17,0.08804523,4.417961,4.494851
Hunter Brown,2037,38,SP,25880,0.17902966,0.086193934,4.5711503,4.397698
Hunter Greene,2037,37,SP,22182,0.18493736,0.078396186,4.5229187,4.297154
Hyun-Jin Ryu,2037,50,SP,14444,0.11104659,0.057593044,4.7463083,4.9021163
Ian Anderson,2037,39,SP,19951,0.17974861,0.09606506,4.430104,4.720435
J.P. France,2037,42,SP,21212,0.15380633,0.08697553,4.5224676,4.7229266
JP Sears,2037,41,SP,23429,0.1488619,0.07115481,4.5151916,4.403297
JT Brubaker,2037,43,SP,17578,0.15570273,0.08118971,4.548622,4.7640347
Jack Flaherty,2037,41,SP,17479,0.1779763,0.08372369,4.4549804,4.7015038
Jacob deGrom,2037,49,SP,10954,0.10551097,0.079869606,4.6007876,5.196792
Jake Irvin,2037,40,SP,21504,0.16805792,0.09228639,4.474249,4.606478
Jake Odorizzi,2037,47,SP,6397,0.13784488,0.06617652,4.609294,4.9190607
James Paxton,2037,48,SP,11828,0.12856166,0.06383917,4.688956,4.8800282
Jameson Taillon,2037,45,SP,11674,0.12011383,0.06573301,4.735566,4.4460955
Jared Shuster,2037,38,SP,27472,0.18584281,0.094362274,4.264793,4.491729
Jesus Luzardo,2037,39,SP,19959,0.17158689,0.08873596,4.5955443,4.4577174
Joan Adon,2037,38,SP,22925,0.18455872,0.09816857,4.3987393,4.572007
Joe Musgrove,2037,44,SP,12970,0.13857202,0.071344145,4.8150783,4.446262
Joe Ryan,2037,41,SP,21390,0.15491453,0.07171631,4.7432294,4.3023725
Joey Lucchesi,2037,44,SP,19320,0.14388439,0.07852468,4.574422,4.7581396
Johan Oviedo,2037,39,SP,22487,0.18375228,0.09568696,4.4471645,4.727662
Jon Gray,2037,45,SP,14916,0.13675936,0.07330201,4.7010565,4.6502867
Jordan Lyles,2037,46,SP,7593,0.1051704,0.05561193,4.748317,4.388057
Jordan Montgomery,2037,44,SP,16511,0.14714244,0.07663568,4.659383,4.6601634
Jose Berrios,2037,43,SP,14168,0.14066757,0.073735006,4.7165813,4.4377756
Jose Quintana,2037,48,SP,11423,0.13439122,0.053121015,4.4788404,5.134232
Jose Urena,2037,45,SP,11589,0.1424297,0.07383679,4.6566205,4.733629
Josiah Gray,2037,39,SP,24580,0.17628236,0.08731459,4.42887,4.433224
Julio Urias,2037,40,SP,14765,0.15615666,0.057940464,4.8415904,4.1733055
Justin Dunn,2037,41,SP,19268,0.1534285,0.07626239,4.490933,4.423595
Justin Steele,2037,41,SP,17312,0.16393325,0.08411537,4.6134686,4.5250425
Justin Verlander,2037,54,SP,8700,0.10456609,0.036039926,4.7311597,5.165752
Kenta Maeda,2037,49,SP,18498,0.11467366,0.061911356,4.7280483,4.8649855
Kevin Gausman,2037,46,SP,14107,0.15634103,0.06719458,4.4049797,5.1953964
Kodai Senga,2037,44,SP,31838,0.15015085,0.07514168,4.646068,4.660621
Kyle Bradish,2037,40,SP,24586,0.16915664,0.085177675,4.6249185,4.4519744
Kyle Freeland,2037,44,SP,16256,0.13667221,0.07982108,4.5316825,4.7831616
Kyle Gibson,2037,49,SP,10123,0.114527404,0.06236098,4.613088,5.0251455
Kyle Hendricks,2037,47,SP,12049,0.10771066,0.06467726,4.746811,4.579178
Lance Lynn,2037,50,SP,2520,0.10864963,0.05505533,4.895654,4.700067
Lance McCullers Jr.,2037,43,SP,14120,0.16674577,0.07664101,4.50127,4.757746
Logan Allen,2037,38,SP,27589,0.17868376,0.07292221,4.5901785,4.2879663
Logan Gilbert,2037,40,SP,22250,0.1616256,0.069672175,4.704339,4.271138
Logan Webb,2037,40,SP,17995,0.1647859,0.08501447,4.55616,4.460246
Lucas Giolito,2037,42,SP,15474,0.14329544,0.07182596,4.609571,4.4047155
Luis Castillo,2037,44,SP,15689,0.1460242,0.07387954,4.7442756,4.548594
Luis Cessa,2037,45,SP,13345,0.14204411,0.07516002,4.4206057,5.1027584
Luis Garcia,2037,40,SP,23735,0.1672082,0.08479077,4.627898,4.455228
Luis L. Ortiz,2037,38,SP,27646,0.18735005,0.09566801,4.2856874,4.498242
Luis Severino,2037,43,SP,15890,0.12902537,0.055829927,4.6813927,4.308725
Luke Weaver,2037,43,SP,16918,0.124625616,0.05987669,4.507344,4.421143
MacKenzie Gore,2037,38,SP,22201,0.18273282,0.09469768,4.5690527,4.5269494
Marco Gonzales,2037,45,SP,15467,0.12589277,0.066701576,4.840142,4.42515
Marcus Stroman,2037,46,SP,13431,0.15110986,0.0647095,4.531321,4.955143
Matt Manning,2037,39,SP,20369,0.16978584,0.08683519,4.427305,4.478631
Matthew Boyd,2037,46,SP,15440,0.121552974,0.0714569,4.6601515,4.6997185
Max Fried,2037,43,SP,13743,0.15468141,0.079963215,4.597744,4.679079
Max Scherzer,2037,52,SP,3137,0.11044062,0.04479768,4.711836,5.0576506
Merrill Kelly,2037,48,SP,11156,0.13598412,0.058356892,4.6500845,4.910785
Michael Kopech,2037,41,SP,17282,0.15775315,0.08654156,4.4183326,4.561698
Michael Lorenzen,2037,45,SP,14843,0.16054688,0.06668021,4.3631206,5.1336117
Michael Pineda,2037,48,SP,5372,0.095555454,0.05759245,4.81779,4.4999514
Michael Wacha,2037,45,SP,14078,0.13638273,0.07116202,4.7759438,4.5646477
Mike Clevinger,2037,46,SP,12808,0.13850118,0.06871603,4.7282114,4.692433
Mike Minor,2037,49,SP,10021,0.11235605,0.061246816,4.7579565,4.812571
Miles Mikolas,2037,48,SP,9803,0.098247714,0.06164132,4.753762,4.6054387
Mitch Keller,2037,41,SP,17594,0.16898876,0.085384086,4.5689416,4.605683
Nathan Eovaldi,2037,47,SP,9132,0.14210472,0.064239256,4.592947,4.940146
Nestor Cortes,2037,42,SP,17874,0.14896005,0.072411716,4.827351,4.3285623
Nick Lodolo,2037,39,SP,26378,0.17110929,0.08081772,4.6474566,4.3628287
Noah Syndergaard,2037,44,SP,11762,0.115131564,0.055723198,4.5465384,4.4129205
Pablo Lopez,2037,41,SP,17085,0.16226447,0.08478508,4.6074557,4.547384
Patrick Corbin,2037,47,SP,9323,0.11429596,0.06733003,4.7266235,4.6691055
Patrick Sandoval,2037,40,SP,19447,0.17469805,0.092820615,4.3670382,4.8520517
Paul Blackburn,2037,43,SP,14739,0.16251595,0.07989544,4.4754224,4.864609
Quinn Priester,2037,36,SP,25977,0.2055807,0.0935894,4.195519,4.4248853
Ranger Suarez,2037,41,SP,17277,0.17985635,0.085178874,4.4179993,4.8365297
Reese Olson,2037,37,SP,24968,0.18593611,0.079061285,4.583966,4.3436513
Reid Detmers,2037,37,SP,27468,0.19039828,0.08993783,4.405946,4.3364916
Rich Hill,2037,57,SP,4806,0.04724226,0.021680407,4.903799,4.881451
Ryan Feltner,2037,40,SP,21446,0.16662078,0.09357844,4.4040074,4.7005196
Ryan Weathers,2037,37,SP,23796,0.1846164,0.08043277,4.246266,4.447788
Ryne Nelson,2037,39,SP,26253,0.16813001,0.08251118,4.3655357,4.4571395
Sandy Alcantara,2037,41,SP,18684,0.1614959,0.08539838,4.5932913,4.5377936
Seth Lugo,2037,47,SP,12447,0.1284343,0.065567724,4.7853594,4.6705065
Shane Bieber,2037,42,SP,19427,0.16386767,0.083256245,4.5538287,4.6852794
Shane McClanahan,2037,40,SP,21483,0.16783988,0.086568855,4.6097155,4.4962516
Shohei Ohtani,2037,42,SP,19755,0.15341057,0.08240037,4.6567936,4.568035
Sonny Gray,2037,47,SP,12768,0.15178257,0.06161377,4.363589,5.3034086
Spencer Strider,2037,38,SP,27498,0.19530141,0.06702787,3.7795823,3.7065651
Spencer Turnbull,2037,44,SP,16207,0.16545753,0.071722634,4.3901067,5.001111
Taijuan Walker,2037,44,SP,11836,0.16171995,0.074708015,4.478208,4.916398
Taj Bradley,2037,36,SP,22543,0.19575556,0.084616825,4.464166,4.3372912
Tanner Bibee,2037,38,SP,30134,0.18031952,0.079196766,4.5792484,4.3249736
Tanner Houck,2037,41,SP,19879,0.17813604,0.08510073,4.450203,4.770919
Tarik Skubal,2037,40,SP,22267,0.16370203,0.0800933,4.660998,4.382959
Tommy Henry,2037,39,SP,26285,0.17532156,0.09444126,4.473725,4.5765405
Tony Gonsolin,2037,43,SP,19388,0.15088134,0.079594225,4.6789904,4.596216
Touki Toussaint,2037,41,SP,16929,0.16596997,0.09061357,4.443671,4.754798
Trevor Williams,2037,45,SP,16977,0.11488787,0.052077346,4.8810368,4.260022
Tyler Anderson,2037,47,SP,12880,0.14387405,0.062480994,4.545388,4.9909573
Tyler Glasnow,2037,43,SP,14374,0.15117471,0.08346111,4.594069,4.766339
Tyler Wells,2037,42,SP,20000,0.13528775,0.04491198,4.9466743,4.122447
Tylor Megill,2037,41,SP,21318,0.1542885,0.08497623,4.5034857,4.5590057
Vince Velasquez,2037,45,SP,11189,0.15058623,0.073025495,4.4836917,4.98462
Vladimir Gutierrez,2037,41,SP,19278,0.16717462,0.089685746,4.500371,4.8085246
Wade Miley,2037,50,SP,8779,0.12062507,0.05441956,4.681463,4.999165
Walker Buehler,2037,42,SP,19374,0.15857984,0.08198286,4.6290846,4.5702763
Yu Darvish,2037,50,SP,13074,0.120374255,0.05409097,4.5677996,5.166501
Yusei Kikuchi,2037,46,SP,20633,0.11296562,0.06559025,4.787918,4.47242
Zac Gallen,2037,41,SP,19291,0.16339423,0.08494155,4.597383,4.555988
Zach Davies,2037,44,SP,13183,0.16488557,0.0724344,4.40316,4.9887347
Zach Eflin,2037,43,SP,13774,0.14132455,0.0762464,4.6558323,4.4944754
Zack Greinke,2037,53,SP,1943,0.06811253,0.047856532,4.887044,4.777711
Zack Wheeler,2037,47,SP,10310,0.13453387,0.06908524,4.522852,5.0819845
A.J. Minter,2038,44,RP,18655,0.15139711,0.08538193,4.215444,4.5022826
A.J. Puk,2038,43,RP,19343,0.15230164,0.08287043,4.213007,4.579457
Aaron Ashby,2038,40,RP,23550,0.16938609,0.09072731,4.2274714,4.526969
Aaron Bummer,2038,44,RP,16258,0.15645073,0.09035838,4.3099275,4.4321866
Aaron Loup,2038,50,RP,10343,0.095101304,0.07220584,4.3083024,4.4894257
Aaron Sanchez,2038,45,RP,11490,0.08244275,0.06316077,4.6137156,5.290642
Abner Uribe,2038,38,RP,25327,0.19374493,0.09746552,4.218493,4.490294
Adam Cimber,2038,47,RP,15288,0.09207224,0.06959078,4.3787317,4.750191
Adam Ottavino,2038,52,RP,1247,0.09595191,0.07322417,4.4244804,4.6413136
Adbert Alzolay,2038,43,RP,17859,0.15114877,0.08105428,4.1946063,4.576242
Adrian Martinez,2038,41,RP,21023,0.14354064,0.082728386,4.3012223,4.6458273
Albert Abreu,2038,42,RP,17485,0.1511041,0.0883971,4.269957,4.4893517
Alec Marsh,2038,40,RP,27451,0.16659938,0.091641314,4.238768,4.492425
Alex Lange,2038,42,RP,19883,0.15834735,0.090228625,4.282659,4.513214
Alex Vesia,2038,42,RP,25007,0.15943855,0.08715265,4.2520695,4.5875063
Alex Wood,2038,47,RP,13781,0.10838306,0.07584804,4.3200493,4.590488
Alex Young,2038,44,RP,18333,0.121193305,0.07866851,4.3508067,4.6827707
Alexis Diaz,2038,41,RP,21132,0.16622114,0.09252454,4.2788305,4.5055003
Amir Garrett,2038,46,RP,14375,0.13187952,0.08573819,4.366501,4.430349
Amos Willingham,2038,39,RP,26128,0.14646402,0.08263746,4.2809396,4.5863676
Andre Jackson,2038,42,RP,21298,0.14773193,0.08687802,4.259723,4.490309
Andre Pallante,2038,39,RP,26108,0.16003588,0.089346774,4.1938934,4.410571
Andres Machado,2038,45,RP,14681,0.11045693,0.07457793,4.4017954,4.8150244
Andres Munoz,2038,39,RP,20373,0.18618599,0.09277875,4.199333,4.5406013
Andrew Bellatti,2038,46,RP,10657,0.12965935,0.082272135,4.3136616,4.5459037
Andrew Chafin,2038,48,RP,12988,0.121014655,0.07979891,4.3218293,4.5174274
Andrew Nardi,2038,39,RP,25942,0.17583473,0.09263834,4.219505,4.5115294
Andrew Vasquez,2038,44,RP,19482,0.13341844,0.08382616,4.27314,4.4420004
Andrew Wantz,2038,42,RP,24933,0.15122344,0.08687151,4.260771,4.5349746
Angel Perdomo,2038,44,RP,17759,0.15527935,0.089763634,4.3096104,4.488198
Angel Zerpa,2038,38,RP,22717,0.16336389,0.0888261,4.1992593,4.45938
Anthony Bass,2038,50,RP,7982,0.09619175,0.07430197,4.4224825,4.6463094
Anthony Bender,2038,43,RP,19742,0.14518508,0.08477713,4.2624063,4.547023
Anthony Gose,2038,47,RP,5097,0.12594426,0.07980127,4.295324,4.549017
Aroldis Chapman,2038,50,RP,10233,0.18404756,0.08869604,4.0371866,4.1222095
Art Warren,2038,45,RP,18251,0.1393514,0.084663816,4.2799516,4.4912114
Austin Adams,2038,47,RP,13801,0.1304385,0.08240569,4.323676,4.5454183
Austin Cox,2038,41,RP,24604,0.16022207,0.09058982,4.2273417,4.423401
Austin Davis,2038,45,RP,17117,0.13335277,0.084106,4.302766,4.491611
Austin Pruitt,2038,48,RP,15290,0.073254555,0.061932508,4.505354,5.064685
Austin Voth,2038,46,RP,15047,0.098173864,0.06896655,4.471268,5.0430036
Bailey Falter,2038,41,RP,20070,0.1372406,0.075566426,4.3159356,4.7431216
Beau Brieske,2038,40,RP,26079,0.15050918,0.085810035,4.2439537,4.5095587
Ben Heller,2038,46,RP,15100,0.122883245,0.08262421,4.3341117,4.439836
Ben Lively,2038,46,RP,14932,0.08780732,0.06466077,4.5366783,5.183581
Blake Taylor,2038,42,RP,16418,0.15111366,0.08902019,4.2605376,4.431671
Bowden Francis,2038,42,RP,20548,0.14752476,0.080966994,4.235655,4.594238
Brad Boxberger,2038,50,RP,10133,0.100470856,0.07640721,4.425576,4.58315
Brad Hand,2038,48,RP,9111,0.111973904,0.07835381,4.3297324,4.4866076
Brendan White,2038,39,RP,26024,0.17359379,0.092709385,4.2045584,4.46575
Brennan Bernardino,2038,46,RP,16835,0.122587964,0.07654516,4.220674,4.506673
Brent Honeywell,2038,43,RP,16466,0.13100785,0.081982315,4.307817,4.572635
Brent Suter,2038,48,RP,13942,0.10265411,0.072084054,4.162166,4.269173
Brett Martin,2038,43,RP,17369,0.13936448,0.084664725,4.2432637,4.435285
Brock Burke,2038,41,RP,17968,0.15284601,0.080458894,4.2267413,4.612257
Brock Stewart,2038,46,RP,16727,0.13296969,0.08027382,4.2721567,4.588438
Brooks Raley,2038,50,RP,10061,0.10954822,0.07559786,4.3329644,4.5665345
Brusdar Graterol,2038,39,RP,20367,0.16343354,0.08892527,4.182155,4.4337573
Bryan Abreu,2038,41,RP,16609,0.17033896,0.09236398,4.2628264,4.535347
Bryan Baker,2038,43,RP,19804,0.15042426,0.08761746,4.259372,4.4794545
Bryan Hoeing,2038,41,RP,26304,0.12890731,0.07721413,4.3569365,4.737552
Bryan Shaw,2038,50,RP,8110,0.08500057,0.07131268,4.414738,4.6972356
Bryse Wilson,2038,40,RP,19990,0.14900355,0.084383205,4.2696075,4.574873
Buck Farmer,2038,47,RP,14814,0.11455948,0.07898479,4.3370895,4.540657
Caleb Ferguson,2038,41,RP,19349,0.16043611,0.08844408,4.246386,4.5473323
Caleb Smith,2038,46,RP,14875,0.121688835,0.082827315,4.3816924,4.5269637
Caleb Thielbar,2038,51,RP,10078,0.11056837,0.07180336,4.2181067,4.4861736
Calvin Faucher,2038,42,RP,20116,0.14482138,0.0859383,4.2710075,4.519448
Camilo Doval,2038,40,RP,21992,0.1710989,0.090416014,4.219947,4.530876
Carl Edwards Jr.,2038,46,RP,13607,0.124965765,0.0828379,4.319268,4.427789
Carlos Estevez,2038,45,RP,14542,0.13216785,0.08305492,4.301703,4.5334997
Carlos Hernandez,2038,41,RP,22713,0.15759385,0.09008113,4.249687,4.4642925
Carmen Mlodzinski,2038,39,RP,27572,0.17146271,0.09265789,4.214437,4.4586873
Casey Lawrence,2038,50,RP,11121,0.0091696335,0.04001965,4.956658,6.1212044
Chad Kuhl,2038,45,RP,14975,0.121532544,0.082360886,4.3629203,4.5664363
Chase Silseth,2038,38,RP,30074,0.1769716,0.09387093,4.2003207,4.45821
Chasen Shreve,2038,47,RP,10855,0.10633921,0.07333809,4.378911,4.798678
Chris Devenski,2038,47,RP,12763,0.088641696,0.059818473,4.437233,5.129537
Chris Flexen,2038,43,RP,13896,0.106685944,0.069218405,4.501152,5.042924
Chris Martin,2038,52,RP,11847,0.0905406,0.06344607,4.12197,4.395311
Chris Murphy,2038,40,RP,26214,0.16383536,0.09045734,4.199831,4.4277825
Chris Stratton,2038,47,RP,13761,0.117312826,0.07776244,4.275579,4.507281
Cionel Perez,2038,42,RP,19614,0.15257633,0.08905013,4.253181,4.4346356
Clay Holmes,2038,45,RP,13649,0.13848616,0.083437316,4.250363,4.479587
Cody Bolton,2038,40,RP,23265,0.16408579,0.091362484,4.211453,4.417762
Cody Bradford,2038,40,RP,27597,0.15172388,0.083286665,4.247268,4.5856566
Cole Irvin,2038,44,RP,19244,0.107169494,0.06812759,4.433263,4.968344
Cole Ragans,2038,40,RP,21846,0.16643107,0.091471,4.2184715,4.4516377
Cole Sands,2038,40,RP,21461,0.16218919,0.090581745,4.223964,4.450707
Colin Holderman,2038,42,RP,22361,0.15199724,0.08807447,4.228571,4.422392
Colin Poche,2038,44,RP,19403,0.14019614,0.08330705,4.2868876,4.594474
Colin Selby,2038,40,RP,24986,0.2017606,0.0896683,3.9320302,4.351299
Collin McHugh,2038,51,RP,7531,0.091605976,0.069952056,4.308753,4.5433393
Collin Snider,2038,42,RP,23307,0.1381355,0.08387894,4.2261643,4.417455
Connor Brogdon,2038,43,RP,21205,0.14115644,0.08417202,4.273261,4.5473456
Connor Seabold,2038,42,RP,19695,0.113381244,0.06924956,4.5171504,5.0798445
Corey Kluber,2038,52,RP,2429,0.028758368,0.048243012,4.66581,5.5623765
Corey Knebel,2038,46,RP,15010,0.13190134,0.0843343,4.334557,4.4886084
Cory Abbott,2038,42,RP,20277,0.14549723,0.08553391,4.2893214,4.5780897
Craig Kimbrel,2038,50,RP,6655,0.12859915,0.07970073,4.3323874,4.5206985
Craig Stammen,2038,54,RP,7274,0.054490596,0.057411905,4.5520597,5.1658416
DL Hall,2038,39,RP,22207,0.17550638,0.091895714,4.205416,4.5060534
Dakota Hudson,2038,43,RP,19206,0.12980564,0.08225688,4.261727,4.4486675
Dane Dunning,2038,43,RP,19409,0.13602175,0.08320875,4.283287,4.5433292
Daniel Bard,2038,53,RP,7115,0.084830716,0.07364486,4.471659,4.312114
Daniel Duarte,2038,41,RP,17480,0.15504879,0.08997058,4.246645,4.4188604
Daniel Palencia,2038,38,RP,27914,0.18649831,0.093410015,4.1922045,4.5135922
Danny Coulombe,2038,48,RP,13293,0.11348881,0.0758049,4.2835937,4.5442376
Dany Jimenez,2038,44,RP,21170,0.14126353,0.08694005,4.299068,4.4466667
Darren O'Day,2038,55,RP,3321,0.08169892,0.0679135,4.4573483,4.6795974
Dauri Moreta,2038,42,RP,21101,0.15360448,0.08620734,4.252323,4.565332
David Bednar,2038,43,RP,19569,0.15220663,0.085074395,4.212329,4.5126925
David Peterson,2038,42,RP,20302,0.15724885,0.0881773,4.259262,4.552342
David Phelps,2038,51,RP,6316,0.1046734,0.07424757,4.3463287,4.5487413
David Price,2038,52,RP,3184,0.06793822,0.063315675,4.5228834,5.0817204
David Robertson,2038,53,RP,8241,0.10515351,0.07263349,4.363054,4.5648603
Derek Law,2038,47,RP,13133,0.11298144,0.07963244,4.3268614,4.4258523
Devin Williams,2038,43,RP,15816,0.17115033,0.09340877,4.288075,4.402175
Dillon Peters,2038,45,RP,18790,0.11209723,0.07688762,4.361395,4.678449
Dillon Tate,2038,44,RP,17796,0.12600046,0.079263866,4.2909236,4.5924916
Dinelson Lamet,2038,45,RP,17186,0.14694478,0.08660378,4.2824974,4.476065
Domingo Tapia,2038,46,RP,12178,0.12756012,0.08485426,4.347796,4.377155
Dominic Leone,2038,46,RP,13763,0.120616935,0.08145425,4.3757815,4.579831
Drew Hutchison,2038,47,RP,10732,0.10099487,0.07664953,4.377491,4.5559764
Drew Smith,2038,44,RP,17755,0.14144845,0.08364799,4.293214,4.606382
Drew Smyly,2038,49,RP,11760,0.07921098,0.06438791,4.509187,5.135003
Drew VerHagen,2038,47,RP,13424,0.09489552,0.07171349,4.459784,4.9371343
Drey Jameson,2038,40,RP,26260,0.16268843,0.089890815,4.233458,4.4949217
Duane Underwood Jr.,2038,43,RP,14677,0.13991971,0.085110776,4.241877,4.4177155
Dylan Coleman,2038,41,RP,22276,0.16122633,0.091731034,4.2581973,4.4462757
Dylan Covey,2038,46,RP,14825,0.07808424,0.063303895,4.598929,5.2739186
Dylan Floro,2038,47,RP,13394,0.11904002,0.07701482,4.216323,4.4253807
Dylan Lee,2038,43,RP,19996,0.14367923,0.08079563,4.228354,4.580736
Edwin Diaz,2038,44,RP,14710,0.1902072,0.09616864,4.1779046,4.3464837
Eli Morgan,2038,42,RP,20203,0.15266103,0.084215686,4.236329,4.5863466
Elieser Hernandez,2038,43,RP,16933,0.14159615,0.074635856,4.2160497,4.665513
Elvis Peguero,2038,41,RP,21652,0.15375727,0.088323474,4.230141,4.4466043
Emilio Pagan,2038,47,RP,14771,0.12144658,0.07582474,4.2713747,4.620666
Emmanuel Clase,2038,40,RP,21032,0.1605082,0.08572541,4.1541862,4.4484816
Enyel De Los Santos,2038,42,RP,18403,0.15379553,0.087493315,4.2550316,4.5317197
Erasmo Ramirez,2038,48,RP,10314,0.04850451,0.04688432,4.659341,5.506764
Eric Stout,2038,45,RP,16873,0.13283414,0.08442919,4.296574,4.4404573
Erik Swanson,2038,44,RP,16587,0.14792897,0.08288998,4.2283344,4.5700483
Evan Phillips,2038,43,RP,17734,0.15065458,0.081595235,4.1990733,4.5558124
Felix Bautista,2038,43,RP,20666,0.16082546,0.09051611,4.2865887,4.5361085
Fernando Cruz,2038,48,RP,7048,0.1287386,0.07975846,4.267339,4.5072894
Francisco Perez,2038,40,RP,21018,0.16179086,0.09052157,4.2093663,4.4210258
Gabe Speier,2038,43,RP,17170,0.14131056,0.080494285,4.2389555,4.5923495
Garrett Richards,2038,50,RP,9784,0.06441044,0.0622618,4.501997,5.081389
Garrett Whitlock,2038,42,RP,20191,0.1463611,0.07769689,4.1820736,4.5739603
Gavin Hollowell,2038,40,RP,25427,0.15953645,0.0897323,4.208706,4.4198713
Genesis Cabrera,2038,41,RP,17490,0.15910903,0.09015739,4.2489743,4.475496
George Soriano,2038,39,RP,21863,0.17192407,0.09268958,4.2134933,4.464204
Giovanny Gallegos,2038,46,RP,14986,0.13493118,0.07778545,4.1849737,4.5309725
Grant Anderson,2038,41,RP,20546,0.15235749,0.08781994,4.241904,4.4733815
Grant Hartwig,2038,40,RP,29946,0.16184592,0.090471536,4.2285323,4.4611974
Greg Weissert,2038,43,RP,20375,0.14261323,0.08487479,4.269694,4.531406
Gregory Santos,2038,38,RP,21894,0.17620638,0.092846654,4.166807,4.42168
Gregory Soto,2038,43,RP,19677,0.14905357,0.08775341,4.273073,4.486812
Griffin Jax,2038,43,RP,20253,0.14181094,0.081733234,4.2563205,4.6027007
Gus Varland,2038,41,RP,24737,0.1575376,0.09021457,4.237996,4.429623
Hansel Robles,2038,47,RP,11801,0.1206638,0.08085369,4.3154883,4.4572754
Hayden Wesneski,2038,40,RP,27581,0.16128959,0.088223964,4.237277,4.5371404
Hector Neris,2038,49,RP,11804,0.1210798,0.078205705,4.3047667,4.5373855
Hirokazu Sawamura,2038,50,RP,27515,0.10001599,0.077883534,4.4272017,4.400833
Hobie Harris,2038,45,RP,18615,0.12601589,0.08290266,4.2628803,4.2960997
Hoby Milner,2038,47,RP,13346,0.11444609,0.07116562,4.2743626,4.6805754
Huascar Brazoban,2038,48,RP,6107,0.11842918,0.08124011,4.372402,4.472167
Hunter Harvey,2038,43,RP,15507,0.14641571,0.08223239,4.21802,4.5551887
Hunter Strickland,2038,49,RP,7836,0.10067542,0.075892515,4.3702826,4.5289063
Ian Gibaut,2038,44,RP,17871,0.13895883,0.08425005,4.274176,4.512891
Ian Hamilton,2038,43,RP,19261,0.1493722,0.08636092,4.263071,4.5322247
Ian Kennedy,2038,53,RP,6986,0.08843089,0.059853815,4.3921776,4.9123445
Isaiah Campbell,2038,40,RP,25551,0.17102028,0.091448426,4.246853,4.5447187
J.B. Wendelken,2038,45,RP,14506,0.1328717,0.08419655,4.286932,4.427101
J.P. Feyereisen,2038,45,RP,16610,0.13383956,0.08454891,4.314805,4.4886017
JT Chargois,2038,47,RP,13767,0.113825426,0.078193836,4.30641,4.4953647
Jackson Kowar,2038,41,RP,21549,0.15750045,0.090814844,4.2765126,4.4815917
Jacob Webb,2038,44,RP,19274,0.1393195,0.08556311,4.299607,4.5098147
Jaime Barria,2038,41,RP,18356,0.13462055,0.079266176,4.339308,4.7022195
Jake Bird,2038,42,RP,21267,0.14550914,0.08550042,4.1797767,4.3434706
Jake Diekman,2038,51,RP,5003,0.1430779,0.080716714,4.2842245,4.402084
Jake McGee,2038,51,RP,7550,0.076597,0.06438313,4.427799,4.916182
Jake Woodford,2038,41,RP,18674,0.13589403,0.08138692,4.3074045,4.614553
Jakob Junis,2038,45,RP,13619,0.12399345,0.07253848,4.2559066,4.703305
Jalen Beeks,2038,44,RP,17192,0.14246245,0.08416008,4.2685866,4.5579934
James Karinchak,2038,42,RP,20151,0.16561551,0.09280292,4.3047104,4.4863267
James McArthur,2038,41,RP,21527,0.1513225,0.082867905,4.2056165,4.5411873
James Norwood,2038,44,RP,16440,0.13645029,0.08435808,4.2731075,4.4732513
Jandel Gustave,2038,45,RP,14665,0.12642226,0.08186053,4.3079495,4.525024
Jarlin Garcia,2038,45,RP,18282,0.12349363,0.078168646,4.308677,4.63012
Jason Adam,2038,46,RP,11861,0.13978426,0.08151505,4.2458854,4.5515714
Jason Alexander,2038,45,RP,19666,0.10412877,0.07376708,4.3190875,4.593594
Jason Foley,2038,42,RP,19531,0.14291367,0.08368271,4.1882887,4.408891
Javier Assad,2038,40,RP,21741,0.1619733,0.090629295,4.2380238,4.469388
Javy Guerra,2038,42,RP,17292,0.14983317,0.089359626,4.2611294,4.390541
Jay Jackson,2038,50,RP,7432,0.10651506,0.07501768,4.390687,4.6552086
Jeff Brigham,2038,46,RP,16631,0.12791081,0.07953293,4.294916,4.617308
Jeff Hoffman,2038,45,RP,17432,0.13772434,0.08364681,4.288989,4.553789
Jesse Chavez,2038,54,RP,5448,0.08436818,0.06783381,4.3899584,4.6349936
Jesse Scholtens,2038,44,RP,19205,0.10339203,0.07137048,4.3708687,4.744843
Jesus Tinoco,2038,43,RP,16300,0.1399026,0.086645976,4.294609,4.44567
Jharel Cotton,2038,46,RP,13654,0.114593334,0.078569144,4.374008,4.6770515
Jhoan Duran,2038,40,RP,21029,0.17205673,0.08803061,4.2042294,4.553338
Jhony Brito,2038,40,RP,25386,0.15399735,0.08684203,4.242873,4.514646
Jhoulys Chacin,2038,50,RP,2608,0.048231196,0.05658729,4.5868616,5.284409
Jimmy Cordero,2038,46,RP,15690,0.117831916,0.077690184,4.331998,4.664555
Jimmy Herget,2038,44,RP,17556,0.12870896,0.07820989,4.2965546,4.65833
Jimmy Lambert,2038,43,RP,19541,0.14341573,0.08602637,4.2839904,4.5207396
JoJo Romero,2038,41,RP,19574,0.16167031,0.08836434,4.23434,4.542671
Joe Jacques,2038,43,RP,25178,0.12919621,0.08061392,4.2280774,4.4384627
Joe Jimenez,2038,43,RP,15761,0.15570636,0.0851226,4.2225313,4.5672054
Joe Kelly,2038,50,RP,9761,0.12965639,0.08019363,4.336237,4.4837055
Joe La Sorsa,2038,40,RP,25481,0.1551821,0.08721849,4.2219505,4.48121
Joe Mantiply,2038,47,RP,14857,0.106430046,0.072259076,4.2690997,4.597312
Joe Smith,2038,54,RP,3281,0.027848806,0.05133926,4.6806965,5.468163
Joel Payamps,2038,44,RP,14332,0.13184133,0.07843622,4.290446,4.653176
Joey Wentz,2038,40,RP,19962,0.15665253,0.08834467,4.263758,4.5424504
John Brebbia,2038,48,RP,12777,0.11256383,0.07629349,4.32542,4.6215925
John Curtiss,2038,45,RP,16128,0.12501138,0.079024106,4.323208,4.6623883
John King,2038,43,RP,22051,0.124410175,0.078634925,4.237443,4.473461
John Schreiber,2038,44,RP,20020,0.14109167,0.085056596,4.2759027,4.507928
Jonathan Hernandez,2038,41,RP,17464,0.15926705,0.08998793,4.2423744,4.473325
Jonathan Loaisiga,2038,43,RP,19753,0.12801276,0.079542704,4.2343154,4.4755716
Jordan Balazovic,2038,39,RP,21866,0.16338082,0.0903709,4.2175326,4.456235
Jordan Hicks,2038,41,RP,19618,0.16622505,0.092426695,4.255438,4.462064
Jordan Romano,2038,45,RP,16122,0.14048205,0.08332944,4.276813,4.5664907
Jordan Weems,2038,45,RP,13190,0.13255848,0.08205228,4.3041463,4.5929227
Jorge Lopez,2038,45,RP,14527,0.10093072,0.069570675,4.495076,5.0722632
Jose A. Ferrer,2038,38,RP,24017,0.17015177,0.09177725,4.188588,4.43659
Jose Alvarado,2038,43,RP,17780,0.16623029,0.09288264,4.305762,4.420562
Jose Alvarez,2038,49,RP,5358,0.099329926,0.075525,4.3571706,4.485002
Jose Cisnero,2038,49,RP,6399,0.10928121,0.077706166,4.362875,4.534208
Jose Cuas,2038,44,RP,17701,0.13932574,0.086212404,4.295557,4.4557257
Jose Hernandez,2038,40,RP,22318,0.1680196,0.09111541,4.2274446,4.5016627
Jose Leclerc,2038,44,RP,14524,0.14530005,0.08685026,4.306587,4.542964
Jose Ruiz,2038,43,RP,14552,0.14299509,0.08547498,4.285715,4.5428176
Jose Soriano,2038,39,RP,22100,0.18258876,0.09379269,4.2232757,4.5249667
Jose Urquidy,2038,43,RP,18413,0.12220221,0.07645322,4.368747,4.766283
Josh Hader,2038,44,RP,14212,0.16982484,0.09203107,4.260505,4.400543
Josh Rogers,2038,43,RP,18510,0.12024383,0.07838084,4.3470664,4.6471076
Josh Sborz,2038,44,RP,18323,0.14893636,0.08540146,4.2637553,4.57002
Josh Staumont,2038,44,RP,18335,0.1451394,0.08840002,4.313487,4.4326196
Josh Taylor,2038,45,RP,17359,0.13883822,0.08344495,4.2805214,4.560714
Josh Winckowski,2038,40,RP,22387,0.15239945,0.08677637,4.1990404,4.423336
Josh Winder,2038,41,RP,24606,0.13980351,0.08248734,4.2598257,4.5385847
Jovani Moran,2038,41,RP,20422,0.17085288,0.09380654,4.2638226,4.4634404
Julian Merryweather,2038,46,RP,16703,0.13291831,0.082616016,4.3024883,4.552331
Junior Fernandez,2038,41,RP,18496,0.1563996,0.08986665,4.2464395,4.44863
Justin Bruihl,2038,41,RP,23779,0.15020752,0.0870865,4.234702,4.460682
Justin Garza,2038,44,RP,19784,0.13622262,0.08538263,4.2924204,4.4524016
Justin Grimm,2038,49,RP,11720,0.07611536,0.068921894,4.546691,5.1263566
Justin Lawrence,2038,43,RP,17639,0.14915061,0.087279566,4.2089696,4.3437014
Justin Topa,2038,47,RP,15145,0.109934896,0.07236746,4.2686625,4.619166
Kaleb Ort,2038,46,RP,20061,0.111739315,0.07673871,4.3199224,4.5957117
Keegan Akin,2038,43,RP,19362,0.13951913,0.0812198,4.280508,4.6454782
Keegan Thompson,2038,43,RP,19795,0.14540716,0.08746836,4.284234,4.473504
Ken Waldichuk,2038,40,RP,27681,0.1603254,0.08962562,4.2439203,4.5033197
Kendall Graveman,2038,47,RP,15514,0.119397,0.08184391,4.371251,4.4981728
Kenley Jansen,2038,50,RP,3096,0.1182313,0.07638894,4.280252,4.489297
Kevin Ginkel,2038,44,RP,19876,0.1405955,0.08418852,4.2706866,4.5341153
Kevin Kelly,2038,40,RP,25679,0.15548894,0.08655614,4.186063,4.438503
Keynan Middleton,2038,44,RP,15264,0.14126757,0.08390325,4.2870007,4.587339
Kirby Yates,2038,51,RP,9073,0.13591345,0.08013138,4.323645,4.454477
Kutter Crawford,2038,42,RP,20531,0.14809579,0.08558414,4.243666,4.5158124
Kyle Finnegan,2038,46,RP,15009,0.119857095,0.07845503,4.3397846,4.651058
Kyle Muller,2038,40,RP,20167,0.15945314,0.08996082,4.2604537,4.5158443
Kyle Nelson,2038,41,RP,20515,0.15638962,0.08822768,4.2337494,4.488475
Lane Ramsey,2038,41,RP,25071,0.15527394,0.08884399,4.2206407,4.425341
Lou Trivino,2038,46,RP,15043,0.12856014,0.08246492,4.307117,4.50367
Louie Varland,2038,40,RP,27691,0.15858433,0.087039694,4.2303104,4.531918
Louis Head,2038,48,RP,13259,0.104493536,0.074966565,4.317557,4.5429254
Lucas Erceg,2038,43,RP,19360,0.15357219,0.08911887,4.2391734,4.3731966
Lucas Gilbreath,2038,42,RP,21290,0.15526587,0.089516826,4.23056,4.387979
Lucas Sims,2038,44,RP,13470,0.1480739,0.08883327,4.3305774,4.5022054
Luis Frias,2038,40,RP,21997,0.16022494,0.09010397,4.189585,4.3771353
Luis Garcia,2038,51,RP,6984,0.094161846,0.071089715,4.3070765,4.5102944
Luis Medina,2038,39,RP,21649,0.16868399,0.09227773,4.2235813,4.4686265
Luke Jackson,2038,46,RP,11752,0.13298139,0.08211696,4.2901964,4.5513177
Manny Banuelos,2038,47,RP,5365,0.119469695,0.08152685,4.345433,4.4687915
Mark Leiter Jr.,2038,47,RP,15551,0.12539436,0.07645181,4.237891,4.583042
Mark Melancon,2038,53,RP,4264,0.074086025,0.06590304,4.2848697,4.331109
Martin Perez,2038,47,RP,6902,0.09854665,0.07391168,4.380646,4.660601
Mason Englert,2038,38,RP,22288,0.15695263,0.08552265,4.250087,4.547442
Mason Thompson,2038,40,RP,21850,0.15883295,0.08939927,4.211761,4.432981
Matt Barnes,2038,48,RP,12863,0.1141781,0.07903811,4.3343334,4.4870777
Matt Brash,2038,40,RP,25756,0.18759654,0.10214804,4.317778,4.3642597
Matt Carasiti,2038,46,RP,13276,0.11812535,0.07812729,4.2024584,4.313056
Matt Foster,2038,43,RP,19647,0.14326994,0.084776014,4.266913,4.5396123
Matt Koch,2038,47,RP,13420,0.066064075,0.058178037,4.5795975,5.227383
Matt Moore,2038,49,RP,1890,0.11012526,0.07646469,4.3646955,4.6163025
Matt Strahm,2038,46,RP,13799,0.13120042,0.07761953,4.21574,4.555306
Matt Wisler,2038,45,RP,12804,0.13308689,0.07984581,4.2819667,4.6200843
Matthew Liberatore,2038,38,RP,22294,0.16744587,0.09083816,4.2210236,4.490306
Mauricio Llovera,2038,42,RP,20080,0.14713547,0.0867672,4.26449,4.4991693
Michael Fulmer,2038,45,RP,13218,0.13294074,0.08309538,4.3043942,4.549507
Michael Grove,2038,41,RP,23221,0.14878893,0.0844906,4.2750587,4.603632
Michael King,2038,43,RP,19853,0.15282336,0.08465196,4.2310295,4.5687137
Michael Rucker,2038,44,RP,19454,0.1349008,0.083090186,4.293649,4.5630717
Michael Tonkin,2038,48,RP,10315,0.111659534,0.07459072,4.3418245,4.729502
Miguel Castro,2038,43,RP,15684,0.1458926,0.086836986,4.2758856,4.497994
Mike Baumann,2038,42,RP,20206,0.15084119,0.088525064,4.2589855,4.45354
Nate Pearson,2038,41,RP,20160,0.15995868,0.090097226,4.2482076,4.489346
Nick Anderson,2038,47,RP,18337,0.13401146,0.07969448,4.2225094,4.5106053
Nick Martinez,2038,47,RP,12730,0.09828695,0.0717554,4.45889,4.9305964
Nick Mears,2038,41,RP,25376,0.15789604,0.090226576,4.2462254,4.449757
Nick Pivetta,2038,45,RP,15454,0.13454966,0.081127875,4.277484,4.599486
Nick Ramirez,2038,48,RP,12575,0.08721992,0.068878785,4.378295,4.7471404
Nick Robertson,2038,39,RP,26226,0.17304048,0.09271296,4.206199,4.46424
Nick Sandlin,2038,41,RP,20517,0.16013049,0.08863519,4.257769,4.5578465
Nick Wittgren,2038,47,RP,15594,0.08089272,0.06538113,4.477157,5.010988
Noe Ramirez,2038,48,RP,12800,0.10847343,0.07776572,4.3551435,4.5438285
Osvaldo Bido,2038,42,RP,23150,0.14208265,0.08470851,4.247887,4.4848986
Paul Sewald,2038,48,RP,13892,0.13495098,0.0804274,4.248134,4.5016046
Pete Fairbanks,2038,44,RP,17998,0.15568657,0.088933036,4.2837334,4.5206356
Peter Lambert,2038,41,RP,17969,0.11368623,0.070146374,4.3837714,4.789972
Peter Strzelecki,2038,43,RP,21367,0.14392368,0.085049115,4.258031,4.5148907
Phil Bickford,2038,42,RP,18519,0.15586536,0.08800899,4.258126,4.540912
Phil Maton,2038,45,RP,18064,0.13598761,0.08192384,4.2786307,4.586591
Pierce Johnson,2038,47,RP,13435,0.13430989,0.08219559,4.2917595,4.540114
Rafael Montero,2038,47,RP,12760,0.122121856,0.07977315,4.304951,4.540239
Raisel Iglesias,2038,48,RP,17130,0.12903838,0.076847,4.169006,4.4440775
Ralph Garza,2038,44,RP,17682,0.13564363,0.0856329,4.304616,4.4501925
Ray Kerr,2038,43,RP,23809,0.14605047,0.08422823,4.256663,4.5657616
Reynaldo Lopez,2038,44,RP,16400,0.14333959,0.084310964,4.282786,4.5837693
Richard Bleier,2038,51,RP,7803,0.061179075,0.0592431,4.2871866,4.5982747
Richard Lovelady,2038,42,RP,19337,0.15403064,0.08801688,4.254875,4.514239
Roansy Contreras,2038,38,RP,22810,0.170783,0.09206849,4.195595,4.446007
Rob Zastryzny,2038,46,RP,15094,0.12724577,0.08316208,4.305013,4.4035783
Robert Garcia,2038,42,RP,23363,0.15192987,0.08687784,4.247705,4.5172644
Robert Stephenson,2038,45,RP,13594,0.14381726,0.082066864,4.2273636,4.559307
Robert Suarez,2038,47,RP,30115,0.12257303,0.07951521,4.3068514,4.5506425
Ron Marinaccio,2038,42,RP,23488,0.15758337,0.08953885,4.2819805,4.538644
Ronel Blanco,2038,44,RP,19407,0.13381954,0.08367037,4.321381,4.5649343
Rony Garcia,2038,40,RP,20430,0.15592684,0.087387025,4.2566495,4.547678
Ross Detwiler,2038,52,RP,2859,0.039825987,0.05075297,4.6977596,5.6055913
Ross Stripling,2038,48,RP,13273,0.058588985,0.04470891,4.589775,5.4588294
Rowan Wick,2038,45,RP,14646,0.13655883,0.08451873,4.3006372,4.511589
Ryan Borucki,2038,44,RP,16350,0.12142894,0.07506162,4.3344793,4.734974
Ryan Brasier,2038,50,RP,5615,0.09812794,0.07173231,4.303516,4.5694046
Ryan Helsley,2038,43,RP,18138,0.16047421,0.090220146,4.279504,4.5176063
Ryan Pressly,2038,49,RP,7005,0.123903506,0.075332254,4.16558,4.4206214
Ryan Thompson,2038,46,RP,16647,0.11083401,0.07447456,4.324322,4.674316
Ryan Walker,2038,42,RP,20423,0.15620895,0.08645231,4.2495418,4.5704784
Ryan Yarbrough,2038,46,RP,16502,0.063745596,0.04678535,4.6301265,5.4428906
Ryne Stanek,2038,46,RP,15947,0.12866692,0.08287146,4.343581,4.562632
Sam Hentges,2038,41,RP,18548,0.16297014,0.089060694,4.2210774,4.5080533
Sam Long,2038,42,RP,25379,0.14302967,0.08557323,4.26054,4.486983
Sam Moll,2038,46,RP,14874,0.12884745,0.08298232,4.3161845,4.48822
Sam Selman,2038,47,RP,13397,0.109808095,0.07617218,4.366445,4.699965
Sammy Peralta,2038,40,RP,25589,0.16456476,0.091422155,4.220413,4.438327
Scott Alexander,2038,48,RP,10591,0.0893315,0.0687287,4.266446,4.511106
Scott Barlow,2038,45,RP,14993,0.13822442,0.08376075,4.2723427,4.5125136
Scott Effross,2038,44,RP,18384,0.13952725,0.08059921,4.240347,4.5855885
Scott McGough,2038,48,RP,12056,0.11751777,0.073632136,4.1976695,4.507516
Sean Hjelle,2038,41,RP,21481,0.15595216,0.08854968,4.2458043,4.500496
Sean Manaea,2038,46,RP,15873,0.121416286,0.07581745,4.2811446,4.6624646
Sean Poppen,2038,44,RP,19583,0.13406333,0.08361607,4.2744513,4.478321
Seranthony Dominguez,2038,43,RP,19249,0.1453646,0.08556583,4.278608,4.552011
Sergio Romo,2038,55,RP,9817,0.01802306,0.047449153,4.704271,5.66202
Seth Martinez,2038,43,RP,21045,0.1436174,0.08564345,4.2658186,4.5017242
Shawn Armstrong,2038,47,RP,12857,0.11844616,0.073687896,4.2452207,4.609639
Shelby Miller,2038,47,RP,10197,0.117694415,0.083426185,4.3991446,4.410207
Shintaro Fujinami,2038,44,RP,31839,0.13718134,0.086024776,4.302949,4.45747
Steve Cishek,2038,52,RP,6483,0.08530815,0.07438934,4.5232916,4.5632772
Steven Matz,2038,47,RP,13361,0.10484051,0.068397984,4.3268595,4.8261275
Steven Okert,2038,46,RP,13580,0.1331519,0.08108726,4.290235,4.594514
Steven Wilson,2038,43,RP,20353,0.14491709,0.08533637,4.2826567,4.5619273
Tanner Banks,2038,46,RP,16990,0.11440568,0.07667463,4.311687,4.602444
Tanner Scott,2038,43,RP,17586,0.16211794,0.09166617,4.294283,4.4544864
Tayler Saucedo,2038,45,RP,17888,0.1268425,0.082033485,4.2706423,4.42022
Tayler Scott,2038,46,RP,13652,0.09709075,0.07101575,4.477578,5.0063977
Taylor Clarke,2038,45,RP,17611,0.1227678,0.07543039,4.3192925,4.7526627
Taylor Rogers,2038,47,RP,13449,0.1345751,0.082005344,4.2720165,4.496767
Thad Ward,2038,41,RP,21513,0.15462331,0.08968803,4.263017,4.4679303
Thomas Hatch,2038,43,RP,19264,0.14075558,0.08568986,4.272227,4.472019
Tim Herrin,2038,41,RP,25139,0.16149744,0.0898432,4.235427,4.492782
Tim Hill,2038,48,RP,16814,0.07868971,0.06668483,4.417518,4.807128
Tim Mayza,2038,46,RP,15042,0.12244958,0.07714627,4.2830687,4.611095
Tom Cosgrove,2038,42,RP,23443,0.1469917,0.08593752,4.245887,4.480866
Tommy Doyle,2038,42,RP,21281,0.14246452,0.08492583,4.187244,4.3437195
Tommy Kahnle,2038,48,RP,11384,0.12685476,0.07942926,4.2918315,4.555821
Tommy Nance,2038,47,RP,19178,0.122287825,0.07872321,4.2979765,4.585654
Trent Thornton,2038,44,RP,17948,0.1199885,0.07412512,4.369152,4.8087053
Trevor Gott,2038,45,RP,15046,0.123257324,0.077634305,4.3097324,4.673223
Trevor May,2038,48,RP,6398,0.1157681,0.07979786,4.356621,4.5066295
Trevor Megill,2038,44,RP,17722,0.14726095,0.084394895,4.24434,4.555615
Trevor Richards,2038,45,RP,19309,0.151528,0.08954751,4.338147,4.426699
Trevor Stephan,2038,42,RP,19932,0.15524241,0.08633869,4.24982,4.573861
Trey Wingenter,2038,44,RP,17793,0.15294524,0.08751025,4.27434,4.547081
Tristan Beck,2038,42,RP,21584,0.130906,0.078199774,4.263654,4.5865016
Tucker Davidson,2038,42,RP,19871,0.14265697,0.08552661,4.280114,4.527715
Ty Blach,2038,47,RP,14361,0.06279232,0.057642713,4.5222373,5.11061
Tyler Alexander,2038,43,RP,17735,0.11856482,0.064460576,4.356794,4.900635
Tyler Beede,2038,45,RP,16981,0.11045241,0.07591185,4.386719,4.760968
Tyler Danish,2038,43,RP,15126,0.12824592,0.08003942,4.2848973,4.5661726
Tyler Holton,2038,42,RP,26231,0.1399348,0.07886001,4.2225337,4.5555463
Tyler Kinley,2038,47,RP,18297,0.11177401,0.07568436,4.258122,4.489054
Tyler Matzek,2038,47,RP,10058,0.123906225,0.08641929,4.4552937,4.3785305
Tyler Rogers,2038,47,RP,15541,0.10538605,0.07426703,4.276797,4.4992795
Victor Arano,2038,43,RP,15915,0.1459251,0.084480956,4.2548013,4.5557914
Victor Gonzalez,2038,42,RP,16408,0.15179257,0.08744745,4.2491965,4.496884
Wandy Peralta,2038,46,RP,14295,0.12383015,0.083527975,4.3610334,4.4626284
Will Smith,2038,48,RP,8048,0.11218411,0.07427713,4.3175974,4.678495
Will Vest,2038,43,RP,19769,0.14704318,0.08481733,4.2376113,4.5227575
Wily Peralta,2038,49,RP,7738,0.082094446,0.08076763,4.6009393,4.005498
Wyatt Mills,2038,43,RP,20010,0.13980234,0.08520438,4.27659,4.4975595
Xzavion Curry,2038,39,RP,25595,0.15470576,0.08662078,4.225594,4.4849977
Yency Almonte,2038,44,RP,15068,0.13803391,0.084722675,4.286076,4.5076456
Yennier Cano,2038,44,RP,25911,0.13577138,0.08307629,4.2597885,4.497733
Yerry De Los Santos,2038,40,RP,21420,0.16353513,0.09106342,4.2091856,4.4175534
Yimi Garcia,2038,47,RP,12095,0.12107702,0.07457789,4.230103,4.5888033
Yohan Ramirez,2038,43,RP,19444,0.14215009,0.08581009,4.285999,4.5170794
Yonny Chirinos,2038,44,RP,16401,0.10293473,0.068919115,4.475527,5.0035295
Yunior Marte,2038,43,RP,14416,0.13821615,0.08448179,4.2704535,4.4933944
Zach Jackson,2038,43,RP,19493,0.15739962,0.0929452,4.3497,4.3823805
Zach Thompson,2038,44,RP,16094,0.13103478,0.08283781,4.2683644,4.453641
Zack Littell,2038,42,RP,15823,0.13253503,0.07312466,4.28799,4.724305
Zack Thompson,2038,40,RP,25918,0.16500199,0.091142245,4.228822,4.4699435
Aaron Civale,2038,43,SP,19479,0.14312607,0.07685842,4.684362,4.502875
Aaron Nola,2038,45,SP,16149,0.14353378,0.07393055,4.6427507,4.7513027
Adam Wainwright,2038,56,SP,2233,0.053322587,0.034856923,4.7852097,5.0736976
Adrian Houser,2038,45,SP,12718,0.16072538,0.06538718,4.387867,5.064168
Adrian Sampson,2038,46,SP,13339,0.11850279,0.06711217,4.7745037,4.532282
Alek Manoah,2038,40,SP,26410,0.17018259,0.090290464,4.546078,4.5400376
Alex Cobb,2038,50,SP,6562,0.11936596,0.055505354,4.6018972,5.1208143
Alex Faedo,2038,42,SP,19874,0.1617627,0.084624745,4.4965587,4.782505
Andrew Abbott,2038,39,SP,29911,0.17408283,0.08328008,4.6206923,4.3679433
Andrew Heaney,2038,47,SP,15423,0.12863515,0.06618195,4.7624965,4.7033396
Anibal Sanchez,2038,54,SP,3284,0.097794786,0.041258257,4.7798853,5.1246796
Anthony DeSclafani,2038,48,SP,13050,0.10914246,0.064900234,4.736851,4.7294188
Austin Gomber,2038,44,SP,16561,0.14429128,0.07938858,4.503956,4.8782263
Bailey Ober,2038,42,SP,21224,0.14457475,0.06485637,4.837507,4.254199
Blake Snell,2038,45,SP,13543,0.14440829,0.09001525,4.5929103,5.152498
Bobby Miller,2038,39,SP,27483,0.17319706,0.08208966,4.586637,4.3688054
Brad Keller,2038,42,SP,15734,0.16175258,0.08720003,4.4485493,4.900337
Brady Singer,2038,41,SP,25377,0.16047052,0.086319655,4.5658545,4.5696297
Brandon Bielak,2038,42,SP,19866,0.17314523,0.08245821,4.4372506,4.9389896
Brandon Pfaadt,2038,39,SP,27782,0.1552674,0.05802896,4.356508,4.4415393
Brandon Williamson,2038,40,SP,25463,0.16297425,0.08570354,4.4932714,4.4958773
Brandon Woodruff,2038,45,SP,16162,0.13981642,0.072275445,4.7067046,4.6378965
Braxton Garrett,2038,40,SP,21844,0.16564414,0.08033928,4.6380053,4.374133
Brayan Bello,2038,39,SP,23920,0.17127809,0.096876666,4.391902,4.6238937
Bryan Woo,2038,38,SP,30279,0.17990276,0.08147882,4.6016126,4.3459125
Bryce Elder,2038,39,SP,27779,0.1780735,0.09538874,4.4932294,4.596982
Bryce Miller,2038,39,SP,29837,0.16037633,0.057227183,4.520839,4.339294
Cal Quantrill,2038,43,SP,19312,0.15950221,0.081503905,4.4624143,4.949934
Carlos Carrasco,2038,51,SP,6632,0.0980262,0.056023654,4.735455,4.964087
Carlos Rodon,2038,45,SP,16137,0.15467869,0.070431404,4.5761895,4.834604
Charlie Morton,2038,54,SP,4676,0.054112945,0.031478323,4.7676497,4.8136473
Chase Anderson,2038,50,SP,6895,0.10274846,0.059748515,4.7658825,4.8697414
Chris Archer,2038,49,SP,6345,0.13260652,0.05231317,4.569868,5.070763
Chris Bassitt,2038,49,SP,12304,0.11988489,0.057699908,4.8469787,4.709
Chris Sale,2038,49,SP,10603,0.12474162,0.059932053,4.594923,5.0795407
Clarke Schmidt,2038,42,SP,19899,0.1564154,0.08093487,4.676625,4.524886
Clayton Kershaw,2038,50,SP,2036,0.12282935,0.053188853,4.713224,4.9381595
Colin Rea,2038,47,SP,12317,0.13752945,0.06584193,4.6409173,4.8691487
Corbin Burnes,2038,43,SP,19361,0.16848308,0.07770781,4.452716,4.867742
Cristian Javier,2038,41,SP,17606,0.15826325,0.0774563,4.7473693,4.360407
Cristopher Sanchez,2038,41,SP,20778,0.15995224,0.08256906,4.6460752,4.466181
Daniel Lynch IV,2038,41,SP,21537,0.1585828,0.08808908,4.4988537,4.661937
Dean Kremer,2038,42,SP,19350,0.14475806,0.0774558,4.569448,4.4818196
Domingo German,2038,45,SP,17149,0.11823528,0.060566965,4.799454,4.36216
Drew Rasmussen,2038,42,SP,25385,0.16481715,0.082320884,4.557099,4.6645656
Dustin May,2038,40,SP,19716,0.16716976,0.08321487,4.6505675,4.4097304
Dylan Bundy,2038,45,SP,12917,0.10981129,0.05888747,4.601328,4.4438004
Dylan Cease,2038,42,SP,18525,0.16418429,0.08409583,4.540777,4.7678676
Eduardo Rodriguez,2038,45,SP,13164,0.1534193,0.07170829,4.564905,4.8502855
Edward Cabrera,2038,40,SP,21690,0.18818878,0.083118096,4.4167914,4.6523376
Emmet Sheehan,2038,38,SP,29839,0.18028341,0.090659134,4.5675426,4.443788
Eric Lauer,2038,43,SP,19316,0.14553662,0.0791614,4.668168,4.557537
Erick Fedde,2038,45,SP,17425,0.15376976,0.071694225,4.4863634,4.9593062
Eury Perez,2038,35,SP,27768,0.1926815,0.063944794,4.473016,4.144767
Framber Valdez,2038,44,SP,17295,0.1613307,0.07409369,4.5216365,4.8273582
Freddy Peralta,2038,42,SP,18679,0.15501219,0.08199782,4.6405416,4.5705113
Gavin Williams,2038,38,SP,30122,0.18049768,0.076784045,4.599895,4.2913966
George Kirby,2038,40,SP,25436,0.1635043,0.07643596,4.638769,4.34295
Gerrit Cole,2038,47,SP,13125,0.13642594,0.06682613,4.6077166,4.916434
Graham Ashcraft,2038,40,SP,27552,0.16482803,0.091250315,4.451991,4.613446
Grayson Rodriguez,2038,38,SP,24492,0.17957105,0.086843975,4.569676,4.40653
Griffin Canning,2038,42,SP,19867,0.15371028,0.08210183,4.632114,4.550808
Humberto Castellanos,2038,40,SP,21183,0.16262808,0.08861191,4.4758415,4.5572877
Hunter Brown,2038,39,SP,25880,0.17167908,0.086706355,4.607785,4.43429
Hunter Greene,2038,38,SP,22182,0.17712261,0.07955082,4.5991874,4.3447742
Hyun-Jin Ryu,2038,51,SP,14444,0.10812889,0.053554464,4.7414756,4.975295
Ian Anderson,2038,40,SP,19951,0.17967828,0.091087125,4.397915,4.838566
J.P. France,2038,43,SP,21212,0.15161543,0.08356358,4.522994,4.8358107
JP Sears,2038,42,SP,23429,0.14196742,0.07279455,4.563215,4.4350333
JT Brubaker,2038,44,SP,17578,0.15416948,0.07713332,4.5321193,4.8474197
Jack Flaherty,2038,42,SP,17479,0.17417546,0.08026333,4.451617,4.753018
Jacob deGrom,2038,50,SP,10954,0.10797936,0.072667375,4.5688486,5.4046683
Jake Irvin,2038,41,SP,21504,0.16264193,0.090482794,4.5152016,4.7211213
Jake Odorizzi,2038,48,SP,6397,0.13431075,0.06159468,4.60648,4.984328
James Paxton,2038,49,SP,11828,0.12569837,0.05945639,4.681025,4.95085
Jameson Taillon,2038,46,SP,11674,0.11517167,0.065863684,4.7592773,4.5099077
Jared Shuster,2038,39,SP,27472,0.17603567,0.09490698,4.361837,4.585404
Jesus Luzardo,2038,40,SP,19959,0.16630015,0.08766919,4.610295,4.5108814
Joan Adon,2038,39,SP,22925,0.1775099,0.09687863,4.459829,4.687129
Joe Musgrove,2038,45,SP,12970,0.13457464,0.06980664,4.81604,4.5094256
Joe Ryan,2038,42,SP,21390,0.14817658,0.072350055,4.7728996,4.3433766
Joey Lucchesi,2038,45,SP,19320,0.14210217,0.07502729,4.5645223,4.847633
Johan Oviedo,2038,40,SP,22487,0.18332373,0.09027642,4.418715,4.8410263
Jon Gray,2038,46,SP,14916,0.13429916,0.07041943,4.694439,4.7288413
Jordan Lyles,2038,47,SP,7593,0.0995312,0.05680054,4.780669,4.437975
Jordan Montgomery,2038,45,SP,16511,0.14471444,0.07341372,4.6516557,4.737549
Jose Berrios,2038,44,SP,14168,0.13579679,0.0733073,4.7350173,4.5012183
Jose Quintana,2038,49,SP,11423,0.12527968,0.048197128,4.5070753,5.140211
Jose Urena,2038,46,SP,11589,0.14028583,0.07013048,4.6447163,4.8103623
Josiah Gray,2038,40,SP,24580,0.16721539,0.08829445,4.5125165,4.506653
Julio Urias,2038,41,SP,14765,0.14956392,0.059202287,4.8669033,4.181475
Justin Dunn,2038,42,SP,19268,0.14565894,0.077644594,4.5547547,4.4779344
Justin Steele,2038,42,SP,17312,0.16051091,0.08202858,4.612456,4.5922174
Justin Verlander,2038,55,SP,8700,0.09707479,0.031096084,4.7458715,5.1928043
Kenta Maeda,2038,50,SP,18498,0.11226653,0.058007643,4.721312,4.9456024
Kevin Gausman,2038,47,SP,14107,0.15182242,0.060459863,4.390005,5.232533
Kodai Senga,2038,45,SP,31838,0.1473999,0.071950465,4.637022,4.7264237
Kyle Bradish,2038,41,SP,24586,0.1644519,0.08380765,4.634626,4.5112734
Kyle Freeland,2038,45,SP,16256,0.13466275,0.07667284,4.529793,4.8860803
Kyle Gibson,2038,50,SP,10123,0.112072654,0.057909127,4.6076193,5.1061954
Kyle Hendricks,2038,48,SP,12049,0.10413095,0.063578494,4.7593913,4.6597104
Lance Lynn,2038,51,SP,2520,0.1053553,0.051834088,4.890125,4.767201
Lance McCullers Jr.,2038,44,SP,14120,0.16005234,0.07305811,4.5340767,4.817653
Logan Allen,2038,39,SP,27589,0.17132676,0.07406607,4.6264777,4.294896
Logan Gilbert,2038,41,SP,22250,0.15443268,0.07081594,4.7382164,4.297335
Logan Webb,2038,41,SP,17995,0.15950282,0.084609225,4.581056,4.5216546
Lucas Giolito,2038,43,SP,15474,0.13705784,0.07287131,4.647375,4.451358
Luis Castillo,2038,45,SP,15689,0.14268447,0.07132615,4.7397566,4.6147
Luis Cessa,2038,46,SP,13345,0.1404029,0.06962601,4.4041543,5.188094
Luis Garcia,2038,41,SP,23735,0.16317463,0.083302274,4.627221,4.5080633
Luis L. Ortiz,2038,39,SP,27646,0.17739904,0.09606805,4.390356,4.6061325
Luis Severino,2038,44,SP,15890,0.122348025,0.057758365,4.7201056,4.3329263
Luke Weaver,2038,44,SP,16918,0.118203044,0.061806947,4.5539355,4.445891
MacKenzie Gore,2038,39,SP,22201,0.17953831,0.09118868,4.5508895,4.579155
Marco Gonzales,2038,46,SP,15467,0.12156009,0.06588666,4.8485913,4.489152
Marcus Stroman,2038,47,SP,13431,0.1443676,0.059877582,4.547132,4.990378
Matt Manning,2038,40,SP,20369,0.16234784,0.08760349,4.4856143,4.535717
Matthew Boyd,2038,47,SP,15440,0.118995614,0.06908868,4.662328,4.789999
Max Fried,2038,44,SP,13743,0.15268558,0.07656487,4.584015,4.754273
Max Scherzer,2038,53,SP,3137,0.10412511,0.04030766,4.724849,5.0967236
Merrill Kelly,2038,49,SP,11156,0.12989932,0.05403587,4.6623178,4.9517174
Michael Kopech,2038,42,SP,17282,0.15050285,0.08640498,4.486593,4.664964
Michael Lorenzen,2038,46,SP,14843,0.15253815,0.0606385,4.379317,5.1504846
Michael Pineda,2038,49,SP,5372,0.09134214,0.057273626,4.835654,4.571691
Michael Wacha,2038,46,SP,14078,0.13343874,0.06863646,4.768914,4.63406
Mike Clevinger,2038,47,SP,12808,0.1354814,0.06522855,4.720871,4.7591853
Mike Minor,2038,50,SP,10021,0.10989697,0.057697896,4.75125,4.8912706
Miles Mikolas,2038,49,SP,9803,0.09472298,0.060554817,4.767162,4.687435
Mitch Keller,2038,42,SP,17594,0.16648282,0.08223422,4.557873,4.6742125
Nathan Eovaldi,2038,48,SP,9132,0.13727483,0.059507564,4.5976906,4.993165
Nestor Cortes,2038,43,SP,17874,0.1433299,0.071908124,4.8395495,4.37833
Nick Lodolo,2038,40,SP,26378,0.1650081,0.08083799,4.663877,4.3854585
Noah Syndergaard,2038,45,SP,11762,0.10879073,0.05768319,4.5918703,4.4398494
Pablo Lopez,2038,42,SP,17085,0.15975146,0.08235402,4.595983,4.616117
Patrick Corbin,2038,48,SP,9323,0.1115918,0.06513313,4.728864,4.7551856
Patrick Sandoval,2038,41,SP,19447,0.17408241,0.08754464,4.340235,4.9711723
Paul Blackburn,2038,44,SP,14739,0.16031134,0.07509084,4.4601793,4.936155
Quinn Priester,2038,37,SP,25977,0.19455071,0.09414512,4.267623,4.446536
Ranger Suarez,2038,42,SP,17277,0.17784898,0.07981128,4.3923173,4.8959923
Reese Olson,2038,38,SP,24968,0.17918223,0.07979889,4.608867,4.3387985
Reid Detmers,2038,38,SP,27468,0.18064094,0.09161197,4.5097394,4.419785
Rich Hill,2038,58,SP,4806,0.040939562,0.019884743,4.9279804,4.92112
Ryan Feltner,2038,41,SP,21446,0.1629208,0.090667635,4.4211793,4.826364
Ryan Weathers,2038,38,SP,23796,0.17541614,0.08095997,4.3106194,4.442638
Ryne Nelson,2038,40,SP,26253,0.15976995,0.08386062,4.4381666,4.499036
Sandy Alcantara,2038,42,SP,18684,0.15763108,0.08354885,4.6037626,4.616399
Seth Lugo,2038,48,SP,12447,0.1254574,0.0623712,4.7791133,4.7409043
Shane Bieber,2038,43,SP,19427,0.1617131,0.07960227,4.5420856,4.760875
Shane McClanahan,2038,41,SP,21483,0.16465726,0.08445647,4.6009264,4.555366
Shohei Ohtani,2038,43,SP,19755,0.15164627,0.07960306,4.636997,4.641465
Sonny Gray,2038,48,SP,12768,0.14458056,0.05475476,4.368805,5.325075
Spencer Strider,2038,39,SP,27498,0.17912047,0.070606396,3.944957,3.8595552
Spencer Turnbull,2038,45,SP,16207,0.1585599,0.06639645,4.406039,5.035727
Taijuan Walker,2038,45,SP,11836,0.15812424,0.069592215,4.4690213,4.9704986
Taj Bradley,2038,37,SP,22543,0.18749508,0.08491089,4.5372863,4.369141
Tanner Bibee,2038,39,SP,30134,0.17309338,0.08000604,4.6119657,4.3385634
Tanner Houck,2038,42,SP,19879,0.17593355,0.08041255,4.429586,4.829896
Tarik Skubal,2038,41,SP,22267,0.1582385,0.0798601,4.674651,4.421147
Tommy Henry,2038,40,SP,26285,0.16950168,0.09281286,4.514553,4.6803102
Tony Gonsolin,2038,44,SP,19388,0.14851846,0.0766204,4.6689425,4.673329
Touki Toussaint,2038,42,SP,16929,0.16289173,0.0869179,4.457162,4.8819017
Trevor Williams,2038,46,SP,16977,0.10868843,0.053434107,4.908577,4.2982407
Tyler Anderson,2038,48,SP,12880,0.1377046,0.057649937,4.558847,5.033371
Tyler Glasnow,2038,44,SP,14374,0.15179236,0.07866753,4.5542245,4.8647456
Tyler Wells,2038,43,SP,20000,0.1286852,0.04651684,4.9722347,4.1332006
Tylor Megill,2038,42,SP,21318,0.14967874,0.08414014,4.5264215,4.6376653
Vince Velasquez,2038,46,SP,11189,0.147806,0.0678543,4.4718885,5.0506115
Vladimir Gutierrez,2038,42,SP,19278,0.16790581,0.08409271,4.4587326,4.9127965
Wade Miley,2038,51,SP,8779,0.11577702,0.049849153,4.6864567,5.05262
Walker Buehler,2038,43,SP,19374,0.15555245,0.07944281,4.6265955,4.6434927
Yu Darvish,2038,51,SP,13074,0.115107216,0.04893867,4.575315,5.214158
Yusei Kikuchi,2038,47,SP,20633,0.10932048,0.06501534,4.797383,4.546789
Zac Gallen,2038,42,SP,19291,0.16077383,0.082484126,4.587827,4.625698
Zach Davies,2038,45,SP,13183,0.15878624,0.06711563,4.412586,5.0280123
Zach Eflin,2038,44,SP,13774,0.13681935,0.075554006,4.675173,4.5667915
Zack Greinke,2038,54,SP,1943,0.06535117,0.04551788,4.8900604,4.862329
Zack Wheeler,2038,48,SP,10310,0.13294068,0.063570604,4.5029817,5.162694
