Name,IDfg,Year,Age,BsR_rate,SB_rate,CS_rate
Dee Strange-Gordon,8203,2015,27,11.511841,65.59504699707031,19.356786727905273
Terrance Gore,13658,2015,24,18.977758,62.525630950927734,4.202847957611084
Billy Hamilton,10199,2015,24,8.720217,56.60048294067383,19.063383102416992
Antoan Richardson,209,2015,31,13.304544,48.44804382324219,3.598029375076294
Jose Altuve,5417,2015,25,2.1869435,47.37681198120117,14.071529388427734
Ben Revere,4712,2015,27,8.367821,46.99448776245117,12.903274536132812
Rusney Castillo,17016,2015,27,27.368961,46.882572174072266,2.3252015113830566
Jordan Schafer,9883,2015,28,8.195826,46.21146774291992,11.565088272094727
Starling Marte,9241,2015,26,6.989243,41.70819091796875,12.489298820495605
Billy Burns,12701,2015,25,3.8045592,40.0500373840332,12.391098022460938
Jarrod Dyson,4866,2015,30,6.3782086,39.703983306884766,8.628538131713867
Emilio Bonifacio,4054,2015,30,8.728968,39.26839828491211,9.260804176330566
Eric Young Jr.,7158,2015,30,6.7147307,38.76424789428711,9.429757118225098
Jonathan Villar,10071,2015,24,8.447362,38.734493255615234,11.793917655944824
James Jones,9767,2015,26,10.244085,35.90816116333008,5.976771354675293
Carlos Gomez,4881,2015,29,4.406468,34.088592529296875,9.248887062072754
Eury Perez,10299,2015,25,12.769003,34.01128005981445,4.880377292633057
Jacoby Ellsbury,4727,2015,31,6.7179866,33.56242370605469,8.004693031311035
Danny Santana,10322,2015,24,8.829367,33.257965087890625,8.427810668945312
Leonys Martin,11846,2015,27,7.5450487,31.952529907226562,9.464351654052734
Rajai Davis,3708,2015,34,6.535586,30.9666748046875,11.100403785705566
Carl Crawford,1201,2015,33,6.161176,30.59969711303711,7.699489593505859
Gregory Polanco,12907,2015,23,8.659754,30.011564254760742,8.932897567749023
Cory Spangenberg,12294,2015,24,4.3660493,29.955413818359375,10.471278190612793
Everth Cabrera,8155,2015,28,4.9626937,29.951114654541016,8.89539909362793
Alcides Escobar,6310,2015,28,6.1922717,29.682214736938477,7.549468994140625
Jose Reyes,1736,2015,32,6.213956,29.565155029296875,6.354646682739258
Lorenzo Cain,9077,2015,29,4.48529,27.791683197021484,8.646819114685059
Anthony Gose,5097,2015,24,4.0711384,27.57791519165039,9.412945747375488
Kolten Wong,12532,2015,24,6.1950607,27.191295623779297,7.6171441078186035
Shawn O'Malley,9629,2015,27,9.547652,27.12055015563965,3.9880220890045166
Mookie Betts,13611,2015,22,8.376371,26.746641159057617,8.626673698425293
Jimmy Rollins,971,2015,36,4.201572,26.489166259765625,7.281557083129883
Angel Pagan,2918,2015,33,5.335976,26.456012725830078,7.144303798675537
Christian Yelich,11477,2015,23,5.265845,26.18596839904785,8.563977241516113
Jason Kipnis,9776,2015,28,5.6699076,26.148662567138672,7.214382171630859
Denard Span,8347,2015,31,4.395975,26.069683074951172,8.139749526977539
Brett Gardner,9927,2015,31,6.8447843,25.60439109802246,5.732470989227295
Craig Gentry,9571,2015,31,7.3021126,25.425403594970703,8.851017951965332
Drew Stubbs,9328,2015,30,7.054281,25.30318260192871,5.443009376525879
Coco Crisp,1572,2015,35,5.8103733,25.000648498535156,5.782689094543457
Chris Getz,3388,2015,31,1.6397303,24.91471290588379,4.529581546783447
Jean Segura,5933,2015,25,4.0036416,24.903413772583008,8.421189308166504
Jake Marisnick,11339,2015,24,3.4639568,24.789794921875,8.145742416381836
Charlie Blackmon,7859,2015,28,4.052886,24.743432998657227,7.543317794799805
Sam Fuld,8254,2015,33,5.0675645,24.644573211669922,5.8761162757873535
A.J. Pollock,9256,2015,27,2.25483,24.629758834838867,8.587113380432129
Elvis Andrus,8709,2015,26,5.382078,23.871845245361328,8.533548355102539
Pedro Ciriaco,5278,2015,29,8.966498,23.59624671936035,4.403183937072754
Pedro Florimon,8385,2015,28,5.361894,23.55000114440918,4.4091877937316895
Alejandro De Aza,3371,2015,31,1.137598,23.549863815307617,7.500349044799805
Eduardo Nunez,6848,2015,28,5.1624055,23.364307403564453,6.776848316192627
Leury Garcia,5913,2015,24,5.458235,22.99993896484375,5.351028919219971
Desmond Jennings,1965,2015,28,4.8210173,22.9199161529541,7.471062660217285
Melvin Upton Jr.,5015,2015,30,3.970885,22.270360946655273,6.704713344573975
Matt den Dekker,11385,2015,27,9.003258,22.13102912902832,7.972205638885498
Arismendy Alcantara,10711,2015,23,8.275993,21.857553482055664,7.443080425262451
Ezequiel Carrera,9048,2015,28,3.1860938,21.80569076538086,6.106617450714111
Ian Desmond,6885,2015,29,3.1112962,21.749465942382812,6.932069301605225
Andrew McCutchen,9847,2015,28,3.565884,21.54659652709961,6.571162700653076
Nyjer Morgan,4885,2015,34,12.145306,21.481433868408203,4.3371124267578125
Ender Inciarte,4922,2015,24,-0.19681343,21.399450302124023,5.755385875701904
Jason Heyward,4940,2015,25,4.0782795,21.02045440673828,7.039052486419678
Jose Ramirez,13510,2015,22,5.954508,20.83867073059082,4.9486188888549805
Michael Bourn,6387,2015,32,2.6644375,20.805889129638672,6.170070648193359
Mike Trout,10155,2015,23,7.291207,20.68254280090332,4.764399528503418
Nori Aoki,13075,2015,33,1.9128296,20.17191505432129,7.230182647705078
Michael Brantley,4106,2015,28,4.506153,19.95511245727539,5.089870929718018
Jimmy Paredes,5481,2015,26,4.731424,19.76750373840332,4.2315239906311035
Chris Taylor,13757,2015,24,5.8237987,19.567970275878906,7.156994342803955
Austin Jackson,9848,2015,28,3.737745,19.3690185546875,7.159687042236328
Tony Campana,4964,2015,29,5.7597356,19.110347747802734,5.777711391448975
Brian Dozier,9810,2015,28,5.606282,18.749202728271484,6.644016265869141
Adam Eaton,11205,2015,26,3.8026931,18.552764892578125,9.098348617553711
Alexei Ramirez,5133,2015,33,1.1004491,18.48259735107422,5.616858005523682
Luis Sardinas,13153,2015,22,3.676221,18.199871063232422,5.587320327758789
Andrew Romine,1159,2015,29,3.900758,18.171812057495117,4.249564170837402
Josh Harrison,8202,2015,27,3.5243347,17.561857223510742,5.449047565460205
Gregor Blanco,3123,2015,31,0.9444292,17.303403854370117,6.18988037109375
Anthony Rendon,12861,2015,25,5.6313596,17.16043472290039,4.723020076751709
James McCann,12859,2015,25,5.2177563,16.762428283691406,2.7274956703186035
Alex Rios,2090,2015,34,1.5009302,16.63820457458496,6.662949085235596
Juan Lagares,5384,2015,26,2.9688764,16.57329559326172,5.85386323928833
Brock Holt,9345,2015,27,4.2365565,16.40437889099121,4.664031505584717
Quintin Berry,9414,2015,30,4.3805537,16.218082427978516,2.4294779300689697
Chone Figgins,1580,2015,37,-0.1297518,16.134727478027344,7.501654148101807
Jemile Weeks,2498,2015,28,3.267419,15.958030700683594,3.0652170181274414
Mike Aviles,5986,2015,34,1.2756616,15.79818344116211,5.5128984451293945
Dexter Fowler,4062,2015,29,3.3578238,15.764013290405273,6.636709213256836
Todd Frazier,785,2015,29,2.5665696,15.724594116210938,5.174747467041016
Kristopher Negron,5306,2015,29,6.195883,15.2446928024292,2.441890239715576
Erick Aybar,4082,2015,31,2.6800256,14.937150001525879,5.476737022399902
Ian Kinsler,6195,2015,33,3.2700071,14.925270080566406,5.5278544425964355
Ichiro Suzuki,1101,2015,41,0.74230695,14.877141952514648,4.751171588897705
Hanley Ramirez,8001,2015,31,0.36122197,14.728635787963867,5.3526482582092285
Christian Colon,11145,2015,26,4.9905777,14.625348091125488,2.396029472351074
Javier Baez,12979,2015,22,2.606521,14.589117050170898,4.6220855712890625
Paul Goldschmidt,9218,2015,27,3.224327,14.279787063598633,5.127134799957275
Will Venable,211,2015,32,2.6402943,14.156702995300293,5.382206439971924
Daniel Murphy,4316,2015,30,1.7783288,13.954026222229004,4.815067291259766
Eric Sogard,7927,2015,29,2.0346394,13.854888916015625,4.773275852203369
Cliff Pennington,3395,2015,31,4.554146,13.656449317932129,3.683439254760742
Ryan Braun,3410,2015,31,-3.681038,13.582347869873047,5.0631327629089355
Rymer Liriano,4779,2015,24,-0.9125551,13.52188491821289,4.9644775390625
Jim Adduci,6448,2015,30,5.099529,13.356943130493164,3.7452847957611084
Eli Whiteside,3536,2015,35,-0.2466014,12.705023765563965,2.320620059967041
Jordan Danks,9187,2015,28,3.7247705,12.660250663757324,4.656980991363525
Hunter Pence,8252,2015,32,4.028085,12.536086082458496,4.521721839904785
Chris Owings,10030,2015,23,1.6251523,12.257684707641602,3.3773109912872314
Aaron Hicks,5297,2015,25,3.3237169,12.21176528930664,5.484483242034912
Yasiel Puig,14225,2015,24,0.86962384,12.12893295288086,6.793978214263916
Peter Bourjos,2578,2015,28,2.787196,12.108561515808105,3.799436330795288
Shane Victorino,1677,2015,34,1.6792854,12.0458402633667,1.6265411376953125
Brennan Boesch,914,2015,30,1.1822315,11.964722633361816,2.665151357650757
Jay Bruce,9892,2015,28,1.6616918,11.923490524291992,4.034160137176514
Daniel Robertson,6266,2015,29,0.48941135,11.681638717651367,4.756652355194092
Jace Peterson,12325,2015,25,4.254331,11.574050903320312,2.0096776485443115
Ryan Kalish,6962,2015,27,0.779587,11.389240264892578,5.414329528808594
Maicer Izturis,2437,2015,34,2.7738602,11.368127822875977,2.931373357772827
Robbie Grossman,5254,2015,25,-1.8186433,11.2405424118042,4.19728946685791
Howie Kendrick,4229,2015,31,-2.1188095,11.217537879943848,4.302101135253906
Alexi Amarista,9063,2015,26,3.1453874,11.21745777130127,3.28975248336792
Alex Gordon,5209,2015,31,2.7500174,11.195250511169434,3.968299388885498
Ben Zobrist,7435,2015,34,-1.3357024,10.943609237670898,5.198880195617676
Giancarlo Stanton,4949,2015,25,0.032501534,10.910050392150879,2.395326614379883
David Wright,3787,2015,32,-1.4830271,10.85938549041748,5.106211185455322
Chris Young,3882,2015,31,1.6041903,10.745243072509766,4.118967533111572
David Lough,7215,2015,29,2.3740518,10.520223617553711,4.148297309875488
Justin Upton,5222,2015,27,2.4931042,10.403510093688965,4.29415225982666
George Springer,12856,2015,25,2.2666469,10.394356727600098,4.3589982986450195
Dustin Ackley,10099,2015,27,2.1029556,10.331193923950195,4.4458327293396
Chris Dickerson,7095,2015,33,1.2212583,10.283251762390137,1.6743801832199097
DJ LeMahieu,9874,2015,26,1.0023543,10.178155899047852,5.083521842956543
Michael Saunders,9981,2015,28,5.024033,10.164067268371582,4.595462799072266
Brian Roberts,166,2015,37,-1.607137,10.160099029541016,5.1114373207092285
Avisail Garcia,5760,2015,24,-3.1355648,10.14763355255127,3.7405335903167725
Junior Lake,4672,2015,25,1.6334352,10.144712448120117,5.4136457443237305
Chris Heisey,3978,2015,30,1.2033718,10.110998153686523,3.0974299907684326
Zoilo Almonte,6732,2015,26,1.7877192,10.08922290802002,2.203550100326538
Chase Utley,1679,2015,36,4.3706055,10.055343627929688,1.956227421760559
Chris Denorfia,4400,2015,34,-0.6110101,10.01878547668457,3.4982736110687256
Abraham Almonte,5486,2015,26,-2.103359,9.878517150878906,4.539885520935059
Danny Espinosa,9219,2015,28,1.2029418,9.81523323059082,2.9161195755004883
Gerardo Parra,8553,2015,28,0.96038884,9.741077423095703,5.35923433303833
Nate McLouth,3190,2015,33,4.2256336,9.71225357055664,2.664804458618164
Omar Infante,1609,2015,33,0.5680742,9.474712371826172,3.0803558826446533
Adam Rosales,9682,2015,32,-0.23377533,9.340641975402832,3.2454283237457275
Kirk Nieuwenhuis,6400,2015,27,2.4657278,9.27672290802002,2.325310707092285
Cameron Maybin,5223,2015,28,0.6818451,9.204605102539062,4.502098560333252
David Peralta,2136,2015,27,0.06266526,9.181148529052734,4.390802383422852
Brandon Guyer,2636,2015,29,4.7892203,9.075995445251465,2.0869059562683105
Wil Myers,10047,2015,24,0.14970383,8.837112426757812,2.8806521892547607
Alex Presley,5305,2015,29,0.33832315,8.747943878173828,4.032186985015869
Nick Franklin,10166,2015,24,-0.46843344,8.63419246673584,1.4939672946929932
Tommy Medica,11147,2015,27,2.0152137,8.522562026977539,2.371295690536499
Darin Mastroianni,7316,2015,29,0.24843971,8.508482933044434,2.5962488651275635
Jon Jay,5227,2015,30,-0.29455814,8.046133041381836,3.4009249210357666
Chris Coghlan,6878,2015,30,-0.35170394,7.967894554138184,4.135787487030029
Asdrubal Cabrera,4962,2015,29,-0.31932765,7.949509620666504,2.991518020629883
Jackie Bradley Jr.,12984,2015,25,0.48021713,7.918285846710205,1.427085280418396
Kevin Kiermaier,11038,2015,25,1.5396497,7.909134387969971,4.1512603759765625
Grady Sizemore,2197,2015,32,-0.054994345,7.866469383239746,3.184988021850586
Yonder Alonso,2530,2015,28,-1.2081256,7.842966556549072,2.7773663997650146
Curtis Granderson,4747,2015,34,1.7582048,7.84091854095459,2.914759874343872
Jayson Werth,1327,2015,36,2.5862195,7.840249061584473,2.292506217956543
Matt Kemp,5631,2015,30,-2.0061312,7.406601428985596,3.5505571365356445
Pedro Alvarez,2495,2015,28,-1.3344092,7.377894401550293,2.813619613647461
Tyler Holt,11391,2015,26,2.2080274,7.303827285766602,4.286680698394775
Corey Dickerson,10762,2015,26,0.11636922,7.283465385437012,3.85001802444458
Don Kelly,2216,2015,35,-1.0534737,7.151108741760254,1.7585945129394531
Dalton Pompey,12797,2015,22,-0.19908091,7.107351303100586,1.403753638267517
Didi Gregorius,6012,2015,25,6.41642,7.10463809967041,1.8109663724899292
Adam Jones,6368,2015,29,3.5660813,7.098224639892578,2.7524118423461914
Justin Ruggiano,7620,2015,33,-0.68788534,7.014300346374512,4.3281402587890625
JB Shuck,6677,2015,28,3.0148025,6.970005512237549,1.837248682975769
Yoenis Cespedes,13110,2015,29,1.1976604,6.87631893157959,3.3372080326080322
Elian Herrera,5432,2015,30,-0.2534866,6.8715949058532715,2.4966676235198975
Adeiny Hechavarria,10459,2015,26,-1.8387815,6.801600933074951,4.2090983390808105
Joe Kelly,9761,2015,27,0.20702384,6.608994007110596,1.1344174146652222
Brad Miller,12775,2015,25,2.8832266,6.579827308654785,3.334864854812622
Dustin Pedroia,8370,2015,31,-0.051937487,6.55891227722168,3.5209717750549316
Jake Goebbert,9431,2015,27,1.9631197,6.541801929473877,3.0574872493743896
Endy Chavez,768,2015,37,-3.1907804,6.5345659255981445,2.944180965423584
Michael Cuddyer,1534,2015,36,-1.2466402,6.425385475158691,1.530113697052002
Phil Gosselin,10953,2015,26,0.20255654,6.416350364685059,3.797086000442505
Carlos Gonzalez,7287,2015,29,-0.87324387,6.407505512237549,1.8385486602783203
Kole Calhoun,11200,2015,27,0.77947503,6.3804802894592285,3.3353683948516846
Robinson Cano,3269,2015,32,-2.8239348,6.32856559753418,2.5115506649017334
Starlin Castro,4579,2015,25,-2.660438,6.313115119934082,4.737250804901123
Josh Rutledge,11167,2015,26,1.4961911,6.310799598693848,3.688201665878296
Kyle Seager,9785,2015,27,-0.8147699,6.257810592651367,3.42686128616333
Marcus Semien,12533,2015,24,-1.0808685,6.193747520446777,3.449821710586548
Chase Headley,4720,2015,31,-1.9891366,6.069756507873535,3.090059757232666
Jonathan Diaz,4142,2015,30,1.9990554,6.063477993011475,0.944372296333313
Zack Cozart,2616,2015,29,1.2173069,5.944241046905518,0.9831059575080872
Roger Bernadina,6421,2015,31,-0.060737174,5.932662010192871,2.191598653793335
Tony Gwynn,6141,2015,32,0.092241265,5.836792945861816,1.9084768295288086
Brandon Belt,10264,2015,27,-2.1942558,5.821639537811279,2.4522039890289307
Derek Jeter,826,2015,41,-4.0726724,5.794244289398193,2.400773525238037
Shin-Soo Choo,3174,2015,32,0.18611804,5.772378444671631,3.944586753845215
Carlos Pena,934,2015,37,-13.375042,5.764883995056152,0.0
Bryce Harper,11579,2015,22,0.6239483,5.746249198913574,4.089086532592773
Brandon Barnes,629,2015,29,-0.8709646,5.719322681427002,3.8335912227630615
Scooter Gennett,10339,2015,25,-1.4383429,5.667656898498535,3.1840920448303223
Collin Cowgill,7250,2015,29,0.7089138,5.427509784698486,3.3114964962005615
Irving Falu,6165,2015,32,-1.9114861,5.420093059539795,2.3212058544158936
Jorge Soler,14221,2015,23,0.80772066,5.41983699798584,1.2037056684494019
Steve Pearce,9957,2015,32,-0.17966168,5.385009288787842,1.7573797702789307
Mark Ellis,1443,2015,38,1.0086545,5.37261438369751,2.112607955932617
Melky Cabrera,4022,2015,30,-2.3761172,5.358469009399414,2.596975803375244
Josh Donaldson,5038,2015,29,-1.4854412,5.329533576965332,0.8374893665313721
Charlie Culberson,3298,2015,26,2.0331454,5.286651134490967,2.8641319274902344
J.D. Martinez,6184,2015,27,-3.0776343,5.280370235443115,3.1761057376861572
Nolan Reimold,3441,2015,31,1.648704,5.198338031768799,1.388302206993103
Eugenio Suarez,12552,2015,23,0.05435109,5.196905136108398,3.4748589992523193
Justin Turner,5235,2015,30,-2.456537,5.098092079162598,1.8645950555801392
Logan Schafer,7937,2015,28,1.7198524,5.045953273773193,2.749126434326172
Domonic Brown,3154,2015,27,-1.9621514,5.009607791900635,2.0483436584472656
Jayson Nix,3790,2015,32,0.82135034,5.007513999938965,3.404862403869629
Steve Lombardozzi,5422,2015,26,-3.8070848,4.987288951873779,0.593426525592804
Jake Lamb,13329,2015,24,1.2992527,4.961370468139648,3.497396230697632
Ian Stewart,5950,2015,30,2.0335124,4.808720111846924,1.7132302522659302
Logan Morrison,9205,2015,27,-3.0181181,4.718992710113525,2.3806722164154053
Cole Gillespie,5888,2015,31,1.6414804,4.718926429748535,2.958918333053589
Logan Watkins,4875,2015,25,2.262619,4.687435150146484,0.9914677143096924
Yolmer Sanchez,11602,2015,23,-4.4789014,4.66805362701416,3.79927134513855
Scott Van Slyke,4365,2015,28,-3.45414,4.647764205932617,2.6456174850463867
Colby Rasmus,9893,2015,28,2.1660013,4.638542175292969,1.4956920146942139
Derek Dietrich,10542,2015,25,4.523341,4.60356330871582,1.1690256595611572
Jesus Guzman,3118,2015,31,-0.3142386,4.360502243041992,0.9713512659072876
Matt Carpenter,8090,2015,29,-0.28754812,4.286849021911621,2.4768786430358887
Nick Punto,1429,2015,37,-2.1732364,4.2400970458984375,1.6810418367385864
Anthony Rizzo,3473,2015,25,-2.4068632,4.195432186126709,3.326479911804199
Daniel Nava,5450,2015,32,0.23602518,4.157191753387451,1.786421537399292
Christian Bethancourt,10028,2015,23,-2.3070896,4.1017866134643555,3.4282777309417725
Eric Hosmer,3516,2015,25,-3.9464366,4.049544811248779,2.256732702255249
Jason Bourgeois,2225,2015,33,-5.060629,3.9398388862609863,4.262450695037842
Neftali Soto,5663,2015,26,-3.169453,3.9106221199035645,1.144692063331604
Efren Navarro,9854,2015,29,3.1837995,3.9029815196990967,3.9852612018585205
Jon Singleton,10441,2015,23,0.66513765,3.8728184700012207,3.5884482860565186
Russell Martin,4616,2015,32,-2.8330424,3.786494016647339,2.203460216522217
Jose Bautista,1887,2015,34,-1.9637716,3.733102560043335,1.4971020221710205
Alex Hassan,9959,2015,27,13.647719,3.6823761463165283,0.859383225440979
Josh Reddick,3892,2015,28,2.7474785,3.6029059886932373,1.791002869606018
Andrelton Simmons,10847,2015,25,-2.1336324,3.5756733417510986,2.96071720123291
Nate Schierholtz,6201,2015,31,0.13299786,3.5182363986968994,2.531460762023926
Willie Bloomquist,1066,2015,37,-1.1313844,3.4974305629730225,2.636786937713623
Brandon Crawford,5343,2015,28,-0.5806201,3.4509074687957764,2.344038724899292
Clayton Kershaw,2036,2015,27,-1.0595365,3.450086832046509,0.7418534755706787
Mark Reynolds,7619,2015,31,-1.8155494,3.430986166000366,1.6337248086929321
Eric Fryer,8145,2015,29,1.2517577,3.397310256958008,0.7103847861289978
Marcell Ozuna,10324,2015,24,0.8352263,3.389852285385132,1.7841100692749023
Xander Bogaerts,12161,2015,22,0.19884585,3.3800928592681885,3.0812246799468994
Rickie Weeks Jr.,1849,2015,32,-0.59491456,3.3612940311431885,2.3351547718048096
Moises Sierra,6050,2015,26,-1.3943871,3.314722776412964,1.6026235818862915
Josh Hamilton,1875,2015,34,-1.4047092,3.2706656455993652,2.3148605823516846
Carlos Santana,2396,2015,29,-3.9781046,3.223557233810425,2.3424293994903564
Chris Herrmann,9284,2015,27,-0.12898001,3.2226064205169678,1.0673458576202393
Kevin Pillar,12434,2015,26,1.257053,3.2028133869171143,3.064274787902832
Ryan Rua,12409,2015,25,-1.9198197,3.179518461227417,0.7504192590713501
Eric Chavez,906,2015,37,-3.418882,3.171980619430542,0.6512764096260071
Chris Carter,9911,2015,28,-2.2304063,3.136949300765991,1.4997584819793701
Eric Campbell,6938,2015,28,-1.7625604,3.1323165893554688,0.5407470464706421
Josh Wilson,2102,2015,34,-3.1696851,3.0838687419891357,0.4325529932975769
Marwin Gonzalez,5497,2015,26,-1.838626,3.076900005340576,3.422826051712036
Aaron Hill,6104,2015,33,-2.3353179,3.048842191696167,2.190441370010376
Carlos Ruiz,2579,2015,36,-2.5248775,3.0301597118377686,1.1227002143859863
Derek Norris,6867,2015,26,-0.7578152,3.003265142440796,2.0005276203155518
Evan Longoria,9368,2015,29,-1.6335441,2.8991358280181885,1.6151992082595825
Jordany Valdespin,5098,2015,27,3.9374785,2.896500587463379,2.0964481830596924
Alexi Casilla,5248,2015,30,1.3100182,2.8776490688323975,1.1747443675994873
Torii Hunter,731,2015,39,-2.3498778,2.7700204849243164,1.7331849336624146
Rougned Odor,12282,2015,21,0.89295393,2.7673873901367188,4.816856384277344
Carlos Beltran,589,2015,38,-5.713683,2.7413887977600098,0.9293783903121948
Kelly Johnson,2234,2015,33,-0.43681058,2.6403017044067383,2.103614330291748
Manny Machado,11493,2015,22,-3.8934097,2.603142499923706,1.2293040752410889
Matt Joyce,3353,2015,30,0.6926054,2.5295443534851074,2.5788679122924805
Daniel Descalso,8392,2015,28,0.2555454,2.503589153289795,2.516338586807251
Logan Forsythe,7185,2015,28,-1.0666882,2.450993061065674,0.8135232329368591
Cesar Hernandez,10556,2015,25,-0.17146578,2.4375948905944824,3.7868287563323975
Bryce Brentz,10607,2015,26,6.88805,2.41501784324646,0.9166648387908936
Chris Johnson,1191,2015,30,-4.7679267,2.351937770843506,0.562204122543335
Sean Rodriguez,6589,2015,30,-0.828717,2.339367151260376,1.6372835636138916
Jose Molina,25,2015,40,-4.795965,2.3356666564941406,0.3541697859764099
Corey Hart,1945,2015,33,-2.8512943,2.2644383907318115,1.255223035812378
Khris Davis,9112,2015,27,-2.6159885,2.2585713863372803,1.1600652933120728
Jedd Gyorko,10816,2015,26,-2.331252,2.25771427154541,1.9946423768997192
Freddy Galvis,6609,2015,25,2.3829846,2.172368049621582,0.8030015230178833
Freddie Freeman,5361,2015,25,-1.932445,2.170368194580078,2.0162930488586426
Anthony Recker,4063,2015,31,0.037771884,2.1133289337158203,1.6589311361312866
Martin Prado,3312,2015,31,-3.5962985,2.082745313644409,1.4255820512771606
Eduardo Escobar,6153,2015,26,0.92805165,2.061951160430908,2.0430703163146973
Pete Kozma,2539,2015,27,4.801153,2.0399065017700195,0.5709564089775085
Jeff Kobernus,9591,2015,27,-0.5068962,2.0276718139648438,2.6597273349761963
Marlon Byrd,950,2015,37,-3.3029401,1.974351167678833,2.593198537826538
Jorge Polanco,13152,2015,21,5.4151087,1.9577966928482056,1.0804635286331177
Chris Nelson,8175,2015,29,-8.495104,1.9133578538894653,5.464949607849121
Jason Bartlett,8219,2015,35,22.464285,1.8481042385101318,3.1411666870117188
Jonathan Lucroy,7870,2015,29,-3.3642833,1.8361597061157227,1.6771458387374878
Joe Mauer,1857,2015,32,0.45911664,1.7949140071868896,0.7889903783798218
Tyler Pastornicky,6777,2015,25,-0.35255685,1.7787959575653076,2.5322186946868896
Raul Ibanez,607,2015,43,-4.375653,1.733790397644043,1.0785330533981323
Lonnie Chisenhall,7571,2015,26,-1.4041834,1.6905332803726196,1.4350581169128418
Francisco Cervelli,5275,2015,29,-2.9226186,1.6846182346343994,0.0
Alfredo Marte,5212,2015,26,-1.6737381,1.66819167137146,0.4790036082267761
Wil Nieves,1556,2015,37,-5.845146,1.661778211593628,0.5872279405593872
Brent Morel,6402,2015,28,0.5641521,1.651815414428711,2.3148303031921387
Chris Davis,9272,2015,29,-0.65139,1.6481081247329712,1.359887719154358
Steve Tolleson,4450,2015,31,-3.0085175,1.6065309047698975,0.5343213081359863
Ryan Flaherty,7888,2015,28,1.4788784,1.5865753889083862,0.40592312812805176
Jordy Mercer,6547,2015,28,-2.3564515,1.5784684419631958,1.44663667678833
Reid Brignac,8380,2015,29,-3.4526308,1.5744434595108032,1.3976283073425293
Edwin Encarnacion,2151,2015,32,-0.7326551,1.5725876092910767,0.4406501054763794
Ramon Santiago,1417,2015,35,-2.228906,1.5417252779006958,0.9761008024215698
Donovan Solano,8623,2015,27,-2.2326758,1.530173897743225,1.869205117225647
Darwin Barney,2430,2015,29,1.4812828,1.5251867771148682,0.6098797917366028
John Jaso,5887,2015,31,-1.1101298,1.505359172821045,0.36957815289497375
Domingo Santana,10348,2015,22,4.305208,1.5043307542800903,0.922974169254303
Chris Valaika,1165,2015,29,-2.0239758,1.4575377702713013,0.09313876926898956
Christian Walker,13419,2015,24,4.0561204,1.4338018894195557,0.7804038524627686
Tomas Telis,10067,2015,24,4.0561204,1.4338018894195557,0.7804038524627686
Lucas Duda,2502,2015,29,-1.8699601,1.4165709018707275,1.5177891254425049
Matt Holliday,1873,2015,35,-2.9088757,1.396683931350708,0.82061368227005
Bryan Holaday,11287,2015,27,-1.9587555,1.3381270170211792,1.2193020582199097
Chris Iannetta,8267,2015,32,-2.5122976,1.3351969718933105,1.0416524410247803
Tyler Colvin,5310,2015,29,-0.6010257,1.3163522481918335,0.6460390686988831
Nick Markakis,5930,2015,31,-2.7713537,1.31552255153656,0.9195150136947632
Ehire Adrianza,8418,2015,25,-2.7576332,1.2984675168991089,2.18386173248291
Rafael Furcal,88,2015,37,-0.7530223,1.2957042455673218,1.1365901231765747
Gordon Beckham,9015,2015,28,-2.3806844,1.2948836088180542,0.619189977645874
Matt Adams,9393,2015,26,-2.8926938,1.2846602201461792,1.8611176013946533
Brandon Phillips,791,2015,34,-2.0348837,1.280308485031128,1.5105959177017212
Mark Trumbo,6876,2015,29,-2.937827,1.26482355594635,1.6608942747116089
Elliot Johnson,4751,2015,31,3.3537748,1.2520036697387695,1.8220372200012207
Adam Duvall,10950,2015,26,3.6000185,1.2350834608078003,0.5940808653831482
Albert Pujols,1177,2015,35,-6.5291224,1.2350331544876099,0.6326942443847656
Jose Constanza,6003,2015,31,0.6998582,1.193295955657959,2.04004168510437
Casey McGehee,6086,2015,32,-7.013625,1.1286251544952393,0.7198121547698975
Donald Lutz,10154,2015,26,1.5363903,1.0512281656265259,0.538769543170929
Garin Cecchini,11608,2015,24,3.1497416,1.0314829349517822,0.6870905160903931
Gary Brown,11464,2015,26,3.0777235,1.0101011991500854,0.5397642850875854
Wilmer Flores,5827,2015,23,-0.506219,0.9942277669906616,0.6548718214035034
Mike Napoli,3057,2015,33,-3.4599593,0.9790971875190735,0.6208932399749756
Neil Walker,7539,2015,29,-1.0829288,0.9752665162086487,1.882196068763733
Bobby Abreu,945,2015,41,-3.4877348,0.9620100855827332,0.8371968865394592
Brett Lawrie,5247,2015,25,1.920043,0.9584537148475647,2.6865739822387695
Yasmani Grandal,11368,2015,26,-3.8259547,0.8916367292404175,0.5119946599006653
Brayan Pena,3231,2015,33,-6.3646207,0.8871935606002808,1.4951205253601074
Andrew Susac,13132,2015,25,2.7873135,0.8798773288726807,0.5816590189933777
Jason Kubel,2161,2015,33,-1.3661873,0.8738251328468323,0.4038667678833008
Clint Barmes,1830,2015,36,-2.5415316,0.8639536499977112,1.021180510520935
Oswaldo Arcia,10306,2015,24,-1.2036644,0.8614760637283325,2.2436444759368896
Enrique Hernandez,10472,2015,23,2.7365987,0.8143380284309387,0.7055794596672058
Travis Snider,2830,2015,27,-0.55851734,0.7893953323364258,1.5039517879486084
Delmon Young,2140,2015,29,-3.2138922,0.7854618430137634,0.7190749049186707
Skip Schumaker,3704,2015,35,-3.0416956,0.7749801278114319,1.0482048988342285
Will Middlebrooks,7002,2015,26,-3.3605614,0.7629190683364868,1.4131625890731812
Ed Lucas,7532,2015,33,-0.511234,0.7522613406181335,0.3891087770462036
Nolan Arenado,9777,2015,24,-3.1847167,0.7462731003761292,1.34588623046875
Alex Guerrero,15670,2015,28,2.5697658,0.7381181120872498,0.33912408351898193
James Loney,4556,2015,31,-5.188653,0.7230240702629089,0.0
Joaquin Arias,3817,2015,30,-0.79186594,0.698513388633728,0.19602373242378235
Stephen Vogt,5000,2015,30,0.73922765,0.679645836353302,0.6786530613899231
Erisbel Arruebarrena,15809,2015,25,2.3312619,0.6676098704338074,0.5323852896690369
Tommy La Stella,12371,2015,26,-6.260543,0.6424775123596191,1.3393878936767578
Andre Ethier,6265,2015,33,-1.5538495,0.6241219639778137,1.0706591606140137
Ramiro Pena,8841,2015,29,0.26990443,0.6054235100746155,0.6009776592254639
Matt Duffy,13836,2015,24,0.4656058,0.6044155955314636,2.621338129043579
John Ryan Murphy,10346,2015,24,1.9816501,0.5954880714416504,0.639485776424408
David Murphy,6035,2015,33,-3.0511036,0.5760559439659119,1.3748441934585571
Greg Garcia,10951,2015,25,2.1309025,0.5730046629905701,0.5104683041572571
Alfonso Soriano,847,2015,39,0.9935985,0.570389986038208,0.7341373562812805
Matt Szczur,11255,2015,25,2.0977015,0.5571084022521973,0.5067023038864136
Ruben Tejada,5519,2015,25,-2.0588057,0.5547816753387451,1.8871879577636719
Joe Panik,11936,2015,24,2.1140242,0.5448096394538879,0.5756939649581909
Munenori Kawasaki,13047,2015,34,-0.8810793,0.5140386819839478,0.9365557432174683
Nick Castellanos,11737,2015,23,-3.1985035,0.5023776292800903,1.727001428604126
Conor Gillaspie,9009,2015,27,-0.21617778,0.48955315351486206,1.7926630973815918
Jhonny Peralta,1738,2015,33,-3.8834085,0.4874367117881775,0.9833012819290161
Maikel Franco,12179,2015,22,2.0525196,0.45678919553756714,0.6965672969818115
Aramis Ramirez,1002,2015,37,-6.8272758,0.45351850986480713,0.0
Gaby Sanchez,3361,2015,31,-2.4331286,0.4367240071296692,0.0
Tucker Barnhart,10200,2015,24,1.8776029,0.4307997524738312,0.5504884123802185
Nelson Cruz,2434,2015,34,-4.174384,0.4280913174152374,1.1488008499145508
Troy Tulowitzki,3531,2015,30,-1.816639,0.3907950222492218,1.5845977067947388
Jonathan Schoop,11265,2015,23,-1.4831694,0.3756369948387146,1.137872576713562
Cole Figueroa,8790,2015,28,1.7574745,0.3719366192817688,0.25151756405830383
L.J. Hoes,6656,2015,25,-0.6420555,0.36928531527519226,0.7213106155395508
David DeJesus,1825,2015,35,-1.4492562,0.36595749855041504,2.188258171081543
Jose Abreu,15676,2015,28,-4.253933,0.35889503359794617,0.7125710844993591
Josh Willingham,2103,2015,36,-1.0419202,0.34679511189460754,0.3620182275772095
Jason Castro,8722,2015,28,-0.6729193,0.3009735643863678,0.3326314091682434
Jose Tabata,2411,2015,26,-3.8123157,0.26525890827178955,2.8699240684509277
Andy Wilkins,11251,2015,26,1.4174768,0.2371644228696823,0.35950517654418945
Mike Zunino,13265,2015,24,-1.933478,0.2169140726327896,2.082026481628418
Nick Hundley,3376,2015,31,-3.9890695,0.21436335146427155,1.1516015529632568
Devin Mesoraco,5666,2015,27,-3.6631854,0.21109266579151154,1.2736274003982544
Lane Adams,10767,2015,25,1.3831705,0.21008016169071198,0.42802101373672485
Adam LaRoche,1904,2015,35,-4.8139453,0.20453530550003052,0.0
Roger Kieschnick,5225,2015,28,1.7629347,0.18786877393722534,0.2278885543346405
Hector Gomez,2264,2015,27,3.211279,0.11686001718044281,0.9046694040298462
Shane Robinson,4249,2015,30,-0.73258126,0.11129231750965118,1.1788036823272705
Dioner Navarro,3179,2015,31,-4.9989862,0.09103968739509583,0.0
Dean Anna,8353,2015,28,0.98907906,0.0047151753678917885,0.16690073907375336
Buster Posey,9166,2015,28,-5.0339246,0.0,0.41981151700019836
Adrian Beltre,639,2015,36,-3.7837875,0.0,0.0
Miguel Cabrera,1744,2015,32,-5.021301,0.0,0.5939151048660278
Yan Gomes,9627,2015,27,-2.5687203,0.0,0.3429347276687622
Rene Rivera,3648,2015,31,-4.33956,0.0,0.0
Victor Martinez,393,2015,36,-6.54636,0.0,0.8719501495361328
Adrian Gonzalez,1908,2015,33,-4.6885858,0.0,0.0
Juan Uribe,454,2015,36,-2.7867172,0.0,0.0838540643453598
Trevor Plouffe,7462,2015,29,-3.119535,0.0,1.0330907106399536
Pablo Sandoval,5409,2015,28,-5.1764126,0.0,0.0
Miguel Montero,3364,2015,31,-4.762728,0.0,0.2736879885196686
Luis Valbuena,4969,2015,29,-2.00725,0.0,1.5303138494491577
Yadier Molina,7007,2015,32,-4.8861427,0.0,0.6802933812141418
Brian McCann,4810,2015,31,-5.403426,0.0,0.0
Travis d'Arnaud,7739,2015,26,-4.65295,0.0,0.0
Tyler Flowers,9134,2015,29,-4.6336536,0.0,0.34628230333328247
J.J. Hardy,3797,2015,32,-4.571866,0.0,0.0
Hank Conger,2505,2015,27,-3.558031,0.0,0.7477595210075378
Seth Smith,7331,2015,32,-2.027732,0.0,0.22559228539466858
Brandon Moss,4467,2015,31,-0.9331507,0.0,0.24279476702213287
Evan Gattis,11003,2015,28,-4.291816,0.0,0.0
David Freese,9549,2015,32,-4.1050205,0.0,1.01300048828125
Justin Morneau,1737,2015,34,-4.409177,0.0,0.06007201969623566
David Ortiz,745,2015,39,-7.3780856,0.0,0.0
Christian Vazquez,9774,2015,24,-4.8162923,0.0,0.10810955613851547
Salvador Perez,7304,2015,25,-4.548178,0.0,0.5671840310096741
Caleb Joseph,7087,2015,29,-5.511223,0.0,0.4459241032600403
Adam Lind,8027,2015,31,-3.4767303,0.0,0.18326792120933533
Yangervis Solarte,5352,2015,27,-3.9913154,0.0,0.3762788474559784
Jed Lowrie,4418,2015,31,-3.337192,0.0,0.0
Michael Morse,3035,2015,33,-6.591728,0.0,0.0
Chris Stewart,3878,2015,33,-1.761214,0.0,0.5556907057762146
Ryan Hanigan,4952,2015,34,-3.6694064,0.0,0.0
Madison Bumgarner,5524,2015,25,-1.5948237,0.0,0.24423900246620178
Martin Maldonado,6887,2015,28,-3.1097858,0.0,0.061880502849817276
Robinson Chirinos,3142,2015,31,-4.083693,0.0,0.36249804496765137
Alex Avila,7476,2015,28,-6.0974545,0.0,0.7527569532394409
Ryan Zimmerman,4220,2015,30,-1.5522377,0.0,0.0
Juan Francisco,6978,2015,28,-2.2123845,0.0,0.9699070453643799
Carlos Corporan,5587,2015,31,-4.3623815,0.0,0.42578214406967163
David Ross,1551,2015,38,-1.8961124,0.0,1.0502007007598877
Wilson Ramos,1433,2015,27,-5.6298223,0.0,0.080905020236969
Jake Smolinski,5408,2015,26,0.5969433,0.0,0.2681892216205597
Travis Wood,9884,2015,28,-1.2394633,0.0,0.0
Michael McKenry,9628,2015,30,-2.59724,0.0,2.107508659362793
Joey Votto,4314,2015,31,-6.4858603,0.0,0.6358608603477478
Zack Greinke,1943,2015,31,-1.0483223,0.0,0.0
Mark Teixeira,1281,2015,35,-3.8829546,0.0,0.0
Drew Butera,3411,2015,31,-3.1444864,0.0,0.0
Kevin Kouzmanoff,5995,2015,33,-3.2649763,0.0,0.0
Matt Wieters,4298,2015,29,-2.5393653,0.0,0.9433448910713196
Ike Davis,8433,2015,28,-2.4928083,0.0,0.8814572095870972
Cody Asche,11997,2015,25,-1.1567467,0.0,1.1081485748291016
Roberto Perez,2900,2015,26,-10.698536,0.0,0.0
Erik Kratz,4403,2015,35,-3.777517,0.0,0.0
Kyle Blanks,49,2015,28,-1.9457756,0.0,0.024680308997631073
Rafael Ynoa,2832,2015,27,-11.671844,0.0,0.0
Kennys Vargas,12101,2015,24,0.3273982,0.0,0.385696679353714
John Mayberry,3390,2015,31,-1.721784,0.0,0.2734241783618927
Gregorio Petit,3812,2015,30,-0.021819856,0.0,1.350701928138733
Travis Ishikawa,4793,2015,31,-0.92005974,0.0,0.0
Danny Valencia,6364,2015,30,-4.54604,0.0,0.6933576464653015
Jose Lobaton,4243,2015,30,-4.2551866,0.0,0.12751825153827667
Mike Leake,10130,2015,27,-1.6272832,0.0,0.03576313331723213
Shelby Miller,10197,2015,24,-1.2083194,0.0,0.38326728343963623
Ben Paulsen,9741,2015,27,-5.9828568,0.0,0.0
Adam Dunn,319,2015,35,-4.057661,0.0,0.0
Wilin Rosario,8002,2015,26,-3.7963831,0.0,0.46744734048843384
Yunel Escobar,4191,2015,32,-3.1456995,0.0,0.25343525409698486
Ryan Sweeney,6352,2015,30,-1.3110178,0.0,0.23250341415405273
Chris Gimenez,7324,2015,32,-1.8195014,0.0,1.7098045349121094
Mike Moustakas,4892,2015,26,-2.8374538,0.0,0.6444888114929199
Brandon Hicks,4003,2015,29,-0.78862804,0.0,0.849100649356842
Jacob deGrom,10954,2015,27,-1.5950122,0.0,0.0
Adam Wainwright,2233,2015,33,-2.242694,0.0,0.0
Nick Evans,7595,2015,29,-2.137835,0.0,0.15100698173046112
Jhoulys Chacin,2608,2015,27,-1.546136,0.0,0.042947642505168915
Garrett Jones,2714,2015,34,-4.0230865,0.0,0.0
Darin Ruf,9929,2015,28,-3.546569,0.0,0.0
Welington Castillo,3256,2015,28,-4.30066,0.0,0.0
Randal Grichuk,10243,2015,23,-2.4255657,0.0,2.3397505283355713
Jonny Gomes,1845,2015,34,-0.10316593,0.0,0.05504031479358673
Jordan Lyles,7593,2015,24,-1.2083194,0.0,0.38326728343963623
Jake Arrieta,4153,2015,29,-1.745025,0.0,0.0
Cole Hamels,4972,2015,31,-2.143881,0.0,0.29252520203590393
Gerrit Cole,13125,2015,24,-1.1968583,0.0,0.29669931530952454
Dan Haren,1757,2015,34,-2.3939667,0.0,0.0
Tyson Ross,7872,2015,28,-1.647728,0.0,0.0
Carlos Rivero,1136,2015,27,-1.5950122,0.0,0.0
Jose Pirela,5485,2015,25,-1.3587552,0.0,0.1459912210702896
George Kottaras,5506,2015,32,-0.29712567,0.0,0.0
Max Stassi,10059,2015,24,-3.198945,0.0,1.1087392568588257
Marco Gonzales,15467,2015,23,-1.103432,0.0,0.33640938997268677
Matt McBride,9373,2015,30,0.26168063,0.0,0.0
Andres Blanco,1907,2015,31,-6.5505605,0.0,0.0
Scott Sizemore,2881,2015,30,3.6380217,0.0,0.3238440454006195
Justin Bour,9744,2015,27,-4.2181897,0.0,0.0
Dilson Herrera,14335,2015,21,-6.0572753,0.0,0.4361444413661957
Jaime Garcia,8137,2015,28,-1.647728,0.0,0.0
Jeff Mathis,3448,2015,32,-2.9756284,0.0,0.0
Cliff Lee,1636,2015,36,-2.1800234,0.0,0.22483988106250763
Jacob Turner,10185,2015,24,-1.2083194,0.0,0.38326728343963623
Josh Beckett,510,2015,35,-2.5435336,0.0,0.0
Mike Minor,10021,2015,27,-1.546136,0.0,0.042947642505168915
Jordan Zimmermann,4505,2015,29,-1.8492036,0.0,0.0
Henderson Alvarez,5669,2015,25,-1.3242528,0.0,0.2724023759365082
Ian Kennedy,6986,2015,30,-1.9538312,0.0,0.0
Buddy Carlyle,2010,2015,37,-2.6805472,0.0,0.0
Brian Schlitter,3599,2015,29,-1.5395845,0.0,0.0
Jeanmar Gomez,9033,2015,27,-1.546136,0.0,0.042947642505168915
Gus Schlosser,12321,2015,26,-1.4809648,0.0,0.052871573716402054
Jeurys Familia,5114,2015,25,-1.3242528,0.0,0.2724023759365082
Zach McAllister,2895,2015,27,-1.546136,0.0,0.042947642505168915
Clay Buchholz,3543,2015,30,-1.8479408,0.0,0.0
Pedro Villarreal,9904,2015,27,-1.546136,0.0,0.042947642505168915
Drew Hutchison,10732,2015,24,-1.1702279,0.0,0.3540661931037903
Robbie Ray,11486,2015,23,-1.103432,0.0,0.33640938997268677
Nick Tepesch,11716,2015,26,-1.4277215,0.0,0.09937798976898193
Brad Penny,535,2015,37,-2.804865,0.0,0.0
Colby Lewis,1259,2015,35,-2.5100942,0.0,0.0
Seth Maness,12235,2015,26,-1.4277215,0.0,0.09937798976898193
Donn Roach,10620,2015,25,-1.3587552,0.0,0.1459912210702896
Doug Bernier,4518,2015,35,-0.4472077,0.0,0.47941726446151733
James Shields,7059,2015,33,-2.242694,0.0,0.0
Craig Stammen,7274,2015,31,-1.9647294,0.0,0.0
Chris Parmelee,2554,2015,27,-2.914972,0.0,0.934575080871582
Tyler Moore,7244,2015,28,-1.9811586,0.0,0.07080733776092529
Justin Verlander,8700,2015,32,-2.097356,0.0,0.0
Daniel Corcino,9266,2015,24,-1.230931,0.0,0.24054792523384094
Bud Norris,9492,2015,30,-1.8479408,0.0,0.0
Tony Sanchez,6178,2015,27,-4.072948,0.0,0.0
Kevin Correia,1767,2015,34,-2.737255,0.0,0.39241889119148254
Carlos Peguero,8760,2015,28,5.946692,0.0,0.38220882415771484
Johnny Giavotella,6740,2015,27,8.270897,0.0,5.401955604553223
Hector Sanchez,10289,2015,25,-0.82596403,0.0,1.2431271076202393
Wandy Rodriguez,2586,2015,36,-2.6876466,0.0,0.0
Carlos Martinez,11682,2015,23,-1.0770253,0.0,0.39411818981170654
Alex Cobb,6562,2015,27,-1.546136,0.0,0.042947642505168915
Miguel Rojas,7802,2015,26,-2.433787,0.0,0.0
Jesus Sucre,5942,2015,27,0.45779958,0.0,0.7458617687225342
Bronson Arroyo,978,2015,38,-2.951077,0.0,0.0
Tyler Matzek,10058,2015,24,-1.230931,0.0,0.24054792523384094
Daisuke Matsuzaka,7775,2015,34,-2.3939667,0.0,0.0
Jeff Samardzija,3254,2015,30,-1.8479408,0.0,0.0
Edwin Jackson,1841,2015,31,-2.068855,0.0,0.0
Matt Cain,4732,2015,30,-1.9475241,0.0,0.0
Jarred Cosart,10304,2015,25,-1.3151653,0.0,0.19790156185626984
Wade Miley,8779,2015,28,-1.647728,0.0,0.0
Hyun-Jin Ryu,14444,2015,28,-1.628428,0.0,0.0
Kyle Hendricks,12049,2015,25,-1.3587552,0.0,0.1459912210702896
A.J. Burnett,512,2015,38,-2.951077,0.0,0.0
David Buchanan,11176,2015,26,-1.4809648,0.0,0.052871573716402054
Stephen Strasburg,10131,2015,26,-1.5317397,0.0,0.15049846470355988
Jon Niese,4424,2015,28,-1.7512183,0.0,0.0
Francisco Pena,8298,2015,25,-1.3587552,0.0,0.1459912210702896
Antonio Bastardo,8844,2015,29,-1.745025,0.0,0.0
J.J. Hoover,9037,2015,27,-1.546136,0.0,0.042947642505168915
Audry Perez,9176,2015,26,-1.4277215,0.0,0.09937798976898193
Andrew Chafin,12988,2015,25,-1.3587552,0.0,0.1459912210702896
Joey Terdoslavich,10593,2015,26,-3.9829257,0.0,0.0
Steven Moya,11854,2015,23,-1.103432,0.0,0.33640938997268677
Jackson Williams,8524,2015,29,-7.5961227,0.0,0.0
Clint Robinson,6908,2015,30,-3.0513492,0.0,0.0
Josh Phegley,9308,2015,27,-2.6597557,0.0,0.0
Nate Freiman,6582,2015,28,-5.267211,0.0,0.010415703989565372
Jason Lane,1397,2015,38,-2.4523427,0.0,0.0
Tony Watson,3132,2015,30,-1.8479408,0.0,0.0
David Huff,4257,2015,30,-1.8479408,0.0,0.0
John Danks,6329,2015,30,-1.8479408,0.0,0.0
Taylor Hill,12515,2015,26,-1.4809648,0.0,0.052871573716402054
Tyler Collins,12723,2015,25,-2.25442,0.0,0.06873822212219238
Michael Taylor,2591,2015,29,-1.9951289,0.0,0.0
Jesus Montero,5514,2015,25,-3.963958,0.0,0.4949491620063782
Andrew Lambo,5386,2015,26,-3.0671928,0.0,1.1823664903640747
Anibal Sanchez,3284,2015,31,-1.9647294,0.0,0.0
Zeke Spruill,3873,2015,25,-1.3151653,0.0,0.19790156185626984
Samuel Deduno,5285,2015,31,-1.9647294,0.0,0.0
Yu Darvish,13074,2015,28,-1.647728,0.0,0.0
Jonathan Herrera,4182,2015,30,-0.1075074,0.0,3.636321544647217
Hernan Perez,5751,2015,24,-0.68889713,0.0,0.4164368510246277
Tyler Thornburg,10688,2015,26,-1.4377729,0.0,0.1586330533027649
Robbie Ross Jr.,6819,2015,26,-1.4377729,0.0,0.1586330533027649
Dan Straily,9460,2015,26,-1.4377729,0.0,0.1586330533027649
Nick Tropeano,12385,2015,24,-1.230931,0.0,0.24054792523384094
Hector Santiago,4026,2015,27,-1.546136,0.0,0.042947642505168915
Bobby Wilson,6564,2015,32,-2.6608753,0.0,0.46259498596191406
Kyle Gibson,10123,2015,27,-1.5308511,0.0,0.0
Dallas Beeler,11471,2015,26,-1.4809648,0.0,0.052871573716402054
Yordano Ventura,11855,2015,24,-1.1968583,0.0,0.29669931530952454
Andy Parrino,3972,2015,29,-1.9664432,0.0,0.0
Joc Pederson,11899,2015,23,-0.19385666,0.0,0.41186025738716125
Brett Anderson,8223,2015,27,-1.546136,0.0,0.042947642505168915
Corey Kluber,2429,2015,29,-1.745025,0.0,0.0
Christian Friedrich,7942,2015,27,-1.4782308,0.0,0.045240722596645355
Chase Whitley,10982,2015,26,-1.4809648,0.0,0.052871573716402054
Felix Doubront,1478,2015,27,-1.546136,0.0,0.042947642505168915
Justin Masterson,2038,2015,30,-1.8479408,0.0,0.0
Ross Detwiler,2859,2015,29,-1.745025,0.0,0.0
C.J. Wilson,3580,2015,34,-2.3939667,0.0,0.0
Jerome Williams,1137,2015,33,-2.242694,0.0,0.0
Jimmy Nelson,10547,2015,26,-1.4277215,0.0,0.09937798976898193
Homer Bailey,8362,2015,29,-1.745025,0.0,0.0
Josh Collmenter,7312,2015,29,-1.745025,0.0,0.0
Ryan Vogelsong,1011,2015,37,-2.824191,0.0,0.0
Kyle Kendrick,6230,2015,30,-1.8479408,0.0,0.0
Jason Hammel,4538,2015,32,-2.097356,0.0,0.0
Randy Wolf,976,2015,38,-2.854326,0.0,0.0
Tim Stauffer,6432,2015,33,-2.242694,0.0,0.0
Tony Cingrani,12555,2015,25,-0.84668285,0.0,0.2800292372703552
Brandon Cumpton,11366,2015,26,-1.4277215,0.0,0.09937798976898193
Anthony DeSclafani,13050,2015,25,-1.3587552,0.0,0.1459912210702896
Robbie Erlin,10354,2015,24,-1.1968583,0.0,0.29669931530952454
John Lackey,1507,2015,36,-2.6043549,0.0,0.0
Marco Estrada,1118,2015,31,-1.9647294,0.0,0.0
Dallas Keuchel,9434,2015,27,-1.546136,0.0,0.042947642505168915
Taylor Jordan,10466,2015,26,-1.4277215,0.0,0.09937798976898193
Jose Fernandez,11530,2015,22,-0.9619305,0.0,0.491549015045166
Andrew Heaney,15423,2015,24,-1.230931,0.0,0.24054792523384094
Blake Treinen,12572,2015,27,-1.5950122,0.0,0.0
Tyler Lyons,11334,2015,27,-1.5308511,0.0,0.0
Randall Delgado,5985,2015,25,-1.3242528,0.0,0.2724023759365082
Masahiro Tanaka,15764,2015,26,-1.4809648,0.0,0.052871573716402054
Jake Odorizzi,6397,2015,25,-1.3242528,0.0,0.2724023759365082
Hisashi Iwakuma,13048,2015,34,-2.3939667,0.0,0.0
Paul Maholm,8678,2015,33,-2.242694,0.0,0.0
Jeremy Guthrie,2072,2015,36,-2.6876466,0.0,0.0
Neftali Feliz,18,2015,27,-1.546136,0.0,0.042947642505168915
Xavier Cedeno,36,2015,28,-1.647728,0.0,0.0
Erik Bedard,126,2015,36,-2.6876466,0.0,0.0
Mark Buehrle,225,2015,36,-2.6876466,0.0,0.0
Daniel McCutchen,263,2015,32,-2.0802608,0.0,0.0
Kyle Farnsworth,278,2015,39,-3.069978,0.0,0.0
Blake Beavan,338,2015,26,-1.4377729,0.0,0.1586330533027649
CC Sabathia,404,2015,34,-2.3939667,0.0,0.0
Fernando Rodney,494,2015,38,-2.951077,0.0,0.0
Jason Grilli,521,2015,38,-2.951077,0.0,0.0
Hector Ambriz,559,2015,31,-1.9647294,0.0,0.0
Jeremy Affeldt,583,2015,36,-2.6876466,0.0,0.0
Grant Balfour,718,2015,37,-2.824191,0.0,0.0
LaTroy Hawkins,729,2015,42,-3.3860424,0.0,0.0
Bruce Chen,769,2015,38,-2.951077,0.0,0.0
Scott Downs,773,2015,39,-3.069978,0.0,0.0
Randy Choate,813,2015,39,-3.069978,0.0,0.0
Kris Johnson,886,2015,30,-1.8459564,0.0,0.0
Scott Carroll,888,2015,30,-1.9434206,0.0,0.0
Joe Beimel,979,2015,38,-2.9178956,0.0,0.0
Aaron Thompson,999,2015,28,-1.5129125,0.0,0.0
Rafael Soriano,1100,2015,35,-2.5435336,0.0,0.0
Joe Nathan,1122,2015,40,-3.1803668,0.0,0.0
Tommy Hunter,1157,2015,28,-1.647728,0.0,0.0
Adam Ottavino,1247,2015,29,-1.745025,0.0,0.0
Pedro Beato,1330,2015,28,-1.647728,0.0,0.0
Curtis Partch,1333,2015,28,-1.628428,0.0,0.0
Blake Wood,1345,2015,29,-1.6807373,0.0,0.0
Evan Reed,1349,2015,29,-1.7297299,0.0,0.0
Nick Hagadone,1351,2015,29,-1.745025,0.0,0.0
Charlie Furbush,1370,2015,29,-1.745025,0.0,0.0
Joaquin Benoit,1437,2015,37,-2.824191,0.0,0.0
Jon Edwards,1483,2015,27,-1.5950122,0.0,0.0
Oliver Perez,1514,2015,33,-2.242694,0.0,0.0
Sean Doolittle,1581,2015,28,-1.647728,0.0,0.0
Francisco Rodriguez,1642,2015,33,-2.242694,0.0,0.0
Javier Lopez,1663,2015,37,-2.824191,0.0,0.0
Chris Capuano,1701,2015,36,-2.6876466,0.0,0.0
Jose Valverde,1726,2015,37,-2.824191,0.0,0.0
Kevin Gregg,1793,2015,37,-2.824191,0.0,0.0
J.J. Putz,1795,2015,38,-2.951077,0.0,0.0
Neal Cotts,1797,2015,35,-2.2637575,0.0,0.0
Humberto Quintero,1824,2015,35,-3.6501274,0.0,0.040732670575380325
Matt Belisle,1837,2015,35,-2.5435336,0.0,0.0
Shawn Camp,1855,2015,39,-3.069978,0.0,0.0
Sean Burnett,1886,2015,32,-2.097356,0.0,0.0
Matt Moore,1890,2015,26,-1.4377729,0.0,0.1586330533027649
Jason Frasor,1906,2015,37,-2.824191,0.0,0.0
Matt Thornton,1918,2015,38,-2.951077,0.0,0.0
Frank Francisco,1933,2015,35,-2.5435336,0.0,0.0
Mike Adams,1937,2015,36,-2.6876466,0.0,0.0
Justin Germano,1938,2015,32,-2.097356,0.0,0.0
Raul Valdes,1953,2015,37,-2.824191,0.0,0.0
Ivan Nova,1994,2015,28,-1.647728,0.0,0.0
Matt Guerrier,2061,2015,36,-2.6876466,0.0,0.0
Jose Veras,2063,2015,34,-2.3939667,0.0,0.0
Heath Bell,2080,2015,37,-2.824191,0.0,0.0
Chad Qualls,2170,2015,36,-2.6876466,0.0,0.0
Ronald Belisario,2203,2015,32,-2.097356,0.0,0.0
Blaine Boyer,2237,2015,33,-2.1922998,0.0,0.0
Brandon Gomes,2267,2015,30,-1.8479408,0.0,0.0
Joel Peralta,2332,2015,39,-3.069978,0.0,0.0
Anthony Varvaro,2385,2015,30,-1.8479408,0.0,0.0
Hector Rondon,2391,2015,27,-1.5308511,0.0,0.0
Cory Rasmus,2413,2015,27,-1.5308511,0.0,0.0
Eric Surkamp,2540,2015,27,-1.50238,0.0,0.09450569748878479
Joe Paterson,2565,2015,29,-1.745025,0.0,0.0
Scott Atchison,2642,2015,39,-3.069978,0.0,0.0
Brian Matusz,2646,2015,28,-1.647728,0.0,0.0
Corey Brown,2650,2015,29,-0.9767943,0.0,0.0
Brett Cecil,2660,2015,28,-1.647728,0.0,0.0
Joba Chamberlain,2692,2015,29,-1.745025,0.0,0.0
Scott Rice,2743,2015,33,-2.2749057,0.0,0.0
Carlos Marmol,2790,2015,32,-2.097356,0.0,0.0
Joe Savery,2835,2015,29,-1.745025,0.0,0.0
Drake Britton,2868,2015,26,-1.4277215,0.0,0.09937798976898193
Santiago Casilla,2873,2015,34,-2.3939667,0.0,0.0
Luis Avilan,2882,2015,25,-1.3242528,0.0,0.2724023759365082
Juan Oviedo,2886,2015,33,-2.1922998,0.0,0.0
Tommy Pham,2967,2015,27,-1.5950122,0.0,0.0
Bruce Billings,3044,2015,29,-1.5909547,0.0,0.0
Kenley Jansen,3096,2015,27,-1.546136,0.0,0.042947642505168915
Max Scherzer,3137,2015,30,-1.8479408,0.0,0.0
Tim Collins,3164,2015,25,-1.3242528,0.0,0.2724023759365082
David Price,3184,2015,29,-1.745025,0.0,0.0
Will Harris,3192,2015,30,-1.8479408,0.0,0.0
Chris Young,3196,2015,36,-2.6600149,0.0,0.0
Josh Stinson,3219,2015,27,-1.546136,0.0,0.042947642505168915
Jean Machi,3220,2015,33,-2.242694,0.0,0.0
T.J. McFarland,3237,2015,26,-1.4277215,0.0,0.09937798976898193
Zack Britton,3240,2015,27,-1.546136,0.0,0.042947642505168915
Ryan Rowland-Smith,3245,2015,32,-2.0783904,0.0,0.0
Juan Gutierrez,3265,2015,31,-1.8760324,0.0,0.0
Jordan Walden,3271,2015,27,-1.546136,0.0,0.042947642505168915
Joe Smith,3281,2015,31,-1.9647294,0.0,0.0
Nate Adcock,3282,2015,27,-1.551728,0.0,0.10129805654287338
Hiroki Kuroda,3283,2015,40,-3.1803668,0.0,0.0
Hector Noesi,3292,2015,28,-1.647728,0.0,0.0
Chris Hatcher,3299,2015,30,-1.8479408,0.0,0.0
Darren O'Day,3321,2015,32,-2.097356,0.0,0.0
Cesar Ramos,3357,2015,31,-1.9647294,0.0,0.0
Ubaldo Jimenez,3374,2015,31,-1.9647294,0.0,0.0
Jumbo Diaz,3397,2015,31,-2.0806248,0.0,0.0
Kevin Whelan,3462,2015,31,-1.797154,0.0,0.0
Andre Rienzo,3507,2015,26,-1.4277215,0.0,0.09937798976898193
Liam Hendriks,3548,2015,26,-1.4377729,0.0,0.1586330533027649
Jim Johnson,3656,2015,32,-2.097356,0.0,0.0
Logan Ondrusek,3677,2015,30,-1.8479408,0.0,0.0
Brandon League,3731,2015,32,-2.097356,0.0,0.0
Cesar Jimenez,3762,2015,30,-1.7710923,0.0,0.0
Felipe Paulino,3777,2015,31,-1.9632787,0.0,0.0
Ricky Nolasco,3830,2015,32,-2.097356,0.0,0.0
Zach Duke,3840,2015,32,-2.097356,0.0,0.0
Brett Oberholtzer,3855,2015,25,-1.3151653,0.0,0.19790156185626984
Rubby de la Rosa,3862,2015,26,-1.4377729,0.0,0.1586330533027649
Ethan Martin,3877,2015,26,-1.4277215,0.0,0.09937798976898193
Casey Fien,3926,2015,31,-1.9647294,0.0,0.0
David Carpenter,3959,2015,29,-1.745025,0.0,0.0
Edward Mujica,3970,2015,31,-1.9647294,0.0,0.0
Allen Webster,3993,2015,25,-1.3151653,0.0,0.19790156185626984
Josh Outman,4004,2015,30,-1.8479408,0.0,0.0
Eury De la Rosa,4055,2015,25,-1.3151653,0.0,0.19790156185626984
Brian Duensing,4064,2015,32,-2.097356,0.0,0.0
Pedro Strop,4070,2015,30,-1.8479408,0.0,0.0
Junichi Tazawa,4079,2015,29,-1.745025,0.0,0.0
Erik Cordier,4086,2015,29,-1.8184516,0.0,0.0
James Russell,4089,2015,29,-1.745025,0.0,0.0
Luke Gregerson,4090,2015,31,-1.9647294,0.0,0.0
Derek Holland,4141,2015,28,-1.647728,0.0,0.0
Wilton Lopez,4227,2015,31,-1.9647294,0.0,0.0
Jered Weaver,4235,2015,32,-2.097356,0.0,0.0
Brad Lincoln,4241,2015,30,-1.8479408,0.0,0.0
Mark Melancon,4264,2015,30,-1.8479408,0.0,0.0
Manny Parra,4279,2015,32,-2.097356,0.0,0.0
Matt Albers,4300,2015,32,-2.097356,0.0,0.0
Justin Wilson,4301,2015,27,-1.546136,0.0,0.042947642505168915
Aaron Poreda,4313,2015,28,-1.4386322,0.0,0.09100350737571716
Kyle Drabek,4359,2015,27,-1.546136,0.0,0.042947642505168915
Craig Breslow,4363,2015,34,-2.3939667,0.0,0.0
Joe Saunders,4366,2015,34,-2.3939667,0.0,0.0
Jeremy Hellickson,4371,2015,28,-1.647728,0.0,0.0
Brad Mills,4420,2015,30,-1.8591664,0.0,0.0
Josh Wall,4436,2015,28,-1.647728,0.0,0.0
Pedro Hernandez,4578,2015,26,-1.4377729,0.0,0.1586330533027649
Matt Lindstrom,4604,2015,35,-2.5435336,0.0,0.0
Bobby Korecky,4608,2015,35,-2.3140051,0.0,0.0
Jason Pridie,4611,2015,31,-0.84039766,0.0,0.0
Joe Thatcher,4620,2015,33,-2.242694,0.0,0.0
Sam LeCure,4664,2015,31,-1.9647294,0.0,0.0
Pat Neshek,4682,2015,34,-2.3939667,0.0,0.0
Jeff Francis,4684,2015,34,-2.3939667,0.0,0.0
Nate Jones,4696,2015,29,-1.745025,0.0,0.0
Sergio Santos,4734,2015,31,-1.9647294,0.0,0.0
Donnie Veal,4741,2015,30,-1.8479408,0.0,0.0
Jonathan Broxton,4759,2015,31,-1.9647294,0.0,0.0
Felix Hernandez,4772,2015,29,-1.745025,0.0,0.0
Matt Shoemaker,4776,2015,28,-1.628428,0.0,0.0
Vinnie Pestano,4782,2015,30,-1.8479408,0.0,0.0
Rich Hill,4806,2015,35,-2.5435336,0.0,0.0
Brandon Maurer,4878,2015,24,-1.1968583,0.0,0.29669931530952454
Scott Kazmir,4897,2015,31,-1.8760324,0.0,0.0
Justin De Fratus,4955,2015,27,-1.546136,0.0,0.042947642505168915
Fernando Salas,4971,2015,30,-1.8479408,0.0,0.0
Fernando Abad,4994,2015,29,-1.745025,0.0,0.0
Jake Diekman,5003,2015,28,-1.647728,0.0,0.0
Bo Schultz,5028,2015,29,-1.8184516,0.0,0.0
Dale Thayer,5032,2015,34,-2.3939667,0.0,0.0
Josh Fields,5070,2015,29,-1.7297299,0.0,0.0
Evan Meek,5109,2015,32,-2.0802608,0.0,0.0
Alfredo Aceves,5164,2015,32,-2.097356,0.0,0.0
C.C. Lee,5177,2015,28,-1.628428,0.0,0.0
Ernesto Frieri,5178,2015,29,-1.745025,0.0,0.0
Mike Pelfrey,5203,2015,31,-1.9647294,0.0,0.0
Chris Perez,5213,2015,29,-1.745025,0.0,0.0
Wade LeBlanc,5221,2015,30,-1.8479408,0.0,0.0
Blake Parker,5224,2015,30,-1.8479408,0.0,0.0
Rudy Owens,5226,2015,27,-1.5950122,0.0,0.0
Vin Mazzaro,5231,2015,28,-1.647728,0.0,0.0
Jose Alvarez,5358,2015,26,-1.4277215,0.0,0.09937798976898193
Phillippe Aumont,5362,2015,26,-1.4377729,0.0,0.1586330533027649
Michael Pineda,5372,2015,26,-1.3505045,0.0,0.20660682022571564
Jorge De Leon,5397,2015,27,-1.5308511,0.0,0.0
Pedro Baez,5420,2015,27,-1.5950122,0.0,0.0
Jesse Chavez,5448,2015,31,-1.9647294,0.0,0.0
Arodys Vizcaino,5498,2015,24,-1.1502731,0.0,0.41169607639312744
Dana Eveland,5508,2015,31,-1.9632787,0.0,0.0
Boone Logan,5525,2015,30,-1.8479408,0.0,0.0
Maikel Cleto,5529,2015,26,-1.4377729,0.0,0.1586330533027649
Phil Coke,5535,2015,32,-2.097356,0.0,0.0
Matt Harrison,5551,2015,29,-1.745025,0.0,0.0
Tyler Clippard,5640,2015,30,-1.8479408,0.0,0.0
Brooks Brown,5679,2015,30,-1.9434206,0.0,0.0
Josh Lueke,5722,2015,30,-1.8479408,0.0,0.0
Eric O'Flaherty,5746,2015,30,-1.8479408,0.0,0.0
Jorge Rondon,5791,2015,27,-1.5950122,0.0,0.0
Jason Motte,5861,2015,33,-2.2130523,0.0,0.0
Danny Salazar,5867,2015,25,-1.3151653,0.0,0.19790156185626984
Gonzalez Germen,5876,2015,27,-1.5308511,0.0,0.0
Darin Downs,5903,2015,30,-1.8479408,0.0,0.0
Sean Marshall,5905,2015,32,-2.097356,0.0,0.0
Wesley Wright,5960,2015,30,-1.8479408,0.0,0.0
Jonathan Papelbon,5975,2015,34,-2.3939667,0.0,0.0
Francisley Bueno,5980,2015,34,-2.3939667,0.0,0.0
Kelvin Herrera,6033,2015,25,-1.3242528,0.0,0.2724023759365082
Matt Pagnozzi,6046,2015,32,-1.2605077,0.0,0.0
Joe Wieland,6109,2015,25,-1.2809818,0.0,0.2538265883922577
Juan Jaime,6127,2015,27,-1.5950122,0.0,0.0
Scott Baker,6176,2015,33,-2.1428804,0.0,0.0
Dellin Betances,6216,2015,27,-1.50238,0.0,0.09450569748878479
Tom Gorzelanny,6244,2015,32,-2.097356,0.0,0.0
Scott Feldman,6283,2015,32,-2.097356,0.0,0.0
Esmil Rogers,6317,2015,29,-1.745025,0.0,0.0
Al Alburquerque,6324,2015,29,-1.745025,0.0,0.0
Ryan Feierabend,6336,2015,29,-1.7534525,0.0,0.0963667780160904
Chris Archer,6345,2015,26,-1.2925745,0.0,1.0821053981781006
Henry Rodriguez,6371,2015,28,-1.647728,0.0,0.0
Trevor May,6398,2015,25,-1.3587552,0.0,0.1459912210702896
Jose Cisnero,6399,2015,26,-1.4277215,0.0,0.09937798976898193
Kevin Jepsen,6475,2015,30,-1.8479408,0.0,0.0
Steve Cishek,6483,2015,29,-1.745025,0.0,0.0
Brian Wilson,6485,2015,33,-2.242694,0.0,0.0
Donnie Joseph,6491,2015,27,-1.5308511,0.0,0.0
Blaine Hardy,6499,2015,28,-1.7048396,0.0,0.0
Josh Zeid,6527,2015,28,-1.628428,0.0,0.0
Pat McCoy,6605,2015,26,-1.4809648,0.0,0.052871573716402054
Marc Rzepczynski,6612,2015,29,-1.745025,0.0,0.0
Pedro Figueroa,6616,2015,29,-1.745025,0.0,0.0
Brad Brach,6627,2015,29,-1.745025,0.0,0.0
Carlos Carrasco,6632,2015,28,-1.5943707,0.0,0.0
Jim Henderson,6653,2015,32,-2.097356,0.0,0.0
Craig Kimbrel,6655,2015,27,-1.546136,0.0,0.042947642505168915
Alex Colome,6661,2015,26,-1.4277215,0.0,0.09937798976898193
Luke Putkonen,6736,2015,29,-1.745025,0.0,0.0
Cesar Cabral,6741,2015,26,-1.4277215,0.0,0.09937798976898193
Andrew Miller,6785,2015,30,-1.8479408,0.0,0.0
Sam Freeman,6832,2015,28,-1.647728,0.0,0.0
Jeff Manship,6865,2015,30,-1.8479408,0.0,0.0
Martin Perez,6902,2015,24,-1.2083194,0.0,0.38326728343963623
Joakim Soria,6941,2015,31,-1.8760324,0.0,0.0
Yohan Pino,6955,2015,31,-2.0806248,0.0,0.0
Drew Storen,6983,2015,27,-1.546136,0.0,0.042947642505168915
Luis Garcia,6984,2015,28,-1.628428,0.0,0.0
Ryan Pressly,7005,2015,26,-1.4277215,0.0,0.09937798976898193
Alex Torres,7038,2015,27,-1.50238,0.0,0.09450569748878479
Eric Fornataro,7042,2015,27,-1.5950122,0.0,0.0
Trevor Bell,7074,2015,28,-1.6597897,0.0,0.028143441304564476
John Lannan,7080,2015,30,-1.8479408,0.0,0.0
Jonathan Pettibone,7106,2015,24,-1.1968583,0.0,0.29669931530952454
Daniel Hudson,7146,2015,28,-1.744696,0.0,0.0
Chris Withrow,7161,2015,26,-1.4277215,0.0,0.09937798976898193
Ryan Mattheus,7169,2015,31,-1.9647294,0.0,0.0
B.J. Rosenberg,7183,2015,29,-1.745025,0.0,0.0
Greg Holland,7196,2015,29,-1.745025,0.0,0.0
Nick Masset,7267,2015,33,-2.1922998,0.0,0.0
Brad Ziegler,7293,2015,35,-2.5435336,0.0,0.0
Preston Guilmet,7303,2015,27,-1.5308511,0.0,0.0
Casey Janssen,7355,2015,33,-2.242694,0.0,0.0
Dan Otero,7385,2015,30,-1.8479408,0.0,0.0
Javy Guerra,7407,2015,29,-1.745025,0.0,0.0
J.A. Happ,7410,2015,32,-2.097356,0.0,0.0
Austin Adams,7411,2015,28,-1.7048396,0.0,0.0
Mark Lowe,7416,2015,32,-2.097356,0.0,0.0
Bradin Hagens,7422,2015,26,-1.4809648,0.0,0.052871573716402054
Wade Davis,7441,2015,29,-1.745025,0.0,0.0
Jim Miller,7458,2015,33,-2.242694,0.0,0.0
Anthony Swarzak,7466,2015,29,-1.745025,0.0,0.0
Ryan Webb,7474,2015,29,-1.745025,0.0,0.0
Scott Elbert,7489,2015,29,-1.7598808,0.0,0.0
Tommy Layne,7501,2015,30,-1.8479408,0.0,0.0
Evan Scribner,7525,2015,29,-1.745025,0.0,0.0
Collin McHugh,7531,2015,28,-1.647728,0.0,0.0
Lucas Harrell,7541,2015,30,-1.8479408,0.0,0.0
Jake McGee,7550,2015,28,-1.647728,0.0,0.0
Jarrett Grube,7553,2015,33,-2.3708043,0.0,0.0
Nick Vincent,7555,2015,28,-1.647728,0.0,0.0
Fernando Rodriguez,7558,2015,31,-1.9632787,0.0,0.0
Tommy Milone,7608,2015,28,-1.647728,0.0,0.0
Chris Leroux,7645,2015,31,-1.9647294,0.0,0.0
Neil Ramirez,7677,2015,26,-1.4809648,0.0,0.052871573716402054
Bobby LaFromboise,7758,2015,29,-1.7297299,0.0,0.0
Yoslan Herrera,7759,2015,34,-1.9802699,0.0,0.0
Shawn Kelley,7773,2015,31,-1.9647294,0.0,0.0
Hunter Strickland,7836,2015,26,-1.4809648,0.0,0.052871573716402054
Jerry Blevins,7841,2015,31,-1.9647294,0.0,0.0
Josh Lindblom,7882,2015,28,-1.647728,0.0,0.0
Matt Daley,7952,2015,33,-2.1428804,0.0,0.0
Matt West,7980,2015,26,-1.4809648,0.0,0.052871573716402054
Anthony Bass,7982,2015,27,-1.2271239,0.0,0.19496208429336548
Ramon Ramirez,7986,2015,33,-2.242694,0.0,0.0
Paul Clemens,8037,2015,27,-1.5308511,0.0,0.0
Glen Perkins,8041,2015,32,-2.097356,0.0,0.0
Jason Vargas,8044,2015,32,-2.097356,0.0,0.0
Will Smith,8048,2015,25,-1.3242528,0.0,0.2724023759365082
Dan Jennings,8073,2015,28,-1.647728,0.0,0.0
Stephen Fife,8077,2015,28,-1.647728,0.0,0.0
Bryan Shaw,8110,2015,27,-1.546136,0.0,0.042947642505168915
Neil Wagner,8162,2015,31,-1.8760324,0.0,0.0
Kevin Siegrist,8180,2015,25,-1.3151653,0.0,0.19790156185626984
Steven Wright,8185,2015,30,-1.8459564,0.0,0.0
David Robertson,8241,2015,30,-1.8479408,0.0,0.0
J.P. Howell,8245,2015,32,-2.097356,0.0,0.0
Billy Buckner,8253,2015,31,-1.7998264,0.0,0.0
Huston Street,8258,2015,31,-1.9647294,0.0,0.0
Casey Coleman,8270,2015,27,-1.551728,0.0,0.10129805654287338
Tony Sipp,8280,2015,31,-1.9647294,0.0,0.0
Lucas Luetge,8337,2015,28,-1.647728,0.0,0.0
Jared Burton,8346,2015,34,-2.3939667,0.0,0.0
AJ Ramos,8350,2015,28,-1.647728,0.0,0.0
Troy Patton,8368,2015,29,-1.745025,0.0,0.0
Steve Geltz,8402,2015,27,-1.4782308,0.0,0.045240722596645355
Alfredo Figaro,8404,2015,30,-1.7071478,0.0,0.0
Bryan Price,8436,2015,28,-1.7048396,0.0,0.0
Danny Farquhar,8501,2015,28,-1.5943707,0.0,0.0
Jeff Beliveau,8504,2015,28,-1.647728,0.0,0.0
Michael Kohn,8505,2015,29,-1.6807373,0.0,0.0
Rob Wooten,8532,2015,29,-1.7297299,0.0,0.0
Justin Miller,8580,2015,28,-1.7048396,0.0,0.0
Dustin McGowan,8600,2015,33,-2.1428804,0.0,0.0
Wilking Rodriguez,8801,2015,25,-1.3587552,0.0,0.1459912210702896
Ryan Cook,8855,2015,28,-1.647728,0.0,0.0
David Martinez,8893,2015,27,-1.5308511,0.0,0.0
Arquimedes Caminero,8992,2015,28,-1.628428,0.0,0.0
Adam Warren,9029,2015,27,-1.546136,0.0,0.042947642505168915
John Axford,9059,2015,32,-2.097356,0.0,0.0
Kirby Yates,9073,2015,28,-1.7048396,0.0,0.0
Zach Putnam,9080,2015,27,-1.546136,0.0,0.042947642505168915
T.J. House,9121,2015,25,-1.3587552,0.0,0.1459912210702896
Charlie Leesman,9124,2015,28,-1.628428,0.0,0.0
Sean O'Sullivan,9137,2015,27,-1.50238,0.0,0.09450569748878479
Lester Oliveros,9167,2015,27,-1.551728,0.0,0.10129805654287338
Kyle Lobstein,9178,2015,25,-1.3587552,0.0,0.1459912210702896
Vic Black,9195,2015,27,-1.5308511,0.0,0.0
Koji Uehara,9227,2015,40,-3.1803668,0.0,0.0
Alex Wilson,9239,2015,28,-1.628428,0.0,0.0
David Carpenter,9244,2015,27,-1.546136,0.0,0.042947642505168915
Ryan Dennick,9261,2015,28,-1.7048396,0.0,0.0
Rob Scahill,9286,2015,28,-1.647728,0.0,0.0
Dylan Axelrod,9303,2015,29,-1.745025,0.0,0.0
Jared Hughes,9325,2015,29,-1.745025,0.0,0.0
Brandon Morrow,9346,2015,30,-1.8479408,0.0,0.0
Josh Tomlin,9388,2015,30,-1.8479408,0.0,0.0
John Holdzkom,9392,2015,27,-1.5950122,0.0,0.0
Zac Rosscup,9419,2015,27,-1.5308511,0.0,0.0
Ryan Buchter,9456,2015,28,-1.7048396,0.0,0.0
George Kontos,9486,2015,30,-1.8479408,0.0,0.0
Phil Irwin,9489,2015,28,-1.628428,0.0,0.0
Jeremy Jeffress,9490,2015,27,-1.546136,0.0,0.042947642505168915
Jose Ortega,9651,2015,26,-1.4377729,0.0,0.1586330533027649
Louis Coleman,9720,2015,29,-1.745025,0.0,0.0
Burke Badenhop,9736,2015,32,-2.097356,0.0,0.0
Rex Brothers,9794,2015,27,-1.546136,0.0,0.042947642505168915
Miles Mikolas,9803,2015,26,-1.4377729,0.0,0.1586330533027649
Sergio Romo,9817,2015,32,-2.097356,0.0,0.0
Chaz Roe,9866,2015,28,-1.628428,0.0,0.0
Bryan Anderson,9871,2015,28,-25.40442,0.0,0.0
Michael Kirkman,9877,2015,28,-1.647728,0.0,0.0
Chris Rusin,9895,2015,28,-1.647728,0.0,0.0
Bobby Parnell,9926,2015,30,-1.8479408,0.0,0.0
Brandon Kintzler,9939,2015,30,-1.8479408,0.0,0.0
Todd Redmond,9943,2015,30,-1.8479408,0.0,0.0
Mike Dunn,9948,2015,30,-1.8479408,0.0,0.0
Tom Wilhelmsen,9975,2015,31,-1.9647294,0.0,0.0
Taylor Thompson,10019,2015,28,-1.7048396,0.0,0.0
Ian Krol,10066,2015,24,-1.1968583,0.0,0.29669931530952454
Caleb Thielbar,10078,2015,28,-1.628428,0.0,0.0
Keith Butler,10080,2015,26,-1.4277215,0.0,0.09937798976898193
Dane de la Rosa,10095,2015,32,-2.097356,0.0,0.0
Brad Boxberger,10133,2015,27,-1.546136,0.0,0.042947642505168915
Aaron Crow,10149,2015,28,-1.647728,0.0,0.0
Jose Ramirez,10171,2015,25,-1.3587552,0.0,0.1459912210702896
Melvin Mercedes,10181,2015,24,-1.230931,0.0,0.24054792523384094
Tyler Skaggs,10190,2015,23,-1.0933915,0.0,0.4906124770641327
Aroldis Chapman,10233,2015,27,-1.546136,0.0,0.042947642505168915
Bryan Morris,10234,2015,28,-1.647728,0.0,0.0
Alexi Ogando,10261,2015,31,-1.9647294,0.0,0.0
Justin Marks,10265,2015,27,-1.5950122,0.0,0.0
Tanner Scheppers,10267,2015,28,-1.647728,0.0,0.0
Chris Heston,10302,2015,27,-1.5950122,0.0,0.0
Roman Mendez,10307,2015,24,-1.230931,0.0,0.24054792523384094
Erasmo Ramirez,10314,2015,25,-1.3242528,0.0,0.2724023759365082
Michael Tonkin,10315,2015,25,-1.3151653,0.0,0.19790156185626984
Chad Jenkins,10326,2015,27,-1.546136,0.0,0.042947642505168915
Nick Christiani,10332,2015,27,-1.5308511,0.0,0.0
Edwin Escobar,10337,2015,23,-1.103432,0.0,0.33640938997268677
Aaron Loup,10343,2015,27,-1.546136,0.0,0.042947642505168915
Carlos Contreras,10386,2015,24,-1.230931,0.0,0.24054792523384094
Wilfredo Tovar,10416,2015,23,-3.0985484,0.0,1.3555080890655518
Shawn Tolleson,10481,2015,27,-1.546136,0.0,0.042947642505168915
Yoervis Medina,10498,2015,26,-1.4277215,0.0,0.09937798976898193
Preston Claiborne,10500,2015,27,-1.5308511,0.0,0.0
Mario Hollands,10504,2015,26,-1.4809648,0.0,0.052871573716402054
Jake Petricka,10534,2015,27,-1.5308511,0.0,0.0
Daniel Webb,10558,2015,25,-1.3151653,0.0,0.19790156185626984
Addison Reed,10586,2015,26,-1.4377729,0.0,0.1586330533027649
Chad Bettis,10587,2015,26,-1.4277215,0.0,0.09937798976898193
Chris Sale,10603,2015,26,-1.4377729,0.0,0.1586330533027649
Seth Rosin,10606,2015,26,-1.4809648,0.0,0.052871573716402054
Stephen Pryor,10663,2015,25,-1.3242528,0.0,0.2724023759365082
Red Patterson,10710,2015,28,-1.7048396,0.0,0.0
Trevor Rosenthal,10745,2015,25,-1.3242528,0.0,0.2724023759365082
Shane Greene,10756,2015,26,-1.4809648,0.0,0.052871573716402054
Josh Edgin,10796,2015,28,-1.647728,0.0,0.0
Jake Dunning,10803,2015,26,-1.4277215,0.0,0.09937798976898193
Mike Foltynewicz,10811,2015,23,-1.103432,0.0,0.33640938997268677
Michael Mariot,10835,2015,26,-1.4809648,0.0,0.052871573716402054
Chasen Shreve,10855,2015,24,-1.230931,0.0,0.24054792523384094
Jake Buchanan,10962,2015,25,-1.3587552,0.0,0.1459912210702896
Ben Rowen,10983,2015,26,-1.4809648,0.0,0.052871573716402054
C.J. Riefenhauser,11193,2015,25,-1.3587552,0.0,0.1459912210702896
Casey Sadler,11209,2015,24,-1.230931,0.0,0.24054792523384094
Kevin Chapman,11240,2015,27,-1.5308511,0.0,0.0
Aaron Barrett,11243,2015,27,-1.5950122,0.0,0.0
Rob Rasmussen,11250,2015,26,-1.4809648,0.0,0.052871573716402054
Logan Darnell,11261,2015,26,-1.4809648,0.0,0.052871573716402054
Lisalverto Bonilla,11266,2015,25,-1.3587552,0.0,0.1459912210702896
Sean Nolin,11341,2015,25,-1.3151653,0.0,0.19790156185626984
A.J. Achter,11387,2015,26,-1.4809648,0.0,0.052871573716402054
Drew Pomeranz,11426,2015,26,-1.4377729,0.0,0.1586330533027649
Brandon Workman,11428,2015,26,-1.4277215,0.0,0.09937798976898193
Bryan Mitchell,11479,2015,24,-1.230931,0.0,0.24054792523384094
Aaron Sanchez,11490,2015,22,-0.9814662,0.0,0.4333460330963135
Jose Dominguez,11571,2015,24,-1.1968583,0.0,0.29669931530952454
Mike Kickham,11618,2015,26,-1.4277215,0.0,0.09937798976898193
Heath Hembree,11632,2015,26,-1.4277215,0.0,0.09937798976898193
Sam Dyson,11710,2015,27,-1.546136,0.0,0.042947642505168915
Erik Goeddel,11712,2015,26,-1.4809648,0.0,0.052871573716402054
Justin Grimm,11720,2015,26,-1.4377729,0.0,0.1586330533027649
Kyle Ryan,11753,2015,23,-1.103432,0.0,0.33640938997268677
Drew Smyly,11760,2015,26,-1.4377729,0.0,0.1586330533027649
Hector Neris,11804,2015,26,-1.4809648,0.0,0.052871573716402054
Steve Delabar,11827,2015,31,-1.9647294,0.0,0.0
James Paxton,11828,2015,26,-1.4277215,0.0,0.09937798976898193
Taijuan Walker,11836,2015,22,-0.9619305,0.0,0.491549015045166
Chris Martin,11847,2015,29,-1.8184516,0.0,0.0
Brett Bochy,11867,2015,27,-1.5950122,0.0,0.0
Scott Snodgress,12020,2015,25,-1.3587552,0.0,0.1459912210702896
Brian Flynn,12027,2015,25,-1.3151653,0.0,0.19790156185626984
Yimi Garcia,12095,2015,24,-1.230931,0.0,0.24054792523384094
Matt Stites,12165,2015,25,-1.3587552,0.0,0.1459912210702896
Cody Allen,12183,2015,26,-1.4377729,0.0,0.1586330533027649
Aaron Brooks,12272,2015,25,-1.3587552,0.0,0.1459912210702896
Leonel Campos,12277,2015,27,-1.5950122,0.0,0.0
Evan Marshall,12297,2015,25,-1.3587552,0.0,0.1459912210702896
Chris Bassitt,12304,2015,26,-1.4809648,0.0,0.052871573716402054
Kevin Quackenbush,12360,2015,26,-1.4809648,0.0,0.052871573716402054
Spencer Patton,12361,2015,27,-1.5950122,0.0,0.0
Drew Rucinski,12499,2015,26,-1.4809648,0.0,0.052871573716402054
Erik Johnson,12520,2015,25,-1.3151653,0.0,0.19790156185626984
Nick Maronde,12530,2015,25,-1.3242528,0.0,0.2724023759365082
Nathan Karns,12638,2015,27,-1.5308511,0.0,0.0
Roenis Elias,12673,2015,26,-1.4809648,0.0,0.052871573716402054
Phil Klein,12675,2015,26,-1.4809648,0.0,0.052871573716402054
Trevor Bauer,12703,2015,24,-1.2083194,0.0,0.38326728343963623
Nick Martinez,12730,2015,24,-1.230931,0.0,0.24054792523384094
Sonny Gray,12768,2015,25,-1.3151653,0.0,0.19790156185626984
Jairo Diaz,12774,2015,24,-1.230931,0.0,0.24054792523384094
Carter Capps,12803,2015,24,-1.2083194,0.0,0.38326728343963623
Matt Barnes,12863,2015,25,-1.3587552,0.0,0.1459912210702896
Alex Claudio,12890,2015,23,-1.103432,0.0,0.33640938997268677
Ken Giles,12910,2015,24,-1.230931,0.0,0.24054792523384094
Wei-Yin Chen,13071,2015,29,-1.745025,0.0,0.0
Frank Garces,13144,2015,25,-1.3587552,0.0,0.1459912210702896
Carson Smith,13172,2015,25,-1.3587552,0.0,0.1459912210702896
Danny Coulombe,13293,2015,25,-1.3587552,0.0,0.1459912210702896
Cam Bedrosian,13360,2015,23,-1.103432,0.0,0.33640938997268677
Paco Rodriguez,13398,2015,24,-1.2083194,0.0,0.38326728343963623
R.J. Alvarez,13401,2015,24,-1.230931,0.0,0.24054792523384094
Drew VerHagen,13424,2015,24,-1.230931,0.0,0.24054792523384094
Marcus Stroman,13431,2015,24,-1.230931,0.0,0.24054792523384094
Mike Morin,13442,2015,24,-1.230931,0.0,0.24054792523384094
Daniel Norris,13475,2015,22,-0.9814662,0.0,0.4333460330963135
Sam Tuivailala,13485,2015,22,-0.9814662,0.0,0.4333460330963135
Chad Smith,13604,2015,25,-1.3587552,0.0,0.1459912210702896
Michael Roth,13736,2015,25,-1.3151653,0.0,0.19790156185626984
Dominic Leone,13763,2015,23,-1.103432,0.0,0.33640938997268677
Ian Thomas,13881,2015,28,-1.7048396,0.0,0.0
Kevin Gausman,14107,2015,24,-1.1968583,0.0,0.29669931530952454
Shae Simmons,14200,2015,24,-1.230931,0.0,0.24054792523384094
Dario Alvarez,14239,2015,26,-1.4809648,0.0,0.052871573716402054
Wei-Chung Wang,14382,2015,23,-1.103432,0.0,0.33640938997268677
Kyuji Fujikawa,14443,2015,34,-2.424764,0.0,0.0
Buck Farmer,14814,2015,24,-1.230931,0.0,0.24054792523384094
Corey Knebel,15010,2015,23,-1.103432,0.0,0.33640938997268677
Kyle Crockett,15033,2015,23,-1.103432,0.0,0.33640938997268677
Kendall Graveman,15514,2015,24,-1.230931,0.0,0.24054792523384094
Miguel Gonzalez,15675,2015,28,-1.7048396,0.0,0.0
Brandon Finnegan,16208,2015,22,-0.9814662,0.0,0.4333460330963135
Jeff Baker,2073,2015,34,-4.898356,0.0,0.0
Zach Walters,10622,2015,25,-1.5929173,0.0,0.500659167766571
Geovany Soto,3707,2015,32,-9.828046,0.0,0.0
Brad Snyder,6052,2015,33,-15.549007,0.0,0.0
Xavier Nady,1658,2015,36,-7.352215,0.0,0.0
Michael A. Taylor,11489,2015,24,-3.1580384,0.0,10.014668464660645
Adam Moore,9362,2015,31,-7.3566427,0.0,0.0
Steve Clevenger,9542,2015,29,-5.8074965,0.0,0.0
Steven Souza Jr.,5667,2015,26,-3.6431506,0.0,0.0
Dan Butler,9968,2015,28,-3.8534393,0.0,0.0
J.T. Realmuto,11739,2015,24,-3.9149926,0.0,0.08759696036577225
Xavier Scruggs,7409,2015,27,-6.6519794,0.0,0.0
Andy Marte,3203,2015,31,1.5822526,0.0,0.3155691921710968
Tuffy Gosewisch,5277,2015,31,-5.2139435,0.0,0.0
Austin Romine,5491,2015,26,-3.618378,0.0,0.0
Carlos Triunfel,193,2015,25,-1.0274247,0.0,0.4082241654396057
Justin Sellers,4006,2015,29,-0.46570352,0.0,2.3554234504699707
Vince Belnome,8126,2015,27,-1.5950122,0.0,0.0
Curt Casali,12510,2015,26,-3.0510392,0.0,0.0
Raffy Lopez,12606,2015,27,-1.5950122,0.0,0.0
Jake Elmore,7290,2015,28,1.1004308,0.0,1.3545101881027222
Luis Jimenez,6341,2015,27,0.676902,0.0,1.8704843521118164
Danny Worth,198,2015,29,-0.7854751,0.0,1.982591152191162
Jorge De La Rosa,2047,2015,34,-2.3939667,0.0,0.0
Alfredo Simon,2155,2015,34,-2.3939667,0.0,0.0
Johnny Cueto,6893,2015,29,-1.745025,0.0,0.0
Franklin Morales,5088,2015,29,-1.745025,0.0,0.0
Brandon McCarthy,4662,2015,31,-1.9647294,0.0,0.0
Kyle Lohse,739,2015,36,-2.6876466,0.0,0.0
Ervin Santana,3200,2015,32,-2.097356,0.0,0.0
Gio Gonzalez,7448,2015,29,-1.745025,0.0,0.0
Jeff Locke,2929,2015,27,-1.546136,0.0,0.042947642505168915
Francisco Liriano,3201,2015,31,-1.9647294,0.0,0.0
Trevor Cahill,6249,2015,27,-1.546136,0.0,0.042947642505168915
Yohan Flande,5057,2015,29,-1.8184516,0.0,0.0
Mat Latos,3815,2015,27,-1.6325489,0.0,0.035455476492643356
Gavin Floyd,3886,2015,32,-2.097356,0.0,0.0
Tim Lincecum,5705,2015,31,-1.9647294,0.0,0.0
Mike Bolsinger,11137,2015,27,-1.5950122,0.0,0.0
Brett Jackson,9632,2015,26,-1.0379806,0.0,1.4070628881454468
Tyler Chatwood,4338,2015,25,-1.3242528,0.0,0.2724023759365082
Jesse Hahn,13287,2015,25,-1.3587552,0.0,0.1459912210702896
Joey Butler,7799,2015,29,-0.5494863,0.0,0.02847580797970295
Vidal Nuno,9674,2015,27,-1.5308511,0.0,0.0
Tsuyoshi Wada,13046,2015,34,-2.5115366,0.0,0.0
Mike Baxter,4464,2015,30,-4.7703624,0.0,0.0
David Hale,9756,2015,27,-1.5308511,0.0,0.0
Jamey Wright,715,2015,40,-3.1803668,0.0,0.0
R.A. Dickey,1245,2015,40,-3.2496448,0.0,0.0
Rick Porcello,2717,2015,26,-1.4377729,0.0,0.1586330533027649
Danny Duffy,3542,2015,26,-1.4377729,0.0,0.1586330533027649
Carlos Frias,3547,2015,25,-1.3587552,0.0,0.1459912210702896
Jon Lester,4930,2015,31,-1.9647294,0.0,0.0
Tony Abreu,5053,2015,30,-16.435707,0.0,0.0
Chris Tillman,5279,2015,27,-1.546136,0.0,0.042947642505168915
Brad Peacock,5401,2015,27,-1.50238,0.0,0.09450569748878479
Jair Jurrjens,5556,2015,29,-26.7886,0.0,66.97044372558594
David Phelps,6316,2015,28,-1.647728,0.0,0.0
Stolmy Pimentel,6415,2015,25,-1.3151653,0.0,0.19790156185626984
Chase d'Arnaud,6652,2015,28,-11.223749,0.0,31.624847412109375
Miguel Gonzalez,7024,2015,31,-1.9647294,0.0,0.0
Phil Hughes,7450,2015,29,-1.745025,0.0,0.0
Carlos Torres,7624,2015,32,-2.097356,0.0,0.0
David Holmberg,7725,2015,23,-1.0770253,0.0,0.39411818981170654
Matt Hague,7772,2015,29,-16.067757,0.0,0.0
Jaff Decker,7945,2015,25,-1.2577918,0.0,1.4442168474197388
Guillermo Quiroz,7989,2015,33,-3.7406788,0.0,0.0
Nick Greenwood,8182,2015,27,-1.5950122,0.0,0.0
Cord Phelps,8631,2015,28,-6.8845367,0.0,0.0
Ali Solis,8848,2015,27,-1.4782308,0.0,0.045240722596645355
Garrett Richards,9784,2015,27,-1.546136,0.0,0.042947642505168915
Kevin Slowey,9918,2015,31,-1.8760324,0.0,0.0
Eric Jokisch,11157,2015,25,-1.3587552,0.0,0.1459912210702896
Aaron Altherr,11270,2015,24,-1.230931,0.0,0.24054792523384094
Tommy Kahnle,11384,2015,25,-1.3587552,0.0,0.1459912210702896
Jose Quintana,11423,2015,26,-1.4377729,0.0,0.1586330533027649
Anthony Ranaudo,11424,2015,25,-1.3587552,0.0,0.1459912210702896
Rafael Montero,12760,2015,24,-1.230931,0.0,0.24054792523384094
Eddie Butler,13453,2015,24,-1.230931,0.0,0.24054792523384094
Matthew Clark,8793,2015,28,-2.7149773,0.0,0.0
C.J. Cron,12546,2015,25,-7.1487255,0.0,0.001629147445783019
Kurt Suzuki,8259,2015,31,-4.5459485,0.0,0.0
Ryan Howard,2154,2015,35,-5.766529,0.0,0.0
Lyle Overbay,1617,2015,38,-4.2125726,0.0,0.3732365667819977
Grant Green,10053,2015,27,-1.4496528,0.0,6.88153600692749
Justin Smoak,9054,2015,28,-4.4038596,0.0,0.8222874402999878
Donnie Murphy,4704,2015,32,-1.1985145,0.0,1.0642189979553223
Jerry Sands,4016,2015,27,-4.3705106,0.0,0.19466717541217804
Koyie Hill,1829,2015,36,-2.275806,0.0,0.0
Zelous Wheeler,8822,2015,28,-3.3216555,0.0,0.0
Omar Quintanilla,6335,2015,33,-3.3982024,0.0,0.0
Yorman Rodriguez,9922,2015,22,2.2522266,0.0,5.843729496002197
Jack Hannahan,3692,2015,35,-4.013305,0.0,0.0
John McDonald,395,2015,40,-3.975634,0.0,0.6586920619010925
Taylor Teagarden,5199,2015,31,-3.4948163,0.0,0.03289060667157173
Sandy Leon,5273,2015,26,-3.7910457,0.0,0.4980121850967407
Jason Rogers,11773,2015,27,-1.5950122,0.0,0.0
Brooks Conrad,3664,2015,35,0.70493776,0.0,0.0
Guilder Rodriguez,3412,2015,31,0.026319586,0.0,0.0
Ryan Roberts,5653,2015,34,-7.120264,0.0,0.0
Marco Scutaro,1555,2015,39,-1.4458115,0.0,0.46815192699432373
Yovani Gallardo,8173,2015,29,-1.745025,0.0,0.0
Tanner Roark,8753,2015,28,-1.628428,0.0,0.0
Julio Teheran,6797,2015,24,-1.2083194,0.0,0.38326728343963623
Lance Lynn,2520,2015,28,-1.647728,0.0,0.0
Eric Stults,8011,2015,35,-2.5435336,0.0,0.0
Zack Wheeler,10310,2015,25,-1.3151653,0.0,0.19790156185626984
Alex Wood,13781,2015,24,-1.1968583,0.0,0.29669931530952454
Vance Worley,6435,2015,27,-1.546136,0.0,0.042947642505168915
Juan Nicasio,7731,2015,28,-1.647728,0.0,0.0
Cristhian Adames,6013,2015,23,-3.2700984,0.0,0.20849579572677612
Yusmeiro Petit,4020,2015,30,-1.8479408,0.0,0.0
Mike Fiers,7754,2015,30,-1.8479408,0.0,0.0
Christian Bergman,10925,2015,27,-1.5950122,0.0,0.0
Ronny Cedeno,2179,2015,32,-2.0445273,0.0,0.2603742480278015
Carlos Villanueva,4138,2015,31,-1.9647294,0.0,0.0
Jenrry Mejia,8476,2015,25,-1.3242528,0.0,0.2724023759365082
Ryan Lavarnway,8879,2015,27,-4.0867987,0.0,0.12955307960510254
Dan Johnson,2167,2015,35,-8.99346,0.0,0.0
Ryan Wheeler,9312,2015,26,-2.1225462,0.0,0.30843889713287354
Andrew Brown,3837,2015,30,-3.4461846,0.0,0.0
Miguel Olivo,1638,2015,36,-8.92946,0.0,0.3032190799713135
Juan Centeno,7168,2015,25,-10.546719,0.0,0.0
Caleb Gindl,5002,2015,26,-2.4142501,0.0,0.25974857807159424
Andrew Cashner,8782,2015,28,-0.8619693,0.0,0.0
Kyle Parker,11763,2015,25,-0.4333463,0.0,0.23453505337238312
Jeff Francoeur,4792,2015,31,2.3642068,0.0,1.3625354766845703
Xavier Paul,5963,2015,30,-2.6840994,0.0,0.3455107510089874
Jamie Romak,5552,2015,29,-1.8184516,0.0,0.0
Nathan Eovaldi,9132,2015,25,-1.3242528,0.0,0.2724023759365082
Brad Glenn,7392,2015,28,-4.1533637,0.0,0.0
Doug Fister,9425,2015,31,-1.9647294,0.0,0.0
Roberto Hernandez,3273,2015,34,-2.3939667,0.0,0.0
Matt Garza,3340,2015,31,-1.9647294,0.0,0.0
Tim Hudson,921,2015,39,-3.1554937,0.0,0.0
Charlie Morton,4676,2015,31,-1.9647294,0.0,0.0
Dillon Gee,7396,2015,29,-1.745025,0.0,0.0
Brad Hand,9111,2015,25,-1.3242528,0.0,0.2724023759365082
Michael Wacha,14078,2015,23,-1.0770253,0.0,0.39411818981170654
Odrisamer Despaigne,16017,2015,28,-1.7048396,0.0,0.0
Jake Peavy,1051,2015,34,-2.3939667,0.0,0.0
Prince Fielder,4613,2015,31,-8.840012,0.0,0.0
Ryan Ludwick,1260,2015,36,-5.670461,0.0,0.23072680830955505
Josh Thole,9689,2015,28,-4.3916025,0.0,2.3491556644439697
John Buck,2041,2015,34,-2.1388505,0.0,0.0
Alex Gonzalez,520,2015,38,-7.045242,0.0,0.0423642098903656
Josh Satin,6788,2015,30,-5.105146,0.0,0.0
Michael Martinez,7358,2015,32,-2.662517,0.0,0.0
Tim Federowicz,8609,2015,27,-1.3988578,0.0,1.0582181215286255
Chris Dominguez,9718,2015,28,-10.779214,0.0,0.0
Aaron Harang,1451,2015,37,-2.824191,0.0,0.0
Wily Peralta,7738,2015,26,-1.4377729,0.0,0.1586330533027649
Tom Koehler,6570,2015,29,-1.745025,0.0,0.0
Edinson Volquez,3990,2015,31,-1.9647294,0.0,0.0
Chase Anderson,6895,2015,27,-1.5950122,0.0,0.0
Josmil Pinto,6806,2015,26,-4.235823,0.0,0.9351050853729248
Billy Butler,7399,2015,29,-7.02501,0.0,0.0
Mitch Moreland,3086,2015,29,-6.023552,0.0,0.0
Adrian Nieto,10294,2015,25,-3.8830893,0.0,1.5116113424301147
Reed Johnson,1702,2015,38,-2.9242778,0.0,0.4506051242351532
Kevin Frandsen,7528,2015,33,-3.2967412,0.0,0.0
Mike Olt,10698,2015,26,-2.2390716,0.0,2.5103073120117188
Jason Giambi,818,2015,44,-5.346691,0.0,0.0
Nick Ahmed,12147,2015,25,-0.32908168,0.0,2.114692211151123
Juan Perez,5371,2015,28,-1.2430454,0.0,1.212855577468872
Cameron Rupp,11146,2015,26,-7.4900317,0.0,0.0
Daric Barton,5928,2015,29,-1.0388949,0.0,0.0
Greg Dobbs,2158,2015,36,-3.847412,0.0,0.0
Chris Colabello,13051,2015,31,-1.2512739,0.0,1.4158462285995483
Cody Ross,1760,2015,34,-1.452644,0.0,0.21186648309230804
J.P. Arencibia,697,2015,29,-3.2025528,0.0,0.0
Marc Krauss,7577,2015,27,-4.7844996,0.0,0.0
Carlos Quentin,6274,2015,32,-4.9963217,0.0,0.0
Scott Hairston,1926,2015,35,-1.9786661,0.0,0.0
Mike Carp,7480,2015,29,-3.019119,0.0,0.6379339694976807
Ryan Goins,9807,2015,27,-3.988813,0.0,0.9712205529212952
Jesus Aguilar,11342,2015,25,-4.3897643,0.0,0.0
Bartolo Colon,375,2015,42,-3.3860424,0.0,0.0
Ryan Doumit,2113,2015,34,-3.1014187,0.0,0.05239175632596016
Brendan Ryan,6073,2015,33,-0.9378335,0.0,1.359330654144287
Jeff Bianchi,9958,2015,28,-2.2943704,0.0,0.41499820351600647
Stephen Drew,4251,2015,32,-3.6686413,0.0,0.569949746131897
Justin Maxwell,6827,2015,31,1.9585096,0.0,2.304602861404419
Dayan Viciedo,3917,2015,26,-3.990548,0.0,1.0851579904556274
Oscar Taveras,11173,2015,23,-5.348243,0.0,1.371469497680664
Dan Uggla,3442,2015,35,-0.9253845,0.0,0.19633139669895172
Paul Konerko,242,2015,39,-6.1807246,0.0,0.0
Jordan Pacheco,2677,2015,29,-3.7082908,0.0,0.0
John Baker,4756,2015,34,-4.9781256,0.0,0.0
Brett Hayes,4293,2015,31,-1.4920639,0.0,0.0736248716711998
Stefen Romero,11746,2015,26,-0.19321102,0.0,2.3868746757507324
A.J. Pierzynski,746,2015,38,-6.3235135,0.0,0.0
Matt Dominguez,4903,2015,25,-6.082265,0.0,0.9129522442817688
Alberto Callaspo,3336,2015,32,-5.393089,0.0,0.0
Ryan Raburn,2218,2015,34,-3.4527202,0.0,0.0
Tony Cruz,2802,2015,28,-4.267848,0.0,2.9874308109283447
Kendrys Morales,8610,2015,32,-6.3830657,0.0,0.0
Allen Craig,3433,2015,30,-6.531009,0.0,0.3972218334674835
Gerald Laird,1698,2015,35,-4.715062,0.0,0.0
Nick Swisher,4599,2015,34,-2.8576405,0.0,0.0
A.J. Ellis,5677,2015,34,-10.209924,0.0,0.0
Jarrod Saltalamacchia,5557,2015,30,-1.5090876,0.0,0.3136315941810608
Michael Choice,11376,2015,25,-4.2119164,0.0,0.10872486978769302
Dee Strange-Gordon,8203,2016,28,12.157732,61.749542236328125,17.23758316040039
Billy Hamilton,10199,2016,25,9.233169,61.311344146728516,18.10236930847168
Terrance Gore,13658,2016,25,17.406572,56.9274787902832,7.676965236663818
Starling Marte,9241,2016,27,10.1258,51.38792037963867,10.852738380432129
Rusney Castillo,17016,2016,28,26.2192,48.539188385009766,4.085657596588135
Jordan Schafer,9883,2016,29,9.035497,44.37772750854492,10.92015552520752
Ben Revere,4712,2016,28,8.286416,43.71775817871094,13.879305839538574
Antoan Richardson,209,2016,32,11.828812,42.94184112548828,6.033153057098389
Billy Burns,12701,2016,26,4.6758194,42.18276596069336,12.538490295410156
Jonathan Villar,10071,2016,25,8.646974,40.196685791015625,11.201228141784668
Emilio Bonifacio,4054,2016,31,8.75514,39.114540100097656,9.482827186584473
Leonys Martin,11846,2016,28,8.4477625,36.915313720703125,9.641616821289062
Eric Young Jr.,7158,2016,31,7.754336,36.719093322753906,8.517007827758789
James Jones,9767,2016,27,10.389444,36.4129753112793,7.81591272354126
Danny Santana,10322,2016,25,9.241764,36.24441909790039,9.271739959716797
Cory Spangenberg,12294,2016,25,4.5259123,35.726097106933594,11.60351848602295
Jarrod Dyson,4866,2016,31,7.0857096,35.392887115478516,7.658411502838135
Everth Cabrera,8155,2016,29,4.279459,34.75189208984375,10.538183212280273
Gregory Polanco,12907,2016,24,9.240376,34.53752136230469,9.539127349853516
Carlos Gomez,4881,2016,30,4.605056,34.0233039855957,9.396018028259277
Jacoby Ellsbury,4727,2016,32,7.3305163,33.2750358581543,7.637639045715332
Jean Segura,5933,2016,26,5.6878533,33.09564208984375,9.625946998596191
Jose Altuve,5417,2016,26,3.934275,32.092201232910156,9.518104553222656
Eury Perez,10299,2016,26,10.487314,31.695880889892578,7.54152250289917
Mookie Betts,13611,2016,23,8.672564,31.463088989257812,9.321817398071289
Rajai Davis,3708,2016,35,6.710469,30.962656021118164,8.53822135925293
Kolten Wong,12532,2016,25,6.881855,29.99180793762207,8.469063758850098
Alcides Escobar,6310,2016,29,6.4660163,29.0737247467041,7.610053062438965
Craig Gentry,9571,2016,32,8.664435,28.988889694213867,7.540253639221191
Shawn O'Malley,9629,2016,28,9.508234,28.704286575317383,5.859920501708984
Elvis Andrus,8709,2016,27,5.0024405,28.47526741027832,9.363201141357422
Matt den Dekker,11385,2016,28,9.167216,28.02900505065918,7.566407680511475
Christian Yelich,11477,2016,24,5.5886383,27.922510147094727,8.730940818786621
Carl Crawford,1201,2016,34,5.230406,27.867124557495117,7.570338726043701
Jason Kipnis,9776,2016,29,6.3371463,27.825075149536133,7.877536773681641
Jose Reyes,1736,2016,33,4.8421297,27.479421615600586,9.173927307128906
Arismendy Alcantara,10711,2016,24,7.4485116,26.303030014038086,9.513757705688477
Lorenzo Cain,9077,2016,30,4.590251,26.267621994018555,8.030583381652832
Jake Marisnick,11339,2016,25,4.3244615,25.80633544921875,8.30327033996582
Brett Gardner,9927,2016,32,5.48889,25.54779052734375,7.746273994445801
Anthony Gose,5097,2016,25,3.7633693,25.304916381835938,8.537544250488281
Angel Pagan,2918,2016,34,3.9798748,25.2122745513916,7.599011421203613
Mike Trout,10155,2016,24,7.541264,25.173011779785156,6.646982669830322
Tony Campana,4964,2016,30,6.8883348,24.89286994934082,6.189104080200195
Charlie Blackmon,7859,2016,29,4.135637,24.738723754882812,7.737253189086914
Denard Span,8347,2016,32,4.0435243,24.66118812561035,7.481492042541504
Drew Stubbs,9328,2016,31,6.2218285,24.452497482299805,6.179233551025391
Leury Garcia,5913,2016,25,5.693371,24.413862228393555,6.806430339813232
Pedro Ciriaco,5278,2016,30,7.6727686,24.24370002746582,6.088897228240967
Desmond Jennings,1965,2016,29,5.084862,23.929792404174805,7.559587478637695
Coco Crisp,1572,2016,36,4.315034,23.665372848510742,6.663281440734863
Jimmy Rollins,971,2016,37,2.3454242,23.446819305419922,7.462886810302734
Jose Ramirez,13510,2016,23,6.04644,23.43947410583496,6.695611953735352
Andrew McCutchen,9847,2016,29,5.5479994,23.344951629638672,6.775367259979248
A.J. Pollock,9256,2016,28,3.498648,23.3075008392334,7.505055904388428
Michael Bourn,6387,2016,33,2.3389428,23.050554275512695,6.3974714279174805
Pedro Florimon,8385,2016,29,5.4537754,22.889724731445312,6.340962886810303
Alejandro De Aza,3371,2016,32,1.0376427,22.291526794433594,7.396670341491699
Eduardo Nunez,6848,2016,29,4.3755336,22.0416202545166,6.997508525848389
Chris Getz,3388,2016,32,1.9280535,21.769977569580078,6.503896713256836
Chris Taylor,13757,2016,25,5.498291,21.7628116607666,7.36256742477417
Sam Fuld,8254,2016,34,3.1270578,21.15440559387207,6.338534355163574
Ian Desmond,6885,2016,30,3.4771972,21.096248626708984,6.739897727966309
Dexter Fowler,4062,2016,30,5.8478,20.687448501586914,6.0858612060546875
Michael Brantley,4106,2016,29,4.6499953,20.347150802612305,5.785772800445557
Jimmy Paredes,5481,2016,27,5.118717,20.106395721435547,6.858270645141602
Jason Heyward,4940,2016,26,3.8573549,20.102073669433594,6.494447231292725
Anthony Rendon,12861,2016,26,5.7273026,20.001171112060547,5.79520320892334
Ezequiel Carrera,9048,2016,29,2.9598281,19.959030151367188,5.955615520477295
Luis Sardinas,13153,2016,23,3.8767643,19.941268920898438,6.530292987823486
Nori Aoki,13075,2016,34,-0.51289266,19.918949127197266,7.592080593109131
Melvin Upton Jr.,5015,2016,31,2.8080819,19.822898864746094,6.654860019683838
Brian Dozier,9810,2016,29,4.4165587,19.286420822143555,6.7701826095581055
Ian Kinsler,6195,2016,34,2.976736,19.173559188842773,6.30474853515625
Ender Inciarte,4922,2016,25,0.5607605,19.007875442504883,6.762086391448975
Alexei Ramirez,5133,2016,34,1.8349996,18.980073928833008,6.002058029174805
Austin Jackson,9848,2016,29,3.5810273,18.535400390625,6.408149242401123
Adam Eaton,11205,2016,27,3.6880226,18.50185775756836,7.154546737670898
Brock Holt,9345,2016,28,4.955687,18.203641891479492,5.11266565322876
James McCann,12859,2016,26,5.0942774,18.095977783203125,4.403402328491211
Quintin Berry,9414,2016,31,4.8492646,17.981081008911133,3.698293685913086
Alex Rios,2090,2016,35,1.29849,17.90546417236328,5.810971736907959
Andrew Romine,1159,2016,30,3.375246,17.378276824951172,4.622106552124023
Juan Lagares,5384,2016,27,3.1935723,17.33819007873535,6.091894626617432
Josh Harrison,8202,2016,28,2.8214715,17.20705795288086,6.030799388885498
Nyjer Morgan,4885,2016,35,7.143373,17.124244689941406,6.658043384552002
Kristopher Negron,5306,2016,30,5.7392926,16.980361938476562,3.476581573486328
Christian Colon,11145,2016,27,4.725904,16.013545989990234,3.7363109588623047
Gregor Blanco,3123,2016,32,0.07913347,15.883102416992188,6.171175479888916
Javier Baez,12979,2016,23,2.5927894,15.646862983703613,5.424454212188721
Jemile Weeks,2498,2016,29,3.1202314,15.162100791931152,3.699313163757324
Daniel Murphy,4316,2016,31,2.4472976,14.749425888061523,4.459272861480713
Paul Goldschmidt,9218,2016,28,2.3753145,14.552958488464355,5.397153377532959
Todd Frazier,785,2016,30,1.6234076,14.32189655303955,5.545025825500488
Hunter Pence,8252,2016,33,2.857968,14.05113410949707,4.5394086837768555
Erick Aybar,4082,2016,32,1.0586478,14.020881652832031,5.538363933563232
Chone Figgins,1580,2016,38,-0.2878734,13.87000560760498,5.176987171173096
Ichiro Suzuki,1101,2016,42,-0.25508022,13.76261043548584,4.445001125335693
Will Venable,211,2016,33,1.4336407,13.719745635986328,5.098028659820557
Mike Aviles,5986,2016,35,-0.1451119,13.664041519165039,5.3037333488464355
Jim Adduci,6448,2016,31,3.6437705,13.639615058898926,4.425738334655762
Cliff Pennington,3395,2016,32,2.4554849,13.539510726928711,3.7156412601470947
Jace Peterson,12325,2016,26,3.819726,12.872186660766602,3.1964199542999268
Eric Sogard,7927,2016,30,1.4437132,12.850558280944824,4.940135478973389
Hanley Ramirez,8001,2016,32,-0.112513006,12.828404426574707,4.704432487487793
Aaron Hicks,5297,2016,26,2.6585653,12.814800262451172,5.574338912963867
Peter Bourjos,2578,2016,29,2.301915,12.772882461547852,4.0569562911987305
Nate McLouth,3190,2016,34,4.08497,12.749329566955566,3.310405969619751
Jordan Danks,9187,2016,29,2.0197911,12.734664916992188,5.256574630737305
Shane Victorino,1677,2016,35,2.0083,12.648662567138672,2.248568534851074
DJ LeMahieu,9874,2016,27,0.8969451,12.470564842224121,6.149638652801514
Chris Owings,10030,2016,24,1.4865153,12.356084823608398,4.245612144470215
Yasiel Puig,14225,2016,25,1.4566803,12.346789360046387,5.688347339630127
Cameron Maybin,5223,2016,29,-0.21592243,11.924742698669434,4.782477855682373
Alex Gordon,5209,2016,32,2.5916903,11.86209487915039,3.909658193588257
Alexi Amarista,9063,2016,27,2.6681778,11.818232536315918,3.562946319580078
Rymer Liriano,4779,2016,25,-0.93564653,11.754989624023438,4.952825546264648
Ryan Braun,3410,2016,32,-2.951898,11.712592124938965,4.20699405670166
Jay Bruce,9892,2016,29,1.4876877,11.386975288391113,3.8612029552459717
Daniel Robertson,6266,2016,30,-0.20636672,11.168442726135254,5.068741321563721
Michael Saunders,9981,2016,29,3.1167815,11.032523155212402,5.278582572937012
George Springer,12856,2016,26,1.8913497,11.026999473571777,4.381502151489258
David Wright,3787,2016,33,-1.0280886,10.765483856201172,4.055919647216797
Junior Lake,4672,2016,26,1.4849814,10.732452392578125,4.567496299743652
Justin Upton,5222,2016,28,1.7105278,10.699481010437012,3.8424630165100098
Zoilo Almonte,6732,2016,27,1.9258097,10.571050643920898,2.954887628555298
Ryan Kalish,6962,2016,28,0.09555923,10.470171928405762,4.868628025054932
Brennan Boesch,914,2016,31,-0.31038797,10.323140144348145,3.299567222595215
Dustin Ackley,10099,2016,28,1.5745192,10.225021362304688,4.18509578704834
Eli Whiteside,3536,2016,36,-0.96850336,10.085838317871094,2.5780651569366455
David Lough,7215,2016,30,1.051202,10.011926651000977,4.298180103302002
Maicer Izturis,2437,2016,35,-1.0426408,9.993026733398438,4.727152347564697
Kirk Nieuwenhuis,6400,2016,28,2.282113,9.963627815246582,2.58253812789917
Chris Young,3882,2016,32,0.6576208,9.87938117980957,3.845092296600342
Brandon Guyer,2636,2016,30,2.931616,9.603233337402344,2.600336790084839
Chris Dickerson,7095,2016,34,0.5554413,9.37285041809082,2.156085729598999
Chris Heisey,3978,2016,31,0.73517305,9.347397804260254,2.6894283294677734
Giancarlo Stanton,4949,2016,26,-0.09006451,9.293024063110352,2.9446282386779785
Gerardo Parra,8553,2016,29,-0.10235956,9.270458221435547,4.821735858917236
Danny Espinosa,9219,2016,29,0.8173009,9.195785522460938,2.6441268920898438
Josh Rutledge,11167,2016,27,1.7615943,9.18227481842041,3.4795901775360107
Adam Jones,6368,2016,30,3.166428,9.023582458496094,2.815528631210327
Abraham Almonte,5486,2016,27,-2.5706608,8.954950332641602,4.3471574783325195
Howie Kendrick,4229,2016,32,-2.4802678,8.8863525390625,3.8640036582946777
Robbie Grossman,5254,2016,26,-2.4152641,8.790887832641602,4.181125640869141
Ben Zobrist,7435,2016,35,-1.0023321,8.715450286865234,3.7470486164093018
Curtis Granderson,4747,2016,35,1.3776299,8.65625286102295,2.9397709369659424
Tommy Medica,11147,2016,28,1.3497003,8.635214805603027,2.570075750350952
Didi Gregorius,6012,2016,26,4.8287134,8.439536094665527,2.6849608421325684
Kevin Kiermaier,11038,2016,26,1.2838147,8.262651443481445,4.436883926391602
Chris Denorfia,4400,2016,35,-1.0815457,8.184568405151367,2.7407281398773193
Carlos Gonzalez,7287,2016,30,0.58438414,8.123303413391113,2.1447153091430664
Brian Roberts,166,2016,38,-1.8742307,8.120183944702148,3.4567813873291016
Efren Navarro,9854,2016,30,2.5098927,8.10866928100586,3.6753787994384766
Wil Myers,10047,2016,25,-0.32346758,8.09533977508545,3.18882417678833
David Peralta,2136,2016,28,-0.42451295,7.883784770965576,3.8550641536712646
Chase Utley,1679,2016,37,0.34019607,7.824878215789795,3.1164610385894775
Shin-Soo Choo,3174,2016,33,0.097874925,7.801542282104492,3.491259813308716
Tyler Holt,11391,2016,27,1.6075387,7.683443546295166,4.602397441864014
Avisail Garcia,5760,2016,25,-3.0735242,7.653957366943359,4.096440315246582
Alex Presley,5305,2016,30,-0.45553702,7.63359260559082,3.8118104934692383
Omar Infante,1609,2016,34,-1.0700055,7.442499160766602,2.800269365310669
Adam Rosales,9682,2016,33,-0.756299,7.421428203582764,3.0282773971557617
Brad Miller,12775,2016,26,1.8732005,7.420589447021484,3.1689093112945557
JB Shuck,6677,2016,29,2.0766716,7.412212371826172,2.3486080169677734
Justin Ruggiano,7620,2016,34,-1.1846267,7.384060859680176,4.149496078491211
Matt Kemp,5631,2016,31,-2.070093,7.318686008453369,2.9858837127685547
Bryce Harper,11579,2016,23,0.38301575,7.116470813751221,4.019446849822998
Jayson Werth,1327,2016,37,-0.22253197,7.090026378631592,2.5324060916900635
Yoenis Cespedes,13110,2016,30,0.5137925,7.060631275177002,3.399885654449463
Jackie Bradley Jr.,12984,2016,26,-0.068568245,6.985063076019287,2.156170129776001
Nick Franklin,10166,2016,25,-0.9648521,6.971838474273682,2.373016595840454
Alex Hassan,9959,2016,28,12.222265,6.917466640472412,1.6680556535720825
Asdrubal Cabrera,4962,2016,30,-1.082375,6.8931684494018555,2.6729414463043213
Jake Goebbert,9431,2016,28,1.106752,6.716010093688965,2.979292869567871
Darin Mastroianni,7316,2016,30,-2.0773265,6.690047740936279,2.7465696334838867
Chris Coghlan,6878,2016,31,-0.5872174,6.672857761383057,2.99088978767395
Charlie Culberson,3298,2016,27,1.3112661,6.490545272827148,3.1123061180114746
Yonder Alonso,2530,2016,29,-1.1013184,6.4753875732421875,2.3892667293548584
Corey Dickerson,10762,2016,27,-0.8931427,6.457763195037842,4.137581825256348
Adeiny Hechavarria,10459,2016,27,-2.3267589,6.193416118621826,4.356965065002441
Derek Dietrich,10542,2016,26,3.5867302,6.184950351715088,1.8219749927520752
Jayson Nix,3790,2016,33,0.014350533,6.099131107330322,3.201099395751953
Phil Gosselin,10953,2016,27,0.30987346,6.094573497772217,3.869056224822998
Tony Gwynn,6141,2016,33,-1.3869982,6.079943656921387,3.0015368461608887
Dalton Pompey,12797,2016,23,-0.6796439,6.069548606872559,2.311537027359009
Jonathan Diaz,4142,2016,31,0.8830352,5.953390121459961,1.0474987030029297
Kole Calhoun,11200,2016,28,0.03254278,5.76248836517334,3.159937858581543
Collin Cowgill,7250,2016,30,0.091413066,5.69834566116333,2.071727991104126
Marcus Semien,12533,2016,25,-1.1433066,5.559477806091309,2.662073850631714
Grady Sizemore,2197,2016,33,-1.517583,5.5548834800720215,2.3777167797088623
Jon Jay,5227,2016,31,-2.655499,5.520549297332764,2.577841281890869
Elian Herrera,5432,2016,31,-0.81228393,5.467926025390625,1.841341495513916
Joe Kelly,9761,2016,28,-0.43929565,5.395097732543945,1.374874472618103
Logan Watkins,4875,2016,26,1.6113243,5.33068323135376,1.588865876197815
Dustin Pedroia,8370,2016,32,-1.4620205,5.307843208312988,2.881864547729492
Zack Cozart,2616,2016,30,0.3010013,5.285512924194336,1.0937788486480713
Logan Schafer,7937,2016,29,0.5161525,5.279897212982178,2.2335188388824463
Jake Lamb,13329,2016,25,0.5416054,5.248911380767822,3.3745412826538086
Colby Rasmus,9893,2016,29,1.6247132,5.186679363250732,1.630060076713562
Jorge Soler,14221,2016,24,0.14542665,5.119284152984619,1.8847521543502808
Elliot Johnson,4751,2016,32,2.9800727,5.016320705413818,1.790533423423767
Pedro Alvarez,2495,2016,29,-2.3158245,4.977481365203857,2.1333916187286377
Starlin Castro,4579,2016,26,-3.2536037,4.977031230926514,3.058553695678711
Kyle Seager,9785,2016,28,-2.1857693,4.957939624786377,2.8352744579315186
Josh Reddick,3892,2016,29,2.079795,4.957261085510254,1.9564450979232788
Steve Pearce,9957,2016,33,0.15496871,4.9279093742370605,1.26017427444458
Brandon Barnes,629,2016,30,-1.2544596,4.9051194190979,3.115375518798828
Jordany Valdespin,5098,2016,28,3.0276043,4.876529216766357,2.637230157852173
Eugenio Suarez,12552,2016,24,-0.6090442,4.873537540435791,3.2266411781311035
Ian Stewart,5950,2016,31,-0.6756107,4.765616416931152,3.0907747745513916
Bryce Brentz,10607,2016,27,5.506583,4.7134246826171875,1.6313958168029785
Don Kelly,2216,2016,36,-2.0113163,4.691576957702637,1.333195686340332
Michael Cuddyer,1534,2016,37,-2.0766022,4.685810089111328,1.4777817726135254
Alexi Casilla,5248,2016,31,0.83337706,4.257565975189209,1.3915947675704956
Jorge Polanco,13152,2016,22,4.65011,4.102088451385498,1.9391189813613892
Endy Chavez,768,2016,38,-4.403228,4.049325466156006,2.269174337387085
Roger Bernadina,6421,2016,32,-1.5955673,4.026812553405762,1.5240777730941772
Cole Gillespie,5888,2016,32,-0.5249696,3.9807052612304688,2.2887163162231445
Robinson Cano,3269,2016,33,-2.6176996,3.9773638248443604,1.598203182220459
Jon Singleton,10441,2016,24,-0.023500523,3.9634056091308594,3.381655693054199
Nolan Reimold,3441,2016,32,-1.5735972,3.895050525665283,1.907879114151001
Yolmer Sanchez,11602,2016,24,-4.08776,3.844212055206299,3.195018768310547
Chase Headley,4720,2016,32,-3.2939155,3.765068769454956,1.920400619506836
Domonic Brown,3154,2016,28,-1.4696636,3.7340304851531982,1.767031192779541
Brandon Belt,10264,2016,28,-3.0044317,3.7303736209869385,2.040144443511963
Scooter Gennett,10339,2016,26,-2.9259415,3.6594905853271484,2.6154701709747314
Mark Ellis,1443,2016,39,-1.6650107,3.633265495300293,2.203519821166992
Derek Jeter,826,2016,42,-4.5425324,3.604830503463745,1.420677900314331
Carlos Peguero,8760,2016,29,5.7688622,3.5667457580566406,0.8859772086143494
Alfonso Soriano,847,2016,40,-2.1884613,3.34562611579895,2.263317823410034
Kevin Pillar,12434,2016,27,0.5175384,3.273790121078491,3.0011844635009766
Jesus Guzman,3118,2016,32,-1.0981473,3.2022783756256104,0.5794106125831604
Irving Falu,6165,2016,33,-2.127125,3.176055908203125,0.953960657119751
Marcell Ozuna,10324,2016,25,-0.1928104,3.164353609085083,1.750705361366272
J.D. Martinez,6184,2016,28,-2.464855,3.15622615814209,1.9169660806655884
Domingo Santana,10348,2016,23,3.4720726,3.156130075454712,1.6110347509384155
Xander Bogaerts,12161,2016,23,-0.6896609,3.0891165733337402,2.886230707168579
Eric Fryer,8145,2016,30,-0.34972805,3.0186996459960938,0.8063514828681946
Matt Carpenter,8090,2016,30,-0.8395699,3.016096353530884,1.8889374732971191
Pete Kozma,2539,2016,28,2.8892384,2.959075450897217,1.0737030506134033
Josh Donaldson,5038,2016,30,-2.4369206,2.9143967628479004,0.8234822154045105
Christian Walker,13419,2016,25,3.0639548,2.8889100551605225,1.321546196937561
Tomas Telis,10067,2016,25,3.0639548,2.8889100551605225,1.321546196937561
Carlos Pena,934,2016,38,-11.314065,2.873534917831421,0.0
Justin Turner,5235,2016,31,-2.6830926,2.813227415084839,1.1749356985092163
Rougned Odor,12282,2016,22,0.2705528,2.8121895790100098,4.488852500915527
Marwin Gonzalez,5497,2016,27,-1.3549792,2.81131649017334,2.6087417602539062
Cesar Hernandez,10556,2016,26,-0.24693346,2.80245304107666,2.3188793659210205
Christian Bethancourt,10028,2016,24,-2.8360374,2.729947328567505,2.9996628761291504
Eric Hosmer,3516,2016,26,-4.141162,2.671004056930542,2.071117401123047
Brent Morel,6402,2016,29,-2.3967094,2.665123224258423,3.3209898471832275
Melky Cabrera,4022,2016,31,-4.458517,2.571007251739502,1.736922264099121
Brett Lawrie,5247,2016,26,1.178586,2.5428647994995117,2.3818142414093018
Daniel Nava,5450,2016,33,-1.2090539,2.5245068073272705,1.544152021408081
Anthony Rizzo,3473,2016,26,-2.64667,2.5227811336517334,2.6045634746551514
Freddy Galvis,6609,2016,26,0.66703665,2.48659348487854,1.3374009132385254
Derek Norris,6867,2016,27,-1.6322583,2.3651599884033203,1.6852246522903442
Adam Duvall,10950,2016,27,2.4491396,2.3382928371429443,0.9435640573501587
Scott Van Slyke,4365,2016,29,-4.328188,2.336507797241211,2.0018937587738037
Steve Lombardozzi,5422,2016,27,-4.0969267,2.2504940032958984,1.0241199731826782
Logan Morrison,9205,2016,28,-3.3244843,2.2290759086608887,1.3834171295166016
Nate Schierholtz,6201,2016,32,-1.0405829,2.2029836177825928,1.953439474105835
Brandon Crawford,5343,2016,29,-1.3309623,2.145944356918335,1.6382583379745483
Andrelton Simmons,10847,2016,26,-3.0371373,2.0823659896850586,2.377136468887329
Garin Cecchini,11608,2016,25,2.1685185,2.080157995223999,1.1208781003952026
Ryan Flaherty,7888,2016,29,0.735839,2.004585027694702,0.5835527777671814
Russell Martin,4616,2016,33,-3.9553347,1.9969054460525513,1.5755888223648071
Moises Sierra,6050,2016,27,-2.0341048,1.9604640007019043,1.218543291091919
Clayton Kershaw,2036,2016,28,-1.7718898,1.9482474327087402,0.578603982925415
Chris Herrmann,9284,2016,28,-1.1500455,1.9208751916885376,0.9966333508491516
Gary Brown,11464,2016,27,1.942045,1.8814305067062378,0.8264886140823364
Matt Joyce,3353,2016,31,-0.56227094,1.8702447414398193,1.9875231981277466
Hector Gomez,2264,2016,28,2.5034053,1.8513017892837524,1.0523781776428223
Willie Bloomquist,1066,2016,38,-3.3595264,1.7558783292770386,2.4526002407073975
Neftali Soto,5663,2016,27,-3.0959983,1.7472456693649292,0.863480806350708
Mark Reynolds,7619,2016,32,-1.8017765,1.7325652837753296,0.6670681238174438
Enrique Hernandez,10472,2016,24,1.8204108,1.7127995491027832,1.1551332473754883
Andrew Susac,13132,2016,26,1.7340692,1.6972346305847168,0.9018072485923767
Eduardo Escobar,6153,2016,27,-0.26333043,1.6941262483596802,1.7857974767684937
Nick Punto,1429,2016,38,-3.2822578,1.691970944404602,1.2515159845352173
Evan Longoria,9368,2016,30,-1.94319,1.6718531847000122,0.6470696330070496
Rickie Weeks Jr.,1849,2016,33,-2.4280202,1.626413345336914,1.637820839881897
Tyler Pastornicky,6777,2016,26,-1.5967132,1.611812949180603,2.205035924911499
Daniel Descalso,8392,2016,29,-1.1429421,1.5560216903686523,1.947141170501709
L.J. Hoes,6656,2016,26,-0.64216894,1.5393390655517578,1.2058377265930176
Jason Bourgeois,2225,2016,34,-2.6373093,1.5002212524414062,1.4679853916168213
Ryan Rua,12409,2016,26,-2.6196146,1.421034574508667,0.7837641835212708
Chris Nelson,8175,2016,30,-5.231554,1.3890820741653442,2.438511610031128
Josh Hamilton,1875,2016,35,-3.2230291,1.350147008895874,1.3084970712661743
Jose Bautista,1887,2016,35,-3.1805112,1.3124393224716187,0.9069337844848633
Erisbel Arruebarrena,15809,2016,26,1.27677,1.2675228118896484,0.7952638268470764
Eric Campbell,6938,2016,29,-2.5095906,1.2312002182006836,0.28422167897224426
Alex Guerrero,15670,2016,29,1.2597446,1.1668974161148071,0.4494039714336395
Aaron Hill,6104,2016,34,-3.816139,1.1534100770950317,1.9002012014389038
Kelly Johnson,2234,2016,34,-1.442099,1.127052664756775,1.5048619508743286
Joe Panik,11936,2016,25,1.1219144,1.097931981086731,0.8819178938865662
Greg Garcia,10951,2016,26,1.0751554,1.075791358947754,0.747247040271759
Maikel Franco,12179,2016,23,1.1839249,1.0600825548171997,1.1254332065582275
John Ryan Murphy,10346,2016,25,0.9446021,1.0597693920135498,0.8845322132110596
Darwin Barney,2430,2016,30,-0.32594568,1.0473929643630981,0.5277225971221924
Matt Szczur,11255,2016,26,1.0418326,1.043635368347168,0.739538848400116
Chris Carter,9911,2016,29,-2.85961,0.9999737739562988,0.7342066764831543
Chris Davis,9272,2016,30,-0.8259984,0.9623255133628845,0.7270939350128174
Donald Lutz,10154,2016,27,0.22743656,0.9481548070907593,0.5694611668586731
Manny Machado,11493,2016,23,-4.000596,0.9046531915664673,1.915679693222046
Jeff Kobernus,9591,2016,28,-1.7779763,0.8882014751434326,0.9098063111305237
Anthony Recker,4063,2016,32,-0.98524946,0.8726046085357666,1.2678457498550415
Tucker Barnhart,10200,2016,25,0.88050145,0.868149995803833,0.8257744908332825
Joe Mauer,1857,2016,33,-1.0526102,0.8444049954414368,0.49086594581604004
Freddie Freeman,5361,2016,26,-3.0793898,0.8362888097763062,1.591202735900879
Eric Chavez,906,2016,38,-3.732376,0.6928954124450684,0.0
Carlos Santana,2396,2016,30,-3.4329252,0.6710474491119385,0.706255316734314
Sean Rodriguez,6589,2016,31,-1.7986752,0.6347636580467224,1.1600669622421265
Jose Constanza,6003,2016,32,0.015817096,0.6003586649894714,2.1149425506591797
Logan Forsythe,7185,2016,29,-2.93804,0.5430131554603577,0.6536244750022888
Matt Duffy,13836,2016,25,-0.40720713,0.5119496583938599,2.298117160797119
Roger Kieschnick,5225,2016,29,0.7469101,0.49076223373413086,0.3277798295021057
Lonnie Chisenhall,7571,2016,27,-2.173333,0.4830437898635864,0.7962800860404968
Cole Figueroa,8790,2016,29,0.4823803,0.42472007870674133,0.2536265254020691
Luis Jimenez,6341,2016,28,0.0462113,0.3986346125602722,0.8984102606773376
Martin Prado,3312,2016,32,-5.0688653,0.3801921606063843,1.067694902420044
Lane Adams,10767,2016,26,0.31811726,0.34525004029273987,0.5634968876838684
Andy Wilkins,11251,2016,27,0.29511625,0.31673958897590637,0.4280202388763428
Carlos Ruiz,2579,2016,37,-3.9577215,0.3050967752933502,0.4331914186477661
Torii Hunter,731,2016,40,-4.067811,0.2741795778274536,1.0146909952163696
Wilmer Flores,5827,2016,24,-1.4672053,0.2196407914161682,0.7792704701423645
Jedd Gyorko,10816,2016,27,-3.1780126,0.21233603358268738,1.2202147245407104
Josh Wilson,2102,2016,35,-4.2463317,0.19981785118579865,0.0
Rafael Furcal,88,2016,38,-2.3750339,0.18609286844730377,0.7860732078552246
Jason Bartlett,8219,2016,36,15.733155,0.1730901449918747,3.419280767440796
Tyler Colvin,5310,2016,30,-1.7526515,0.09578000009059906,0.025432713329792023
Edwin Encarnacion,2151,2016,33,-2.2375798,0.07194356620311737,0.0
Corey Hart,1945,2016,34,-3.1689243,0.02634144388139248,0.0
Buster Posey,9166,2016,29,-5.5807347,0.0,0.0
Jonathan Lucroy,7870,2016,30,-4.40957,0.0,0.9524574279785156
Adrian Beltre,639,2016,37,-4.364668,0.0,0.0
Jose Abreu,15676,2016,29,-4.849169,0.0,0.0
Miguel Cabrera,1744,2016,33,-5.5128856,0.0,0.0
Troy Tulowitzki,3531,2016,31,-2.6898925,0.0,0.06207498162984848
Yan Gomes,9627,2016,28,-3.136788,0.0,0.0
Rene Rivera,3648,2016,32,-5.7185116,0.0,0.0
Victor Martinez,393,2016,37,-6.795715,0.0,0.09906236827373505
Jhonny Peralta,1738,2016,34,-4.641644,0.0,0.11428580433130264
Neil Walker,7539,2016,30,-2.3331928,0.0,0.781679093837738
Mike Zunino,13265,2016,25,-2.9540193,0.0,1.4401503801345825
Devin Mesoraco,5666,2016,28,-4.6671586,0.0,0.6908509731292725
Nelson Cruz,2434,2016,35,-5.2988553,0.0,0.36959248781204224
Adrian Gonzalez,1908,2016,34,-5.413473,0.0,0.0
Juan Uribe,454,2016,37,-4.3057523,0.0,0.0
Trevor Plouffe,7462,2016,30,-3.7558413,0.0,0.0
Pablo Sandoval,5409,2016,29,-6.187816,0.0,0.0
Miguel Montero,3364,2016,32,-5.5925303,0.0,0.0
Matt Holliday,1873,2016,36,-4.011121,0.0,0.0
Luis Valbuena,4969,2016,30,-2.3864005,0.0,0.8353039026260376
Yadier Molina,7007,2016,33,-5.316237,0.0,0.0
Brian McCann,4810,2016,32,-6.271754,0.0,0.0
Lucas Duda,2502,2016,30,-2.6287465,0.0,0.8896675109863281
Travis d'Arnaud,7739,2016,27,-5.45505,0.0,0.0
Tyler Flowers,9134,2016,30,-5.8583865,0.0,0.0
J.J. Hardy,3797,2016,33,-5.5660534,0.0,0.0
Yasmani Grandal,11368,2016,27,-3.8596115,0.0,0.043933577835559845
Hank Conger,2505,2016,28,-4.533575,0.0,0.0
Seth Smith,7331,2016,33,-3.9083643,0.0,0.0
Albert Pujols,1177,2016,36,-6.7840757,0.0,0.015439439564943314
Brandon Moss,4467,2016,32,-2.1668847,0.0,0.0
Nolan Arenado,9777,2016,25,-3.8009257,0.0,0.7865458130836487
Evan Gattis,11003,2016,29,-5.5906568,0.0,0.0
David Freese,9549,2016,33,-5.1427693,0.0,0.11699653416872025
Justin Morneau,1737,2016,35,-5.1945176,0.0,0.0
Nick Markakis,5930,2016,32,-3.7079878,0.0,0.0
David Ortiz,745,2016,40,-7.9561634,0.0,0.0
Marlon Byrd,950,2016,38,-4.0341053,0.0,0.9965026378631592
Mike Napoli,3057,2016,34,-4.909645,0.0,0.0
Jason Castro,8722,2016,29,-1.4699835,0.0,0.0372934490442276
Christian Vazquez,9774,2016,25,-5.3268456,0.0,0.0
Adam LaRoche,1904,2016,36,-6.0863996,0.0,0.0
Chris Iannetta,8267,2016,33,-3.721306,0.0,0.12694278359413147
Jordy Mercer,6547,2016,29,-3.2591665,0.0,0.6135652661323547
Francisco Cervelli,5275,2016,30,-4.7587943,0.0,0.0
Casey McGehee,6086,2016,33,-6.388585,0.0,0.0
Matt Adams,9393,2016,27,-3.2661157,0.0,0.901774525642395
Salvador Perez,7304,2016,26,-4.5749855,0.0,0.0
Caleb Joseph,7087,2016,30,-6.0847535,0.0,0.0
Adam Lind,8027,2016,32,-4.535476,0.0,0.0
Aramis Ramirez,1002,2016,38,-7.378859,0.0,0.0
Conor Gillaspie,9009,2016,28,-1.8516184,0.0,1.1422268152236938
Yangervis Solarte,5352,2016,28,-4.715767,0.0,0.0
Jed Lowrie,4418,2016,32,-4.759839,0.0,0.0
Michael Morse,3035,2016,34,-7.0589824,0.0,0.0
Travis Snider,2830,2016,28,-1.5784286,0.0,0.9641556143760681
Stephen Vogt,5000,2016,31,-0.74040335,0.0,0.4957350492477417
Chris Stewart,3878,2016,34,-3.7221262,0.0,0.0
Ruben Tejada,5519,2016,26,-3.0761387,0.0,1.3051527738571167
Ryan Hanigan,4952,2016,35,-5.401601,0.0,0.0
Khris Davis,9112,2016,28,-3.7188451,0.0,0.5211143493652344
Josh Willingham,2103,2016,37,-2.7114067,0.0,0.0
Brandon Phillips,791,2016,35,-3.9754841,0.0,0.5971622467041016
Madison Bumgarner,5524,2016,26,-2.524202,0.0,0.0
Martin Maldonado,6887,2016,29,-3.4494164,0.0,0.0
Robinson Chirinos,3142,2016,32,-4.258026,0.0,0.0
Alex Avila,7476,2016,29,-5.6161294,0.0,0.0
Ryan Zimmerman,4220,2016,31,-2.8884907,0.0,0.0
Juan Francisco,6978,2016,29,-2.804026,0.0,0.09489385038614273
Carlos Corporan,5587,2016,32,-4.8066254,0.0,0.0
David Ross,1551,2016,39,-2.9505303,0.0,0.0
Wilson Ramos,1433,2016,28,-6.379449,0.0,0.06762237101793289
Andre Ethier,6265,2016,34,-2.7435822,0.0,0.346043199300766
Jake Smolinski,5408,2016,27,-0.5170974,0.0,0.20924262702465057
Delmon Young,2140,2016,30,-3.2923467,0.0,0.0
Oswaldo Arcia,10306,2016,25,-2.001111,0.0,1.622634768486023
James Loney,4556,2016,32,-5.738445,0.0,0.0
Travis Wood,9884,2016,29,-2.1498535,0.0,0.0
Michael McKenry,9628,2016,31,-3.289712,0.0,0.437552809715271
Joey Votto,4314,2016,32,-6.0477266,0.0,0.0
Donovan Solano,8623,2016,28,-3.688961,0.0,1.165637493133545
Zack Greinke,1943,2016,32,-1.8878082,0.0,0.0
Jose Molina,25,2016,41,-5.706981,0.0,0.0
Mark Teixeira,1281,2016,36,-4.921737,0.0,0.0
Ramon Santiago,1417,2016,36,-3.4070861,0.0,0.24258913099765778
Drew Butera,3411,2016,32,-3.7056131,0.0,0.0
Kevin Kouzmanoff,5995,2016,34,-3.5475075,0.0,0.0
Matt Wieters,4298,2016,30,-3.6014113,0.0,0.0
John Jaso,5887,2016,32,-2.1127453,0.0,0.0
Ike Davis,8433,2016,29,-3.4124355,0.0,0.13478325307369232
Cody Asche,11997,2016,26,-2.552215,0.0,0.5555822849273682
Roberto Perez,2900,2016,27,-9.050848,0.0,0.0
Erik Kratz,4403,2016,36,-4.699441,0.0,0.0
Kyle Blanks,49,2016,29,-2.7955809,0.0,0.0
Rafael Ynoa,2832,2016,28,-9.736867,0.0,0.0
Kennys Vargas,12101,2016,25,-0.69638795,0.0,0.43970561027526855
David DeJesus,1825,2016,36,-3.0341618,0.0,1.2235559225082397
John Mayberry,3390,2016,32,-1.9072956,0.0,0.0
Gregorio Petit,3812,2016,31,-1.389088,0.0,0.6357094049453735
Travis Ishikawa,4793,2016,32,-1.7791041,0.0,0.0
Danny Valencia,6364,2016,31,-5.0061,0.0,0.3445846140384674
Jose Lobaton,4243,2016,31,-4.1413836,0.0,0.0
Mike Leake,10130,2016,28,-2.511989,0.0,0.0
Shelby Miller,10197,2016,25,-2.1344976,0.0,0.17842750251293182
Ben Paulsen,9741,2016,28,-6.4296117,0.0,0.0
Adam Dunn,319,2016,36,-5.5210834,0.0,0.0
Wilin Rosario,8002,2016,27,-4.353491,0.0,0.06637739390134811
Nick Castellanos,11737,2016,24,-3.9443927,0.0,1.2578285932540894
Yunel Escobar,4191,2016,33,-4.5123606,0.0,0.0
Chris Johnson,1191,2016,31,-5.1001825,0.0,0.0
Ryan Sweeney,6352,2016,31,-3.229381,0.0,0.0
Chris Gimenez,7324,2016,33,-4.6300626,0.0,1.5253745317459106
Mike Moustakas,4892,2016,27,-3.9253116,0.0,0.3924659192562103
Munenori Kawasaki,13047,2016,35,-1.5290502,0.0,0.16955885291099548
Wil Nieves,1556,2016,38,-6.378571,0.0,0.0
Brandon Hicks,4003,2016,30,-2.304534,0.0,0.3792390525341034
Jonathan Schoop,11265,2016,24,-1.6489598,0.0,0.8947637677192688
Jacob deGrom,10954,2016,28,-2.5727134,0.0,0.0
Adam Wainwright,2233,2016,34,-3.1668072,0.0,0.0
Nick Evans,7595,2016,30,-2.601444,0.0,0.0
Jhoulys Chacin,2608,2016,28,-2.4796844,0.0,0.0
Garrett Jones,2714,2016,35,-5.020167,0.0,0.0
Darin Ruf,9929,2016,29,-4.628248,0.0,0.0
Welington Castillo,3256,2016,29,-5.270949,0.0,0.0
Randal Grichuk,10243,2016,24,-2.8681266,0.0,1.7934123277664185
Jonny Gomes,1845,2016,35,-1.7294295,0.0,0.0
Ramiro Pena,8841,2016,30,-1.1224146,0.0,1.1072909832000732
Clint Barmes,1830,2016,37,-3.7130294,0.0,0.15443424880504608
Jordan Lyles,7593,2016,25,-2.1344976,0.0,0.17842750251293182
Jake Arrieta,4153,2016,30,-2.6476896,0.0,0.0
Cole Hamels,4972,2016,32,-3.2365313,0.0,0.0
Gerrit Cole,13125,2016,25,-2.1727161,0.0,0.07153503596782684
Dan Haren,1757,2016,35,-3.3280334,0.0,0.0
Tyson Ross,7872,2016,29,-2.564343,0.0,0.0
Carlos Rivero,1136,2016,28,-2.5727134,0.0,0.0
Jose Pirela,5485,2016,26,-2.3388057,0.0,0.0
George Kottaras,5506,2016,33,-1.5117481,0.0,0.0
Max Stassi,10059,2016,25,-2.8823287,0.0,0.04491792246699333
Marco Gonzales,15467,2016,24,-2.0385492,0.0,0.24715298414230347
Matt McBride,9373,2016,31,-0.8149264,0.0,0.0
Andres Blanco,1907,2016,32,-6.576988,0.0,0.0
Scott Sizemore,2881,2016,31,1.1363128,0.0,0.2870033383369446
Justin Bour,9744,2016,28,-4.9402633,0.0,0.0
Dilson Herrera,14335,2016,22,-6.1361313,0.0,0.3519588112831116
Tommy La Stella,12371,2016,27,-6.100826,0.0,0.7951633930206299
Jaime Garcia,8137,2016,29,-2.564343,0.0,0.0
Jeff Mathis,3448,2016,33,-4.3104677,0.0,0.0
Cliff Lee,1636,2016,37,-4.098942,0.0,1.024592638015747
Jacob Turner,10185,2016,25,-2.1344976,0.0,0.17842750251293182
Josh Beckett,510,2016,36,-3.4879644,0.0,0.0
Mike Minor,10021,2016,28,-2.4796844,0.0,0.0
Jordan Zimmermann,4505,2016,30,-2.6824548,0.0,0.0
Henderson Alvarez,5669,2016,26,-2.2647176,0.0,0.0
Ian Kennedy,6986,2016,31,-2.779226,0.0,0.0
Buddy Carlyle,2010,2016,38,-3.6748705,0.0,0.0
Brian Schlitter,3599,2016,30,-2.6526349,0.0,0.0
Jeanmar Gomez,9033,2016,28,-2.4796844,0.0,0.0
Gus Schlosser,12321,2016,27,-2.4649537,0.0,0.0
Jeurys Familia,5114,2016,26,-2.2647176,0.0,0.0
Zach McAllister,2895,2016,28,-2.4796844,0.0,0.0
Clay Buchholz,3543,2016,31,-2.7460904,0.0,0.0
Pedro Villarreal,9904,2016,28,-2.4796844,0.0,0.0
Drew Hutchison,10732,2016,25,-2.153418,0.0,0.107908695936203
Robbie Ray,11486,2016,24,-2.0385492,0.0,0.24715298414230347
Nick Tepesch,11716,2016,27,-2.4367518,0.0,0.0
Brad Penny,535,2016,38,-3.7559867,0.0,0.0
Colby Lewis,1259,2016,36,-3.41897,0.0,0.0
Seth Maness,12235,2016,27,-2.4367518,0.0,0.0
Donn Roach,10620,2016,26,-2.3388057,0.0,0.0
Doug Bernier,4518,2016,36,-1.2867275,0.0,0.33060213923454285
James Shields,7059,2016,34,-3.1668072,0.0,0.0
Craig Stammen,7274,2016,32,-2.8681931,0.0,0.0
Chris Parmelee,2554,2016,28,-3.9589164,0.0,0.1005655825138092
Tyler Moore,7244,2016,29,-2.810181,0.0,0.0
Steve Tolleson,4450,2016,32,-4.2574444,0.0,0.0
Justin Verlander,8700,2016,33,-3.010458,0.0,0.0
Daniel Corcino,9266,2016,25,-2.194893,0.0,0.03293284773826599
Bud Norris,9492,2016,31,-2.7460904,0.0,0.0
Tony Sanchez,6178,2016,28,-4.680756,0.0,0.0
Kevin Correia,1767,2016,35,-3.2806058,0.0,0.0
Johnny Giavotella,6740,2016,28,5.707122,0.0,2.761392831802368
Ed Lucas,7532,2016,34,-1.8816777,0.0,0.0
Hector Sanchez,10289,2016,26,-1.6900623,0.0,0.9393876194953918
Wandy Rodriguez,2586,2016,37,-3.6452951,0.0,0.0
Carlos Martinez,11682,2016,24,-2.0195038,0.0,0.2855742275714874
Alex Cobb,6562,2016,28,-2.4796844,0.0,0.0
Miguel Rojas,7802,2016,27,-3.3136735,0.0,0.0
Jesus Sucre,5942,2016,28,0.09567508,0.0,0.4760633409023285
Bronson Arroyo,978,2016,39,-3.948277,0.0,0.0
Tyler Matzek,10058,2016,25,-2.194893,0.0,0.03293284773826599
Daisuke Matsuzaka,7775,2016,35,-3.3280334,0.0,0.0
Jeff Samardzija,3254,2016,31,-2.7460904,0.0,0.0
Edwin Jackson,1841,2016,32,-2.899228,0.0,0.0
Matt Cain,4732,2016,31,-2.777732,0.0,0.0
Jarred Cosart,10304,2016,26,-2.3130038,0.0,0.0
Wade Miley,8779,2016,29,-2.564343,0.0,0.0
Hyun-Jin Ryu,14444,2016,29,-2.6354713,0.0,0.0
Kyle Hendricks,12049,2016,26,-2.3388057,0.0,0.0
A.J. Burnett,512,2016,39,-3.948277,0.0,0.0
David Buchanan,11176,2016,27,-2.4649537,0.0,0.0
Stephen Strasburg,10131,2016,27,-2.421474,0.0,0.0
Jon Niese,4424,2016,29,-2.601467,0.0,0.0
Francisco Pena,8298,2016,26,-2.3388057,0.0,0.0
Antonio Bastardo,8844,2016,30,-2.6476896,0.0,0.0
J.J. Hoover,9037,2016,28,-2.4796844,0.0,0.0
Audry Perez,9176,2016,27,-2.4367518,0.0,0.0
Andrew Chafin,12988,2016,26,-2.3388057,0.0,0.0
Joey Terdoslavich,10593,2016,27,-5.04064,0.0,0.0
Steven Moya,11854,2016,24,-2.0385492,0.0,0.24715298414230347
Jackson Williams,8524,2016,30,-7.3984013,0.0,0.0
Clint Robinson,6908,2016,31,-4.2675295,0.0,0.0
Josh Phegley,9308,2016,28,-3.7094824,0.0,0.0
Nate Freiman,6582,2016,29,-5.573252,0.0,0.0
Gaby Sanchez,3361,2016,32,-2.9551268,0.0,0.0
Jason Lane,1397,2016,39,-3.5466833,0.0,0.0
Tony Watson,3132,2016,31,-2.7460904,0.0,0.0
David Huff,4257,2016,31,-2.7460904,0.0,0.0
John Danks,6329,2016,31,-2.7460904,0.0,0.0
Taylor Hill,12515,2016,27,-2.4649537,0.0,0.0
Tyler Collins,12723,2016,26,-3.139345,0.0,0.0
Michael Taylor,2591,2016,30,-2.6933055,0.0,0.0
Jesus Montero,5514,2016,26,-4.791666,0.0,0.5593674182891846
Nick Hundley,3376,2016,32,-4.416093,0.0,0.0
Andrew Lambo,5386,2016,27,-3.920069,0.0,0.0
Anibal Sanchez,3284,2016,32,-2.8681931,0.0,0.0
Zeke Spruill,3873,2016,26,-2.3130038,0.0,0.0
Samuel Deduno,5285,2016,32,-2.8681931,0.0,0.0
Yu Darvish,13074,2016,29,-2.564343,0.0,0.0
Jonathan Herrera,4182,2016,31,-1.5719256,0.0,1.7625126838684082
Ehire Adrianza,8418,2016,26,-2.806352,0.0,1.2421571016311646
Hernan Perez,5751,2016,25,-1.5339767,0.0,0.47717997431755066
Tyler Thornburg,10688,2016,27,-2.3807826,0.0,0.0
Robbie Ross Jr.,6819,2016,27,-2.3807826,0.0,0.0
Dan Straily,9460,2016,27,-2.3807826,0.0,0.0
Nick Tropeano,12385,2016,25,-2.194893,0.0,0.03293284773826599
Hector Santiago,4026,2016,28,-2.4796844,0.0,0.0
Bobby Wilson,6564,2016,33,-3.100365,0.0,0.0
Kyle Gibson,10123,2016,28,-2.5426338,0.0,0.0
Dallas Beeler,11471,2016,27,-2.4649537,0.0,0.0
Yordano Ventura,11855,2016,25,-2.1727161,0.0,0.07153503596782684
Andy Parrino,3972,2016,30,-3.2874753,0.0,0.0
Joc Pederson,11899,2016,24,-1.1664153,0.0,0.46655386686325073
Brett Anderson,8223,2016,28,-2.4796844,0.0,0.0
Corey Kluber,2429,2016,30,-2.6476896,0.0,0.0
Christian Friedrich,7942,2016,28,-2.5161624,0.0,0.0
Chase Whitley,10982,2016,27,-2.4649537,0.0,0.0
Felix Doubront,1478,2016,28,-2.4796844,0.0,0.0
Justin Masterson,2038,2016,31,-2.7460904,0.0,0.0
Ross Detwiler,2859,2016,30,-2.6476896,0.0,0.0
C.J. Wilson,3580,2016,35,-3.3280334,0.0,0.0
Jerome Williams,1137,2016,34,-3.1668072,0.0,0.0
Jimmy Nelson,10547,2016,27,-2.4367518,0.0,0.0
Homer Bailey,8362,2016,30,-2.6476896,0.0,0.0
Josh Collmenter,7312,2016,30,-2.6476896,0.0,0.0
Ryan Vogelsong,1011,2016,38,-3.7984498,0.0,0.0
Kyle Kendrick,6230,2016,31,-2.7460904,0.0,0.0
Jason Hammel,4538,2016,33,-3.010458,0.0,0.0
Randy Wolf,976,2016,39,-4.2908177,0.0,0.0
Tim Stauffer,6432,2016,34,-3.1668072,0.0,0.0
Tony Cingrani,12555,2016,26,-1.7287073,0.0,0.27038824558258057
Brandon Cumpton,11366,2016,27,-2.4367518,0.0,0.0
Anthony DeSclafani,13050,2016,26,-2.3388057,0.0,0.0
Robbie Erlin,10354,2016,25,-2.1727161,0.0,0.07153503596782684
John Lackey,1507,2016,37,-3.6243262,0.0,0.0
Marco Estrada,1118,2016,32,-2.8681931,0.0,0.0
Dallas Keuchel,9434,2016,28,-2.4796844,0.0,0.0
Taylor Jordan,10466,2016,27,-2.4367518,0.0,0.0
Jose Fernandez,11530,2016,23,-1.858005,0.0,0.4978209137916565
Andrew Heaney,15423,2016,25,-2.194893,0.0,0.03293284773826599
Blake Treinen,12572,2016,28,-2.5727134,0.0,0.0
Tyler Lyons,11334,2016,28,-2.5426338,0.0,0.0
Randall Delgado,5985,2016,26,-2.2647176,0.0,0.0
Masahiro Tanaka,15764,2016,27,-2.4649537,0.0,0.0
Jake Odorizzi,6397,2016,26,-2.2647176,0.0,0.0
Hisashi Iwakuma,13048,2016,35,-3.3280334,0.0,0.0
Paul Maholm,8678,2016,34,-3.1668072,0.0,0.0
Jeremy Guthrie,2072,2016,37,-3.6452951,0.0,0.0
Neftali Feliz,18,2016,28,-2.4796844,0.0,0.0
Xavier Cedeno,36,2016,29,-2.564343,0.0,0.0
Erik Bedard,126,2016,37,-3.6452951,0.0,0.0
Mark Buehrle,225,2016,37,-3.6452951,0.0,0.0
Daniel McCutchen,263,2016,33,-2.9198241,0.0,0.0
Kyle Farnsworth,278,2016,40,-4.0977297,0.0,0.0
Blake Beavan,338,2016,27,-2.3807826,0.0,0.0
CC Sabathia,404,2016,35,-3.3280334,0.0,0.0
Fernando Rodney,494,2016,39,-3.948277,0.0,0.0
Jason Grilli,521,2016,39,-3.948277,0.0,0.0
Hector Ambriz,559,2016,32,-2.8681931,0.0,0.0
Jeremy Affeldt,583,2016,37,-3.6452951,0.0,0.0
Grant Balfour,718,2016,38,-3.7984498,0.0,0.0
LaTroy Hawkins,729,2016,43,-4.551408,0.0,0.0
Bruce Chen,769,2016,39,-3.948277,0.0,0.0
Scott Downs,773,2016,40,-4.0977297,0.0,0.0
Randy Choate,813,2016,40,-4.0977297,0.0,0.0
Kris Johnson,886,2016,31,-2.8375757,0.0,0.0
Scott Carroll,888,2016,31,-2.8682532,0.0,0.0
Joe Beimel,979,2016,39,-3.8793905,0.0,0.0
Aaron Thompson,999,2016,29,-2.5837862,0.0,0.0
Rafael Soriano,1100,2016,36,-3.4879644,0.0,0.0
Joe Nathan,1122,2016,41,-4.2473707,0.0,0.0
Tommy Hunter,1157,2016,29,-2.564343,0.0,0.0
Adam Ottavino,1247,2016,30,-2.6476896,0.0,0.0
Pedro Beato,1330,2016,29,-2.564343,0.0,0.0
Curtis Partch,1333,2016,29,-2.6354713,0.0,0.0
Blake Wood,1345,2016,30,-2.6212604,0.0,0.0
Evan Reed,1349,2016,30,-2.7296157,0.0,0.0
Nick Hagadone,1351,2016,30,-2.6476896,0.0,0.0
Charlie Furbush,1370,2016,30,-2.6476896,0.0,0.0
Joaquin Benoit,1437,2016,38,-3.7984498,0.0,0.0
Jon Edwards,1483,2016,28,-2.5727134,0.0,0.0
Oliver Perez,1514,2016,34,-3.1668072,0.0,0.0
Sean Doolittle,1581,2016,29,-2.564343,0.0,0.0
Francisco Rodriguez,1642,2016,34,-3.1668072,0.0,0.0
Javier Lopez,1663,2016,38,-3.7984498,0.0,0.0
Chris Capuano,1701,2016,37,-3.6452951,0.0,0.0
Jose Valverde,1726,2016,38,-3.7984498,0.0,0.0
Kevin Gregg,1793,2016,38,-3.7984498,0.0,0.0
J.J. Putz,1795,2016,39,-3.948277,0.0,0.0
Neal Cotts,1797,2016,36,-3.4118469,0.0,0.0
Humberto Quintero,1824,2016,36,-4.2463303,0.0,0.0
Matt Belisle,1837,2016,36,-3.4879644,0.0,0.0
Shawn Camp,1855,2016,40,-4.0977297,0.0,0.0
Sean Burnett,1886,2016,33,-3.010458,0.0,0.0
Matt Moore,1890,2016,27,-2.3807826,0.0,0.0
Jason Frasor,1906,2016,38,-3.7984498,0.0,0.0
Matt Thornton,1918,2016,39,-3.948277,0.0,0.0
Frank Francisco,1933,2016,36,-3.4879644,0.0,0.0
Mike Adams,1937,2016,37,-3.6452951,0.0,0.0
Justin Germano,1938,2016,33,-3.010458,0.0,0.0
Raul Valdes,1953,2016,38,-3.7984498,0.0,0.0
Ivan Nova,1994,2016,29,-2.564343,0.0,0.0
Matt Guerrier,2061,2016,37,-3.6452951,0.0,0.0
Jose Veras,2063,2016,35,-3.3280334,0.0,0.0
Heath Bell,2080,2016,38,-3.7984498,0.0,0.0
Chad Qualls,2170,2016,37,-3.6452951,0.0,0.0
Ronald Belisario,2203,2016,33,-3.010458,0.0,0.0
Blaine Boyer,2237,2016,34,-2.991494,0.0,0.0
Brandon Gomes,2267,2016,31,-2.7460904,0.0,0.0
Joel Peralta,2332,2016,40,-4.0977297,0.0,0.0
Anthony Varvaro,2385,2016,31,-2.7460904,0.0,0.0
Hector Rondon,2391,2016,28,-2.5426338,0.0,0.0
Cory Rasmus,2413,2016,28,-2.5426338,0.0,0.0
Eric Surkamp,2540,2016,28,-2.4561357,0.0,0.0
Joe Paterson,2565,2016,30,-2.6476896,0.0,0.0
Scott Atchison,2642,2016,40,-4.0977297,0.0,0.0
Brian Matusz,2646,2016,29,-2.564343,0.0,0.0
Corey Brown,2650,2016,30,-2.0263155,0.0,0.0
Brett Cecil,2660,2016,29,-2.564343,0.0,0.0
Joba Chamberlain,2692,2016,30,-2.6476896,0.0,0.0
Scott Rice,2743,2016,34,-3.2538228,0.0,0.0
Carlos Marmol,2790,2016,33,-3.010458,0.0,0.0
Joe Savery,2835,2016,30,-2.6476896,0.0,0.0
Drake Britton,2868,2016,27,-2.4367518,0.0,0.0
Santiago Casilla,2873,2016,35,-3.3280334,0.0,0.0
Luis Avilan,2882,2016,26,-2.2647176,0.0,0.0
Juan Oviedo,2886,2016,34,-2.991494,0.0,0.0
Tommy Pham,2967,2016,28,-2.5727134,0.0,0.0
Bruce Billings,3044,2016,30,-2.6753561,0.0,0.0
Kenley Jansen,3096,2016,28,-2.4796844,0.0,0.0
Max Scherzer,3137,2016,31,-2.7460904,0.0,0.0
Tim Collins,3164,2016,26,-2.2647176,0.0,0.0
David Price,3184,2016,30,-2.6476896,0.0,0.0
Will Harris,3192,2016,31,-2.7460904,0.0,0.0
Chris Young,3196,2016,37,-3.588572,0.0,0.0
Josh Stinson,3219,2016,28,-2.4796844,0.0,0.0
Jean Machi,3220,2016,34,-3.1668072,0.0,0.0
T.J. McFarland,3237,2016,27,-2.4367518,0.0,0.0
Zack Britton,3240,2016,28,-2.4796844,0.0,0.0
Ryan Rowland-Smith,3245,2016,33,-2.7598603,0.0,0.0
Juan Gutierrez,3265,2016,32,-2.8390875,0.0,0.0
Jordan Walden,3271,2016,28,-2.4796844,0.0,0.0
Joe Smith,3281,2016,32,-2.8681931,0.0,0.0
Nate Adcock,3282,2016,28,-2.4224753,0.0,0.0
Hiroki Kuroda,3283,2016,41,-4.2473707,0.0,0.0
Hector Noesi,3292,2016,29,-2.564343,0.0,0.0
Chris Hatcher,3299,2016,31,-2.7460904,0.0,0.0
Darren O'Day,3321,2016,33,-3.010458,0.0,0.0
Cesar Ramos,3357,2016,32,-2.8681931,0.0,0.0
Ubaldo Jimenez,3374,2016,32,-2.8681931,0.0,0.0
Jumbo Diaz,3397,2016,32,-2.993064,0.0,0.0
Kevin Whelan,3462,2016,32,-2.907746,0.0,0.0
Andre Rienzo,3507,2016,27,-2.4367518,0.0,0.0
Liam Hendriks,3548,2016,27,-2.3807826,0.0,0.0
Jim Johnson,3656,2016,33,-3.010458,0.0,0.0
Logan Ondrusek,3677,2016,31,-2.7460904,0.0,0.0
Brandon League,3731,2016,33,-3.010458,0.0,0.0
Cesar Jimenez,3762,2016,31,-2.7181444,0.0,0.0
Felipe Paulino,3777,2016,32,-2.7800925,0.0,0.0
Ricky Nolasco,3830,2016,33,-3.010458,0.0,0.0
Zach Duke,3840,2016,33,-3.010458,0.0,0.0
Brett Oberholtzer,3855,2016,26,-2.3130038,0.0,0.0
Rubby de la Rosa,3862,2016,27,-2.3807826,0.0,0.0
Ethan Martin,3877,2016,27,-2.4367518,0.0,0.0
Casey Fien,3926,2016,32,-2.8681931,0.0,0.0
David Carpenter,3959,2016,30,-2.6476896,0.0,0.0
Edward Mujica,3970,2016,32,-2.8681931,0.0,0.0
Allen Webster,3993,2016,26,-2.3130038,0.0,0.0
Josh Outman,4004,2016,31,-2.7460904,0.0,0.0
Eury De la Rosa,4055,2016,26,-2.3130038,0.0,0.0
Brian Duensing,4064,2016,33,-3.010458,0.0,0.0
Pedro Strop,4070,2016,31,-2.7460904,0.0,0.0
Junichi Tazawa,4079,2016,30,-2.6476896,0.0,0.0
Erik Cordier,4086,2016,30,-2.7613866,0.0,0.0
James Russell,4089,2016,30,-2.6476896,0.0,0.0
Luke Gregerson,4090,2016,32,-2.8681931,0.0,0.0
Derek Holland,4141,2016,29,-2.564343,0.0,0.0
Wilton Lopez,4227,2016,32,-2.8681931,0.0,0.0
Jered Weaver,4235,2016,33,-3.010458,0.0,0.0
Brad Lincoln,4241,2016,31,-2.7460904,0.0,0.0
Mark Melancon,4264,2016,31,-2.7460904,0.0,0.0
Manny Parra,4279,2016,33,-3.010458,0.0,0.0
Matt Albers,4300,2016,33,-3.010458,0.0,0.0
Justin Wilson,4301,2016,28,-2.4796844,0.0,0.0
Aaron Poreda,4313,2016,29,-2.5439856,0.0,0.0
Kyle Drabek,4359,2016,28,-2.4796844,0.0,0.0
Craig Breslow,4363,2016,35,-3.3280334,0.0,0.0
Joe Saunders,4366,2016,35,-3.3280334,0.0,0.0
Jeremy Hellickson,4371,2016,29,-2.564343,0.0,0.0
Brad Mills,4420,2016,31,-2.665733,0.0,0.0
Josh Wall,4436,2016,29,-2.564343,0.0,0.0
Pedro Hernandez,4578,2016,27,-2.3807826,0.0,0.0
Matt Lindstrom,4604,2016,36,-3.4879644,0.0,0.0
Bobby Korecky,4608,2016,36,-3.3619452,0.0,0.0
Jason Pridie,4611,2016,32,-1.7574229,0.0,0.0
Joe Thatcher,4620,2016,34,-3.1668072,0.0,0.0
Sam LeCure,4664,2016,32,-2.8681931,0.0,0.0
Pat Neshek,4682,2016,35,-3.3280334,0.0,0.0
Jeff Francis,4684,2016,35,-3.3280334,0.0,0.0
Nate Jones,4696,2016,30,-2.6476896,0.0,0.0
Sergio Santos,4734,2016,32,-2.8681931,0.0,0.0
Donnie Veal,4741,2016,31,-2.7460904,0.0,0.0
Jonathan Broxton,4759,2016,32,-2.8681931,0.0,0.0
Felix Hernandez,4772,2016,30,-2.6476896,0.0,0.0
Matt Shoemaker,4776,2016,29,-2.6354713,0.0,0.0
Vinnie Pestano,4782,2016,31,-2.7460904,0.0,0.0
Rich Hill,4806,2016,36,-3.4879644,0.0,0.0
Brandon Maurer,4878,2016,25,-2.1727161,0.0,0.07153503596782684
Scott Kazmir,4897,2016,32,-2.8390875,0.0,0.0
Justin De Fratus,4955,2016,28,-2.4796844,0.0,0.0
Fernando Salas,4971,2016,31,-2.7460904,0.0,0.0
Fernando Abad,4994,2016,30,-2.6476896,0.0,0.0
Jake Diekman,5003,2016,29,-2.564343,0.0,0.0
Bo Schultz,5028,2016,30,-2.7613866,0.0,0.0
Dale Thayer,5032,2016,35,-3.3280334,0.0,0.0
Josh Fields,5070,2016,30,-2.7296157,0.0,0.0
Evan Meek,5109,2016,33,-2.9198241,0.0,0.0
Alfredo Aceves,5164,2016,33,-3.010458,0.0,0.0
C.C. Lee,5177,2016,29,-2.6354713,0.0,0.0
Ernesto Frieri,5178,2016,30,-2.6476896,0.0,0.0
Mike Pelfrey,5203,2016,32,-2.8681931,0.0,0.0
Chris Perez,5213,2016,30,-2.6476896,0.0,0.0
Wade LeBlanc,5221,2016,31,-2.7460904,0.0,0.0
Blake Parker,5224,2016,31,-2.7460904,0.0,0.0
Rudy Owens,5226,2016,28,-2.5727134,0.0,0.0
Vin Mazzaro,5231,2016,29,-2.564343,0.0,0.0
Jose Alvarez,5358,2016,27,-2.4367518,0.0,0.0
Phillippe Aumont,5362,2016,27,-2.3807826,0.0,0.0
Michael Pineda,5372,2016,27,-2.391688,0.0,0.0
Jorge De Leon,5397,2016,28,-2.5426338,0.0,0.0
Pedro Baez,5420,2016,28,-2.5727134,0.0,0.0
Jesse Chavez,5448,2016,32,-2.8681931,0.0,0.0
Arodys Vizcaino,5498,2016,25,-2.1382673,0.0,0.14297841489315033
Dana Eveland,5508,2016,32,-2.7800925,0.0,0.0
Boone Logan,5525,2016,31,-2.7460904,0.0,0.0
Maikel Cleto,5529,2016,27,-2.3807826,0.0,0.0
Phil Coke,5535,2016,33,-3.010458,0.0,0.0
Matt Harrison,5551,2016,30,-2.6476896,0.0,0.0
Tyler Clippard,5640,2016,31,-2.7460904,0.0,0.0
Brooks Brown,5679,2016,31,-2.8682532,0.0,0.0
Josh Lueke,5722,2016,31,-2.7460904,0.0,0.0
Eric O'Flaherty,5746,2016,31,-2.7460904,0.0,0.0
Jorge Rondon,5791,2016,28,-2.5727134,0.0,0.0
Jason Motte,5861,2016,34,-3.0782726,0.0,0.0
Danny Salazar,5867,2016,26,-2.3130038,0.0,0.0
Gonzalez Germen,5876,2016,28,-2.5426338,0.0,0.0
Darin Downs,5903,2016,31,-2.7460904,0.0,0.0
Sean Marshall,5905,2016,33,-3.010458,0.0,0.0
Wesley Wright,5960,2016,31,-2.7460904,0.0,0.0
Jonathan Papelbon,5975,2016,35,-3.3280334,0.0,0.0
Francisley Bueno,5980,2016,35,-3.3280334,0.0,0.0
Kelvin Herrera,6033,2016,26,-2.2647176,0.0,0.0
Matt Pagnozzi,6046,2016,33,-2.117174,0.0,0.0
Joe Wieland,6109,2016,26,-2.2911642,0.0,0.0
Juan Jaime,6127,2016,28,-2.5727134,0.0,0.0
Scott Baker,6176,2016,34,-3.138542,0.0,0.0
Dellin Betances,6216,2016,28,-2.4561357,0.0,0.0
Tom Gorzelanny,6244,2016,33,-3.010458,0.0,0.0
Scott Feldman,6283,2016,33,-3.010458,0.0,0.0
Esmil Rogers,6317,2016,30,-2.6476896,0.0,0.0
Al Alburquerque,6324,2016,30,-2.6476896,0.0,0.0
Ryan Feierabend,6336,2016,30,-2.356147,0.0,0.0
Chris Archer,6345,2016,27,-2.221572,0.0,0.0
Henry Rodriguez,6371,2016,29,-2.564343,0.0,0.0
Trevor May,6398,2016,26,-2.3388057,0.0,0.0
Jose Cisnero,6399,2016,27,-2.4367518,0.0,0.0
Kevin Jepsen,6475,2016,31,-2.7460904,0.0,0.0
Steve Cishek,6483,2016,30,-2.6476896,0.0,0.0
Brian Wilson,6485,2016,34,-3.1668072,0.0,0.0
Donnie Joseph,6491,2016,28,-2.5426338,0.0,0.0
Blaine Hardy,6499,2016,29,-2.6667674,0.0,0.0
Josh Zeid,6527,2016,29,-2.6354713,0.0,0.0
Pat McCoy,6605,2016,27,-2.4649537,0.0,0.0
Marc Rzepczynski,6612,2016,30,-2.6476896,0.0,0.0
Pedro Figueroa,6616,2016,30,-2.6476896,0.0,0.0
Brad Brach,6627,2016,30,-2.6476896,0.0,0.0
Carlos Carrasco,6632,2016,29,-2.5395148,0.0,0.0
Jim Henderson,6653,2016,33,-3.010458,0.0,0.0
Craig Kimbrel,6655,2016,28,-2.4796844,0.0,0.0
Alex Colome,6661,2016,27,-2.4367518,0.0,0.0
Luke Putkonen,6736,2016,30,-2.6476896,0.0,0.0
Cesar Cabral,6741,2016,27,-2.4367518,0.0,0.0
Andrew Miller,6785,2016,31,-2.7460904,0.0,0.0
Sam Freeman,6832,2016,29,-2.564343,0.0,0.0
Jeff Manship,6865,2016,31,-2.7460904,0.0,0.0
Martin Perez,6902,2016,25,-2.1344976,0.0,0.17842750251293182
Joakim Soria,6941,2016,32,-2.8390875,0.0,0.0
Yohan Pino,6955,2016,32,-2.993064,0.0,0.0
Drew Storen,6983,2016,28,-2.4796844,0.0,0.0
Luis Garcia,6984,2016,29,-2.6354713,0.0,0.0
Ryan Pressly,7005,2016,27,-2.4367518,0.0,0.0
Alex Torres,7038,2016,28,-2.4561357,0.0,0.0
Eric Fornataro,7042,2016,28,-2.5727134,0.0,0.0
Trevor Bell,7074,2016,29,-2.4427645,0.0,0.0
John Lannan,7080,2016,31,-2.7460904,0.0,0.0
Jonathan Pettibone,7106,2016,25,-2.1727161,0.0,0.07153503596782684
Daniel Hudson,7146,2016,29,-2.5319307,0.0,0.0
Chris Withrow,7161,2016,27,-2.4367518,0.0,0.0
Ryan Mattheus,7169,2016,32,-2.8681931,0.0,0.0
B.J. Rosenberg,7183,2016,30,-2.6476896,0.0,0.0
Greg Holland,7196,2016,30,-2.6476896,0.0,0.0
Nick Masset,7267,2016,34,-2.991494,0.0,0.0
Brad Ziegler,7293,2016,36,-3.4879644,0.0,0.0
Preston Guilmet,7303,2016,28,-2.5426338,0.0,0.0
Casey Janssen,7355,2016,34,-3.1668072,0.0,0.0
Dan Otero,7385,2016,31,-2.7460904,0.0,0.0
Javy Guerra,7407,2016,30,-2.6476896,0.0,0.0
J.A. Happ,7410,2016,33,-3.010458,0.0,0.0
Austin Adams,7411,2016,29,-2.6667674,0.0,0.0
Mark Lowe,7416,2016,33,-3.010458,0.0,0.0
Bradin Hagens,7422,2016,27,-2.4649537,0.0,0.0
Wade Davis,7441,2016,30,-2.6476896,0.0,0.0
Jim Miller,7458,2016,34,-3.1668072,0.0,0.0
Anthony Swarzak,7466,2016,30,-2.6476896,0.0,0.0
Ryan Webb,7474,2016,30,-2.6476896,0.0,0.0
Scott Elbert,7489,2016,30,-2.5763512,0.0,0.0
Tommy Layne,7501,2016,31,-2.7460904,0.0,0.0
Evan Scribner,7525,2016,30,-2.6476896,0.0,0.0
Collin McHugh,7531,2016,29,-2.564343,0.0,0.0
Lucas Harrell,7541,2016,31,-2.7460904,0.0,0.0
Jake McGee,7550,2016,29,-2.564343,0.0,0.0
Jarrett Grube,7553,2016,34,-3.2775931,0.0,0.0
Nick Vincent,7555,2016,29,-2.564343,0.0,0.0
Fernando Rodriguez,7558,2016,32,-2.7800925,0.0,0.0
Tommy Milone,7608,2016,29,-2.564343,0.0,0.0
Chris Leroux,7645,2016,32,-2.8681931,0.0,0.0
Neil Ramirez,7677,2016,27,-2.4649537,0.0,0.0
Bobby LaFromboise,7758,2016,30,-2.7296157,0.0,0.0
Yoslan Herrera,7759,2016,35,-3.2810824,0.0,0.0
Shawn Kelley,7773,2016,32,-2.8681931,0.0,0.0
Hunter Strickland,7836,2016,27,-2.4649537,0.0,0.0
Jerry Blevins,7841,2016,32,-2.8681931,0.0,0.0
Josh Lindblom,7882,2016,29,-2.564343,0.0,0.0
Matt Daley,7952,2016,34,-3.138542,0.0,0.0
Matt West,7980,2016,27,-2.4649537,0.0,0.0
Anthony Bass,7982,2016,28,-2.3294744,0.0,0.0
Ramon Ramirez,7986,2016,34,-3.1668072,0.0,0.0
Paul Clemens,8037,2016,28,-2.5426338,0.0,0.0
Glen Perkins,8041,2016,33,-3.010458,0.0,0.0
Jason Vargas,8044,2016,33,-3.010458,0.0,0.0
Will Smith,8048,2016,26,-2.2647176,0.0,0.0
Dan Jennings,8073,2016,29,-2.564343,0.0,0.0
Stephen Fife,8077,2016,29,-2.564343,0.0,0.0
Bryan Shaw,8110,2016,28,-2.4796844,0.0,0.0
Neil Wagner,8162,2016,32,-2.8390875,0.0,0.0
Kevin Siegrist,8180,2016,26,-2.3130038,0.0,0.0
Steven Wright,8185,2016,31,-2.8375757,0.0,0.0
David Robertson,8241,2016,31,-2.7460904,0.0,0.0
J.P. Howell,8245,2016,33,-3.010458,0.0,0.0
Billy Buckner,8253,2016,32,-2.8121715,0.0,0.0
Huston Street,8258,2016,32,-2.8681931,0.0,0.0
Casey Coleman,8270,2016,28,-2.4224753,0.0,0.0
Tony Sipp,8280,2016,32,-2.8681931,0.0,0.0
Lucas Luetge,8337,2016,29,-2.564343,0.0,0.0
Jared Burton,8346,2016,35,-3.3280334,0.0,0.0
AJ Ramos,8350,2016,29,-2.564343,0.0,0.0
Troy Patton,8368,2016,30,-2.6476896,0.0,0.0
Steve Geltz,8402,2016,28,-2.5161624,0.0,0.0
Alfredo Figaro,8404,2016,31,-2.6931977,0.0,0.0
Bryan Price,8436,2016,29,-2.6667674,0.0,0.0
Danny Farquhar,8501,2016,29,-2.5395148,0.0,0.0
Jeff Beliveau,8504,2016,29,-2.564343,0.0,0.0
Michael Kohn,8505,2016,30,-2.6212604,0.0,0.0
Rob Wooten,8532,2016,30,-2.7296157,0.0,0.0
Justin Miller,8580,2016,29,-2.6667674,0.0,0.0
Dustin McGowan,8600,2016,34,-3.138542,0.0,0.0
Wilking Rodriguez,8801,2016,26,-2.3388057,0.0,0.0
Ryan Cook,8855,2016,29,-2.564343,0.0,0.0
David Martinez,8893,2016,28,-2.5426338,0.0,0.0
Arquimedes Caminero,8992,2016,29,-2.6354713,0.0,0.0
Adam Warren,9029,2016,28,-2.4796844,0.0,0.0
John Axford,9059,2016,33,-3.010458,0.0,0.0
Kirby Yates,9073,2016,29,-2.6667674,0.0,0.0
Zach Putnam,9080,2016,28,-2.4796844,0.0,0.0
T.J. House,9121,2016,26,-2.3388057,0.0,0.0
Charlie Leesman,9124,2016,29,-2.6354713,0.0,0.0
Sean O'Sullivan,9137,2016,28,-2.4561357,0.0,0.0
Lester Oliveros,9167,2016,28,-2.4224753,0.0,0.0
Kyle Lobstein,9178,2016,26,-2.3388057,0.0,0.0
Vic Black,9195,2016,28,-2.5426338,0.0,0.0
Koji Uehara,9227,2016,41,-4.2473707,0.0,0.0
Alex Wilson,9239,2016,29,-2.6354713,0.0,0.0
David Carpenter,9244,2016,28,-2.4796844,0.0,0.0
Ryan Dennick,9261,2016,29,-2.6667674,0.0,0.0
Rob Scahill,9286,2016,29,-2.564343,0.0,0.0
Dylan Axelrod,9303,2016,30,-2.6476896,0.0,0.0
Jared Hughes,9325,2016,30,-2.6476896,0.0,0.0
Brandon Morrow,9346,2016,31,-2.7460904,0.0,0.0
Josh Tomlin,9388,2016,31,-2.7460904,0.0,0.0
John Holdzkom,9392,2016,28,-2.5727134,0.0,0.0
Zac Rosscup,9419,2016,28,-2.5426338,0.0,0.0
Ryan Buchter,9456,2016,29,-2.6667674,0.0,0.0
George Kontos,9486,2016,31,-2.7460904,0.0,0.0
Phil Irwin,9489,2016,29,-2.6354713,0.0,0.0
Jeremy Jeffress,9490,2016,28,-2.4796844,0.0,0.0
Jose Ortega,9651,2016,27,-2.3807826,0.0,0.0
Louis Coleman,9720,2016,30,-2.6476896,0.0,0.0
Burke Badenhop,9736,2016,33,-3.010458,0.0,0.0
Rex Brothers,9794,2016,28,-2.4796844,0.0,0.0
Miles Mikolas,9803,2016,27,-2.3807826,0.0,0.0
Sergio Romo,9817,2016,33,-3.010458,0.0,0.0
Chaz Roe,9866,2016,29,-2.6354713,0.0,0.0
Bryan Anderson,9871,2016,29,-21.30452,0.0,0.0
Michael Kirkman,9877,2016,29,-2.564343,0.0,0.0
Chris Rusin,9895,2016,29,-2.564343,0.0,0.0
Bobby Parnell,9926,2016,31,-2.7460904,0.0,0.0
Brandon Kintzler,9939,2016,31,-2.7460904,0.0,0.0
Todd Redmond,9943,2016,31,-2.7460904,0.0,0.0
Mike Dunn,9948,2016,31,-2.7460904,0.0,0.0
Tom Wilhelmsen,9975,2016,32,-2.8681931,0.0,0.0
Taylor Thompson,10019,2016,29,-2.6667674,0.0,0.0
Ian Krol,10066,2016,25,-2.1727161,0.0,0.07153503596782684
Caleb Thielbar,10078,2016,29,-2.6354713,0.0,0.0
Keith Butler,10080,2016,27,-2.4367518,0.0,0.0
Dane de la Rosa,10095,2016,33,-3.010458,0.0,0.0
Brad Boxberger,10133,2016,28,-2.4796844,0.0,0.0
Aaron Crow,10149,2016,29,-2.564343,0.0,0.0
Jose Ramirez,10171,2016,26,-2.3388057,0.0,0.0
Melvin Mercedes,10181,2016,25,-2.194893,0.0,0.03293284773826599
Tyler Skaggs,10190,2016,24,-1.9918462,0.0,0.4016461968421936
Aroldis Chapman,10233,2016,28,-2.4796844,0.0,0.0
Bryan Morris,10234,2016,29,-2.564343,0.0,0.0
Alexi Ogando,10261,2016,32,-2.8681931,0.0,0.0
Justin Marks,10265,2016,28,-2.5727134,0.0,0.0
Tanner Scheppers,10267,2016,29,-2.564343,0.0,0.0
Chris Heston,10302,2016,28,-2.5727134,0.0,0.0
Roman Mendez,10307,2016,25,-2.194893,0.0,0.03293284773826599
Erasmo Ramirez,10314,2016,26,-2.2647176,0.0,0.0
Michael Tonkin,10315,2016,26,-2.3130038,0.0,0.0
Chad Jenkins,10326,2016,28,-2.4796844,0.0,0.0
Nick Christiani,10332,2016,28,-2.5426338,0.0,0.0
Edwin Escobar,10337,2016,24,-2.0385492,0.0,0.24715298414230347
Aaron Loup,10343,2016,28,-2.4796844,0.0,0.0
Carlos Contreras,10386,2016,25,-2.194893,0.0,0.03293284773826599
Wilfredo Tovar,10416,2016,24,-2.7759104,0.0,0.3273749351501465
Shawn Tolleson,10481,2016,28,-2.4796844,0.0,0.0
Yoervis Medina,10498,2016,27,-2.4367518,0.0,0.0
Preston Claiborne,10500,2016,28,-2.5426338,0.0,0.0
Mario Hollands,10504,2016,27,-2.4649537,0.0,0.0
Jake Petricka,10534,2016,28,-2.5426338,0.0,0.0
Daniel Webb,10558,2016,26,-2.3130038,0.0,0.0
Addison Reed,10586,2016,27,-2.3807826,0.0,0.0
Chad Bettis,10587,2016,27,-2.4367518,0.0,0.0
Chris Sale,10603,2016,27,-2.3807826,0.0,0.0
Seth Rosin,10606,2016,27,-2.4649537,0.0,0.0
Stephen Pryor,10663,2016,26,-2.2647176,0.0,0.0
Red Patterson,10710,2016,29,-2.6667674,0.0,0.0
Trevor Rosenthal,10745,2016,26,-2.2647176,0.0,0.0
Shane Greene,10756,2016,27,-2.4649537,0.0,0.0
Josh Edgin,10796,2016,29,-2.564343,0.0,0.0
Jake Dunning,10803,2016,27,-2.4367518,0.0,0.0
Mike Foltynewicz,10811,2016,24,-2.0385492,0.0,0.24715298414230347
Michael Mariot,10835,2016,27,-2.4649537,0.0,0.0
Chasen Shreve,10855,2016,25,-2.194893,0.0,0.03293284773826599
Jake Buchanan,10962,2016,26,-2.3388057,0.0,0.0
Ben Rowen,10983,2016,27,-2.4649537,0.0,0.0
C.J. Riefenhauser,11193,2016,26,-2.3388057,0.0,0.0
Casey Sadler,11209,2016,25,-2.194893,0.0,0.03293284773826599
Kevin Chapman,11240,2016,28,-2.5426338,0.0,0.0
Aaron Barrett,11243,2016,28,-2.5727134,0.0,0.0
Rob Rasmussen,11250,2016,27,-2.4649537,0.0,0.0
Logan Darnell,11261,2016,27,-2.4649537,0.0,0.0
Lisalverto Bonilla,11266,2016,26,-2.3388057,0.0,0.0
Sean Nolin,11341,2016,26,-2.3130038,0.0,0.0
A.J. Achter,11387,2016,27,-2.4649537,0.0,0.0
Drew Pomeranz,11426,2016,27,-2.3807826,0.0,0.0
Brandon Workman,11428,2016,27,-2.4367518,0.0,0.0
Bryan Mitchell,11479,2016,25,-2.194893,0.0,0.03293284773826599
Aaron Sanchez,11490,2016,23,-1.8744248,0.0,0.4603162407875061
Jose Dominguez,11571,2016,25,-2.1727161,0.0,0.07153503596782684
Mike Kickham,11618,2016,27,-2.4367518,0.0,0.0
Heath Hembree,11632,2016,27,-2.4367518,0.0,0.0
Sam Dyson,11710,2016,28,-2.4796844,0.0,0.0
Erik Goeddel,11712,2016,27,-2.4649537,0.0,0.0
Justin Grimm,11720,2016,27,-2.3807826,0.0,0.0
Kyle Ryan,11753,2016,24,-2.0385492,0.0,0.24715298414230347
Drew Smyly,11760,2016,27,-2.3807826,0.0,0.0
Hector Neris,11804,2016,27,-2.4649537,0.0,0.0
Steve Delabar,11827,2016,32,-2.8681931,0.0,0.0
James Paxton,11828,2016,27,-2.4367518,0.0,0.0
Taijuan Walker,11836,2016,23,-1.858005,0.0,0.4978209137916565
Chris Martin,11847,2016,30,-2.7613866,0.0,0.0
Brett Bochy,11867,2016,28,-2.5727134,0.0,0.0
Scott Snodgress,12020,2016,26,-2.3388057,0.0,0.0
Brian Flynn,12027,2016,26,-2.3130038,0.0,0.0
Yimi Garcia,12095,2016,25,-2.194893,0.0,0.03293284773826599
Matt Stites,12165,2016,26,-2.3388057,0.0,0.0
Cody Allen,12183,2016,27,-2.3807826,0.0,0.0
Aaron Brooks,12272,2016,26,-2.3388057,0.0,0.0
Leonel Campos,12277,2016,28,-2.5727134,0.0,0.0
Evan Marshall,12297,2016,26,-2.3388057,0.0,0.0
Chris Bassitt,12304,2016,27,-2.4649537,0.0,0.0
Kevin Quackenbush,12360,2016,27,-2.4649537,0.0,0.0
Spencer Patton,12361,2016,28,-2.5727134,0.0,0.0
Drew Rucinski,12499,2016,27,-2.4649537,0.0,0.0
Erik Johnson,12520,2016,26,-2.3130038,0.0,0.0
Nick Maronde,12530,2016,26,-2.2647176,0.0,0.0
Nathan Karns,12638,2016,28,-2.5426338,0.0,0.0
Roenis Elias,12673,2016,27,-2.4649537,0.0,0.0
Phil Klein,12675,2016,27,-2.4649537,0.0,0.0
Trevor Bauer,12703,2016,25,-2.1344976,0.0,0.17842750251293182
Nick Martinez,12730,2016,25,-2.194893,0.0,0.03293284773826599
Sonny Gray,12768,2016,26,-2.3130038,0.0,0.0
Jairo Diaz,12774,2016,25,-2.194893,0.0,0.03293284773826599
Carter Capps,12803,2016,25,-2.1344976,0.0,0.17842750251293182
Matt Barnes,12863,2016,26,-2.3388057,0.0,0.0
Alex Claudio,12890,2016,24,-2.0385492,0.0,0.24715298414230347
Ken Giles,12910,2016,25,-2.194893,0.0,0.03293284773826599
Wei-Yin Chen,13071,2016,30,-2.6476896,0.0,0.0
Frank Garces,13144,2016,26,-2.3388057,0.0,0.0
Carson Smith,13172,2016,26,-2.3388057,0.0,0.0
Danny Coulombe,13293,2016,26,-2.3388057,0.0,0.0
Cam Bedrosian,13360,2016,24,-2.0385492,0.0,0.24715298414230347
Paco Rodriguez,13398,2016,25,-2.1344976,0.0,0.17842750251293182
R.J. Alvarez,13401,2016,25,-2.194893,0.0,0.03293284773826599
Drew VerHagen,13424,2016,25,-2.194893,0.0,0.03293284773826599
Marcus Stroman,13431,2016,25,-2.194893,0.0,0.03293284773826599
Mike Morin,13442,2016,25,-2.194893,0.0,0.03293284773826599
Daniel Norris,13475,2016,23,-1.8744248,0.0,0.4603162407875061
Sam Tuivailala,13485,2016,23,-1.8744248,0.0,0.4603162407875061
Chad Smith,13604,2016,26,-2.3388057,0.0,0.0
Michael Roth,13736,2016,26,-2.3130038,0.0,0.0
Dominic Leone,13763,2016,24,-2.0385492,0.0,0.24715298414230347
Ian Thomas,13881,2016,29,-2.6667674,0.0,0.0
Kevin Gausman,14107,2016,25,-2.1727161,0.0,0.07153503596782684
Shae Simmons,14200,2016,25,-2.194893,0.0,0.03293284773826599
Dario Alvarez,14239,2016,27,-2.4649537,0.0,0.0
Wei-Chung Wang,14382,2016,24,-2.0385492,0.0,0.24715298414230347
Kyuji Fujikawa,14443,2016,35,-3.4018593,0.0,0.0
Buck Farmer,14814,2016,25,-2.194893,0.0,0.03293284773826599
Corey Knebel,15010,2016,24,-2.0385492,0.0,0.24715298414230347
Kyle Crockett,15033,2016,24,-2.0385492,0.0,0.24715298414230347
Kendall Graveman,15514,2016,25,-2.194893,0.0,0.03293284773826599
Miguel Gonzalez,15675,2016,29,-2.6667674,0.0,0.0
Brandon Finnegan,16208,2016,23,-1.8744248,0.0,0.4603162407875061
David Murphy,6035,2016,34,-4.39934,0.0,0.6537950038909912
Jeff Baker,2073,2016,35,-5.6154804,0.0,0.0
Zach Walters,10622,2016,26,-1.9606069,0.0,0.0
Geovany Soto,3707,2016,33,-8.292415,0.0,0.0
Brad Snyder,6052,2016,34,-12.806741,0.0,0.0
Reid Brignac,8380,2016,30,-4.656515,0.0,0.5027577877044678
Brayan Pena,3231,2016,34,-5.8577175,0.0,0.865746796131134
Xavier Nady,1658,2016,37,-7.7572975,0.0,0.0
Michael A. Taylor,11489,2016,25,-0.055835284,0.0,3.711174726486206
Adam Moore,9362,2016,32,-5.0656157,0.0,0.0
Steve Clevenger,9542,2016,30,-6.3164196,0.0,0.0
Steven Souza Jr.,5667,2016,27,-4.387843,0.0,0.0
Chris Valaika,1165,2016,30,-3.303378,0.0,0.0
Dan Butler,9968,2016,29,-4.633986,0.0,0.0
J.T. Realmuto,11739,2016,25,-4.5540924,0.0,0.0
Xavier Scruggs,7409,2016,28,-6.8522644,0.0,0.0
Joaquin Arias,3817,2016,31,-1.4573845,0.0,0.0
Andy Marte,3203,2016,32,-0.6306419,0.0,0.8022291660308838
Tuffy Gosewisch,5277,2016,32,-5.3871326,0.0,0.0
Austin Romine,5491,2016,27,-4.8519554,0.0,0.0
Carlos Triunfel,193,2016,26,-2.48757,0.0,0.14121057093143463
Dean Anna,8353,2016,29,-0.24841823,0.0,0.05175332725048065
Justin Sellers,4006,2016,30,-2.356565,0.0,0.7161688804626465
Vince Belnome,8126,2016,28,-2.5727134,0.0,0.0
Curt Casali,12510,2016,27,-3.8604317,0.0,0.0
Raffy Lopez,12606,2016,28,-2.5727134,0.0,0.0
Jake Elmore,7290,2016,29,0.13316071,0.0,1.557011365890503
Danny Worth,198,2016,30,-3.0410347,0.0,1.3363591432571411
Jorge De La Rosa,2047,2016,35,-3.3280334,0.0,0.0
Alfredo Simon,2155,2016,35,-3.3280334,0.0,0.0
Johnny Cueto,6893,2016,30,-2.6476896,0.0,0.0
Franklin Morales,5088,2016,30,-2.6476896,0.0,0.0
Brandon McCarthy,4662,2016,32,-2.8681931,0.0,0.0
Kyle Lohse,739,2016,37,-3.6452951,0.0,0.0
Ervin Santana,3200,2016,33,-3.010458,0.0,0.0
Gio Gonzalez,7448,2016,30,-2.6476896,0.0,0.0
Jeff Locke,2929,2016,28,-2.4796844,0.0,0.0
Francisco Liriano,3201,2016,32,-2.8681931,0.0,0.0
Trevor Cahill,6249,2016,28,-2.4796844,0.0,0.0
Yohan Flande,5057,2016,30,-2.7613866,0.0,0.0
Mat Latos,3815,2016,28,-2.5142498,0.0,0.0
Gavin Floyd,3886,2016,33,-3.010458,0.0,0.0
Tim Lincecum,5705,2016,32,-2.8681931,0.0,0.0
Mike Bolsinger,11137,2016,28,-2.5727134,0.0,0.0
Brett Jackson,9632,2016,27,-2.1238883,0.0,0.18748904764652252
Tyler Chatwood,4338,2016,26,-2.2647176,0.0,0.0
Jesse Hahn,13287,2016,26,-2.3388057,0.0,0.0
Joey Butler,7799,2016,30,-2.2970867,0.0,0.0
Vidal Nuno,9674,2016,28,-2.5426338,0.0,0.0
Tsuyoshi Wada,13046,2016,35,-3.4222984,0.0,0.0
Mike Baxter,4464,2016,31,-5.658597,0.0,0.0
David Hale,9756,2016,28,-2.5426338,0.0,0.0
Jamey Wright,715,2016,41,-4.2473707,0.0,0.0
R.A. Dickey,1245,2016,41,-4.2724433,0.0,0.0
Rick Porcello,2717,2016,27,-2.3807826,0.0,0.0
Danny Duffy,3542,2016,27,-2.3807826,0.0,0.0
Carlos Frias,3547,2016,26,-2.3388057,0.0,0.0
Jon Lester,4930,2016,32,-2.8681931,0.0,0.0
Tony Abreu,5053,2016,31,-13.116819,0.0,0.0
Chris Tillman,5279,2016,28,-2.4796844,0.0,0.0
Brad Peacock,5401,2016,28,-2.4561357,0.0,0.0
Jair Jurrjens,5556,2016,30,-23.448124,0.0,59.12773895263672
David Phelps,6316,2016,29,-2.564343,0.0,0.0
Stolmy Pimentel,6415,2016,26,-2.3130038,0.0,0.0
Chase d'Arnaud,6652,2016,29,-7.4447074,0.0,24.17547035217285
Miguel Gonzalez,7024,2016,32,-2.8681931,0.0,0.0
Phil Hughes,7450,2016,30,-2.6476896,0.0,0.0
Carlos Torres,7624,2016,33,-3.010458,0.0,0.0
David Holmberg,7725,2016,24,-2.0195038,0.0,0.2855742275714874
Matt Hague,7772,2016,30,-13.338182,0.0,0.0
Jaff Decker,7945,2016,26,-2.1450458,0.0,0.2741893231868744
Guillermo Quiroz,7989,2016,34,-4.8971148,0.0,0.0
Nick Greenwood,8182,2016,28,-2.5727134,0.0,0.0
Cord Phelps,8631,2016,29,-6.6468296,0.0,0.0
Ali Solis,8848,2016,28,-2.5161624,0.0,0.0
Garrett Richards,9784,2016,28,-2.4796844,0.0,0.0
Kevin Slowey,9918,2016,32,-2.8390875,0.0,0.0
Eric Jokisch,11157,2016,26,-2.3388057,0.0,0.0
Aaron Altherr,11270,2016,25,-2.194893,0.0,0.03293284773826599
Tommy Kahnle,11384,2016,26,-2.3388057,0.0,0.0
Jose Quintana,11423,2016,27,-2.3807826,0.0,0.0
Anthony Ranaudo,11424,2016,26,-2.3388057,0.0,0.0
Rafael Montero,12760,2016,25,-2.194893,0.0,0.03293284773826599
Eddie Butler,13453,2016,25,-2.194893,0.0,0.03293284773826599
Matthew Clark,8793,2016,29,-3.574637,0.0,0.0
C.J. Cron,12546,2016,26,-7.01567,0.0,0.0
Kurt Suzuki,8259,2016,32,-5.3228345,0.0,0.0
Ryan Howard,2154,2016,36,-6.3245144,0.0,0.0
Bobby Abreu,945,2016,42,-4.852035,0.0,0.13281935453414917
Lyle Overbay,1617,2016,39,-4.4147377,0.0,0.0
Grant Green,10053,2016,28,0.06298187,0.0,2.8933331966400146
Gordon Beckham,9015,2016,29,-3.0209587,0.0,0.08304028958082199
Justin Smoak,9054,2016,29,-4.9444823,0.0,0.0
Donnie Murphy,4704,2016,33,-1.9473208,0.0,0.3296767771244049
Jerry Sands,4016,2016,28,-5.069152,0.0,0.0
Koyie Hill,1829,2016,37,-4.5194488,0.0,0.0
Zelous Wheeler,8822,2016,29,-4.135224,0.0,0.0
Omar Quintanilla,6335,2016,34,-4.386852,0.0,0.0
Yorman Rodriguez,9922,2016,23,2.8918118,0.0,2.0595786571502686
Jack Hannahan,3692,2016,36,-4.336184,0.0,0.0
John McDonald,395,2016,41,-4.676351,0.0,0.0
Taylor Teagarden,5199,2016,32,-4.2372313,0.0,0.09340498596429825
Sandy Leon,5273,2016,27,-3.680472,0.0,0.0
Jason Rogers,11773,2016,28,-2.5727134,0.0,0.0
Brooks Conrad,3664,2016,36,-1.7477825,0.0,0.0
Guilder Rodriguez,3412,2016,32,-1.3221524,0.0,0.0
Ryan Roberts,5653,2016,35,-6.9209557,0.0,0.0
Marco Scutaro,1555,2016,40,-3.0934138,0.0,0.0
Yovani Gallardo,8173,2016,30,-2.6476896,0.0,0.0
Tanner Roark,8753,2016,29,-2.6354713,0.0,0.0
Julio Teheran,6797,2016,25,-2.1344976,0.0,0.17842750251293182
Lance Lynn,2520,2016,29,-2.564343,0.0,0.0
Eric Stults,8011,2016,36,-3.4879644,0.0,0.0
Zack Wheeler,10310,2016,26,-2.3130038,0.0,0.0
Alex Wood,13781,2016,25,-2.1727161,0.0,0.07153503596782684
Vance Worley,6435,2016,28,-2.4796844,0.0,0.0
Juan Nicasio,7731,2016,29,-2.564343,0.0,0.0
Cristhian Adames,6013,2016,24,-3.956573,0.0,0.0
Yusmeiro Petit,4020,2016,31,-2.7460904,0.0,0.0
Mike Fiers,7754,2016,31,-2.7460904,0.0,0.0
Christian Bergman,10925,2016,28,-2.5727134,0.0,0.0
Ronny Cedeno,2179,2016,33,-2.4928524,0.0,0.1735161542892456
Carlos Villanueva,4138,2016,32,-2.8681931,0.0,0.0
Jenrry Mejia,8476,2016,26,-2.2647176,0.0,0.0
Ryan Lavarnway,8879,2016,28,-4.5320234,0.0,0.0
Dan Johnson,2167,2016,36,-7.9522853,0.0,0.0
Ryan Wheeler,9312,2016,27,-2.693834,0.0,0.0
Andrew Brown,3837,2016,31,-4.3413744,0.0,0.0
Miguel Olivo,1638,2016,37,-8.082031,0.0,0.0
Juan Centeno,7168,2016,26,-9.044415,0.0,0.0
Caleb Gindl,5002,2016,27,-3.756208,0.0,0.0
Andrew Cashner,8782,2016,29,-1.6332483,0.0,0.0
Kyle Parker,11763,2016,26,-1.4775333,0.0,0.07719720155000687
Jeff Francoeur,4792,2016,32,0.05240295,0.0,0.6857610940933228
Xavier Paul,5963,2016,31,-3.4684577,0.0,0.0
Jamie Romak,5552,2016,30,-2.7613866,0.0,0.0
Nathan Eovaldi,9132,2016,26,-2.2647176,0.0,0.0
Brad Glenn,7392,2016,29,-4.9147644,0.0,0.0
Doug Fister,9425,2016,32,-2.8681931,0.0,0.0
Roberto Hernandez,3273,2016,35,-3.3280334,0.0,0.0
Matt Garza,3340,2016,32,-2.8681931,0.0,0.0
Tim Hudson,921,2016,40,-4.1284533,0.0,0.0
Charlie Morton,4676,2016,32,-2.8681931,0.0,0.0
Dillon Gee,7396,2016,30,-2.6476896,0.0,0.0
Brad Hand,9111,2016,26,-2.2647176,0.0,0.0
Michael Wacha,14078,2016,24,-2.0195038,0.0,0.2855742275714874
Odrisamer Despaigne,16017,2016,29,-2.6667674,0.0,0.0
Jake Peavy,1051,2016,35,-3.3280334,0.0,0.0
Prince Fielder,4613,2016,32,-8.04563,0.0,0.0
Ryan Ludwick,1260,2016,37,-6.6950865,0.0,0.0
Jose Tabata,2411,2016,27,-4.2887244,0.0,1.002882957458496
Josh Thole,9689,2016,29,-4.0776,0.0,0.5200909376144409
John Buck,2041,2016,35,-2.9739969,0.0,0.0
Alex Gonzalez,520,2016,39,-6.64644,0.0,0.0
Shane Robinson,4249,2016,31,-2.1962616,0.0,0.5671600699424744
Josh Satin,6788,2016,31,-6.316337,0.0,0.0
Michael Martinez,7358,2016,33,-3.6534195,0.0,0.0
Tim Federowicz,8609,2016,28,-2.7569175,0.0,0.1991521120071411
Chris Dominguez,9718,2016,29,-9.122043,0.0,0.0
Aaron Harang,1451,2016,38,-3.7984498,0.0,0.0
Wily Peralta,7738,2016,27,-2.3807826,0.0,0.0
Tom Koehler,6570,2016,30,-2.6476896,0.0,0.0
Edinson Volquez,3990,2016,32,-2.8681931,0.0,0.0
Chase Anderson,6895,2016,28,-2.5727134,0.0,0.0
Mark Trumbo,6876,2016,30,-4.233877,0.0,0.7481763958930969
Josmil Pinto,6806,2016,27,-5.024758,0.0,0.1684485822916031
Carlos Beltran,589,2016,39,-6.282251,0.0,0.22500646114349365
Billy Butler,7399,2016,30,-7.050441,0.0,0.0
Mitch Moreland,3086,2016,30,-6.39621,0.0,0.0
Adrian Nieto,10294,2016,26,-4.4766545,0.0,0.6141008734703064
Reed Johnson,1702,2016,39,-3.745886,0.0,0.0
Kevin Frandsen,7528,2016,34,-3.8098135,0.0,0.0
Mike Olt,10698,2016,27,-2.5797532,0.0,0.5968330502510071
Jason Giambi,818,2016,45,-6.8451557,0.0,0.0
Nick Ahmed,12147,2016,26,-1.2461723,0.0,1.7210651636123657
Juan Perez,5371,2016,29,-2.1482284,0.0,0.4508601725101471
Cameron Rupp,11146,2016,27,-7.3536296,0.0,0.0
Daric Barton,5928,2016,30,-2.266487,0.0,0.0
Greg Dobbs,2158,2016,37,-5.068353,0.0,0.0
Chris Colabello,13051,2016,32,-2.0608122,0.0,0.7386637330055237
Cody Ross,1760,2016,35,-3.3284647,0.0,0.0
J.P. Arencibia,697,2016,30,-4.351589,0.0,0.0
Marc Krauss,7577,2016,28,-6.0026093,0.0,0.0
Carlos Quentin,6274,2016,33,-6.2545085,0.0,0.0
Scott Hairston,1926,2016,36,-3.100942,0.0,0.0
Mike Carp,7480,2016,30,-4.0652103,0.0,0.0
Ryan Goins,9807,2016,28,-4.2756004,0.0,0.0
Jesus Aguilar,11342,2016,26,-5.00978,0.0,0.0
Bartolo Colon,375,2016,43,-4.551408,0.0,0.0
Ryan Doumit,2113,2016,35,-3.286605,0.0,0.0
Brendan Ryan,6073,2016,34,-2.8385289,0.0,0.3673217296600342
Jeff Bianchi,9958,2016,29,-3.6050563,0.0,0.31117352843284607
Dioner Navarro,3179,2016,32,-5.9342117,0.0,0.0
Jason Kubel,2161,2016,34,-2.1469176,0.0,0.0
Skip Schumaker,3704,2016,36,-3.7682273,0.0,0.16863349080085754
Stephen Drew,4251,2016,33,-4.7512946,0.0,0.0
Justin Maxwell,6827,2016,32,-0.12583399,0.0,1.5550642013549805
Dayan Viciedo,3917,2016,27,-4.3368273,0.0,0.0
Oscar Taveras,11173,2016,24,-5.506602,0.0,0.7190820574760437
Will Middlebrooks,7002,2016,27,-4.139529,0.0,0.7285804152488708
Alfredo Marte,5212,2016,27,-2.7554913,0.0,0.2579672038555145
Dan Uggla,3442,2016,36,-2.7022834,0.0,0.0
Paul Konerko,242,2016,40,-7.193985,0.0,0.0
Jordan Pacheco,2677,2016,30,-4.911195,0.0,0.0
John Baker,4756,2016,35,-6.2684875,0.0,0.0
Brett Hayes,4293,2016,32,-1.248436,0.0,0.0
Raul Ibanez,607,2016,44,-5.584374,0.0,0.38068169355392456
Stefen Romero,11746,2016,27,-1.2767969,0.0,1.5402345657348633
A.J. Pierzynski,746,2016,39,-7.1967363,0.0,0.0
Matt Dominguez,4903,2016,26,-5.8568096,0.0,0.0
Alberto Callaspo,3336,2016,33,-6.386424,0.0,0.0
Ryan Raburn,2218,2016,35,-5.166368,0.0,0.0
Bryan Holaday,11287,2016,28,-3.5134928,0.0,0.6209108233451843
Tony Cruz,2802,2016,29,-3.6999295,0.0,0.7715950012207031
Kendrys Morales,8610,2016,33,-7.046708,0.0,0.0
Allen Craig,3433,2016,31,-6.6584864,0.0,0.0
Gerald Laird,1698,2016,36,-6.243944,0.0,0.0
Nick Swisher,4599,2016,35,-3.9603577,0.0,0.0
A.J. Ellis,5677,2016,35,-8.934239,0.0,0.0
Jarrod Saltalamacchia,5557,2016,31,-2.5892935,0.0,0.0
Michael Choice,11376,2016,26,-5.2175035,0.0,0.0
Billy Hamilton,10199,2017,26,9.312649,61.46217346191406,17.673782348632812
Dee Strange-Gordon,8203,2017,29,11.3210945,57.26845932006836,16.20798683166504
Terrance Gore,13658,2017,26,16.188206,53.8394889831543,9.65325927734375
Rusney Castillo,17016,2017,29,24.952671,49.7843132019043,5.489116668701172
Starling Marte,9241,2017,28,9.997153,48.914615631103516,12.43248176574707
Ben Revere,4712,2017,29,9.695763,44.82009506225586,11.561480522155762
Billy Burns,12701,2017,27,5.897878,43.886070251464844,12.119523048400879
Jordan Schafer,9883,2017,30,9.426784,43.83483123779297,10.45833683013916
Leonys Martin,11846,2017,29,11.133338,43.3171501159668,9.358175277709961
Jonathan Villar,10071,2017,26,8.8421135,41.82966995239258,11.19784164428711
Cory Spangenberg,12294,2017,26,7.1746793,41.589717864990234,10.416528701782227
Emilio Bonifacio,4054,2017,32,9.1144,39.72601318359375,9.448591232299805
Antoan Richardson,209,2017,33,10.649154,39.310150146484375,7.123625755310059
Gregory Polanco,12907,2017,25,10.556899,38.70307922363281,9.744912147521973
Danny Santana,10322,2017,26,9.582433,38.65024948120117,9.767972946166992
James Jones,9767,2017,28,10.393785,37.73842239379883,8.622254371643066
Everth Cabrera,8155,2017,30,6.4604087,36.71826171875,9.008783340454102
Eric Young Jr.,7158,2017,32,7.917704,36.27509307861328,8.274015426635742
Mookie Betts,13611,2017,24,10.145259,36.062808990478516,9.454246520996094
Carlos Gomez,4881,2017,31,5.834915,35.68171310424805,9.47066593170166
Eury Perez,10299,2017,27,11.332946,35.34758377075195,7.7806501388549805
Matt den Dekker,11385,2017,29,11.326079,34.95810317993164,7.005690097808838
Jarrod Dyson,4866,2017,32,7.166047,34.34598159790039,7.803432941436768
Elvis Andrus,8709,2017,28,7.5465956,33.956626892089844,8.252246856689453
Jose Altuve,5417,2017,27,4.973533,33.20450210571289,9.201300621032715
Jacoby Ellsbury,4727,2017,33,7.1666803,32.845035552978516,7.7060465812683105
Kolten Wong,12532,2017,26,7.08501,31.988222122192383,9.054093360900879
Arismendy Alcantara,10711,2017,25,10.153606,31.98617935180664,8.198877334594727
Jean Segura,5933,2017,27,5.9033537,31.72762107849121,9.390809059143066
Rajai Davis,3708,2017,36,5.704522,31.518272399902344,7.6790056228637695
Craig Gentry,9571,2017,33,8.189764,30.55908203125,7.067112445831299
Shawn O'Malley,9629,2017,29,9.314489,30.481395721435547,6.8337483406066895
Alcides Escobar,6310,2017,30,6.2854023,29.559167861938477,8.086079597473145
Christian Yelich,11477,2017,25,5.930224,29.36933135986328,9.059940338134766
Carl Crawford,1201,2017,35,5.6621933,28.86579704284668,7.106820106506348
Jason Kipnis,9776,2017,30,6.2720804,28.46718406677246,7.788812160491943
Jose Reyes,1736,2017,34,5.677416,28.185943603515625,7.482976913452148
Lorenzo Cain,9077,2017,31,5.462965,27.79820442199707,7.499541759490967
Charlie Blackmon,7859,2017,30,5.6592236,27.569665908813477,7.9969282150268555
Mike Trout,10155,2017,25,6.9959474,26.949687957763672,7.657113075256348
Anthony Gose,5097,2017,26,4.587233,26.59798240661621,8.661413192749023
Angel Pagan,2918,2017,35,4.07711,26.57791519165039,7.428739070892334
Jake Marisnick,11339,2017,26,4.7156134,26.55181884765625,8.535284042358398
Pedro Ciriaco,5278,2017,31,7.8612056,26.50022315979004,6.0972723960876465
Denard Span,8347,2017,33,4.9230537,26.297353744506836,6.941936492919922
Jose Ramirez,13510,2017,24,6.0758348,26.164127349853516,7.867801666259766
Leury Garcia,5913,2017,26,5.720554,26.04282569885254,7.696448802947998
Brett Gardner,9927,2017,33,5.241297,25.32198715209961,7.201122283935547
Drew Stubbs,9328,2017,32,5.629778,24.840070724487305,6.627536773681641
A.J. Pollock,9256,2017,29,4.1911373,24.46653938293457,7.619268894195557
Pedro Florimon,8385,2017,30,5.9473534,24.425962448120117,6.516119480133057
Desmond Jennings,1965,2017,30,4.8490205,23.574949264526367,7.432992935180664
Chris Taylor,13757,2017,26,5.4331346,23.1946964263916,7.604410648345947
Jimmy Rollins,971,2017,38,2.3972936,23.15703010559082,6.519225597381592
Coco Crisp,1572,2017,37,3.1805735,22.610130310058594,6.726390361785889
Tony Campana,4964,2017,31,4.7875695,22.523664474487305,7.386194229125977
Jimmy Paredes,5481,2017,28,5.6400394,22.365924835205078,6.5140790939331055
Andrew McCutchen,9847,2017,30,4.230514,22.2470760345459,6.85108757019043
Sam Fuld,8254,2017,35,3.4213028,21.992990493774414,6.182104110717773
Anthony Rendon,12861,2017,27,5.5773683,21.973960876464844,6.5544633865356445
Eduardo Nunez,6848,2017,30,4.099834,21.742431640625,7.078556060791016
Luis Sardinas,13153,2017,24,4.18883,21.659793853759766,7.282218933105469
Michael Brantley,4106,2017,30,4.7267466,21.55268669128418,6.073727607727051
Brian Dozier,9810,2017,30,5.3521876,21.397430419921875,6.48150634765625
Ian Desmond,6885,2017,31,3.5530362,21.301570892333984,6.609774112701416
Jason Heyward,4940,2017,27,3.9873364,21.232622146606445,7.233835220336914
Nyjer Morgan,4885,2017,36,7.889961,21.201507568359375,4.894327640533447
Alejandro De Aza,3371,2017,33,0.3733933,21.199031829833984,7.661734580993652
Chris Getz,3388,2017,33,2.7295122,20.97024917602539,6.207577705383301
Adam Eaton,11205,2017,28,3.646815,20.804025650024414,7.954407691955566
Ezequiel Carrera,9048,2017,30,3.7299943,20.787364959716797,6.268484115600586
Michael Bourn,6387,2017,34,1.0077113,20.633895874023438,7.1962056159973145
Melvin Upton Jr.,5015,2017,32,2.909831,20.026988983154297,6.637138843536377
James McCann,12859,2017,27,5.0215974,19.839269638061523,5.435959815979004
Nori Aoki,13075,2017,35,0.18047862,19.741872787475586,6.604011058807373
Brock Holt,9345,2017,29,4.8749743,19.54787826538086,5.667312145233154
Dexter Fowler,4062,2017,31,3.758186,18.903606414794922,6.2714972496032715
Austin Jackson,9848,2017,30,3.2481942,18.717594146728516,6.489106178283691
Alex Rios,2090,2017,36,-0.68954885,18.386695861816406,6.394204139709473
Kristopher Negron,5306,2017,31,5.1098747,18.342470169067383,4.293205261230469
Josh Harrison,8202,2017,29,3.4786146,18.072267532348633,6.345800399780273
Andrew Romine,1159,2017,31,3.4464502,17.994535446166992,5.1418962478637695
Ender Inciarte,4922,2017,26,1.3132904,17.779272079467773,6.638551712036133
Quintin Berry,9414,2017,32,3.6873815,17.667940139770508,4.44118595123291
Juan Lagares,5384,2017,28,3.1559608,17.577228546142578,6.26370906829834
Christian Colon,11145,2017,28,4.5285196,17.508756637573242,4.621920108795166
Alexei Ramirez,5133,2017,35,0.6045239,16.916866302490234,5.599663257598877
Ian Kinsler,6195,2017,35,1.7863885,16.793594360351562,5.548126697540283
Javier Baez,12979,2017,24,2.8031206,16.731977462768555,5.993022918701172
Jemile Weeks,2498,2017,30,3.1791346,15.732958793640137,4.263729095458984
Todd Frazier,785,2017,31,2.3457444,15.074789047241211,5.5333075523376465
Paul Goldschmidt,9218,2017,29,2.5810812,14.689125061035156,5.327805519104004
Erick Aybar,4082,2017,33,0.76896405,14.202202796936035,5.532832622528076
Jace Peterson,12325,2017,27,3.5620904,14.18957233428955,3.982045888900757
Jordan Danks,9187,2017,30,2.4648,14.170989990234375,5.430300712585449
Gregor Blanco,3123,2017,33,-0.12765962,14.031208038330078,5.08863639831543
Jim Adduci,6448,2017,32,2.7831438,13.758918762207031,4.564603328704834
Cliff Pennington,3395,2017,33,2.2897444,13.685976028442383,3.9758927822113037
Aaron Hicks,5297,2017,27,2.568591,13.42104434967041,5.490872383117676
Chone Figgins,1580,2017,39,-0.6773469,13.208784103393555,4.563516139984131
Daniel Murphy,4316,2017,32,0.9417254,13.036015510559082,4.670485019683838
Hunter Pence,8252,2017,34,1.3581394,12.969502449035645,4.851546764373779
Mike Aviles,5986,2017,36,-0.4812586,12.845977783203125,4.903642654418945
Alexi Amarista,9063,2017,28,2.579119,12.628433227539062,3.9628190994262695
Chris Owings,10030,2017,25,1.492864,12.625898361206055,4.609373092651367
Michael Saunders,9981,2017,30,2.297167,12.462848663330078,5.11196231842041
Yasiel Puig,14225,2017,26,1.574342,12.368534088134766,5.538570404052734
Peter Bourjos,2578,2017,30,1.9062914,12.319564819335938,4.239800930023193
Eric Sogard,7927,2017,31,1.2959378,12.133760452270508,4.666017055511475
Ichiro Suzuki,1101,2017,43,-1.7364607,12.049042701721191,4.173163890838623
Will Venable,211,2017,34,-0.06863466,11.937151908874512,4.839052200317383
DJ LeMahieu,9874,2017,28,0.2840112,11.696215629577637,5.553238868713379
Alex Gordon,5209,2017,33,1.4955997,11.256986618041992,3.89233136177063
George Springer,12856,2017,27,1.7036868,11.16982364654541,4.452871799468994
Hanley Ramirez,8001,2017,33,-0.5227465,11.156720161437988,4.335391521453857
Nate McLouth,3190,2017,35,1.3437861,10.984240531921387,3.7345685958862305
Zoilo Almonte,6732,2017,28,1.8176088,10.906148910522461,3.2155160903930664
Jay Bruce,9892,2017,30,1.2009454,10.849127769470215,3.8430709838867188
Didi Gregorius,6012,2017,27,4.2893963,10.736322402954102,3.3145012855529785
Brandon Guyer,2636,2017,31,2.8571894,10.5913724899292,2.9312338829040527
Junior Lake,4672,2017,27,1.2352144,10.551488876342773,4.588571071624756
Brennan Boesch,914,2017,32,0.7270378,10.346466064453125,2.894481658935547
Daniel Robertson,6266,2017,31,-0.6072257,10.310673713684082,4.776719093322754
Rymer Liriano,4779,2017,26,-0.9577839,10.23354434967041,4.615738868713379
Shane Victorino,1677,2017,36,-0.4699258,10.19105052947998,2.7779831886291504
Kirk Nieuwenhuis,6400,2017,29,1.6166334,9.983469009399414,2.855912208557129
Alex Hassan,9959,2017,29,10.90372,9.870270729064941,2.3950061798095703
Justin Upton,5222,2017,29,1.0378684,9.846358299255371,3.9275619983673096
Dustin Ackley,10099,2017,29,0.9568283,9.576562881469727,3.947371482849121
David Lough,7215,2017,31,0.719386,9.566279411315918,4.183246612548828
Maicer Izturis,2437,2017,36,-0.119438544,9.460304260253906,3.3136403560638428
Cameron Maybin,5223,2017,30,-0.46964315,9.426191329956055,3.9596307277679443
Adam Jones,6368,2017,31,1.9745636,9.209964752197266,2.8996329307556152
Eli Whiteside,3536,2017,37,-0.8646302,9.170270919799805,2.438169002532959
Ryan Braun,3410,2017,33,-3.834919,8.952056884765625,3.8603572845458984
Ryan Kalish,6962,2017,29,-0.20859356,8.890149116516113,4.051647186279297
David Wright,3787,2017,34,-2.9160664,8.693268775939941,3.791698694229126
Kevin Kiermaier,11038,2017,27,1.0081878,8.430779457092285,3.982591152191162
Giancarlo Stanton,4949,2017,27,-0.34262967,8.294560432434082,3.1356561183929443
Tommy Medica,11147,2017,29,0.9017205,8.28821086883545,2.703512668609619
Danny Espinosa,9219,2017,30,0.2695736,8.273743629455566,2.6767473220825195
Chris Young,3882,2017,33,-0.37391013,8.232171058654785,3.4365310668945312
Tyler Holt,11391,2017,28,0.98633635,8.162026405334473,4.274374485015869
JB Shuck,6677,2017,30,1.691833,8.085945129394531,2.29211163520813
Gerardo Parra,8553,2017,30,-0.34238297,8.034232139587402,3.9776694774627686
Chris Heisey,3978,2017,32,-0.21067695,8.001709938049316,2.702641487121582
Josh Rutledge,11167,2017,28,0.43931013,7.906261444091797,3.546295166015625
Chris Dickerson,7095,2017,35,-0.76537,7.881117820739746,2.144284725189209
Efren Navarro,9854,2017,31,0.65000224,7.677487373352051,3.694037675857544
Brad Miller,12775,2017,27,1.2772585,7.638664245605469,3.321528673171997
Derek Dietrich,10542,2017,27,2.851333,7.428536415100098,2.3438897132873535
Abraham Almonte,5486,2017,28,-2.951689,7.358798503875732,4.075200080871582
Wil Myers,10047,2017,26,-0.64449006,7.1958537101745605,3.161381244659424
Chase Utley,1679,2017,38,-0.33338448,7.111255168914795,2.6934478282928467
Brian Roberts,166,2017,39,-2.9136176,6.948545932769775,3.289928436279297
Bryce Brentz,10607,2017,28,4.360304,6.683104038238525,2.173828601837158
Ben Zobrist,7435,2017,36,-1.9198129,6.659905433654785,3.2270309925079346
Robbie Grossman,5254,2017,27,-2.372552,6.6522626876831055,3.4169700145721436
Howie Kendrick,4229,2017,33,-2.0658855,6.613302230834961,2.824239492416382
Curtis Granderson,4747,2017,36,-0.9046634,6.589090824127197,2.8049590587615967
David Peralta,2136,2017,29,-0.61527526,6.432980537414551,3.217196226119995
Bryce Harper,11579,2017,24,-0.4437628,6.429762363433838,3.7349584102630615
Jake Goebbert,9431,2017,29,0.5096142,6.272385597229004,2.790616273880005
Jackie Bradley Jr.,12984,2017,27,-0.4695631,6.208704471588135,2.2800490856170654
Jorge Polanco,13152,2017,23,3.979924,6.161712646484375,2.6691842079162598
Charlie Culberson,3298,2017,28,0.49681908,6.093608856201172,2.8406288623809814
Jordany Valdespin,5098,2017,29,2.0662282,6.057659149169922,2.3563003540039062
Alex Presley,5305,2017,31,-0.87504536,6.03972864151001,2.569610118865967
Chris Denorfia,4400,2017,36,-2.1173377,5.950743675231934,2.4534506797790527
Yoenis Cespedes,13110,2017,31,-0.3024823,5.917586326599121,2.5580801963806152
Jayson Werth,1327,2017,38,-0.8598889,5.891350269317627,2.2257955074310303
Justin Ruggiano,7620,2017,35,-2.276596,5.886602878570557,3.5322721004486084
Carlos Gonzalez,7287,2017,31,-1.7304385,5.841494560241699,1.923844575881958
Nick Franklin,10166,2017,26,-1.3352867,5.698930740356445,2.4594013690948486
Logan Watkins,4875,2017,27,1.0435266,5.642515659332275,1.884199857711792
Corey Dickerson,10762,2017,28,-1.3770871,5.6208295822143555,3.6630423069000244
Phil Gosselin,10953,2017,28,-0.22094835,5.5722174644470215,3.2535691261291504
Adam Rosales,9682,2017,34,-1.2779177,5.520208835601807,2.7032721042633057
Avisail Garcia,5760,2017,26,-3.3266785,5.515036582946777,3.280988931655884
Shin-Soo Choo,3174,2017,34,-1.3142768,5.4586029052734375,2.8343682289123535
Omar Infante,1609,2017,35,-1.4927902,5.421736717224121,2.3280436992645264
Asdrubal Cabrera,4962,2017,31,-0.83220476,5.397113800048828,2.1229329109191895
Colby Rasmus,9893,2017,30,0.89161986,5.328914165496826,1.5711851119995117
Dalton Pompey,12797,2017,24,-1.1431482,5.262531280517578,2.5637176036834717
Jonathan Diaz,4142,2017,32,-0.09829043,5.179676532745361,1.1609333753585815
Jake Lamb,13329,2017,26,0.06786647,5.092405796051025,3.0629725456237793
Matt Kemp,5631,2017,32,-3.9026039,5.074724197387695,2.59507155418396
Darin Mastroianni,7316,2017,31,-1.4277651,4.908486366271973,1.7595373392105103
Yonder Alonso,2530,2017,30,-1.3247533,4.900141716003418,1.9821423292160034
Jayson Nix,3790,2017,34,-1.8785107,4.879482269287109,3.2764601707458496
Kole Calhoun,11200,2017,29,-0.30276752,4.841589450836182,2.548703908920288
Jorge Soler,14221,2017,25,-0.410096,4.749591827392578,2.123073101043701
Chris Coghlan,6878,2017,32,-1.0187281,4.745893955230713,2.5678741931915283
Carlos Peguero,8760,2017,30,3.81674,4.670604228973389,1.3901617527008057
Collin Cowgill,7250,2017,31,-0.28814632,4.669607639312744,1.8300410509109497
Josh Reddick,3892,2017,30,0.74332255,4.64519739151001,1.8781518936157227
Domingo Santana,10348,2017,24,2.7559333,4.620474338531494,2.154184103012085
Zack Cozart,2616,2017,31,-0.23037003,4.604157447814941,1.0870558023452759
Joe Kelly,9761,2017,29,-0.7284589,4.475887775421143,1.3678079843521118
Logan Schafer,7937,2017,30,-0.24572922,4.222829341888428,2.0563442707061768
Jason Bartlett,8219,2017,37,15.205091,4.2174811363220215,1.995659351348877
Ian Stewart,5950,2017,32,-0.36856276,4.215387344360352,1.818166732788086
Marcus Semien,12533,2017,26,-1.8263042,4.202181339263916,2.477672576904297
Adeiny Hechavarria,10459,2017,28,-2.1430473,4.153315544128418,2.5857837200164795
Elliot Johnson,4751,2017,33,0.4851812,4.124119281768799,1.743188500404358
Eugenio Suarez,12552,2017,25,-1.0722814,4.083024501800537,2.8714113235473633
Christian Walker,13419,2017,26,2.2340608,4.014070510864258,1.7143341302871704
Tomas Telis,10067,2017,26,2.2340608,4.014070510864258,1.7143341302871704
Tony Gwynn,6141,2017,34,-1.8463331,3.9898521900177,1.5270419120788574
Pete Kozma,2539,2017,29,2.0710633,3.9160664081573486,1.30804443359375
Cole Gillespie,5888,2017,33,-1.2711602,3.705449104309082,2.73136043548584
Elian Herrera,5432,2017,32,-1.3051226,3.6901655197143555,1.5260225534439087
Dustin Pedroia,8370,2017,33,-1.8855394,3.6853199005126953,2.519364833831787
Jon Singleton,10441,2017,25,-0.5441459,3.6302943229675293,2.9257009029388428
Grady Sizemore,2197,2017,34,-2.0434308,3.5366148948669434,1.4752447605133057
Jon Jay,5227,2017,32,-2.9615622,3.3045129776000977,1.6734532117843628
Steve Pearce,9957,2017,34,-1.5681461,3.247222423553467,1.0127438306808472
Freddy Galvis,6609,2017,27,0.7814975,3.229353666305542,1.42381751537323
Kevin Pillar,12434,2017,28,-0.1636811,3.080019950866699,2.476250648498535
Adam Duvall,10950,2017,28,1.5118169,2.9601452350616455,1.1532036066055298
Starlin Castro,4579,2017,27,-3.7730067,2.938176155090332,2.5486185550689697
Kyle Seager,9785,2017,29,-2.9875133,2.8574671745300293,2.1899056434631348
Brandon Barnes,629,2017,31,-2.181674,2.7981972694396973,1.9783365726470947
Garin Cecchini,11608,2017,26,1.3416588,2.758103370666504,1.3987067937850952
Alexi Casilla,5248,2017,32,-1.1691693,2.7549355030059814,0.9718453884124756
Pedro Alvarez,2495,2017,30,-2.6964436,2.7478890419006348,1.486369013786316
Rougned Odor,12282,2017,23,-0.5233297,2.721522569656372,3.9394099712371826
Nolan Reimold,3441,2017,33,-1.2354376,2.681122303009033,1.0222134590148926
Brett Lawrie,5247,2017,27,0.10672222,2.656783103942871,1.9417651891708374
Hector Gomez,2264,2017,29,1.6238438,2.6072611808776855,1.0979735851287842
Michael Cuddyer,1534,2017,38,-2.879043,2.6030466556549072,0.8593593239784241
Eric Fryer,8145,2017,31,-0.34173155,2.538145065307617,0.6199910044670105
Marcell Ozuna,10324,2017,26,-0.85454124,2.484678030014038,1.6551141738891602
Don Kelly,2216,2017,37,-3.1047885,2.4597628116607666,0.9092053174972534
Xander Bogaerts,12161,2017,24,-1.2400407,2.4525198936462402,2.5139355659484863
Yolmer Sanchez,11602,2017,25,-4.283617,2.413015604019165,2.742790937423706
Enrique Hernandez,10472,2017,25,1.0300477,2.2893285751342773,1.434363842010498
Mark Ellis,1443,2017,40,-1.9576396,2.2793543338775635,1.479283332824707
Gary Brown,11464,2017,28,1.0149292,2.248713731765747,0.9715505242347717
Endy Chavez,768,2017,39,-4.896706,2.10095477104187,1.3740551471710205
Andrew Susac,13132,2017,27,0.8597409,2.0626206398010254,1.0671736001968384
Cesar Hernandez,10556,2017,27,-1.0617176,1.9138858318328857,2.004859685897827
Derek Jeter,826,2017,43,-5.252682,1.8690928220748901,0.8562723994255066
Roger Bernadina,6421,2017,33,-2.3192062,1.825424313545227,0.9225637316703796
Domonic Brown,3154,2017,29,-2.8505752,1.6693413257598877,1.1318732500076294
Scooter Gennett,10339,2017,27,-3.0628717,1.6119203567504883,1.748169183731079
Robinson Cano,3269,2017,34,-3.2626948,1.5539075136184692,1.003831386566162
Ryan Flaherty,7888,2017,30,-0.1868465,1.5179163217544556,0.4987964928150177
Chris Nelson,8175,2017,31,-4.3942385,1.477804183959961,1.9581722021102905
Jesus Guzman,3118,2017,33,-2.0318627,1.4177228212356567,0.26689404249191284
Erisbel Arruebarrena,15809,2017,27,0.39913732,1.3998494148254395,0.8936040997505188
Maikel Franco,12179,2017,24,0.40724346,1.3725481033325195,1.3579342365264893
Chase Headley,4720,2017,33,-3.4071012,1.324324369430542,0.8904749155044556
Brandon Belt,10264,2017,29,-4.043087,1.3068464994430542,1.3086892366409302
Joe Panik,11936,2017,26,0.27487093,1.2408454418182373,1.0067470073699951
Alfonso Soriano,847,2017,41,-2.703075,1.179646372795105,1.0771541595458984
Christian Bethancourt,10028,2017,25,-3.222821,1.1208792924880981,2.2402141094207764
Matt Carpenter,8090,2017,31,-1.8721085,1.1184656620025635,1.076542854309082
Greg Garcia,10951,2017,27,0.19629422,1.1045852899551392,0.8138866424560547
Marwin Gonzalez,5497,2017,28,-2.3102021,1.1024848222732544,2.0028374195098877
John Ryan Murphy,10346,2017,26,0.09135544,1.0946749448776245,0.9836646914482117
Matt Szczur,11255,2017,27,0.16255264,1.0561878681182861,0.8007426857948303
Brent Morel,6402,2017,30,-1.5455477,1.017248272895813,1.1817400455474854
J.D. Martinez,6184,2017,29,-3.2013102,0.9584742784500122,1.2141348123550415
Alex Guerrero,15670,2017,30,0.18472365,0.9529614448547363,0.4301515221595764
Eduardo Escobar,6153,2017,28,-0.98558795,0.9089569449424744,1.180254340171814
Tucker Barnhart,10200,2017,26,0.027413141,0.886178731918335,0.9121257066726685
Irving Falu,6165,2017,34,-3.135703,0.8204885721206665,0.40637263655662537
Nate Schierholtz,6201,2017,33,-1.8893664,0.7115961313247681,1.554672122001648
Chris Herrmann,9284,2017,29,-1.8237954,0.6648328900337219,0.47435128688812256
Anthony Rizzo,3473,2017,27,-2.9987872,0.6575692892074585,1.6051526069641113
Daniel Nava,5450,2017,34,-1.6800379,0.6537363529205322,0.9347615838050842
Josh Donaldson,5038,2017,31,-3.0920148,0.6333625912666321,0.28450220823287964
Justin Turner,5235,2017,32,-3.0809863,0.5752628445625305,0.47059008479118347
Matt Joyce,3353,2017,32,-1.3735752,0.5098994970321655,1.3913030624389648
Brandon Crawford,5343,2017,30,-1.6502929,0.4589879512786865,0.978105366230011
Eric Hosmer,3516,2017,27,-5.012019,0.42921581864356995,1.5729960203170776
Donald Lutz,10154,2017,28,-0.64599574,0.3834399878978729,0.45822641253471375
Derek Norris,6867,2017,28,-2.6109667,0.37063610553741455,1.025730013847351
Clayton Kershaw,2036,2017,29,-2.365344,0.31876233220100403,0.23254404962062836
Russell Martin,4616,2017,34,-4.913208,0.29039812088012695,1.0942355394363403
Darwin Barney,2430,2017,31,-0.95666087,0.15696300566196442,0.1892767995595932
Moises Sierra,6050,2017,28,-2.6051064,0.14115813374519348,0.6746878027915955
Andrelton Simmons,10847,2017,27,-3.6960087,0.12220373004674911,1.7141149044036865
Roger Kieschnick,5225,2017,30,-0.238209,0.09109225124120712,0.20146910846233368
L.J. Hoes,6656,2017,27,-2.218809,0.035598088055849075,0.706026554107666
Buster Posey,9166,2017,30,-6.2359495,0.0,0.0
Jonathan Lucroy,7870,2017,31,-4.659894,0.0,0.0
Jose Bautista,1887,2017,36,-4.319431,0.0,0.05584133788943291
Adrian Beltre,639,2017,38,-5.6321487,0.0,0.0
Jose Abreu,15676,2017,30,-5.560298,0.0,0.0
Miguel Cabrera,1744,2017,34,-6.183246,0.0,0.0
Troy Tulowitzki,3531,2017,32,-3.4444623,0.0,0.0
Yan Gomes,9627,2017,29,-3.9330313,0.0,0.0
Rene Rivera,3648,2017,33,-6.3302555,0.0,0.0
Victor Martinez,393,2017,38,-7.229332,0.0,0.0
Jhonny Peralta,1738,2017,35,-5.7329206,0.0,0.0
Freddie Freeman,5361,2017,27,-3.994649,0.0,0.9810751080513
Neil Walker,7539,2017,31,-2.5751007,0.0,0.0
Mike Zunino,13265,2017,26,-3.5792837,0.0,0.563562273979187
Devin Mesoraco,5666,2017,29,-5.177989,0.0,0.0
Nelson Cruz,2434,2017,36,-5.9661007,0.0,0.0
Edwin Encarnacion,2151,2017,34,-3.1277964,0.0,0.0
Adrian Gonzalez,1908,2017,35,-6.328258,0.0,0.0
Evan Longoria,9368,2017,31,-2.423753,0.0,0.1310315877199173
Juan Uribe,454,2017,38,-5.657568,0.0,0.0
Trevor Plouffe,7462,2017,31,-4.5249877,0.0,0.0
Pablo Sandoval,5409,2017,30,-6.6047087,0.0,0.0
Miguel Montero,3364,2017,33,-6.3785715,0.0,0.0
Matt Holliday,1873,2017,37,-5.1220493,0.0,0.0
Luis Valbuena,4969,2017,31,-3.2253163,0.0,0.0
Yadier Molina,7007,2017,34,-6.258708,0.0,0.0
Brian McCann,4810,2017,33,-6.777707,0.0,0.0
Lucas Duda,2502,2017,31,-3.5123694,0.0,0.0
Melky Cabrera,4022,2017,32,-4.456442,0.0,0.5270467400550842
Travis d'Arnaud,7739,2017,28,-6.0273232,0.0,0.0
Tyler Flowers,9134,2017,31,-6.3208284,0.0,0.0
J.J. Hardy,3797,2017,34,-6.4914784,0.0,0.0
Scott Van Slyke,4365,2017,30,-4.051813,0.0,0.6454189419746399
Yasmani Grandal,11368,2017,28,-5.037461,0.0,0.0
Hank Conger,2505,2017,29,-5.406138,0.0,0.0
Seth Smith,7331,2017,34,-5.0084143,0.0,0.0
Albert Pujols,1177,2017,37,-7.2113504,0.0,0.0
Brandon Moss,4467,2017,33,-2.9345484,0.0,0.0
Nolan Arenado,9777,2017,26,-4.4261765,0.0,0.084377720952034
Evan Gattis,11003,2017,30,-6.272144,0.0,0.0
David Freese,9549,2017,34,-5.5410514,0.0,0.0
Justin Morneau,1737,2017,36,-6.330668,0.0,0.0
Carlos Santana,2396,2017,31,-4.566025,0.0,0.0
Manny Machado,11493,2017,24,-4.5631347,0.0,1.3250141143798828
Nick Markakis,5930,2017,33,-4.829721,0.0,0.0
David Ortiz,745,2017,41,-8.384465,0.0,0.0
Marlon Byrd,950,2017,39,-5.039799,0.0,0.03743213415145874
Mike Napoli,3057,2017,35,-5.9335904,0.0,0.0
Jason Castro,8722,2017,30,-2.5894477,0.0,0.0
Christian Vazquez,9774,2017,26,-5.8894186,0.0,0.0
Adam LaRoche,1904,2017,37,-7.03956,0.0,0.0
Chris Iannetta,8267,2017,34,-4.0223503,0.0,0.0
Jordy Mercer,6547,2017,30,-3.680353,0.0,0.0
Francisco Cervelli,5275,2017,31,-5.6458554,0.0,0.0
Chris Carter,9911,2017,30,-3.4913442,0.0,0.0
Casey McGehee,6086,2017,34,-6.9349284,0.0,0.0
Matt Adams,9393,2017,28,-3.7503288,0.0,0.0
Carlos Ruiz,2579,2017,38,-5.0245786,0.0,0.0
Salvador Perez,7304,2017,27,-5.403742,0.0,0.0
Caleb Joseph,7087,2017,31,-6.6382833,0.0,0.0
Adam Lind,8027,2017,33,-5.0130973,0.0,0.0
Aramis Ramirez,1002,2017,39,-7.6696906,0.0,0.0
Conor Gillaspie,9009,2017,29,-2.6521187,0.0,0.5489134788513184
Joe Mauer,1857,2017,34,-1.6699927,0.0,0.0
Yangervis Solarte,5352,2017,29,-5.531145,0.0,0.0
Jed Lowrie,4418,2017,33,-5.8035855,0.0,0.0
Michael Morse,3035,2017,35,-7.552806,0.0,0.0
Travis Snider,2830,2017,29,-2.3461888,0.0,0.08480493724346161
Lonnie Chisenhall,7571,2017,28,-2.772279,0.0,0.21993489563465118
Stephen Vogt,5000,2017,32,-1.5292538,0.0,0.0
Martin Prado,3312,2017,33,-5.0995736,0.0,0.0
Chris Stewart,3878,2017,35,-4.6114907,0.0,0.0
Ruben Tejada,5519,2017,27,-4.2431655,0.0,0.5332891345024109
Ryan Hanigan,4952,2017,36,-6.3726463,0.0,0.0
Khris Davis,9112,2017,29,-4.3019376,0.0,0.0
Josh Willingham,2103,2017,38,-3.2132733,0.0,0.0
Brandon Phillips,791,2017,36,-4.92613,0.0,0.0
Rickie Weeks Jr.,1849,2017,34,-2.6227047,0.0,0.8748130798339844
Madison Bumgarner,5524,2017,27,-3.4539478,0.0,0.0
Martin Maldonado,6887,2017,30,-4.6813507,0.0,0.0
Robinson Chirinos,3142,2017,33,-5.3157816,0.0,0.0
Alex Avila,7476,2017,30,-6.334058,0.0,0.0
Ryan Zimmerman,4220,2017,32,-4.0928183,0.0,0.0
Juan Francisco,6978,2017,30,-3.6012487,0.0,0.0
Carlos Corporan,5587,2017,33,-5.8729544,0.0,0.0
Wilmer Flores,5827,2017,25,-2.2426581,0.0,0.5750045776367188
Torii Hunter,731,2017,41,-5.216165,0.0,0.3390651047229767
Josh Hamilton,1875,2017,36,-4.3080525,0.0,0.9229877591133118
David Ross,1551,2017,40,-4.232486,0.0,0.0
Wilson Ramos,1433,2017,29,-6.592068,0.0,0.0
Andre Ethier,6265,2017,35,-3.9669294,0.0,0.0
Mark Reynolds,7619,2017,33,-2.9081721,0.0,0.12488004565238953
Jake Smolinski,5408,2017,28,-1.3963784,0.0,0.0
Delmon Young,2140,2017,31,-4.194064,0.0,0.0
Oswaldo Arcia,10306,2017,26,-2.667077,0.0,0.8842213749885559
James Loney,4556,2017,33,-6.618508,0.0,0.0
Chris Davis,9272,2017,31,-2.23641,0.0,0.14832255244255066
Travis Wood,9884,2017,30,-3.2284083,0.0,0.0
Michael McKenry,9628,2017,32,-4.260643,0.0,0.38138946890830994
Joey Votto,4314,2017,33,-6.7371316,0.0,0.0
Logan Morrison,9205,2017,29,-4.1944237,0.0,0.7144743800163269
Donovan Solano,8623,2017,29,-3.56482,0.0,0.0
Zack Greinke,1943,2017,33,-3.3244085,0.0,0.0
Jose Molina,25,2017,42,-6.5772243,0.0,0.0
Mark Teixeira,1281,2017,37,-6.410487,0.0,0.0
Ramon Santiago,1417,2017,37,-4.556253,0.0,0.0
Drew Butera,3411,2017,33,-5.094544,0.0,0.0
Kevin Kouzmanoff,5995,2017,35,-5.029234,0.0,0.0
Matt Wieters,4298,2017,31,-4.7824907,0.0,0.0
John Jaso,5887,2017,33,-3.033379,0.0,0.0
Ike Davis,8433,2017,30,-4.567948,0.0,0.0
Cody Asche,11997,2017,27,-3.2282202,0.0,0.0
Roberto Perez,2900,2017,28,-8.145204,0.0,0.0
Kelly Johnson,2234,2017,35,-2.3875213,0.0,0.6034022569656372
Erik Kratz,4403,2017,37,-6.0097857,0.0,0.0
Kyle Blanks,49,2017,30,-4.235055,0.0,0.0
Rafael Ynoa,2832,2017,29,-8.580065,0.0,0.0
Kennys Vargas,12101,2017,26,-1.5717436,0.0,0.24662773311138153
David DeJesus,1825,2017,37,-4.2009196,0.0,0.7391634583473206
John Mayberry,3390,2017,33,-3.55193,0.0,0.0
Gregorio Petit,3812,2017,32,-2.0472586,0.0,0.0
Travis Ishikawa,4793,2017,33,-3.00948,0.0,0.0
Danny Valencia,6364,2017,32,-6.078126,0.0,0.0
Jose Lobaton,4243,2017,32,-5.522421,0.0,0.0
Mike Leake,10130,2017,29,-3.4931974,0.0,0.0
Shelby Miller,10197,2017,26,-3.0181575,0.0,0.0
Ben Paulsen,9741,2017,29,-6.864568,0.0,0.0
Eric Chavez,906,2017,39,-4.834472,0.0,0.0
Adam Dunn,319,2017,37,-6.5612984,0.0,0.0
Ryan Rua,12409,2017,27,-3.280008,0.0,0.3783862292766571
Wilin Rosario,8002,2017,28,-5.550756,0.0,0.0
Nick Castellanos,11737,2017,25,-4.441465,0.0,0.5280789136886597
Eric Campbell,6938,2017,30,-3.2469456,0.0,0.0
Yunel Escobar,4191,2017,34,-5.4949746,0.0,0.0
Chris Johnson,1191,2017,32,-5.624626,0.0,0.0
Ryan Sweeney,6352,2017,32,-3.2879765,0.0,0.0
Chris Gimenez,7324,2017,34,-3.7454987,0.0,0.0
Mike Moustakas,4892,2017,28,-4.5134764,0.0,0.0
Munenori Kawasaki,13047,2017,36,-2.96951,0.0,0.0
Wil Nieves,1556,2017,39,-7.0314913,0.0,0.0
Brandon Hicks,4003,2017,31,-2.4186447,0.0,0.0
Jonathan Schoop,11265,2017,25,-2.576158,0.0,0.6620969772338867
Jacob deGrom,10954,2017,29,-3.5137513,0.0,0.0
Adam Wainwright,2233,2017,35,-4.504078,0.0,0.0
Nick Evans,7595,2017,31,-3.8565347,0.0,0.0
Jhoulys Chacin,2608,2017,29,-3.4453886,0.0,0.0
Garrett Jones,2714,2017,36,-6.1452374,0.0,0.0
Darin Ruf,9929,2017,30,-5.5244665,0.0,0.0
Welington Castillo,3256,2017,30,-5.9099193,0.0,0.0
Randal Grichuk,10243,2017,25,-3.7432976,0.0,1.2863975763320923
Jonny Gomes,1845,2017,36,-2.8254242,0.0,0.0
Ramiro Pena,8841,2017,31,-1.627087,0.0,0.0
Clint Barmes,1830,2017,38,-5.0053935,0.0,0.0
Jordan Lyles,7593,2017,26,-3.0181575,0.0,0.0
Jake Arrieta,4153,2017,31,-3.7300544,0.0,0.0
Cole Hamels,4972,2017,33,-4.1135497,0.0,0.0
Gerrit Cole,13125,2017,26,-3.0435712,0.0,0.0
Dan Haren,1757,2017,36,-4.7048635,0.0,0.0
Tyson Ross,7872,2017,30,-3.5799615,0.0,0.0
Carlos Rivero,1136,2017,29,-3.5137513,0.0,0.0
Jose Pirela,5485,2017,27,-3.2343795,0.0,0.0
George Kottaras,5506,2017,34,-2.5847063,0.0,0.0
Max Stassi,10059,2017,26,-3.9589381,0.0,0.0
Marco Gonzales,15467,2017,25,-2.886824,0.0,0.0
Matt McBride,9373,2017,32,-1.8321048,0.0,0.0
Andres Blanco,1907,2017,33,-7.4100003,0.0,0.0
Scott Sizemore,2881,2017,32,0.28489426,0.0,0.24183672666549683
Justin Bour,9744,2017,29,-5.748494,0.0,0.0
Dilson Herrera,14335,2017,23,-6.229615,0.0,0.0
Sean Rodriguez,6589,2017,32,-2.6940773,0.0,0.05414683371782303
Tommy La Stella,12371,2017,28,-6.2342405,0.0,0.05954438075423241
Nick Punto,1429,2017,39,-4.4565916,0.0,0.3902158737182617
Josh Wilson,2102,2017,36,-4.94419,0.0,0.0
Jaime Garcia,8137,2017,30,-3.5799615,0.0,0.0
Jeff Mathis,3448,2017,34,-4.9038744,0.0,0.0
Cliff Lee,1636,2017,38,-4.543685,0.0,0.0
Jacob Turner,10185,2017,26,-3.0181575,0.0,0.0
Josh Beckett,510,2017,37,-4.892794,0.0,0.0
Mike Minor,10021,2017,29,-3.4453886,0.0,0.0
Jordan Zimmermann,4505,2017,31,-3.7891836,0.0,0.0
Henderson Alvarez,5669,2017,27,-3.1749334,0.0,0.0
Ian Kennedy,6986,2017,32,-3.960321,0.0,0.0
Buddy Carlyle,2010,2017,39,-5.1781926,0.0,0.0
Brian Schlitter,3599,2017,31,-3.6290572,0.0,0.0
Jeanmar Gomez,9033,2017,29,-3.4453886,0.0,0.0
Gus Schlosser,12321,2017,28,-3.3799195,0.0,0.0
Jeurys Familia,5114,2017,27,-3.1749334,0.0,0.0
Zach McAllister,2895,2017,29,-3.4453886,0.0,0.0
Clay Buchholz,3543,2017,32,-3.9008806,0.0,0.0
Pedro Villarreal,9904,2017,29,-3.4453886,0.0,0.0
Drew Hutchison,10732,2017,26,-3.0224295,0.0,0.0
Robbie Ray,11486,2017,25,-2.886824,0.0,0.0
Nick Tepesch,11716,2017,28,-3.343399,0.0,0.0
Brad Penny,535,2017,39,-5.2273207,0.0,0.0
Colby Lewis,1259,2017,37,-4.8728023,0.0,0.0
Seth Maness,12235,2017,28,-3.343399,0.0,0.0
Donn Roach,10620,2017,27,-3.2343795,0.0,0.0
Doug Bernier,4518,2017,37,-2.8758392,0.0,0.0
James Shields,7059,2017,35,-4.504078,0.0,0.0
Craig Stammen,7274,2017,33,-4.0917497,0.0,0.0
Chris Parmelee,2554,2017,29,-5.067538,0.0,0.0
Tyler Moore,7244,2017,30,-3.6573055,0.0,0.0
Steve Tolleson,4450,2017,33,-5.21889,0.0,0.0
Justin Verlander,8700,2017,34,-4.295631,0.0,0.0
Daniel Corcino,9266,2017,26,-3.069091,0.0,0.0
Bud Norris,9492,2017,32,-3.9008806,0.0,0.0
Tony Sanchez,6178,2017,29,-5.541708,0.0,0.0
Tyler Colvin,5310,2017,31,-2.5016346,0.0,0.0
Willie Bloomquist,1066,2017,39,-3.6987033,0.0,1.0738823413848877
Kevin Correia,1767,2017,36,-4.732546,0.0,0.0
Matt Duffy,13836,2017,26,-1.1273073,0.0,1.6926212310791016
Johnny Giavotella,6740,2017,29,4.655237,0.0,0.972198486328125
Ed Lucas,7532,2017,35,-2.9024184,0.0,0.0
Hector Sanchez,10289,2017,27,-2.487921,0.0,0.2939240038394928
Wandy Rodriguez,2586,2017,38,-5.066032,0.0,0.0
Carlos Martinez,11682,2017,25,-2.8655505,0.0,0.0
Alex Cobb,6562,2017,29,-3.4453886,0.0,0.0
Miguel Rojas,7802,2017,28,-4.223903,0.0,0.0
Jesus Sucre,5942,2017,29,-0.79739285,0.0,0.2102532684803009
Bronson Arroyo,978,2017,40,-5.376128,0.0,0.0
Tyler Matzek,10058,2017,26,-3.069091,0.0,0.0
Daisuke Matsuzaka,7775,2017,36,-4.7048635,0.0,0.0
Jeff Samardzija,3254,2017,32,-3.9008806,0.0,0.0
Edwin Jackson,1841,2017,33,-4.149416,0.0,0.0
Matt Cain,4732,2017,32,-3.9565256,0.0,0.0
Jarred Cosart,10304,2017,27,-3.2033105,0.0,0.0
Wade Miley,8779,2017,30,-3.5799615,0.0,0.0
Hyun-Jin Ryu,14444,2017,30,-3.6040082,0.0,0.0
Kyle Hendricks,12049,2017,27,-3.2343795,0.0,0.0
A.J. Burnett,512,2017,40,-5.376128,0.0,0.0
David Buchanan,11176,2017,28,-3.3799195,0.0,0.0
Stephen Strasburg,10131,2017,28,-3.370611,0.0,0.0
Jon Niese,4424,2017,30,-3.6403944,0.0,0.0
Francisco Pena,8298,2017,27,-3.2343795,0.0,0.0
Antonio Bastardo,8844,2017,31,-3.7300544,0.0,0.0
J.J. Hoover,9037,2017,29,-3.4453886,0.0,0.0
Audry Perez,9176,2017,28,-3.343399,0.0,0.0
Andrew Chafin,12988,2017,27,-3.2343795,0.0,0.0
Joey Terdoslavich,10593,2017,28,-5.7321873,0.0,0.0
Steven Moya,11854,2017,25,-2.886824,0.0,0.0
Jackson Williams,8524,2017,31,-7.5234876,0.0,0.0
Clint Robinson,6908,2017,32,-5.2433357,0.0,0.0
Josh Phegley,9308,2017,29,-4.5829067,0.0,0.0
Nate Freiman,6582,2017,30,-6.3290467,0.0,0.0
Gaby Sanchez,3361,2017,33,-4.2452617,0.0,0.0
Jason Lane,1397,2017,40,-5.079563,0.0,0.0
Tony Watson,3132,2017,32,-3.9008806,0.0,0.0
David Huff,4257,2017,32,-3.9008806,0.0,0.0
John Danks,6329,2017,32,-3.9008806,0.0,0.0
Taylor Hill,12515,2017,28,-3.3799195,0.0,0.0
Tyler Collins,12723,2017,27,-4.018542,0.0,0.0
Michael Taylor,2591,2017,31,-3.5886722,0.0,0.0
Jesus Montero,5514,2017,27,-5.1012774,0.0,0.0
Nick Hundley,3376,2017,33,-5.4070234,0.0,0.0
Steve Lombardozzi,5422,2017,28,-4.911109,0.0,0.683219313621521
Andrew Lambo,5386,2017,28,-4.7819066,0.0,0.0
Cole Figueroa,8790,2017,30,-0.53251964,0.0,0.10437702387571335
Anibal Sanchez,3284,2017,33,-4.0917497,0.0,0.0
Zeke Spruill,3873,2017,27,-3.2033105,0.0,0.0
Samuel Deduno,5285,2017,33,-4.0917497,0.0,0.0
Yu Darvish,13074,2017,30,-3.5799615,0.0,0.0
Jonathan Herrera,4182,2017,32,-2.492459,0.0,1.626478910446167
Ehire Adrianza,8418,2017,27,-3.630401,0.0,0.44378724694252014
Hernan Perez,5751,2017,26,-2.529064,0.0,0.06849751621484756
Tyler Thornburg,10688,2017,28,-3.3142626,0.0,0.0
Robbie Ross Jr.,6819,2017,28,-3.3142626,0.0,0.0
Dan Straily,9460,2017,28,-3.3142626,0.0,0.0
Nick Tropeano,12385,2017,26,-3.069091,0.0,0.0
Hector Santiago,4026,2017,29,-3.4453886,0.0,0.0
Bobby Wilson,6564,2017,34,-4.490155,0.0,0.0
Kyle Gibson,10123,2017,29,-3.4715483,0.0,0.0
Dallas Beeler,11471,2017,28,-3.3799195,0.0,0.0
Yordano Ventura,11855,2017,26,-3.0435712,0.0,0.0
Andy Parrino,3972,2017,31,-4.3352427,0.0,0.0
Joc Pederson,11899,2017,25,-2.0308814,0.0,0.24665643274784088
Brett Anderson,8223,2017,29,-3.4453886,0.0,0.0
Corey Kluber,2429,2017,31,-3.7300544,0.0,0.0
Christian Friedrich,7942,2017,29,-3.4348626,0.0,0.0
Chase Whitley,10982,2017,28,-3.3799195,0.0,0.0
Felix Doubront,1478,2017,29,-3.4453886,0.0,0.0
Justin Masterson,2038,2017,32,-3.9008806,0.0,0.0
Ross Detwiler,2859,2017,31,-3.7300544,0.0,0.0
C.J. Wilson,3580,2017,36,-4.7048635,0.0,0.0
Jerome Williams,1137,2017,35,-4.504078,0.0,0.0
Jimmy Nelson,10547,2017,28,-3.343399,0.0,0.0
Homer Bailey,8362,2017,31,-3.7300544,0.0,0.0
Josh Collmenter,7312,2017,31,-3.7300544,0.0,0.0
Ryan Vogelsong,1011,2017,39,-5.226072,0.0,0.0
Kyle Kendrick,6230,2017,32,-3.9008806,0.0,0.0
Jason Hammel,4538,2017,34,-4.295631,0.0,0.0
Randy Wolf,976,2017,40,-5.2727447,0.0,0.0
Tim Stauffer,6432,2017,35,-4.504078,0.0,0.0
Tony Cingrani,12555,2017,27,-2.7232568,0.0,0.0
Brandon Cumpton,11366,2017,28,-3.343399,0.0,0.0
Anthony DeSclafani,13050,2017,27,-3.2343795,0.0,0.0
Robbie Erlin,10354,2017,26,-3.0435712,0.0,0.0
John Lackey,1507,2017,38,-5.0300913,0.0,0.0
Marco Estrada,1118,2017,33,-4.0917497,0.0,0.0
Jeff Kobernus,9591,2017,29,-2.4209974,0.0,0.30397626757621765
Dallas Keuchel,9434,2017,29,-3.4453886,0.0,0.0
Taylor Jordan,10466,2017,28,-3.343399,0.0,0.0
Jose Fernandez,11530,2017,24,-2.6732736,0.0,0.22037725150585175
Andrew Heaney,15423,2017,26,-3.069091,0.0,0.0
Blake Treinen,12572,2017,29,-3.5137513,0.0,0.0
Tyler Lyons,11334,2017,29,-3.4715483,0.0,0.0
Randall Delgado,5985,2017,27,-3.1749334,0.0,0.0
Masahiro Tanaka,15764,2017,28,-3.3799195,0.0,0.0
Jake Odorizzi,6397,2017,27,-3.1749334,0.0,0.0
Hisashi Iwakuma,13048,2017,36,-4.7048635,0.0,0.0
Paul Maholm,8678,2017,35,-4.504078,0.0,0.0
Jeremy Guthrie,2072,2017,38,-5.066032,0.0,0.0
Neftali Feliz,18,2017,29,-3.4453886,0.0,0.0
Xavier Cedeno,36,2017,30,-3.5799615,0.0,0.0
Erik Bedard,126,2017,38,-5.066032,0.0,0.0
Mark Buehrle,225,2017,38,-5.066032,0.0,0.0
Daniel McCutchen,263,2017,34,-4.2625413,0.0,0.0
Kyle Farnsworth,278,2017,41,-5.5204897,0.0,0.0
Blake Beavan,338,2017,28,-3.3142626,0.0,0.0
CC Sabathia,404,2017,36,-4.7048635,0.0,0.0
Fernando Rodney,494,2017,40,-5.376128,0.0,0.0
Jason Grilli,521,2017,40,-5.376128,0.0,0.0
Hector Ambriz,559,2017,33,-4.0917497,0.0,0.0
Jeremy Affeldt,583,2017,38,-5.066032,0.0,0.0
Grant Balfour,718,2017,39,-5.226072,0.0,0.0
LaTroy Hawkins,729,2017,44,-5.956212,0.0,0.0
Bruce Chen,769,2017,40,-5.376128,0.0,0.0
Scott Downs,773,2017,41,-5.5204897,0.0,0.0
Randy Choate,813,2017,41,-5.5204897,0.0,0.0
Kris Johnson,886,2017,32,-3.9310997,0.0,0.0
Scott Carroll,888,2017,32,-3.9887602,0.0,0.0
Joe Beimel,979,2017,40,-5.389686,0.0,0.0
Aaron Thompson,999,2017,30,-3.5249193,0.0,0.0
Rafael Soriano,1100,2017,37,-4.892794,0.0,0.0
Joe Nathan,1122,2017,42,-5.6634936,0.0,0.0
Tommy Hunter,1157,2017,30,-3.5799615,0.0,0.0
Adam Ottavino,1247,2017,31,-3.7300544,0.0,0.0
Pedro Beato,1330,2017,30,-3.5799615,0.0,0.0
Curtis Partch,1333,2017,30,-3.6040082,0.0,0.0
Blake Wood,1345,2017,31,-3.6872387,0.0,0.0
Evan Reed,1349,2017,31,-3.7559302,0.0,0.0
Nick Hagadone,1351,2017,31,-3.7300544,0.0,0.0
Charlie Furbush,1370,2017,31,-3.7300544,0.0,0.0
Joaquin Benoit,1437,2017,39,-5.226072,0.0,0.0
Jon Edwards,1483,2017,29,-3.5137513,0.0,0.0
Oliver Perez,1514,2017,35,-4.504078,0.0,0.0
Sean Doolittle,1581,2017,30,-3.5799615,0.0,0.0
Francisco Rodriguez,1642,2017,35,-4.504078,0.0,0.0
Javier Lopez,1663,2017,39,-5.226072,0.0,0.0
Chris Capuano,1701,2017,38,-5.066032,0.0,0.0
Jose Valverde,1726,2017,39,-5.226072,0.0,0.0
Kevin Gregg,1793,2017,39,-5.226072,0.0,0.0
J.J. Putz,1795,2017,40,-5.376128,0.0,0.0
Neal Cotts,1797,2017,37,-4.757673,0.0,0.0
Humberto Quintero,1824,2017,37,-5.4874907,0.0,0.0
Matt Belisle,1837,2017,37,-4.892794,0.0,0.0
Shawn Camp,1855,2017,41,-5.5204897,0.0,0.0
Sean Burnett,1886,2017,34,-4.295631,0.0,0.0
Matt Moore,1890,2017,28,-3.3142626,0.0,0.0
Jason Frasor,1906,2017,39,-5.226072,0.0,0.0
Matt Thornton,1918,2017,40,-5.376128,0.0,0.0
Frank Francisco,1933,2017,37,-4.892794,0.0,0.0
Mike Adams,1937,2017,38,-5.066032,0.0,0.0
Justin Germano,1938,2017,34,-4.295631,0.0,0.0
Raul Valdes,1953,2017,39,-5.226072,0.0,0.0
Ivan Nova,1994,2017,30,-3.5799615,0.0,0.0
Matt Guerrier,2061,2017,38,-5.066032,0.0,0.0
Jose Veras,2063,2017,36,-4.7048635,0.0,0.0
Heath Bell,2080,2017,39,-5.226072,0.0,0.0
Chad Qualls,2170,2017,38,-5.066032,0.0,0.0
Ronald Belisario,2203,2017,34,-4.295631,0.0,0.0
Blaine Boyer,2237,2017,35,-4.437985,0.0,0.0
Brandon Gomes,2267,2017,32,-3.9008806,0.0,0.0
Joel Peralta,2332,2017,41,-5.5204897,0.0,0.0
Anthony Varvaro,2385,2017,32,-3.9008806,0.0,0.0
Hector Rondon,2391,2017,29,-3.4715483,0.0,0.0
Cory Rasmus,2413,2017,29,-3.4715483,0.0,0.0
Eric Surkamp,2540,2017,29,-3.4132898,0.0,0.0
Joe Paterson,2565,2017,31,-3.7300544,0.0,0.0
Scott Atchison,2642,2017,41,-5.5204897,0.0,0.0
Brian Matusz,2646,2017,30,-3.5799615,0.0,0.0
Corey Brown,2650,2017,31,-3.1147296,0.0,0.0
Brett Cecil,2660,2017,30,-3.5799615,0.0,0.0
Joba Chamberlain,2692,2017,31,-3.7300544,0.0,0.0
Scott Rice,2743,2017,35,-4.534753,0.0,0.0
Carlos Marmol,2790,2017,34,-4.295631,0.0,0.0
Joe Savery,2835,2017,31,-3.7300544,0.0,0.0
Drake Britton,2868,2017,28,-3.343399,0.0,0.0
Santiago Casilla,2873,2017,36,-4.7048635,0.0,0.0
Luis Avilan,2882,2017,27,-3.1749334,0.0,0.0
Juan Oviedo,2886,2017,35,-4.437985,0.0,0.0
Tommy Pham,2967,2017,29,-3.5137513,0.0,0.0
Bruce Billings,3044,2017,31,-3.6649704,0.0,0.0
Kenley Jansen,3096,2017,29,-3.4453886,0.0,0.0
Max Scherzer,3137,2017,32,-3.9008806,0.0,0.0
Tim Collins,3164,2017,27,-3.1749334,0.0,0.0
David Price,3184,2017,31,-3.7300544,0.0,0.0
Will Harris,3192,2017,32,-3.9008806,0.0,0.0
Chris Young,3196,2017,38,-5.0567255,0.0,0.0
Josh Stinson,3219,2017,29,-3.4453886,0.0,0.0
Jean Machi,3220,2017,35,-4.504078,0.0,0.0
T.J. McFarland,3237,2017,28,-3.343399,0.0,0.0
Zack Britton,3240,2017,29,-3.4453886,0.0,0.0
Ryan Rowland-Smith,3245,2017,34,-4.2083335,0.0,0.0
Juan Gutierrez,3265,2017,33,-4.0386987,0.0,0.0
Jordan Walden,3271,2017,29,-3.4453886,0.0,0.0
Joe Smith,3281,2017,33,-4.0917497,0.0,0.0
Nate Adcock,3282,2017,29,-3.414937,0.0,0.0
Hiroki Kuroda,3283,2017,42,-5.6634936,0.0,0.0
Hector Noesi,3292,2017,30,-3.5799615,0.0,0.0
Chris Hatcher,3299,2017,32,-3.9008806,0.0,0.0
Darren O'Day,3321,2017,34,-4.295631,0.0,0.0
Cesar Ramos,3357,2017,33,-4.0917497,0.0,0.0
Ubaldo Jimenez,3374,2017,33,-4.0917497,0.0,0.0
Jumbo Diaz,3397,2017,33,-4.1830263,0.0,0.0
Kevin Whelan,3462,2017,33,-4.020512,0.0,0.0
Andre Rienzo,3507,2017,28,-3.343399,0.0,0.0
Liam Hendriks,3548,2017,28,-3.3142626,0.0,0.0
Jim Johnson,3656,2017,34,-4.295631,0.0,0.0
Logan Ondrusek,3677,2017,32,-3.9008806,0.0,0.0
Brandon League,3731,2017,34,-4.295631,0.0,0.0
Cesar Jimenez,3762,2017,32,-3.852932,0.0,0.0
Felipe Paulino,3777,2017,33,-4.0619864,0.0,0.0
Ricky Nolasco,3830,2017,34,-4.295631,0.0,0.0
Zach Duke,3840,2017,34,-4.295631,0.0,0.0
Brett Oberholtzer,3855,2017,27,-3.2033105,0.0,0.0
Rubby de la Rosa,3862,2017,28,-3.3142626,0.0,0.0
Ethan Martin,3877,2017,28,-3.343399,0.0,0.0
Casey Fien,3926,2017,33,-4.0917497,0.0,0.0
David Carpenter,3959,2017,31,-3.7300544,0.0,0.0
Edward Mujica,3970,2017,33,-4.0917497,0.0,0.0
Allen Webster,3993,2017,27,-3.2033105,0.0,0.0
Josh Outman,4004,2017,32,-3.9008806,0.0,0.0
Eury De la Rosa,4055,2017,27,-3.2033105,0.0,0.0
Brian Duensing,4064,2017,34,-4.295631,0.0,0.0
Pedro Strop,4070,2017,32,-3.9008806,0.0,0.0
Junichi Tazawa,4079,2017,31,-3.7300544,0.0,0.0
Erik Cordier,4086,2017,31,-3.8096523,0.0,0.0
James Russell,4089,2017,31,-3.7300544,0.0,0.0
Luke Gregerson,4090,2017,33,-4.0917497,0.0,0.0
Derek Holland,4141,2017,30,-3.5799615,0.0,0.0
Wilton Lopez,4227,2017,33,-4.0917497,0.0,0.0
Jered Weaver,4235,2017,34,-4.295631,0.0,0.0
Brad Lincoln,4241,2017,32,-3.9008806,0.0,0.0
Mark Melancon,4264,2017,32,-3.9008806,0.0,0.0
Manny Parra,4279,2017,34,-4.295631,0.0,0.0
Matt Albers,4300,2017,34,-4.295631,0.0,0.0
Justin Wilson,4301,2017,29,-3.4453886,0.0,0.0
Aaron Poreda,4313,2017,30,-3.4680772,0.0,0.0
Kyle Drabek,4359,2017,29,-3.4453886,0.0,0.0
Craig Breslow,4363,2017,36,-4.7048635,0.0,0.0
Joe Saunders,4366,2017,36,-4.7048635,0.0,0.0
Jeremy Hellickson,4371,2017,30,-3.5799615,0.0,0.0
Brad Mills,4420,2017,32,-3.875008,0.0,0.0
Josh Wall,4436,2017,30,-3.5799615,0.0,0.0
Pedro Hernandez,4578,2017,28,-3.3142626,0.0,0.0
Matt Lindstrom,4604,2017,37,-4.892794,0.0,0.0
Bobby Korecky,4608,2017,37,-4.775487,0.0,0.0
Jason Pridie,4611,2017,33,-3.2055426,0.0,0.0
Joe Thatcher,4620,2017,35,-4.504078,0.0,0.0
Sam LeCure,4664,2017,33,-4.0917497,0.0,0.0
Pat Neshek,4682,2017,36,-4.7048635,0.0,0.0
Jeff Francis,4684,2017,36,-4.7048635,0.0,0.0
Nate Jones,4696,2017,31,-3.7300544,0.0,0.0
Sergio Santos,4734,2017,33,-4.0917497,0.0,0.0
Donnie Veal,4741,2017,32,-3.9008806,0.0,0.0
Jonathan Broxton,4759,2017,33,-4.0917497,0.0,0.0
Felix Hernandez,4772,2017,31,-3.7300544,0.0,0.0
Matt Shoemaker,4776,2017,30,-3.6040082,0.0,0.0
Vinnie Pestano,4782,2017,32,-3.9008806,0.0,0.0
Rich Hill,4806,2017,37,-4.892794,0.0,0.0
Brandon Maurer,4878,2017,26,-3.0435712,0.0,0.0
Scott Kazmir,4897,2017,33,-4.0386987,0.0,0.0
Justin De Fratus,4955,2017,29,-3.4453886,0.0,0.0
Fernando Salas,4971,2017,32,-3.9008806,0.0,0.0
Fernando Abad,4994,2017,31,-3.7300544,0.0,0.0
Jake Diekman,5003,2017,30,-3.5799615,0.0,0.0
Bo Schultz,5028,2017,31,-3.8096523,0.0,0.0
Dale Thayer,5032,2017,36,-4.7048635,0.0,0.0
Josh Fields,5070,2017,31,-3.7559302,0.0,0.0
Evan Meek,5109,2017,34,-4.2625413,0.0,0.0
Alfredo Aceves,5164,2017,34,-4.295631,0.0,0.0
C.C. Lee,5177,2017,30,-3.6040082,0.0,0.0
Ernesto Frieri,5178,2017,31,-3.7300544,0.0,0.0
Mike Pelfrey,5203,2017,33,-4.0917497,0.0,0.0
Chris Perez,5213,2017,31,-3.7300544,0.0,0.0
Wade LeBlanc,5221,2017,32,-3.9008806,0.0,0.0
Blake Parker,5224,2017,32,-3.9008806,0.0,0.0
Rudy Owens,5226,2017,29,-3.5137513,0.0,0.0
Vin Mazzaro,5231,2017,30,-3.5799615,0.0,0.0
Jose Alvarez,5358,2017,28,-3.343399,0.0,0.0
Phillippe Aumont,5362,2017,28,-3.3142626,0.0,0.0
Michael Pineda,5372,2017,28,-3.2860954,0.0,0.0
Jorge De Leon,5397,2017,29,-3.4715483,0.0,0.0
Pedro Baez,5420,2017,29,-3.5137513,0.0,0.0
Jesse Chavez,5448,2017,33,-4.0917497,0.0,0.0
Arodys Vizcaino,5498,2017,26,-3.0057786,0.0,0.0
Dana Eveland,5508,2017,33,-4.0619864,0.0,0.0
Boone Logan,5525,2017,32,-3.9008806,0.0,0.0
Maikel Cleto,5529,2017,28,-3.3142626,0.0,0.0
Phil Coke,5535,2017,34,-4.295631,0.0,0.0
Matt Harrison,5551,2017,31,-3.7300544,0.0,0.0
Tyler Clippard,5640,2017,32,-3.9008806,0.0,0.0
Brooks Brown,5679,2017,32,-3.9887602,0.0,0.0
Josh Lueke,5722,2017,32,-3.9008806,0.0,0.0
Eric O'Flaherty,5746,2017,32,-3.9008806,0.0,0.0
Jorge Rondon,5791,2017,29,-3.5137513,0.0,0.0
Jason Motte,5861,2017,35,-4.470251,0.0,0.0
Danny Salazar,5867,2017,27,-3.2033105,0.0,0.0
Gonzalez Germen,5876,2017,29,-3.4715483,0.0,0.0
Darin Downs,5903,2017,32,-3.9008806,0.0,0.0
Sean Marshall,5905,2017,34,-4.295631,0.0,0.0
Wesley Wright,5960,2017,32,-3.9008806,0.0,0.0
Jonathan Papelbon,5975,2017,36,-4.7048635,0.0,0.0
Francisley Bueno,5980,2017,36,-4.7048635,0.0,0.0
Kelvin Herrera,6033,2017,27,-3.1749334,0.0,0.0
Matt Pagnozzi,6046,2017,34,-3.616517,0.0,0.0
Joe Wieland,6109,2017,27,-3.177417,0.0,0.0
Juan Jaime,6127,2017,29,-3.5137513,0.0,0.0
Scott Baker,6176,2017,35,-4.4509673,0.0,0.0
Dellin Betances,6216,2017,29,-3.4132898,0.0,0.0
Tom Gorzelanny,6244,2017,34,-4.295631,0.0,0.0
Scott Feldman,6283,2017,34,-4.295631,0.0,0.0
Esmil Rogers,6317,2017,31,-3.7300544,0.0,0.0
Al Alburquerque,6324,2017,31,-3.7300544,0.0,0.0
Ryan Feierabend,6336,2017,31,-3.5772555,0.0,0.0
Chris Archer,6345,2017,28,-3.225314,0.0,0.0
Henry Rodriguez,6371,2017,30,-3.5799615,0.0,0.0
Trevor May,6398,2017,27,-3.2343795,0.0,0.0
Jose Cisnero,6399,2017,28,-3.343399,0.0,0.0
Kevin Jepsen,6475,2017,32,-3.9008806,0.0,0.0
Steve Cishek,6483,2017,31,-3.7300544,0.0,0.0
Brian Wilson,6485,2017,35,-4.504078,0.0,0.0
Donnie Joseph,6491,2017,29,-3.4715483,0.0,0.0
Blaine Hardy,6499,2017,30,-3.653169,0.0,0.0
Josh Zeid,6527,2017,30,-3.6040082,0.0,0.0
Pat McCoy,6605,2017,28,-3.3799195,0.0,0.0
Marc Rzepczynski,6612,2017,31,-3.7300544,0.0,0.0
Pedro Figueroa,6616,2017,31,-3.7300544,0.0,0.0
Brad Brach,6627,2017,31,-3.7300544,0.0,0.0
Carlos Carrasco,6632,2017,30,-3.542429,0.0,0.0
Jim Henderson,6653,2017,34,-4.295631,0.0,0.0
Craig Kimbrel,6655,2017,29,-3.4453886,0.0,0.0
Alex Colome,6661,2017,28,-3.343399,0.0,0.0
Luke Putkonen,6736,2017,31,-3.7300544,0.0,0.0
Cesar Cabral,6741,2017,28,-3.343399,0.0,0.0
Andrew Miller,6785,2017,32,-3.9008806,0.0,0.0
Sam Freeman,6832,2017,30,-3.5799615,0.0,0.0
Jeff Manship,6865,2017,32,-3.9008806,0.0,0.0
Martin Perez,6902,2017,26,-3.0181575,0.0,0.0
Joakim Soria,6941,2017,33,-4.0386987,0.0,0.0
Yohan Pino,6955,2017,33,-4.1830263,0.0,0.0
Drew Storen,6983,2017,29,-3.4453886,0.0,0.0
Luis Garcia,6984,2017,30,-3.6040082,0.0,0.0
Ryan Pressly,7005,2017,28,-3.343399,0.0,0.0
Alex Torres,7038,2017,29,-3.4132898,0.0,0.0
Eric Fornataro,7042,2017,29,-3.5137513,0.0,0.0
Trevor Bell,7074,2017,30,-3.5214627,0.0,0.0
John Lannan,7080,2017,32,-3.9008806,0.0,0.0
Jonathan Pettibone,7106,2017,26,-3.0435712,0.0,0.0
Daniel Hudson,7146,2017,30,-3.6037292,0.0,0.0
Chris Withrow,7161,2017,28,-3.343399,0.0,0.0
Ryan Mattheus,7169,2017,33,-4.0917497,0.0,0.0
B.J. Rosenberg,7183,2017,31,-3.7300544,0.0,0.0
Greg Holland,7196,2017,31,-3.7300544,0.0,0.0
Nick Masset,7267,2017,35,-4.437985,0.0,0.0
Brad Ziegler,7293,2017,37,-4.892794,0.0,0.0
Preston Guilmet,7303,2017,29,-3.4715483,0.0,0.0
Casey Janssen,7355,2017,35,-4.504078,0.0,0.0
Dan Otero,7385,2017,32,-3.9008806,0.0,0.0
Javy Guerra,7407,2017,31,-3.7300544,0.0,0.0
J.A. Happ,7410,2017,34,-4.295631,0.0,0.0
Austin Adams,7411,2017,30,-3.653169,0.0,0.0
Mark Lowe,7416,2017,34,-4.295631,0.0,0.0
Bradin Hagens,7422,2017,28,-3.3799195,0.0,0.0
Wade Davis,7441,2017,31,-3.7300544,0.0,0.0
Jim Miller,7458,2017,35,-4.504078,0.0,0.0
Anthony Swarzak,7466,2017,31,-3.7300544,0.0,0.0
Ryan Webb,7474,2017,31,-3.7300544,0.0,0.0
Scott Elbert,7489,2017,31,-3.705603,0.0,0.0
Tommy Layne,7501,2017,32,-3.9008806,0.0,0.0
Evan Scribner,7525,2017,31,-3.7300544,0.0,0.0
Collin McHugh,7531,2017,30,-3.5799615,0.0,0.0
Lucas Harrell,7541,2017,32,-3.9008806,0.0,0.0
Jake McGee,7550,2017,30,-3.5799615,0.0,0.0
Jarrett Grube,7553,2017,35,-4.582023,0.0,0.0
Nick Vincent,7555,2017,30,-3.5799615,0.0,0.0
Fernando Rodriguez,7558,2017,33,-4.0619864,0.0,0.0
Tommy Milone,7608,2017,30,-3.5799615,0.0,0.0
Chris Leroux,7645,2017,33,-4.0917497,0.0,0.0
Neil Ramirez,7677,2017,28,-3.3799195,0.0,0.0
Bobby LaFromboise,7758,2017,31,-3.7559302,0.0,0.0
Yoslan Herrera,7759,2017,36,-4.497814,0.0,0.0
Shawn Kelley,7773,2017,33,-4.0917497,0.0,0.0
Hunter Strickland,7836,2017,28,-3.3799195,0.0,0.0
Jerry Blevins,7841,2017,33,-4.0917497,0.0,0.0
Josh Lindblom,7882,2017,30,-3.5799615,0.0,0.0
Matt Daley,7952,2017,35,-4.4509673,0.0,0.0
Matt West,7980,2017,28,-3.3799195,0.0,0.0
Anthony Bass,7982,2017,29,-3.2187507,0.0,0.0
Ramon Ramirez,7986,2017,35,-4.504078,0.0,0.0
Paul Clemens,8037,2017,29,-3.4715483,0.0,0.0
Glen Perkins,8041,2017,34,-4.295631,0.0,0.0
Jason Vargas,8044,2017,34,-4.295631,0.0,0.0
Will Smith,8048,2017,27,-3.1749334,0.0,0.0
Dan Jennings,8073,2017,30,-3.5799615,0.0,0.0
Stephen Fife,8077,2017,30,-3.5799615,0.0,0.0
Bryan Shaw,8110,2017,29,-3.4453886,0.0,0.0
Neil Wagner,8162,2017,33,-4.0386987,0.0,0.0
Kevin Siegrist,8180,2017,27,-3.2033105,0.0,0.0
Steven Wright,8185,2017,32,-3.9310997,0.0,0.0
David Robertson,8241,2017,32,-3.9008806,0.0,0.0
J.P. Howell,8245,2017,34,-4.295631,0.0,0.0
Billy Buckner,8253,2017,33,-3.991539,0.0,0.0
Huston Street,8258,2017,33,-4.0917497,0.0,0.0
Casey Coleman,8270,2017,29,-3.414937,0.0,0.0
Tony Sipp,8280,2017,33,-4.0917497,0.0,0.0
Lucas Luetge,8337,2017,30,-3.5799615,0.0,0.0
Jared Burton,8346,2017,36,-4.7048635,0.0,0.0
AJ Ramos,8350,2017,30,-3.5799615,0.0,0.0
Troy Patton,8368,2017,31,-3.7300544,0.0,0.0
Steve Geltz,8402,2017,29,-3.4348626,0.0,0.0
Alfredo Figaro,8404,2017,32,-3.8105376,0.0,0.0
Bryan Price,8436,2017,30,-3.653169,0.0,0.0
Danny Farquhar,8501,2017,30,-3.542429,0.0,0.0
Jeff Beliveau,8504,2017,30,-3.5799615,0.0,0.0
Michael Kohn,8505,2017,31,-3.6872387,0.0,0.0
Rob Wooten,8532,2017,31,-3.7559302,0.0,0.0
Justin Miller,8580,2017,30,-3.653169,0.0,0.0
Dustin McGowan,8600,2017,35,-4.4509673,0.0,0.0
Wilking Rodriguez,8801,2017,27,-3.2343795,0.0,0.0
Ryan Cook,8855,2017,30,-3.5799615,0.0,0.0
David Martinez,8893,2017,29,-3.4715483,0.0,0.0
Arquimedes Caminero,8992,2017,30,-3.6040082,0.0,0.0
Adam Warren,9029,2017,29,-3.4453886,0.0,0.0
John Axford,9059,2017,34,-4.295631,0.0,0.0
Kirby Yates,9073,2017,30,-3.653169,0.0,0.0
Zach Putnam,9080,2017,29,-3.4453886,0.0,0.0
T.J. House,9121,2017,27,-3.2343795,0.0,0.0
Charlie Leesman,9124,2017,30,-3.6040082,0.0,0.0
Sean O'Sullivan,9137,2017,29,-3.4132898,0.0,0.0
Lester Oliveros,9167,2017,29,-3.414937,0.0,0.0
Kyle Lobstein,9178,2017,27,-3.2343795,0.0,0.0
Vic Black,9195,2017,29,-3.4715483,0.0,0.0
Koji Uehara,9227,2017,42,-5.6634936,0.0,0.0
Alex Wilson,9239,2017,30,-3.6040082,0.0,0.0
David Carpenter,9244,2017,29,-3.4453886,0.0,0.0
Ryan Dennick,9261,2017,30,-3.653169,0.0,0.0
Rob Scahill,9286,2017,30,-3.5799615,0.0,0.0
Dylan Axelrod,9303,2017,31,-3.7300544,0.0,0.0
Jared Hughes,9325,2017,31,-3.7300544,0.0,0.0
Brandon Morrow,9346,2017,32,-3.9008806,0.0,0.0
Josh Tomlin,9388,2017,32,-3.9008806,0.0,0.0
John Holdzkom,9392,2017,29,-3.5137513,0.0,0.0
Zac Rosscup,9419,2017,29,-3.4715483,0.0,0.0
Ryan Buchter,9456,2017,30,-3.653169,0.0,0.0
George Kontos,9486,2017,32,-3.9008806,0.0,0.0
Phil Irwin,9489,2017,30,-3.6040082,0.0,0.0
Jeremy Jeffress,9490,2017,29,-3.4453886,0.0,0.0
Jose Ortega,9651,2017,28,-3.3142626,0.0,0.0
Louis Coleman,9720,2017,31,-3.7300544,0.0,0.0
Burke Badenhop,9736,2017,34,-4.295631,0.0,0.0
Rex Brothers,9794,2017,29,-3.4453886,0.0,0.0
Miles Mikolas,9803,2017,28,-3.3142626,0.0,0.0
Sergio Romo,9817,2017,34,-4.295631,0.0,0.0
Chaz Roe,9866,2017,30,-3.6040082,0.0,0.0
Bryan Anderson,9871,2017,30,-18.273586,0.0,0.0
Michael Kirkman,9877,2017,30,-3.5799615,0.0,0.0
Chris Rusin,9895,2017,30,-3.5799615,0.0,0.0
Bobby Parnell,9926,2017,32,-3.9008806,0.0,0.0
Brandon Kintzler,9939,2017,32,-3.9008806,0.0,0.0
Todd Redmond,9943,2017,32,-3.9008806,0.0,0.0
Mike Dunn,9948,2017,32,-3.9008806,0.0,0.0
Tom Wilhelmsen,9975,2017,33,-4.0917497,0.0,0.0
Taylor Thompson,10019,2017,30,-3.653169,0.0,0.0
Ian Krol,10066,2017,26,-3.0435712,0.0,0.0
Caleb Thielbar,10078,2017,30,-3.6040082,0.0,0.0
Keith Butler,10080,2017,28,-3.343399,0.0,0.0
Dane de la Rosa,10095,2017,34,-4.295631,0.0,0.0
Brad Boxberger,10133,2017,29,-3.4453886,0.0,0.0
Aaron Crow,10149,2017,30,-3.5799615,0.0,0.0
Jose Ramirez,10171,2017,27,-3.2343795,0.0,0.0
Melvin Mercedes,10181,2017,26,-3.069091,0.0,0.0
Tyler Skaggs,10190,2017,25,-2.8446171,0.0,0.002579217776656151
Aroldis Chapman,10233,2017,29,-3.4453886,0.0,0.0
Bryan Morris,10234,2017,30,-3.5799615,0.0,0.0
Alexi Ogando,10261,2017,33,-4.0917497,0.0,0.0
Justin Marks,10265,2017,29,-3.5137513,0.0,0.0
Tanner Scheppers,10267,2017,30,-3.5799615,0.0,0.0
Chris Heston,10302,2017,29,-3.5137513,0.0,0.0
Roman Mendez,10307,2017,26,-3.069091,0.0,0.0
Erasmo Ramirez,10314,2017,27,-3.1749334,0.0,0.0
Michael Tonkin,10315,2017,27,-3.2033105,0.0,0.0
Chad Jenkins,10326,2017,29,-3.4453886,0.0,0.0
Nick Christiani,10332,2017,29,-3.4715483,0.0,0.0
Edwin Escobar,10337,2017,25,-2.886824,0.0,0.0
Aaron Loup,10343,2017,29,-3.4453886,0.0,0.0
Carlos Contreras,10386,2017,26,-3.069091,0.0,0.0
Wilfredo Tovar,10416,2017,25,-3.785878,0.0,0.0
Shawn Tolleson,10481,2017,29,-3.4453886,0.0,0.0
Yoervis Medina,10498,2017,28,-3.343399,0.0,0.0
Preston Claiborne,10500,2017,29,-3.4715483,0.0,0.0
Mario Hollands,10504,2017,28,-3.3799195,0.0,0.0
Jake Petricka,10534,2017,29,-3.4715483,0.0,0.0
Daniel Webb,10558,2017,27,-3.2033105,0.0,0.0
Addison Reed,10586,2017,28,-3.3142626,0.0,0.0
Chad Bettis,10587,2017,28,-3.343399,0.0,0.0
Chris Sale,10603,2017,28,-3.3142626,0.0,0.0
Seth Rosin,10606,2017,28,-3.3799195,0.0,0.0
Stephen Pryor,10663,2017,27,-3.1749334,0.0,0.0
Red Patterson,10710,2017,30,-3.653169,0.0,0.0
Trevor Rosenthal,10745,2017,27,-3.1749334,0.0,0.0
Shane Greene,10756,2017,28,-3.3799195,0.0,0.0
Josh Edgin,10796,2017,30,-3.5799615,0.0,0.0
Jake Dunning,10803,2017,28,-3.343399,0.0,0.0
Mike Foltynewicz,10811,2017,25,-2.886824,0.0,0.0
Michael Mariot,10835,2017,28,-3.3799195,0.0,0.0
Chasen Shreve,10855,2017,26,-3.069091,0.0,0.0
Jake Buchanan,10962,2017,27,-3.2343795,0.0,0.0
Ben Rowen,10983,2017,28,-3.3799195,0.0,0.0
C.J. Riefenhauser,11193,2017,27,-3.2343795,0.0,0.0
Casey Sadler,11209,2017,26,-3.069091,0.0,0.0
Kevin Chapman,11240,2017,29,-3.4715483,0.0,0.0
Aaron Barrett,11243,2017,29,-3.5137513,0.0,0.0
Rob Rasmussen,11250,2017,28,-3.3799195,0.0,0.0
Logan Darnell,11261,2017,28,-3.3799195,0.0,0.0
Lisalverto Bonilla,11266,2017,27,-3.2343795,0.0,0.0
Sean Nolin,11341,2017,27,-3.2033105,0.0,0.0
A.J. Achter,11387,2017,28,-3.3799195,0.0,0.0
Drew Pomeranz,11426,2017,28,-3.3142626,0.0,0.0
Brandon Workman,11428,2017,28,-3.343399,0.0,0.0
Bryan Mitchell,11479,2017,26,-3.069091,0.0,0.0
Aaron Sanchez,11490,2017,24,-2.6895967,0.0,0.18457108736038208
Jose Dominguez,11571,2017,26,-3.0435712,0.0,0.0
Mike Kickham,11618,2017,28,-3.343399,0.0,0.0
Heath Hembree,11632,2017,28,-3.343399,0.0,0.0
Sam Dyson,11710,2017,29,-3.4453886,0.0,0.0
Erik Goeddel,11712,2017,28,-3.3799195,0.0,0.0
Justin Grimm,11720,2017,28,-3.3142626,0.0,0.0
Kyle Ryan,11753,2017,25,-2.886824,0.0,0.0
Drew Smyly,11760,2017,28,-3.3142626,0.0,0.0
Hector Neris,11804,2017,28,-3.3799195,0.0,0.0
Steve Delabar,11827,2017,33,-4.0917497,0.0,0.0
James Paxton,11828,2017,28,-3.343399,0.0,0.0
Taijuan Walker,11836,2017,24,-2.6732736,0.0,0.22037725150585175
Chris Martin,11847,2017,31,-3.8096523,0.0,0.0
Brett Bochy,11867,2017,29,-3.5137513,0.0,0.0
Scott Snodgress,12020,2017,27,-3.2343795,0.0,0.0
Brian Flynn,12027,2017,27,-3.2033105,0.0,0.0
Yimi Garcia,12095,2017,26,-3.069091,0.0,0.0
Matt Stites,12165,2017,27,-3.2343795,0.0,0.0
Cody Allen,12183,2017,28,-3.3142626,0.0,0.0
Aaron Brooks,12272,2017,27,-3.2343795,0.0,0.0
Leonel Campos,12277,2017,29,-3.5137513,0.0,0.0
Evan Marshall,12297,2017,27,-3.2343795,0.0,0.0
Chris Bassitt,12304,2017,28,-3.3799195,0.0,0.0
Kevin Quackenbush,12360,2017,28,-3.3799195,0.0,0.0
Spencer Patton,12361,2017,29,-3.5137513,0.0,0.0
Drew Rucinski,12499,2017,28,-3.3799195,0.0,0.0
Erik Johnson,12520,2017,27,-3.2033105,0.0,0.0
Nick Maronde,12530,2017,27,-3.1749334,0.0,0.0
Nathan Karns,12638,2017,29,-3.4715483,0.0,0.0
Roenis Elias,12673,2017,28,-3.3799195,0.0,0.0
Phil Klein,12675,2017,28,-3.3799195,0.0,0.0
Trevor Bauer,12703,2017,26,-3.0181575,0.0,0.0
Nick Martinez,12730,2017,26,-3.069091,0.0,0.0
Sonny Gray,12768,2017,27,-3.2033105,0.0,0.0
Jairo Diaz,12774,2017,26,-3.069091,0.0,0.0
Carter Capps,12803,2017,26,-3.0181575,0.0,0.0
Matt Barnes,12863,2017,27,-3.2343795,0.0,0.0
Alex Claudio,12890,2017,25,-2.886824,0.0,0.0
Ken Giles,12910,2017,26,-3.069091,0.0,0.0
Wei-Yin Chen,13071,2017,31,-3.7300544,0.0,0.0
Frank Garces,13144,2017,27,-3.2343795,0.0,0.0
Carson Smith,13172,2017,27,-3.2343795,0.0,0.0
Danny Coulombe,13293,2017,27,-3.2343795,0.0,0.0
Cam Bedrosian,13360,2017,25,-2.886824,0.0,0.0
Paco Rodriguez,13398,2017,26,-3.0181575,0.0,0.0
R.J. Alvarez,13401,2017,26,-3.069091,0.0,0.0
Drew VerHagen,13424,2017,26,-3.069091,0.0,0.0
Marcus Stroman,13431,2017,26,-3.069091,0.0,0.0
Mike Morin,13442,2017,26,-3.069091,0.0,0.0
Daniel Norris,13475,2017,24,-2.6895967,0.0,0.18457108736038208
Sam Tuivailala,13485,2017,24,-2.6895967,0.0,0.18457108736038208
Chad Smith,13604,2017,27,-3.2343795,0.0,0.0
Michael Roth,13736,2017,27,-3.2033105,0.0,0.0
Dominic Leone,13763,2017,25,-2.886824,0.0,0.0
Ian Thomas,13881,2017,30,-3.653169,0.0,0.0
Kevin Gausman,14107,2017,26,-3.0435712,0.0,0.0
Shae Simmons,14200,2017,26,-3.069091,0.0,0.0
Dario Alvarez,14239,2017,28,-3.3799195,0.0,0.0
Wei-Chung Wang,14382,2017,25,-2.886824,0.0,0.0
Kyuji Fujikawa,14443,2017,36,-4.7261763,0.0,0.0
Buck Farmer,14814,2017,26,-3.069091,0.0,0.0
Corey Knebel,15010,2017,25,-2.886824,0.0,0.0
Kyle Crockett,15033,2017,25,-2.886824,0.0,0.0
Kendall Graveman,15514,2017,26,-3.069091,0.0,0.0
Miguel Gonzalez,15675,2017,30,-3.653169,0.0,0.0
Brandon Finnegan,16208,2017,24,-2.6895967,0.0,0.18457108736038208
David Murphy,6035,2017,35,-5.068606,0.0,0.0
Jeff Baker,2073,2017,36,-6.4624677,0.0,0.0
Zach Walters,10622,2017,27,-3.0211797,0.0,0.0
Geovany Soto,3707,2017,34,-8.092724,0.0,0.0
Brad Snyder,6052,2017,35,-11.310628,0.0,0.0
Reid Brignac,8380,2017,31,-5.5985966,0.0,0.0018419567495584488
Brayan Pena,3231,2017,35,-6.2902293,0.0,0.296146959066391
Daniel Descalso,8392,2017,30,-2.0049276,0.0,1.1528353691101074
Xavier Nady,1658,2017,38,-8.3425045,0.0,0.0
Michael A. Taylor,11489,2017,26,0.6899176,0.0,0.10010648518800735
Adam Moore,9362,2017,33,-6.5503554,0.0,0.0
Steve Clevenger,9542,2017,31,-7.005772,0.0,0.0
Steven Souza Jr.,5667,2017,28,-5.2185097,0.0,0.0
Chris Valaika,1165,2017,31,-4.2675915,0.0,0.0
Dan Butler,9968,2017,30,-5.5372677,0.0,0.0
Logan Forsythe,7185,2017,30,-3.3565748,0.0,0.0
Jedd Gyorko,10816,2017,28,-3.7732997,0.0,0.3094981610774994
J.T. Realmuto,11739,2017,26,-5.2569904,0.0,0.0
Xavier Scruggs,7409,2017,29,-7.118552,0.0,0.0
Joaquin Arias,3817,2017,32,-2.7615125,0.0,0.0
Jason Bourgeois,2225,2017,35,-4.4334188,0.0,0.5137816071510315
Andy Marte,3203,2017,33,-1.2304393,0.0,0.0
Tuffy Gosewisch,5277,2017,33,-6.39645,0.0,0.0
Austin Romine,5491,2017,28,-5.7106614,0.0,0.0
Carlos Triunfel,193,2017,27,-3.3297565,0.0,0.0
Dean Anna,8353,2017,30,-1.1967427,0.0,0.0
Justin Sellers,4006,2017,31,-3.049337,0.0,0.5404242277145386
Vince Belnome,8126,2017,29,-3.5137513,0.0,0.0
Curt Casali,12510,2017,28,-4.739584,0.0,0.0
Raffy Lopez,12606,2017,29,-3.5137513,0.0,0.0
Jake Elmore,7290,2017,30,-0.89848536,0.0,0.3156680464744568
Luis Jimenez,6341,2017,29,-0.92826444,0.0,0.5916937589645386
Danny Worth,198,2017,31,-3.0622318,0.0,0.7901420593261719
Jorge De La Rosa,2047,2017,36,-4.7048635,0.0,0.0
Alfredo Simon,2155,2017,36,-4.7048635,0.0,0.0
Johnny Cueto,6893,2017,31,-3.7300544,0.0,0.0
Franklin Morales,5088,2017,31,-3.7300544,0.0,0.0
Brandon McCarthy,4662,2017,33,-4.0917497,0.0,0.0
Kyle Lohse,739,2017,38,-5.066032,0.0,0.0
Ervin Santana,3200,2017,34,-4.295631,0.0,0.0
Gio Gonzalez,7448,2017,31,-3.7300544,0.0,0.0
Jeff Locke,2929,2017,29,-3.4453886,0.0,0.0
Francisco Liriano,3201,2017,33,-4.0917497,0.0,0.0
Trevor Cahill,6249,2017,29,-3.4453886,0.0,0.0
Yohan Flande,5057,2017,31,-3.8096523,0.0,0.0
Mat Latos,3815,2017,29,-3.4964778,0.0,0.0
Gavin Floyd,3886,2017,34,-4.295631,0.0,0.0
Tim Lincecum,5705,2017,33,-4.0917497,0.0,0.0
Mike Bolsinger,11137,2017,29,-3.5137513,0.0,0.0
Brett Jackson,9632,2017,28,-3.0076246,0.0,0.0
Tyler Chatwood,4338,2017,27,-3.1749334,0.0,0.0
Jesse Hahn,13287,2017,27,-3.2343795,0.0,0.0
Joey Butler,7799,2017,31,-3.048707,0.0,0.0
Vidal Nuno,9674,2017,29,-3.4715483,0.0,0.0
Tsuyoshi Wada,13046,2017,36,-4.7656446,0.0,0.0
Mike Baxter,4464,2017,32,-6.7098036,0.0,0.0
David Hale,9756,2017,29,-3.4715483,0.0,0.0
Jamey Wright,715,2017,42,-5.6634936,0.0,0.0
R.A. Dickey,1245,2017,42,-5.6936245,0.0,0.0
Rick Porcello,2717,2017,28,-3.3142626,0.0,0.0
Danny Duffy,3542,2017,28,-3.3142626,0.0,0.0
Carlos Frias,3547,2017,27,-3.2343795,0.0,0.0
Jon Lester,4930,2017,33,-4.0917497,0.0,0.0
Tony Abreu,5053,2017,32,-11.395898,0.0,0.0
Chris Tillman,5279,2017,29,-3.4453886,0.0,0.0
Brad Peacock,5401,2017,29,-3.4132898,0.0,0.0
Jair Jurrjens,5556,2017,31,-19.743183,0.0,51.69419479370117
Jose Constanza,6003,2017,33,-1.5960851,0.0,0.6040287017822266
David Phelps,6316,2017,30,-3.5799615,0.0,0.0
Stolmy Pimentel,6415,2017,27,-3.2033105,0.0,0.0
Chase d'Arnaud,6652,2017,30,-3.600385,0.0,16.239059448242188
Miguel Gonzalez,7024,2017,33,-4.0917497,0.0,0.0
Phil Hughes,7450,2017,31,-3.7300544,0.0,0.0
Carlos Torres,7624,2017,34,-4.295631,0.0,0.0
David Holmberg,7725,2017,25,-2.8655505,0.0,0.0
Matt Hague,7772,2017,31,-11.285191,0.0,0.0
Jaff Decker,7945,2017,27,-3.0933945,0.0,0.0
Guillermo Quiroz,7989,2017,35,-5.5767093,0.0,0.0
Nick Greenwood,8182,2017,29,-3.5137513,0.0,0.0
Cord Phelps,8631,2017,30,-7.316507,0.0,0.0
Ali Solis,8848,2017,29,-3.4348626,0.0,0.0
Garrett Richards,9784,2017,29,-3.4453886,0.0,0.0
Kevin Slowey,9918,2017,33,-4.0386987,0.0,0.0
Lane Adams,10767,2017,27,-0.5631123,0.0,0.5023146271705627
Eric Jokisch,11157,2017,27,-3.2343795,0.0,0.0
Aaron Altherr,11270,2017,26,-3.069091,0.0,0.0
Tommy Kahnle,11384,2017,27,-3.2343795,0.0,0.0
Jose Quintana,11423,2017,28,-3.3142626,0.0,0.0
Anthony Ranaudo,11424,2017,27,-3.2343795,0.0,0.0
Rafael Montero,12760,2017,26,-3.069091,0.0,0.0
Eddie Butler,13453,2017,26,-3.069091,0.0,0.0
Matthew Clark,8793,2017,30,-4.5727687,0.0,0.0
C.J. Cron,12546,2017,27,-7.0678067,0.0,0.0
Kurt Suzuki,8259,2017,33,-6.610132,0.0,0.0
Ryan Howard,2154,2017,37,-7.0856376,0.0,0.0
Bobby Abreu,945,2017,43,-5.870646,0.0,0.0
Lyle Overbay,1617,2017,40,-5.631251,0.0,0.0
Grant Green,10053,2017,29,-1.1513274,0.0,1.5365076065063477
Gordon Beckham,9015,2017,30,-4.060653,0.0,0.0
Justin Smoak,9054,2017,30,-5.490414,0.0,0.0
Donnie Murphy,4704,2017,34,-3.5731509,0.0,0.0
Jerry Sands,4016,2017,29,-6.20239,0.0,0.0
Koyie Hill,1829,2017,38,-5.6639757,0.0,0.0
Tyler Pastornicky,6777,2017,27,-2.7506652,0.0,1.8224564790725708
Zelous Wheeler,8822,2017,30,-5.094574,0.0,0.0
Omar Quintanilla,6335,2017,35,-5.845784,0.0,0.0
Yorman Rodriguez,9922,2017,24,1.8084449,0.0,0.12164247781038284
Jack Hannahan,3692,2017,37,-5.640198,0.0,0.0
John McDonald,395,2017,42,-5.898811,0.0,0.0
Taylor Teagarden,5199,2017,33,-5.1002283,0.0,0.0
Sandy Leon,5273,2017,28,-4.8343673,0.0,0.0
Rafael Furcal,88,2017,39,-3.6685333,0.0,0.0
Jason Rogers,11773,2017,29,-3.5137513,0.0,0.0
Brooks Conrad,3664,2017,37,-2.5189672,0.0,0.0
Guilder Rodriguez,3412,2017,33,-2.3436596,0.0,0.0
Ryan Roberts,5653,2017,36,-7.6096873,0.0,0.0
Marco Scutaro,1555,2017,41,-4.0488896,0.0,0.0
Yovani Gallardo,8173,2017,31,-3.7300544,0.0,0.0
Tanner Roark,8753,2017,30,-3.6040082,0.0,0.0
Julio Teheran,6797,2017,26,-3.0181575,0.0,0.0
Lance Lynn,2520,2017,30,-3.5799615,0.0,0.0
Eric Stults,8011,2017,37,-4.892794,0.0,0.0
Zack Wheeler,10310,2017,27,-3.2033105,0.0,0.0
Alex Wood,13781,2017,26,-3.0435712,0.0,0.0
Vance Worley,6435,2017,29,-3.4453886,0.0,0.0
Juan Nicasio,7731,2017,30,-3.5799615,0.0,0.0
Cristhian Adames,6013,2017,25,-4.6645894,0.0,0.0
Yusmeiro Petit,4020,2017,32,-3.9008806,0.0,0.0
Mike Fiers,7754,2017,32,-3.9008806,0.0,0.0
Christian Bergman,10925,2017,29,-3.5137513,0.0,0.0
Ronny Cedeno,2179,2017,34,-3.8796785,0.0,0.0
Carlos Villanueva,4138,2017,33,-4.0917497,0.0,0.0
Jenrry Mejia,8476,2017,27,-3.1749334,0.0,0.0
Ryan Lavarnway,8879,2017,29,-5.3372808,0.0,0.0
Dan Johnson,2167,2017,37,-8.254151,0.0,0.0
Ryan Wheeler,9312,2017,28,-3.627672,0.0,0.0
Andrew Brown,3837,2017,32,-5.9206285,0.0,0.0
Miguel Olivo,1638,2017,38,-8.159812,0.0,0.0
Juan Centeno,7168,2017,27,-8.143795,0.0,0.0
Caleb Gindl,5002,2017,28,-4.5258307,0.0,0.0
Andrew Cashner,8782,2017,30,-2.8515341,0.0,0.0
Kyle Parker,11763,2017,27,-2.3615878,0.0,0.0
Jeff Francoeur,4792,2017,33,-0.5916606,0.0,0.3526546359062195
Xavier Paul,5963,2017,32,-4.4220276,0.0,0.0
Jamie Romak,5552,2017,31,-3.8096523,0.0,0.0
Nathan Eovaldi,9132,2017,27,-3.1749334,0.0,0.0
Brad Glenn,7392,2017,30,-5.779314,0.0,0.0
Doug Fister,9425,2017,33,-4.0917497,0.0,0.0
Roberto Hernandez,3273,2017,36,-4.7048635,0.0,0.0
Matt Garza,3340,2017,33,-4.0917497,0.0,0.0
Tim Hudson,921,2017,41,-5.558496,0.0,0.0
Charlie Morton,4676,2017,33,-4.0917497,0.0,0.0
Dillon Gee,7396,2017,31,-3.7300544,0.0,0.0
Brad Hand,9111,2017,27,-3.1749334,0.0,0.0
Michael Wacha,14078,2017,25,-2.8655505,0.0,0.0
Odrisamer Despaigne,16017,2017,30,-3.653169,0.0,0.0
Jake Peavy,1051,2017,36,-4.7048635,0.0,0.0
Prince Fielder,4613,2017,33,-8.161066,0.0,0.0
Ryan Ludwick,1260,2017,38,-7.182817,0.0,0.0
Jose Tabata,2411,2017,28,-4.961943,0.0,0.27940675616264343
Josh Thole,9689,2017,30,-4.6641846,0.0,0.3199210464954376
John Buck,2041,2017,36,-4.101252,0.0,0.0
Alex Gonzalez,520,2017,40,-7.6687365,0.0,0.0
Shane Robinson,4249,2017,32,-3.2928717,0.0,0.0
Josh Satin,6788,2017,32,-6.9720283,0.0,0.0
Michael Martinez,7358,2017,34,-4.587211,0.0,0.0
Tim Federowicz,8609,2017,29,-2.7476134,0.0,0.0
Chris Dominguez,9718,2017,30,-8.279365,0.0,0.0
Aaron Harang,1451,2017,39,-5.226072,0.0,0.0
Wily Peralta,7738,2017,28,-3.3142626,0.0,0.0
Tom Koehler,6570,2017,31,-3.7300544,0.0,0.0
Edinson Volquez,3990,2017,33,-4.0917497,0.0,0.0
Chase Anderson,6895,2017,29,-3.5137513,0.0,0.0
Mark Trumbo,6876,2017,31,-5.2204814,0.0,0.3664003610610962
Josmil Pinto,6806,2017,28,-5.6633196,0.0,0.0
Carlos Beltran,589,2017,40,-7.054495,0.0,0.0
Billy Butler,7399,2017,31,-7.261876,0.0,0.0
Aaron Hill,6104,2017,35,-4.5045013,0.0,0.5032638907432556
Mitch Moreland,3086,2017,31,-7.198402,0.0,0.0
Adrian Nieto,10294,2017,27,-5.1329145,0.0,0.0
Anthony Recker,4063,2017,33,-1.7945789,0.0,0.511608898639679
Reed Johnson,1702,2017,40,-5.178054,0.0,0.0
Kevin Frandsen,7528,2017,35,-5.0735326,0.0,0.0
Mike Olt,10698,2017,28,-3.5385532,0.0,0.0
Jason Giambi,818,2017,46,-7.6275487,0.0,0.0
Nick Ahmed,12147,2017,27,-2.18538,0.0,1.0784111022949219
Juan Perez,5371,2017,30,-2.9494803,0.0,0.0
Cameron Rupp,11146,2017,28,-7.3666687,0.0,0.0
Daric Barton,5928,2017,31,-3.4632738,0.0,0.0
Greg Dobbs,2158,2017,38,-6.2603464,0.0,0.0
Andy Wilkins,11251,2017,28,-0.6043845,0.0,0.3135248124599457
Neftali Soto,5663,2017,28,-3.868959,0.0,0.3904334604740143
Chris Colabello,13051,2017,33,-3.078315,0.0,0.0
Cody Ross,1760,2017,36,-3.7509704,0.0,0.0
J.P. Arencibia,697,2017,31,-5.6050725,0.0,0.0
Marc Krauss,7577,2017,29,-6.5180306,0.0,0.0
Carlos Quentin,6274,2017,34,-7.264671,0.0,0.0
Scott Hairston,1926,2017,37,-4.4956937,0.0,0.0
Mike Carp,7480,2017,31,-5.55619,0.0,0.0
Ryan Goins,9807,2017,29,-5.170779,0.0,0.0
Carlos Pena,934,2017,39,-10.355169,0.0,0.0
Jesus Aguilar,11342,2017,27,-5.702931,0.0,0.0
Bartolo Colon,375,2017,44,-5.956212,0.0,0.0
Ryan Doumit,2113,2017,36,-4.5773845,0.0,0.0
Brendan Ryan,6073,2017,35,-3.940334,0.0,0.19768714904785156
Jeff Bianchi,9958,2017,30,-4.269508,0.0,0.0
Dioner Navarro,3179,2017,33,-6.4268384,0.0,0.0
Jason Kubel,2161,2017,35,-2.995304,0.0,0.0
Skip Schumaker,3704,2017,37,-4.645188,0.0,0.0
Stephen Drew,4251,2017,34,-5.9841285,0.0,0.0
Justin Maxwell,6827,2017,33,-1.4448154,0.0,1.3706676959991455
Dayan Viciedo,3917,2017,28,-4.985717,0.0,0.0
Corey Hart,1945,2017,35,-4.4844456,0.0,0.0
Oscar Taveras,11173,2017,25,-5.7771006,0.0,0.0019599185325205326
Will Middlebrooks,7002,2017,28,-5.206282,0.0,0.06827913224697113
Alfredo Marte,5212,2017,28,-3.4466796,0.0,0.0
Dan Uggla,3442,2017,37,-3.4080305,0.0,0.0
Paul Konerko,242,2017,41,-7.721018,0.0,0.0
Jordan Pacheco,2677,2017,31,-6.1204786,0.0,0.0
John Baker,4756,2017,36,-6.735659,0.0,0.0
Brett Hayes,4293,2017,33,-3.5719466,0.0,0.0
Raul Ibanez,607,2017,45,-6.5157523,0.0,0.0
Stefen Romero,11746,2017,28,-2.6586425,0.0,1.1005281209945679
A.J. Pierzynski,746,2017,40,-7.838801,0.0,0.0
Matt Dominguez,4903,2017,27,-6.346653,0.0,0.0
Alberto Callaspo,3336,2017,34,-7.070624,0.0,0.0
Ryan Raburn,2218,2017,36,-6.4604454,0.0,0.0
Bryan Holaday,11287,2017,29,-4.535453,0.0,0.0
Tony Cruz,2802,2017,30,-4.3316374,0.0,0.5841402411460876
Kendrys Morales,8610,2017,34,-7.5129232,0.0,0.0
Allen Craig,3433,2017,32,-6.974961,0.0,0.0
Gerald Laird,1698,2017,37,-6.95237,0.0,0.0
Nick Swisher,4599,2017,36,-5.2651467,0.0,0.0
A.J. Ellis,5677,2017,36,-8.9025545,0.0,0.0
Jarrod Saltalamacchia,5557,2017,32,-3.9332685,0.0,0.0
Michael Choice,11376,2017,27,-5.7296534,0.0,0.0
Billy Hamilton,10199,2018,27,9.664739,57.80855941772461,16.284080505371094
Terrance Gore,13658,2018,27,15.630752,53.17052459716797,10.292770385742188
Dee Strange-Gordon,8203,2018,30,10.547939,51.84025955200195,14.565706253051758
Rusney Castillo,17016,2018,30,23.841291,51.072349548339844,6.428558349609375
Jonathan Villar,10071,2018,27,11.928953,49.307125091552734,10.767145156860352
Ben Revere,4712,2018,30,9.364966,46.37274932861328,11.938615798950195
Billy Burns,12701,2018,28,7.574031,45.862117767333984,11.493389129638672
Starling Marte,9241,2018,29,10.529032,44.38161087036133,11.127816200256348
Leonys Martin,11846,2018,30,11.310934,43.97390365600586,9.984212875366211
Gregory Polanco,12907,2018,26,12.091376,43.553367614746094,10.01822566986084
Cory Spangenberg,12294,2018,27,7.7719054,42.85498809814453,11.838896751403809
Danny Santana,10322,2018,27,11.031372,42.51947021484375,9.813055038452148
Jordan Schafer,9883,2018,31,9.397067,41.58759689331055,9.884261131286621
Mookie Betts,13611,2018,25,11.516394,40.94588088989258,9.917776107788086
James Jones,9767,2018,29,10.783677,39.80375289916992,8.868382453918457
Jose Altuve,5417,2018,28,7.7178307,38.81356430053711,9.270565032958984
Emilio Bonifacio,4054,2018,33,8.902113,38.57010269165039,8.976397514343262
Eury Perez,10299,2018,28,11.516538,38.55638122558594,8.317853927612305
Antoan Richardson,209,2018,34,9.721122,37.1428108215332,7.429840564727783
Matt den Dekker,11385,2018,30,10.906308,35.7713508605957,8.329150199890137
Eric Young Jr.,7158,2018,33,7.938873,35.736637115478516,8.239513397216797
Everth Cabrera,8155,2018,31,6.6736436,35.43312454223633,8.992785453796387
Carlos Gomez,4881,2018,32,6.3768673,34.9332160949707,8.883557319641113
Kolten Wong,12532,2018,27,8.05301,34.46621322631836,9.197612762451172
Arismendy Alcantara,10711,2018,26,9.87218,34.153839111328125,9.267107009887695
Jarrod Dyson,4866,2018,33,7.3086133,33.913543701171875,7.873452663421631
Elvis Andrus,8709,2018,29,7.3625875,33.39725875854492,9.239611625671387
Jean Segura,5933,2018,28,6.874149,32.97686767578125,9.13961124420166
Christian Yelich,11477,2018,26,7.2898674,32.63910675048828,9.19823169708252
Jacoby Ellsbury,4727,2018,34,7.0513415,32.62016677856445,7.782593250274658
Shawn O'Malley,9629,2018,30,9.260118,32.22869110107422,7.340816974639893
Craig Gentry,9571,2018,34,7.9090977,31.9453067779541,7.458348274230957
Alcides Escobar,6310,2018,31,7.156187,31.358734130859375,8.009561538696289
Rajai Davis,3708,2018,37,4.410939,29.943098068237305,7.766931533813477
Anthony Gose,5097,2018,27,6.1459394,29.837291717529297,8.767082214355469
Jason Kipnis,9776,2018,31,6.651482,29.481367111206055,7.8316450119018555
Mike Trout,10155,2018,26,7.27823,29.089223861694336,8.228306770324707
Lorenzo Cain,9077,2018,32,5.747785,28.787731170654297,7.849685192108154
Jose Ramirez,13510,2018,25,6.3060827,28.172420501708984,8.469727516174316
Carl Crawford,1201,2018,36,4.887641,28.000011444091797,7.2115631103515625
Jose Reyes,1736,2018,35,4.975257,27.898569107055664,7.276716709136963
Jake Marisnick,11339,2018,27,5.4537206,27.880516052246094,8.572290420532227
Leury Garcia,5913,2018,27,5.96395,27.457963943481445,8.154006004333496
Charlie Blackmon,7859,2018,31,5.396538,27.405179977416992,8.022167205810547
Pedro Ciriaco,5278,2018,32,7.41247,27.337984085083008,6.673289775848389
Denard Span,8347,2018,34,4.191841,25.999656677246094,7.512048244476318
Brett Gardner,9927,2018,34,5.112357,25.821348190307617,6.865123748779297
Angel Pagan,2918,2018,36,3.4760866,25.66904067993164,7.20324182510376
Drew Stubbs,9328,2018,33,5.65739,25.66756820678711,6.735507488250732
A.J. Pollock,9256,2018,30,4.516487,25.228328704833984,7.818150043487549
Pedro Florimon,8385,2018,31,5.447613,24.947649002075195,6.974740505218506
Chris Taylor,13757,2018,27,5.7372856,24.71025276184082,7.8191704750061035
Desmond Jennings,1965,2018,31,5.120295,24.436845779418945,7.333951473236084
Luis Sardinas,13153,2018,25,4.6476674,23.035375595092773,7.7120490074157715
Tony Campana,4964,2018,32,4.9863563,22.990495681762695,6.875341415405273
Jimmy Paredes,5481,2018,29,4.912188,22.817773818969727,7.088817119598389
Anthony Rendon,12861,2018,28,5.3372164,22.8150634765625,7.095681667327881
Eduardo Nunez,6848,2018,31,4.4930944,22.616010665893555,6.946499824523926
Andrew McCutchen,9847,2018,31,4.144472,22.547870635986328,7.038542747497559
Jason Heyward,4940,2018,28,4.4222465,22.043466567993164,7.337472915649414
Coco Crisp,1572,2018,38,2.3523088,21.908031463623047,6.433539867401123
Jimmy Rollins,971,2018,39,1.2081908,21.905221939086914,6.511809825897217
Adam Eaton,11205,2018,29,4.3673377,21.790008544921875,7.172970294952393
Michael Brantley,4106,2018,31,4.2537923,21.505163192749023,6.5569024085998535
Brian Dozier,9810,2018,31,4.5967693,21.271629333496094,6.760721206665039
Sam Fuld,8254,2018,36,2.4827716,21.25360679626465,6.393579483032227
James McCann,12859,2018,28,4.9848022,21.126131057739258,6.155939102172852
Ian Desmond,6885,2018,32,3.1543977,21.04335594177246,6.764938831329346
Nyjer Morgan,4885,2018,37,5.957117,20.93864631652832,5.519777774810791
Ezequiel Carrera,9048,2018,31,3.4731917,20.67772102355957,6.547143459320068
Alejandro De Aza,3371,2018,34,0.6734145,20.345840454101562,6.652106285095215
Chris Getz,3388,2018,34,1.9449215,20.086849212646484,6.333715438842773
Melvin Upton Jr.,5015,2018,33,2.7189484,19.89096450805664,6.379487037658691
Brock Holt,9345,2018,30,4.2099934,19.65542984008789,6.22197961807251
Michael Bourn,6387,2018,35,1.0453292,19.56658363342285,6.399580955505371
Austin Jackson,9848,2018,31,3.1085649,18.79560661315918,6.47114896774292
Kristopher Negron,5306,2018,32,4.4315295,18.676546096801758,4.947090148925781
Dexter Fowler,4062,2018,32,2.8184917,18.51923179626465,6.421440601348877
Christian Colon,11145,2018,29,4.365346,18.43124008178711,5.266265392303467
Nori Aoki,13075,2018,36,-0.3602307,18.428503036499023,6.192349433898926
Andrew Romine,1159,2018,32,2.9365275,17.79973793029785,5.420443534851074
Josh Harrison,8202,2018,30,3.0348208,17.729402542114258,6.170581340789795
Javier Baez,12979,2018,25,3.1834586,17.604324340820312,6.329869747161865
Quintin Berry,9414,2018,33,2.995876,17.518707275390625,4.8677520751953125
Juan Lagares,5384,2018,29,3.0056028,17.441133499145508,6.301909446716309
Ender Inciarte,4922,2018,27,1.787197,17.29717445373535,6.47537899017334
Alex Rios,2090,2018,37,-0.90627766,16.648014068603516,5.695206165313721
Jemile Weeks,2498,2018,31,2.7340987,15.738383293151855,4.593592166900635
Alexei Ramirez,5133,2018,36,-0.522602,15.523262977600098,5.499609470367432
Ian Kinsler,6195,2018,36,0.26978952,15.169746398925781,5.570558071136475
Jace Peterson,12325,2018,28,3.4152243,14.968913078308105,4.510742664337158
Paul Goldschmidt,9218,2018,30,2.0997396,14.168542861938477,5.2854437828063965
Todd Frazier,785,2018,32,1.1622072,13.737987518310547,5.113476753234863
Aaron Hicks,5297,2018,28,2.309816,13.603167533874512,5.395284175872803
Jim Adduci,6448,2018,33,1.8244154,13.231304168701172,4.588762283325195
Jordan Danks,9187,2018,31,1.5643499,13.10485553741455,4.958115100860596
Cliff Pennington,3395,2018,34,1.1161612,12.567608833312988,4.201179027557373
Gregor Blanco,3123,2018,34,-0.7363782,12.533266067504883,4.780451774597168
Chris Owings,10030,2018,26,1.5173107,12.52709674835205,4.740170955657959
Alexi Amarista,9063,2018,29,2.2540238,12.518064498901367,4.189748764038086
Alex Hassan,9959,2018,30,9.743633,12.35086441040039,3.0185980796813965
Erick Aybar,4082,2018,34,-0.04465349,12.32261848449707,4.843456268310547
Yasiel Puig,14225,2018,27,1.5020492,12.188217163085938,5.213637351989746
Chone Figgins,1580,2018,40,-2.44377,12.115873336791992,4.526761531829834
Didi Gregorius,6012,2018,28,3.747768,12.075336456298828,3.821119785308838
Michael Saunders,9981,2018,31,1.4313182,11.832121849060059,4.7306599617004395
Daniel Murphy,4316,2018,33,0.1895655,11.745369911193848,4.436398029327393
Peter Bourjos,2578,2018,31,1.2755176,11.571283340454102,4.1387152671813965
Hunter Pence,8252,2018,35,0.14947759,11.483240127563477,4.567066192626953
Mike Aviles,5986,2018,37,-1.4441668,11.273120880126953,4.371077537536621
George Springer,12856,2018,28,1.4339504,10.8578519821167,4.344642639160156
Eric Sogard,7927,2018,32,0.33590707,10.77730941772461,4.289466381072998
Ichiro Suzuki,1101,2018,44,-3.0526736,10.744433403015137,3.776714324951172
Will Venable,211,2018,35,-0.6148019,10.40633487701416,4.295558929443359
Zoilo Almonte,6732,2018,29,1.3157971,10.403107643127441,3.345101833343506
DJ LeMahieu,9874,2018,29,0.37652963,10.3663969039917,4.488328456878662
Brandon Guyer,2636,2018,32,1.7340744,10.22520923614502,3.119154930114746
Junior Lake,4672,2018,28,0.97887677,10.025192260742188,4.31173849105835
Alex Gordon,5209,2018,34,-0.0720057,9.73176383972168,3.8721981048583984
Jay Bruce,9892,2018,31,0.404734,9.640840530395508,3.661804437637329
Nate McLouth,3190,2018,36,-0.18644984,9.606905937194824,3.7626824378967285
Kirk Nieuwenhuis,6400,2018,30,1.0975335,9.38054370880127,2.9945714473724365
Hanley Ramirez,8001,2018,34,-1.2657553,9.371238708496094,3.708402633666992
Justin Upton,5222,2018,30,0.63022,8.975335121154785,3.6743109226226807
Dustin Ackley,10099,2018,30,0.4137596,8.539665222167969,3.6600072383880615
Rymer Liriano,4779,2018,27,-1.1427851,8.522758483886719,4.087471961975098
Shane Victorino,1677,2018,37,-1.4927384,8.420364379882812,2.7481908798217773
Brennan Boesch,914,2018,33,-0.9321933,8.335371971130371,2.8664028644561768
Adam Jones,6368,2018,32,0.7223103,8.316563606262207,3.040358066558838
Daniel Robertson,6266,2018,32,-0.86859035,8.178738594055176,3.5158755779266357
Derek Dietrich,10542,2018,28,2.2267199,8.049273490905762,2.6269476413726807
David Lough,7215,2018,32,-0.21228331,7.998612880706787,3.4944956302642822
Jorge Polanco,13152,2018,24,3.412968,7.948634147644043,3.219181776046753
Bryce Brentz,10607,2018,29,3.3076513,7.889002799987793,2.5392661094665527
Kevin Kiermaier,11038,2018,28,0.4055737,7.726552486419678,3.6183483600616455
Tyler Holt,11391,2018,29,0.30203602,7.457195281982422,3.538132905960083
Cameron Maybin,5223,2018,31,-0.8263796,7.358032703399658,3.2713112831115723
Brad Miller,12775,2018,28,0.8116097,7.348616123199463,3.188328266143799
Tommy Medica,11147,2018,30,0.25514266,7.337955951690674,2.601762056350708
Ryan Kalish,6962,2018,30,-0.48019385,7.286175727844238,3.4763877391815186
Maicer Izturis,2437,2018,37,-1.8582715,7.243069648742676,3.13960862159729
JB Shuck,6677,2018,31,0.6147541,7.222657203674316,2.4020869731903076
Josh Rutledge,11167,2018,29,0.124628186,6.9631028175354,3.107712745666504
Giancarlo Stanton,4949,2018,28,-0.8213478,6.946690082550049,2.838743209838867
Danny Espinosa,9219,2018,31,-0.48110548,6.810772895812988,2.4922289848327637
Eli Whiteside,3536,2018,38,-2.7982147,6.692150592803955,2.4448626041412354
David Wright,3787,2018,35,-2.6668754,6.675415515899658,2.7402451038360596
Jason Bartlett,8219,2018,38,13.155923,6.650763034820557,1.873084306716919
Ryan Braun,3410,2018,34,-3.7810855,6.529354572296143,2.8514790534973145
Efren Navarro,9854,2018,32,-0.29954827,6.397400856018066,3.0750086307525635
Chris Young,3882,2018,34,-1.182661,6.333449840545654,2.859253406524658
Gerardo Parra,8553,2018,31,-0.79861027,6.257303237915039,3.113402843475342
Chris Heisey,3978,2018,33,-1.1183149,6.21261739730835,2.3715014457702637
Chris Dickerson,7095,2018,36,-1.8706542,5.852524757385254,1.9655448198318481
Wil Myers,10047,2018,27,-1.1297157,5.763236045837402,2.8097963333129883
Domingo Santana,10348,2018,25,2.0943675,5.646864891052246,2.479151964187622
Bryce Harper,11579,2018,25,-0.7043632,5.614377498626709,3.391873836517334
Jordany Valdespin,5098,2018,30,0.8078071,5.608917236328125,2.4214677810668945
Brian Roberts,166,2018,40,-3.816263,5.542731285095215,2.570549964904785
Chase Utley,1679,2018,39,-1.6776396,5.3538818359375,2.3803486824035645
Logan Watkins,4875,2018,28,0.32876956,5.215825080871582,1.897637128829956
Ben Zobrist,7435,2018,37,-2.9608288,5.133203506469727,2.5170726776123047
Charlie Culberson,3298,2018,29,-0.15027854,5.114157676696777,2.4970438480377197
Jake Goebbert,9431,2018,30,-0.3039736,5.084195613861084,2.3955256938934326
Carlos Peguero,8760,2018,31,2.1561077,5.079782485961914,1.674582600593567
Abraham Almonte,5486,2018,29,-2.8830333,5.039658546447754,2.590770721435547
Jackie Bradley Jr.,12984,2018,28,-1.084802,4.899407863616943,2.0253968238830566
Curtis Granderson,4747,2018,37,-1.8962401,4.672764301300049,2.28466796875
David Peralta,2136,2018,30,-1.2849848,4.592107772827148,2.463677406311035
Christian Walker,13419,2018,27,1.4239728,4.502821445465088,1.871482253074646
Tomas Telis,10067,2018,27,1.4239728,4.502821445465088,1.871482253074646
Robbie Grossman,5254,2018,28,-2.851373,4.499114036560059,2.5577025413513184
Howie Kendrick,4229,2018,34,-3.412768,4.361630916595459,2.0407965183258057
Jake Lamb,13329,2018,27,-0.56587046,4.224641799926758,2.6067123413085938
Colby Rasmus,9893,2018,31,-0.3133143,4.175467491149902,1.5217065811157227
Phil Gosselin,10953,2018,29,-0.96628183,4.106616020202637,2.4292078018188477
Nick Franklin,10166,2018,27,-1.9463764,4.057953834533691,2.0581393241882324
Dalton Pompey,12797,2018,25,-1.7379915,4.009307384490967,2.336665153503418
Yoenis Cespedes,13110,2018,32,-1.1820544,3.9594812393188477,2.0617220401763916
Chris Denorfia,4400,2018,37,-3.0979443,3.9314827919006348,1.7909280061721802
Pete Kozma,2539,2018,30,0.99911726,3.9055092334747314,1.3383278846740723
Justin Ruggiano,7620,2018,36,-2.7120166,3.860569953918457,2.2289693355560303
Alex Presley,5305,2018,32,-1.6721101,3.8484997749328613,2.0512895584106445
Jayson Werth,1327,2018,39,-2.375063,3.8128490447998047,1.8847594261169434
Jorge Soler,14221,2018,26,-1.0720221,3.791771411895752,1.9743856191635132
Corey Dickerson,10762,2018,29,-1.5276141,3.770620584487915,2.2974653244018555
Carlos Gonzalez,7287,2018,32,-1.9620798,3.756052255630493,1.3011125326156616
Josh Reddick,3892,2018,31,-0.31782952,3.6239564418792725,1.656738519668579
Jonathan Diaz,4142,2018,33,-1.2434177,3.587419033050537,1.03486168384552
Adam Rosales,9682,2018,35,-2.4781642,3.5286107063293457,1.7429972887039185
Avisail Garcia,5760,2018,27,-3.6749249,3.4443957805633545,2.427302122116089
Shin-Soo Choo,3174,2018,35,-2.0512009,3.3495848178863525,1.9866377115249634
Omar Infante,1609,2018,36,-2.6754982,3.3201920986175537,1.6588315963745117
Asdrubal Cabrera,4962,2018,32,-2.31749,3.2009642124176025,1.5299144983291626
Kole Calhoun,11200,2018,30,-1.1861254,3.1584064960479736,1.9113621711730957
Zack Cozart,2616,2018,32,-1.4371513,2.9674887657165527,0.8799037933349609
Joe Kelly,9761,2018,30,-1.7482579,2.780467987060547,1.0293246507644653
Adam Duvall,10950,2018,29,0.49466565,2.772219181060791,1.1320334672927856
Garin Cecchini,11608,2018,27,0.47565946,2.761218786239624,1.4136871099472046
Chris Coghlan,6878,2018,33,-2.1677952,2.7519118785858154,1.6530338525772095
Eugenio Suarez,12552,2018,26,-1.7037915,2.7075324058532715,2.277698040008545
Yonder Alonso,2530,2018,31,-2.5744286,2.706611394882202,1.3187628984451294
Collin Cowgill,7250,2018,32,-1.5899485,2.672581195831299,1.4524439573287964
Jayson Nix,3790,2018,35,-2.034532,2.654954671859741,1.818137288093567
Jon Singleton,10441,2018,26,-1.2244834,2.635220766067505,2.3408584594726562
Logan Schafer,7937,2018,31,-1.1114328,2.629664659500122,1.5123612880706787
Elliot Johnson,4751,2018,34,-1.0036049,2.6243550777435303,1.582912802696228
Rougned Odor,12282,2018,24,-0.86608493,2.5814478397369385,2.9304776191711426
Matt Kemp,5631,2018,33,-3.6081934,2.5394158363342285,1.3054715394973755
Darin Mastroianni,7316,2018,32,-2.801174,2.522662401199341,1.2795343399047852
Freddy Galvis,6609,2018,28,-0.3682859,2.5071499347686768,1.265655517578125
Enrique Hernandez,10472,2018,26,0.18960007,2.2430477142333984,1.4372189044952393
Marcus Semien,12533,2018,27,-2.428048,2.237457036972046,1.8325278759002686
Hector Gomez,2264,2018,30,0.19896837,2.0751001834869385,1.031224012374878
Ian Stewart,5950,2018,33,-1.8162844,2.00510835647583,1.3567322492599487
Adeiny Hechavarria,10459,2018,29,-3.1196206,1.9485034942626953,1.7902497053146362
Kevin Pillar,12434,2018,29,-1.0348625,1.845007300376892,1.6805899143218994
Gary Brown,11464,2018,29,-0.016552843,1.805578589439392,0.8646030426025391
Brett Lawrie,5247,2018,28,-0.70282584,1.7247965335845947,1.599953532218933
Andrew Susac,13132,2018,28,-0.096577615,1.6742827892303467,0.9594697952270508
Elian Herrera,5432,2018,33,-2.5845459,1.5654360055923462,0.8649537563323975
Tony Gwynn,6141,2018,35,-3.015907,1.5559896230697632,0.9864798188209534
Cole Gillespie,5888,2018,34,-2.028722,1.4784715175628662,1.3571116924285889
Dustin Pedroia,8370,2018,34,-2.7780876,1.458042860031128,1.2598992586135864
Xander Bogaerts,12161,2018,25,-1.9212765,1.2595643997192383,1.9565247297286987
Grady Sizemore,2197,2018,35,-3.1974535,1.2311042547225952,0.9320460557937622
Marcell Ozuna,10324,2018,27,-1.6270272,1.1939634084701538,1.2328453063964844
Steve Pearce,9957,2018,35,-2.6687376,1.094720721244812,0.5324745774269104
Maikel Franco,12179,2018,25,-0.44626698,1.0896055698394775,1.2917640209197998
Jon Jay,5227,2018,33,-3.5974326,0.8238643407821655,0.8078084588050842
Alexi Casilla,5248,2018,33,-1.9057488,0.7924329042434692,0.49522972106933594
Starlin Castro,4579,2018,28,-4.0681944,0.787749707698822,1.5399411916732788
Erisbel Arruebarrena,15809,2018,28,-0.5806735,0.7704569697380066,0.6996303200721741
Eric Fryer,8145,2018,32,-1.9352237,0.7265347242355347,0.3146119713783264
Joe Panik,11936,2018,27,-0.6658813,0.6681904196739197,0.8268903493881226
Yolmer Sanchez,11602,2018,26,-4.504855,0.6302153468132019,1.7787094116210938
Brandon Barnes,629,2018,32,-2.764975,0.532263994216919,0.9893563389778137
Kyle Seager,9785,2018,30,-3.1420722,0.5006245374679565,0.9300901293754578
John Ryan Murphy,10346,2018,27,-0.83888805,0.42777588963508606,0.7704775333404541
Greg Garcia,10951,2018,28,-0.7926805,0.36912304162979126,0.5804084539413452
Nolan Reimold,3441,2018,34,-2.7601135,0.3539832830429077,0.5559465289115906
Pedro Alvarez,2495,2018,31,-3.5845635,0.33993834257125854,0.5836930871009827
Cesar Hernandez,10556,2018,28,-1.9151713,0.3233609199523926,1.289185643196106
Matt Szczur,11255,2018,28,-0.8281733,0.3036728501319885,0.5610213279724121
Mark Ellis,1443,2018,41,-3.741454,0.28670233488082886,0.9363437294960022
Michael Cuddyer,1534,2018,39,-4.3348722,0.2631630301475525,0.40950819849967957
Tucker Barnhart,10200,2018,27,-0.9286888,0.1819719523191452,0.6839685440063477
Ryan Flaherty,7888,2018,31,-1.4451435,0.14227807521820068,0.15371930599212646
Don Kelly,2216,2018,38,-4.2443166,0.13610240817070007,0.3397888243198395
Chris Nelson,8175,2018,32,-5.0028586,0.016709960997104645,1.1614800691604614
Buster Posey,9166,2018,31,-7.065057,0.0,0.0
Jonathan Lucroy,7870,2018,32,-5.801712,0.0,0.0
Jose Bautista,1887,2018,37,-5.340002,0.0,0.0
Russell Martin,4616,2018,35,-5.408886,0.0,0.0
Adrian Beltre,639,2018,39,-6.949896,0.0,0.0
Josh Donaldson,5038,2018,32,-4.159649,0.0,0.0
Robinson Cano,3269,2018,35,-4.625141,0.0,0.19675542414188385
Jose Abreu,15676,2018,31,-6.496178,0.0,0.0
Anthony Rizzo,3473,2018,28,-4.032596,0.0,0.6880039572715759
Miguel Cabrera,1744,2018,35,-7.2858963,0.0,0.0
Troy Tulowitzki,3531,2018,33,-4.9681597,0.0,0.0
Yan Gomes,9627,2018,30,-5.369228,0.0,0.0
Rene Rivera,3648,2018,34,-7.3819637,0.0,0.0
Victor Martinez,393,2018,39,-7.733306,0.0,0.0
Jhonny Peralta,1738,2018,36,-6.656777,0.0,0.0
Freddie Freeman,5361,2018,28,-4.490761,0.0,0.0
Neil Walker,7539,2018,32,-4.210429,0.0,0.0
Mike Zunino,13265,2018,27,-4.454654,0.0,0.0
Devin Mesoraco,5666,2018,30,-5.980733,0.0,0.0
Nelson Cruz,2434,2018,37,-6.7282577,0.0,0.0
J.D. Martinez,6184,2018,30,-4.423179,0.0,0.32895946502685547
Edwin Encarnacion,2151,2018,35,-4.575195,0.0,0.0
Adrian Gonzalez,1908,2018,36,-7.420267,0.0,0.0
Evan Longoria,9368,2018,32,-4.025426,0.0,0.0
Justin Turner,5235,2018,33,-4.5894103,0.0,0.0
Juan Uribe,454,2018,39,-6.8139935,0.0,0.0
Trevor Plouffe,7462,2018,32,-5.8991547,0.0,0.0
Matt Carpenter,8090,2018,32,-2.7691708,0.0,0.22444455325603485
Chase Headley,4720,2018,34,-4.6900253,0.0,0.1303246170282364
Pablo Sandoval,5409,2018,31,-7.3110538,0.0,0.0
Miguel Montero,3364,2018,34,-7.132319,0.0,0.0
Matt Holliday,1873,2018,38,-6.2978163,0.0,0.0
Luis Valbuena,4969,2018,32,-4.708802,0.0,0.0
Yadier Molina,7007,2018,35,-7.193661,0.0,0.0
Brian McCann,4810,2018,34,-7.642454,0.0,0.0
Lucas Duda,2502,2018,32,-4.766087,0.0,0.0
Melky Cabrera,4022,2018,33,-5.381563,0.0,0.0
Travis d'Arnaud,7739,2018,29,-6.7646604,0.0,0.0
Tyler Flowers,9134,2018,32,-7.076119,0.0,0.0
J.J. Hardy,3797,2018,35,-7.5440435,0.0,0.0
Scott Van Slyke,4365,2018,31,-5.3209167,0.0,0.0
Yasmani Grandal,11368,2018,29,-5.82844,0.0,0.0
Hank Conger,2505,2018,30,-6.211944,0.0,0.0
Seth Smith,7331,2018,35,-6.177494,0.0,0.0
Albert Pujols,1177,2018,38,-7.68901,0.0,0.0
Brandon Moss,4467,2018,34,-4.6247883,0.0,0.0
Brandon Crawford,5343,2018,31,-3.02625,0.0,0.09423390030860901
Nolan Arenado,9777,2018,27,-5.291107,0.0,0.0
Evan Gattis,11003,2018,31,-7.115053,0.0,0.0
Eduardo Escobar,6153,2018,29,-1.9006321,0.0,0.5656576752662659
David Freese,9549,2018,35,-6.667601,0.0,0.0
Justin Morneau,1737,2018,37,-7.331676,0.0,0.0
Carlos Santana,2396,2018,32,-5.6882377,0.0,0.0
Manny Machado,11493,2018,25,-5.0007243,0.0,0.5761435031890869
Nick Markakis,5930,2018,34,-5.9179993,0.0,0.0
Daniel Nava,5450,2018,35,-3.2028875,0.0,0.10361824184656143
David Ortiz,745,2018,42,-8.931995,0.0,0.0
Derek Norris,6867,2018,29,-3.2872028,0.0,0.07854738086462021
Marlon Byrd,950,2018,40,-6.0993524,0.0,0.0
Mike Napoli,3057,2018,36,-6.73391,0.0,0.0
Jason Castro,8722,2018,31,-3.7757285,0.0,0.0
Christian Vazquez,9774,2018,27,-6.5915027,0.0,0.0
Adam LaRoche,1904,2018,38,-7.732372,0.0,0.0
Chris Iannetta,8267,2018,35,-5.6666913,0.0,0.0
Jordy Mercer,6547,2018,31,-5.075889,0.0,0.0
Francisco Cervelli,5275,2018,32,-6.2593966,0.0,0.0
Chris Carter,9911,2018,31,-4.739373,0.0,0.0
Casey McGehee,6086,2018,35,-7.2951922,0.0,0.0
Matt Adams,9393,2018,29,-5.0531044,0.0,0.0
Carlos Ruiz,2579,2018,39,-6.0433273,0.0,0.0
Salvador Perez,7304,2018,28,-6.3279057,0.0,0.0
Caleb Joseph,7087,2018,32,-7.2357397,0.0,0.0
Adam Lind,8027,2018,34,-6.5849214,0.0,0.0
Aramis Ramirez,1002,2018,40,-8.146284,0.0,0.0
Scooter Gennett,10339,2018,28,-3.768415,0.0,0.8106825947761536
Conor Gillaspie,9009,2018,30,-3.5415258,0.0,0.0
Joe Mauer,1857,2018,35,-3.3351731,0.0,0.0
Yangervis Solarte,5352,2018,30,-6.5562897,0.0,0.0
Jed Lowrie,4418,2018,34,-6.92821,0.0,0.0
Andrelton Simmons,10847,2018,28,-4.218345,0.0,0.45060351490974426
Michael Morse,3035,2018,36,-8.13097,0.0,0.0
Travis Snider,2830,2018,30,-3.5216372,0.0,0.0
Lonnie Chisenhall,7571,2018,29,-3.965458,0.0,0.0
Stephen Vogt,5000,2018,33,-2.9512298,0.0,0.0
Martin Prado,3312,2018,34,-6.1828556,0.0,0.0
Matt Joyce,3353,2018,33,-2.450268,0.0,0.3509186804294586
Chris Stewart,3878,2018,36,-5.933658,0.0,0.0
Ruben Tejada,5519,2018,28,-4.7549024,0.0,0.0
Ryan Hanigan,4952,2018,37,-7.3338184,0.0,0.0
Khris Davis,9112,2018,30,-5.323721,0.0,0.0
Josh Willingham,2103,2018,39,-5.1382055,0.0,0.0
Brandon Phillips,791,2018,37,-5.867896,0.0,0.0
Rickie Weeks Jr.,1849,2018,35,-4.089119,0.0,0.0
Madison Bumgarner,5524,2018,28,-4.5514164,0.0,0.0
Marwin Gonzalez,5497,2018,29,-3.183397,0.0,0.7991111278533936
Martin Maldonado,6887,2018,31,-5.9433227,0.0,0.0
Robinson Chirinos,3142,2018,34,-6.701358,0.0,0.0
Alex Avila,7476,2018,31,-6.8508463,0.0,0.0
Ryan Zimmerman,4220,2018,33,-5.3412566,0.0,0.0
Juan Francisco,6978,2018,31,-5.0744157,0.0,0.0
Carlos Corporan,5587,2018,34,-7.057301,0.0,0.0
Wilmer Flores,5827,2018,26,-3.1598246,0.0,0.011018265038728714
Torii Hunter,731,2018,42,-6.12596,0.0,0.0
Josh Hamilton,1875,2018,37,-5.0413556,0.0,0.0
Darwin Barney,2430,2018,32,-2.258872,0.0,0.0
David Ross,1551,2018,41,-5.7673225,0.0,0.0
Wilson Ramos,1433,2018,30,-7.0087595,0.0,0.0
Andre Ethier,6265,2018,36,-5.2324257,0.0,0.0
Mark Reynolds,7619,2018,34,-4.2635593,0.0,0.0
Jake Smolinski,5408,2018,29,-2.5335402,0.0,0.0
Delmon Young,2140,2018,32,-5.614517,0.0,0.0
Oswaldo Arcia,10306,2018,27,-3.6306753,0.0,0.0
James Loney,4556,2018,34,-7.264524,0.0,0.0
Chris Davis,9272,2018,32,-3.2674515,0.0,0.0
Travis Wood,9884,2018,31,-4.5096984,0.0,0.0
Michael McKenry,9628,2018,33,-5.2529206,0.0,0.0
Joey Votto,4314,2018,34,-7.1479034,0.0,0.0
Brandon Belt,10264,2018,30,-4.4059553,0.0,0.1887587308883667
Logan Morrison,9205,2018,30,-4.9975023,0.0,0.0
Donovan Solano,8623,2018,30,-4.996594,0.0,0.0
Zack Greinke,1943,2018,34,-4.6241007,0.0,0.0
Jose Molina,25,2018,43,-7.5237565,0.0,0.0
Mark Teixeira,1281,2018,38,-7.1895814,0.0,0.0
Ramon Santiago,1417,2018,38,-5.7954288,0.0,0.0
Drew Butera,3411,2018,34,-6.397076,0.0,0.0
Kevin Kouzmanoff,5995,2018,36,-6.45415,0.0,0.0
Matt Wieters,4298,2018,32,-5.6480374,0.0,0.0
John Jaso,5887,2018,34,-4.497266,0.0,0.0
Ike Davis,8433,2018,31,-5.496411,0.0,0.0
Cody Asche,11997,2018,28,-4.28485,0.0,0.0
Roberto Perez,2900,2018,29,-7.826933,0.0,0.0
Kelly Johnson,2234,2018,36,-3.7714322,0.0,0.0
Erik Kratz,4403,2018,38,-7.253649,0.0,0.0
Kyle Blanks,49,2018,31,-5.249718,0.0,0.0
Rafael Ynoa,2832,2018,30,-8.09191,0.0,0.0
Kennys Vargas,12101,2018,27,-2.6243181,0.0,0.0
David DeJesus,1825,2018,38,-5.121544,0.0,0.0
John Mayberry,3390,2018,34,-4.889785,0.0,0.0
Gregorio Petit,3812,2018,33,-3.5683222,0.0,0.0
Travis Ishikawa,4793,2018,34,-4.5091915,0.0,0.0
Danny Valencia,6364,2018,33,-6.668676,0.0,0.0
Jose Lobaton,4243,2018,33,-6.764754,0.0,0.0
Mike Leake,10130,2018,30,-4.772979,0.0,0.0
Shelby Miller,10197,2018,27,-4.067782,0.0,0.0
Clayton Kershaw,2036,2018,30,-3.549189,0.0,0.0
Ben Paulsen,9741,2018,30,-7.412379,0.0,0.0
Eric Chavez,906,2018,40,-6.1548066,0.0,0.0
Adam Dunn,319,2018,38,-7.48703,0.0,0.0
Ryan Rua,12409,2018,28,-4.2097683,0.0,0.0
Wilin Rosario,8002,2018,29,-6.142178,0.0,0.0
Nick Castellanos,11737,2018,26,-5.150129,0.0,0.0
Eric Campbell,6938,2018,31,-4.4195013,0.0,0.0
Yunel Escobar,4191,2018,35,-6.6082354,0.0,0.0
Chris Johnson,1191,2018,33,-6.6222825,0.0,0.0
Ryan Sweeney,6352,2018,33,-5.134178,0.0,0.0
Chris Gimenez,7324,2018,35,-5.4434266,0.0,0.0
Mike Moustakas,4892,2018,29,-5.60541,0.0,0.0
Munenori Kawasaki,13047,2018,37,-4.4135857,0.0,0.0
Wil Nieves,1556,2018,40,-7.765726,0.0,0.0
Brandon Hicks,4003,2018,32,-4.237867,0.0,0.0
Jonathan Schoop,11265,2018,26,-3.5296662,0.0,0.0
Jacob deGrom,10954,2018,30,-4.805702,0.0,0.0
Adam Wainwright,2233,2018,36,-5.986418,0.0,0.0
Nick Evans,7595,2018,32,-5.25762,0.0,0.0
Jhoulys Chacin,2608,2018,30,-4.7224283,0.0,0.0
Garrett Jones,2714,2018,37,-7.315342,0.0,0.0
Darin Ruf,9929,2018,31,-6.6020746,0.0,0.0
Welington Castillo,3256,2018,31,-6.942349,0.0,0.0
Randal Grichuk,10243,2018,26,-4.356016,0.0,0.0
Jonny Gomes,1845,2018,37,-4.465455,0.0,0.0
Ramiro Pena,8841,2018,32,-3.1051185,0.0,0.0
Clint Barmes,1830,2018,39,-6.103484,0.0,0.0
Jordan Lyles,7593,2018,27,-4.067782,0.0,0.0
Jake Arrieta,4153,2018,32,-5.1320357,0.0,0.0
Cole Hamels,4972,2018,34,-5.665949,0.0,0.0
Gerrit Cole,13125,2018,27,-4.10313,0.0,0.0
Dan Haren,1757,2018,37,-6.182357,0.0,0.0
Tyson Ross,7872,2018,31,-4.926787,0.0,0.0
Carlos Rivero,1136,2018,30,-4.805702,0.0,0.0
Jose Pirela,5485,2018,28,-4.3711696,0.0,0.0
George Kottaras,5506,2018,35,-4.1768446,0.0,0.0
Max Stassi,10059,2018,27,-5.1061773,0.0,0.0
Marco Gonzales,15467,2018,26,-3.8806672,0.0,0.0
Matt McBride,9373,2018,33,-3.296866,0.0,0.0
Andres Blanco,1907,2018,34,-7.8640428,0.0,0.0
Scott Sizemore,2881,2018,33,-1.3494539,0.0,0.0
Justin Bour,9744,2018,30,-6.7710514,0.0,0.0
Dilson Herrera,14335,2018,24,-6.447238,0.0,0.0
Sean Rodriguez,6589,2018,33,-3.934886,0.0,0.0
Tommy La Stella,12371,2018,29,-6.536016,0.0,0.0
Derek Jeter,826,2018,44,-6.360283,0.0,0.3616308867931366
Nick Punto,1429,2018,40,-5.4937153,0.0,0.0
Josh Wilson,2102,2018,37,-6.209457,0.0,0.0
Jaime Garcia,8137,2018,31,-4.926787,0.0,0.0
Jeff Mathis,3448,2018,35,-6.4780636,0.0,0.0
Cliff Lee,1636,2018,39,-5.969365,0.0,0.0
Jacob Turner,10185,2018,27,-4.067782,0.0,0.0
Josh Beckett,510,2018,38,-6.359653,0.0,0.0
Mike Minor,10021,2018,30,-4.7224283,0.0,0.0
Jordan Zimmermann,4505,2018,32,-5.189642,0.0,0.0
Henderson Alvarez,5669,2018,28,-4.297398,0.0,0.0
Ian Kennedy,6986,2018,33,-5.3978777,0.0,0.0
Buddy Carlyle,2010,2018,40,-6.619277,0.0,0.0
Brian Schlitter,3599,2018,32,-5.0502434,0.0,0.0
Jeanmar Gomez,9033,2018,30,-4.7224283,0.0,0.0
Gus Schlosser,12321,2018,29,-4.5930023,0.0,0.0
Jeurys Familia,5114,2018,28,-4.297398,0.0,0.0
Zach McAllister,2895,2018,30,-4.7224283,0.0,0.0
Clay Buchholz,3543,2018,33,-5.343038,0.0,0.0
Pedro Villarreal,9904,2018,30,-4.7224283,0.0,0.0
Drew Hutchison,10732,2018,27,-4.0772657,0.0,0.0
Robbie Ray,11486,2018,26,-3.8806672,0.0,0.0
Nick Tepesch,11716,2018,29,-4.5533986,0.0,0.0
Brad Penny,535,2018,40,-6.6660337,0.0,0.0
Colby Lewis,1259,2018,38,-6.333015,0.0,0.0
Seth Maness,12235,2018,29,-4.5533986,0.0,0.0
Donn Roach,10620,2018,28,-4.3711696,0.0,0.0
Doug Bernier,4518,2018,38,-4.3463154,0.0,0.0
James Shields,7059,2018,36,-5.986418,0.0,0.0
Craig Stammen,7274,2018,34,-5.559472,0.0,0.0
Chris Parmelee,2554,2018,30,-5.7396207,0.0,0.0
Endy Chavez,768,2018,40,-5.640202,0.0,0.6147281527519226
Tyler Moore,7244,2018,31,-5.122417,0.0,0.0
Steve Tolleson,4450,2018,34,-6.2072077,0.0,0.0
Justin Verlander,8700,2018,35,-5.7774544,0.0,0.0
Daniel Corcino,9266,2018,27,-4.1332808,0.0,0.0
Bud Norris,9492,2018,33,-5.343038,0.0,0.0
Tony Sanchez,6178,2018,30,-6.6317077,0.0,0.0
Tyler Colvin,5310,2018,32,-3.88229,0.0,0.0
Willie Bloomquist,1066,2018,40,-4.9271684,0.0,0.2682402431964874
Kevin Correia,1767,2018,37,-6.205211,0.0,0.0
Matt Duffy,13836,2018,27,-2.0512712,0.0,0.8687962889671326
Johnny Giavotella,6740,2018,30,2.1374147,0.0,0.7494364976882935
Ed Lucas,7532,2018,36,-4.459438,0.0,0.0
Hector Sanchez,10289,2018,28,-3.58183,0.0,0.0
Wandy Rodriguez,2586,2018,39,-6.519859,0.0,0.0
Carlos Martinez,11682,2018,26,-3.854706,0.0,0.0
Alex Cobb,6562,2018,30,-4.7224283,0.0,0.0
Miguel Rojas,7802,2018,29,-5.4037323,0.0,0.0
Jesus Sucre,5942,2018,30,-2.1693692,0.0,0.0
Bronson Arroyo,978,2018,41,-6.8042674,0.0,0.0
Tyler Matzek,10058,2018,27,-4.1332808,0.0,0.0
Daisuke Matsuzaka,7775,2018,37,-6.182357,0.0,0.0
Jeff Samardzija,3254,2018,33,-5.343038,0.0,0.0
Edwin Jackson,1841,2018,34,-5.611248,0.0,0.0
Matt Cain,4732,2018,33,-5.3949924,0.0,0.0
Jarred Cosart,10304,2018,28,-4.335868,0.0,0.0
Wade Miley,8779,2018,31,-4.926787,0.0,0.0
Hyun-Jin Ryu,14444,2018,31,-4.9657774,0.0,0.0
Kyle Hendricks,12049,2018,28,-4.3711696,0.0,0.0
A.J. Burnett,512,2018,41,-6.8042674,0.0,0.0
David Buchanan,11176,2018,29,-4.5930023,0.0,0.0
Stephen Strasburg,10131,2018,29,-4.5735927,0.0,0.0
Jon Niese,4424,2018,31,-4.988224,0.0,0.0
Francisco Pena,8298,2018,28,-4.3711696,0.0,0.0
Antonio Bastardo,8844,2018,32,-5.1320357,0.0,0.0
J.J. Hoover,9037,2018,30,-4.7224283,0.0,0.0
Audry Perez,9176,2018,29,-4.5533986,0.0,0.0
Andrew Chafin,12988,2018,28,-4.3711696,0.0,0.0
Joey Terdoslavich,10593,2018,29,-6.6114044,0.0,0.0
Steven Moya,11854,2018,26,-3.8806672,0.0,0.0
Jackson Williams,8524,2018,32,-7.8069587,0.0,0.0
Clint Robinson,6908,2018,33,-6.5152917,0.0,0.0
Josh Phegley,9308,2018,30,-5.775736,0.0,0.0
Nate Freiman,6582,2018,31,-7.236127,0.0,0.0
Gaby Sanchez,3361,2018,34,-5.5629783,0.0,0.0
Jason Lane,1397,2018,41,-6.5445905,0.0,0.0
Tony Watson,3132,2018,33,-5.343038,0.0,0.0
David Huff,4257,2018,33,-5.343038,0.0,0.0
John Danks,6329,2018,33,-5.343038,0.0,0.0
Taylor Hill,12515,2018,29,-4.5930023,0.0,0.0
Tyler Collins,12723,2018,28,-5.1320004,0.0,0.0
Michael Taylor,2591,2018,32,-5.1753426,0.0,0.0
Jesus Montero,5514,2018,28,-6.069539,0.0,0.0
Nick Hundley,3376,2018,34,-6.5916243,0.0,0.0
Steve Lombardozzi,5422,2018,29,-5.376223,0.0,0.0
Andrew Lambo,5386,2018,29,-5.8582177,0.0,0.0
Cole Figueroa,8790,2018,31,-1.7396938,0.0,0.0
Anibal Sanchez,3284,2018,34,-5.559472,0.0,0.0
Zeke Spruill,3873,2018,28,-4.335868,0.0,0.0
Samuel Deduno,5285,2018,34,-5.559472,0.0,0.0
Yu Darvish,13074,2018,31,-4.926787,0.0,0.0
Jonathan Herrera,4182,2018,33,-3.29365,0.0,0.0
Ehire Adrianza,8418,2018,28,-4.7099485,0.0,0.0
Hernan Perez,5751,2018,27,-3.5061164,0.0,0.0
Tyler Thornburg,10688,2018,29,-4.513789,0.0,0.0
Robbie Ross Jr.,6819,2018,29,-4.513789,0.0,0.0
Dan Straily,9460,2018,29,-4.513789,0.0,0.0
Nick Tropeano,12385,2018,27,-4.1332808,0.0,0.0
Hector Santiago,4026,2018,30,-4.7224283,0.0,0.0
Bobby Wilson,6564,2018,35,-5.976252,0.0,0.0
Kyle Gibson,10123,2018,30,-4.760721,0.0,0.0
Dallas Beeler,11471,2018,29,-4.5930023,0.0,0.0
Yordano Ventura,11855,2018,27,-4.10313,0.0,0.0
Andy Parrino,3972,2018,32,-5.594308,0.0,0.0
Joc Pederson,11899,2018,26,-3.0405846,0.0,0.0
Brett Anderson,8223,2018,30,-4.7224283,0.0,0.0
Corey Kluber,2429,2018,32,-5.1320357,0.0,0.0
Christian Friedrich,7942,2018,30,-4.7215877,0.0,0.0
Chase Whitley,10982,2018,29,-4.5930023,0.0,0.0
Felix Doubront,1478,2018,30,-4.7224283,0.0,0.0
Justin Masterson,2038,2018,33,-5.343038,0.0,0.0
Ross Detwiler,2859,2018,32,-5.1320357,0.0,0.0
C.J. Wilson,3580,2018,37,-6.182357,0.0,0.0
Jerome Williams,1137,2018,36,-5.986418,0.0,0.0
Jimmy Nelson,10547,2018,29,-4.5533986,0.0,0.0
Homer Bailey,8362,2018,32,-5.1320357,0.0,0.0
Josh Collmenter,7312,2018,32,-5.1320357,0.0,0.0
Ryan Vogelsong,1011,2018,40,-6.666662,0.0,0.0
Kyle Kendrick,6230,2018,33,-5.343038,0.0,0.0
Jason Hammel,4538,2018,35,-5.7774544,0.0,0.0
Randy Wolf,976,2018,41,-6.6806183,0.0,0.0
Tim Stauffer,6432,2018,36,-5.986418,0.0,0.0
Tony Cingrani,12555,2018,28,-3.767847,0.0,0.0
Brandon Cumpton,11366,2018,29,-4.5533986,0.0,0.0
Anthony DeSclafani,13050,2018,28,-4.3711696,0.0,0.0
Robbie Erlin,10354,2018,27,-4.10313,0.0,0.0
John Lackey,1507,2018,39,-6.4896603,0.0,0.0
Marco Estrada,1118,2018,34,-5.559472,0.0,0.0
Jeff Kobernus,9591,2018,30,-3.484595,0.0,0.0
Dallas Keuchel,9434,2018,30,-4.7224283,0.0,0.0
Taylor Jordan,10466,2018,29,-4.5533986,0.0,0.0
Jose Fernandez,11530,2018,25,-3.594277,0.0,0.0
Andrew Heaney,15423,2018,27,-4.1332808,0.0,0.0
Blake Treinen,12572,2018,30,-4.805702,0.0,0.0
Tyler Lyons,11334,2018,30,-4.760721,0.0,0.0
Randall Delgado,5985,2018,28,-4.297398,0.0,0.0
Masahiro Tanaka,15764,2018,29,-4.5930023,0.0,0.0
Jake Odorizzi,6397,2018,28,-4.297398,0.0,0.0
Hisashi Iwakuma,13048,2018,37,-6.182357,0.0,0.0
Paul Maholm,8678,2018,36,-5.986418,0.0,0.0
Jeremy Guthrie,2072,2018,39,-6.519859,0.0,0.0
Neftali Feliz,18,2018,30,-4.7224283,0.0,0.0
Xavier Cedeno,36,2018,31,-4.926787,0.0,0.0
Erik Bedard,126,2018,39,-6.519859,0.0,0.0
Mark Buehrle,225,2018,39,-6.519859,0.0,0.0
Daniel McCutchen,263,2018,35,-5.7275414,0.0,0.0
Kyle Farnsworth,278,2018,42,-6.9388433,0.0,0.0
Blake Beavan,338,2018,29,-4.513789,0.0,0.0
CC Sabathia,404,2018,37,-6.182357,0.0,0.0
Fernando Rodney,494,2018,41,-6.8042674,0.0,0.0
Jason Grilli,521,2018,41,-6.8042674,0.0,0.0
Hector Ambriz,559,2018,34,-5.559472,0.0,0.0
Jeremy Affeldt,583,2018,39,-6.519859,0.0,0.0
Grant Balfour,718,2018,40,-6.666662,0.0,0.0
LaTroy Hawkins,729,2018,45,-7.3521333,0.0,0.0
Bruce Chen,769,2018,41,-6.8042674,0.0,0.0
Scott Downs,773,2018,42,-6.9388433,0.0,0.0
Randy Choate,813,2018,42,-6.9388433,0.0,0.0
Kris Johnson,886,2018,33,-5.3907547,0.0,0.0
Scott Carroll,888,2018,33,-5.4450297,0.0,0.0
Joe Beimel,979,2018,41,-6.816903,0.0,0.0
Aaron Thompson,999,2018,31,-4.883973,0.0,0.0
Rafael Soriano,1100,2018,38,-6.359653,0.0,0.0
Joe Nathan,1122,2018,43,-7.0729575,0.0,0.0
Tommy Hunter,1157,2018,31,-4.926787,0.0,0.0
Adam Ottavino,1247,2018,32,-5.1320357,0.0,0.0
Pedro Beato,1330,2018,31,-4.926787,0.0,0.0
Curtis Partch,1333,2018,31,-4.9657774,0.0,0.0
Blake Wood,1345,2018,32,-5.0893555,0.0,0.0
Evan Reed,1349,2018,32,-5.1745462,0.0,0.0
Nick Hagadone,1351,2018,32,-5.1320357,0.0,0.0
Charlie Furbush,1370,2018,32,-5.1320357,0.0,0.0
Joaquin Benoit,1437,2018,40,-6.666662,0.0,0.0
Jon Edwards,1483,2018,30,-4.805702,0.0,0.0
Oliver Perez,1514,2018,36,-5.986418,0.0,0.0
Sean Doolittle,1581,2018,31,-4.926787,0.0,0.0
Francisco Rodriguez,1642,2018,36,-5.986418,0.0,0.0
Javier Lopez,1663,2018,40,-6.666662,0.0,0.0
Chris Capuano,1701,2018,39,-6.519859,0.0,0.0
Jose Valverde,1726,2018,40,-6.666662,0.0,0.0
Kevin Gregg,1793,2018,40,-6.666662,0.0,0.0
J.J. Putz,1795,2018,41,-6.8042674,0.0,0.0
Neal Cotts,1797,2018,38,-6.2425957,0.0,0.0
Humberto Quintero,1824,2018,38,-6.9173913,0.0,0.0
Matt Belisle,1837,2018,38,-6.359653,0.0,0.0
Shawn Camp,1855,2018,42,-6.9388433,0.0,0.0
Sean Burnett,1886,2018,35,-5.7774544,0.0,0.0
Matt Moore,1890,2018,29,-4.513789,0.0,0.0
Jason Frasor,1906,2018,40,-6.666662,0.0,0.0
Matt Thornton,1918,2018,41,-6.8042674,0.0,0.0
Frank Francisco,1933,2018,38,-6.359653,0.0,0.0
Mike Adams,1937,2018,39,-6.519859,0.0,0.0
Justin Germano,1938,2018,35,-5.7774544,0.0,0.0
Raul Valdes,1953,2018,40,-6.666662,0.0,0.0
Ivan Nova,1994,2018,31,-4.926787,0.0,0.0
Matt Guerrier,2061,2018,39,-6.519859,0.0,0.0
Jose Veras,2063,2018,37,-6.182357,0.0,0.0
Heath Bell,2080,2018,40,-6.666662,0.0,0.0
Chad Qualls,2170,2018,39,-6.519859,0.0,0.0
Ronald Belisario,2203,2018,35,-5.7774544,0.0,0.0
Blaine Boyer,2237,2018,36,-5.8935866,0.0,0.0
Brandon Gomes,2267,2018,33,-5.343038,0.0,0.0
Joel Peralta,2332,2018,42,-6.9388433,0.0,0.0
Anthony Varvaro,2385,2018,33,-5.343038,0.0,0.0
Hector Rondon,2391,2018,30,-4.760721,0.0,0.0
Cory Rasmus,2413,2018,30,-4.760721,0.0,0.0
Eric Surkamp,2540,2018,30,-4.6876383,0.0,0.0
Joe Paterson,2565,2018,32,-5.1320357,0.0,0.0
Scott Atchison,2642,2018,42,-6.9388433,0.0,0.0
Brian Matusz,2646,2018,31,-4.926787,0.0,0.0
Corey Brown,2650,2018,32,-4.4216638,0.0,0.0
Brett Cecil,2660,2018,31,-4.926787,0.0,0.0
Joba Chamberlain,2692,2018,32,-5.1320357,0.0,0.0
Scott Rice,2743,2018,36,-6.0292873,0.0,0.0
Carlos Marmol,2790,2018,35,-5.7774544,0.0,0.0
Joe Savery,2835,2018,32,-5.1320357,0.0,0.0
Drake Britton,2868,2018,29,-4.5533986,0.0,0.0
Santiago Casilla,2873,2018,37,-6.182357,0.0,0.0
Luis Avilan,2882,2018,28,-4.297398,0.0,0.0
Juan Oviedo,2886,2018,36,-5.8935866,0.0,0.0
Tommy Pham,2967,2018,30,-4.805702,0.0,0.0
Bruce Billings,3044,2018,32,-5.085836,0.0,0.0
Kenley Jansen,3096,2018,30,-4.7224283,0.0,0.0
Max Scherzer,3137,2018,33,-5.343038,0.0,0.0
Tim Collins,3164,2018,28,-4.297398,0.0,0.0
David Price,3184,2018,32,-5.1320357,0.0,0.0
Will Harris,3192,2018,33,-5.343038,0.0,0.0
Chris Young,3196,2018,39,-6.5067315,0.0,0.0
Josh Stinson,3219,2018,30,-4.7224283,0.0,0.0
Jean Machi,3220,2018,36,-5.986418,0.0,0.0
T.J. McFarland,3237,2018,29,-4.5533986,0.0,0.0
Zack Britton,3240,2018,30,-4.7224283,0.0,0.0
Ryan Rowland-Smith,3245,2018,35,-5.641627,0.0,0.0
Juan Gutierrez,3265,2018,34,-5.5098214,0.0,0.0
Jordan Walden,3271,2018,30,-4.7224283,0.0,0.0
Joe Smith,3281,2018,34,-5.559472,0.0,0.0
Nate Adcock,3282,2018,30,-4.6811633,0.0,0.0
Hiroki Kuroda,3283,2018,43,-7.0729575,0.0,0.0
Hector Noesi,3292,2018,31,-4.926787,0.0,0.0
Chris Hatcher,3299,2018,33,-5.343038,0.0,0.0
Darren O'Day,3321,2018,35,-5.7774544,0.0,0.0
Cesar Ramos,3357,2018,34,-5.559472,0.0,0.0
Ubaldo Jimenez,3374,2018,34,-5.559472,0.0,0.0
Jumbo Diaz,3397,2018,34,-5.662647,0.0,0.0
Kevin Whelan,3462,2018,34,-5.5133133,0.0,0.0
Andre Rienzo,3507,2018,29,-4.5533986,0.0,0.0
Liam Hendriks,3548,2018,29,-4.513789,0.0,0.0
Jim Johnson,3656,2018,35,-5.7774544,0.0,0.0
Logan Ondrusek,3677,2018,33,-5.343038,0.0,0.0
Brandon League,3731,2018,35,-5.7774544,0.0,0.0
Cesar Jimenez,3762,2018,33,-5.296055,0.0,0.0
Felipe Paulino,3777,2018,34,-5.512562,0.0,0.0
Ricky Nolasco,3830,2018,35,-5.7774544,0.0,0.0
Zach Duke,3840,2018,35,-5.7774544,0.0,0.0
Brett Oberholtzer,3855,2018,28,-4.335868,0.0,0.0
Rubby de la Rosa,3862,2018,29,-4.513789,0.0,0.0
Ethan Martin,3877,2018,29,-4.5533986,0.0,0.0
Casey Fien,3926,2018,34,-5.559472,0.0,0.0
David Carpenter,3959,2018,32,-5.1320357,0.0,0.0
Edward Mujica,3970,2018,34,-5.559472,0.0,0.0
Allen Webster,3993,2018,28,-4.335868,0.0,0.0
Josh Outman,4004,2018,33,-5.343038,0.0,0.0
Eury De la Rosa,4055,2018,28,-4.335868,0.0,0.0
Brian Duensing,4064,2018,35,-5.7774544,0.0,0.0
Pedro Strop,4070,2018,33,-5.343038,0.0,0.0
Junichi Tazawa,4079,2018,32,-5.1320357,0.0,0.0
Erik Cordier,4086,2018,32,-5.227855,0.0,0.0
James Russell,4089,2018,32,-5.1320357,0.0,0.0
Luke Gregerson,4090,2018,34,-5.559472,0.0,0.0
Derek Holland,4141,2018,31,-4.926787,0.0,0.0
Wilton Lopez,4227,2018,34,-5.559472,0.0,0.0
Jered Weaver,4235,2018,35,-5.7774544,0.0,0.0
Brad Lincoln,4241,2018,33,-5.343038,0.0,0.0
Mark Melancon,4264,2018,33,-5.343038,0.0,0.0
Manny Parra,4279,2018,35,-5.7774544,0.0,0.0
Matt Albers,4300,2018,35,-5.7774544,0.0,0.0
Justin Wilson,4301,2018,30,-4.7224283,0.0,0.0
Aaron Poreda,4313,2018,31,-4.825013,0.0,0.0
Kyle Drabek,4359,2018,30,-4.7224283,0.0,0.0
Craig Breslow,4363,2018,37,-6.182357,0.0,0.0
Joe Saunders,4366,2018,37,-6.182357,0.0,0.0
Jeremy Hellickson,4371,2018,31,-4.926787,0.0,0.0
Brad Mills,4420,2018,33,-5.300858,0.0,0.0
Josh Wall,4436,2018,31,-4.926787,0.0,0.0
Pedro Hernandez,4578,2018,29,-4.513789,0.0,0.0
Matt Lindstrom,4604,2018,38,-6.359653,0.0,0.0
Bobby Korecky,4608,2018,38,-6.24768,0.0,0.0
Jason Pridie,4611,2018,34,-4.5277185,0.0,0.0
Joe Thatcher,4620,2018,36,-5.986418,0.0,0.0
Sam LeCure,4664,2018,34,-5.559472,0.0,0.0
Pat Neshek,4682,2018,37,-6.182357,0.0,0.0
Jeff Francis,4684,2018,37,-6.182357,0.0,0.0
Nate Jones,4696,2018,32,-5.1320357,0.0,0.0
Sergio Santos,4734,2018,34,-5.559472,0.0,0.0
Donnie Veal,4741,2018,33,-5.343038,0.0,0.0
Jonathan Broxton,4759,2018,34,-5.559472,0.0,0.0
Felix Hernandez,4772,2018,32,-5.1320357,0.0,0.0
Matt Shoemaker,4776,2018,31,-4.9657774,0.0,0.0
Vinnie Pestano,4782,2018,33,-5.343038,0.0,0.0
Rich Hill,4806,2018,38,-6.359653,0.0,0.0
Brandon Maurer,4878,2018,27,-4.10313,0.0,0.0
Scott Kazmir,4897,2018,34,-5.5098214,0.0,0.0
Justin De Fratus,4955,2018,30,-4.7224283,0.0,0.0
Fernando Salas,4971,2018,33,-5.343038,0.0,0.0
Fernando Abad,4994,2018,32,-5.1320357,0.0,0.0
Jake Diekman,5003,2018,31,-4.926787,0.0,0.0
Bo Schultz,5028,2018,32,-5.227855,0.0,0.0
Dale Thayer,5032,2018,37,-6.182357,0.0,0.0
Josh Fields,5070,2018,32,-5.1745462,0.0,0.0
Evan Meek,5109,2018,35,-5.7275414,0.0,0.0
Alfredo Aceves,5164,2018,35,-5.7774544,0.0,0.0
C.C. Lee,5177,2018,31,-4.9657774,0.0,0.0
Ernesto Frieri,5178,2018,32,-5.1320357,0.0,0.0
Mike Pelfrey,5203,2018,34,-5.559472,0.0,0.0
Chris Perez,5213,2018,32,-5.1320357,0.0,0.0
Wade LeBlanc,5221,2018,33,-5.343038,0.0,0.0
Blake Parker,5224,2018,33,-5.343038,0.0,0.0
Rudy Owens,5226,2018,30,-4.805702,0.0,0.0
Vin Mazzaro,5231,2018,31,-4.926787,0.0,0.0
Jose Alvarez,5358,2018,29,-4.5533986,0.0,0.0
Phillippe Aumont,5362,2018,29,-4.513789,0.0,0.0
Michael Pineda,5372,2018,29,-4.488237,0.0,0.0
Jorge De Leon,5397,2018,30,-4.760721,0.0,0.0
Pedro Baez,5420,2018,30,-4.805702,0.0,0.0
Jesse Chavez,5448,2018,34,-5.559472,0.0,0.0
Arodys Vizcaino,5498,2018,27,-4.0554676,0.0,0.0
Dana Eveland,5508,2018,34,-5.512562,0.0,0.0
Boone Logan,5525,2018,33,-5.343038,0.0,0.0
Maikel Cleto,5529,2018,29,-4.513789,0.0,0.0
Phil Coke,5535,2018,35,-5.7774544,0.0,0.0
Matt Harrison,5551,2018,32,-5.1320357,0.0,0.0
Tyler Clippard,5640,2018,33,-5.343038,0.0,0.0
Brooks Brown,5679,2018,33,-5.4450297,0.0,0.0
Josh Lueke,5722,2018,33,-5.343038,0.0,0.0
Eric O'Flaherty,5746,2018,33,-5.343038,0.0,0.0
Jorge Rondon,5791,2018,30,-4.805702,0.0,0.0
Jason Motte,5861,2018,36,-5.9404335,0.0,0.0
Danny Salazar,5867,2018,28,-4.335868,0.0,0.0
Gonzalez Germen,5876,2018,30,-4.760721,0.0,0.0
Darin Downs,5903,2018,33,-5.343038,0.0,0.0
Sean Marshall,5905,2018,35,-5.7774544,0.0,0.0
Wesley Wright,5960,2018,33,-5.343038,0.0,0.0
Jonathan Papelbon,5975,2018,37,-6.182357,0.0,0.0
Francisley Bueno,5980,2018,37,-6.182357,0.0,0.0
Kelvin Herrera,6033,2018,28,-4.297398,0.0,0.0
Matt Pagnozzi,6046,2018,35,-5.002819,0.0,0.0
Joe Wieland,6109,2018,28,-4.30511,0.0,0.0
Juan Jaime,6127,2018,30,-4.805702,0.0,0.0
Scott Baker,6176,2018,36,-5.940396,0.0,0.0
Dellin Betances,6216,2018,30,-4.6876383,0.0,0.0
Tom Gorzelanny,6244,2018,35,-5.7774544,0.0,0.0
Scott Feldman,6283,2018,35,-5.7774544,0.0,0.0
Esmil Rogers,6317,2018,32,-5.1320357,0.0,0.0
Al Alburquerque,6324,2018,32,-5.1320357,0.0,0.0
Ryan Feierabend,6336,2018,32,-4.921027,0.0,0.0
Chris Archer,6345,2018,29,-4.4079022,0.0,0.0
Henry Rodriguez,6371,2018,31,-4.926787,0.0,0.0
Trevor May,6398,2018,28,-4.3711696,0.0,0.0
Jose Cisnero,6399,2018,29,-4.5533986,0.0,0.0
Kevin Jepsen,6475,2018,33,-5.343038,0.0,0.0
Steve Cishek,6483,2018,32,-5.1320357,0.0,0.0
Brian Wilson,6485,2018,36,-5.986418,0.0,0.0
Donnie Joseph,6491,2018,30,-4.760721,0.0,0.0
Blaine Hardy,6499,2018,31,-5.015447,0.0,0.0
Josh Zeid,6527,2018,31,-4.9657774,0.0,0.0
Pat McCoy,6605,2018,29,-4.5930023,0.0,0.0
Marc Rzepczynski,6612,2018,32,-5.1320357,0.0,0.0
Pedro Figueroa,6616,2018,32,-5.1320357,0.0,0.0
Brad Brach,6627,2018,32,-5.1320357,0.0,0.0
Carlos Carrasco,6632,2018,31,-4.8886642,0.0,0.0
Jim Henderson,6653,2018,35,-5.7774544,0.0,0.0
Craig Kimbrel,6655,2018,30,-4.7224283,0.0,0.0
Alex Colome,6661,2018,29,-4.5533986,0.0,0.0
Luke Putkonen,6736,2018,32,-5.1320357,0.0,0.0
Cesar Cabral,6741,2018,29,-4.5533986,0.0,0.0
Andrew Miller,6785,2018,33,-5.343038,0.0,0.0
Sam Freeman,6832,2018,31,-4.926787,0.0,0.0
Jeff Manship,6865,2018,33,-5.343038,0.0,0.0
Martin Perez,6902,2018,27,-4.067782,0.0,0.0
Joakim Soria,6941,2018,34,-5.5098214,0.0,0.0
Yohan Pino,6955,2018,34,-5.662647,0.0,0.0
Drew Storen,6983,2018,30,-4.7224283,0.0,0.0
Luis Garcia,6984,2018,31,-4.9657774,0.0,0.0
Ryan Pressly,7005,2018,29,-4.5533986,0.0,0.0
Alex Torres,7038,2018,30,-4.6876383,0.0,0.0
Eric Fornataro,7042,2018,30,-4.805702,0.0,0.0
Trevor Bell,7074,2018,31,-4.8450212,0.0,0.0
John Lannan,7080,2018,33,-5.343038,0.0,0.0
Jonathan Pettibone,7106,2018,27,-4.10313,0.0,0.0
Daniel Hudson,7146,2018,31,-4.939244,0.0,0.0
Chris Withrow,7161,2018,29,-4.5533986,0.0,0.0
Ryan Mattheus,7169,2018,34,-5.559472,0.0,0.0
B.J. Rosenberg,7183,2018,32,-5.1320357,0.0,0.0
Greg Holland,7196,2018,32,-5.1320357,0.0,0.0
Nick Masset,7267,2018,36,-5.8935866,0.0,0.0
Brad Ziegler,7293,2018,38,-6.359653,0.0,0.0
Preston Guilmet,7303,2018,30,-4.760721,0.0,0.0
Casey Janssen,7355,2018,36,-5.986418,0.0,0.0
Dan Otero,7385,2018,33,-5.343038,0.0,0.0
Javy Guerra,7407,2018,32,-5.1320357,0.0,0.0
J.A. Happ,7410,2018,35,-5.7774544,0.0,0.0
Austin Adams,7411,2018,31,-5.015447,0.0,0.0
Mark Lowe,7416,2018,35,-5.7774544,0.0,0.0
Bradin Hagens,7422,2018,29,-4.5930023,0.0,0.0
Wade Davis,7441,2018,32,-5.1320357,0.0,0.0
Jim Miller,7458,2018,36,-5.986418,0.0,0.0
Anthony Swarzak,7466,2018,32,-5.1320357,0.0,0.0
Ryan Webb,7474,2018,32,-5.1320357,0.0,0.0
Scott Elbert,7489,2018,32,-5.092593,0.0,0.0
Tommy Layne,7501,2018,33,-5.343038,0.0,0.0
Evan Scribner,7525,2018,32,-5.1320357,0.0,0.0
Collin McHugh,7531,2018,31,-4.926787,0.0,0.0
Lucas Harrell,7541,2018,33,-5.343038,0.0,0.0
Jake McGee,7550,2018,31,-4.926787,0.0,0.0
Jarrett Grube,7553,2018,36,-6.0703306,0.0,0.0
Nick Vincent,7555,2018,31,-4.926787,0.0,0.0
Fernando Rodriguez,7558,2018,34,-5.512562,0.0,0.0
Tommy Milone,7608,2018,31,-4.926787,0.0,0.0
Chris Leroux,7645,2018,34,-5.559472,0.0,0.0
Neil Ramirez,7677,2018,29,-4.5930023,0.0,0.0
Bobby LaFromboise,7758,2018,32,-5.1745462,0.0,0.0
Yoslan Herrera,7759,2018,37,-6.0145884,0.0,0.0
Shawn Kelley,7773,2018,34,-5.559472,0.0,0.0
Hunter Strickland,7836,2018,29,-4.5930023,0.0,0.0
Jerry Blevins,7841,2018,34,-5.559472,0.0,0.0
Josh Lindblom,7882,2018,31,-4.926787,0.0,0.0
Matt Daley,7952,2018,36,-5.940396,0.0,0.0
Matt West,7980,2018,29,-4.5930023,0.0,0.0
Anthony Bass,7982,2018,30,-4.4768696,0.0,0.0
Ramon Ramirez,7986,2018,36,-5.986418,0.0,0.0
Paul Clemens,8037,2018,30,-4.760721,0.0,0.0
Glen Perkins,8041,2018,35,-5.7774544,0.0,0.0
Jason Vargas,8044,2018,35,-5.7774544,0.0,0.0
Will Smith,8048,2018,28,-4.297398,0.0,0.0
Dan Jennings,8073,2018,31,-4.926787,0.0,0.0
Stephen Fife,8077,2018,31,-4.926787,0.0,0.0
Bryan Shaw,8110,2018,30,-4.7224283,0.0,0.0
Neil Wagner,8162,2018,34,-5.5098214,0.0,0.0
Kevin Siegrist,8180,2018,28,-4.335868,0.0,0.0
Steven Wright,8185,2018,33,-5.3907547,0.0,0.0
David Robertson,8241,2018,33,-5.343038,0.0,0.0
J.P. Howell,8245,2018,35,-5.7774544,0.0,0.0
Billy Buckner,8253,2018,34,-5.4657226,0.0,0.0
Huston Street,8258,2018,34,-5.559472,0.0,0.0
Casey Coleman,8270,2018,30,-4.6811633,0.0,0.0
Tony Sipp,8280,2018,34,-5.559472,0.0,0.0
Lucas Luetge,8337,2018,31,-4.926787,0.0,0.0
Jared Burton,8346,2018,37,-6.182357,0.0,0.0
AJ Ramos,8350,2018,31,-4.926787,0.0,0.0
Troy Patton,8368,2018,32,-5.1320357,0.0,0.0
Steve Geltz,8402,2018,30,-4.7215877,0.0,0.0
Alfredo Figaro,8404,2018,33,-5.2556176,0.0,0.0
Bryan Price,8436,2018,31,-5.015447,0.0,0.0
Danny Farquhar,8501,2018,31,-4.8886642,0.0,0.0
Jeff Beliveau,8504,2018,31,-4.926787,0.0,0.0
Michael Kohn,8505,2018,32,-5.0893555,0.0,0.0
Rob Wooten,8532,2018,32,-5.1745462,0.0,0.0
Justin Miller,8580,2018,31,-5.015447,0.0,0.0
Dustin McGowan,8600,2018,36,-5.940396,0.0,0.0
Wilking Rodriguez,8801,2018,28,-4.3711696,0.0,0.0
Ryan Cook,8855,2018,31,-4.926787,0.0,0.0
David Martinez,8893,2018,30,-4.760721,0.0,0.0
Arquimedes Caminero,8992,2018,31,-4.9657774,0.0,0.0
Adam Warren,9029,2018,30,-4.7224283,0.0,0.0
John Axford,9059,2018,35,-5.7774544,0.0,0.0
Kirby Yates,9073,2018,31,-5.015447,0.0,0.0
Zach Putnam,9080,2018,30,-4.7224283,0.0,0.0
T.J. House,9121,2018,28,-4.3711696,0.0,0.0
Charlie Leesman,9124,2018,31,-4.9657774,0.0,0.0
Sean O'Sullivan,9137,2018,30,-4.6876383,0.0,0.0
Lester Oliveros,9167,2018,30,-4.6811633,0.0,0.0
Kyle Lobstein,9178,2018,28,-4.3711696,0.0,0.0
Vic Black,9195,2018,30,-4.760721,0.0,0.0
Koji Uehara,9227,2018,43,-7.0729575,0.0,0.0
Alex Wilson,9239,2018,31,-4.9657774,0.0,0.0
David Carpenter,9244,2018,30,-4.7224283,0.0,0.0
Ryan Dennick,9261,2018,31,-5.015447,0.0,0.0
Rob Scahill,9286,2018,31,-4.926787,0.0,0.0
Dylan Axelrod,9303,2018,32,-5.1320357,0.0,0.0
Jared Hughes,9325,2018,32,-5.1320357,0.0,0.0
Brandon Morrow,9346,2018,33,-5.343038,0.0,0.0
Josh Tomlin,9388,2018,33,-5.343038,0.0,0.0
John Holdzkom,9392,2018,30,-4.805702,0.0,0.0
Zac Rosscup,9419,2018,30,-4.760721,0.0,0.0
Ryan Buchter,9456,2018,31,-5.015447,0.0,0.0
George Kontos,9486,2018,33,-5.343038,0.0,0.0
Phil Irwin,9489,2018,31,-4.9657774,0.0,0.0
Jeremy Jeffress,9490,2018,30,-4.7224283,0.0,0.0
Jose Ortega,9651,2018,29,-4.513789,0.0,0.0
Louis Coleman,9720,2018,32,-5.1320357,0.0,0.0
Burke Badenhop,9736,2018,35,-5.7774544,0.0,0.0
Rex Brothers,9794,2018,30,-4.7224283,0.0,0.0
Miles Mikolas,9803,2018,29,-4.513789,0.0,0.0
Sergio Romo,9817,2018,35,-5.7774544,0.0,0.0
Chaz Roe,9866,2018,31,-4.9657774,0.0,0.0
Bryan Anderson,9871,2018,31,-15.689093,0.0,0.0
Michael Kirkman,9877,2018,31,-4.926787,0.0,0.0
Chris Rusin,9895,2018,31,-4.926787,0.0,0.0
Bobby Parnell,9926,2018,33,-5.343038,0.0,0.0
Brandon Kintzler,9939,2018,33,-5.343038,0.0,0.0
Todd Redmond,9943,2018,33,-5.343038,0.0,0.0
Mike Dunn,9948,2018,33,-5.343038,0.0,0.0
Tom Wilhelmsen,9975,2018,34,-5.559472,0.0,0.0
Taylor Thompson,10019,2018,31,-5.015447,0.0,0.0
Ian Krol,10066,2018,27,-4.10313,0.0,0.0
Caleb Thielbar,10078,2018,31,-4.9657774,0.0,0.0
Keith Butler,10080,2018,29,-4.5533986,0.0,0.0
Dane de la Rosa,10095,2018,35,-5.7774544,0.0,0.0
Brad Boxberger,10133,2018,30,-4.7224283,0.0,0.0
Aaron Crow,10149,2018,31,-4.926787,0.0,0.0
Jose Ramirez,10171,2018,28,-4.3711696,0.0,0.0
Melvin Mercedes,10181,2018,27,-4.1332808,0.0,0.0
Tyler Skaggs,10190,2018,26,-3.8243077,0.0,0.0
Aroldis Chapman,10233,2018,30,-4.7224283,0.0,0.0
Bryan Morris,10234,2018,31,-4.926787,0.0,0.0
Alexi Ogando,10261,2018,34,-5.559472,0.0,0.0
Justin Marks,10265,2018,30,-4.805702,0.0,0.0
Tanner Scheppers,10267,2018,31,-4.926787,0.0,0.0
Chris Heston,10302,2018,30,-4.805702,0.0,0.0
Roman Mendez,10307,2018,27,-4.1332808,0.0,0.0
Erasmo Ramirez,10314,2018,28,-4.297398,0.0,0.0
Michael Tonkin,10315,2018,28,-4.335868,0.0,0.0
Chad Jenkins,10326,2018,30,-4.7224283,0.0,0.0
Nick Christiani,10332,2018,30,-4.760721,0.0,0.0
Edwin Escobar,10337,2018,26,-3.8806672,0.0,0.0
Aaron Loup,10343,2018,30,-4.7224283,0.0,0.0
Carlos Contreras,10386,2018,27,-4.1332808,0.0,0.0
Wilfredo Tovar,10416,2018,26,-4.8446164,0.0,0.0
Shawn Tolleson,10481,2018,30,-4.7224283,0.0,0.0
Yoervis Medina,10498,2018,29,-4.5533986,0.0,0.0
Preston Claiborne,10500,2018,30,-4.760721,0.0,0.0
Mario Hollands,10504,2018,29,-4.5930023,0.0,0.0
Jake Petricka,10534,2018,30,-4.760721,0.0,0.0
Daniel Webb,10558,2018,28,-4.335868,0.0,0.0
Addison Reed,10586,2018,29,-4.513789,0.0,0.0
Chad Bettis,10587,2018,29,-4.5533986,0.0,0.0
Chris Sale,10603,2018,29,-4.513789,0.0,0.0
Seth Rosin,10606,2018,29,-4.5930023,0.0,0.0
Stephen Pryor,10663,2018,28,-4.297398,0.0,0.0
Red Patterson,10710,2018,31,-5.015447,0.0,0.0
Trevor Rosenthal,10745,2018,28,-4.297398,0.0,0.0
Shane Greene,10756,2018,29,-4.5930023,0.0,0.0
Josh Edgin,10796,2018,31,-4.926787,0.0,0.0
Jake Dunning,10803,2018,29,-4.5533986,0.0,0.0
Mike Foltynewicz,10811,2018,26,-3.8806672,0.0,0.0
Michael Mariot,10835,2018,29,-4.5930023,0.0,0.0
Chasen Shreve,10855,2018,27,-4.1332808,0.0,0.0
Jake Buchanan,10962,2018,28,-4.3711696,0.0,0.0
Ben Rowen,10983,2018,29,-4.5930023,0.0,0.0
C.J. Riefenhauser,11193,2018,28,-4.3711696,0.0,0.0
Casey Sadler,11209,2018,27,-4.1332808,0.0,0.0
Kevin Chapman,11240,2018,30,-4.760721,0.0,0.0
Aaron Barrett,11243,2018,30,-4.805702,0.0,0.0
Rob Rasmussen,11250,2018,29,-4.5930023,0.0,0.0
Logan Darnell,11261,2018,29,-4.5930023,0.0,0.0
Lisalverto Bonilla,11266,2018,28,-4.3711696,0.0,0.0
Sean Nolin,11341,2018,28,-4.335868,0.0,0.0
A.J. Achter,11387,2018,29,-4.5930023,0.0,0.0
Drew Pomeranz,11426,2018,29,-4.513789,0.0,0.0
Brandon Workman,11428,2018,29,-4.5533986,0.0,0.0
Bryan Mitchell,11479,2018,27,-4.1332808,0.0,0.0
Aaron Sanchez,11490,2018,25,-3.6159909,0.0,0.0
Jose Dominguez,11571,2018,27,-4.10313,0.0,0.0
Mike Kickham,11618,2018,29,-4.5533986,0.0,0.0
Heath Hembree,11632,2018,29,-4.5533986,0.0,0.0
Sam Dyson,11710,2018,30,-4.7224283,0.0,0.0
Erik Goeddel,11712,2018,29,-4.5930023,0.0,0.0
Justin Grimm,11720,2018,29,-4.513789,0.0,0.0
Kyle Ryan,11753,2018,26,-3.8806672,0.0,0.0
Drew Smyly,11760,2018,29,-4.513789,0.0,0.0
Hector Neris,11804,2018,29,-4.5930023,0.0,0.0
Steve Delabar,11827,2018,34,-5.559472,0.0,0.0
James Paxton,11828,2018,29,-4.5533986,0.0,0.0
Taijuan Walker,11836,2018,25,-3.594277,0.0,0.0
Chris Martin,11847,2018,32,-5.227855,0.0,0.0
Brett Bochy,11867,2018,30,-4.805702,0.0,0.0
Scott Snodgress,12020,2018,28,-4.3711696,0.0,0.0
Brian Flynn,12027,2018,28,-4.335868,0.0,0.0
Yimi Garcia,12095,2018,27,-4.1332808,0.0,0.0
Matt Stites,12165,2018,28,-4.3711696,0.0,0.0
Cody Allen,12183,2018,29,-4.513789,0.0,0.0
Aaron Brooks,12272,2018,28,-4.3711696,0.0,0.0
Leonel Campos,12277,2018,30,-4.805702,0.0,0.0
Evan Marshall,12297,2018,28,-4.3711696,0.0,0.0
Chris Bassitt,12304,2018,29,-4.5930023,0.0,0.0
Kevin Quackenbush,12360,2018,29,-4.5930023,0.0,0.0
Spencer Patton,12361,2018,30,-4.805702,0.0,0.0
Drew Rucinski,12499,2018,29,-4.5930023,0.0,0.0
Erik Johnson,12520,2018,28,-4.335868,0.0,0.0
Nick Maronde,12530,2018,28,-4.297398,0.0,0.0
Nathan Karns,12638,2018,30,-4.760721,0.0,0.0
Roenis Elias,12673,2018,29,-4.5930023,0.0,0.0
Phil Klein,12675,2018,29,-4.5930023,0.0,0.0
Trevor Bauer,12703,2018,27,-4.067782,0.0,0.0
Nick Martinez,12730,2018,27,-4.1332808,0.0,0.0
Sonny Gray,12768,2018,28,-4.335868,0.0,0.0
Jairo Diaz,12774,2018,27,-4.1332808,0.0,0.0
Carter Capps,12803,2018,27,-4.067782,0.0,0.0
Matt Barnes,12863,2018,28,-4.3711696,0.0,0.0
Alex Claudio,12890,2018,26,-3.8806672,0.0,0.0
Ken Giles,12910,2018,27,-4.1332808,0.0,0.0
Wei-Yin Chen,13071,2018,32,-5.1320357,0.0,0.0
Frank Garces,13144,2018,28,-4.3711696,0.0,0.0
Carson Smith,13172,2018,28,-4.3711696,0.0,0.0
Danny Coulombe,13293,2018,28,-4.3711696,0.0,0.0
Cam Bedrosian,13360,2018,26,-3.8806672,0.0,0.0
Paco Rodriguez,13398,2018,27,-4.067782,0.0,0.0
R.J. Alvarez,13401,2018,27,-4.1332808,0.0,0.0
Drew VerHagen,13424,2018,27,-4.1332808,0.0,0.0
Marcus Stroman,13431,2018,27,-4.1332808,0.0,0.0
Mike Morin,13442,2018,27,-4.1332808,0.0,0.0
Daniel Norris,13475,2018,25,-3.6159909,0.0,0.0
Sam Tuivailala,13485,2018,25,-3.6159909,0.0,0.0
Chad Smith,13604,2018,28,-4.3711696,0.0,0.0
Michael Roth,13736,2018,28,-4.335868,0.0,0.0
Dominic Leone,13763,2018,26,-3.8806672,0.0,0.0
Ian Thomas,13881,2018,31,-5.015447,0.0,0.0
Kevin Gausman,14107,2018,27,-4.10313,0.0,0.0
Shae Simmons,14200,2018,27,-4.1332808,0.0,0.0
Dario Alvarez,14239,2018,29,-4.5930023,0.0,0.0
Wei-Chung Wang,14382,2018,26,-3.8806672,0.0,0.0
Kyuji Fujikawa,14443,2018,37,-6.212668,0.0,0.0
Buck Farmer,14814,2018,27,-4.1332808,0.0,0.0
Corey Knebel,15010,2018,26,-3.8806672,0.0,0.0
Kyle Crockett,15033,2018,26,-3.8806672,0.0,0.0
Kendall Graveman,15514,2018,27,-4.1332808,0.0,0.0
Miguel Gonzalez,15675,2018,31,-5.015447,0.0,0.0
Brandon Finnegan,16208,2018,25,-3.6159909,0.0,0.0
David Murphy,6035,2018,36,-6.145452,0.0,0.0
Jeff Baker,2073,2018,37,-7.537398,0.0,0.0
Zach Walters,10622,2018,28,-4.203133,0.0,0.0
Geovany Soto,3707,2018,35,-8.138651,0.0,0.0
Brad Snyder,6052,2018,36,-10.28434,0.0,0.0
Reid Brignac,8380,2018,32,-6.081038,0.0,0.0
Brayan Pena,3231,2018,36,-6.7712502,0.0,0.0
Daniel Descalso,8392,2018,31,-2.7570891,0.0,0.07579679787158966
Xavier Nady,1658,2018,39,-8.798752,0.0,0.0
Michael A. Taylor,11489,2018,27,-1.1112627,0.0,0.0
Adam Moore,9362,2018,34,-7.01712,0.0,0.0
Steve Clevenger,9542,2018,32,-7.621983,0.0,0.0
Steven Souza Jr.,5667,2018,29,-6.292321,0.0,0.0
Chris Valaika,1165,2018,32,-5.3442974,0.0,0.0
Dan Butler,9968,2018,31,-6.682463,0.0,0.0
Logan Forsythe,7185,2018,31,-4.512667,0.0,0.0
Jedd Gyorko,10816,2018,29,-4.7958217,0.0,0.0
J.T. Realmuto,11739,2018,27,-6.152684,0.0,0.0
Moises Sierra,6050,2018,29,-3.7025938,0.0,0.0
Xavier Scruggs,7409,2018,30,-7.5090737,0.0,0.0
Joaquin Arias,3817,2018,33,-4.0201893,0.0,0.0
Jason Bourgeois,2225,2018,36,-5.473346,0.0,0.01153873186558485
Andy Marte,3203,2018,34,-2.839783,0.0,0.0
Tuffy Gosewisch,5277,2018,34,-7.467405,0.0,0.0
Austin Romine,5491,2018,29,-6.4486527,0.0,0.0
Carlos Triunfel,193,2018,28,-4.320071,0.0,0.0
Dean Anna,8353,2018,31,-2.4313703,0.0,0.0
Justin Sellers,4006,2018,32,-4.1314154,0.0,0.0
Vince Belnome,8126,2018,30,-4.805702,0.0,0.0
Curt Casali,12510,2018,29,-5.8811474,0.0,0.0
Raffy Lopez,12606,2018,30,-4.805702,0.0,0.0
Jake Elmore,7290,2018,31,-2.127259,0.0,0.0
Luis Jimenez,6341,2018,30,-2.0750477,0.0,0.0
Danny Worth,198,2018,32,-4.3003674,0.0,0.0
Jorge De La Rosa,2047,2018,37,-6.182357,0.0,0.0
Alfredo Simon,2155,2018,37,-6.182357,0.0,0.0
Johnny Cueto,6893,2018,32,-5.1320357,0.0,0.0
Franklin Morales,5088,2018,32,-5.1320357,0.0,0.0
Brandon McCarthy,4662,2018,34,-5.559472,0.0,0.0
Kyle Lohse,739,2018,39,-6.519859,0.0,0.0
Ervin Santana,3200,2018,35,-5.7774544,0.0,0.0
Gio Gonzalez,7448,2018,32,-5.1320357,0.0,0.0
Jeff Locke,2929,2018,30,-4.7224283,0.0,0.0
Francisco Liriano,3201,2018,34,-5.559472,0.0,0.0
Trevor Cahill,6249,2018,30,-4.7224283,0.0,0.0
Yohan Flande,5057,2018,32,-5.227855,0.0,0.0
Mat Latos,3815,2018,30,-4.7757483,0.0,0.0
Gavin Floyd,3886,2018,35,-5.7774544,0.0,0.0
Tim Lincecum,5705,2018,34,-5.559472,0.0,0.0
Mike Bolsinger,11137,2018,30,-4.805702,0.0,0.0
Brett Jackson,9632,2018,29,-4.143314,0.0,0.0
Tyler Chatwood,4338,2018,28,-4.297398,0.0,0.0
Jesse Hahn,13287,2018,28,-4.3711696,0.0,0.0
Joey Butler,7799,2018,32,-4.4681263,0.0,0.0
Vidal Nuno,9674,2018,30,-4.760721,0.0,0.0
Tsuyoshi Wada,13046,2018,37,-6.246331,0.0,0.0
Mike Baxter,4464,2018,33,-7.2581987,0.0,0.0
David Hale,9756,2018,30,-4.760721,0.0,0.0
Jamey Wright,715,2018,43,-7.0729575,0.0,0.0
R.A. Dickey,1245,2018,43,-7.0979877,0.0,0.0
Rick Porcello,2717,2018,29,-4.513789,0.0,0.0
Danny Duffy,3542,2018,29,-4.513789,0.0,0.0
Carlos Frias,3547,2018,28,-4.3711696,0.0,0.0
Jon Lester,4930,2018,34,-5.559472,0.0,0.0
Tony Abreu,5053,2018,33,-10.181892,0.0,0.0
Chris Tillman,5279,2018,30,-4.7224283,0.0,0.0
Brad Peacock,5401,2018,30,-4.6876383,0.0,0.0
Jair Jurrjens,5556,2018,32,-15.983734,0.0,44.00991439819336
Jose Constanza,6003,2018,34,-2.5775454,0.0,0.0
David Phelps,6316,2018,31,-4.926787,0.0,0.0
Stolmy Pimentel,6415,2018,28,-4.335868,0.0,0.0
Chase d'Arnaud,6652,2018,31,0.015230896,0.0,8.305747985839844
Miguel Gonzalez,7024,2018,34,-5.559472,0.0,0.0
Phil Hughes,7450,2018,32,-5.1320357,0.0,0.0
Carlos Torres,7624,2018,35,-5.7774544,0.0,0.0
David Holmberg,7725,2018,26,-3.854706,0.0,0.0
Matt Hague,7772,2018,32,-9.820261,0.0,0.0
Jaff Decker,7945,2018,28,-4.162803,0.0,0.0
Guillermo Quiroz,7989,2018,36,-7.0121393,0.0,0.0
Nick Greenwood,8182,2018,30,-4.805702,0.0,0.0
Cord Phelps,8631,2018,31,-7.595745,0.0,0.0
Ali Solis,8848,2018,30,-4.7215877,0.0,0.0
Garrett Richards,9784,2018,30,-4.7224283,0.0,0.0
Kevin Slowey,9918,2018,34,-5.5098214,0.0,0.0
Lane Adams,10767,2018,28,-1.5906335,0.0,0.1179051622748375
Eric Jokisch,11157,2018,28,-4.3711696,0.0,0.0
Aaron Altherr,11270,2018,27,-4.1332808,0.0,0.0
Tommy Kahnle,11384,2018,28,-4.3711696,0.0,0.0
Jose Quintana,11423,2018,29,-4.513789,0.0,0.0
Anthony Ranaudo,11424,2018,28,-4.3711696,0.0,0.0
Rafael Montero,12760,2018,27,-4.1332808,0.0,0.0
Eddie Butler,13453,2018,27,-4.1332808,0.0,0.0
Matthew Clark,8793,2018,31,-5.8637147,0.0,0.0
C.J. Cron,12546,2018,28,-7.298179,0.0,0.0
Kurt Suzuki,8259,2018,34,-7.231616,0.0,0.0
Eric Hosmer,3516,2018,28,-5.205646,0.0,0.4658253788948059
Ryan Howard,2154,2018,38,-8.040348,0.0,0.0
Bobby Abreu,945,2018,44,-7.028316,0.0,0.0
Lyle Overbay,1617,2018,41,-6.9973335,0.0,0.0
Grant Green,10053,2018,30,-2.2536168,0.0,0.07611402124166489
Gordon Beckham,9015,2018,31,-5.1519766,0.0,0.0
Justin Smoak,9054,2018,31,-6.643446,0.0,0.0
Donnie Murphy,4704,2018,35,-4.6336102,0.0,0.0
Roger Bernadina,6421,2018,34,-3.373222,0.0,0.20506933331489563
Jerry Sands,4016,2018,30,-6.7763925,0.0,0.0
Koyie Hill,1829,2018,39,-6.911047,0.0,0.0
Tyler Pastornicky,6777,2018,28,-3.0322182,0.0,0.41577690839767456
Zelous Wheeler,8822,2018,31,-6.323189,0.0,0.0
Omar Quintanilla,6335,2018,36,-6.95308,0.0,0.0
Yorman Rodriguez,9922,2018,25,0.2298875,0.0,0.0
Jack Hannahan,3692,2018,38,-7.033188,0.0,0.0
John McDonald,395,2018,43,-7.148726,0.0,0.0
Taylor Teagarden,5199,2018,34,-6.377632,0.0,0.0
Brent Morel,6402,2018,31,-3.0131478,0.0,0.47669219970703125
Sandy Leon,5273,2018,29,-6.0074606,0.0,0.0
Rafael Furcal,88,2018,40,-4.996427,0.0,0.0
Jason Rogers,11773,2018,30,-4.805702,0.0,0.0
Brooks Conrad,3664,2018,38,-4.300622,0.0,0.0
Guilder Rodriguez,3412,2018,34,-3.8646493,0.0,0.0
Ryan Roberts,5653,2018,37,-8.071624,0.0,0.0
Irving Falu,6165,2018,35,-4.4205856,0.0,0.0
Marco Scutaro,1555,2018,42,-5.8436146,0.0,0.0
Yovani Gallardo,8173,2018,32,-5.1320357,0.0,0.0
Tanner Roark,8753,2018,31,-4.9657774,0.0,0.0
Julio Teheran,6797,2018,27,-4.067782,0.0,0.0
Lance Lynn,2520,2018,31,-4.926787,0.0,0.0
Eric Stults,8011,2018,38,-6.359653,0.0,0.0
Zack Wheeler,10310,2018,28,-4.335868,0.0,0.0
Alex Wood,13781,2018,27,-4.10313,0.0,0.0
Vance Worley,6435,2018,30,-4.7224283,0.0,0.0
Juan Nicasio,7731,2018,31,-4.926787,0.0,0.0
Alex Guerrero,15670,2018,31,-1.0512242,0.0,0.1437140703201294
Cristhian Adames,6013,2018,26,-5.5716224,0.0,0.0
Yusmeiro Petit,4020,2018,33,-5.343038,0.0,0.0
Mike Fiers,7754,2018,33,-5.343038,0.0,0.0
Christian Bergman,10925,2018,30,-4.805702,0.0,0.0
Ronny Cedeno,2179,2018,35,-5.2750235,0.0,0.0
Carlos Villanueva,4138,2018,34,-5.559472,0.0,0.0
Jenrry Mejia,8476,2018,28,-4.297398,0.0,0.0
Ryan Lavarnway,8879,2018,30,-6.522948,0.0,0.0
Dan Johnson,2167,2018,38,-8.520594,0.0,0.0
Ryan Wheeler,9312,2018,29,-4.912433,0.0,0.0
Andrew Brown,3837,2018,33,-6.627841,0.0,0.0
Miguel Olivo,1638,2018,39,-8.407313,0.0,0.0
Donald Lutz,10154,2018,29,-1.6267979,0.0,0.05817347392439842
Juan Centeno,7168,2018,28,-7.730099,0.0,0.0
Caleb Gindl,5002,2018,29,-5.602928,0.0,0.0
Andrew Cashner,8782,2018,31,-4.0179815,0.0,0.0
Kyle Parker,11763,2018,28,-3.5013664,0.0,0.0
Jeff Francoeur,4792,2018,34,-2.2357008,0.0,0.0
Xavier Paul,5963,2018,33,-5.931467,0.0,0.0
Jamie Romak,5552,2018,32,-5.227855,0.0,0.0
Nathan Eovaldi,9132,2018,28,-4.297398,0.0,0.0
Brad Glenn,7392,2018,31,-6.8632402,0.0,0.0
Doug Fister,9425,2018,34,-5.559472,0.0,0.0
Roberto Hernandez,3273,2018,37,-6.182357,0.0,0.0
Matt Garza,3340,2018,34,-5.559472,0.0,0.0
Tim Hudson,921,2018,42,-6.9699106,0.0,0.0
Charlie Morton,4676,2018,34,-5.559472,0.0,0.0
Dillon Gee,7396,2018,32,-5.1320357,0.0,0.0
Brad Hand,9111,2018,28,-4.297398,0.0,0.0
Michael Wacha,14078,2018,26,-3.854706,0.0,0.0
Odrisamer Despaigne,16017,2018,31,-5.015447,0.0,0.0
Jake Peavy,1051,2018,37,-6.182357,0.0,0.0
Prince Fielder,4613,2018,34,-8.3486395,0.0,0.0
Ryan Ludwick,1260,2018,39,-7.8903036,0.0,0.0
Jose Tabata,2411,2018,29,-5.677989,0.0,0.0
Josh Thole,9689,2018,31,-5.6917906,0.0,0.0
John Buck,2041,2018,37,-5.8065863,0.0,0.0
Roger Kieschnick,5225,2018,31,-1.5518074,0.0,0.0
Alex Gonzalez,520,2018,41,-8.266506,0.0,0.0
Shane Robinson,4249,2018,33,-4.390353,0.0,0.0
Josh Satin,6788,2018,33,-7.6359515,0.0,0.0
Michael Martinez,7358,2018,35,-6.167097,0.0,0.0
Tim Federowicz,8609,2018,30,-4.4884796,0.0,0.0
Chris Dominguez,9718,2018,31,-8.015303,0.0,0.0
Aaron Harang,1451,2018,40,-6.666662,0.0,0.0
Wily Peralta,7738,2018,29,-4.513789,0.0,0.0
Tom Koehler,6570,2018,32,-5.1320357,0.0,0.0
Edinson Volquez,3990,2018,34,-5.559472,0.0,0.0
Chase Anderson,6895,2018,30,-4.805702,0.0,0.0
Mark Trumbo,6876,2018,32,-5.689955,0.0,0.0
Josmil Pinto,6806,2018,29,-6.387457,0.0,0.0
Carlos Beltran,589,2018,41,-7.6015806,0.0,0.0
Billy Butler,7399,2018,32,-7.652171,0.0,0.0
Aaron Hill,6104,2018,36,-5.378978,0.0,0.0
Mitch Moreland,3086,2018,32,-7.7198367,0.0,0.0
Adrian Nieto,10294,2018,28,-5.9240108,0.0,0.0
Anthony Recker,4063,2018,34,-3.2016168,0.0,0.0
Reed Johnson,1702,2018,41,-6.567519,0.0,0.0
Kevin Frandsen,7528,2018,36,-6.55838,0.0,0.0
Mike Olt,10698,2018,29,-4.7245407,0.0,0.0
Jason Giambi,818,2018,47,-8.650694,0.0,0.0
Jesus Guzman,3118,2018,34,-3.3049772,0.0,0.0
Nick Ahmed,12147,2018,28,-3.090686,0.0,0.0
Juan Perez,5371,2018,31,-4.3195586,0.0,0.0
Cameron Rupp,11146,2018,29,-7.507483,0.0,0.0
Daric Barton,5928,2018,32,-4.676511,0.0,0.0
Greg Dobbs,2158,2018,39,-7.416203,0.0,0.0
Andy Wilkins,11251,2018,29,-1.6811159,0.0,0.0
Neftali Soto,5663,2018,29,-4.860521,0.0,0.0
Chris Colabello,13051,2018,34,-4.432098,0.0,0.0
Cody Ross,1760,2018,37,-5.63347,0.0,0.0
J.P. Arencibia,697,2018,32,-6.5744176,0.0,0.0
Marc Krauss,7577,2018,30,-7.102251,0.0,0.0
Carlos Quentin,6274,2018,35,-7.9163175,0.0,0.0
Scott Hairston,1926,2018,38,-5.9611406,0.0,0.0
Mike Carp,7480,2018,32,-6.1664047,0.0,0.0
Ryan Goins,9807,2018,30,-6.2720995,0.0,0.0
Carlos Pena,934,2018,40,-9.614893,0.0,0.0
Jesus Aguilar,11342,2018,28,-6.5719,0.0,0.0
Bartolo Colon,375,2018,45,-7.3521333,0.0,0.0
Ryan Doumit,2113,2018,37,-6.1363235,0.0,0.0
Christian Bethancourt,10028,2018,26,-3.8079543,0.0,1.2835681438446045
L.J. Hoes,6656,2018,28,-2.8774757,0.0,0.0
Brendan Ryan,6073,2018,36,-5.003405,0.0,0.0
Jeff Bianchi,9958,2018,31,-5.5403423,0.0,0.0
Dioner Navarro,3179,2018,34,-7.261315,0.0,0.0
Jason Kubel,2161,2018,36,-4.7405396,0.0,0.0
Skip Schumaker,3704,2018,38,-6.039453,0.0,0.0
Stephen Drew,4251,2018,35,-6.8114157,0.0,0.0
Chris Herrmann,9284,2018,30,-2.8848665,0.0,0.0
Justin Maxwell,6827,2018,34,-2.3450673,0.0,0.03086293861269951
Dayan Viciedo,3917,2018,29,-6.1673827,0.0,0.0
Alfonso Soriano,847,2018,42,-4.29806,0.0,0.46088212728500366
Corey Hart,1945,2018,36,-5.711195,0.0,0.0
Oscar Taveras,11173,2018,26,-6.1983747,0.0,0.0
Will Middlebrooks,7002,2018,29,-5.7382836,0.0,0.0
Alfredo Marte,5212,2018,29,-4.5016613,0.0,0.0
Dan Uggla,3442,2018,38,-5.300059,0.0,0.0
Paul Konerko,242,2018,42,-8.55133,0.0,0.0
Nate Schierholtz,6201,2018,34,-2.9274504,0.0,0.33591440320014954
Domonic Brown,3154,2018,30,-3.527972,0.0,0.2343541383743286
Jordan Pacheco,2677,2018,32,-6.9281344,0.0,0.0
John Baker,4756,2018,37,-7.748984,0.0,0.0
Brett Hayes,4293,2018,34,-4.5054493,0.0,0.0
Raul Ibanez,607,2018,46,-7.4814663,0.0,0.0
Stefen Romero,11746,2018,29,-3.268768,0.0,0.0
A.J. Pierzynski,746,2018,41,-8.482306,0.0,0.0
Matt Dominguez,4903,2018,28,-6.8209853,0.0,0.0
Alberto Callaspo,3336,2018,35,-7.6571827,0.0,0.0
Ryan Raburn,2218,2018,37,-7.4004264,0.0,0.0
Bryan Holaday,11287,2018,30,-5.1721244,0.0,0.0
Tony Cruz,2802,2018,31,-5.386779,0.0,0.0
Kendrys Morales,8610,2018,35,-8.080632,0.0,0.0
Allen Craig,3433,2018,33,-7.364872,0.0,0.0
Gerald Laird,1698,2018,38,-7.856897,0.0,0.0
Nick Swisher,4599,2018,37,-6.638114,0.0,0.0
A.J. Ellis,5677,2018,37,-8.985318,0.0,0.0
Jarrod Saltalamacchia,5557,2018,33,-5.1226554,0.0,0.0
Michael Choice,11376,2018,28,-6.409783,0.0,0.0
Billy Hamilton,10199,2019,28,9.6266575,53.16046905517578,14.889430046081543
Terrance Gore,13658,2019,28,15.172916,53.14822006225586,10.6823091506958
Rusney Castillo,17016,2019,31,22.596188,51.89114761352539,7.291921138763428
Jonathan Villar,10071,2019,28,12.541577,51.452552795410156,11.731335639953613
Gregory Polanco,12907,2019,27,13.370875,47.85163497924805,10.411433219909668
Dee Strange-Gordon,8203,2019,31,9.605565,47.447635650634766,13.143980026245117
Cory Spangenberg,12294,2019,28,9.902421,46.618370056152344,11.122994422912598
Mookie Betts,13611,2019,26,13.108148,46.16485595703125,10.266563415527344
Danny Santana,10322,2019,28,12.129185,45.78535842895508,10.072615623474121
Starling Marte,9241,2019,30,10.551567,44.85197830200195,10.57833480834961
Leonys Martin,11846,2019,31,11.22982,44.02747344970703,10.117005348205566
Billy Burns,12701,2019,29,8.327603,43.46653747558594,10.890617370605469
Ben Revere,4712,2019,31,9.0867605,42.609310150146484,11.031280517578125
James Jones,9767,2019,30,11.196738,41.54555892944336,9.056655883789062
Eury Perez,10299,2019,29,11.895649,40.87456130981445,8.881440162658691
Arismendy Alcantara,10711,2019,27,12.197727,40.279144287109375,9.1038179397583
Jordan Schafer,9883,2019,32,9.17502,39.89263916015625,9.39407730102539
Jose Altuve,5417,2019,29,7.75247,38.778846740722656,10.222283363342285
Kolten Wong,12532,2019,28,9.254362,37.47163391113281,9.2573881149292
Matt den Dekker,11385,2019,31,11.024936,37.217891693115234,8.557233810424805
Jean Segura,5933,2019,29,8.683205,36.830787658691406,9.000499725341797
Emilio Bonifacio,4054,2019,34,8.342645,36.754398345947266,8.579322814941406
Elvis Andrus,8709,2019,30,8.783871,36.18718719482422,9.096044540405273
Everth Cabrera,8155,2019,32,7.3833556,36.09218978881836,8.90615177154541
Christian Yelich,11477,2019,27,8.369803,35.641963958740234,9.464144706726074
Antoan Richardson,209,2019,35,8.7960415,35.39976501464844,7.5528388023376465
Eric Young Jr.,7158,2019,34,7.6642346,34.67673873901367,8.075502395629883
Carlos Gomez,4881,2019,33,6.6163106,34.25259017944336,8.410497665405273
Shawn O'Malley,9629,2019,31,9.2895565,33.62978744506836,7.72868013381958
Jarrod Dyson,4866,2019,34,7.0904055,33.112815856933594,7.863478660583496
Alcides Escobar,6310,2019,32,7.4006405,32.179805755615234,8.064769744873047
Jacoby Ellsbury,4727,2019,35,6.666804,31.83293342590332,7.647453784942627
Craig Gentry,9571,2019,35,7.462184,31.802776336669922,7.513271808624268
Mike Trout,10155,2019,27,7.8604255,31.46463394165039,8.572087287902832
Anthony Gose,5097,2019,28,6.4553094,30.85107421875,8.984676361083984
Jason Kipnis,9776,2019,32,7.157066,30.796932220458984,7.819835662841797
Jose Ramirez,13510,2019,26,6.7856565,30.17384147644043,8.817440032958984
Jake Marisnick,11339,2019,28,6.171634,29.485376358032227,8.650094985961914
Lorenzo Cain,9077,2019,33,5.5887265,28.919723510742188,7.985816955566406
Leury Garcia,5913,2019,28,6.3752713,28.77808952331543,8.35615062713623
Pedro Ciriaco,5278,2019,33,7.086896,27.880512237548828,7.050232887268066
Rajai Davis,3708,2019,38,3.7952893,27.839155197143555,7.059353828430176
Charlie Blackmon,7859,2019,32,5.446097,27.818105697631836,7.870441436767578
Jose Reyes,1736,2019,36,4.302016,27.748891830444336,7.431644439697266
Carl Crawford,1201,2019,37,3.8794553,26.649070739746094,7.284463405609131
Chris Taylor,13757,2019,28,5.9764605,26.004154205322266,7.969876766204834
Brett Gardner,9927,2019,35,4.4734974,25.81319236755371,7.132316589355469
Drew Stubbs,9328,2019,34,5.0487633,25.511695861816406,7.027405738830566
Denard Span,8347,2019,35,3.5484402,25.38436508178711,7.481978893280029
A.J. Pollock,9256,2019,31,4.6215014,25.216123580932617,7.634486198425293
Pedro Florimon,8385,2019,32,5.280232,25.18425750732422,7.191810131072998
Desmond Jennings,1965,2019,32,5.1724744,25.15517807006836,7.312066555023193
Angel Pagan,2918,2019,37,2.4730775,24.560272216796875,7.22258186340332
Luis Sardinas,13153,2019,26,4.870649,23.97575569152832,7.904416084289551
Tony Campana,4964,2019,33,5.009854,23.934118270874023,6.674458980560303
Anthony Rendon,12861,2019,29,5.341529,23.606914520263672,7.299450874328613
Jimmy Paredes,5481,2019,30,5.0654116,23.36528778076172,7.250505447387695
Andrew McCutchen,9847,2019,32,4.4527907,23.098857879638672,6.877750396728516
Eduardo Nunez,6848,2019,32,4.1127596,22.55272102355957,6.991584777832031
Jason Heyward,4940,2019,29,4.231892,22.00320816040039,7.29298210144043
James McCann,12859,2019,29,4.8369136,21.77381134033203,6.6709771156311035
Michael Brantley,4106,2019,32,3.9503915,21.41143798828125,6.6183342933654785
Brian Dozier,9810,2019,32,3.9994175,21.217334747314453,6.80708646774292
Adam Eaton,11205,2019,30,3.7680528,21.184022903442383,7.088693141937256
Coco Crisp,1572,2019,39,1.0897862,20.783767700195312,6.425116062164307
Ian Desmond,6885,2019,33,2.779846,20.60085105895996,6.613407611846924
Jimmy Rollins,971,2019,40,-0.16879073,20.488025665283203,6.429416656494141
Nyjer Morgan,4885,2019,38,3.7678952,20.25170135498047,6.095523834228516
Ezequiel Carrera,9048,2019,32,2.964855,20.113523483276367,6.505279541015625
Brock Holt,9345,2019,31,3.9850516,19.880172729492188,6.309459209442139
Sam Fuld,8254,2019,37,1.0890535,19.86544418334961,6.497611999511719
Alejandro De Aza,3371,2019,35,0.10091389,19.349956512451172,6.403688430786133
Chris Getz,3388,2019,35,1.0186641,19.15981101989746,6.336871147155762
Melvin Upton Jr.,5015,2019,34,1.7037086,18.856416702270508,6.331552505493164
Christian Colon,11145,2019,30,4.0758853,18.848247528076172,5.734979152679443
Michael Bourn,6387,2019,36,0.45071605,18.76058578491211,6.124358654022217
Dexter Fowler,4062,2019,33,3.039799,18.728422164916992,6.014824390411377
Kristopher Negron,5306,2019,33,3.6897166,18.577226638793945,5.3440985679626465
Javier Baez,12979,2019,26,3.4529607,18.302207946777344,6.58057975769043
Austin Jackson,9848,2019,32,2.548687,18.152605056762695,6.238930702209473
Juan Lagares,5384,2019,30,2.7572289,17.173261642456055,6.2002105712890625
Josh Harrison,8202,2019,31,2.4341865,17.14834213256836,6.111968994140625
Nori Aoki,13075,2019,37,-1.4137273,17.09766960144043,6.047327518463135
Andrew Romine,1159,2019,33,2.0950987,17.043621063232422,5.540861129760742
Quintin Berry,9414,2019,34,2.3137195,17.01470375061035,5.11646032333374
Ender Inciarte,4922,2019,28,2.1274788,16.759660720825195,6.3257293701171875
Jace Peterson,12325,2019,29,3.1717825,15.304776191711426,4.891159534454346
Jemile Weeks,2498,2019,32,2.0710487,15.199822425842285,4.7906060218811035
Alex Rios,2090,2019,38,-1.458125,15.144454002380371,5.212760925292969
Ian Kinsler,6195,2019,37,-0.27404368,14.514430046081543,5.201136589050293
Alexei Ramirez,5133,2019,37,-0.906284,14.381426811218262,5.070145130157471
Alex Hassan,9959,2019,31,8.594276,14.315483093261719,3.618680000305176
Paul Goldschmidt,9218,2019,31,1.4283468,13.332976341247559,5.09291410446167
Aaron Hicks,5297,2019,29,1.9097624,13.265105247497559,5.245797157287598
Didi Gregorius,6012,2019,29,3.103751,12.690871238708496,4.176570415496826
Todd Frazier,785,2019,33,0.21186903,12.312363624572754,4.826567649841309
Chris Owings,10030,2019,27,1.4858233,12.210051536560059,4.738933086395264
Alexi Amarista,9063,2019,30,1.7625047,12.106006622314453,4.208596229553223
Jim Adduci,6448,2019,34,0.5434113,11.959724426269531,4.542541980743408
Jordan Danks,9187,2019,32,0.599898,11.793225288391113,4.690406322479248
Yasiel Puig,14225,2019,28,1.3173443,11.702028274536133,4.900210857391357
Cliff Pennington,3395,2019,35,-0.2994591,11.04247760772705,4.111716270446777
Gregor Blanco,3123,2019,35,-1.4006995,10.965229034423828,4.2320780754089355
Chone Figgins,1580,2019,41,-3.0671852,10.798047065734863,3.8650119304656982
Erick Aybar,4082,2019,35,-0.95706135,10.648388862609863,4.3209638595581055
Michael Saunders,9981,2019,32,0.47632176,10.569284439086914,4.4084792137146
Peter Bourjos,2578,2019,32,0.41299388,10.367386817932129,3.947028875350952
Daniel Murphy,4316,2019,34,-0.47507727,10.159231185913086,3.997459888458252
George Springer,12856,2019,29,0.99717975,10.157617568969727,4.124657154083252
Hunter Pence,8252,2019,36,-0.7896409,9.928866386413574,4.0909199714660645
Mike Aviles,5986,2019,38,-2.3295655,9.74036693572998,3.836965799331665
Zoilo Almonte,6732,2019,30,0.82373947,9.600234985351562,3.325713872909546
Ichiro Suzuki,1101,2019,45,-4.0196223,9.467023849487305,3.216585874557495
Jorge Polanco,13152,2019,25,2.913706,9.358938217163086,3.6557199954986572
Brandon Guyer,2636,2019,33,0.40714157,9.179708480834961,3.181164503097534
Eric Sogard,7927,2019,33,-0.48805314,9.108256340026855,3.8152058124542236
Junior Lake,4672,2019,29,0.5197464,9.095683097839355,3.9213545322418213
DJ LeMahieu,9874,2019,30,-0.051719747,8.951142311096191,4.088039398193359
Will Venable,211,2019,36,-1.4656726,8.686251640319824,3.670689821243286
Kirk Nieuwenhuis,6400,2019,31,0.37978905,8.431058883666992,2.8861684799194336
Bryce Brentz,10607,2019,30,2.3208334,8.36705493927002,2.763099431991577
Nate McLouth,3190,2019,37,-0.9509451,8.133867263793945,3.324422836303711
Jay Bruce,9892,2019,32,-0.37663203,8.091965675354004,3.265169382095337
Derek Dietrich,10542,2019,29,1.5571096,8.071695327758789,2.746851682662964
Alex Gordon,5209,2019,35,-0.8916082,8.039287567138672,3.3959624767303467
Justin Upton,5222,2019,31,-0.14692934,7.608796119689941,3.221567392349243
Hanley Ramirez,8001,2019,35,-1.9670421,7.429390907287598,3.0271217823028564
Jason Bartlett,8219,2019,39,10.198476,7.400228977203369,2.4715514183044434
Dustin Ackley,10099,2019,31,-0.3032729,7.078278541564941,3.1423137187957764
Adam Jones,6368,2019,33,-0.27330887,7.027170181274414,2.790229082107544
Rymer Liriano,4779,2019,28,-1.4256856,6.679968357086182,3.3941125869750977
Kevin Kiermaier,11038,2019,29,-0.095235996,6.60536003112793,3.18697190284729
Shane Victorino,1677,2019,38,-2.2036119,6.531816482543945,2.3355064392089844
Brad Miller,12775,2019,29,0.14030762,6.464327335357666,2.8763411045074463
Brennan Boesch,914,2019,34,-1.6874697,6.368316650390625,2.3675169944763184
Domingo Santana,10348,2019,26,1.4563285,6.156327724456787,2.6633460521698
Daniel Robertson,6266,2019,33,-1.6655563,6.138376712799072,2.8675894737243652
David Lough,7215,2019,33,-1.040544,6.110266208648682,2.854227304458618
Tyler Holt,11391,2019,30,-0.30108306,6.101654529571533,3.051892042160034
Tommy Medica,11147,2019,31,-0.565452,5.927563190460205,2.294119358062744
JB Shuck,6677,2019,32,-0.416859,5.913323879241943,2.2110671997070312
Maicer Izturis,2437,2019,38,-2.899924,5.6531662940979,2.607203245162964
Josh Rutledge,11167,2019,30,-0.48429424,5.590369701385498,2.6518025398254395
Cameron Maybin,5223,2019,32,-1.576622,5.478209018707275,2.5411734580993652
Ryan Kalish,6962,2019,31,-1.1672053,5.452591896057129,2.694581985473633
Giancarlo Stanton,4949,2019,29,-1.3313004,5.1767096519470215,2.3578951358795166
Danny Espinosa,9219,2019,32,-1.2729044,5.030070781707764,1.9910333156585693
Carlos Peguero,8760,2019,32,0.96392184,4.9610595703125,1.7223666906356812
Eli Whiteside,3536,2019,39,-3.4879742,4.6782402992248535,1.8199927806854248
Jordany Valdespin,5098,2019,31,-0.15494086,4.629781246185303,2.13775634765625
Efren Navarro,9854,2019,33,-1.0350387,4.550597190856934,2.414633274078369
Bryce Harper,11579,2019,26,-1.2388656,4.429462909698486,2.879420757293701
David Wright,3787,2019,36,-3.6229808,4.365367889404297,2.0595691204071045
Christian Walker,13419,2019,28,0.6089342,4.342404842376709,1.8649274110794067
Tomas Telis,10067,2019,28,0.6089342,4.342404842376709,1.8649274110794067
Chris Young,3882,2019,35,-2.0657036,4.2989349365234375,2.125725030899048
Gerardo Parra,8553,2019,32,-1.572158,4.279395580291748,2.313631534576416
Logan Watkins,4875,2019,29,-0.41469917,4.230364799499512,1.7179176807403564
Chris Heisey,3978,2019,34,-1.9430858,4.157342433929443,1.7451070547103882
Ryan Braun,3410,2019,35,-4.311232,4.0164361000061035,1.9921029806137085
Wil Myers,10047,2019,28,-1.677623,3.989258050918579,2.227882146835327
Brian Roberts,166,2019,41,-4.581177,3.7928547859191895,1.8140636682510376
Chris Dickerson,7095,2019,37,-2.80067,3.6736841201782227,1.459250569343567
Charlie Culberson,3298,2019,30,-0.87981486,3.641754388809204,1.9657751321792603
Chase Utley,1679,2019,40,-3.1259727,3.532121419906616,1.8961905241012573
Jake Goebbert,9431,2019,31,-1.1065114,3.420591354370117,1.8042258024215698
Ben Zobrist,7435,2019,38,-3.7086086,3.161677122116089,1.7119039297103882
Jackie Bradley Jr.,12984,2019,29,-1.760548,3.1106810569763184,1.5357296466827393
Pete Kozma,2539,2019,31,-0.2219567,3.0393500328063965,1.2141730785369873
Jake Lamb,13329,2019,28,-1.2158021,2.8303921222686768,2.0089778900146484
Abraham Almonte,5486,2019,30,-3.7734306,2.7289278507232666,1.7635704278945923
Curtis Granderson,4747,2019,38,-2.8063045,2.722201347351074,1.5859264135360718
Colby Rasmus,9893,2019,32,-1.2659609,2.609407424926758,1.1163733005523682
David Peralta,2136,2019,31,-1.9657311,2.5401744842529297,1.6126941442489624
Jorge Soler,14221,2019,27,-1.7756613,2.3040568828582764,1.564469337463379
Dalton Pompey,12797,2019,26,-2.3539438,2.298706293106079,1.8412848711013794
Phil Gosselin,10953,2019,30,-1.5297383,2.2530813217163086,1.6879074573516846
Robbie Grossman,5254,2019,29,-3.5310318,2.213965654373169,1.6819082498550415
Howie Kendrick,4229,2019,35,-3.9382412,2.114126443862915,1.2034951448440552
Garin Cecchini,11608,2019,28,-0.40642732,2.1062686443328857,1.2290419340133667
Josh Reddick,3892,2019,32,-1.2612461,2.0230298042297363,1.1610369682312012
Nick Franklin,10166,2019,28,-2.6018047,2.008680820465088,1.410667061805725
Jayson Werth,1327,2019,40,-3.6020513,1.9687126874923706,1.2615268230438232
Yoenis Cespedes,13110,2019,33,-2.0326946,1.901998519897461,1.2928352355957031
Adam Duvall,10950,2019,30,-0.5379215,1.8750559091567993,0.907895028591156
Justin Ruggiano,7620,2019,37,-3.7185009,1.8425343036651611,1.50174081325531
Chris Denorfia,4400,2019,38,-4.02723,1.749723196029663,1.0838030576705933
Alex Presley,5305,2019,33,-2.539681,1.735084056854248,1.2011280059814453
Rougned Odor,12282,2019,25,-1.567043,1.61836576461792,2.4102439880371094
Corey Dickerson,10762,2019,30,-2.4530406,1.5806214809417725,1.5369658470153809
Jonathan Diaz,4142,2019,34,-2.2732456,1.5730812549591064,0.5610483884811401
Enrique Hernandez,10472,2019,27,-0.6722427,1.5671707391738892,1.23223876953125
Carlos Gonzalez,7287,2019,33,-2.903253,1.432734489440918,0.7582939863204956
Adam Rosales,9682,2019,36,-3.348927,1.3288178443908691,1.0098363161087036
Avisail Garcia,5760,2019,28,-4.2163405,1.2741533517837524,1.5655405521392822
Shin-Soo Choo,3174,2019,36,-3.0785708,1.2525887489318848,1.1977269649505615
Freddy Galvis,6609,2019,29,-1.2855837,1.2059032917022705,0.8589648008346558
Kole Calhoun,11200,2019,31,-1.9448222,1.187010645866394,1.1074974536895752
Omar Infante,1609,2019,37,-3.6763887,1.1751964092254639,0.921125054359436
Jon Singleton,10441,2019,27,-1.9115707,1.1103564500808716,1.6439484357833862
Asdrubal Cabrera,4962,2019,33,-2.9369142,0.9876521229743958,0.6626676917076111
Hector Gomez,2264,2019,31,-0.87138474,0.9723477959632874,0.6966246962547302
Zack Cozart,2616,2019,33,-2.38963,0.9480748176574707,0.3446260392665863
Eugenio Suarez,12552,2019,27,-2.3845823,0.931387722492218,1.5269255638122559
Elliot Johnson,4751,2019,35,-1.8565595,0.7283654808998108,0.9083700180053711
Joe Kelly,9761,2019,31,-2.5611122,0.72568678855896,0.4025404751300812
Logan Schafer,7937,2019,32,-2.0607886,0.6793532371520996,0.755246102809906
Gary Brown,11464,2019,30,-1.0414368,0.6759042739868164,0.5319381356239319
Collin Cowgill,7250,2019,33,-2.3893566,0.6510210633277893,0.6044304370880127
Andrew Susac,13132,2019,29,-1.0544127,0.618053674697876,0.6271612048149109
Chris Coghlan,6878,2019,34,-2.9648046,0.5382248163223267,0.7646894454956055
Jayson Nix,3790,2019,36,-3.328308,0.4313894212245941,1.0713708400726318
Yonder Alonso,2530,2019,32,-3.1769986,0.3864707052707672,0.4463433623313904
Brett Lawrie,5247,2019,29,-1.5111957,0.28794798254966736,0.9377050399780273
Darin Mastroianni,7316,2019,33,-3.6422722,0.2180134505033493,0.40116003155708313
Maikel Franco,12179,2019,26,-1.3269529,0.20646663010120392,0.9971792697906494
Marcus Semien,12533,2019,28,-3.113282,0.13588756322860718,0.9458109140396118
Kevin Pillar,12434,2019,30,-1.8171273,0.04513586312532425,0.9094858765602112
Buster Posey,9166,2019,32,-7.7733216,0.0,0.0
Jonathan Lucroy,7870,2019,33,-6.696482,0.0,0.0
Jose Bautista,1887,2019,38,-6.426011,0.0,0.0
Russell Martin,4616,2019,36,-6.3253555,0.0,0.0
Adrian Beltre,639,2019,40,-7.9751883,0.0,0.0
Josh Donaldson,5038,2019,33,-5.250202,0.0,0.0
Robinson Cano,3269,2019,36,-5.44655,0.0,0.0
Jose Abreu,15676,2019,32,-7.2650704,0.0,0.0
Anthony Rizzo,3473,2019,29,-4.804518,0.0,0.0
Miguel Cabrera,1744,2019,36,-8.103879,0.0,0.0
Kyle Seager,9785,2019,31,-4.4170485,0.0,0.015326260589063168
Troy Tulowitzki,3531,2019,34,-6.093542,0.0,0.0
Yan Gomes,9627,2019,31,-6.4112597,0.0,0.0
Rene Rivera,3648,2019,35,-8.248486,0.0,0.0
Victor Martinez,393,2019,40,-8.330481,0.0,0.0
Jhonny Peralta,1738,2019,37,-7.548456,0.0,0.0
Steve Pearce,9957,2019,36,-3.710132,0.0,0.0
Freddie Freeman,5361,2019,29,-5.518215,0.0,0.0
Marcell Ozuna,10324,2019,28,-2.5050154,0.0,0.5609758496284485
Neil Walker,7539,2019,33,-5.337473,0.0,0.0
Mike Zunino,13265,2019,28,-5.4492965,0.0,0.0
Devin Mesoraco,5666,2019,31,-6.8032484,0.0,0.0
Nelson Cruz,2434,2019,38,-7.535503,0.0,0.0
J.D. Martinez,6184,2019,31,-5.0593863,0.0,0.0
Dustin Pedroia,8370,2019,35,-3.8368347,0.0,0.3917151093482971
Edwin Encarnacion,2151,2019,36,-5.831342,0.0,0.0
Adrian Gonzalez,1908,2019,37,-8.280647,0.0,0.0
Evan Longoria,9368,2019,33,-4.9470515,0.0,0.0
Justin Turner,5235,2019,34,-5.4515452,0.0,0.0
Juan Uribe,454,2019,40,-7.9014707,0.0,0.0
Trevor Plouffe,7462,2019,33,-6.87085,0.0,0.0
Matt Carpenter,8090,2019,33,-3.9419687,0.0,0.0
Chase Headley,4720,2019,35,-5.611469,0.0,0.0
Pablo Sandoval,5409,2019,32,-7.9804363,0.0,0.0
Miguel Montero,3364,2019,35,-7.915092,0.0,0.0
Matt Holliday,1873,2019,39,-7.313106,0.0,0.0
Starlin Castro,4579,2019,29,-4.832341,0.0,0.4960857629776001
Luis Valbuena,4969,2019,33,-5.8293777,0.0,0.0
Yadier Molina,7007,2019,36,-7.9804244,0.0,0.0
Brian McCann,4810,2019,35,-8.373811,0.0,0.0
Lucas Duda,2502,2019,33,-5.9049234,0.0,0.0
Melky Cabrera,4022,2019,34,-6.3237047,0.0,0.0
Travis d'Arnaud,7739,2019,30,-7.448419,0.0,0.0
Tyler Flowers,9134,2019,33,-7.813619,0.0,0.0
J.J. Hardy,3797,2019,36,-8.411952,0.0,0.0
Scott Van Slyke,4365,2019,32,-6.085193,0.0,0.0
Yasmani Grandal,11368,2019,30,-6.6080475,0.0,0.0
Hank Conger,2505,2019,31,-7.085535,0.0,0.0
Seth Smith,7331,2019,36,-7.3365464,0.0,0.0
Albert Pujols,1177,2019,39,-8.250374,0.0,0.0
Brandon Moss,4467,2019,35,-5.8864517,0.0,0.0
Brandon Crawford,5343,2019,32,-4.001266,0.0,0.0
Nolan Arenado,9777,2019,28,-6.0863748,0.0,0.0
Evan Gattis,11003,2019,32,-7.915431,0.0,0.0
Eduardo Escobar,6153,2019,30,-2.9287217,0.0,0.0
Matt Kemp,5631,2019,34,-4.747097,0.0,0.5173658728599548
David Freese,9549,2019,36,-7.5492315,0.0,0.0
Justin Morneau,1737,2019,38,-8.231029,0.0,0.0
Carlos Santana,2396,2019,33,-6.4196014,0.0,0.0
Manny Machado,11493,2019,26,-5.5296583,0.0,0.0
Nick Markakis,5930,2019,35,-6.9558916,0.0,0.0
Daniel Nava,5450,2019,36,-4.335889,0.0,0.0
David Ortiz,745,2019,43,-9.532326,0.0,0.0
Derek Norris,6867,2019,30,-4.4001284,0.0,0.0
Marlon Byrd,950,2019,41,-7.047031,0.0,0.0
Mike Napoli,3057,2019,37,-7.6321373,0.0,0.0
Jason Castro,8722,2019,32,-5.01231,0.0,0.0
Christian Vazquez,9774,2019,28,-7.220934,0.0,0.0
Adam LaRoche,1904,2019,39,-8.492076,0.0,0.0
Chris Iannetta,8267,2019,36,-6.6863017,0.0,0.0
Jordy Mercer,6547,2019,32,-6.0774307,0.0,0.0
Francisco Cervelli,5275,2019,33,-7.2168965,0.0,0.0
Chris Carter,9911,2019,32,-5.727688,0.0,0.0
Casey McGehee,6086,2019,36,-7.8009095,0.0,0.0
Matt Adams,9393,2019,30,-5.9162507,0.0,0.0
Carlos Ruiz,2579,2019,40,-7.0464616,0.0,0.0
Salvador Perez,7304,2019,29,-7.0230417,0.0,0.0
Caleb Joseph,7087,2019,33,-7.8766537,0.0,0.0
Adam Lind,8027,2019,35,-7.6199536,0.0,0.0
Aramis Ramirez,1002,2019,41,-8.69869,0.0,0.0
Scooter Gennett,10339,2019,29,-4.769954,0.0,0.0
Conor Gillaspie,9009,2019,31,-4.8635225,0.0,0.0
Jon Jay,5227,2019,34,-4.801799,0.0,0.0
Joe Mauer,1857,2019,36,-4.5542994,0.0,0.0
Yangervis Solarte,5352,2019,31,-7.3962274,0.0,0.0
Jed Lowrie,4418,2019,35,-7.943166,0.0,0.0
Andrelton Simmons,10847,2019,29,-5.1749654,0.0,0.0
Michael Cuddyer,1534,2019,40,-5.3482885,0.0,0.0
Michael Morse,3035,2019,37,-8.743042,0.0,0.0
Travis Snider,2830,2019,31,-4.6987243,0.0,0.0
Lonnie Chisenhall,7571,2019,30,-4.97665,0.0,0.0
Stephen Vogt,5000,2019,34,-4.2419314,0.0,0.0
Martin Prado,3312,2019,35,-7.033755,0.0,0.0
Matt Joyce,3353,2019,34,-3.6566317,0.0,0.0
Chris Stewart,3878,2019,37,-7.131373,0.0,0.0
Ruben Tejada,5519,2019,29,-5.7702355,0.0,0.0
Ryan Hanigan,4952,2019,38,-8.27325,0.0,0.0
Khris Davis,9112,2019,31,-6.292055,0.0,0.0
Josh Willingham,2103,2019,40,-6.338567,0.0,0.0
Brandon Phillips,791,2019,38,-6.936176,0.0,0.0
Rickie Weeks Jr.,1849,2019,36,-5.2066674,0.0,0.0
Madison Bumgarner,5524,2019,29,-5.632949,0.0,0.0
Marwin Gonzalez,5497,2019,30,-3.970443,0.0,0.0
Joe Panik,11936,2019,28,-1.6080103,0.0,0.40469807386398315
Martin Maldonado,6887,2019,32,-6.955839,0.0,0.0
Robinson Chirinos,3142,2019,35,-7.65121,0.0,0.0
Alex Avila,7476,2019,32,-7.426825,0.0,0.0
Ryan Zimmerman,4220,2019,34,-6.592021,0.0,0.0
Juan Francisco,6978,2019,32,-6.196237,0.0,0.0
Carlos Corporan,5587,2019,35,-7.9401655,0.0,0.0
Wilmer Flores,5827,2019,27,-4.1086617,0.0,0.0
Torii Hunter,731,2019,43,-7.1214957,0.0,0.0
Josh Hamilton,1875,2019,38,-6.1315885,0.0,0.0
Darwin Barney,2430,2019,33,-3.4733925,0.0,0.0
David Ross,1551,2019,42,-6.992657,0.0,0.0
Wilson Ramos,1433,2019,31,-7.5474563,0.0,0.0
Andre Ethier,6265,2019,37,-6.4737864,0.0,0.0
Mark Reynolds,7619,2019,35,-5.322979,0.0,0.0
Jake Smolinski,5408,2019,30,-3.6802552,0.0,0.0
Delmon Young,2140,2019,33,-6.5471964,0.0,0.0
Oswaldo Arcia,10306,2019,28,-4.6113825,0.0,0.0
James Loney,4556,2019,35,-7.9439826,0.0,0.0
Chris Davis,9272,2019,33,-4.4928846,0.0,0.0
Travis Wood,9884,2019,32,-5.7277927,0.0,0.0
Michael McKenry,9628,2019,34,-6.3369923,0.0,0.0
Joey Votto,4314,2019,35,-7.702662,0.0,0.0
Brandon Belt,10264,2019,31,-5.4228992,0.0,0.0
Logan Morrison,9205,2019,31,-5.8158646,0.0,0.0
Donovan Solano,8623,2019,31,-6.025831,0.0,0.0
Zack Greinke,1943,2019,35,-5.955211,0.0,0.0
Jose Molina,25,2019,44,-8.3483925,0.0,0.0
Mark Teixeira,1281,2019,39,-8.09994,0.0,0.0
Ramon Santiago,1417,2019,39,-6.909796,0.0,0.0
Ryan Flaherty,7888,2019,32,-2.467722,0.0,0.0
Drew Butera,3411,2019,35,-7.4808283,0.0,0.0
Kevin Kouzmanoff,5995,2019,37,-7.561095,0.0,0.0
Matt Wieters,4298,2019,33,-6.750555,0.0,0.0
John Jaso,5887,2019,35,-5.715708,0.0,0.0
Ike Davis,8433,2019,32,-6.591228,0.0,0.0
Cody Asche,11997,2019,29,-5.4155607,0.0,0.0
Roberto Perez,2900,2019,30,-7.9057207,0.0,0.0
Kelly Johnson,2234,2019,37,-4.9972925,0.0,0.0
Erik Kratz,4403,2019,39,-8.277896,0.0,0.0
Kyle Blanks,49,2019,32,-6.4347105,0.0,0.0
Rafael Ynoa,2832,2019,31,-8.081728,0.0,0.0
Kennys Vargas,12101,2019,28,-3.678864,0.0,0.0
David DeJesus,1825,2019,39,-6.283014,0.0,0.0
John Mayberry,3390,2019,35,-6.183485,0.0,0.0
Gregorio Petit,3812,2019,34,-4.864344,0.0,0.0
Travis Ishikawa,4793,2019,35,-5.837269,0.0,0.0
John Ryan Murphy,10346,2019,28,-1.7912853,0.0,0.3072552978992462
Danny Valencia,6364,2019,34,-7.4199696,0.0,0.0
Adeiny Hechavarria,10459,2019,30,-3.8269007,0.0,0.8592054843902588
Jose Lobaton,4243,2019,34,-7.674616,0.0,0.0
Mike Leake,10130,2019,31,-5.928158,0.0,0.0
Shelby Miller,10197,2019,28,-5.1159654,0.0,0.0
Clayton Kershaw,2036,2019,31,-4.556965,0.0,0.0
Ben Paulsen,9741,2019,31,-7.9707375,0.0,0.0
Eric Chavez,906,2019,41,-7.1258483,0.0,0.0
Adam Dunn,319,2019,39,-8.382259,0.0,0.0
Ryan Rua,12409,2019,29,-5.1455307,0.0,0.0
Wilin Rosario,8002,2019,30,-6.917195,0.0,0.0
Nick Castellanos,11737,2019,27,-5.8945203,0.0,0.0
Eric Campbell,6938,2019,32,-5.4778914,0.0,0.0
Yunel Escobar,4191,2019,36,-7.6321483,0.0,0.0
Chris Johnson,1191,2019,34,-7.354885,0.0,0.0
Ryan Sweeney,6352,2019,34,-6.34507,0.0,0.0
Chris Gimenez,7324,2019,36,-6.5702443,0.0,0.0
Mike Moustakas,4892,2019,30,-6.5831413,0.0,0.0
Munenori Kawasaki,13047,2019,38,-5.6970286,0.0,0.0
Wil Nieves,1556,2019,41,-8.439153,0.0,0.0
Brandon Hicks,4003,2019,33,-5.445211,0.0,0.0
Jonathan Schoop,11265,2019,27,-4.390349,0.0,0.0
Jacob deGrom,10954,2019,31,-5.969502,0.0,0.0
Adam Wainwright,2233,2019,37,-7.2057033,0.0,0.0
Nick Evans,7595,2019,33,-6.434655,0.0,0.0
Jhoulys Chacin,2608,2019,31,-5.885688,0.0,0.0
Garrett Jones,2714,2019,38,-8.281556,0.0,0.0
Pedro Alvarez,2495,2019,32,-4.580614,0.0,0.0
Darin Ruf,9929,2019,32,-7.548267,0.0,0.0
Welington Castillo,3256,2019,32,-7.7746778,0.0,0.0
Randal Grichuk,10243,2019,27,-5.2335443,0.0,0.0
Jonny Gomes,1845,2019,38,-5.867376,0.0,0.0
Ramiro Pena,8841,2019,33,-4.3192906,0.0,0.0
Clint Barmes,1830,2019,40,-7.1741743,0.0,0.0
Jordan Lyles,7593,2019,28,-5.1159654,0.0,0.0
Jake Arrieta,4153,2019,33,-6.339827,0.0,0.0
Cole Hamels,4972,2019,35,-6.8772097,0.0,0.0
Gerrit Cole,13125,2019,28,-5.1594596,0.0,0.0
Dan Haren,1757,2019,38,-7.389715,0.0,0.0
Tyson Ross,7872,2019,32,-6.115209,0.0,0.0
Carlos Rivero,1136,2019,31,-5.969502,0.0,0.0
Jose Pirela,5485,2019,29,-5.4700084,0.0,0.0
George Kottaras,5506,2019,36,-5.539496,0.0,0.0
Max Stassi,10059,2019,28,-5.9190125,0.0,0.0
Marco Gonzales,15467,2019,27,-4.8856215,0.0,0.0
Matt McBride,9373,2019,34,-4.6178265,0.0,0.0
Andres Blanco,1907,2019,35,-8.431487,0.0,0.0
Scott Sizemore,2881,2019,34,-2.608724,0.0,0.0
Justin Bour,9744,2019,31,-7.5977902,0.0,0.0
Dilson Herrera,14335,2019,25,-6.7700725,0.0,0.0
Sean Rodriguez,6589,2019,34,-5.1689734,0.0,0.0
Tommy La Stella,12371,2019,30,-6.9871984,0.0,0.0
Derek Jeter,826,2019,45,-7.1687574,0.0,0.0
Nick Punto,1429,2019,41,-6.533764,0.0,0.0
Josh Wilson,2102,2019,38,-7.1671395,0.0,0.0
Jaime Garcia,8137,2019,32,-6.115209,0.0,0.0
Jeff Mathis,3448,2019,36,-7.5689936,0.0,0.0
Cliff Lee,1636,2019,40,-7.1292806,0.0,0.0
Jacob Turner,10185,2019,28,-5.1159654,0.0,0.0
Josh Beckett,510,2019,39,-7.555849,0.0,0.0
Mike Minor,10021,2019,31,-5.885688,0.0,0.0
Jordan Zimmermann,4505,2019,33,-6.388044,0.0,0.0
Henderson Alvarez,5669,2019,29,-5.3900423,0.0,0.0
Ian Kennedy,6986,2019,34,-6.609009,0.0,0.0
Buddy Carlyle,2010,2019,41,-7.81488,0.0,0.0
Brian Schlitter,3599,2019,33,-6.273409,0.0,0.0
Jeanmar Gomez,9033,2019,31,-5.885688,0.0,0.0
Gus Schlosser,12321,2019,30,-5.728112,0.0,0.0
Jeurys Familia,5114,2019,29,-5.3900423,0.0,0.0
Zach McAllister,2895,2019,31,-5.885688,0.0,0.0
Clay Buchholz,3543,2019,34,-6.563773,0.0,0.0
Pedro Villarreal,9904,2019,31,-5.885688,0.0,0.0
Drew Hutchison,10732,2019,28,-5.13324,0.0,0.0
Robbie Ray,11486,2019,27,-4.8856215,0.0,0.0
Nick Tepesch,11716,2019,30,-5.6903834,0.0,0.0
Brad Penny,535,2019,41,-7.8449683,0.0,0.0
Colby Lewis,1259,2019,39,-7.538147,0.0,0.0
Seth Maness,12235,2019,30,-5.6903834,0.0,0.0
Donn Roach,10620,2019,29,-5.4700084,0.0,0.0
Doug Bernier,4518,2019,39,-5.7532177,0.0,0.0
Brandon Barnes,629,2019,33,-3.8909001,0.0,0.04803912714123726
Nolan Reimold,3441,2019,35,-3.8861368,0.0,0.0
James Shields,7059,2019,37,-7.2057033,0.0,0.0
Craig Stammen,7274,2019,35,-6.7859645,0.0,0.0
Chris Parmelee,2554,2019,31,-6.713021,0.0,0.0
Endy Chavez,768,2019,41,-6.4338207,0.0,0.0
Tyler Moore,7244,2019,32,-6.2641397,0.0,0.0
Steve Tolleson,4450,2019,35,-7.188275,0.0,0.0
Justin Verlander,8700,2019,36,-7.0021853,0.0,0.0
Daniel Corcino,9266,2019,28,-5.189199,0.0,0.0
Bud Norris,9492,2019,34,-6.563773,0.0,0.0
Tony Sanchez,6178,2019,31,-7.4816265,0.0,0.0
Xander Bogaerts,12161,2019,26,-2.670473,0.0,1.229698657989502
Tyler Colvin,5310,2019,33,-5.0820036,0.0,0.0
Willie Bloomquist,1066,2019,41,-5.9982862,0.0,0.0
Kevin Correia,1767,2019,38,-7.364383,0.0,0.0
Matt Duffy,13836,2019,28,-2.9842532,0.0,0.0
Johnny Giavotella,6740,2019,31,0.0103848055,0.0,0.2786997854709625
Ed Lucas,7532,2019,37,-5.7623134,0.0,0.0
Hector Sanchez,10289,2019,29,-4.6563334,0.0,0.0
Wandy Rodriguez,2586,2019,40,-7.7028675,0.0,0.0
Carlos Martinez,11682,2019,27,-4.8582454,0.0,0.0
Alex Cobb,6562,2019,31,-5.885688,0.0,0.0
Miguel Rojas,7802,2019,30,-6.4572697,0.0,0.0
Jesus Sucre,5942,2019,31,-3.1845078,0.0,0.0
Bronson Arroyo,978,2019,42,-7.965666,0.0,0.0
Tyler Matzek,10058,2019,28,-5.189199,0.0,0.0
Daisuke Matsuzaka,7775,2019,38,-7.389715,0.0,0.0
Jeff Samardzija,3254,2019,34,-6.563773,0.0,0.0
Edwin Jackson,1841,2019,35,-6.8283267,0.0,0.0
Matt Cain,4732,2019,34,-6.6064,0.0,0.0
Jarred Cosart,10304,2019,29,-5.435488,0.0,0.0
Wade Miley,8779,2019,32,-6.115209,0.0,0.0
Hyun-Jin Ryu,14444,2019,32,-6.158351,0.0,0.0
Kyle Hendricks,12049,2019,29,-5.4700084,0.0,0.0
A.J. Burnett,512,2019,42,-7.965666,0.0,0.0
David Buchanan,11176,2019,30,-5.728112,0.0,0.0
Stephen Strasburg,10131,2019,30,-5.6968384,0.0,0.0
Jon Niese,4424,2019,32,-6.1658826,0.0,0.0
Francisco Pena,8298,2019,29,-5.4700084,0.0,0.0
Antonio Bastardo,8844,2019,33,-6.339827,0.0,0.0
J.J. Hoover,9037,2019,31,-5.885688,0.0,0.0
Audry Perez,9176,2019,30,-5.6903834,0.0,0.0
Andrew Chafin,12988,2019,29,-5.4700084,0.0,0.0
Joey Terdoslavich,10593,2019,30,-7.4195533,0.0,0.0
Steven Moya,11854,2019,27,-4.8856215,0.0,0.0
Jackson Williams,8524,2019,33,-8.251303,0.0,0.0
Clint Robinson,6908,2019,34,-7.5776,0.0,0.0
Josh Phegley,9308,2019,31,-6.828804,0.0,0.0
Nate Freiman,6582,2019,32,-7.9472394,0.0,0.0
Gaby Sanchez,3361,2019,35,-6.6923003,0.0,0.0
Jason Lane,1397,2019,42,-7.7686934,0.0,0.0
Tony Watson,3132,2019,34,-6.563773,0.0,0.0
David Huff,4257,2019,34,-6.563773,0.0,0.0
John Danks,6329,2019,34,-6.563773,0.0,0.0
Taylor Hill,12515,2019,30,-5.728112,0.0,0.0
Tyler Collins,12723,2019,29,-6.1690817,0.0,0.0
Michael Taylor,2591,2019,33,-6.340784,0.0,0.0
Jesus Montero,5514,2019,29,-6.857792,0.0,0.0
Nick Hundley,3376,2019,35,-7.4609184,0.0,0.0
Matt Szczur,11255,2019,29,-1.809795,0.0,0.07513844966888428
Steve Lombardozzi,5422,2019,30,-6.1301455,0.0,0.0
Andrew Lambo,5386,2019,30,-6.7721148,0.0,0.0
Cole Figueroa,8790,2019,32,-2.905786,0.0,0.0
Anibal Sanchez,3284,2019,35,-6.7859645,0.0,0.0
Zeke Spruill,3873,2019,29,-5.435488,0.0,0.0
Samuel Deduno,5285,2019,35,-6.7859645,0.0,0.0
Yu Darvish,13074,2019,32,-6.115209,0.0,0.0
Jonathan Herrera,4182,2019,34,-4.627004,0.0,0.0
Ehire Adrianza,8418,2019,29,-5.5467424,0.0,0.0
Greg Garcia,10951,2019,29,-1.7725295,0.0,0.10206959396600723
Hernan Perez,5751,2019,28,-4.544297,0.0,0.0
Tyler Thornburg,10688,2019,30,-5.6447024,0.0,0.0
Robbie Ross Jr.,6819,2019,30,-5.6447024,0.0,0.0
Dan Straily,9460,2019,30,-5.6447024,0.0,0.0
Nick Tropeano,12385,2019,28,-5.189199,0.0,0.0
Hector Santiago,4026,2019,31,-5.885688,0.0,0.0
Bobby Wilson,6564,2019,36,-7.124417,0.0,0.0
Kyle Gibson,10123,2019,31,-5.9288034,0.0,0.0
Dallas Beeler,11471,2019,30,-5.728112,0.0,0.0
Yordano Ventura,11855,2019,28,-5.1594596,0.0,0.0
Andy Parrino,3972,2019,33,-6.7814717,0.0,0.0
Joc Pederson,11899,2019,27,-4.0510006,0.0,0.0
Tucker Barnhart,10200,2019,28,-1.8859375,0.0,0.20713764429092407
Brett Anderson,8223,2019,31,-5.885688,0.0,0.0
Corey Kluber,2429,2019,33,-6.339827,0.0,0.0
Christian Friedrich,7942,2019,31,-5.893215,0.0,0.0
Chase Whitley,10982,2019,30,-5.728112,0.0,0.0
Felix Doubront,1478,2019,31,-5.885688,0.0,0.0
Justin Masterson,2038,2019,34,-6.563773,0.0,0.0
Ross Detwiler,2859,2019,33,-6.339827,0.0,0.0
C.J. Wilson,3580,2019,38,-7.389715,0.0,0.0
Jerome Williams,1137,2019,37,-7.2057033,0.0,0.0
Jimmy Nelson,10547,2019,30,-5.6903834,0.0,0.0
Homer Bailey,8362,2019,33,-6.339827,0.0,0.0
Josh Collmenter,7312,2019,33,-6.339827,0.0,0.0
Ryan Vogelsong,1011,2019,41,-7.8375635,0.0,0.0
Kyle Kendrick,6230,2019,34,-6.563773,0.0,0.0
Jason Hammel,4538,2019,36,-7.0021853,0.0,0.0
Randy Wolf,976,2019,42,-7.834359,0.0,0.0
Tim Stauffer,6432,2019,37,-7.2057033,0.0,0.0
Tony Cingrani,12555,2019,29,-4.856954,0.0,0.0
Brandon Cumpton,11366,2019,30,-5.6903834,0.0,0.0
Anthony DeSclafani,13050,2019,29,-5.4700084,0.0,0.0
Robbie Erlin,10354,2019,28,-5.1594596,0.0,0.0
John Lackey,1507,2019,40,-7.680713,0.0,0.0
Marco Estrada,1118,2019,35,-6.7859645,0.0,0.0
Jeff Kobernus,9591,2019,31,-4.648139,0.0,0.0
Dallas Keuchel,9434,2019,31,-5.885688,0.0,0.0
Taylor Jordan,10466,2019,30,-5.6903834,0.0,0.0
Jose Fernandez,11530,2019,26,-4.537124,0.0,0.0
Andrew Heaney,15423,2019,28,-5.189199,0.0,0.0
Blake Treinen,12572,2019,31,-5.969502,0.0,0.0
Tyler Lyons,11334,2019,31,-5.9288034,0.0,0.0
Randall Delgado,5985,2019,29,-5.3900423,0.0,0.0
Masahiro Tanaka,15764,2019,30,-5.728112,0.0,0.0
Jake Odorizzi,6397,2019,29,-5.3900423,0.0,0.0
Hisashi Iwakuma,13048,2019,38,-7.389715,0.0,0.0
Paul Maholm,8678,2019,37,-7.2057033,0.0,0.0
Jeremy Guthrie,2072,2019,40,-7.7028675,0.0,0.0
Neftali Feliz,18,2019,31,-5.885688,0.0,0.0
Xavier Cedeno,36,2019,32,-6.115209,0.0,0.0
Erik Bedard,126,2019,40,-7.7028675,0.0,0.0
Mark Buehrle,225,2019,40,-7.7028675,0.0,0.0
Daniel McCutchen,263,2019,36,-6.9597692,0.0,0.0
Kyle Farnsworth,278,2019,43,-8.090975,0.0,0.0
Blake Beavan,338,2019,30,-5.6447024,0.0,0.0
CC Sabathia,404,2019,38,-7.389715,0.0,0.0
Fernando Rodney,494,2019,42,-7.965666,0.0,0.0
Jason Grilli,521,2019,42,-7.965666,0.0,0.0
Hector Ambriz,559,2019,35,-6.7859645,0.0,0.0
Jeremy Affeldt,583,2019,40,-7.7028675,0.0,0.0
Grant Balfour,718,2019,41,-7.8375635,0.0,0.0
LaTroy Hawkins,729,2019,46,-8.488455,0.0,0.0
Bruce Chen,769,2019,42,-7.965666,0.0,0.0
Scott Downs,773,2019,43,-8.090975,0.0,0.0
Randy Choate,813,2019,43,-8.090975,0.0,0.0
Kris Johnson,886,2019,34,-6.6102934,0.0,0.0
Scott Carroll,888,2019,34,-6.6550746,0.0,0.0
Joe Beimel,979,2019,42,-7.992483,0.0,0.0
Aaron Thompson,999,2019,32,-6.0847063,0.0,0.0
Rafael Soriano,1100,2019,39,-7.555849,0.0,0.0
Joe Nathan,1122,2019,44,-8.21831,0.0,0.0
Tommy Hunter,1157,2019,32,-6.115209,0.0,0.0
Adam Ottavino,1247,2019,33,-6.339827,0.0,0.0
Pedro Beato,1330,2019,32,-6.115209,0.0,0.0
Curtis Partch,1333,2019,32,-6.158351,0.0,0.0
Blake Wood,1345,2019,33,-6.3025823,0.0,0.0
Evan Reed,1349,2019,33,-6.384444,0.0,0.0
Nick Hagadone,1351,2019,33,-6.339827,0.0,0.0
Charlie Furbush,1370,2019,33,-6.339827,0.0,0.0
Joaquin Benoit,1437,2019,41,-7.8375635,0.0,0.0
Jon Edwards,1483,2019,31,-5.969502,0.0,0.0
Oliver Perez,1514,2019,37,-7.2057033,0.0,0.0
Sean Doolittle,1581,2019,32,-6.115209,0.0,0.0
Francisco Rodriguez,1642,2019,37,-7.2057033,0.0,0.0
Javier Lopez,1663,2019,41,-7.8375635,0.0,0.0
Chris Capuano,1701,2019,40,-7.7028675,0.0,0.0
Jose Valverde,1726,2019,41,-7.8375635,0.0,0.0
Kevin Gregg,1793,2019,41,-7.8375635,0.0,0.0
J.J. Putz,1795,2019,42,-7.965666,0.0,0.0
Neal Cotts,1797,2019,39,-7.462194,0.0,0.0
Humberto Quintero,1824,2019,39,-7.9747133,0.0,0.0
Matt Belisle,1837,2019,39,-7.555849,0.0,0.0
Shawn Camp,1855,2019,43,-8.090975,0.0,0.0
Sean Burnett,1886,2019,36,-7.0021853,0.0,0.0
Matt Moore,1890,2019,30,-5.6447024,0.0,0.0
Jason Frasor,1906,2019,41,-7.8375635,0.0,0.0
Matt Thornton,1918,2019,42,-7.965666,0.0,0.0
Frank Francisco,1933,2019,39,-7.555849,0.0,0.0
Mike Adams,1937,2019,40,-7.7028675,0.0,0.0
Justin Germano,1938,2019,36,-7.0021853,0.0,0.0
Raul Valdes,1953,2019,41,-7.8375635,0.0,0.0
Ivan Nova,1994,2019,32,-6.115209,0.0,0.0
Matt Guerrier,2061,2019,40,-7.7028675,0.0,0.0
Jose Veras,2063,2019,38,-7.389715,0.0,0.0
Heath Bell,2080,2019,41,-7.8375635,0.0,0.0
Chad Qualls,2170,2019,40,-7.7028675,0.0,0.0
Ronald Belisario,2203,2019,36,-7.0021853,0.0,0.0
Blaine Boyer,2237,2019,37,-7.1281147,0.0,0.0
Brandon Gomes,2267,2019,34,-6.563773,0.0,0.0
Joel Peralta,2332,2019,43,-8.090975,0.0,0.0
Anthony Varvaro,2385,2019,34,-6.563773,0.0,0.0
Hector Rondon,2391,2019,31,-5.9288034,0.0,0.0
Cory Rasmus,2413,2019,31,-5.9288034,0.0,0.0
Eric Surkamp,2540,2019,31,-5.8526955,0.0,0.0
Joe Paterson,2565,2019,33,-6.339827,0.0,0.0
Scott Atchison,2642,2019,43,-8.090975,0.0,0.0
Brian Matusz,2646,2019,32,-6.115209,0.0,0.0
Corey Brown,2650,2019,33,-5.6925354,0.0,0.0
Brett Cecil,2660,2019,32,-6.115209,0.0,0.0
Joba Chamberlain,2692,2019,33,-6.339827,0.0,0.0
Scott Rice,2743,2019,37,-7.2397532,0.0,0.0
Carlos Marmol,2790,2019,36,-7.0021853,0.0,0.0
Joe Savery,2835,2019,33,-6.339827,0.0,0.0
Drake Britton,2868,2019,30,-5.6903834,0.0,0.0
Santiago Casilla,2873,2019,38,-7.389715,0.0,0.0
Luis Avilan,2882,2019,29,-5.3900423,0.0,0.0
Juan Oviedo,2886,2019,37,-7.1281147,0.0,0.0
Tommy Pham,2967,2019,31,-5.969502,0.0,0.0
Bruce Billings,3044,2019,33,-6.305677,0.0,0.0
Kenley Jansen,3096,2019,31,-5.885688,0.0,0.0
Max Scherzer,3137,2019,34,-6.563773,0.0,0.0
Tim Collins,3164,2019,29,-5.3900423,0.0,0.0
David Price,3184,2019,33,-6.339827,0.0,0.0
Will Harris,3192,2019,34,-6.563773,0.0,0.0
Chris Young,3196,2019,40,-7.697579,0.0,0.0
Josh Stinson,3219,2019,31,-5.885688,0.0,0.0
Jean Machi,3220,2019,37,-7.2057033,0.0,0.0
T.J. McFarland,3237,2019,30,-5.6903834,0.0,0.0
Zack Britton,3240,2019,31,-5.885688,0.0,0.0
Ryan Rowland-Smith,3245,2019,36,-6.881558,0.0,0.0
Juan Gutierrez,3265,2019,35,-6.744121,0.0,0.0
Jordan Walden,3271,2019,31,-5.885688,0.0,0.0
Joe Smith,3281,2019,35,-6.7859645,0.0,0.0
Nate Adcock,3282,2019,31,-5.8399544,0.0,0.0
Hiroki Kuroda,3283,2019,44,-8.21831,0.0,0.0
Hector Noesi,3292,2019,32,-6.115209,0.0,0.0
Chris Hatcher,3299,2019,34,-6.563773,0.0,0.0
Darren O'Day,3321,2019,36,-7.0021853,0.0,0.0
Cesar Ramos,3357,2019,35,-6.7859645,0.0,0.0
Ubaldo Jimenez,3374,2019,35,-6.7859645,0.0,0.0
Jumbo Diaz,3397,2019,35,-6.8755736,0.0,0.0
Kevin Whelan,3462,2019,35,-6.7506795,0.0,0.0
Andre Rienzo,3507,2019,30,-5.6903834,0.0,0.0
Liam Hendriks,3548,2019,30,-5.6447024,0.0,0.0
Jim Johnson,3656,2019,36,-7.0021853,0.0,0.0
Logan Ondrusek,3677,2019,34,-6.563773,0.0,0.0
Brandon League,3731,2019,36,-7.0021853,0.0,0.0
Cesar Jimenez,3762,2019,34,-6.5231185,0.0,0.0
Felipe Paulino,3777,2019,35,-6.742467,0.0,0.0
Ricky Nolasco,3830,2019,36,-7.0021853,0.0,0.0
Zach Duke,3840,2019,36,-7.0021853,0.0,0.0
Brett Oberholtzer,3855,2019,29,-5.435488,0.0,0.0
Rubby de la Rosa,3862,2019,30,-5.6447024,0.0,0.0
Ethan Martin,3877,2019,30,-5.6903834,0.0,0.0
Casey Fien,3926,2019,35,-6.7859645,0.0,0.0
David Carpenter,3959,2019,33,-6.339827,0.0,0.0
Edward Mujica,3970,2019,35,-6.7859645,0.0,0.0
Allen Webster,3993,2019,29,-5.435488,0.0,0.0
Josh Outman,4004,2019,34,-6.563773,0.0,0.0
Eury De la Rosa,4055,2019,29,-5.435488,0.0,0.0
Brian Duensing,4064,2019,36,-7.0021853,0.0,0.0
Pedro Strop,4070,2019,34,-6.563773,0.0,0.0
Junichi Tazawa,4079,2019,33,-6.339827,0.0,0.0
Erik Cordier,4086,2019,33,-6.42956,0.0,0.0
James Russell,4089,2019,33,-6.339827,0.0,0.0
Luke Gregerson,4090,2019,35,-6.7859645,0.0,0.0
Derek Holland,4141,2019,32,-6.115209,0.0,0.0
Wilton Lopez,4227,2019,35,-6.7859645,0.0,0.0
Jered Weaver,4235,2019,36,-7.0021853,0.0,0.0
Brad Lincoln,4241,2019,34,-6.563773,0.0,0.0
Mark Melancon,4264,2019,34,-6.563773,0.0,0.0
Manny Parra,4279,2019,36,-7.0021853,0.0,0.0
Matt Albers,4300,2019,36,-7.0021853,0.0,0.0
Justin Wilson,4301,2019,31,-5.885688,0.0,0.0
Aaron Poreda,4313,2019,32,-6.0288863,0.0,0.0
Kyle Drabek,4359,2019,31,-5.885688,0.0,0.0
Craig Breslow,4363,2019,38,-7.389715,0.0,0.0
Joe Saunders,4366,2019,38,-7.389715,0.0,0.0
Jeremy Hellickson,4371,2019,32,-6.115209,0.0,0.0
Brad Mills,4420,2019,34,-6.5218396,0.0,0.0
Josh Wall,4436,2019,32,-6.115209,0.0,0.0
Pedro Hernandez,4578,2019,30,-5.6447024,0.0,0.0
Matt Lindstrom,4604,2019,39,-7.555849,0.0,0.0
Bobby Korecky,4608,2019,39,-7.4690876,0.0,0.0
Jason Pridie,4611,2019,35,-5.8946705,0.0,0.0
Joe Thatcher,4620,2019,37,-7.2057033,0.0,0.0
Sam LeCure,4664,2019,35,-6.7859645,0.0,0.0
Pat Neshek,4682,2019,38,-7.389715,0.0,0.0
Jeff Francis,4684,2019,38,-7.389715,0.0,0.0
Nate Jones,4696,2019,33,-6.339827,0.0,0.0
Sergio Santos,4734,2019,35,-6.7859645,0.0,0.0
Donnie Veal,4741,2019,34,-6.563773,0.0,0.0
Jonathan Broxton,4759,2019,35,-6.7859645,0.0,0.0
Felix Hernandez,4772,2019,33,-6.339827,0.0,0.0
Matt Shoemaker,4776,2019,32,-6.158351,0.0,0.0
Vinnie Pestano,4782,2019,34,-6.563773,0.0,0.0
Rich Hill,4806,2019,39,-7.555849,0.0,0.0
Brandon Maurer,4878,2019,28,-5.1594596,0.0,0.0
Scott Kazmir,4897,2019,35,-6.744121,0.0,0.0
Justin De Fratus,4955,2019,31,-5.885688,0.0,0.0
Fernando Salas,4971,2019,34,-6.563773,0.0,0.0
Fernando Abad,4994,2019,33,-6.339827,0.0,0.0
Jake Diekman,5003,2019,32,-6.115209,0.0,0.0
Bo Schultz,5028,2019,33,-6.42956,0.0,0.0
Dale Thayer,5032,2019,38,-7.389715,0.0,0.0
Josh Fields,5070,2019,33,-6.384444,0.0,0.0
Evan Meek,5109,2019,36,-6.9597692,0.0,0.0
Alfredo Aceves,5164,2019,36,-7.0021853,0.0,0.0
C.C. Lee,5177,2019,32,-6.158351,0.0,0.0
Ernesto Frieri,5178,2019,33,-6.339827,0.0,0.0
Mike Pelfrey,5203,2019,35,-6.7859645,0.0,0.0
Chris Perez,5213,2019,33,-6.339827,0.0,0.0
Wade LeBlanc,5221,2019,34,-6.563773,0.0,0.0
Blake Parker,5224,2019,34,-6.563773,0.0,0.0
Rudy Owens,5226,2019,31,-5.969502,0.0,0.0
Vin Mazzaro,5231,2019,32,-6.115209,0.0,0.0
Jose Alvarez,5358,2019,30,-5.6903834,0.0,0.0
Phillippe Aumont,5362,2019,30,-5.6447024,0.0,0.0
Michael Pineda,5372,2019,30,-5.628719,0.0,0.0
Jorge De Leon,5397,2019,31,-5.9288034,0.0,0.0
Pedro Baez,5420,2019,31,-5.969502,0.0,0.0
Jesse Chavez,5448,2019,35,-6.7859645,0.0,0.0
Arodys Vizcaino,5498,2019,28,-5.1108637,0.0,0.0
Dana Eveland,5508,2019,35,-6.742467,0.0,0.0
Boone Logan,5525,2019,34,-6.563773,0.0,0.0
Maikel Cleto,5529,2019,30,-5.6447024,0.0,0.0
Phil Coke,5535,2019,36,-7.0021853,0.0,0.0
Matt Harrison,5551,2019,33,-6.339827,0.0,0.0
Tyler Clippard,5640,2019,34,-6.563773,0.0,0.0
Brooks Brown,5679,2019,34,-6.6550746,0.0,0.0
Josh Lueke,5722,2019,34,-6.563773,0.0,0.0
Eric O'Flaherty,5746,2019,34,-6.563773,0.0,0.0
Jorge Rondon,5791,2019,31,-5.969502,0.0,0.0
Jason Motte,5861,2019,37,-7.1668344,0.0,0.0
Danny Salazar,5867,2019,29,-5.435488,0.0,0.0
Gonzalez Germen,5876,2019,31,-5.9288034,0.0,0.0
Darin Downs,5903,2019,34,-6.563773,0.0,0.0
Sean Marshall,5905,2019,36,-7.0021853,0.0,0.0
Wesley Wright,5960,2019,34,-6.563773,0.0,0.0
Jonathan Papelbon,5975,2019,38,-7.389715,0.0,0.0
Francisley Bueno,5980,2019,38,-7.389715,0.0,0.0
Kelvin Herrera,6033,2019,29,-5.3900423,0.0,0.0
Matt Pagnozzi,6046,2019,36,-6.3435984,0.0,0.0
Joe Wieland,6109,2019,29,-5.4062295,0.0,0.0
Juan Jaime,6127,2019,31,-5.969502,0.0,0.0
Scott Baker,6176,2019,37,-7.166574,0.0,0.0
Dellin Betances,6216,2019,31,-5.8526955,0.0,0.0
Tom Gorzelanny,6244,2019,36,-7.0021853,0.0,0.0
Scott Feldman,6283,2019,36,-7.0021853,0.0,0.0
Esmil Rogers,6317,2019,33,-6.339827,0.0,0.0
Al Alburquerque,6324,2019,33,-6.339827,0.0,0.0
Ryan Feierabend,6336,2019,33,-6.1218653,0.0,0.0
Chris Archer,6345,2019,30,-5.5550594,0.0,0.0
Henry Rodriguez,6371,2019,32,-6.115209,0.0,0.0
Trevor May,6398,2019,29,-5.4700084,0.0,0.0
Jose Cisnero,6399,2019,30,-5.6903834,0.0,0.0
Kevin Jepsen,6475,2019,34,-6.563773,0.0,0.0
Steve Cishek,6483,2019,33,-6.339827,0.0,0.0
Brian Wilson,6485,2019,37,-7.2057033,0.0,0.0
Donnie Joseph,6491,2019,31,-5.9288034,0.0,0.0
Blaine Hardy,6499,2019,32,-6.2017984,0.0,0.0
Josh Zeid,6527,2019,32,-6.158351,0.0,0.0
Pat McCoy,6605,2019,30,-5.728112,0.0,0.0
Marc Rzepczynski,6612,2019,33,-6.339827,0.0,0.0
Pedro Figueroa,6616,2019,33,-6.339827,0.0,0.0
Brad Brach,6627,2019,33,-6.339827,0.0,0.0
Carlos Carrasco,6632,2019,32,-6.0804424,0.0,0.0
Jim Henderson,6653,2019,36,-7.0021853,0.0,0.0
Craig Kimbrel,6655,2019,31,-5.885688,0.0,0.0
Alex Colome,6661,2019,30,-5.6903834,0.0,0.0
Luke Putkonen,6736,2019,33,-6.339827,0.0,0.0
Cesar Cabral,6741,2019,30,-5.6903834,0.0,0.0
Andrew Miller,6785,2019,34,-6.563773,0.0,0.0
Sam Freeman,6832,2019,32,-6.115209,0.0,0.0
Jeff Manship,6865,2019,34,-6.563773,0.0,0.0
Martin Perez,6902,2019,28,-5.1159654,0.0,0.0
Joakim Soria,6941,2019,35,-6.744121,0.0,0.0
Yohan Pino,6955,2019,35,-6.8755736,0.0,0.0
Drew Storen,6983,2019,31,-5.885688,0.0,0.0
Luis Garcia,6984,2019,32,-6.158351,0.0,0.0
Ryan Pressly,7005,2019,30,-5.6903834,0.0,0.0
Alex Torres,7038,2019,31,-5.8526955,0.0,0.0
Eric Fornataro,7042,2019,31,-5.969502,0.0,0.0
Trevor Bell,7074,2019,32,-6.027123,0.0,0.0
John Lannan,7080,2019,34,-6.563773,0.0,0.0
Jonathan Pettibone,7106,2019,28,-5.1594596,0.0,0.0
Daniel Hudson,7146,2019,32,-6.1158295,0.0,0.0
Chris Withrow,7161,2019,30,-5.6903834,0.0,0.0
Ryan Mattheus,7169,2019,35,-6.7859645,0.0,0.0
B.J. Rosenberg,7183,2019,33,-6.339827,0.0,0.0
Greg Holland,7196,2019,33,-6.339827,0.0,0.0
Nick Masset,7267,2019,37,-7.1281147,0.0,0.0
Brad Ziegler,7293,2019,39,-7.555849,0.0,0.0
Preston Guilmet,7303,2019,31,-5.9288034,0.0,0.0
Casey Janssen,7355,2019,37,-7.2057033,0.0,0.0
Dan Otero,7385,2019,34,-6.563773,0.0,0.0
Javy Guerra,7407,2019,33,-6.339827,0.0,0.0
J.A. Happ,7410,2019,36,-7.0021853,0.0,0.0
Austin Adams,7411,2019,32,-6.2017984,0.0,0.0
Mark Lowe,7416,2019,36,-7.0021853,0.0,0.0
Bradin Hagens,7422,2019,30,-5.728112,0.0,0.0
Wade Davis,7441,2019,33,-6.339827,0.0,0.0
Jim Miller,7458,2019,37,-7.2057033,0.0,0.0
Anthony Swarzak,7466,2019,33,-6.339827,0.0,0.0
Ryan Webb,7474,2019,33,-6.339827,0.0,0.0
Scott Elbert,7489,2019,33,-6.299149,0.0,0.0
Tommy Layne,7501,2019,34,-6.563773,0.0,0.0
Evan Scribner,7525,2019,33,-6.339827,0.0,0.0
Collin McHugh,7531,2019,32,-6.115209,0.0,0.0
Lucas Harrell,7541,2019,34,-6.563773,0.0,0.0
Jake McGee,7550,2019,32,-6.115209,0.0,0.0
Jarrett Grube,7553,2019,37,-7.271359,0.0,0.0
Nick Vincent,7555,2019,32,-6.115209,0.0,0.0
Fernando Rodriguez,7558,2019,35,-6.742467,0.0,0.0
Tommy Milone,7608,2019,32,-6.115209,0.0,0.0
Chris Leroux,7645,2019,35,-6.7859645,0.0,0.0
Neil Ramirez,7677,2019,30,-5.728112,0.0,0.0
Bobby LaFromboise,7758,2019,33,-6.384444,0.0,0.0
Yoslan Herrera,7759,2019,38,-7.2514434,0.0,0.0
Shawn Kelley,7773,2019,35,-6.7859645,0.0,0.0
Hunter Strickland,7836,2019,30,-5.728112,0.0,0.0
Jerry Blevins,7841,2019,35,-6.7859645,0.0,0.0
Josh Lindblom,7882,2019,32,-6.115209,0.0,0.0
Matt Daley,7952,2019,37,-7.166574,0.0,0.0
Matt West,7980,2019,30,-5.728112,0.0,0.0
Anthony Bass,7982,2019,31,-5.658857,0.0,0.0
Ramon Ramirez,7986,2019,37,-7.2057033,0.0,0.0
Paul Clemens,8037,2019,31,-5.9288034,0.0,0.0
Glen Perkins,8041,2019,36,-7.0021853,0.0,0.0
Jason Vargas,8044,2019,36,-7.0021853,0.0,0.0
Will Smith,8048,2019,29,-5.3900423,0.0,0.0
Dan Jennings,8073,2019,32,-6.115209,0.0,0.0
Stephen Fife,8077,2019,32,-6.115209,0.0,0.0
Bryan Shaw,8110,2019,31,-5.885688,0.0,0.0
Neil Wagner,8162,2019,35,-6.744121,0.0,0.0
Kevin Siegrist,8180,2019,29,-5.435488,0.0,0.0
Steven Wright,8185,2019,34,-6.6102934,0.0,0.0
David Robertson,8241,2019,34,-6.563773,0.0,0.0
J.P. Howell,8245,2019,36,-7.0021853,0.0,0.0
Billy Buckner,8253,2019,35,-6.705825,0.0,0.0
Huston Street,8258,2019,35,-6.7859645,0.0,0.0
Casey Coleman,8270,2019,31,-5.8399544,0.0,0.0
Tony Sipp,8280,2019,35,-6.7859645,0.0,0.0
Lucas Luetge,8337,2019,32,-6.115209,0.0,0.0
Jared Burton,8346,2019,38,-7.389715,0.0,0.0
AJ Ramos,8350,2019,32,-6.115209,0.0,0.0
Troy Patton,8368,2019,33,-6.339827,0.0,0.0
Steve Geltz,8402,2019,31,-5.893215,0.0,0.0
Alfredo Figaro,8404,2019,34,-6.4873466,0.0,0.0
Bryan Price,8436,2019,32,-6.2017984,0.0,0.0
Danny Farquhar,8501,2019,32,-6.0804424,0.0,0.0
Jeff Beliveau,8504,2019,32,-6.115209,0.0,0.0
Michael Kohn,8505,2019,33,-6.3025823,0.0,0.0
Rob Wooten,8532,2019,33,-6.384444,0.0,0.0
Justin Miller,8580,2019,32,-6.2017984,0.0,0.0
Dustin McGowan,8600,2019,37,-7.166574,0.0,0.0
Wilking Rodriguez,8801,2019,29,-5.4700084,0.0,0.0
Ryan Cook,8855,2019,32,-6.115209,0.0,0.0
David Martinez,8893,2019,31,-5.9288034,0.0,0.0
Arquimedes Caminero,8992,2019,32,-6.158351,0.0,0.0
Adam Warren,9029,2019,31,-5.885688,0.0,0.0
John Axford,9059,2019,36,-7.0021853,0.0,0.0
Kirby Yates,9073,2019,32,-6.2017984,0.0,0.0
Zach Putnam,9080,2019,31,-5.885688,0.0,0.0
T.J. House,9121,2019,29,-5.4700084,0.0,0.0
Charlie Leesman,9124,2019,32,-6.158351,0.0,0.0
Sean O'Sullivan,9137,2019,31,-5.8526955,0.0,0.0
Lester Oliveros,9167,2019,31,-5.8399544,0.0,0.0
Kyle Lobstein,9178,2019,29,-5.4700084,0.0,0.0
Vic Black,9195,2019,31,-5.9288034,0.0,0.0
Koji Uehara,9227,2019,44,-8.21831,0.0,0.0
Alex Wilson,9239,2019,32,-6.158351,0.0,0.0
David Carpenter,9244,2019,31,-5.885688,0.0,0.0
Ryan Dennick,9261,2019,32,-6.2017984,0.0,0.0
Rob Scahill,9286,2019,32,-6.115209,0.0,0.0
Dylan Axelrod,9303,2019,33,-6.339827,0.0,0.0
Jared Hughes,9325,2019,33,-6.339827,0.0,0.0
Brandon Morrow,9346,2019,34,-6.563773,0.0,0.0
Josh Tomlin,9388,2019,34,-6.563773,0.0,0.0
John Holdzkom,9392,2019,31,-5.969502,0.0,0.0
Zac Rosscup,9419,2019,31,-5.9288034,0.0,0.0
Ryan Buchter,9456,2019,32,-6.2017984,0.0,0.0
George Kontos,9486,2019,34,-6.563773,0.0,0.0
Phil Irwin,9489,2019,32,-6.158351,0.0,0.0
Jeremy Jeffress,9490,2019,31,-5.885688,0.0,0.0
Jose Ortega,9651,2019,30,-5.6447024,0.0,0.0
Louis Coleman,9720,2019,33,-6.339827,0.0,0.0
Burke Badenhop,9736,2019,36,-7.0021853,0.0,0.0
Rex Brothers,9794,2019,31,-5.885688,0.0,0.0
Miles Mikolas,9803,2019,30,-5.6447024,0.0,0.0
Sergio Romo,9817,2019,36,-7.0021853,0.0,0.0
Chaz Roe,9866,2019,32,-6.158351,0.0,0.0
Bryan Anderson,9871,2019,32,-13.509027,0.0,0.0
Michael Kirkman,9877,2019,32,-6.115209,0.0,0.0
Chris Rusin,9895,2019,32,-6.115209,0.0,0.0
Bobby Parnell,9926,2019,34,-6.563773,0.0,0.0
Brandon Kintzler,9939,2019,34,-6.563773,0.0,0.0
Todd Redmond,9943,2019,34,-6.563773,0.0,0.0
Mike Dunn,9948,2019,34,-6.563773,0.0,0.0
Tom Wilhelmsen,9975,2019,35,-6.7859645,0.0,0.0
Taylor Thompson,10019,2019,32,-6.2017984,0.0,0.0
Ian Krol,10066,2019,28,-5.1594596,0.0,0.0
Caleb Thielbar,10078,2019,32,-6.158351,0.0,0.0
Keith Butler,10080,2019,30,-5.6903834,0.0,0.0
Dane de la Rosa,10095,2019,36,-7.0021853,0.0,0.0
Brad Boxberger,10133,2019,31,-5.885688,0.0,0.0
Aaron Crow,10149,2019,32,-6.115209,0.0,0.0
Jose Ramirez,10171,2019,29,-5.4700084,0.0,0.0
Melvin Mercedes,10181,2019,28,-5.189199,0.0,0.0
Tyler Skaggs,10190,2019,27,-4.8184323,0.0,0.0
Aroldis Chapman,10233,2019,31,-5.885688,0.0,0.0
Bryan Morris,10234,2019,32,-6.115209,0.0,0.0
Alexi Ogando,10261,2019,35,-6.7859645,0.0,0.0
Justin Marks,10265,2019,31,-5.969502,0.0,0.0
Tanner Scheppers,10267,2019,32,-6.115209,0.0,0.0
Chris Heston,10302,2019,31,-5.969502,0.0,0.0
Roman Mendez,10307,2019,28,-5.189199,0.0,0.0
Erasmo Ramirez,10314,2019,29,-5.3900423,0.0,0.0
Michael Tonkin,10315,2019,29,-5.435488,0.0,0.0
Chad Jenkins,10326,2019,31,-5.885688,0.0,0.0
Nick Christiani,10332,2019,31,-5.9288034,0.0,0.0
Edwin Escobar,10337,2019,27,-4.8856215,0.0,0.0
Aaron Loup,10343,2019,31,-5.885688,0.0,0.0
Carlos Contreras,10386,2019,28,-5.189199,0.0,0.0
Wilfredo Tovar,10416,2019,27,-5.6230006,0.0,0.0
Shawn Tolleson,10481,2019,31,-5.885688,0.0,0.0
Yoervis Medina,10498,2019,30,-5.6903834,0.0,0.0
Preston Claiborne,10500,2019,31,-5.9288034,0.0,0.0
Mario Hollands,10504,2019,30,-5.728112,0.0,0.0
Jake Petricka,10534,2019,31,-5.9288034,0.0,0.0
Daniel Webb,10558,2019,29,-5.435488,0.0,0.0
Addison Reed,10586,2019,30,-5.6447024,0.0,0.0
Chad Bettis,10587,2019,30,-5.6903834,0.0,0.0
Chris Sale,10603,2019,30,-5.6447024,0.0,0.0
Seth Rosin,10606,2019,30,-5.728112,0.0,0.0
Stephen Pryor,10663,2019,29,-5.3900423,0.0,0.0
Red Patterson,10710,2019,32,-6.2017984,0.0,0.0
Trevor Rosenthal,10745,2019,29,-5.3900423,0.0,0.0
Shane Greene,10756,2019,30,-5.728112,0.0,0.0
Josh Edgin,10796,2019,32,-6.115209,0.0,0.0
Jake Dunning,10803,2019,30,-5.6903834,0.0,0.0
Mike Foltynewicz,10811,2019,27,-4.8856215,0.0,0.0
Michael Mariot,10835,2019,30,-5.728112,0.0,0.0
Chasen Shreve,10855,2019,28,-5.189199,0.0,0.0
Jake Buchanan,10962,2019,29,-5.4700084,0.0,0.0
Ben Rowen,10983,2019,30,-5.728112,0.0,0.0
C.J. Riefenhauser,11193,2019,29,-5.4700084,0.0,0.0
Casey Sadler,11209,2019,28,-5.189199,0.0,0.0
Kevin Chapman,11240,2019,31,-5.9288034,0.0,0.0
Aaron Barrett,11243,2019,31,-5.969502,0.0,0.0
Rob Rasmussen,11250,2019,30,-5.728112,0.0,0.0
Logan Darnell,11261,2019,30,-5.728112,0.0,0.0
Lisalverto Bonilla,11266,2019,29,-5.4700084,0.0,0.0
Sean Nolin,11341,2019,29,-5.435488,0.0,0.0
A.J. Achter,11387,2019,30,-5.728112,0.0,0.0
Drew Pomeranz,11426,2019,30,-5.6447024,0.0,0.0
Brandon Workman,11428,2019,30,-5.6903834,0.0,0.0
Bryan Mitchell,11479,2019,28,-5.189199,0.0,0.0
Aaron Sanchez,11490,2019,26,-4.5599203,0.0,0.0
Jose Dominguez,11571,2019,28,-5.1594596,0.0,0.0
Mike Kickham,11618,2019,30,-5.6903834,0.0,0.0
Heath Hembree,11632,2019,30,-5.6903834,0.0,0.0
Sam Dyson,11710,2019,31,-5.885688,0.0,0.0
Erik Goeddel,11712,2019,30,-5.728112,0.0,0.0
Justin Grimm,11720,2019,30,-5.6447024,0.0,0.0
Kyle Ryan,11753,2019,27,-4.8856215,0.0,0.0
Drew Smyly,11760,2019,30,-5.6447024,0.0,0.0
Hector Neris,11804,2019,30,-5.728112,0.0,0.0
Steve Delabar,11827,2019,35,-6.7859645,0.0,0.0
James Paxton,11828,2019,30,-5.6903834,0.0,0.0
Taijuan Walker,11836,2019,26,-4.537124,0.0,0.0
Chris Martin,11847,2019,33,-6.42956,0.0,0.0
Brett Bochy,11867,2019,31,-5.969502,0.0,0.0
Scott Snodgress,12020,2019,29,-5.4700084,0.0,0.0
Brian Flynn,12027,2019,29,-5.435488,0.0,0.0
Yimi Garcia,12095,2019,28,-5.189199,0.0,0.0
Matt Stites,12165,2019,29,-5.4700084,0.0,0.0
Cody Allen,12183,2019,30,-5.6447024,0.0,0.0
Aaron Brooks,12272,2019,29,-5.4700084,0.0,0.0
Leonel Campos,12277,2019,31,-5.969502,0.0,0.0
Evan Marshall,12297,2019,29,-5.4700084,0.0,0.0
Chris Bassitt,12304,2019,30,-5.728112,0.0,0.0
Kevin Quackenbush,12360,2019,30,-5.728112,0.0,0.0
Spencer Patton,12361,2019,31,-5.969502,0.0,0.0
Drew Rucinski,12499,2019,30,-5.728112,0.0,0.0
Erik Johnson,12520,2019,29,-5.435488,0.0,0.0
Nick Maronde,12530,2019,29,-5.3900423,0.0,0.0
Nathan Karns,12638,2019,31,-5.9288034,0.0,0.0
Roenis Elias,12673,2019,30,-5.728112,0.0,0.0
Phil Klein,12675,2019,30,-5.728112,0.0,0.0
Trevor Bauer,12703,2019,28,-5.1159654,0.0,0.0
Nick Martinez,12730,2019,28,-5.189199,0.0,0.0
Sonny Gray,12768,2019,29,-5.435488,0.0,0.0
Jairo Diaz,12774,2019,28,-5.189199,0.0,0.0
Carter Capps,12803,2019,28,-5.1159654,0.0,0.0
Matt Barnes,12863,2019,29,-5.4700084,0.0,0.0
Alex Claudio,12890,2019,27,-4.8856215,0.0,0.0
Ken Giles,12910,2019,28,-5.189199,0.0,0.0
Wei-Yin Chen,13071,2019,33,-6.339827,0.0,0.0
Frank Garces,13144,2019,29,-5.4700084,0.0,0.0
Carson Smith,13172,2019,29,-5.4700084,0.0,0.0
Danny Coulombe,13293,2019,29,-5.4700084,0.0,0.0
Cam Bedrosian,13360,2019,27,-4.8856215,0.0,0.0
Paco Rodriguez,13398,2019,28,-5.1159654,0.0,0.0
R.J. Alvarez,13401,2019,28,-5.189199,0.0,0.0
Drew VerHagen,13424,2019,28,-5.189199,0.0,0.0
Marcus Stroman,13431,2019,28,-5.189199,0.0,0.0
Mike Morin,13442,2019,28,-5.189199,0.0,0.0
Daniel Norris,13475,2019,26,-4.5599203,0.0,0.0
Sam Tuivailala,13485,2019,26,-4.5599203,0.0,0.0
Chad Smith,13604,2019,29,-5.4700084,0.0,0.0
Michael Roth,13736,2019,29,-5.435488,0.0,0.0
Dominic Leone,13763,2019,27,-4.8856215,0.0,0.0
Ian Thomas,13881,2019,32,-6.2017984,0.0,0.0
Kevin Gausman,14107,2019,28,-5.1594596,0.0,0.0
Shae Simmons,14200,2019,28,-5.189199,0.0,0.0
Dario Alvarez,14239,2019,30,-5.728112,0.0,0.0
Wei-Chung Wang,14382,2019,27,-4.8856215,0.0,0.0
Kyuji Fujikawa,14443,2019,38,-7.4118485,0.0,0.0
Buck Farmer,14814,2019,28,-5.189199,0.0,0.0
Corey Knebel,15010,2019,27,-4.8856215,0.0,0.0
Kyle Crockett,15033,2019,27,-4.8856215,0.0,0.0
Kendall Graveman,15514,2019,28,-5.189199,0.0,0.0
Miguel Gonzalez,15675,2019,32,-6.2017984,0.0,0.0
Brandon Finnegan,16208,2019,26,-4.5599203,0.0,0.0
David Murphy,6035,2019,37,-7.1339536,0.0,0.0
Jeff Baker,2073,2019,38,-8.375465,0.0,0.0
Zach Walters,10622,2019,29,-5.2409554,0.0,0.0
Geovany Soto,3707,2019,36,-8.427066,0.0,0.0
Brad Snyder,6052,2019,37,-9.777499,0.0,0.0
Reid Brignac,8380,2019,33,-6.904594,0.0,0.0
Brayan Pena,3231,2019,37,-7.3663373,0.0,0.0
Daniel Descalso,8392,2019,32,-4.0620027,0.0,0.0
Xavier Nady,1658,2019,40,-9.339887,0.0,0.0
Michael A. Taylor,11489,2019,28,-2.6872463,0.0,0.0
Adam Moore,9362,2019,35,-7.5660787,0.0,0.0
Elian Herrera,5432,2019,34,-3.4780028,0.0,0.04932793602347374
Steve Clevenger,9542,2019,33,-8.243902,0.0,0.0
Steven Souza Jr.,5667,2019,30,-7.1797094,0.0,0.0
Chris Valaika,1165,2019,33,-6.4783826,0.0,0.0
Dan Butler,9968,2019,32,-7.596439,0.0,0.0
Logan Forsythe,7185,2019,32,-5.700744,0.0,0.0
Jedd Gyorko,10816,2019,30,-5.7597933,0.0,0.0
J.T. Realmuto,11739,2019,28,-6.926699,0.0,0.0
Moises Sierra,6050,2019,30,-4.658829,0.0,0.0
Ian Stewart,5950,2019,34,-2.7859662,0.0,0.5613520741462708
Xavier Scruggs,7409,2019,31,-7.9911222,0.0,0.0
Joaquin Arias,3817,2019,34,-5.308945,0.0,0.0
Yolmer Sanchez,11602,2019,27,-4.949817,0.0,0.8712256550788879
Jason Bourgeois,2225,2019,37,-6.1704855,0.0,0.0
Andy Marte,3203,2019,35,-4.2180924,0.0,0.0
Tuffy Gosewisch,5277,2019,35,-8.268794,0.0,0.0
Austin Romine,5491,2019,30,-7.2868857,0.0,0.0
Carlos Triunfel,193,2019,29,-5.4590697,0.0,0.0
Dean Anna,8353,2019,32,-3.6663451,0.0,0.0
Justin Sellers,4006,2019,33,-5.485762,0.0,0.0
Vince Belnome,8126,2019,31,-5.969502,0.0,0.0
Curt Casali,12510,2019,30,-6.856727,0.0,0.0
Raffy Lopez,12606,2019,31,-5.969502,0.0,0.0
Jake Elmore,7290,2019,32,-3.3151248,0.0,0.0
Luis Jimenez,6341,2019,31,-3.1360614,0.0,0.0
Danny Worth,198,2019,33,-5.567116,0.0,0.0
Jorge De La Rosa,2047,2019,38,-7.389715,0.0,0.0
Alfredo Simon,2155,2019,38,-7.389715,0.0,0.0
Johnny Cueto,6893,2019,33,-6.339827,0.0,0.0
Franklin Morales,5088,2019,33,-6.339827,0.0,0.0
Brandon McCarthy,4662,2019,35,-6.7859645,0.0,0.0
Kyle Lohse,739,2019,40,-7.7028675,0.0,0.0
Ervin Santana,3200,2019,36,-7.0021853,0.0,0.0
Gio Gonzalez,7448,2019,33,-6.339827,0.0,0.0
Jeff Locke,2929,2019,31,-5.885688,0.0,0.0
Francisco Liriano,3201,2019,35,-6.7859645,0.0,0.0
Trevor Cahill,6249,2019,31,-5.885688,0.0,0.0
Yohan Flande,5057,2019,33,-6.42956,0.0,0.0
Mat Latos,3815,2019,31,-5.9309855,0.0,0.0
Gavin Floyd,3886,2019,36,-7.0021853,0.0,0.0
Tim Lincecum,5705,2019,35,-6.7859645,0.0,0.0
Mike Bolsinger,11137,2019,31,-5.969502,0.0,0.0
Brett Jackson,9632,2019,30,-5.292086,0.0,0.0
Tyler Chatwood,4338,2019,29,-5.3900423,0.0,0.0
Jesse Hahn,13287,2019,29,-5.4700084,0.0,0.0
Joey Butler,7799,2019,33,-5.777029,0.0,0.0
Vidal Nuno,9674,2019,31,-5.9288034,0.0,0.0
Tsuyoshi Wada,13046,2019,38,-7.437675,0.0,0.0
Mike Baxter,4464,2019,34,-7.9798965,0.0,0.0
David Hale,9756,2019,31,-5.9288034,0.0,0.0
Jamey Wright,715,2019,44,-8.21831,0.0,0.0
R.A. Dickey,1245,2019,44,-8.237703,0.0,0.0
Rick Porcello,2717,2019,30,-5.6447024,0.0,0.0
Danny Duffy,3542,2019,30,-5.6447024,0.0,0.0
Carlos Frias,3547,2019,29,-5.4700084,0.0,0.0
Jon Lester,4930,2019,35,-6.7859645,0.0,0.0
Tony Abreu,5053,2019,34,-9.47823,0.0,0.0
Chris Tillman,5279,2019,31,-5.885688,0.0,0.0
Brad Peacock,5401,2019,31,-5.8526955,0.0,0.0
Jair Jurrjens,5556,2019,33,-12.167389,0.0,36.02912902832031
Jose Constanza,6003,2019,35,-3.9387033,0.0,0.0
David Phelps,6316,2019,32,-6.115209,0.0,0.0
Stolmy Pimentel,6415,2019,29,-5.435488,0.0,0.0
Chase d'Arnaud,6652,2019,32,2.4670773,0.0,1.5666245222091675
Miguel Gonzalez,7024,2019,35,-6.7859645,0.0,0.0
Phil Hughes,7450,2019,33,-6.339827,0.0,0.0
Carlos Torres,7624,2019,36,-7.0021853,0.0,0.0
David Holmberg,7725,2019,27,-4.8582454,0.0,0.0
Matt Hague,7772,2019,33,-9.010743,0.0,0.0
Jaff Decker,7945,2019,29,-5.248991,0.0,0.0
Guillermo Quiroz,7989,2019,37,-8.029268,0.0,0.0
Nick Greenwood,8182,2019,31,-5.969502,0.0,0.0
Cord Phelps,8631,2019,32,-8.032172,0.0,0.0
Ali Solis,8848,2019,31,-5.893215,0.0,0.0
Garrett Richards,9784,2019,31,-5.885688,0.0,0.0
Kevin Slowey,9918,2019,35,-6.744121,0.0,0.0
Lane Adams,10767,2019,29,-2.6240265,0.0,0.0
Eric Jokisch,11157,2019,29,-5.4700084,0.0,0.0
Aaron Altherr,11270,2019,28,-5.189199,0.0,0.0
Tommy Kahnle,11384,2019,29,-5.4700084,0.0,0.0
Jose Quintana,11423,2019,30,-5.6447024,0.0,0.0
Anthony Ranaudo,11424,2019,29,-5.4700084,0.0,0.0
Rafael Montero,12760,2019,28,-5.189199,0.0,0.0
Eddie Butler,13453,2019,28,-5.189199,0.0,0.0
Matthew Clark,8793,2019,32,-6.9420033,0.0,0.0
C.J. Cron,12546,2019,29,-7.678221,0.0,0.0
Kurt Suzuki,8259,2019,35,-8.011876,0.0,0.0
Eric Hosmer,3516,2019,29,-5.8138347,0.0,0.0
Ryan Howard,2154,2019,39,-8.820444,0.0,0.0
Bobby Abreu,945,2019,45,-8.012027,0.0,0.0
Lyle Overbay,1617,2019,42,-7.985957,0.0,0.0
Grant Green,10053,2019,31,-3.4002814,0.0,0.0
Don Kelly,2216,2019,39,-5.3153334,0.0,0.0
Gordon Beckham,9015,2019,32,-6.2010093,0.0,0.0
Justin Smoak,9054,2019,32,-7.4652624,0.0,0.0
Cole Gillespie,5888,2019,35,-3.2415164,0.0,0.5060654878616333
Donnie Murphy,4704,2019,36,-5.9706073,0.0,0.0
Roger Bernadina,6421,2019,35,-4.563905,0.0,0.0
Jerry Sands,4016,2019,31,-7.494636,0.0,0.0
Koyie Hill,1829,2019,40,-8.050539,0.0,0.0
Tyler Pastornicky,6777,2019,29,-4.24871,0.0,0.0
Zelous Wheeler,8822,2019,32,-7.316812,0.0,0.0
Omar Quintanilla,6335,2019,37,-7.9886155,0.0,0.0
Yorman Rodriguez,9922,2019,26,-1.2751931,0.0,0.0
Jack Hannahan,3692,2019,39,-8.052261,0.0,0.0
John McDonald,395,2019,44,-8.159255,0.0,0.0
Taylor Teagarden,5199,2019,35,-7.4054675,0.0,0.0
Brent Morel,6402,2019,32,-4.154699,0.0,0.0
Sandy Leon,5273,2019,30,-6.847392,0.0,0.0
Rafael Furcal,88,2019,41,-6.2550955,0.0,0.0
Jason Rogers,11773,2019,31,-5.969502,0.0,0.0
Brooks Conrad,3664,2019,39,-5.758719,0.0,0.0
Guilder Rodriguez,3412,2019,35,-5.243677,0.0,0.0
Ryan Roberts,5653,2019,38,-8.6298895,0.0,0.0
Irving Falu,6165,2019,36,-5.4150906,0.0,0.0
Marco Scutaro,1555,2019,43,-7.124419,0.0,0.0
Yovani Gallardo,8173,2019,33,-6.339827,0.0,0.0
Tanner Roark,8753,2019,32,-6.158351,0.0,0.0
Julio Teheran,6797,2019,28,-5.1159654,0.0,0.0
Lance Lynn,2520,2019,32,-6.115209,0.0,0.0
Eric Stults,8011,2019,39,-7.555849,0.0,0.0
Zack Wheeler,10310,2019,29,-5.435488,0.0,0.0
Alex Wood,13781,2019,28,-5.1594596,0.0,0.0
Vance Worley,6435,2019,31,-5.885688,0.0,0.0
Juan Nicasio,7731,2019,32,-6.115209,0.0,0.0
Alex Guerrero,15670,2019,32,-2.1754887,0.0,0.0
Cristhian Adames,6013,2019,27,-6.4017816,0.0,0.0
Yusmeiro Petit,4020,2019,34,-6.563773,0.0,0.0
Mike Fiers,7754,2019,34,-6.563773,0.0,0.0
Christian Bergman,10925,2019,31,-5.969502,0.0,0.0
Ronny Cedeno,2179,2019,36,-6.5311503,0.0,0.0
Carlos Villanueva,4138,2019,35,-6.7859645,0.0,0.0
Alexi Casilla,5248,2019,34,-3.0555246,0.0,0.0
Jenrry Mejia,8476,2019,29,-5.3900423,0.0,0.0
Ryan Lavarnway,8879,2019,31,-7.3750286,0.0,0.0
Dan Johnson,2167,2019,39,-8.94157,0.0,0.0
Ryan Wheeler,9312,2019,30,-5.970661,0.0,0.0
Andrew Brown,3837,2019,34,-7.571078,0.0,0.0
Cesar Hernandez,10556,2019,29,-2.7053595,0.0,0.3331167995929718
Chris Nelson,8175,2019,33,-5.636003,0.0,0.04653192684054375
Miguel Olivo,1638,2019,40,-8.83869,0.0,0.0
Donald Lutz,10154,2019,30,-2.716694,0.0,0.0
Juan Centeno,7168,2019,29,-7.7190785,0.0,0.0
Erisbel Arruebarrena,15809,2019,29,-1.5519987,0.0,0.26471492648124695
Caleb Gindl,5002,2019,30,-6.655223,0.0,0.0
Andrew Cashner,8782,2019,32,-5.2614956,0.0,0.0
Kyle Parker,11763,2019,29,-4.6200385,0.0,0.0
Jeff Francoeur,4792,2019,35,-3.4698322,0.0,0.0
Xavier Paul,5963,2019,34,-7.0399814,0.0,0.0
Jamie Romak,5552,2019,33,-6.42956,0.0,0.0
Nathan Eovaldi,9132,2019,29,-5.3900423,0.0,0.0
Brad Glenn,7392,2019,32,-7.7292147,0.0,0.0
Doug Fister,9425,2019,35,-6.7859645,0.0,0.0
Roberto Hernandez,3273,2019,38,-7.389715,0.0,0.0
Matt Garza,3340,2019,35,-6.7859645,0.0,0.0
Tim Hudson,921,2019,43,-8.114495,0.0,0.0
Charlie Morton,4676,2019,35,-6.7859645,0.0,0.0
Dillon Gee,7396,2019,33,-6.339827,0.0,0.0
Brad Hand,9111,2019,29,-5.3900423,0.0,0.0
Michael Wacha,14078,2019,27,-4.8582454,0.0,0.0
Odrisamer Despaigne,16017,2019,32,-6.2017984,0.0,0.0
Jake Peavy,1051,2019,38,-7.389715,0.0,0.0
Prince Fielder,4613,2019,35,-8.717132,0.0,0.0
Ryan Ludwick,1260,2019,40,-8.610638,0.0,0.0
Grady Sizemore,2197,2019,36,-4.2459044,0.0,0.10697776079177856
Jose Tabata,2411,2019,30,-6.4195046,0.0,0.0
Josh Thole,9689,2019,32,-6.5164046,0.0,0.0
Eric Fryer,8145,2019,33,-2.9122617,0.0,0.0
John Buck,2041,2019,38,-7.041874,0.0,0.0
Roger Kieschnick,5225,2019,32,-2.6556077,0.0,0.0
Mark Ellis,1443,2019,42,-4.965283,0.0,0.24621008336544037
Alex Gonzalez,520,2019,42,-8.901173,0.0,0.0
Shane Robinson,4249,2019,34,-5.7411494,0.0,0.0
Josh Satin,6788,2019,34,-8.335498,0.0,0.0
Michael Martinez,7358,2019,36,-7.307902,0.0,0.0
Tim Federowicz,8609,2019,31,-5.6011233,0.0,0.0
Chris Dominguez,9718,2019,32,-8.137624,0.0,0.0
Aaron Harang,1451,2019,41,-7.8375635,0.0,0.0
Wily Peralta,7738,2019,30,-5.6447024,0.0,0.0
Tom Koehler,6570,2019,33,-6.339827,0.0,0.0
Edinson Volquez,3990,2019,35,-6.7859645,0.0,0.0
Chase Anderson,6895,2019,31,-5.969502,0.0,0.0
Mark Trumbo,6876,2019,33,-6.6088953,0.0,0.0
Josmil Pinto,6806,2019,30,-7.119431,0.0,0.0
Carlos Beltran,589,2019,42,-8.241017,0.0,0.0
Billy Butler,7399,2019,33,-8.158976,0.0,0.0
Aaron Hill,6104,2019,37,-6.4074483,0.0,0.0
Mitch Moreland,3086,2019,33,-8.305032,0.0,0.0
Adrian Nieto,10294,2019,29,-6.6903,0.0,0.0
Anthony Recker,4063,2019,35,-4.4275293,0.0,0.0
Reed Johnson,1702,2019,42,-7.71234,0.0,0.0
Kevin Frandsen,7528,2019,37,-7.6460295,0.0,0.0
Mike Olt,10698,2019,30,-5.693087,0.0,0.0
Jason Giambi,818,2019,48,-9.566546,0.0,0.0
Jesus Guzman,3118,2019,35,-4.4412355,0.0,0.0
Nick Ahmed,12147,2019,29,-4.242665,0.0,0.0
Juan Perez,5371,2019,32,-5.5262723,0.0,0.0
Cameron Rupp,11146,2019,30,-7.8405967,0.0,0.0
Daric Barton,5928,2019,33,-5.97011,0.0,0.0
Greg Dobbs,2158,2019,40,-8.410696,0.0,0.0
Andy Wilkins,11251,2019,30,-2.7619948,0.0,0.0
Neftali Soto,5663,2019,30,-5.6527066,0.0,0.0
Chris Colabello,13051,2019,35,-5.7122264,0.0,0.0
Cody Ross,1760,2019,38,-6.874336,0.0,0.0
J.P. Arencibia,697,2019,33,-7.5908327,0.0,0.0
Marc Krauss,7577,2019,31,-7.762531,0.0,0.0
Carlos Quentin,6274,2019,36,-8.65506,0.0,0.0
Scott Hairston,1926,2019,39,-7.1997967,0.0,0.0
Mike Carp,7480,2019,33,-7.139258,0.0,0.0
Ryan Goins,9807,2019,31,-7.115318,0.0,0.0
Carlos Pena,934,2019,41,-9.286815,0.0,0.0
Jesus Aguilar,11342,2019,29,-7.3051543,0.0,0.0
Bartolo Colon,375,2019,46,-8.488455,0.0,0.0
Ryan Doumit,2113,2019,38,-7.2404613,0.0,0.0
Christian Bethancourt,10028,2019,27,-4.553729,0.0,0.38457125425338745
L.J. Hoes,6656,2019,29,-3.890336,0.0,0.0
Brendan Ryan,6073,2019,37,-6.2962093,0.0,0.0
Jeff Bianchi,9958,2019,32,-6.676076,0.0,0.0
Dioner Navarro,3179,2019,35,-7.988583,0.0,0.0
Jason Kubel,2161,2019,37,-5.928757,0.0,0.0
Skip Schumaker,3704,2019,39,-7.0612345,0.0,0.0
Stephen Drew,4251,2019,36,-7.712002,0.0,0.0
Chris Herrmann,9284,2019,31,-3.9688761,0.0,0.0
Justin Maxwell,6827,2019,35,-3.7830706,0.0,0.0
Dayan Viciedo,3917,2019,30,-6.9819913,0.0,0.0
Alfonso Soriano,847,2019,43,-5.576117,0.0,0.0
Corey Hart,1945,2019,37,-6.7321296,0.0,0.0
Oscar Taveras,11173,2019,27,-6.7025256,0.0,0.0
Will Middlebrooks,7002,2019,30,-6.540607,0.0,0.0
Alfredo Marte,5212,2019,30,-5.5571685,0.0,0.0
Dan Uggla,3442,2019,39,-6.5974526,0.0,0.0
Paul Konerko,242,2019,43,-9.305479,0.0,0.0
Nate Schierholtz,6201,2019,35,-4.1458697,0.0,0.0
Tony Gwynn,6141,2019,36,-4.086123,0.0,0.27492740750312805
Domonic Brown,3154,2019,31,-4.4680524,0.0,0.0
Jordan Pacheco,2677,2019,33,-7.8315616,0.0,0.0
John Baker,4756,2019,38,-8.573697,0.0,0.0
Brett Hayes,4293,2019,35,-5.877064,0.0,0.0
Raul Ibanez,607,2019,47,-8.363748,0.0,0.0
Stefen Romero,11746,2019,30,-4.5948415,0.0,0.0
A.J. Pierzynski,746,2019,42,-9.161123,0.0,0.0
Matt Dominguez,4903,2019,29,-7.3289123,0.0,0.0
Alberto Callaspo,3336,2019,36,-8.338114,0.0,0.0
Ryan Raburn,2218,2019,38,-8.382677,0.0,0.0
Bryan Holaday,11287,2019,31,-6.2771373,0.0,0.0
Tony Cruz,2802,2019,32,-6.2499514,0.0,0.0
Kendrys Morales,8610,2019,36,-8.686777,0.0,0.0
Allen Craig,3433,2019,34,-7.894448,0.0,0.0
Gerald Laird,1698,2019,39,-8.688038,0.0,0.0
Nick Swisher,4599,2019,38,-7.7644925,0.0,0.0
A.J. Ellis,5677,2019,38,-9.279568,0.0,0.0
Jarrod Saltalamacchia,5557,2019,34,-6.399643,0.0,0.0
Michael Choice,11376,2019,29,-7.108959,0.0,0.0
Terrance Gore,13658,2020,29,14.574476,52.14279556274414,10.957420349121094
Rusney Castillo,17016,2020,32,21.164406,51.99009704589844,8.093323707580566
Gregory Polanco,12907,2020,28,14.025079,50.57864761352539,10.855074882507324
Jonathan Villar,10071,2020,29,12.589825,50.104331970214844,11.6566743850708
Mookie Betts,13611,2020,27,14.075349,49.88804626464844,10.73874282836914
Billy Hamilton,10199,2020,29,9.287861,48.736942291259766,13.54822063446045
Danny Santana,10322,2020,29,12.6673765,47.794952392578125,10.441230773925781
Cory Spangenberg,12294,2020,29,10.486698,47.764530181884766,11.208001136779785
Arismendy Alcantara,10711,2020,28,12.642714,43.33380126953125,9.598854064941406
Dee Strange-Gordon,8203,2020,32,8.618037,43.101173400878906,11.711404800415039
Starling Marte,9241,2020,31,10.097098,43.020687103271484,10.158485412597656
Leonys Martin,11846,2020,32,10.807796,42.98337173461914,9.784868240356445
Eury Perez,10299,2020,30,12.166532,42.58795928955078,9.129717826843262
James Jones,9767,2020,31,11.243022,42.4444694519043,9.291902542114258
Billy Burns,12701,2020,30,8.827341,41.5671272277832,10.174635887145996
Ben Revere,4712,2020,32,8.854973,40.851566314697266,10.080639839172363
Kolten Wong,12532,2020,29,10.374087,40.34678268432617,9.376931190490723
Jose Altuve,5417,2020,30,8.60193,39.662994384765625,9.922835350036621
Jean Segura,5933,2020,30,9.548059,38.97732162475586,9.253205299377441
Christian Yelich,11477,2020,28,9.682498,38.87831497192383,9.525456428527832
Matt den Dekker,11385,2020,32,10.970666,38.659671783447266,8.456711769104004
Jordan Schafer,9883,2020,33,8.752292,38.10981750488281,8.917146682739258
Elvis Andrus,8709,2020,31,9.31792,37.83240509033203,8.876728057861328
Everth Cabrera,8155,2020,33,7.5588074,35.5587272644043,8.462801933288574
Shawn O'Malley,9629,2020,32,9.335017,34.69636154174805,7.937467575073242
Emilio Bonifacio,4054,2020,35,7.6134787,34.657772064208984,8.153599739074707
Mike Trout,10155,2020,28,8.634844,33.91878890991211,8.768196105957031
Antoan Richardson,209,2020,36,7.820826,33.573116302490234,7.511961936950684
Carlos Gomez,4881,2020,34,6.657153,33.30808639526367,7.943760871887207
Eric Young Jr.,7158,2020,35,7.1552505,33.290584564208984,7.804770469665527
Anthony Gose,5097,2020,29,7.4634867,32.87156295776367,8.837275505065918
Alcides Escobar,6310,2020,33,7.5178986,32.817222595214844,8.064433097839355
Jose Ramirez,13510,2020,27,7.712094,32.72394943237305,8.988910675048828
Jarrod Dyson,4866,2020,35,6.686359,32.112796783447266,7.6800537109375
Jason Kipnis,9776,2020,33,7.188554,31.43938636779785,7.875026702880859
Jake Marisnick,11339,2020,29,6.9975147,31.30501365661621,8.653249740600586
Craig Gentry,9571,2020,36,6.680005,30.91944694519043,7.462775230407715
Jacoby Ellsbury,4727,2020,36,6.0218215,30.629589080810547,7.44413423538208
Leury Garcia,5913,2020,29,7.058817,30.453060150146484,8.386087417602539
Lorenzo Cain,9077,2020,34,5.5668993,29.07729148864746,7.693589687347412
Charlie Blackmon,7859,2020,33,5.9088364,28.864225387573242,7.569855213165283
Pedro Ciriaco,5278,2020,34,6.8142056,28.400775909423828,7.078605651855469
Chris Taylor,13757,2020,29,6.3592296,27.31334114074707,8.017675399780273
Jose Reyes,1736,2020,37,3.652873,26.528032302856445,7.16133975982666
A.J. Pollock,9256,2020,32,4.7672,25.667015075683594,7.486434459686279
Pedro Florimon,8385,2020,33,5.226198,25.63987159729004,7.1289801597595215
Rajai Davis,3708,2020,39,2.733582,25.480484008789062,6.722054958343506
Desmond Jennings,1965,2020,33,4.8133626,25.34250259399414,7.361457347869873
Carl Crawford,1201,2020,38,3.1092036,25.335847854614258,6.9122772216796875
Drew Stubbs,9328,2020,35,4.4266915,25.264829635620117,7.090160369873047
Brett Gardner,9927,2020,36,3.7206619,25.16949462890625,7.1519365310668945
Luis Sardinas,13153,2020,27,5.157085,24.96367073059082,8.028246879577637
Denard Span,8347,2020,36,3.1973314,24.872339248657227,7.077088356018066
Anthony Rendon,12861,2020,30,5.416429,24.31947135925293,7.360257625579834
Jimmy Paredes,5481,2020,31,5.1306868,23.893245697021484,7.16187858581543
Tony Campana,4964,2020,34,3.996442,23.632720947265625,7.127974987030029
Angel Pagan,2918,2020,38,1.8002487,23.540048599243164,6.84842586517334
Andrew McCutchen,9847,2020,33,3.7726424,22.73497200012207,6.9896416664123535
Eduardo Nunez,6848,2020,33,3.6455312,22.40919303894043,6.9550089836120605
Jason Heyward,4940,2020,30,4.3181853,22.35962677001953,7.237951278686523
James McCann,12859,2020,30,4.695038,22.16025161743164,6.889487266540527
Adam Eaton,11205,2020,31,3.944422,21.820323944091797,7.065695285797119
Brian Dozier,9810,2020,33,3.8290207,21.385541915893555,6.578291416168213
Michael Brantley,4106,2020,33,3.550036,21.277070999145508,6.5647873878479
Ian Desmond,6885,2020,34,2.227797,20.024059295654297,6.4427080154418945
Brock Holt,9345,2020,32,3.5674272,19.77420997619629,6.3233418464660645
Nyjer Morgan,4885,2020,39,2.6810155,19.72612762451172,5.821208477020264
Ezequiel Carrera,9048,2020,33,2.6163867,19.708248138427734,6.368173122406006
Coco Crisp,1572,2020,40,-0.060762648,19.59616470336914,6.213907718658447
Jimmy Rollins,971,2020,41,-0.9027977,19.28557586669922,5.924609661102295
Sam Fuld,8254,2020,38,0.41012502,18.981523513793945,6.117477893829346
Christian Colon,11145,2020,31,3.6881366,18.94188690185547,5.9811015129089355
Javier Baez,12979,2020,27,3.5820704,18.790332794189453,6.755077838897705
Alejandro De Aza,3371,2020,36,-0.64985895,18.22285270690918,6.26326847076416
Chris Getz,3388,2020,36,0.46286976,18.11930274963379,6.0316338539123535
Kristopher Negron,5306,2020,34,2.7747111,18.07066535949707,5.582403659820557
Melvin Upton Jr.,5015,2020,35,1.0322686,18.03824806213379,6.111438751220703
Dexter Fowler,4062,2020,34,1.8312813,17.656099319458008,6.040549278259277
Michael Bourn,6387,2020,37,-0.61931574,17.562917709350586,6.052377700805664
Austin Jackson,9848,2020,33,1.8648454,17.409841537475586,6.054849147796631
Juan Lagares,5384,2020,31,2.3334174,16.67189598083496,6.0247368812561035
Josh Harrison,8202,2020,32,2.069663,16.624954223632812,5.914965629577637
Ender Inciarte,4922,2020,29,2.1512125,16.164325714111328,6.115699768066406
Andrew Romine,1159,2020,34,1.2923651,16.088808059692383,5.497068405151367
Nori Aoki,13075,2020,38,-1.64991,15.873435974121094,5.379691123962402
Quintin Berry,9414,2020,35,1.0946763,15.803428649902344,5.283973693847656
Alex Hassan,9959,2020,32,7.433509,15.747639656066895,4.161791801452637
Jace Peterson,12325,2020,30,2.8115525,15.30844497680664,5.105564594268799
Jemile Weeks,2498,2020,33,1.300424,14.319151878356934,4.835970878601074
Alex Rios,2090,2020,39,-2.377692,13.757268905639648,4.904952526092529
Ian Kinsler,6195,2020,38,-1.2379802,13.061626434326172,4.786028861999512
Didi Gregorius,6012,2020,30,2.544832,12.84422492980957,4.3617424964904785
Alexei Ramirez,5133,2020,38,-1.8133572,12.806882858276367,4.665305137634277
Aaron Hicks,5297,2020,30,1.4569733,12.56359577178955,4.997448921203613
Paul Goldschmidt,9218,2020,32,0.73943233,12.182525634765625,4.789371490478516
Chris Owings,10030,2020,28,1.3290814,11.692092895507812,4.615706443786621
Alexi Amarista,9063,2020,31,1.1117492,11.286635398864746,4.130639553070068
Yasiel Puig,14225,2020,29,0.98333776,10.905933380126953,4.576420783996582
Todd Frazier,785,2020,34,-0.3928017,10.773263931274414,4.375312805175781
Jim Adduci,6448,2020,35,-0.47801524,10.386841773986816,4.197423458099365
Jordan Danks,9187,2020,33,-0.076949134,10.359122276306152,4.297631740570068
Jorge Polanco,13152,2020,26,2.5142105,10.335427284240723,3.958650588989258
Cliff Pennington,3395,2020,36,-1.0922686,9.363141059875488,3.681354284286499
Chone Figgins,1580,2020,42,-3.8373768,9.297423362731934,3.33415150642395
Gregor Blanco,3123,2020,36,-2.0599358,9.131752014160156,3.569716215133667
George Springer,12856,2020,30,0.4374554,9.065950393676758,3.7929770946502686
Erick Aybar,4082,2020,36,-1.6202502,9.048186302185059,3.717154026031494
Michael Saunders,9981,2020,33,-0.32262164,8.99541187286377,3.8993778228759766
Peter Bourjos,2578,2020,33,-0.45615083,8.731236457824707,3.5605828762054443
Zoilo Almonte,6732,2020,31,0.12071432,8.415278434753418,3.1231935024261475
Daniel Murphy,4316,2020,35,-1.3923323,8.285489082336426,3.422268867492676
Hunter Pence,8252,2020,37,-1.6994901,8.2667818069458,3.5146584510803223
Mike Aviles,5986,2020,39,-3.077537,8.16547679901123,3.2454657554626465
Bryce Brentz,10607,2020,31,1.3222957,8.114958763122559,2.828493118286133
Ichiro Suzuki,1101,2020,46,-4.9840117,7.99997091293335,2.720325469970703
Jason Bartlett,8219,2020,40,7.7134905,7.819050312042236,2.7695236206054688
Junior Lake,4672,2020,30,-0.03737526,7.771816253662109,3.4672632217407227
Brandon Guyer,2636,2020,34,-0.5892103,7.653404235839844,2.9624125957489014
Derek Dietrich,10542,2020,30,0.7983066,7.513439178466797,2.713378429412842
DJ LeMahieu,9874,2020,31,-0.62632424,7.324221611022949,3.3588643074035645
Eric Sogard,7927,2020,34,-1.1882195,7.212406158447266,3.1667087078094482
Will Venable,211,2020,37,-2.3898182,6.957009315490723,3.024984121322632
Kirk Nieuwenhuis,6400,2020,32,-0.52949405,6.9409990310668945,2.6209826469421387
Nate McLouth,3190,2020,38,-2.1794343,6.280152320861816,2.802093029022217
Jay Bruce,9892,2020,33,-1.1417582,6.203525543212891,2.69218373298645
Domingo Santana,10348,2020,27,0.8423605,6.124695301055908,2.67771577835083
Alex Gordon,5209,2020,36,-1.7732172,6.107665538787842,2.7484171390533447
Justin Upton,5222,2020,32,-0.9204899,5.81964635848999,2.6494526863098145
Hanley Ramirez,8001,2020,36,-2.7828796,5.387726783752441,2.362499713897705
Dustin Ackley,10099,2020,32,-1.0582453,5.246742248535156,2.4929192066192627
Adam Jones,6368,2020,34,-1.2640182,5.171832084655762,2.2875421047210693
Kevin Kiermaier,11038,2020,30,-0.71400917,5.08254337310791,2.571451425552368
Brad Miller,12775,2020,30,-0.5565436,5.07351541519165,2.4219818115234375
Rymer Liriano,4779,2020,29,-1.870861,4.667683124542236,2.5751280784606934
Shane Victorino,1677,2020,39,-3.4734893,4.437747955322266,1.8763234615325928
Tyler Holt,11391,2020,31,-0.98414534,4.391275405883789,2.342087507247925
Brennan Boesch,914,2020,35,-2.4147358,4.16979455947876,1.7663297653198242
JB Shuck,6677,2020,33,-1.3107485,4.150460720062256,1.7447969913482666
Daniel Robertson,6266,2020,34,-2.3825455,4.146300792694092,2.062696695327759
Tommy Medica,11147,2020,32,-1.379739,4.092907428741455,1.7743463516235352
David Lough,7215,2020,34,-1.8233192,4.071555137634277,2.1241722106933594
Carlos Peguero,8760,2020,33,-0.4319037,3.8184328079223633,1.5950038433074951
Josh Rutledge,11167,2020,31,-1.2929097,3.777708053588867,1.9717848300933838
Maicer Izturis,2437,2020,39,-3.6326563,3.7504570484161377,1.817667007446289
Christian Walker,13419,2020,29,-0.21994123,3.556563377380371,1.6555771827697754
Tomas Telis,10067,2020,29,-0.21994123,3.556563377380371,1.6555771827697754
Ryan Kalish,6962,2020,32,-1.858806,3.389331340789795,1.8596861362457275
Cameron Maybin,5223,2020,33,-2.30403,3.345724582672119,1.7113428115844727
Giancarlo Stanton,4949,2020,30,-1.9791222,3.147620916366577,1.6610002517700195
Jordany Valdespin,5098,2020,32,-1.0882258,3.0314807891845703,1.5979353189468384
Danny Espinosa,9219,2020,33,-2.134516,2.922935724258423,1.347080945968628
Bryce Harper,11579,2020,27,-1.8412998,2.7976531982421875,2.1970813274383545
Logan Watkins,4875,2020,30,-1.215544,2.744755506515503,1.2996491193771362
Eli Whiteside,3536,2020,40,-4.452455,2.558187246322632,1.2366632223129272
Efren Navarro,9854,2020,34,-2.030182,2.4839444160461426,1.6258150339126587
Chris Young,3882,2020,36,-3.0662906,2.1887762546539307,1.3720091581344604
David Wright,3787,2020,37,-4.40064,2.1803948879241943,1.3309496641159058
Gerardo Parra,8553,2020,33,-2.3563216,2.1535804271698,1.43893563747406
Brian Roberts,166,2020,42,-5.405021,1.9910542964935303,1.1818819046020508
Wil Myers,10047,2020,29,-2.3311234,1.9466886520385742,1.4506585597991943
Chris Heisey,3978,2020,35,-2.963853,1.9281251430511475,1.0623412132263184
Chase Utley,1679,2020,41,-4.140706,1.7823889255523682,1.1997538805007935
Charlie Culberson,3298,2020,31,-1.7090904,1.7698867321014404,1.243394136428833
Ryan Braun,3410,2020,36,-4.994421,1.572119116783142,1.230870246887207
Pete Kozma,2539,2020,32,-1.2658277,1.5523624420166016,0.819244384765625
Chris Dickerson,7095,2020,38,-3.9159513,1.4238321781158447,0.8546249270439148
Jake Goebbert,9431,2020,32,-1.9696424,1.4109619855880737,1.0660139322280884
Ben Zobrist,7435,2020,39,-4.6543255,1.0537126064300537,0.999038815498352
Jackie Bradley Jr.,12984,2020,30,-2.537924,1.025819182395935,0.8185134530067444
Jake Lamb,13329,2020,29,-1.942116,1.022194266319275,1.2470948696136475
Garin Cecchini,11608,2020,29,-1.2838005,0.8448986411094666,0.8048338890075684
Curtis Granderson,4747,2020,39,-4.063887,0.7072420716285706,0.9098987579345703
Colby Rasmus,9893,2020,33,-2.2516308,0.605921745300293,0.49756982922554016
Jorge Soler,14221,2020,28,-2.5371041,0.41733989119529724,0.8968424797058105
Adam Duvall,10950,2020,31,-1.5354546,0.35960355401039124,0.4372236430644989
Abraham Almonte,5486,2020,31,-4.4397855,0.3329832851886749,0.8324162364006042
David Peralta,2136,2020,32,-2.8515651,0.3116472661495209,0.7229540944099426
Dalton Pompey,12797,2020,27,-3.0456417,0.3007632791996002,1.1069402694702148
Enrique Hernandez,10472,2020,28,-1.5346602,0.29869940876960754,0.7803153991699219
Phil Gosselin,10953,2020,31,-2.440503,0.15707728266716003,0.8097452521324158
Rougned Odor,12282,2020,26,-2.2791946,0.15635275840759277,1.6235737800598145
Jayson Werth,1327,2020,41,-4.6873884,0.03984014689922333,0.5831032395362854
Buster Posey,9166,2020,33,-8.4587555,0.0,0.0
Jonathan Lucroy,7870,2020,34,-7.5028853,0.0,0.0
Jose Bautista,1887,2020,39,-7.397444,0.0,0.0
Russell Martin,4616,2020,37,-7.152029,0.0,0.0
Adrian Beltre,639,2020,41,-8.929396,0.0,0.0
Josh Donaldson,5038,2020,34,-6.304192,0.0,0.0
Robinson Cano,3269,2020,37,-6.46981,0.0,0.0
Jose Abreu,15676,2020,33,-8.003532,0.0,0.0
Anthony Rizzo,3473,2020,30,-5.698884,0.0,0.0
Miguel Cabrera,1744,2020,37,-8.87356,0.0,0.0
Kyle Seager,9785,2020,32,-5.3365846,0.0,0.0
Troy Tulowitzki,3531,2020,35,-7.2272344,0.0,0.0
Yan Gomes,9627,2020,32,-7.448129,0.0,0.0
Rene Rivera,3648,2020,36,-9.010299,0.0,0.0
Victor Martinez,393,2020,41,-8.969574,0.0,0.0
Jhonny Peralta,1738,2020,38,-8.378919,0.0,0.0
Howie Kendrick,4229,2020,36,-4.8533025,0.0,0.3998807668685913
Steve Pearce,9957,2020,37,-5.0088053,0.0,0.0
Freddie Freeman,5361,2020,30,-6.402921,0.0,0.0
Marcell Ozuna,10324,2020,29,-3.44106,0.0,0.0
Neil Walker,7539,2020,34,-6.513922,0.0,0.0
Mike Zunino,13265,2020,29,-6.366097,0.0,0.0
Devin Mesoraco,5666,2020,32,-7.549415,0.0,0.0
Nelson Cruz,2434,2020,39,-8.302003,0.0,0.0
J.D. Martinez,6184,2020,32,-6.0777764,0.0,0.0
Dustin Pedroia,8370,2020,36,-4.9140477,0.0,0.0
Edwin Encarnacion,2151,2020,37,-7.0112863,0.0,0.0
Adrian Gonzalez,1908,2020,38,-9.075823,0.0,0.0
Evan Longoria,9368,2020,34,-6.1400824,0.0,0.0
Yoenis Cespedes,13110,2020,34,-3.0954337,0.0,0.4436924159526825
Justin Turner,5235,2020,35,-6.4992094,0.0,0.0
Juan Uribe,454,2020,41,-8.865889,0.0,0.0
Kole Calhoun,11200,2020,32,-2.93039,0.0,0.23848438262939453
Trevor Plouffe,7462,2020,34,-7.811727,0.0,0.0
Matt Carpenter,8090,2020,34,-5.1661873,0.0,0.0
Chase Headley,4720,2020,36,-6.5257187,0.0,0.0
Pablo Sandoval,5409,2020,33,-8.618109,0.0,0.0
Miguel Montero,3364,2020,36,-8.661721,0.0,0.0
Matt Holliday,1873,2020,40,-8.242858,0.0,0.0
Starlin Castro,4579,2020,30,-5.573734,0.0,0.0
Luis Valbuena,4969,2020,34,-6.988339,0.0,0.0
Yadier Molina,7007,2020,37,-8.738207,0.0,0.0
Brian McCann,4810,2020,36,-9.062168,0.0,0.0
Lucas Duda,2502,2020,34,-6.9894094,0.0,0.0
Melky Cabrera,4022,2020,35,-7.0748715,0.0,0.0
Travis d'Arnaud,7739,2020,31,-8.093566,0.0,0.0
Tyler Flowers,9134,2020,34,-8.497691,0.0,0.0
J.J. Hardy,3797,2020,37,-9.194824,0.0,0.0
Corey Dickerson,10762,2020,31,-3.236682,0.0,0.5428743362426758
Scott Van Slyke,4365,2020,33,-6.80617,0.0,0.0
Yasmani Grandal,11368,2020,31,-7.422693,0.0,0.0
Hank Conger,2505,2020,32,-7.882651,0.0,0.0
Seth Smith,7331,2020,37,-8.320948,0.0,0.0
Albert Pujols,1177,2020,40,-8.860462,0.0,0.0
Brandon Moss,4467,2020,36,-7.135429,0.0,0.0
Brandon Crawford,5343,2020,33,-5.2253246,0.0,0.0
Nolan Arenado,9777,2020,29,-6.8544526,0.0,0.0
Evan Gattis,11003,2020,33,-8.626248,0.0,0.0
Eduardo Escobar,6153,2020,31,-4.0680275,0.0,0.0
Matt Kemp,5631,2020,35,-5.6456833,0.0,0.0
David Freese,9549,2020,37,-8.355907,0.0,0.0
Chris Coghlan,6878,2020,35,-4.116659,0.0,0.0
Justin Morneau,1737,2020,39,-9.071439,0.0,0.0
Carlos Santana,2396,2020,34,-7.314401,0.0,0.0
Manny Machado,11493,2020,27,-6.129325,0.0,0.0
Nick Markakis,5930,2020,36,-7.9005136,0.0,0.0
Daniel Nava,5450,2020,37,-5.6019454,0.0,0.0
David Ortiz,745,2020,44,-10.161641,0.0,0.0
Derek Norris,6867,2020,31,-5.490106,0.0,0.0
Marlon Byrd,950,2020,42,-7.947115,0.0,0.0
Mike Napoli,3057,2020,38,-8.435226,0.0,0.0
Josh Reddick,3892,2020,33,-2.3076239,0.0,0.4530496299266815
Jason Castro,8722,2020,33,-6.2553043,0.0,0.0
Christian Vazquez,9774,2020,29,-7.837039,0.0,0.0
Adam LaRoche,1904,2020,40,-9.199035,0.0,0.0
Chris Iannetta,8267,2020,37,-7.6639233,0.0,0.0
Jordy Mercer,6547,2020,33,-7.0458813,0.0,0.0
Francisco Cervelli,5275,2020,34,-8.002399,0.0,0.0
Chris Carter,9911,2020,33,-6.741132,0.0,0.0
Casey McGehee,6086,2020,37,-8.390022,0.0,0.0
Asdrubal Cabrera,4962,2020,34,-4.0608582,0.0,0.0
Matt Adams,9393,2020,31,-6.8254366,0.0,0.0
Carlos Ruiz,2579,2020,41,-7.956098,0.0,0.0
Salvador Perez,7304,2020,30,-7.737905,0.0,0.0
Caleb Joseph,7087,2020,34,-8.5218725,0.0,0.0
Adam Lind,8027,2020,36,-8.543397,0.0,0.0
Aramis Ramirez,1002,2020,42,-9.294192,0.0,0.0
Scooter Gennett,10339,2020,30,-5.5615396,0.0,0.0
Conor Gillaspie,9009,2020,32,-6.031442,0.0,0.0
Jon Jay,5227,2020,35,-5.691911,0.0,0.0
Joe Mauer,1857,2020,37,-5.89293,0.0,0.0
Yangervis Solarte,5352,2020,32,-8.177239,0.0,0.0
Jed Lowrie,4418,2020,36,-8.821481,0.0,0.0
Andrelton Simmons,10847,2020,30,-6.025035,0.0,0.0
Michael Cuddyer,1534,2020,41,-6.3919463,0.0,0.0
Michael Morse,3035,2020,38,-9.375622,0.0,0.0
Travis Snider,2830,2020,32,-5.894466,0.0,0.0
Lonnie Chisenhall,7571,2020,31,-6.0523725,0.0,0.0
Brett Lawrie,5247,2020,30,-2.4917743,0.0,0.13259857892990112
Stephen Vogt,5000,2020,35,-5.5961494,0.0,0.0
Martin Prado,3312,2020,36,-7.773184,0.0,0.0
Matt Joyce,3353,2020,35,-4.9397345,0.0,0.0
Chris Stewart,3878,2020,38,-8.172506,0.0,0.0
Ruben Tejada,5519,2020,30,-6.6837764,0.0,0.0
Ryan Hanigan,4952,2020,39,-9.089214,0.0,0.0
Khris Davis,9112,2020,32,-7.15514,0.0,0.0
Josh Willingham,2103,2020,41,-7.5252323,0.0,0.0
Collin Cowgill,7250,2020,34,-3.5500586,0.0,0.0
Brandon Phillips,791,2020,39,-7.867038,0.0,0.0
Rickie Weeks Jr.,1849,2020,37,-6.3405323,0.0,0.0
Madison Bumgarner,5524,2020,30,-6.6918316,0.0,0.0
Marwin Gonzalez,5497,2020,31,-5.135603,0.0,0.0
Joe Panik,11936,2020,29,-2.5902748,0.0,0.0
Martin Maldonado,6887,2020,33,-7.9556737,0.0,0.0
Robinson Chirinos,3142,2020,36,-8.57572,0.0,0.0
Alex Avila,7476,2020,33,-8.062559,0.0,0.0
Zack Cozart,2616,2020,34,-3.5046062,0.0,0.0
Ryan Zimmerman,4220,2020,35,-7.703929,0.0,0.0
Juan Francisco,6978,2020,33,-7.3070493,0.0,0.0
Carlos Corporan,5587,2020,36,-8.778912,0.0,0.0
Wilmer Flores,5827,2020,28,-5.108745,0.0,0.0
Torii Hunter,731,2020,44,-8.028296,0.0,0.0
Josh Hamilton,1875,2020,39,-7.090991,0.0,0.0
Darwin Barney,2430,2020,34,-4.774838,0.0,0.0
David Ross,1551,2020,43,-8.144434,0.0,0.0
Wilson Ramos,1433,2020,32,-8.115857,0.0,0.0
Andre Ethier,6265,2020,38,-7.5872245,0.0,0.0
Mark Reynolds,7619,2020,36,-6.514036,0.0,0.0
Jake Smolinski,5408,2020,31,-4.91596,0.0,0.0
Delmon Young,2140,2020,34,-7.5447464,0.0,0.0
Oswaldo Arcia,10306,2020,29,-5.6326947,0.0,0.0
James Loney,4556,2020,36,-8.615029,0.0,0.0
Adam Rosales,9682,2020,37,-4.4412603,0.0,0.2635129988193512
Chris Davis,9272,2020,34,-5.797709,0.0,0.0
Travis Wood,9884,2020,33,-6.914339,0.0,0.0
Eugenio Suarez,12552,2020,28,-3.1745002,0.0,0.6328034400939941
Michael McKenry,9628,2020,35,-7.3959465,0.0,0.0
Joey Votto,4314,2020,36,-8.325613,0.0,0.0
Andrew Susac,13132,2020,30,-2.021629,0.0,0.05715007707476616
Brandon Belt,10264,2020,32,-6.2964435,0.0,0.0
Logan Morrison,9205,2020,32,-6.6782017,0.0,0.0
Donovan Solano,8623,2020,32,-6.8996687,0.0,0.0
Zack Greinke,1943,2020,36,-7.196959,0.0,0.0
Jose Molina,25,2020,45,-9.122433,0.0,0.0
Mark Teixeira,1281,2020,40,-8.937897,0.0,0.0
Ramon Santiago,1417,2020,40,-7.920101,0.0,0.0
Ryan Flaherty,7888,2020,33,-3.7169962,0.0,0.0
Drew Butera,3411,2020,36,-8.489886,0.0,0.0
Kevin Kouzmanoff,5995,2020,38,-8.606864,0.0,0.0
Matt Wieters,4298,2020,34,-7.7489166,0.0,0.0
John Jaso,5887,2020,36,-6.9115453,0.0,0.0
Ike Davis,8433,2020,33,-7.5859423,0.0,0.0
Cody Asche,11997,2020,30,-6.44741,0.0,0.0
Roberto Perez,2900,2020,31,-8.224003,0.0,0.0
Robbie Grossman,5254,2020,30,-4.193546,0.0,0.6644809246063232
Kelly Johnson,2234,2020,38,-6.24557,0.0,0.0
Erik Kratz,4403,2020,40,-9.200941,0.0,0.0
Kyle Blanks,49,2020,33,-7.5222287,0.0,0.0
Rafael Ynoa,2832,2020,32,-8.356759,0.0,0.0
Kennys Vargas,12101,2020,29,-4.7967057,0.0,0.0
Justin Ruggiano,7620,2020,38,-4.651107,0.0,0.6971427798271179
David DeJesus,1825,2020,40,-7.3462634,0.0,0.0
John Mayberry,3390,2020,36,-7.426383,0.0,0.0
Gregorio Petit,3812,2020,35,-6.2092824,0.0,0.0
Travis Ishikawa,4793,2020,36,-7.1247487,0.0,0.0
John Ryan Murphy,10346,2020,29,-2.7885625,0.0,0.0
Yonder Alonso,2530,2020,33,-4.314093,0.0,0.0
Marcus Semien,12533,2020,29,-4.024962,0.0,0.027495449408888817
Danny Valencia,6364,2020,35,-8.158189,0.0,0.0
Adeiny Hechavarria,10459,2020,31,-4.641516,0.0,0.0
Omar Infante,1609,2020,38,-4.7160916,0.0,0.18179818987846375
Jose Lobaton,4243,2020,35,-8.584085,0.0,0.0
Mike Leake,10130,2020,32,-7.054667,0.0,0.0
Shelby Miller,10197,2020,29,-6.1756644,0.0,0.0
Clayton Kershaw,2036,2020,32,-5.6808963,0.0,0.0
Ben Paulsen,9741,2020,32,-8.548954,0.0,0.0
Eric Chavez,906,2020,42,-8.069433,0.0,0.0
Adam Dunn,319,2020,40,-9.1876335,0.0,0.0
Ryan Rua,12409,2020,30,-6.1003566,0.0,0.0
Wilin Rosario,8002,2020,31,-7.666212,0.0,0.0
Shin-Soo Choo,3174,2020,37,-4.177607,0.0,0.3777717053890228
Nick Castellanos,11737,2020,28,-6.6068497,0.0,0.0
Kevin Pillar,12434,2020,31,-2.8234622,0.0,0.017725346609950066
Eric Campbell,6938,2020,33,-6.548047,0.0,0.0
Yunel Escobar,4191,2020,37,-8.524157,0.0,0.0
Chris Johnson,1191,2020,35,-8.079195,0.0,0.0
Ryan Sweeney,6352,2020,35,-7.4529834,0.0,0.0
Chris Gimenez,7324,2020,37,-7.4701843,0.0,0.0
Mike Moustakas,4892,2020,31,-7.4266567,0.0,0.0
Munenori Kawasaki,13047,2020,39,-6.960224,0.0,0.0
Wil Nieves,1556,2020,42,-9.112519,0.0,0.0
Brandon Hicks,4003,2020,34,-6.6717963,0.0,0.0
Jonathan Schoop,11265,2020,28,-5.4082623,0.0,0.0
Jacob deGrom,10954,2020,32,-7.09164,0.0,0.0
Adam Wainwright,2233,2020,38,-8.318059,0.0,0.0
Nick Evans,7595,2020,34,-7.587148,0.0,0.0
Jhoulys Chacin,2608,2020,32,-7.0154524,0.0,0.0
Garrett Jones,2714,2020,39,-9.152879,0.0,0.0
Pedro Alvarez,2495,2020,33,-5.563797,0.0,0.0
Darin Ruf,9929,2020,33,-8.386993,0.0,0.0
Welington Castillo,3256,2020,33,-8.522456,0.0,0.0
Randal Grichuk,10243,2020,28,-6.14739,0.0,0.0
Jonny Gomes,1845,2020,39,-7.1849995,0.0,0.0
Ramiro Pena,8841,2020,34,-5.61378,0.0,0.0
Clint Barmes,1830,2020,41,-8.1523,0.0,0.0
Jordan Lyles,7593,2020,29,-6.1756644,0.0,0.0
Jake Arrieta,4153,2020,34,-7.4918857,0.0,0.0
Cole Hamels,4972,2020,36,-7.969256,0.0,0.0
Gerrit Cole,13125,2020,29,-6.2189813,0.0,0.0
Dan Haren,1757,2020,39,-8.485386,0.0,0.0
Tyson Ross,7872,2020,33,-7.2593627,0.0,0.0
Carlos Rivero,1136,2020,32,-7.09164,0.0,0.0
Jose Pirela,5485,2020,30,-6.553756,0.0,0.0
George Kottaras,5506,2020,37,-6.875838,0.0,0.0
Gary Brown,11464,2020,31,-2.0544298,0.0,0.0
Max Stassi,10059,2020,29,-6.879644,0.0,0.0
Marco Gonzales,15467,2020,28,-5.912376,0.0,0.0
Matt McBride,9373,2020,35,-6.005722,0.0,0.0
Andres Blanco,1907,2020,36,-9.04123,0.0,0.0
Scott Sizemore,2881,2020,35,-3.944223,0.0,0.0
Justin Bour,9744,2020,32,-8.361462,0.0,0.0
Dilson Herrera,14335,2020,26,-7.1901464,0.0,0.0
Sean Rodriguez,6589,2020,35,-6.3647184,0.0,0.0
Tommy La Stella,12371,2020,31,-7.523908,0.0,0.0
Derek Jeter,826,2020,46,-7.961841,0.0,0.0
Joe Kelly,9761,2020,32,-3.595459,0.0,0.0
Nick Punto,1429,2020,42,-7.482505,0.0,0.0
Josh Wilson,2102,2020,39,-8.053088,0.0,0.0
Jaime Garcia,8137,2020,33,-7.2593627,0.0,0.0
Jeff Mathis,3448,2020,37,-8.536078,0.0,0.0
Cliff Lee,1636,2020,41,-8.109551,0.0,0.0
Jacob Turner,10185,2020,29,-6.1756644,0.0,0.0
Josh Beckett,510,2020,40,-8.634468,0.0,0.0
Mike Minor,10021,2020,32,-7.0154524,0.0,0.0
Jordan Zimmermann,4505,2020,34,-7.534136,0.0,0.0
Henderson Alvarez,5669,2020,30,-6.4779058,0.0,0.0
Ian Kennedy,6986,2020,35,-7.7550497,0.0,0.0
Buddy Carlyle,2010,2020,42,-8.88596,0.0,0.0
Brian Schlitter,3599,2020,34,-7.425911,0.0,0.0
Jeanmar Gomez,9033,2020,32,-7.0154524,0.0,0.0
Gus Schlosser,12321,2020,31,-6.8332925,0.0,0.0
Jeurys Familia,5114,2020,30,-6.4779058,0.0,0.0
Zach McAllister,2895,2020,32,-7.0154524,0.0,0.0
Clay Buchholz,3543,2020,35,-7.7142,0.0,0.0
Pedro Villarreal,9904,2020,32,-7.0154524,0.0,0.0
Drew Hutchison,10732,2020,29,-6.1931143,0.0,0.0
Robbie Ray,11486,2020,28,-5.912376,0.0,0.0
Nick Tepesch,11716,2020,31,-6.7978063,0.0,0.0
Brad Penny,535,2020,42,-8.904583,0.0,0.0
Colby Lewis,1259,2020,40,-8.6246605,0.0,0.0
Seth Maness,12235,2020,31,-6.7978063,0.0,0.0
Donn Roach,10620,2020,30,-6.553756,0.0,0.0
Doug Bernier,4518,2020,40,-7.074462,0.0,0.0
Brandon Barnes,629,2020,34,-4.9837604,0.0,0.0
Nolan Reimold,3441,2020,36,-5.018089,0.0,0.0
James Shields,7059,2020,38,-8.318059,0.0,0.0
Craig Stammen,7274,2020,36,-7.9280334,0.0,0.0
Chris Parmelee,2554,2020,32,-7.5923123,0.0,0.0
Endy Chavez,768,2020,42,-7.1892424,0.0,0.0
Tyler Moore,7244,2020,33,-7.3784394,0.0,0.0
Steve Tolleson,4450,2020,36,-8.054729,0.0,0.0
Justin Verlander,8700,2020,37,-8.130213,0.0,0.0
Daniel Corcino,9266,2020,29,-6.248338,0.0,0.0
Bud Norris,9492,2020,35,-7.7142,0.0,0.0
Tony Sanchez,6178,2020,32,-8.279742,0.0,0.0
Xander Bogaerts,12161,2020,27,-3.481422,0.0,0.3579908013343811
Tyler Colvin,5310,2020,34,-6.306879,0.0,0.0
Willie Bloomquist,1066,2020,42,-6.9552417,0.0,0.0
Kevin Correia,1767,2020,39,-8.450589,0.0,0.0
Matt Duffy,13836,2020,29,-4.0413146,0.0,0.0
Johnny Giavotella,6740,2020,32,-1.310302,0.0,0.0
Ed Lucas,7532,2020,38,-7.017568,0.0,0.0
Hector Sanchez,10289,2020,30,-5.780211,0.0,0.0
Wandy Rodriguez,2586,2020,41,-8.768703,0.0,0.0
Carlos Martinez,11682,2020,28,-5.88522,0.0,0.0
Alex Cobb,6562,2020,32,-7.0154524,0.0,0.0
Miguel Rojas,7802,2020,31,-7.4471874,0.0,0.0
Jesus Sucre,5942,2020,32,-4.5283694,0.0,0.0
Bronson Arroyo,978,2020,43,-9.009278,0.0,0.0
Tyler Matzek,10058,2020,29,-6.248338,0.0,0.0
Daisuke Matsuzaka,7775,2020,39,-8.485386,0.0,0.0
Jeff Samardzija,3254,2020,35,-7.7142,0.0,0.0
Edwin Jackson,1841,2020,36,-7.964379,0.0,0.0
Matt Cain,4732,2020,35,-7.7521753,0.0,0.0
Jarred Cosart,10304,2020,30,-6.5213733,0.0,0.0
Wade Miley,8779,2020,33,-7.2593627,0.0,0.0
Hyun-Jin Ryu,14444,2020,33,-7.2961254,0.0,0.0
Kyle Hendricks,12049,2020,30,-6.553756,0.0,0.0
A.J. Burnett,512,2020,43,-9.009278,0.0,0.0
David Buchanan,11176,2020,31,-6.8332925,0.0,0.0
Stephen Strasburg,10131,2020,31,-6.8040905,0.0,0.0
Jon Niese,4424,2020,33,-7.306183,0.0,0.0
Francisco Pena,8298,2020,30,-6.553756,0.0,0.0
Antonio Bastardo,8844,2020,34,-7.4918857,0.0,0.0
J.J. Hoover,9037,2020,32,-7.0154524,0.0,0.0
Audry Perez,9176,2020,31,-6.7978063,0.0,0.0
Andrew Chafin,12988,2020,30,-6.553756,0.0,0.0
Joey Terdoslavich,10593,2020,31,-8.141652,0.0,0.0
Steven Moya,11854,2020,28,-5.912376,0.0,0.0
Jackson Williams,8524,2020,34,-8.7913475,0.0,0.0
Clint Robinson,6908,2020,35,-8.513627,0.0,0.0
Josh Phegley,9308,2020,32,-7.781201,0.0,0.0
Nate Freiman,6582,2020,33,-8.639944,0.0,0.0
Gaby Sanchez,3361,2020,36,-7.774126,0.0,0.0
Jason Lane,1397,2020,43,-8.864252,0.0,0.0
Tony Watson,3132,2020,35,-7.7142,0.0,0.0
David Huff,4257,2020,35,-7.7142,0.0,0.0
John Danks,6329,2020,35,-7.7142,0.0,0.0
Taylor Hill,12515,2020,31,-6.8332925,0.0,0.0
Tyler Collins,12723,2020,30,-7.1517615,0.0,0.0
Michael Taylor,2591,2020,34,-7.499474,0.0,0.0
Jesus Montero,5514,2020,30,-7.5581875,0.0,0.0
Nick Hundley,3376,2020,36,-8.311974,0.0,0.0
Matt Szczur,11255,2020,30,-2.8613546,0.0,0.0
Steve Lombardozzi,5422,2020,31,-6.8558707,0.0,0.0
Andrew Lambo,5386,2020,31,-7.6361074,0.0,0.0
Cole Figueroa,8790,2020,33,-4.223624,0.0,0.0
Chris Denorfia,4400,2020,39,-5.0227313,0.0,0.37638646364212036
Anibal Sanchez,3284,2020,36,-7.9280334,0.0,0.0
Zeke Spruill,3873,2020,30,-6.5213733,0.0,0.0
Samuel Deduno,5285,2020,36,-7.9280334,0.0,0.0
Yu Darvish,13074,2020,33,-7.2593627,0.0,0.0
Jonathan Herrera,4182,2020,35,-5.8984866,0.0,0.0
Ehire Adrianza,8418,2020,30,-6.4975033,0.0,0.0
Greg Garcia,10951,2020,30,-2.8191628,0.0,0.0
Hernan Perez,5751,2020,29,-5.6362634,0.0,0.0
Tyler Thornburg,10688,2020,31,-6.756428,0.0,0.0
Robbie Ross Jr.,6819,2020,31,-6.756428,0.0,0.0
Dan Straily,9460,2020,31,-6.756428,0.0,0.0
Nick Tropeano,12385,2020,29,-6.248338,0.0,0.0
Hector Santiago,4026,2020,32,-7.0154524,0.0,0.0
Bobby Wilson,6564,2020,37,-8.22799,0.0,0.0
Kyle Gibson,10123,2020,32,-7.0545726,0.0,0.0
Dallas Beeler,11471,2020,31,-6.8332925,0.0,0.0
Yordano Ventura,11855,2020,29,-6.2189813,0.0,0.0
Andy Parrino,3972,2020,34,-7.8377695,0.0,0.0
Joc Pederson,11899,2020,28,-5.1103396,0.0,0.0
Tucker Barnhart,10200,2020,29,-2.8991277,0.0,0.0
Nick Franklin,10166,2020,29,-3.3760624,0.0,0.5664842128753662
Jonathan Diaz,4142,2020,35,-3.4055204,0.0,0.0
Brett Anderson,8223,2020,32,-7.0154524,0.0,0.0
Corey Kluber,2429,2020,34,-7.4918857,0.0,0.0
Christian Friedrich,7942,2020,32,-7.0202956,0.0,0.0
Chase Whitley,10982,2020,31,-6.8332925,0.0,0.0
Felix Doubront,1478,2020,32,-7.0154524,0.0,0.0
Justin Masterson,2038,2020,35,-7.7142,0.0,0.0
Ross Detwiler,2859,2020,34,-7.4918857,0.0,0.0
C.J. Wilson,3580,2020,39,-8.485386,0.0,0.0
Jerome Williams,1137,2020,38,-8.318059,0.0,0.0
Jimmy Nelson,10547,2020,31,-6.7978063,0.0,0.0
Homer Bailey,8362,2020,34,-7.4918857,0.0,0.0
Josh Collmenter,7312,2020,34,-7.4918857,0.0,0.0
Ryan Vogelsong,1011,2020,42,-8.891534,0.0,0.0
Kyle Kendrick,6230,2020,35,-7.7142,0.0,0.0
Jason Hammel,4538,2020,37,-8.130213,0.0,0.0
Randy Wolf,976,2020,43,-8.845237,0.0,0.0
Tim Stauffer,6432,2020,38,-8.318059,0.0,0.0
Tony Cingrani,12555,2020,30,-5.9794564,0.0,0.0
Brandon Cumpton,11366,2020,31,-6.7978063,0.0,0.0
Anthony DeSclafani,13050,2020,30,-6.553756,0.0,0.0
Robbie Erlin,10354,2020,29,-6.2189813,0.0,0.0
John Lackey,1507,2020,41,-8.750113,0.0,0.0
Marco Estrada,1118,2020,36,-7.9280334,0.0,0.0
Jeff Kobernus,9591,2020,32,-5.798427,0.0,0.0
Dallas Keuchel,9434,2020,32,-7.0154524,0.0,0.0
Taylor Jordan,10466,2020,31,-6.7978063,0.0,0.0
Jose Fernandez,11530,2020,27,-5.520423,0.0,0.0
Andrew Heaney,15423,2020,29,-6.248338,0.0,0.0
Blake Treinen,12572,2020,32,-7.09164,0.0,0.0
Tyler Lyons,11334,2020,32,-7.0545726,0.0,0.0
Randall Delgado,5985,2020,30,-6.4779058,0.0,0.0
Masahiro Tanaka,15764,2020,31,-6.8332925,0.0,0.0
Jake Odorizzi,6397,2020,30,-6.4779058,0.0,0.0
Hisashi Iwakuma,13048,2020,39,-8.485386,0.0,0.0
Paul Maholm,8678,2020,38,-8.318059,0.0,0.0
Jeremy Guthrie,2072,2020,41,-8.768703,0.0,0.0
Neftali Feliz,18,2020,32,-7.0154524,0.0,0.0
Xavier Cedeno,36,2020,33,-7.2593627,0.0,0.0
Erik Bedard,126,2020,41,-8.768703,0.0,0.0
Mark Buehrle,225,2020,41,-8.768703,0.0,0.0
Daniel McCutchen,263,2020,37,-8.097351,0.0,0.0
Kyle Farnsworth,278,2020,44,-9.126251,0.0,0.0
Blake Beavan,338,2020,31,-6.756428,0.0,0.0
CC Sabathia,404,2020,39,-8.485386,0.0,0.0
Fernando Rodney,494,2020,43,-9.009278,0.0,0.0
Jason Grilli,521,2020,43,-9.009278,0.0,0.0
Hector Ambriz,559,2020,36,-7.9280334,0.0,0.0
Jeremy Affeldt,583,2020,41,-8.768703,0.0,0.0
Grant Balfour,718,2020,42,-8.891534,0.0,0.0
LaTroy Hawkins,729,2020,47,-9.509524,0.0,0.0
Bruce Chen,769,2020,43,-9.009278,0.0,0.0
Scott Downs,773,2020,44,-9.126251,0.0,0.0
Randy Choate,813,2020,44,-9.126251,0.0,0.0
Kris Johnson,886,2020,35,-7.7513433,0.0,0.0
Scott Carroll,888,2020,35,-7.7920847,0.0,0.0
Joe Beimel,979,2020,43,-9.047116,0.0,0.0
Aaron Thompson,999,2020,33,-7.228461,0.0,0.0
Rafael Soriano,1100,2020,40,-8.634468,0.0,0.0
Joe Nathan,1122,2020,45,-9.248073,0.0,0.0
Tommy Hunter,1157,2020,33,-7.2593627,0.0,0.0
Adam Ottavino,1247,2020,34,-7.4918857,0.0,0.0
Pedro Beato,1330,2020,33,-7.2593627,0.0,0.0
Curtis Partch,1333,2020,33,-7.2961254,0.0,0.0
Blake Wood,1345,2020,34,-7.4563355,0.0,0.0
Evan Reed,1349,2020,34,-7.5275455,0.0,0.0
Nick Hagadone,1351,2020,34,-7.4918857,0.0,0.0
Charlie Furbush,1370,2020,34,-7.4918857,0.0,0.0
Joaquin Benoit,1437,2020,42,-8.891534,0.0,0.0
Jon Edwards,1483,2020,32,-7.09164,0.0,0.0
Oliver Perez,1514,2020,38,-8.318059,0.0,0.0
Sean Doolittle,1581,2020,33,-7.2593627,0.0,0.0
Francisco Rodriguez,1642,2020,38,-8.318059,0.0,0.0
Javier Lopez,1663,2020,42,-8.891534,0.0,0.0
Chris Capuano,1701,2020,41,-8.768703,0.0,0.0
Jose Valverde,1726,2020,42,-8.891534,0.0,0.0
Kevin Gregg,1793,2020,42,-8.891534,0.0,0.0
J.J. Putz,1795,2020,43,-9.009278,0.0,0.0
Neal Cotts,1797,2020,40,-8.555361,0.0,0.0
Humberto Quintero,1824,2020,40,-8.954596,0.0,0.0
Matt Belisle,1837,2020,40,-8.634468,0.0,0.0
Shawn Camp,1855,2020,44,-9.126251,0.0,0.0
Sean Burnett,1886,2020,37,-8.130213,0.0,0.0
Matt Moore,1890,2020,31,-6.756428,0.0,0.0
Jason Frasor,1906,2020,42,-8.891534,0.0,0.0
Matt Thornton,1918,2020,43,-9.009278,0.0,0.0
Frank Francisco,1933,2020,40,-8.634468,0.0,0.0
Mike Adams,1937,2020,41,-8.768703,0.0,0.0
Justin Germano,1938,2020,37,-8.130213,0.0,0.0
Raul Valdes,1953,2020,42,-8.891534,0.0,0.0
Ivan Nova,1994,2020,33,-7.2593627,0.0,0.0
Matt Guerrier,2061,2020,41,-8.768703,0.0,0.0
Jose Veras,2063,2020,39,-8.485386,0.0,0.0
Heath Bell,2080,2020,42,-8.891534,0.0,0.0
Chad Qualls,2170,2020,41,-8.768703,0.0,0.0
Ronald Belisario,2203,2020,37,-8.130213,0.0,0.0
Blaine Boyer,2237,2020,38,-8.258373,0.0,0.0
Brandon Gomes,2267,2020,35,-7.7142,0.0,0.0
Joel Peralta,2332,2020,44,-9.126251,0.0,0.0
Anthony Varvaro,2385,2020,35,-7.7142,0.0,0.0
Hector Rondon,2391,2020,32,-7.0545726,0.0,0.0
Cory Rasmus,2413,2020,32,-7.0545726,0.0,0.0
Eric Surkamp,2540,2020,32,-6.9853,0.0,0.0
Joe Paterson,2565,2020,34,-7.4918857,0.0,0.0
Scott Atchison,2642,2020,44,-9.126251,0.0,0.0
Brian Matusz,2646,2020,33,-7.2593627,0.0,0.0
Corey Brown,2650,2020,34,-6.9038477,0.0,0.0
Brett Cecil,2660,2020,33,-7.2593627,0.0,0.0
Joba Chamberlain,2692,2020,34,-7.4918857,0.0,0.0
Scott Rice,2743,2020,38,-8.341093,0.0,0.0
Carlos Marmol,2790,2020,37,-8.130213,0.0,0.0
Joe Savery,2835,2020,34,-7.4918857,0.0,0.0
Drake Britton,2868,2020,31,-6.7978063,0.0,0.0
Santiago Casilla,2873,2020,39,-8.485386,0.0,0.0
Luis Avilan,2882,2020,30,-6.4779058,0.0,0.0
Juan Oviedo,2886,2020,38,-8.258373,0.0,0.0
Tommy Pham,2967,2020,32,-7.09164,0.0,0.0
Bruce Billings,3044,2020,34,-7.4557953,0.0,0.0
Kenley Jansen,3096,2020,32,-7.0154524,0.0,0.0
Max Scherzer,3137,2020,35,-7.7142,0.0,0.0
Tim Collins,3164,2020,30,-6.4779058,0.0,0.0
David Price,3184,2020,34,-7.4918857,0.0,0.0
Will Harris,3192,2020,35,-7.7142,0.0,0.0
Chris Young,3196,2020,41,-8.770251,0.0,0.0
Josh Stinson,3219,2020,32,-7.0154524,0.0,0.0
Jean Machi,3220,2020,38,-8.318059,0.0,0.0
T.J. McFarland,3237,2020,31,-6.7978063,0.0,0.0
Zack Britton,3240,2020,32,-7.0154524,0.0,0.0
Ryan Rowland-Smith,3245,2020,37,-8.034377,0.0,0.0
Juan Gutierrez,3265,2020,36,-7.891091,0.0,0.0
Jordan Walden,3271,2020,32,-7.0154524,0.0,0.0
Joe Smith,3281,2020,36,-7.9280334,0.0,0.0
Nate Adcock,3282,2020,32,-6.9747114,0.0,0.0
Hiroki Kuroda,3283,2020,45,-9.248073,0.0,0.0
Hector Noesi,3292,2020,33,-7.2593627,0.0,0.0
Chris Hatcher,3299,2020,35,-7.7142,0.0,0.0
Darren O'Day,3321,2020,37,-8.130213,0.0,0.0
Cesar Ramos,3357,2020,36,-7.9280334,0.0,0.0
Ubaldo Jimenez,3374,2020,36,-7.9280334,0.0,0.0
Jumbo Diaz,3397,2020,36,-8.003027,0.0,0.0
Kevin Whelan,3462,2020,36,-7.891359,0.0,0.0
Andre Rienzo,3507,2020,31,-6.7978063,0.0,0.0
Liam Hendriks,3548,2020,31,-6.756428,0.0,0.0
Jim Johnson,3656,2020,37,-8.130213,0.0,0.0
Logan Ondrusek,3677,2020,35,-7.7142,0.0,0.0
Brandon League,3731,2020,37,-8.130213,0.0,0.0
Cesar Jimenez,3762,2020,35,-7.67824,0.0,0.0
Felipe Paulino,3777,2020,36,-7.893986,0.0,0.0
Ricky Nolasco,3830,2020,37,-8.130213,0.0,0.0
Zach Duke,3840,2020,37,-8.130213,0.0,0.0
Brett Oberholtzer,3855,2020,30,-6.5213733,0.0,0.0
Rubby de la Rosa,3862,2020,31,-6.756428,0.0,0.0
Ethan Martin,3877,2020,31,-6.7978063,0.0,0.0
Casey Fien,3926,2020,36,-7.9280334,0.0,0.0
David Carpenter,3959,2020,34,-7.4918857,0.0,0.0
Edward Mujica,3970,2020,36,-7.9280334,0.0,0.0
Allen Webster,3993,2020,30,-6.5213733,0.0,0.0
Josh Outman,4004,2020,35,-7.7142,0.0,0.0
Eury De la Rosa,4055,2020,30,-6.5213733,0.0,0.0
Brian Duensing,4064,2020,37,-8.130213,0.0,0.0
Pedro Strop,4070,2020,35,-7.7142,0.0,0.0
Junichi Tazawa,4079,2020,34,-7.4918857,0.0,0.0
Erik Cordier,4086,2020,34,-7.568335,0.0,0.0
James Russell,4089,2020,34,-7.4918857,0.0,0.0
Luke Gregerson,4090,2020,36,-7.9280334,0.0,0.0
Derek Holland,4141,2020,33,-7.2593627,0.0,0.0
Wilton Lopez,4227,2020,36,-7.9280334,0.0,0.0
Jered Weaver,4235,2020,37,-8.130213,0.0,0.0
Brad Lincoln,4241,2020,35,-7.7142,0.0,0.0
Mark Melancon,4264,2020,35,-7.7142,0.0,0.0
Manny Parra,4279,2020,37,-8.130213,0.0,0.0
Matt Albers,4300,2020,37,-8.130213,0.0,0.0
Justin Wilson,4301,2020,32,-7.0154524,0.0,0.0
Aaron Poreda,4313,2020,33,-7.1751904,0.0,0.0
Kyle Drabek,4359,2020,32,-7.0154524,0.0,0.0
Craig Breslow,4363,2020,39,-8.485386,0.0,0.0
Joe Saunders,4366,2020,39,-8.485386,0.0,0.0
Jeremy Hellickson,4371,2020,33,-7.2593627,0.0,0.0
Brad Mills,4420,2020,35,-7.680133,0.0,0.0
Josh Wall,4436,2020,33,-7.2593627,0.0,0.0
Pedro Hernandez,4578,2020,31,-6.756428,0.0,0.0
Matt Lindstrom,4604,2020,40,-8.634468,0.0,0.0
Bobby Korecky,4608,2020,40,-8.565985,0.0,0.0
Jason Pridie,4611,2020,36,-7.1642857,0.0,0.0
Joe Thatcher,4620,2020,38,-8.318059,0.0,0.0
Sam LeCure,4664,2020,36,-7.9280334,0.0,0.0
Pat Neshek,4682,2020,39,-8.485386,0.0,0.0
Jeff Francis,4684,2020,39,-8.485386,0.0,0.0
Nate Jones,4696,2020,34,-7.4918857,0.0,0.0
Sergio Santos,4734,2020,36,-7.9280334,0.0,0.0
Donnie Veal,4741,2020,35,-7.7142,0.0,0.0
Jonathan Broxton,4759,2020,36,-7.9280334,0.0,0.0
Felix Hernandez,4772,2020,34,-7.4918857,0.0,0.0
Matt Shoemaker,4776,2020,33,-7.2961254,0.0,0.0
Vinnie Pestano,4782,2020,35,-7.7142,0.0,0.0
Rich Hill,4806,2020,40,-8.634468,0.0,0.0
Brandon Maurer,4878,2020,29,-6.2189813,0.0,0.0
Scott Kazmir,4897,2020,36,-7.891091,0.0,0.0
Justin De Fratus,4955,2020,32,-7.0154524,0.0,0.0
Fernando Salas,4971,2020,35,-7.7142,0.0,0.0
Fernando Abad,4994,2020,34,-7.4918857,0.0,0.0
Jake Diekman,5003,2020,33,-7.2593627,0.0,0.0
Bo Schultz,5028,2020,34,-7.568335,0.0,0.0
Dale Thayer,5032,2020,39,-8.485386,0.0,0.0
Josh Fields,5070,2020,34,-7.5275455,0.0,0.0
Evan Meek,5109,2020,37,-8.097351,0.0,0.0
Alfredo Aceves,5164,2020,37,-8.130213,0.0,0.0
C.C. Lee,5177,2020,33,-7.2961254,0.0,0.0
Ernesto Frieri,5178,2020,34,-7.4918857,0.0,0.0
Mike Pelfrey,5203,2020,36,-7.9280334,0.0,0.0
Chris Perez,5213,2020,34,-7.4918857,0.0,0.0
Wade LeBlanc,5221,2020,35,-7.7142,0.0,0.0
Blake Parker,5224,2020,35,-7.7142,0.0,0.0
Rudy Owens,5226,2020,32,-7.09164,0.0,0.0
Vin Mazzaro,5231,2020,33,-7.2593627,0.0,0.0
Jose Alvarez,5358,2020,31,-6.7978063,0.0,0.0
Phillippe Aumont,5362,2020,31,-6.756428,0.0,0.0
Michael Pineda,5372,2020,31,-6.740106,0.0,0.0
Jorge De Leon,5397,2020,32,-7.0545726,0.0,0.0
Pedro Baez,5420,2020,32,-7.09164,0.0,0.0
Jesse Chavez,5448,2020,36,-7.9280334,0.0,0.0
Arodys Vizcaino,5498,2020,29,-6.170736,0.0,0.0
Dana Eveland,5508,2020,36,-7.893986,0.0,0.0
Boone Logan,5525,2020,35,-7.7142,0.0,0.0
Maikel Cleto,5529,2020,31,-6.756428,0.0,0.0
Phil Coke,5535,2020,37,-8.130213,0.0,0.0
Matt Harrison,5551,2020,34,-7.4918857,0.0,0.0
Tyler Clippard,5640,2020,35,-7.7142,0.0,0.0
Brooks Brown,5679,2020,35,-7.7920847,0.0,0.0
Josh Lueke,5722,2020,35,-7.7142,0.0,0.0
Eric O'Flaherty,5746,2020,35,-7.7142,0.0,0.0
Jorge Rondon,5791,2020,32,-7.09164,0.0,0.0
Jason Motte,5861,2020,38,-8.288657,0.0,0.0
Danny Salazar,5867,2020,30,-6.5213733,0.0,0.0
Gonzalez Germen,5876,2020,32,-7.0545726,0.0,0.0
Darin Downs,5903,2020,35,-7.7142,0.0,0.0
Sean Marshall,5905,2020,37,-8.130213,0.0,0.0
Wesley Wright,5960,2020,35,-7.7142,0.0,0.0
Jonathan Papelbon,5975,2020,39,-8.485386,0.0,0.0
Francisley Bueno,5980,2020,39,-8.485386,0.0,0.0
Kelvin Herrera,6033,2020,30,-6.4779058,0.0,0.0
Matt Pagnozzi,6046,2020,37,-7.574165,0.0,0.0
Joe Wieland,6109,2020,30,-6.493235,0.0,0.0
Juan Jaime,6127,2020,32,-7.09164,0.0,0.0
Scott Baker,6176,2020,38,-8.284137,0.0,0.0
Dellin Betances,6216,2020,32,-6.9853,0.0,0.0
Tom Gorzelanny,6244,2020,37,-8.130213,0.0,0.0
Scott Feldman,6283,2020,37,-8.130213,0.0,0.0
Esmil Rogers,6317,2020,34,-7.4918857,0.0,0.0
Al Alburquerque,6324,2020,34,-7.4918857,0.0,0.0
Ryan Feierabend,6336,2020,34,-7.296429,0.0,0.0
Chris Archer,6345,2020,31,-6.7018337,0.0,0.0
Henry Rodriguez,6371,2020,33,-7.2593627,0.0,0.0
Trevor May,6398,2020,30,-6.553756,0.0,0.0
Jose Cisnero,6399,2020,31,-6.7978063,0.0,0.0
Kevin Jepsen,6475,2020,35,-7.7142,0.0,0.0
Steve Cishek,6483,2020,34,-7.4918857,0.0,0.0
Brian Wilson,6485,2020,38,-8.318059,0.0,0.0
Donnie Joseph,6491,2020,32,-7.0545726,0.0,0.0
Blaine Hardy,6499,2020,33,-7.3357635,0.0,0.0
Josh Zeid,6527,2020,33,-7.2961254,0.0,0.0
Pat McCoy,6605,2020,31,-6.8332925,0.0,0.0
Marc Rzepczynski,6612,2020,34,-7.4918857,0.0,0.0
Pedro Figueroa,6616,2020,34,-7.4918857,0.0,0.0
Brad Brach,6627,2020,34,-7.4918857,0.0,0.0
Carlos Carrasco,6632,2020,33,-7.227342,0.0,0.0
Jim Henderson,6653,2020,37,-8.130213,0.0,0.0
Craig Kimbrel,6655,2020,32,-7.0154524,0.0,0.0
Alex Colome,6661,2020,31,-6.7978063,0.0,0.0
Luke Putkonen,6736,2020,34,-7.4918857,0.0,0.0
Cesar Cabral,6741,2020,31,-6.7978063,0.0,0.0
Andrew Miller,6785,2020,35,-7.7142,0.0,0.0
Sam Freeman,6832,2020,33,-7.2593627,0.0,0.0
Jeff Manship,6865,2020,35,-7.7142,0.0,0.0
Martin Perez,6902,2020,29,-6.1756644,0.0,0.0
Joakim Soria,6941,2020,36,-7.891091,0.0,0.0
Yohan Pino,6955,2020,36,-8.003027,0.0,0.0
Drew Storen,6983,2020,32,-7.0154524,0.0,0.0
Luis Garcia,6984,2020,33,-7.2961254,0.0,0.0
Ryan Pressly,7005,2020,31,-6.7978063,0.0,0.0
Alex Torres,7038,2020,32,-6.9853,0.0,0.0
Eric Fornataro,7042,2020,32,-7.09164,0.0,0.0
Trevor Bell,7074,2020,33,-7.1816316,0.0,0.0
John Lannan,7080,2020,35,-7.7142,0.0,0.0
Jonathan Pettibone,7106,2020,29,-6.2189813,0.0,0.0
Daniel Hudson,7146,2020,33,-7.261875,0.0,0.0
Chris Withrow,7161,2020,31,-6.7978063,0.0,0.0
Ryan Mattheus,7169,2020,36,-7.9280334,0.0,0.0
B.J. Rosenberg,7183,2020,34,-7.4918857,0.0,0.0
Greg Holland,7196,2020,34,-7.4918857,0.0,0.0
Nick Masset,7267,2020,38,-8.258373,0.0,0.0
Brad Ziegler,7293,2020,40,-8.634468,0.0,0.0
Preston Guilmet,7303,2020,32,-7.0545726,0.0,0.0
Casey Janssen,7355,2020,38,-8.318059,0.0,0.0
Dan Otero,7385,2020,35,-7.7142,0.0,0.0
Javy Guerra,7407,2020,34,-7.4918857,0.0,0.0
J.A. Happ,7410,2020,37,-8.130213,0.0,0.0
Austin Adams,7411,2020,33,-7.3357635,0.0,0.0
Mark Lowe,7416,2020,37,-8.130213,0.0,0.0
Bradin Hagens,7422,2020,31,-6.8332925,0.0,0.0
Wade Davis,7441,2020,34,-7.4918857,0.0,0.0
Jim Miller,7458,2020,38,-8.318059,0.0,0.0
Anthony Swarzak,7466,2020,34,-7.4918857,0.0,0.0
Ryan Webb,7474,2020,34,-7.4918857,0.0,0.0
Scott Elbert,7489,2020,34,-7.4570885,0.0,0.0
Tommy Layne,7501,2020,35,-7.7142,0.0,0.0
Evan Scribner,7525,2020,34,-7.4918857,0.0,0.0
Collin McHugh,7531,2020,33,-7.2593627,0.0,0.0
Lucas Harrell,7541,2020,35,-7.7142,0.0,0.0
Jake McGee,7550,2020,33,-7.2593627,0.0,0.0
Jarrett Grube,7553,2020,38,-8.369278,0.0,0.0
Nick Vincent,7555,2020,33,-7.2593627,0.0,0.0
Fernando Rodriguez,7558,2020,36,-7.893986,0.0,0.0
Tommy Milone,7608,2020,33,-7.2593627,0.0,0.0
Chris Leroux,7645,2020,36,-7.9280334,0.0,0.0
Neil Ramirez,7677,2020,31,-6.8332925,0.0,0.0
Bobby LaFromboise,7758,2020,34,-7.5275455,0.0,0.0
Yoslan Herrera,7759,2020,39,-8.358731,0.0,0.0
Shawn Kelley,7773,2020,36,-7.9280334,0.0,0.0
Hunter Strickland,7836,2020,31,-6.8332925,0.0,0.0
Jerry Blevins,7841,2020,36,-7.9280334,0.0,0.0
Josh Lindblom,7882,2020,33,-7.2593627,0.0,0.0
Matt Daley,7952,2020,38,-8.284137,0.0,0.0
Matt West,7980,2020,31,-6.8332925,0.0,0.0
Anthony Bass,7982,2020,32,-6.79927,0.0,0.0
Ramon Ramirez,7986,2020,38,-8.318059,0.0,0.0
Paul Clemens,8037,2020,32,-7.0545726,0.0,0.0
Glen Perkins,8041,2020,37,-8.130213,0.0,0.0
Jason Vargas,8044,2020,37,-8.130213,0.0,0.0
Will Smith,8048,2020,30,-6.4779058,0.0,0.0
Dan Jennings,8073,2020,33,-7.2593627,0.0,0.0
Stephen Fife,8077,2020,33,-7.2593627,0.0,0.0
Bryan Shaw,8110,2020,32,-7.0154524,0.0,0.0
Neil Wagner,8162,2020,36,-7.891091,0.0,0.0
Kevin Siegrist,8180,2020,30,-6.5213733,0.0,0.0
Steven Wright,8185,2020,35,-7.7513433,0.0,0.0
David Robertson,8241,2020,35,-7.7142,0.0,0.0
J.P. Howell,8245,2020,37,-8.130213,0.0,0.0
Billy Buckner,8253,2020,36,-7.8563194,0.0,0.0
Huston Street,8258,2020,36,-7.9280334,0.0,0.0
Casey Coleman,8270,2020,32,-6.9747114,0.0,0.0
Tony Sipp,8280,2020,36,-7.9280334,0.0,0.0
Lucas Luetge,8337,2020,33,-7.2593627,0.0,0.0
Jared Burton,8346,2020,39,-8.485386,0.0,0.0
AJ Ramos,8350,2020,33,-7.2593627,0.0,0.0
Troy Patton,8368,2020,34,-7.4918857,0.0,0.0
Steve Geltz,8402,2020,32,-7.0202956,0.0,0.0
Alfredo Figaro,8404,2020,35,-7.644483,0.0,0.0
Bryan Price,8436,2020,33,-7.3357635,0.0,0.0
Danny Farquhar,8501,2020,33,-7.227342,0.0,0.0
Jeff Beliveau,8504,2020,33,-7.2593627,0.0,0.0
Michael Kohn,8505,2020,34,-7.4563355,0.0,0.0
Rob Wooten,8532,2020,34,-7.5275455,0.0,0.0
Justin Miller,8580,2020,33,-7.3357635,0.0,0.0
Dustin McGowan,8600,2020,38,-8.284137,0.0,0.0
Wilking Rodriguez,8801,2020,30,-6.553756,0.0,0.0
Ryan Cook,8855,2020,33,-7.2593627,0.0,0.0
David Martinez,8893,2020,32,-7.0545726,0.0,0.0
Arquimedes Caminero,8992,2020,33,-7.2961254,0.0,0.0
Adam Warren,9029,2020,32,-7.0154524,0.0,0.0
John Axford,9059,2020,37,-8.130213,0.0,0.0
Kirby Yates,9073,2020,33,-7.3357635,0.0,0.0
Zach Putnam,9080,2020,32,-7.0154524,0.0,0.0
T.J. House,9121,2020,30,-6.553756,0.0,0.0
Charlie Leesman,9124,2020,33,-7.2961254,0.0,0.0
Sean O'Sullivan,9137,2020,32,-6.9853,0.0,0.0
Lester Oliveros,9167,2020,32,-6.9747114,0.0,0.0
Kyle Lobstein,9178,2020,30,-6.553756,0.0,0.0
Vic Black,9195,2020,32,-7.0545726,0.0,0.0
Koji Uehara,9227,2020,45,-9.248073,0.0,0.0
Alex Wilson,9239,2020,33,-7.2961254,0.0,0.0
David Carpenter,9244,2020,32,-7.0154524,0.0,0.0
Ryan Dennick,9261,2020,33,-7.3357635,0.0,0.0
Rob Scahill,9286,2020,33,-7.2593627,0.0,0.0
Dylan Axelrod,9303,2020,34,-7.4918857,0.0,0.0
Jared Hughes,9325,2020,34,-7.4918857,0.0,0.0
Brandon Morrow,9346,2020,35,-7.7142,0.0,0.0
Josh Tomlin,9388,2020,35,-7.7142,0.0,0.0
John Holdzkom,9392,2020,32,-7.09164,0.0,0.0
Zac Rosscup,9419,2020,32,-7.0545726,0.0,0.0
Ryan Buchter,9456,2020,33,-7.3357635,0.0,0.0
George Kontos,9486,2020,35,-7.7142,0.0,0.0
Phil Irwin,9489,2020,33,-7.2961254,0.0,0.0
Jeremy Jeffress,9490,2020,32,-7.0154524,0.0,0.0
Jose Ortega,9651,2020,31,-6.756428,0.0,0.0
Louis Coleman,9720,2020,34,-7.4918857,0.0,0.0
Burke Badenhop,9736,2020,37,-8.130213,0.0,0.0
Rex Brothers,9794,2020,32,-7.0154524,0.0,0.0
Miles Mikolas,9803,2020,31,-6.756428,0.0,0.0
Sergio Romo,9817,2020,37,-8.130213,0.0,0.0
Chaz Roe,9866,2020,33,-7.2961254,0.0,0.0
Bryan Anderson,9871,2020,33,-11.774203,0.0,0.0
Michael Kirkman,9877,2020,33,-7.2593627,0.0,0.0
Chris Rusin,9895,2020,33,-7.2593627,0.0,0.0
Bobby Parnell,9926,2020,35,-7.7142,0.0,0.0
Brandon Kintzler,9939,2020,35,-7.7142,0.0,0.0
Todd Redmond,9943,2020,35,-7.7142,0.0,0.0
Mike Dunn,9948,2020,35,-7.7142,0.0,0.0
Tom Wilhelmsen,9975,2020,36,-7.9280334,0.0,0.0
Taylor Thompson,10019,2020,33,-7.3357635,0.0,0.0
Ian Krol,10066,2020,29,-6.2189813,0.0,0.0
Caleb Thielbar,10078,2020,33,-7.2961254,0.0,0.0
Keith Butler,10080,2020,31,-6.7978063,0.0,0.0
Dane de la Rosa,10095,2020,37,-8.130213,0.0,0.0
Brad Boxberger,10133,2020,32,-7.0154524,0.0,0.0
Aaron Crow,10149,2020,33,-7.2593627,0.0,0.0
Jose Ramirez,10171,2020,30,-6.553756,0.0,0.0
Melvin Mercedes,10181,2020,29,-6.248338,0.0,0.0
Tyler Skaggs,10190,2020,28,-5.843964,0.0,0.0
Aroldis Chapman,10233,2020,32,-7.0154524,0.0,0.0
Bryan Morris,10234,2020,33,-7.2593627,0.0,0.0
Alexi Ogando,10261,2020,36,-7.9280334,0.0,0.0
Justin Marks,10265,2020,32,-7.09164,0.0,0.0
Tanner Scheppers,10267,2020,33,-7.2593627,0.0,0.0
Chris Heston,10302,2020,32,-7.09164,0.0,0.0
Roman Mendez,10307,2020,29,-6.248338,0.0,0.0
Erasmo Ramirez,10314,2020,30,-6.4779058,0.0,0.0
Michael Tonkin,10315,2020,30,-6.5213733,0.0,0.0
Chad Jenkins,10326,2020,32,-7.0154524,0.0,0.0
Nick Christiani,10332,2020,32,-7.0545726,0.0,0.0
Edwin Escobar,10337,2020,28,-5.912376,0.0,0.0
Aaron Loup,10343,2020,32,-7.0154524,0.0,0.0
Carlos Contreras,10386,2020,29,-6.248338,0.0,0.0
Wilfredo Tovar,10416,2020,28,-6.558799,0.0,0.0
Shawn Tolleson,10481,2020,32,-7.0154524,0.0,0.0
Yoervis Medina,10498,2020,31,-6.7978063,0.0,0.0
Preston Claiborne,10500,2020,32,-7.0545726,0.0,0.0
Mario Hollands,10504,2020,31,-6.8332925,0.0,0.0
Jake Petricka,10534,2020,32,-7.0545726,0.0,0.0
Daniel Webb,10558,2020,30,-6.5213733,0.0,0.0
Addison Reed,10586,2020,31,-6.756428,0.0,0.0
Chad Bettis,10587,2020,31,-6.7978063,0.0,0.0
Chris Sale,10603,2020,31,-6.756428,0.0,0.0
Seth Rosin,10606,2020,31,-6.8332925,0.0,0.0
Stephen Pryor,10663,2020,30,-6.4779058,0.0,0.0
Red Patterson,10710,2020,33,-7.3357635,0.0,0.0
Trevor Rosenthal,10745,2020,30,-6.4779058,0.0,0.0
Shane Greene,10756,2020,31,-6.8332925,0.0,0.0
Josh Edgin,10796,2020,33,-7.2593627,0.0,0.0
Jake Dunning,10803,2020,31,-6.7978063,0.0,0.0
Mike Foltynewicz,10811,2020,28,-5.912376,0.0,0.0
Michael Mariot,10835,2020,31,-6.8332925,0.0,0.0
Chasen Shreve,10855,2020,29,-6.248338,0.0,0.0
Jake Buchanan,10962,2020,30,-6.553756,0.0,0.0
Ben Rowen,10983,2020,31,-6.8332925,0.0,0.0
C.J. Riefenhauser,11193,2020,30,-6.553756,0.0,0.0
Casey Sadler,11209,2020,29,-6.248338,0.0,0.0
Kevin Chapman,11240,2020,32,-7.0545726,0.0,0.0
Aaron Barrett,11243,2020,32,-7.09164,0.0,0.0
Rob Rasmussen,11250,2020,31,-6.8332925,0.0,0.0
Logan Darnell,11261,2020,31,-6.8332925,0.0,0.0
Lisalverto Bonilla,11266,2020,30,-6.553756,0.0,0.0
Sean Nolin,11341,2020,30,-6.5213733,0.0,0.0
A.J. Achter,11387,2020,31,-6.8332925,0.0,0.0
Drew Pomeranz,11426,2020,31,-6.756428,0.0,0.0
Brandon Workman,11428,2020,31,-6.7978063,0.0,0.0
Bryan Mitchell,11479,2020,29,-6.248338,0.0,0.0
Aaron Sanchez,11490,2020,27,-5.5437913,0.0,0.0
Jose Dominguez,11571,2020,29,-6.2189813,0.0,0.0
Mike Kickham,11618,2020,31,-6.7978063,0.0,0.0
Heath Hembree,11632,2020,31,-6.7978063,0.0,0.0
Sam Dyson,11710,2020,32,-7.0154524,0.0,0.0
Erik Goeddel,11712,2020,31,-6.8332925,0.0,0.0
Justin Grimm,11720,2020,31,-6.756428,0.0,0.0
Kyle Ryan,11753,2020,28,-5.912376,0.0,0.0
Drew Smyly,11760,2020,31,-6.756428,0.0,0.0
Hector Neris,11804,2020,31,-6.8332925,0.0,0.0
Steve Delabar,11827,2020,36,-7.9280334,0.0,0.0
James Paxton,11828,2020,31,-6.7978063,0.0,0.0
Taijuan Walker,11836,2020,27,-5.520423,0.0,0.0
Chris Martin,11847,2020,34,-7.568335,0.0,0.0
Brett Bochy,11867,2020,32,-7.09164,0.0,0.0
Scott Snodgress,12020,2020,30,-6.553756,0.0,0.0
Brian Flynn,12027,2020,30,-6.5213733,0.0,0.0
Yimi Garcia,12095,2020,29,-6.248338,0.0,0.0
Matt Stites,12165,2020,30,-6.553756,0.0,0.0
Cody Allen,12183,2020,31,-6.756428,0.0,0.0
Aaron Brooks,12272,2020,30,-6.553756,0.0,0.0
Leonel Campos,12277,2020,32,-7.09164,0.0,0.0
Evan Marshall,12297,2020,30,-6.553756,0.0,0.0
Chris Bassitt,12304,2020,31,-6.8332925,0.0,0.0
Kevin Quackenbush,12360,2020,31,-6.8332925,0.0,0.0
Spencer Patton,12361,2020,32,-7.09164,0.0,0.0
Drew Rucinski,12499,2020,31,-6.8332925,0.0,0.0
Erik Johnson,12520,2020,30,-6.5213733,0.0,0.0
Nick Maronde,12530,2020,30,-6.4779058,0.0,0.0
Nathan Karns,12638,2020,32,-7.0545726,0.0,0.0
Roenis Elias,12673,2020,31,-6.8332925,0.0,0.0
Phil Klein,12675,2020,31,-6.8332925,0.0,0.0
Trevor Bauer,12703,2020,29,-6.1756644,0.0,0.0
Nick Martinez,12730,2020,29,-6.248338,0.0,0.0
Sonny Gray,12768,2020,30,-6.5213733,0.0,0.0
Jairo Diaz,12774,2020,29,-6.248338,0.0,0.0
Carter Capps,12803,2020,29,-6.1756644,0.0,0.0
Matt Barnes,12863,2020,30,-6.553756,0.0,0.0
Alex Claudio,12890,2020,28,-5.912376,0.0,0.0
Ken Giles,12910,2020,29,-6.248338,0.0,0.0
Wei-Yin Chen,13071,2020,34,-7.4918857,0.0,0.0
Frank Garces,13144,2020,30,-6.553756,0.0,0.0
Carson Smith,13172,2020,30,-6.553756,0.0,0.0
Danny Coulombe,13293,2020,30,-6.553756,0.0,0.0
Cam Bedrosian,13360,2020,28,-5.912376,0.0,0.0
Paco Rodriguez,13398,2020,29,-6.1756644,0.0,0.0
R.J. Alvarez,13401,2020,29,-6.248338,0.0,0.0
Drew VerHagen,13424,2020,29,-6.248338,0.0,0.0
Marcus Stroman,13431,2020,29,-6.248338,0.0,0.0
Mike Morin,13442,2020,29,-6.248338,0.0,0.0
Daniel Norris,13475,2020,27,-5.5437913,0.0,0.0
Sam Tuivailala,13485,2020,27,-5.5437913,0.0,0.0
Chad Smith,13604,2020,30,-6.553756,0.0,0.0
Michael Roth,13736,2020,30,-6.5213733,0.0,0.0
Dominic Leone,13763,2020,28,-5.912376,0.0,0.0
Ian Thomas,13881,2020,33,-7.3357635,0.0,0.0
Kevin Gausman,14107,2020,29,-6.2189813,0.0,0.0
Shae Simmons,14200,2020,29,-6.248338,0.0,0.0
Dario Alvarez,14239,2020,31,-6.8332925,0.0,0.0
Wei-Chung Wang,14382,2020,28,-5.912376,0.0,0.0
Kyuji Fujikawa,14443,2020,39,-8.499149,0.0,0.0
Buck Farmer,14814,2020,29,-6.248338,0.0,0.0
Corey Knebel,15010,2020,28,-5.912376,0.0,0.0
Kyle Crockett,15033,2020,28,-5.912376,0.0,0.0
Kendall Graveman,15514,2020,29,-6.248338,0.0,0.0
Miguel Gonzalez,15675,2020,33,-7.3357635,0.0,0.0
Brandon Finnegan,16208,2020,27,-5.5437913,0.0,0.0
Avisail Garcia,5760,2020,29,-4.8495784,0.0,0.6017388105392456
David Murphy,6035,2020,38,-8.015687,0.0,0.0
Jeff Baker,2073,2020,39,-9.154116,0.0,0.0
Zach Walters,10622,2020,30,-6.373523,0.0,0.0
Geovany Soto,3707,2020,37,-8.881081,0.0,0.0
Brad Snyder,6052,2020,38,-9.727814,0.0,0.0
Reid Brignac,8380,2020,34,-7.652713,0.0,0.0
Brayan Pena,3231,2020,38,-8.024306,0.0,0.0
Daniel Descalso,8392,2020,33,-5.249033,0.0,0.0
Xavier Nady,1658,2020,41,-9.920072,0.0,0.0
Michael A. Taylor,11489,2020,29,-4.3584366,0.0,0.0
Adam Moore,9362,2020,36,-8.239983,0.0,0.0
Elian Herrera,5432,2020,35,-4.6819453,0.0,0.0
Steve Clevenger,9542,2020,34,-8.870896,0.0,0.0
Steven Souza Jr.,5667,2020,31,-7.998246,0.0,0.0
Chris Valaika,1165,2020,34,-7.4805813,0.0,0.0
Dan Butler,9968,2020,33,-8.433243,0.0,0.0
Logan Forsythe,7185,2020,33,-6.7029433,0.0,0.0
Jedd Gyorko,10816,2020,31,-6.667722,0.0,0.0
J.T. Realmuto,11739,2020,29,-7.6522403,0.0,0.0
Moises Sierra,6050,2020,31,-5.7156734,0.0,0.0
Ian Stewart,5950,2020,35,-3.8851647,0.0,0.0
Xavier Scruggs,7409,2020,32,-8.531757,0.0,0.0
Joaquin Arias,3817,2020,35,-6.5820045,0.0,0.0
Yolmer Sanchez,11602,2020,28,-5.5190563,0.0,0.0
Jason Bourgeois,2225,2020,38,-7.1240764,0.0,0.0
Andy Marte,3203,2020,36,-5.630192,0.0,0.0
Tuffy Gosewisch,5277,2020,36,-9.038749,0.0,0.0
Freddy Galvis,6609,2020,30,-2.1074605,0.0,0.2535300850868225
Austin Romine,5491,2020,31,-8.02441,0.0,0.0
Carlos Triunfel,193,2020,30,-6.5058937,0.0,0.0
Dean Anna,8353,2020,33,-5.006339,0.0,0.0
Justin Sellers,4006,2020,34,-6.7139077,0.0,0.0
Vince Belnome,8126,2020,32,-7.09164,0.0,0.0
Curt Casali,12510,2020,31,-7.7597694,0.0,0.0
Raffy Lopez,12606,2020,32,-7.09164,0.0,0.0
Jake Elmore,7290,2020,33,-4.693893,0.0,0.0
Luis Jimenez,6341,2020,32,-4.4424095,0.0,0.0
Danny Worth,198,2020,34,-6.634718,0.0,0.0
Hector Gomez,2264,2020,32,-1.908849,0.0,0.12272246181964874
Jorge De La Rosa,2047,2020,39,-8.485386,0.0,0.0
Alfredo Simon,2155,2020,39,-8.485386,0.0,0.0
Johnny Cueto,6893,2020,34,-7.4918857,0.0,0.0
Franklin Morales,5088,2020,34,-7.4918857,0.0,0.0
Brandon McCarthy,4662,2020,36,-7.9280334,0.0,0.0
Kyle Lohse,739,2020,41,-8.768703,0.0,0.0
Ervin Santana,3200,2020,37,-8.130213,0.0,0.0
Gio Gonzalez,7448,2020,34,-7.4918857,0.0,0.0
Jeff Locke,2929,2020,32,-7.0154524,0.0,0.0
Francisco Liriano,3201,2020,36,-7.9280334,0.0,0.0
Trevor Cahill,6249,2020,32,-7.0154524,0.0,0.0
Yohan Flande,5057,2020,34,-7.568335,0.0,0.0
Mat Latos,3815,2020,32,-7.057278,0.0,0.0
Gavin Floyd,3886,2020,37,-8.130213,0.0,0.0
Tim Lincecum,5705,2020,36,-7.9280334,0.0,0.0
Mike Bolsinger,11137,2020,32,-7.09164,0.0,0.0
Brett Jackson,9632,2020,31,-6.4295144,0.0,0.0
Tyler Chatwood,4338,2020,30,-6.4779058,0.0,0.0
Jesse Hahn,13287,2020,30,-6.553756,0.0,0.0
Joey Butler,7799,2020,34,-6.9744754,0.0,0.0
Vidal Nuno,9674,2020,32,-7.0545726,0.0,0.0
Tsuyoshi Wada,13046,2020,39,-8.520244,0.0,0.0
Mike Baxter,4464,2020,35,-8.6751795,0.0,0.0
David Hale,9756,2020,32,-7.0545726,0.0,0.0
Jamey Wright,715,2020,45,-9.248073,0.0,0.0
R.A. Dickey,1245,2020,45,-9.263288,0.0,0.0
Rick Porcello,2717,2020,31,-6.756428,0.0,0.0
Danny Duffy,3542,2020,31,-6.756428,0.0,0.0
Carlos Frias,3547,2020,30,-6.553756,0.0,0.0
Jon Lester,4930,2020,36,-7.9280334,0.0,0.0
Tony Abreu,5053,2020,35,-9.287651,0.0,0.0
Chris Tillman,5279,2020,32,-7.0154524,0.0,0.0
Brad Peacock,5401,2020,32,-6.9853,0.0,0.0
Jair Jurrjens,5556,2020,34,-8.301481,0.0,27.694320678710938
Jose Constanza,6003,2020,36,-5.298983,0.0,0.0
David Phelps,6316,2020,33,-7.2593627,0.0,0.0
Stolmy Pimentel,6415,2020,30,-6.5213733,0.0,0.0
Chase d'Arnaud,6652,2020,33,2.5933182,0.0,0.0
Miguel Gonzalez,7024,2020,36,-7.9280334,0.0,0.0
Phil Hughes,7450,2020,34,-7.4918857,0.0,0.0
Carlos Torres,7624,2020,37,-8.130213,0.0,0.0
David Holmberg,7725,2020,28,-5.88522,0.0,0.0
Matt Hague,7772,2020,34,-8.802768,0.0,0.0
Jaff Decker,7945,2020,30,-6.355217,0.0,0.0
Guillermo Quiroz,7989,2020,38,-8.929235,0.0,0.0
Nick Greenwood,8182,2020,32,-7.09164,0.0,0.0
Cord Phelps,8631,2020,33,-8.555901,0.0,0.0
Ali Solis,8848,2020,32,-7.0202956,0.0,0.0
Garrett Richards,9784,2020,32,-7.0154524,0.0,0.0
Kevin Slowey,9918,2020,36,-7.891091,0.0,0.0
Lane Adams,10767,2020,30,-3.7629178,0.0,0.0
Eric Jokisch,11157,2020,30,-6.553756,0.0,0.0
Aaron Altherr,11270,2020,29,-6.248338,0.0,0.0
Tommy Kahnle,11384,2020,30,-6.553756,0.0,0.0
Jose Quintana,11423,2020,31,-6.756428,0.0,0.0
Anthony Ranaudo,11424,2020,30,-6.553756,0.0,0.0
Rafael Montero,12760,2020,29,-6.248338,0.0,0.0
Eddie Butler,13453,2020,29,-6.248338,0.0,0.0
Matthew Clark,8793,2020,33,-7.942871,0.0,0.0
C.J. Cron,12546,2020,30,-8.15399,0.0,0.0
Kurt Suzuki,8259,2020,36,-8.752465,0.0,0.0
Eric Hosmer,3516,2020,30,-6.462979,0.0,0.0
Ryan Howard,2154,2020,40,-9.55723,0.0,0.0
Bobby Abreu,945,2020,46,-8.9052925,0.0,0.0
Lyle Overbay,1617,2020,43,-8.926157,0.0,0.0
Grant Green,10053,2020,32,-4.8258576,0.0,0.0
Alex Presley,5305,2020,34,-3.546718,0.0,0.30900639295578003
Don Kelly,2216,2020,40,-6.3573117,0.0,0.0
Gordon Beckham,9015,2020,33,-7.212878,0.0,0.0
Justin Smoak,9054,2020,33,-8.239013,0.0,0.0
Cole Gillespie,5888,2020,36,-4.3566046,0.0,0.0
Donnie Murphy,4704,2020,37,-7.1871934,0.0,0.0
Roger Bernadina,6421,2020,36,-5.6960163,0.0,0.0
Jerry Sands,4016,2020,32,-8.194443,0.0,0.0
Koyie Hill,1829,2020,41,-9.022113,0.0,0.0
Tyler Pastornicky,6777,2020,30,-5.3181586,0.0,0.0
Logan Schafer,7937,2020,33,-3.127731,0.0,0.0
Zelous Wheeler,8822,2020,33,-8.229951,0.0,0.0
Omar Quintanilla,6335,2020,38,-8.916371,0.0,0.0
Yorman Rodriguez,9922,2020,27,-2.8270333,0.0,0.0
Jack Hannahan,3692,2020,40,-9.01209,0.0,0.0
John McDonald,395,2020,45,-9.101795,0.0,0.0
Taylor Teagarden,5199,2020,36,-8.316443,0.0,0.0
Brent Morel,6402,2020,33,-5.107867,0.0,0.0
Sandy Leon,5273,2020,31,-7.743467,0.0,0.0
Rafael Furcal,88,2020,42,-7.3774815,0.0,0.0
Jason Rogers,11773,2020,32,-7.09164,0.0,0.0
Brooks Conrad,3664,2020,40,-7.1066947,0.0,0.0
Guilder Rodriguez,3412,2020,36,-6.5934,0.0,0.0
Ryan Roberts,5653,2020,39,-9.241839,0.0,0.0
Darin Mastroianni,7316,2020,34,-4.61472,0.0,0.0
Irving Falu,6165,2020,37,-6.515189,0.0,0.0
Marco Scutaro,1555,2020,44,-8.2959795,0.0,0.0
Yovani Gallardo,8173,2020,34,-7.4918857,0.0,0.0
Tanner Roark,8753,2020,33,-7.2961254,0.0,0.0
Julio Teheran,6797,2020,29,-6.1756644,0.0,0.0
Lance Lynn,2520,2020,33,-7.2593627,0.0,0.0
Eric Stults,8011,2020,40,-8.634468,0.0,0.0
Zack Wheeler,10310,2020,30,-6.5213733,0.0,0.0
Alex Wood,13781,2020,29,-6.2189813,0.0,0.0
Vance Worley,6435,2020,32,-7.0154524,0.0,0.0
Juan Nicasio,7731,2020,33,-7.2593627,0.0,0.0
Alex Guerrero,15670,2020,33,-3.4057794,0.0,0.0
Cristhian Adames,6013,2020,28,-7.184782,0.0,0.0
Yusmeiro Petit,4020,2020,35,-7.7142,0.0,0.0
Mike Fiers,7754,2020,35,-7.7142,0.0,0.0
Christian Bergman,10925,2020,32,-7.09164,0.0,0.0
Ronny Cedeno,2179,2020,37,-7.6896577,0.0,0.0
Carlos Villanueva,4138,2020,36,-7.9280334,0.0,0.0
Alexi Casilla,5248,2020,35,-4.3625073,0.0,0.0
Jenrry Mejia,8476,2020,30,-6.4779058,0.0,0.0
Ryan Lavarnway,8879,2020,32,-8.188505,0.0,0.0
Carlos Gonzalez,7287,2020,34,-4.0596414,0.0,0.0
Dan Johnson,2167,2020,40,-9.464448,0.0,0.0
Ryan Wheeler,9312,2020,31,-7.045303,0.0,0.0
Andrew Brown,3837,2020,35,-8.427998,0.0,0.0
Cesar Hernandez,10556,2020,30,-3.7898152,0.0,0.0
Chris Nelson,8175,2020,34,-6.303508,0.0,0.0
Miguel Olivo,1638,2020,41,-9.372703,0.0,0.0
Donald Lutz,10154,2020,31,-3.8839679,0.0,0.0
Juan Centeno,7168,2020,30,-7.9751053,0.0,0.0
Erisbel Arruebarrena,15809,2020,30,-2.570634,0.0,0.0
Caleb Gindl,5002,2020,31,-7.5707526,0.0,0.0
Andrew Cashner,8782,2020,33,-6.493997,0.0,0.0
Kyle Parker,11763,2020,30,-5.772007,0.0,0.0
Maikel Franco,12179,2020,27,-2.2234585,0.0,0.4491146504878998
Elliot Johnson,4751,2020,36,-3.201381,0.0,0.1513146311044693
Jeff Francoeur,4792,2020,36,-4.8906574,0.0,0.0
Xavier Paul,5963,2020,35,-8.0844965,0.0,0.0
Jamie Romak,5552,2020,34,-7.568335,0.0,0.0
Nathan Eovaldi,9132,2020,30,-6.4779058,0.0,0.0
Brad Glenn,7392,2020,33,-8.523314,0.0,0.0
Doug Fister,9425,2020,36,-7.9280334,0.0,0.0
Roberto Hernandez,3273,2020,39,-8.485386,0.0,0.0
Matt Garza,3340,2020,36,-7.9280334,0.0,0.0
Tim Hudson,921,2020,44,-9.145769,0.0,0.0
Charlie Morton,4676,2020,36,-7.9280334,0.0,0.0
Dillon Gee,7396,2020,34,-7.4918857,0.0,0.0
Brad Hand,9111,2020,30,-6.4779058,0.0,0.0
Michael Wacha,14078,2020,28,-5.88522,0.0,0.0
Odrisamer Despaigne,16017,2020,33,-7.3357635,0.0,0.0
Jake Peavy,1051,2020,39,-8.485386,0.0,0.0
Prince Fielder,4613,2020,36,-9.2053175,0.0,0.0
Ryan Ludwick,1260,2020,41,-9.317152,0.0,0.0
Grady Sizemore,2197,2020,37,-5.3239355,0.0,0.0
Jose Tabata,2411,2020,31,-7.163347,0.0,0.0
Josh Thole,9689,2020,33,-7.3901215,0.0,0.0
Eric Fryer,8145,2020,34,-4.1166224,0.0,0.0
John Buck,2041,2020,39,-8.203818,0.0,0.0
Roger Kieschnick,5225,2020,33,-3.9681473,0.0,0.0
Mark Ellis,1443,2020,43,-6.033833,0.0,0.0
Alex Gonzalez,520,2020,43,-9.5721855,0.0,0.0
Shane Robinson,4249,2020,35,-6.932428,0.0,0.0
Josh Satin,6788,2020,35,-8.995905,0.0,0.0
Michael Martinez,7358,2020,37,-8.357692,0.0,0.0
Tim Federowicz,8609,2020,32,-6.6907287,0.0,0.0
Chris Dominguez,9718,2020,33,-8.497318,0.0,0.0
Aaron Harang,1451,2020,42,-8.891534,0.0,0.0
Wily Peralta,7738,2020,31,-6.756428,0.0,0.0
Tom Koehler,6570,2020,34,-7.4918857,0.0,0.0
Edinson Volquez,3990,2020,36,-7.9280334,0.0,0.0
Chase Anderson,6895,2020,32,-7.09164,0.0,0.0
Mark Trumbo,6876,2020,34,-7.4143305,0.0,0.0
Josmil Pinto,6806,2020,31,-7.813023,0.0,0.0
Carlos Beltran,589,2020,43,-8.902524,0.0,0.0
Billy Butler,7399,2020,34,-8.73251,0.0,0.0
Aaron Hill,6104,2020,38,-7.2875376,0.0,0.0
Mitch Moreland,3086,2020,34,-8.911381,0.0,0.0
Adrian Nieto,10294,2020,30,-7.4277887,0.0,0.0
Anthony Recker,4063,2020,36,-5.753897,0.0,0.0
Reed Johnson,1702,2020,43,-8.764846,0.0,0.0
Kevin Frandsen,7528,2020,38,-8.669228,0.0,0.0
Mike Olt,10698,2020,31,-6.760231,0.0,0.0
Jason Giambi,818,2020,49,-10.394808,0.0,0.0
Jesus Guzman,3118,2020,36,-5.6856384,0.0,0.0
Nick Ahmed,12147,2020,30,-5.4190907,0.0,0.0
Juan Perez,5371,2020,33,-6.7194757,0.0,0.0
Cameron Rupp,11146,2020,31,-8.295434,0.0,0.0
Daric Barton,5928,2020,34,-7.1531634,0.0,0.0
Greg Dobbs,2158,2020,41,-9.299534,0.0,0.0
Andy Wilkins,11251,2020,31,-3.968172,0.0,0.0
Neftali Soto,5663,2020,31,-6.5592613,0.0,0.0
Chris Colabello,13051,2020,36,-6.9710984,0.0,0.0
Cody Ross,1760,2020,39,-8.018104,0.0,0.0
J.P. Arencibia,697,2020,34,-8.482114,0.0,0.0
Marc Krauss,7577,2020,32,-8.386058,0.0,0.0
Carlos Quentin,6274,2020,37,-9.345156,0.0,0.0
Scott Hairston,1926,2020,40,-8.315921,0.0,0.0
Mike Carp,7480,2020,34,-8.011971,0.0,0.0
Ryan Goins,9807,2020,32,-7.943352,0.0,0.0
Carlos Pena,934,2020,42,-9.333979,0.0,0.0
Jesus Aguilar,11342,2020,30,-7.9953933,0.0,0.0
Bartolo Colon,375,2020,47,-9.509524,0.0,0.0
Ryan Doumit,2113,2020,39,-8.31413,0.0,0.0
Christian Bethancourt,10028,2020,28,-5.324582,0.0,0.0
L.J. Hoes,6656,2020,30,-5.0630803,0.0,0.0
Brendan Ryan,6073,2020,38,-7.452817,0.0,0.0
Jeff Bianchi,9958,2020,33,-7.634473,0.0,0.0
Dioner Navarro,3179,2020,36,-8.670472,0.0,0.0
Jason Kubel,2161,2020,38,-7.1566143,0.0,0.0
Skip Schumaker,3704,2020,40,-8.03655,0.0,0.0
Stephen Drew,4251,2020,37,-8.534236,0.0,0.0
Chris Herrmann,9284,2020,32,-5.1299496,0.0,0.0
Justin Maxwell,6827,2020,36,-5.137789,0.0,0.0
Dayan Viciedo,3917,2020,31,-7.778214,0.0,0.0
Jon Singleton,10441,2020,28,-2.7050016,0.0,0.7875429391860962
Alfonso Soriano,847,2020,44,-6.631531,0.0,0.0
Corey Hart,1945,2020,38,-7.7343636,0.0,0.0
Oscar Taveras,11173,2020,28,-7.2531676,0.0,0.0
Will Middlebrooks,7002,2020,31,-7.2998405,0.0,0.0
Alfredo Marte,5212,2020,31,-6.561585,0.0,0.0
Dan Uggla,3442,2020,40,-7.829752,0.0,0.0
Jayson Nix,3790,2020,37,-4.373702,0.0,0.23948626220226288
Paul Konerko,242,2020,44,-10.023387,0.0,0.0
Nate Schierholtz,6201,2020,36,-5.386761,0.0,0.0
Tony Gwynn,6141,2020,37,-5.1450396,0.0,0.0
Domonic Brown,3154,2020,32,-5.599391,0.0,0.0
Jordan Pacheco,2677,2020,34,-8.634707,0.0,0.0
John Baker,4756,2020,39,-9.318603,0.0,0.0
Brett Hayes,4293,2020,36,-7.160199,0.0,0.0
Raul Ibanez,607,2020,48,-9.187331,0.0,0.0
Stefen Romero,11746,2020,31,-5.8525524,0.0,0.0
A.J. Pierzynski,746,2020,43,-9.841062,0.0,0.0
Matt Dominguez,4903,2020,30,-7.892679,0.0,0.0
Alberto Callaspo,3336,2020,37,-9.009769,0.0,0.0
Ryan Raburn,2218,2020,39,-9.237905,0.0,0.0
Bryan Holaday,11287,2020,32,-7.185628,0.0,0.0
Tony Cruz,2802,2020,33,-7.1923823,0.0,0.0
Kendrys Morales,8610,2020,37,-9.310011,0.0,0.0
Allen Craig,3433,2020,35,-8.487872,0.0,0.0
Gerald Laird,1698,2020,40,-9.437251,0.0,0.0
Nick Swisher,4599,2020,39,-8.774856,0.0,0.0
A.J. Ellis,5677,2020,39,-9.713345,0.0,0.0
Jarrod Saltalamacchia,5557,2020,35,-7.5476747,0.0,0.0
Michael Choice,11376,2020,30,-7.7482495,0.0,0.0
Mookie Betts,13611,2021,28,14.510632,52.20486068725586,11.18529224395752
Gregory Polanco,12907,2021,29,13.956137,51.30626678466797,11.179364204406738
Rusney Castillo,17016,2021,33,19.545876,51.2188606262207,8.744315147399902
Terrance Gore,13658,2021,30,13.824147,50.06864547729492,10.90721321105957
Jonathan Villar,10071,2021,30,12.218037,48.47750473022461,11.245607376098633
Danny Santana,10322,2021,30,12.547314,47.89710998535156,10.605110168457031
Arismendy Alcantara,10711,2021,29,13.310478,46.1036262512207,9.913792610168457
Billy Hamilton,10199,2021,30,8.7718525,45.267242431640625,12.362910270690918
Cory Spangenberg,12294,2021,30,10.514415,45.08738327026367,10.820759773254395
Eury Perez,10299,2021,31,12.034399,43.494049072265625,9.363810539245605
Kolten Wong,12532,2021,30,11.043075,42.3770866394043,9.532920837402344
James Jones,9767,2021,32,10.88121,42.11769104003906,9.368236541748047
Christian Yelich,11477,2021,29,10.781032,41.72794723510742,9.591056823730469
Starling Marte,9241,2021,32,9.724186,41.22502517700195,9.693201065063477
Leonys Martin,11846,2021,33,10.071609,40.87364196777344,9.412019729614258
Billy Burns,12701,2021,31,9.0414095,40.675540924072266,9.634922981262207
Jose Altuve,5417,2021,31,9.180979,40.58635711669922,9.440954208374023
Jean Segura,5933,2021,31,9.949482,40.1346435546875,9.375932693481445
Matt den Dekker,11385,2021,33,10.537709,39.18875503540039,8.610880851745605
Dee Strange-Gordon,8203,2021,33,7.6759114,39.14234924316406,10.37415885925293
Elvis Andrus,8709,2021,32,9.528187,38.906917572021484,8.946514129638672
Ben Revere,4712,2021,33,8.242943,38.088478088378906,9.28054428100586
Mike Trout,10155,2021,29,9.574358,36.585880279541016,8.847628593444824
Jordan Schafer,9883,2021,34,8.197287,36.305301666259766,8.481135368347168
Jose Ramirez,13510,2021,28,8.824404,35.59625244140625,9.07892894744873
Shawn O'Malley,9629,2021,33,9.179401,35.31366729736328,8.048108100891113
Anthony Gose,5097,2021,30,8.583757,35.31020736694336,8.688445091247559
Everth Cabrera,8155,2021,34,7.33885,34.510597229003906,8.151647567749023
Jake Marisnick,11339,2021,30,7.899004,33.30887222290039,8.573862075805664
Alcides Escobar,6310,2021,34,7.3966713,32.99232864379883,7.939271926879883
Emilio Bonifacio,4054,2021,36,6.789725,32.6148796081543,7.7152509689331055
Leury Garcia,5913,2021,30,7.8527837,32.390953063964844,8.362091064453125
Carlos Gomez,4881,2021,35,6.3270683,31.98020362854004,7.6187286376953125
Jason Kipnis,9776,2021,34,7.0643697,31.74795150756836,7.804172515869141
Eric Young Jr.,7158,2021,36,6.4558983,31.670900344848633,7.495469570159912
Antoan Richardson,209,2021,37,6.7630515,31.597497940063477,7.325413703918457
Jarrod Dyson,4866,2021,36,6.068239,30.809307098388672,7.417575836181641
Craig Gentry,9571,2021,37,5.7779436,29.670408248901367,7.261624336242676
Jacoby Ellsbury,4727,2021,37,5.205912,29.10493278503418,7.179628849029541
Charlie Blackmon,7859,2021,34,5.615843,28.960186004638672,7.667269706726074
Lorenzo Cain,9077,2021,35,5.2686725,28.91510581970215,7.504290580749512
Chris Taylor,13757,2021,30,6.9142623,28.84125518798828,7.98369836807251
Pedro Ciriaco,5278,2021,35,6.308944,28.49188804626465,7.123534679412842
Luis Sardinas,13153,2021,28,5.5864267,26.180044174194336,8.097857475280762
A.J. Pollock,9256,2021,33,4.7302475,26.114898681640625,7.454012393951416
Pedro Florimon,8385,2021,34,4.7648997,25.701135635375977,7.215290546417236
Desmond Jennings,1965,2021,34,4.5230217,25.51557731628418,7.2554240226745605
Anthony Rendon,12861,2021,31,5.48032,24.983537673950195,7.3751630783081055
Jose Reyes,1736,2021,38,2.6754348,24.970748901367188,6.993338584899902
Drew Stubbs,9328,2021,36,3.7828157,24.826034545898438,6.982250213623047
Brett Gardner,9927,2021,37,2.9421113,24.299081802368164,6.975594997406006
Jimmy Paredes,5481,2021,32,4.9015145,24.236345291137695,7.209029197692871
Denard Span,8347,2021,37,2.3809462,24.01025390625,7.000865936279297
Carl Crawford,1201,2021,39,2.0085304,23.72748565673828,6.735342502593994
Tony Campana,4964,2021,35,3.5110123,23.42278480529785,6.935844898223877
Rajai Davis,3708,2021,40,1.4532574,23.275556564331055,6.556809902191162
Jason Heyward,4940,2021,31,4.404325,22.752771377563477,7.129055023193359
Andrew McCutchen,9847,2021,34,3.2788599,22.573999404907227,6.909762382507324
James McCann,12859,2021,31,4.5555696,22.41304588317871,6.931941032409668
Eduardo Nunez,6848,2021,34,3.279538,22.294790267944336,6.789292335510254
Angel Pagan,2918,2021,39,0.79880637,22.165035247802734,6.659148693084717
Adam Eaton,11205,2021,32,3.8244634,21.857397079467773,6.875254154205322
Brian Dozier,9810,2021,34,3.066207,20.991043090820312,6.602510452270508
Michael Brantley,4106,2021,34,2.8622355,20.85198211669922,6.570541858673096
Brock Holt,9345,2021,33,2.8690505,19.31324005126953,6.325375080108643
Ian Desmond,6885,2021,35,1.4802954,19.2811336517334,6.323802947998047
Ezequiel Carrera,9048,2021,34,1.9590713,19.044509887695312,6.267663478851318
Javier Baez,12979,2021,28,3.555198,19.02202796936035,6.807542324066162
Christian Colon,11145,2021,32,3.1728275,18.704891204833984,6.060291290283203
Nyjer Morgan,4885,2021,40,1.0941206,18.493656158447266,5.873112201690674
Coco Crisp,1572,2021,41,-0.95921826,18.425233840942383,5.799363136291504
Jimmy Rollins,971,2021,42,-1.7972163,17.908340454101562,5.523446559906006
Sam Fuld,8254,2021,39,-0.4939937,17.846725463867188,5.841596603393555
Kristopher Negron,5306,2021,35,1.7134503,17.146512985229492,5.666711330413818
Melvin Upton Jr.,5015,2021,36,0.285092,16.987539291381836,5.8387346267700195
Alejandro De Aza,3371,2021,37,-1.0318693,16.88411521911621,5.732319355010986
Chris Getz,3388,2021,37,-0.36764812,16.88083839416504,5.778326034545898
Dexter Fowler,4062,2021,35,0.81985074,16.66539192199707,5.891159534454346
Alex Hassan,9959,2021,33,6.2253466,16.618520736694336,4.624144554138184
Austin Jackson,9848,2021,34,1.1435726,16.501863479614258,5.82735013961792
Michael Bourn,6387,2021,38,-1.1276226,16.31108283996582,5.5291748046875
Juan Lagares,5384,2021,32,1.7389342,15.894363403320312,5.791741847991943
Josh Harrison,8202,2021,33,1.310333,15.626203536987305,5.657268047332764
Ender Inciarte,4922,2021,30,1.9013042,15.456052780151367,5.8756279945373535
Jace Peterson,12325,2021,31,2.2872183,14.94150447845459,5.1680588722229
Andrew Romine,1159,2021,35,0.33784127,14.812329292297363,5.322895050048828
Quintin Berry,9414,2021,36,0.005939625,14.448230743408203,5.167709827423096
Nori Aoki,13075,2021,39,-2.3583121,14.384126663208008,4.989468097686768
Jemile Weeks,2498,2021,34,0.3221118,12.995359420776367,4.7193803787231445
Didi Gregorius,6012,2021,31,1.8559351,12.448895454406738,4.4006667137146
Alex Rios,2090,2021,40,-2.9497283,12.3567476272583,4.33524751663208
Ian Kinsler,6195,2021,39,-2.1911807,11.64932918548584,4.347413539886475
Aaron Hicks,5297,2021,31,0.8324533,11.478168487548828,4.649343013763428
Alexei Ramirez,5133,2021,39,-2.6147282,11.342552185058594,4.188427448272705
Chris Owings,10030,2021,29,1.002706,10.888005256652832,4.381582260131836
Jorge Polanco,13152,2021,27,2.168377,10.836860656738281,4.127467155456543
Paul Goldschmidt,9218,2021,33,-0.08864495,10.653606414794922,4.353363037109375
Alexi Amarista,9063,2021,32,0.27675083,9.999241828918457,3.8888649940490723
Yasiel Puig,14225,2021,30,0.48332918,9.768988609313965,4.150382041931152
Todd Frazier,785,2021,35,-1.2280898,8.986852645874023,3.737915277481079
Jim Adduci,6448,2021,36,-1.2977389,8.644024848937988,3.6164140701293945
Jordan Danks,9187,2021,34,-0.8860966,8.562498092651367,3.6620068550109863
Chone Figgins,1580,2021,43,-4.655182,7.751140594482422,2.854696750640869
George Springer,12856,2021,31,-0.24273847,7.588996410369873,3.3111624717712402
Cliff Pennington,3395,2021,37,-1.9866016,7.526572227478027,3.1136634349823
Jason Bartlett,8219,2021,41,4.991243,7.420383453369141,3.064148187637329
Gregor Blanco,3123,2021,37,-2.8375914,7.254211902618408,2.9704418182373047
Erick Aybar,4082,2021,37,-2.487287,7.249898910522461,3.06941819190979
Bryce Brentz,10607,2021,32,0.23481548,7.134195327758789,2.717872142791748
Michael Saunders,9981,2021,34,-1.1061913,7.130246162414551,3.2170281410217285
Peter Bourjos,2578,2021,34,-1.243869,6.819405555725098,2.9452075958251953
Zoilo Almonte,6732,2021,32,-0.71064025,6.773421764373779,2.725825786590576
Hunter Pence,8252,2021,38,-2.6391075,6.567183494567871,2.8830552101135254
Mike Aviles,5986,2021,40,-3.888125,6.472733974456787,2.6545825004577637
Ichiro Suzuki,1101,2021,47,-5.834364,6.466601371765137,2.2015297412872314
Derek Dietrich,10542,2021,31,-0.07402116,6.384692668914795,2.4978766441345215
Daniel Murphy,4316,2021,36,-2.1851528,6.379271507263184,2.7506353855133057
Junior Lake,4672,2021,31,-0.68776965,6.111057281494141,2.856318712234497
Brandon Guyer,2636,2021,35,-1.5290096,5.697822093963623,2.4342992305755615
Domingo Santana,10348,2021,28,0.19787996,5.534249305725098,2.511451005935669
DJ LeMahieu,9874,2021,32,-1.2669332,5.3693528175354,2.5934336185455322
Eric Sogard,7927,2021,35,-2.0604784,5.21308708190918,2.435352325439453
Will Venable,211,2021,38,-3.2346609,5.123775482177734,2.3505496978759766
Kirk Nieuwenhuis,6400,2021,33,-1.3689685,5.041569232940674,2.1088860034942627
Nate McLouth,3190,2021,39,-3.191719,4.533640384674072,2.1656718254089355
Alex Gordon,5209,2021,37,-2.7986596,4.1634840965271,2.069821357727051
Jay Bruce,9892,2021,34,-1.9952139,4.128509998321533,1.9731996059417725
Justin Upton,5222,2021,33,-1.7053473,3.7860047817230225,1.9238653182983398
Brad Miller,12775,2021,31,-1.3057128,3.289405107498169,1.7740283012390137
Hanley Ramirez,8001,2021,37,-3.6456676,3.261260509490967,1.645869255065918
Kevin Kiermaier,11038,2021,31,-1.4499947,3.200312852859497,1.8349579572677612
Dustin Ackley,10099,2021,33,-1.8753871,3.1811459064483643,1.7359323501586914
Adam Jones,6368,2021,35,-2.210387,3.072774648666382,1.6039992570877075
Rymer Liriano,4779,2021,30,-2.510732,2.488952159881592,1.66270911693573
Shane Victorino,1677,2021,40,-4.3941135,2.4370577335357666,1.2500135898590088
Tyler Holt,11391,2021,32,-1.8075424,2.378270149230957,1.531435251235962
Christian Walker,13419,2021,30,-1.0831908,2.185802698135376,1.2178937196731567
Tomas Telis,10067,2021,30,-1.0831908,2.185802698135376,1.2178937196731567
JB Shuck,6677,2021,34,-2.295306,2.0290865898132324,1.09275221824646
Carlos Peguero,8760,2021,34,-1.5810808,2.0196218490600586,1.1254284381866455
Tommy Medica,11147,2021,33,-2.282738,1.9759191274642944,1.0759769678115845
David Lough,7215,2021,35,-2.8194313,1.9413495063781738,1.3127046823501587
Daniel Robertson,6266,2021,35,-3.2935777,1.919933557510376,1.2240643501281738
Brennan Boesch,914,2021,36,-3.52193,1.9063365459442139,1.0794942378997803
Maicer Izturis,2437,2021,40,-4.6606402,1.7498444318771362,1.1774511337280273
Josh Rutledge,11167,2021,32,-2.084384,1.702674388885498,1.1826056241989136
Ryan Kalish,6962,2021,33,-2.7582994,1.175102710723877,1.012710452079773
Cameron Maybin,5223,2021,34,-3.2525196,1.0650674104690552,0.8855595588684082
Jordany Valdespin,5098,2021,33,-2.0680096,0.9954071640968323,0.8895766735076904
Giancarlo Stanton,4949,2021,31,-2.810788,0.9321145415306091,0.8212425112724304
Bryce Harper,11579,2021,28,-2.4991138,0.8416828513145447,1.3589648008346558
Logan Watkins,4875,2021,31,-2.1067884,0.8369882106781006,0.6602606177330017
Danny Espinosa,9219,2021,34,-3.1417398,0.651290774345398,0.5985721945762634
Eli Whiteside,3536,2021,41,-5.4116535,0.45078495144844055,0.6065489649772644
Efren Navarro,9854,2021,35,-3.0407295,0.31977713108062744,0.7881000638008118
Brian Roberts,166,2021,43,-6.2015944,0.09048428386449814,0.4987693727016449
Buster Posey,9166,2021,34,-9.123748,0.0,0.0
Jonathan Lucroy,7870,2021,35,-8.295638,0.0,0.0
Jose Bautista,1887,2021,40,-8.285972,0.0,0.0
Russell Martin,4616,2021,38,-7.916584,0.0,0.0
Adrian Beltre,639,2021,42,-9.787943,0.0,0.0
Josh Donaldson,5038,2021,35,-7.302584,0.0,0.0
Robinson Cano,3269,2021,38,-7.4054255,0.0,0.0
Jose Abreu,15676,2021,34,-8.708051,0.0,0.0
Anthony Rizzo,3473,2021,31,-6.617283,0.0,0.0
Jayson Werth,1327,2021,42,-5.7672296,0.0,0.0
Miguel Cabrera,1744,2021,38,-9.602677,0.0,0.0
Kyle Seager,9785,2021,33,-6.2619734,0.0,0.0
Troy Tulowitzki,3531,2021,36,-8.255835,0.0,0.0
Yan Gomes,9627,2021,33,-8.39851,0.0,0.0
Rene Rivera,3648,2021,37,-9.726084,0.0,0.0
Ben Zobrist,7435,2021,40,-5.5535836,0.0,0.24086754024028778
Victor Martinez,393,2021,42,-9.629284,0.0,0.0
Jhonny Peralta,1738,2021,39,-9.14562,0.0,0.0
Howie Kendrick,4229,2021,37,-5.783576,0.0,0.0
Steve Pearce,9957,2021,38,-6.15373,0.0,0.0
Freddie Freeman,5361,2021,31,-7.1993303,0.0,0.0
Marcell Ozuna,10324,2021,30,-4.5195885,0.0,0.0
Neil Walker,7539,2021,35,-7.643034,0.0,0.0
Mike Zunino,13265,2021,30,-7.242454,0.0,0.0
Devin Mesoraco,5666,2021,33,-8.270394,0.0,0.0
Nelson Cruz,2434,2021,40,-9.038594,0.0,0.0
J.D. Martinez,6184,2021,33,-7.0000124,0.0,0.0
Dustin Pedroia,8370,2021,37,-6.0017033,0.0,0.0
Edwin Encarnacion,2151,2021,38,-8.080369,0.0,0.0
Adrian Gonzalez,1908,2021,39,-9.813533,0.0,0.0
Chase Utley,1679,2021,42,-5.2310915,0.0,0.5364318490028381
Evan Longoria,9368,2021,35,-7.243947,0.0,0.0
Yoenis Cespedes,13110,2021,35,-4.2398376,0.0,0.0
Justin Turner,5235,2021,36,-7.48078,0.0,0.0
Juan Uribe,454,2021,42,-9.728355,0.0,0.0
Kole Calhoun,11200,2021,33,-4.0831523,0.0,0.0
Trevor Plouffe,7462,2021,35,-8.676972,0.0,0.0
Matt Carpenter,8090,2021,35,-6.346738,0.0,0.0
Chase Headley,4720,2021,37,-7.4406385,0.0,0.0
Pablo Sandoval,5409,2021,34,-9.251546,0.0,0.0
Miguel Montero,3364,2021,37,-9.3729,0.0,0.0
Matt Holliday,1873,2021,41,-9.089683,0.0,0.0
Starlin Castro,4579,2021,31,-6.297316,0.0,0.0
Luis Valbuena,4969,2021,35,-8.048103,0.0,0.0
Yadier Molina,7007,2021,38,-9.453414,0.0,0.0
Brian McCann,4810,2021,37,-9.731573,0.0,0.0
Lucas Duda,2502,2021,35,-7.9837165,0.0,0.0
Melky Cabrera,4022,2021,36,-7.8572497,0.0,0.0
Travis d'Arnaud,7739,2021,32,-8.724625,0.0,0.0
Tyler Flowers,9134,2021,35,-9.168477,0.0,0.0
J.J. Hardy,3797,2021,38,-9.918189,0.0,0.0
Corey Dickerson,10762,2021,32,-4.2643824,0.0,0.0
Scott Van Slyke,4365,2021,34,-7.6021047,0.0,0.0
Yasmani Grandal,11368,2021,32,-8.149491,0.0,0.0
Hank Conger,2505,2021,33,-8.619512,0.0,0.0
Seth Smith,7331,2021,38,-9.196845,0.0,0.0
Albert Pujols,1177,2021,41,-9.497862,0.0,0.0
Brandon Moss,4467,2021,37,-8.26118,0.0,0.0
Brandon Crawford,5343,2021,34,-6.430613,0.0,0.0
Nolan Arenado,9777,2021,30,-7.5904827,0.0,0.0
Evan Gattis,11003,2021,34,-9.300174,0.0,0.0
Eduardo Escobar,6153,2021,32,-5.302131,0.0,0.0
Matt Kemp,5631,2021,36,-6.4184394,0.0,0.0
David Freese,9549,2021,38,-9.128158,0.0,0.0
Chris Coghlan,6878,2021,36,-5.250907,0.0,0.0
Justin Morneau,1737,2021,40,-9.84208,0.0,0.0
Carlos Santana,2396,2021,35,-8.1188135,0.0,0.0
Manny Machado,11493,2021,28,-6.7401085,0.0,0.0
Nick Markakis,5930,2021,37,-8.745856,0.0,0.0
Daniel Nava,5450,2021,38,-6.7898264,0.0,0.0
David Ortiz,745,2021,45,-10.807616,0.0,0.0
Derek Norris,6867,2021,32,-6.524247,0.0,0.0
Marlon Byrd,950,2021,43,-8.794998,0.0,0.0
Mike Napoli,3057,2021,39,-9.178598,0.0,0.0
Josh Reddick,3892,2021,34,-3.4691296,0.0,0.0
Jason Castro,8722,2021,34,-7.3985534,0.0,0.0
Christian Vazquez,9774,2021,30,-8.445984,0.0,0.0
Adam LaRoche,1904,2021,41,-9.877592,0.0,0.0
Chris Iannetta,8267,2021,38,-8.589003,0.0,0.0
Jordy Mercer,6547,2021,34,-7.9801636,0.0,0.0
Francisco Cervelli,5275,2021,35,-8.723225,0.0,0.0
Chris Carter,9911,2021,34,-7.692159,0.0,0.0
Casey McGehee,6086,2021,38,-9.015831,0.0,0.0
Asdrubal Cabrera,4962,2021,35,-5.201216,0.0,0.0
Matt Adams,9393,2021,32,-7.7086244,0.0,0.0
Carlos Ruiz,2579,2021,42,-8.79446,0.0,0.0
Salvador Perez,7304,2021,31,-8.414307,0.0,0.0
Caleb Joseph,7087,2021,35,-9.166363,0.0,0.0
Adam Lind,8027,2021,37,-9.40012,0.0,0.0
Aramis Ramirez,1002,2021,43,-9.920729,0.0,0.0
Scooter Gennett,10339,2021,31,-6.4471536,0.0,0.0
Conor Gillaspie,9009,2021,33,-7.139008,0.0,0.0
Jon Jay,5227,2021,36,-6.6594386,0.0,0.0
Joe Mauer,1857,2021,38,-7.1283383,0.0,0.0
Yangervis Solarte,5352,2021,33,-8.905149,0.0,0.0
Jed Lowrie,4418,2021,37,-9.607184,0.0,0.0
Andrelton Simmons,10847,2021,31,-6.827347,0.0,0.0
Michael Cuddyer,1534,2021,42,-7.367863,0.0,0.0
Michael Morse,3035,2021,39,-10.019088,0.0,0.0
Travis Snider,2830,2021,33,-7.050284,0.0,0.0
Lonnie Chisenhall,7571,2021,32,-7.0977635,0.0,0.0
Brett Lawrie,5247,2021,31,-3.5863276,0.0,0.0
David Wright,3787,2021,38,-5.1810274,0.0,0.5223035216331482
Stephen Vogt,5000,2021,36,-6.8860006,0.0,0.0
Colby Rasmus,9893,2021,34,-3.4221137,0.0,0.0
Martin Prado,3312,2021,37,-8.522743,0.0,0.0
Matt Joyce,3353,2021,36,-6.2034907,0.0,0.0
Chris Stewart,3878,2021,39,-9.10667,0.0,0.0
Ruben Tejada,5519,2021,31,-7.4801016,0.0,0.0
Ryan Hanigan,4952,2021,40,-9.8394575,0.0,0.0
Khris Davis,9112,2021,33,-7.9781375,0.0,0.0
Josh Willingham,2103,2021,42,-8.594114,0.0,0.0
Collin Cowgill,7250,2021,35,-4.7672935,0.0,0.0
Brandon Phillips,791,2021,40,-8.7200775,0.0,0.0
Rickie Weeks Jr.,1849,2021,38,-7.4157,0.0,0.0
Madison Bumgarner,5524,2021,31,-7.6652136,0.0,0.0
Marwin Gonzalez,5497,2021,32,-6.1831436,0.0,0.0
Joe Panik,11936,2021,30,-3.7070787,0.0,0.0
Martin Maldonado,6887,2021,34,-8.832086,0.0,0.0
Robinson Chirinos,3142,2021,37,-9.406685,0.0,0.0
Alex Avila,7476,2021,34,-8.699709,0.0,0.0
Zack Cozart,2616,2021,35,-4.7405534,0.0,0.0
Ryan Zimmerman,4220,2021,36,-8.683078,0.0,0.0
Juan Francisco,6978,2021,34,-8.319599,0.0,0.0
Curtis Granderson,4747,2021,40,-5.0816026,0.0,0.16172875463962555
Carlos Corporan,5587,2021,37,-9.541978,0.0,0.0
Wilmer Flores,5827,2021,29,-6.1331973,0.0,0.0
Ryan Braun,3410,2021,37,-5.645779,0.0,0.37703922390937805
Torii Hunter,731,2021,45,-8.871728,0.0,0.0
Josh Hamilton,1875,2021,40,-7.966216,0.0,0.0
Enrique Hernandez,10472,2021,29,-2.4696226,0.0,0.0984111875295639
Darwin Barney,2430,2021,35,-6.0987806,0.0,0.0
David Ross,1551,2021,44,-9.174272,0.0,0.0
David Peralta,2136,2021,33,-3.919214,0.0,0.0
Rougned Odor,12282,2021,27,-3.0514948,0.0,0.7113069891929626
Wilson Ramos,1433,2021,33,-8.713385,0.0,0.0
Andre Ethier,6265,2021,39,-8.578272,0.0,0.0
Mark Reynolds,7619,2021,37,-7.5661182,0.0,0.0
Jake Smolinski,5408,2021,32,-6.1587586,0.0,0.0
Delmon Young,2140,2021,35,-8.444237,0.0,0.0
Oswaldo Arcia,10306,2021,30,-6.6432147,0.0,0.0
James Loney,4556,2021,37,-9.269814,0.0,0.0
Adam Rosales,9682,2021,38,-5.4948716,0.0,0.0
Chris Davis,9272,2021,35,-6.9715357,0.0,0.0
Travis Wood,9884,2021,34,-7.9860916,0.0,0.0
Chris Young,3882,2021,37,-4.089012,0.0,0.5981433987617493
Eugenio Suarez,12552,2021,29,-4.1229563,0.0,0.0
Michael McKenry,9628,2021,36,-8.332264,0.0,0.0
Joey Votto,4314,2021,37,-8.96684,0.0,0.0
Andrew Susac,13132,2021,31,-3.1249974,0.0,0.0
Brandon Belt,10264,2021,33,-7.085025,0.0,0.0
Logan Morrison,9205,2021,33,-7.469506,0.0,0.0
Donovan Solano,8623,2021,33,-7.8200665,0.0,0.0
Zack Greinke,1943,2021,37,-8.282823,0.0,0.0
Jose Molina,25,2021,46,-9.864246,0.0,0.0
Jorge Soler,14221,2021,29,-3.4337683,0.0,0.04563525691628456
Mark Teixeira,1281,2021,41,-9.6987095,0.0,0.0
Gerardo Parra,8553,2021,34,-3.3668928,0.0,0.5628114342689514
Ramon Santiago,1417,2021,41,-8.833449,0.0,0.0
Ryan Flaherty,7888,2021,34,-5.0361795,0.0,0.0
Chris Heisey,3978,2021,36,-4.0167193,0.0,0.3100784122943878
Drew Butera,3411,2021,37,-9.36657,0.0,0.0
Kevin Kouzmanoff,5995,2021,39,-9.515904,0.0,0.0
Matt Wieters,4298,2021,35,-8.616763,0.0,0.0
John Jaso,5887,2021,37,-7.9915686,0.0,0.0
Ike Davis,8433,2021,34,-8.453594,0.0,0.0
Cody Asche,11997,2021,31,-7.435836,0.0,0.0
Roberto Perez,2900,2021,32,-8.687541,0.0,0.0
Robbie Grossman,5254,2021,31,-5.075572,0.0,0.0
Kelly Johnson,2234,2021,39,-7.384863,0.0,0.0
Erik Kratz,4403,2021,41,-10.025678,0.0,0.0
Kyle Blanks,49,2021,34,-8.458636,0.0,0.0
Rafael Ynoa,2832,2021,33,-8.802529,0.0,0.0
Kennys Vargas,12101,2021,30,-5.9495792,0.0,0.0
Justin Ruggiano,7620,2021,39,-5.582183,0.0,0.0
David DeJesus,1825,2021,41,-8.302536,0.0,0.0
John Mayberry,3390,2021,37,-8.49778,0.0,0.0
Gregorio Petit,3812,2021,36,-7.456388,0.0,0.0
Travis Ishikawa,4793,2021,37,-8.258427,0.0,0.0
John Ryan Murphy,10346,2021,30,-3.917721,0.0,0.0
Yonder Alonso,2530,2021,34,-5.4156117,0.0,0.0
Marcus Semien,12533,2021,30,-4.9875894,0.0,0.0
Danny Valencia,6364,2021,36,-8.857134,0.0,0.0
Adeiny Hechavarria,10459,2021,32,-5.6784987,0.0,0.0
Omar Infante,1609,2021,39,-5.7650166,0.0,0.0
Abraham Almonte,5486,2021,32,-5.1789384,0.0,0.0
Jose Lobaton,4243,2021,36,-9.385666,0.0,0.0
Mike Leake,10130,2021,33,-8.077464,0.0,0.0
Shelby Miller,10197,2021,30,-7.179994,0.0,0.0
Clayton Kershaw,2036,2021,33,-6.7805834,0.0,0.0
Ben Paulsen,9741,2021,33,-9.143093,0.0,0.0
Eric Chavez,906,2021,43,-8.935044,0.0,0.0
Adam Dunn,319,2021,41,-9.933263,0.0,0.0
Ryan Rua,12409,2021,31,-7.017341,0.0,0.0
Wilin Rosario,8002,2021,32,-8.346315,0.0,0.0
Shin-Soo Choo,3174,2021,38,-5.2499633,0.0,0.0
Nick Castellanos,11737,2021,29,-7.308234,0.0,0.0
Kevin Pillar,12434,2021,32,-3.987942,0.0,0.0
Eric Campbell,6938,2021,34,-7.5471416,0.0,0.0
Yunel Escobar,4191,2021,38,-9.332736,0.0,0.0
Chris Johnson,1191,2021,36,-8.7831955,0.0,0.0
Ryan Sweeney,6352,2021,36,-8.512114,0.0,0.0
Chris Gimenez,7324,2021,38,-8.41459,0.0,0.0
Mike Moustakas,4892,2021,32,-8.231774,0.0,0.0
Munenori Kawasaki,13047,2021,40,-8.067244,0.0,0.0
Wil Nieves,1556,2021,43,-9.7839155,0.0,0.0
Brandon Hicks,4003,2021,35,-7.852555,0.0,0.0
Jonathan Schoop,11265,2021,29,-6.3955407,0.0,0.0
Jacob deGrom,10954,2021,33,-8.112962,0.0,0.0
Adam Wainwright,2233,2021,39,-9.287791,0.0,0.0
Nick Evans,7595,2021,35,-8.597618,0.0,0.0
Pete Kozma,2539,2021,33,-2.3170922,0.0,0.1842363327741623
Garin Cecchini,11608,2021,30,-2.231136,0.0,0.15486784279346466
Jhoulys Chacin,2608,2021,33,-8.0447855,0.0,0.0
Garrett Jones,2714,2021,40,-9.941314,0.0,0.0
Pedro Alvarez,2495,2021,34,-6.559248,0.0,0.0
Darin Ruf,9929,2021,34,-9.149191,0.0,0.0
Welington Castillo,3256,2021,34,-9.228528,0.0,0.0
Randal Grichuk,10243,2021,29,-6.984272,0.0,0.0
Jonny Gomes,1845,2021,40,-8.347516,0.0,0.0
Ramiro Pena,8841,2021,35,-6.881825,0.0,0.0
Phil Gosselin,10953,2021,32,-3.4663992,0.0,0.0
Clint Barmes,1830,2021,42,-9.034595,0.0,0.0
Jordan Lyles,7593,2021,30,-7.179994,0.0,0.0
Jake Arrieta,4153,2021,35,-8.514756,0.0,0.0
Cole Hamels,4972,2021,37,-8.95513,0.0,0.0
Gerrit Cole,13125,2021,30,-7.222564,0.0,0.0
Dan Haren,1757,2021,40,-9.442452,0.0,0.0
Tyson Ross,7872,2021,34,-8.287927,0.0,0.0
Carlos Rivero,1136,2021,33,-8.112962,0.0,0.0
Jose Pirela,5485,2021,31,-7.5639935,0.0,0.0
George Kottaras,5506,2021,38,-8.058378,0.0,0.0
Gary Brown,11464,2021,32,-3.2082546,0.0,0.0
Max Stassi,10059,2021,30,-7.7415223,0.0,0.0
Marco Gonzales,15467,2021,29,-6.9034467,0.0,0.0
Matt McBride,9373,2021,36,-7.274329,0.0,0.0
Andres Blanco,1907,2021,37,-9.666148,0.0,0.0
Scott Sizemore,2881,2021,36,-5.416063,0.0,0.0
Dalton Pompey,12797,2021,28,-3.8751848,0.0,0.2278526872396469
Justin Bour,9744,2021,33,-9.071588,0.0,0.0
Dilson Herrera,14335,2021,27,-7.6787124,0.0,0.0
Sean Rodriguez,6589,2021,36,-7.4758506,0.0,0.0
Tommy La Stella,12371,2021,32,-8.105756,0.0,0.0
Derek Jeter,826,2021,47,-8.74305,0.0,0.0
Joe Kelly,9761,2021,33,-4.757298,0.0,0.0
Nick Punto,1429,2021,43,-8.361563,0.0,0.0
Josh Wilson,2102,2021,40,-8.87975,0.0,0.0
Jaime Garcia,8137,2021,34,-8.287927,0.0,0.0
Jeff Mathis,3448,2021,38,-9.421024,0.0,0.0
Jackie Bradley Jr.,12984,2021,31,-3.505121,0.0,0.0
Cliff Lee,1636,2021,42,-9.034583,0.0,0.0
Jacob Turner,10185,2021,30,-7.179994,0.0,0.0
Josh Beckett,510,2021,41,-9.581448,0.0,0.0
Mike Minor,10021,2021,33,-8.0447855,0.0,0.0
Jordan Zimmermann,4505,2021,35,-8.549608,0.0,0.0
Henderson Alvarez,5669,2021,31,-7.4925876,0.0,0.0
Ian Kennedy,6986,2021,36,-8.760238,0.0,0.0
Buddy Carlyle,2010,2021,43,-9.828022,0.0,0.0
Brian Schlitter,3599,2021,35,-8.459576,0.0,0.0
Jeanmar Gomez,9033,2021,33,-8.0447855,0.0,0.0
Gus Schlosser,12321,2021,32,-7.851468,0.0,0.0
Jeurys Familia,5114,2021,31,-7.4925876,0.0,0.0
Zach McAllister,2895,2021,33,-8.0447855,0.0,0.0
Clay Buchholz,3543,2021,36,-8.727493,0.0,0.0
Pedro Villarreal,9904,2021,33,-8.0447855,0.0,0.0
Drew Hutchison,10732,2021,30,-7.1986337,0.0,0.0
Robbie Ray,11486,2021,29,-6.9034467,0.0,0.0
Nick Tepesch,11716,2021,32,-7.8203554,0.0,0.0
Brad Penny,535,2021,43,-9.839996,0.0,0.0
Colby Lewis,1259,2021,41,-9.575214,0.0,0.0
Seth Maness,12235,2021,32,-7.8203554,0.0,0.0
Donn Roach,10620,2021,31,-7.5639935,0.0,0.0
Doug Bernier,4518,2021,41,-8.233697,0.0,0.0
Brandon Barnes,629,2021,35,-6.079347,0.0,0.0
Nolan Reimold,3441,2021,37,-6.2350807,0.0,0.0
James Shields,7059,2021,39,-9.287791,0.0,0.0
Craig Stammen,7274,2021,37,-8.92742,0.0,0.0
Chris Parmelee,2554,2021,33,-8.36991,0.0,0.0
Endy Chavez,768,2021,43,-7.9448614,0.0,0.0
Tyler Moore,7244,2021,34,-8.391937,0.0,0.0
Steve Tolleson,4450,2021,37,-8.845329,0.0,0.0
Justin Verlander,8700,2021,38,-9.11516,0.0,0.0
Daniel Corcino,9266,2021,30,-7.2498674,0.0,0.0
Bud Norris,9492,2021,36,-8.727493,0.0,0.0
Tony Sanchez,6178,2021,33,-9.014131,0.0,0.0
Xander Bogaerts,12161,2021,28,-4.4233055,0.0,0.0
Tyler Colvin,5310,2021,35,-7.4500866,0.0,0.0
Willie Bloomquist,1066,2021,43,-7.8888206,0.0,0.0
Jake Lamb,13329,2021,30,-2.8421118,0.0,0.35669881105422974
Kevin Correia,1767,2021,40,-9.401734,0.0,0.0
Matt Duffy,13836,2021,30,-5.1968865,0.0,0.0
Johnny Giavotella,6740,2021,33,-2.6436393,0.0,0.0
Ed Lucas,7532,2021,39,-8.1350155,0.0,0.0
Hector Sanchez,10289,2021,31,-6.8711543,0.0,0.0
Wandy Rodriguez,2586,2021,42,-9.707843,0.0,0.0
Carlos Martinez,11682,2021,29,-6.878037,0.0,0.0
Alex Cobb,6562,2021,33,-8.0447855,0.0,0.0
Miguel Rojas,7802,2021,32,-8.3412075,0.0,0.0
Jesus Sucre,5942,2021,33,-5.847662,0.0,0.0
Bronson Arroyo,978,2021,44,-9.938274,0.0,0.0
Tyler Matzek,10058,2021,30,-7.2498674,0.0,0.0
Daisuke Matsuzaka,7775,2021,40,-9.442452,0.0,0.0
Jeff Samardzija,3254,2021,36,-8.727493,0.0,0.0
Edwin Jackson,1841,2021,37,-8.956739,0.0,0.0
Matt Cain,4732,2021,36,-8.757795,0.0,0.0
Jarred Cosart,10304,2021,31,-7.53518,0.0,0.0
Wade Miley,8779,2021,34,-8.287927,0.0,0.0
Hyun-Jin Ryu,14444,2021,34,-8.321921,0.0,0.0
Kyle Hendricks,12049,2021,31,-7.5639935,0.0,0.0
A.J. Burnett,512,2021,44,-9.938274,0.0,0.0
David Buchanan,11176,2021,32,-7.851468,0.0,0.0
Stephen Strasburg,10131,2021,32,-7.8206887,0.0,0.0
Jon Niese,4424,2021,34,-8.326291,0.0,0.0
Francisco Pena,8298,2021,31,-7.5639935,0.0,0.0
Antonio Bastardo,8844,2021,35,-8.514756,0.0,0.0
J.J. Hoover,9037,2021,33,-8.0447855,0.0,0.0
Audry Perez,9176,2021,32,-7.8203554,0.0,0.0
Andrew Chafin,12988,2021,31,-7.5639935,0.0,0.0
Joey Terdoslavich,10593,2021,32,-8.823245,0.0,0.0
Steven Moya,11854,2021,29,-6.9034467,0.0,0.0
Jackson Williams,8524,2021,35,-9.382987,0.0,0.0
Clint Robinson,6908,2021,36,-9.349065,0.0,0.0
Josh Phegley,9308,2021,33,-8.6429615,0.0,0.0
Nate Freiman,6582,2021,34,-9.303374,0.0,0.0
Gaby Sanchez,3361,2021,37,-8.71982,0.0,0.0
Jason Lane,1397,2021,44,-9.831356,0.0,0.0
Tony Watson,3132,2021,36,-8.727493,0.0,0.0
David Huff,4257,2021,36,-8.727493,0.0,0.0
John Danks,6329,2021,36,-8.727493,0.0,0.0
Taylor Hill,12515,2021,32,-7.851468,0.0,0.0
Tyler Collins,12723,2021,31,-8.046992,0.0,0.0
Michael Taylor,2591,2021,35,-8.540453,0.0,0.0
Jesus Montero,5514,2021,31,-8.254581,0.0,0.0
Chris Dickerson,7095,2021,39,-4.9505744,0.0,0.16716454923152924
Nick Hundley,3376,2021,37,-9.091468,0.0,0.0
Matt Szczur,11255,2021,31,-4.059309,0.0,0.0
Steve Lombardozzi,5422,2021,32,-7.5338564,0.0,0.0
Andrew Lambo,5386,2021,32,-8.428557,0.0,0.0
Cole Figueroa,8790,2021,34,-5.576267,0.0,0.0
Chris Denorfia,4400,2021,40,-5.971786,0.0,0.0
Anibal Sanchez,3284,2021,37,-8.92742,0.0,0.0
Zeke Spruill,3873,2021,31,-7.53518,0.0,0.0
Samuel Deduno,5285,2021,37,-8.92742,0.0,0.0
Yu Darvish,13074,2021,34,-8.287927,0.0,0.0
Jonathan Herrera,4182,2021,36,-7.0856166,0.0,0.0
Ehire Adrianza,8418,2021,31,-7.378366,0.0,0.0
Greg Garcia,10951,2021,31,-4.01428,0.0,0.0
Hernan Perez,5751,2021,30,-6.690824,0.0,0.0
Tyler Thornburg,10688,2021,32,-7.7803307,0.0,0.0
Robbie Ross Jr.,6819,2021,32,-7.7803307,0.0,0.0
Dan Straily,9460,2021,32,-7.7803307,0.0,0.0
Nick Tropeano,12385,2021,30,-7.2498674,0.0,0.0
Hector Santiago,4026,2021,33,-8.0447855,0.0,0.0
Bobby Wilson,6564,2021,38,-9.188967,0.0,0.0
Kyle Gibson,10123,2021,33,-8.081041,0.0,0.0
Dallas Beeler,11471,2021,32,-7.851468,0.0,0.0
Yordano Ventura,11855,2021,30,-7.222564,0.0,0.0
Andy Parrino,3972,2021,35,-8.775564,0.0,0.0
Joc Pederson,11899,2021,29,-6.190827,0.0,0.0
Tucker Barnhart,10200,2021,30,-4.0411487,0.0,0.0
Nick Franklin,10166,2021,30,-4.322522,0.0,0.0
Jonathan Diaz,4142,2021,36,-4.630919,0.0,0.0
Brett Anderson,8223,2021,33,-8.0447855,0.0,0.0
Corey Kluber,2429,2021,35,-8.514756,0.0,0.0
Christian Friedrich,7942,2021,33,-8.051333,0.0,0.0
Chase Whitley,10982,2021,32,-7.851468,0.0,0.0
Felix Doubront,1478,2021,33,-8.0447855,0.0,0.0
Justin Masterson,2038,2021,36,-8.727493,0.0,0.0
Ross Detwiler,2859,2021,35,-8.514756,0.0,0.0
C.J. Wilson,3580,2021,40,-9.442452,0.0,0.0
Jerome Williams,1137,2021,39,-9.287791,0.0,0.0
Jimmy Nelson,10547,2021,32,-7.8203554,0.0,0.0
Homer Bailey,8362,2021,35,-8.514756,0.0,0.0
Josh Collmenter,7312,2021,35,-8.514756,0.0,0.0
Ryan Vogelsong,1011,2021,43,-9.824406,0.0,0.0
Kyle Kendrick,6230,2021,36,-8.727493,0.0,0.0
Jason Hammel,4538,2021,38,-9.11516,0.0,0.0
Randy Wolf,976,2021,44,-9.767338,0.0,0.0
Tim Stauffer,6432,2021,39,-9.287791,0.0,0.0
Tony Cingrani,12555,2021,31,-7.0440283,0.0,0.0
Brandon Cumpton,11366,2021,32,-7.8203554,0.0,0.0
Anthony DeSclafani,13050,2021,31,-7.5639935,0.0,0.0
Robbie Erlin,10354,2021,30,-7.222564,0.0,0.0
John Lackey,1507,2021,42,-9.692011,0.0,0.0
Marco Estrada,1118,2021,37,-8.92742,0.0,0.0
Jeff Kobernus,9591,2021,33,-6.9258327,0.0,0.0
Dallas Keuchel,9434,2021,33,-8.0447855,0.0,0.0
Taylor Jordan,10466,2021,32,-7.8203554,0.0,0.0
Jose Fernandez,11530,2021,28,-6.4951487,0.0,0.0
Andrew Heaney,15423,2021,30,-7.2498674,0.0,0.0
Blake Treinen,12572,2021,33,-8.112962,0.0,0.0
Tyler Lyons,11334,2021,33,-8.081041,0.0,0.0
Randall Delgado,5985,2021,31,-7.4925876,0.0,0.0
Masahiro Tanaka,15764,2021,32,-7.851468,0.0,0.0
Jake Odorizzi,6397,2021,31,-7.4925876,0.0,0.0
Hisashi Iwakuma,13048,2021,40,-9.442452,0.0,0.0
Paul Maholm,8678,2021,39,-9.287791,0.0,0.0
Jeremy Guthrie,2072,2021,42,-9.707843,0.0,0.0
Neftali Feliz,18,2021,33,-8.0447855,0.0,0.0
Xavier Cedeno,36,2021,34,-8.287927,0.0,0.0
Erik Bedard,126,2021,42,-9.707843,0.0,0.0
Mark Buehrle,225,2021,42,-9.707843,0.0,0.0
Daniel McCutchen,263,2021,38,-9.087083,0.0,0.0
Kyle Farnsworth,278,2021,45,-10.053126,0.0,0.0
Blake Beavan,338,2021,32,-7.7803307,0.0,0.0
CC Sabathia,404,2021,40,-9.442452,0.0,0.0
Fernando Rodney,494,2021,44,-9.938274,0.0,0.0
Jason Grilli,521,2021,44,-9.938274,0.0,0.0
Hector Ambriz,559,2021,37,-8.92742,0.0,0.0
Jeremy Affeldt,583,2021,42,-9.707843,0.0,0.0
Grant Balfour,718,2021,43,-9.824406,0.0,0.0
LaTroy Hawkins,729,2021,48,-10.433657,0.0,0.0
Bruce Chen,769,2021,44,-9.938274,0.0,0.0
Scott Downs,773,2021,45,-10.053126,0.0,0.0
Randy Choate,813,2021,45,-10.053126,0.0,0.0
Kris Johnson,886,2021,36,-8.760337,0.0,0.0
Scott Carroll,888,2021,36,-8.7943,0.0,0.0
Joe Beimel,979,2021,44,-9.980183,0.0,0.0
Aaron Thompson,999,2021,34,-8.2631,0.0,0.0
Rafael Soriano,1100,2021,41,-9.581448,0.0,0.0
Joe Nathan,1122,2021,46,-10.172706,0.0,0.0
Tommy Hunter,1157,2021,34,-8.287927,0.0,0.0
Adam Ottavino,1247,2021,35,-8.514756,0.0,0.0
Pedro Beato,1330,2021,34,-8.287927,0.0,0.0
Curtis Partch,1333,2021,34,-8.321921,0.0,0.0
Blake Wood,1345,2021,35,-8.484595,0.0,0.0
Evan Reed,1349,2021,35,-8.546793,0.0,0.0
Nick Hagadone,1351,2021,35,-8.514756,0.0,0.0
Charlie Furbush,1370,2021,35,-8.514756,0.0,0.0
Joaquin Benoit,1437,2021,43,-9.824406,0.0,0.0
Jon Edwards,1483,2021,33,-8.112962,0.0,0.0
Oliver Perez,1514,2021,39,-9.287791,0.0,0.0
Sean Doolittle,1581,2021,34,-8.287927,0.0,0.0
Francisco Rodriguez,1642,2021,39,-9.287791,0.0,0.0
Javier Lopez,1663,2021,43,-9.824406,0.0,0.0
Chris Capuano,1701,2021,42,-9.707843,0.0,0.0
Jose Valverde,1726,2021,43,-9.824406,0.0,0.0
Kevin Gregg,1793,2021,43,-9.824406,0.0,0.0
J.J. Putz,1795,2021,44,-9.938274,0.0,0.0
Neal Cotts,1797,2021,41,-9.514884,0.0,0.0
Humberto Quintero,1824,2021,41,-9.830531,0.0,0.0
Matt Belisle,1837,2021,41,-9.581448,0.0,0.0
Shawn Camp,1855,2021,45,-10.053126,0.0,0.0
Sean Burnett,1886,2021,38,-9.11516,0.0,0.0
Matt Moore,1890,2021,32,-7.7803307,0.0,0.0
Jason Frasor,1906,2021,43,-9.824406,0.0,0.0
Matt Thornton,1918,2021,44,-9.938274,0.0,0.0
Frank Francisco,1933,2021,41,-9.581448,0.0,0.0
Mike Adams,1937,2021,42,-9.707843,0.0,0.0
Justin Germano,1938,2021,38,-9.11516,0.0,0.0
Raul Valdes,1953,2021,43,-9.824406,0.0,0.0
Ivan Nova,1994,2021,34,-8.287927,0.0,0.0
Matt Guerrier,2061,2021,42,-9.707843,0.0,0.0
Jose Veras,2063,2021,40,-9.442452,0.0,0.0
Heath Bell,2080,2021,43,-9.824406,0.0,0.0
Chad Qualls,2170,2021,42,-9.707843,0.0,0.0
Ronald Belisario,2203,2021,38,-9.11516,0.0,0.0
Blaine Boyer,2237,2021,39,-9.2379675,0.0,0.0
Brandon Gomes,2267,2021,36,-8.727493,0.0,0.0
Joel Peralta,2332,2021,45,-10.053126,0.0,0.0
Anthony Varvaro,2385,2021,36,-8.727493,0.0,0.0
Hector Rondon,2391,2021,33,-8.081041,0.0,0.0
Cory Rasmus,2413,2021,33,-8.081041,0.0,0.0
Eric Surkamp,2540,2021,33,-8.017428,0.0,0.0
Joe Paterson,2565,2021,35,-8.514756,0.0,0.0
Scott Atchison,2642,2021,45,-10.053126,0.0,0.0
Brian Matusz,2646,2021,34,-8.287927,0.0,0.0
Corey Brown,2650,2021,35,-7.996469,0.0,0.0
Brett Cecil,2660,2021,34,-8.287927,0.0,0.0
Joba Chamberlain,2692,2021,35,-8.514756,0.0,0.0
Scott Rice,2743,2021,39,-9.306286,0.0,0.0
Carlos Marmol,2790,2021,38,-9.11516,0.0,0.0
Joe Savery,2835,2021,35,-8.514756,0.0,0.0
Drake Britton,2868,2021,32,-7.8203554,0.0,0.0
Santiago Casilla,2873,2021,40,-9.442452,0.0,0.0
Luis Avilan,2882,2021,31,-7.4925876,0.0,0.0
Juan Oviedo,2886,2021,39,-9.2379675,0.0,0.0
Tommy Pham,2967,2021,33,-8.112962,0.0,0.0
Bruce Billings,3044,2021,35,-8.485754,0.0,0.0
Kenley Jansen,3096,2021,33,-8.0447855,0.0,0.0
Max Scherzer,3137,2021,36,-8.727493,0.0,0.0
Tim Collins,3164,2021,31,-7.4925876,0.0,0.0
David Price,3184,2021,35,-8.514756,0.0,0.0
Will Harris,3192,2021,36,-8.727493,0.0,0.0
Chris Young,3196,2021,42,-9.711752,0.0,0.0
Josh Stinson,3219,2021,33,-8.0447855,0.0,0.0
Jean Machi,3220,2021,39,-9.287791,0.0,0.0
T.J. McFarland,3237,2021,32,-7.8203554,0.0,0.0
Zack Britton,3240,2021,33,-8.0447855,0.0,0.0
Ryan Rowland-Smith,3245,2021,38,-9.031554,0.0,0.0
Juan Gutierrez,3265,2021,37,-8.89664,0.0,0.0
Jordan Walden,3271,2021,33,-8.0447855,0.0,0.0
Joe Smith,3281,2021,37,-8.92742,0.0,0.0
Nate Adcock,3282,2021,33,-8.005433,0.0,0.0
Hiroki Kuroda,3283,2021,46,-10.172706,0.0,0.0
Hector Noesi,3292,2021,34,-8.287927,0.0,0.0
Chris Hatcher,3299,2021,36,-8.727493,0.0,0.0
Darren O'Day,3321,2021,38,-9.11516,0.0,0.0
Cesar Ramos,3357,2021,37,-8.92742,0.0,0.0
Ubaldo Jimenez,3374,2021,37,-8.92742,0.0,0.0
Jumbo Diaz,3397,2021,37,-8.990767,0.0,0.0
Kevin Whelan,3462,2021,37,-8.897215,0.0,0.0
Andre Rienzo,3507,2021,32,-7.8203554,0.0,0.0
Liam Hendriks,3548,2021,32,-7.7803307,0.0,0.0
Jim Johnson,3656,2021,38,-9.11516,0.0,0.0
Logan Ondrusek,3677,2021,36,-8.727493,0.0,0.0
Brandon League,3731,2021,38,-9.11516,0.0,0.0
Cesar Jimenez,3762,2021,36,-8.696619,0.0,0.0
Felipe Paulino,3777,2021,37,-8.897852,0.0,0.0
Ricky Nolasco,3830,2021,38,-9.11516,0.0,0.0
Zach Duke,3840,2021,38,-9.11516,0.0,0.0
Brett Oberholtzer,3855,2021,31,-7.53518,0.0,0.0
Rubby de la Rosa,3862,2021,32,-7.7803307,0.0,0.0
Ethan Martin,3877,2021,32,-7.8203554,0.0,0.0
Casey Fien,3926,2021,37,-8.92742,0.0,0.0
David Carpenter,3959,2021,35,-8.514756,0.0,0.0
Edward Mujica,3970,2021,37,-8.92742,0.0,0.0
Allen Webster,3993,2021,31,-7.53518,0.0,0.0
Josh Outman,4004,2021,36,-8.727493,0.0,0.0
Eury De la Rosa,4055,2021,31,-7.53518,0.0,0.0
Brian Duensing,4064,2021,38,-9.11516,0.0,0.0
Pedro Strop,4070,2021,36,-8.727493,0.0,0.0
Junichi Tazawa,4079,2021,35,-8.514756,0.0,0.0
Erik Cordier,4086,2021,35,-8.582395,0.0,0.0
James Russell,4089,2021,35,-8.514756,0.0,0.0
Luke Gregerson,4090,2021,37,-8.92742,0.0,0.0
Derek Holland,4141,2021,34,-8.287927,0.0,0.0
Wilton Lopez,4227,2021,37,-8.92742,0.0,0.0
Jered Weaver,4235,2021,38,-9.11516,0.0,0.0
Brad Lincoln,4241,2021,36,-8.727493,0.0,0.0
Mark Melancon,4264,2021,36,-8.727493,0.0,0.0
Manny Parra,4279,2021,38,-9.11516,0.0,0.0
Matt Albers,4300,2021,38,-9.11516,0.0,0.0
Justin Wilson,4301,2021,33,-8.0447855,0.0,0.0
Aaron Poreda,4313,2021,34,-8.21635,0.0,0.0
Kyle Drabek,4359,2021,33,-8.0447855,0.0,0.0
Craig Breslow,4363,2021,40,-9.442452,0.0,0.0
Joe Saunders,4366,2021,40,-9.442452,0.0,0.0
Jeremy Hellickson,4371,2021,34,-8.287927,0.0,0.0
Brad Mills,4420,2021,36,-8.69664,0.0,0.0
Josh Wall,4436,2021,34,-8.287927,0.0,0.0
Pedro Hernandez,4578,2021,32,-7.7803307,0.0,0.0
Matt Lindstrom,4604,2021,41,-9.581448,0.0,0.0
Bobby Korecky,4608,2021,41,-9.526311,0.0,0.0
Jason Pridie,4611,2021,37,-8.275929,0.0,0.0
Joe Thatcher,4620,2021,39,-9.287791,0.0,0.0
Sam LeCure,4664,2021,37,-8.92742,0.0,0.0
Pat Neshek,4682,2021,40,-9.442452,0.0,0.0
Jeff Francis,4684,2021,40,-9.442452,0.0,0.0
Nate Jones,4696,2021,35,-8.514756,0.0,0.0
Sergio Santos,4734,2021,37,-8.92742,0.0,0.0
Donnie Veal,4741,2021,36,-8.727493,0.0,0.0
Jonathan Broxton,4759,2021,37,-8.92742,0.0,0.0
Felix Hernandez,4772,2021,35,-8.514756,0.0,0.0
Matt Shoemaker,4776,2021,34,-8.321921,0.0,0.0
Vinnie Pestano,4782,2021,36,-8.727493,0.0,0.0
Rich Hill,4806,2021,41,-9.581448,0.0,0.0
Brandon Maurer,4878,2021,30,-7.222564,0.0,0.0
Scott Kazmir,4897,2021,37,-8.89664,0.0,0.0
Justin De Fratus,4955,2021,33,-8.0447855,0.0,0.0
Fernando Salas,4971,2021,36,-8.727493,0.0,0.0
Fernando Abad,4994,2021,35,-8.514756,0.0,0.0
Jake Diekman,5003,2021,34,-8.287927,0.0,0.0
Bo Schultz,5028,2021,35,-8.582395,0.0,0.0
Dale Thayer,5032,2021,40,-9.442452,0.0,0.0
Josh Fields,5070,2021,35,-8.546793,0.0,0.0
Evan Meek,5109,2021,38,-9.087083,0.0,0.0
Alfredo Aceves,5164,2021,38,-9.11516,0.0,0.0
C.C. Lee,5177,2021,34,-8.321921,0.0,0.0
Ernesto Frieri,5178,2021,35,-8.514756,0.0,0.0
Mike Pelfrey,5203,2021,37,-8.92742,0.0,0.0
Chris Perez,5213,2021,35,-8.514756,0.0,0.0
Wade LeBlanc,5221,2021,36,-8.727493,0.0,0.0
Blake Parker,5224,2021,36,-8.727493,0.0,0.0
Rudy Owens,5226,2021,33,-8.112962,0.0,0.0
Vin Mazzaro,5231,2021,34,-8.287927,0.0,0.0
Jose Alvarez,5358,2021,32,-7.8203554,0.0,0.0
Phillippe Aumont,5362,2021,32,-7.7803307,0.0,0.0
Michael Pineda,5372,2021,32,-7.767556,0.0,0.0
Jorge De Leon,5397,2021,33,-8.081041,0.0,0.0
Pedro Baez,5420,2021,33,-8.112962,0.0,0.0
Jesse Chavez,5448,2021,37,-8.92742,0.0,0.0
Arodys Vizcaino,5498,2021,30,-7.177775,0.0,0.0
Dana Eveland,5508,2021,37,-8.897852,0.0,0.0
Boone Logan,5525,2021,36,-8.727493,0.0,0.0
Maikel Cleto,5529,2021,32,-7.7803307,0.0,0.0
Phil Coke,5535,2021,38,-9.11516,0.0,0.0
Matt Harrison,5551,2021,35,-8.514756,0.0,0.0
Tyler Clippard,5640,2021,36,-8.727493,0.0,0.0
Brooks Brown,5679,2021,36,-8.7943,0.0,0.0
Josh Lueke,5722,2021,36,-8.727493,0.0,0.0
Eric O'Flaherty,5746,2021,36,-8.727493,0.0,0.0
Jorge Rondon,5791,2021,33,-8.112962,0.0,0.0
Jason Motte,5861,2021,39,-9.263509,0.0,0.0
Danny Salazar,5867,2021,31,-7.53518,0.0,0.0
Gonzalez Germen,5876,2021,33,-8.081041,0.0,0.0
Darin Downs,5903,2021,36,-8.727493,0.0,0.0
Sean Marshall,5905,2021,38,-9.11516,0.0,0.0
Wesley Wright,5960,2021,36,-8.727493,0.0,0.0
Jonathan Papelbon,5975,2021,40,-9.442452,0.0,0.0
Francisley Bueno,5980,2021,40,-9.442452,0.0,0.0
Kelvin Herrera,6033,2021,31,-7.4925876,0.0,0.0
Matt Pagnozzi,6046,2021,38,-8.642302,0.0,0.0
Joe Wieland,6109,2021,31,-7.50914,0.0,0.0
Juan Jaime,6127,2021,33,-8.112962,0.0,0.0
Scott Baker,6176,2021,39,-9.259607,0.0,0.0
Dellin Betances,6216,2021,33,-8.017428,0.0,0.0
Tom Gorzelanny,6244,2021,38,-9.11516,0.0,0.0
Scott Feldman,6283,2021,38,-9.11516,0.0,0.0
Esmil Rogers,6317,2021,35,-8.514756,0.0,0.0
Al Alburquerque,6324,2021,35,-8.514756,0.0,0.0
Ryan Feierabend,6336,2021,35,-8.331753,0.0,0.0
Chris Archer,6345,2021,32,-7.74832,0.0,0.0
Henry Rodriguez,6371,2021,34,-8.287927,0.0,0.0
Trevor May,6398,2021,31,-7.5639935,0.0,0.0
Jose Cisnero,6399,2021,32,-7.8203554,0.0,0.0
Kevin Jepsen,6475,2021,36,-8.727493,0.0,0.0
Steve Cishek,6483,2021,35,-8.514756,0.0,0.0
Brian Wilson,6485,2021,39,-9.287791,0.0,0.0
Donnie Joseph,6491,2021,33,-8.081041,0.0,0.0
Blaine Hardy,6499,2021,34,-8.355781,0.0,0.0
Josh Zeid,6527,2021,34,-8.321921,0.0,0.0
Pat McCoy,6605,2021,32,-7.851468,0.0,0.0
Marc Rzepczynski,6612,2021,35,-8.514756,0.0,0.0
Pedro Figueroa,6616,2021,35,-8.514756,0.0,0.0
Brad Brach,6627,2021,35,-8.514756,0.0,0.0
Carlos Carrasco,6632,2021,34,-8.25989,0.0,0.0
Jim Henderson,6653,2021,38,-9.11516,0.0,0.0
Craig Kimbrel,6655,2021,33,-8.0447855,0.0,0.0
Alex Colome,6661,2021,32,-7.8203554,0.0,0.0
Luke Putkonen,6736,2021,35,-8.514756,0.0,0.0
Cesar Cabral,6741,2021,32,-7.8203554,0.0,0.0
Andrew Miller,6785,2021,36,-8.727493,0.0,0.0
Sam Freeman,6832,2021,34,-8.287927,0.0,0.0
Jeff Manship,6865,2021,36,-8.727493,0.0,0.0
Martin Perez,6902,2021,30,-7.179994,0.0,0.0
Joakim Soria,6941,2021,37,-8.89664,0.0,0.0
Yohan Pino,6955,2021,37,-8.990767,0.0,0.0
Drew Storen,6983,2021,33,-8.0447855,0.0,0.0
Luis Garcia,6984,2021,34,-8.321921,0.0,0.0
Ryan Pressly,7005,2021,32,-7.8203554,0.0,0.0
Alex Torres,7038,2021,33,-8.017428,0.0,0.0
Eric Fornataro,7042,2021,33,-8.112962,0.0,0.0
Trevor Bell,7074,2021,34,-8.214895,0.0,0.0
John Lannan,7080,2021,36,-8.727493,0.0,0.0
Jonathan Pettibone,7106,2021,30,-7.222564,0.0,0.0
Daniel Hudson,7146,2021,34,-8.285715,0.0,0.0
Chris Withrow,7161,2021,32,-7.8203554,0.0,0.0
Ryan Mattheus,7169,2021,37,-8.92742,0.0,0.0
B.J. Rosenberg,7183,2021,35,-8.514756,0.0,0.0
Greg Holland,7196,2021,35,-8.514756,0.0,0.0
Nick Masset,7267,2021,39,-9.2379675,0.0,0.0
Brad Ziegler,7293,2021,41,-9.581448,0.0,0.0
Preston Guilmet,7303,2021,33,-8.081041,0.0,0.0
Casey Janssen,7355,2021,39,-9.287791,0.0,0.0
Dan Otero,7385,2021,36,-8.727493,0.0,0.0
Javy Guerra,7407,2021,35,-8.514756,0.0,0.0
J.A. Happ,7410,2021,38,-9.11516,0.0,0.0
Austin Adams,7411,2021,34,-8.355781,0.0,0.0
Mark Lowe,7416,2021,38,-9.11516,0.0,0.0
Bradin Hagens,7422,2021,32,-7.851468,0.0,0.0
Wade Davis,7441,2021,35,-8.514756,0.0,0.0
Jim Miller,7458,2021,39,-9.287791,0.0,0.0
Anthony Swarzak,7466,2021,35,-8.514756,0.0,0.0
Ryan Webb,7474,2021,35,-8.514756,0.0,0.0
Scott Elbert,7489,2021,35,-8.482524,0.0,0.0
Tommy Layne,7501,2021,36,-8.727493,0.0,0.0
Evan Scribner,7525,2021,35,-8.514756,0.0,0.0
Collin McHugh,7531,2021,34,-8.287927,0.0,0.0
Lucas Harrell,7541,2021,36,-8.727493,0.0,0.0
Jake McGee,7550,2021,34,-8.287927,0.0,0.0
Jarrett Grube,7553,2021,39,-9.32946,0.0,0.0
Nick Vincent,7555,2021,34,-8.287927,0.0,0.0
Fernando Rodriguez,7558,2021,37,-8.897852,0.0,0.0
Tommy Milone,7608,2021,34,-8.287927,0.0,0.0
Chris Leroux,7645,2021,37,-8.92742,0.0,0.0
Neil Ramirez,7677,2021,32,-7.851468,0.0,0.0
Bobby LaFromboise,7758,2021,35,-8.546793,0.0,0.0
Yoslan Herrera,7759,2021,40,-9.333208,0.0,0.0
Shawn Kelley,7773,2021,37,-8.92742,0.0,0.0
Hunter Strickland,7836,2021,32,-7.851468,0.0,0.0
Jerry Blevins,7841,2021,37,-8.92742,0.0,0.0
Josh Lindblom,7882,2021,34,-8.287927,0.0,0.0
Matt Daley,7952,2021,39,-9.259607,0.0,0.0
Matt West,7980,2021,32,-7.851468,0.0,0.0
Anthony Bass,7982,2021,33,-7.8526998,0.0,0.0
Ramon Ramirez,7986,2021,39,-9.287791,0.0,0.0
Paul Clemens,8037,2021,33,-8.081041,0.0,0.0
Glen Perkins,8041,2021,38,-9.11516,0.0,0.0
Jason Vargas,8044,2021,38,-9.11516,0.0,0.0
Will Smith,8048,2021,31,-7.4925876,0.0,0.0
Dan Jennings,8073,2021,34,-8.287927,0.0,0.0
Stephen Fife,8077,2021,34,-8.287927,0.0,0.0
Bryan Shaw,8110,2021,33,-8.0447855,0.0,0.0
Neil Wagner,8162,2021,37,-8.89664,0.0,0.0
Kevin Siegrist,8180,2021,31,-7.53518,0.0,0.0
Steven Wright,8185,2021,36,-8.760337,0.0,0.0
David Robertson,8241,2021,36,-8.727493,0.0,0.0
J.P. Howell,8245,2021,38,-9.11516,0.0,0.0
Billy Buckner,8253,2021,37,-8.866294,0.0,0.0
Huston Street,8258,2021,37,-8.92742,0.0,0.0
Casey Coleman,8270,2021,33,-8.005433,0.0,0.0
Tony Sipp,8280,2021,37,-8.92742,0.0,0.0
Lucas Luetge,8337,2021,34,-8.287927,0.0,0.0
Jared Burton,8346,2021,40,-9.442452,0.0,0.0
AJ Ramos,8350,2021,34,-8.287927,0.0,0.0
Troy Patton,8368,2021,35,-8.514756,0.0,0.0
Steve Geltz,8402,2021,33,-8.051333,0.0,0.0
Alfredo Figaro,8404,2021,36,-8.667056,0.0,0.0
Bryan Price,8436,2021,34,-8.355781,0.0,0.0
Danny Farquhar,8501,2021,34,-8.25989,0.0,0.0
Jeff Beliveau,8504,2021,34,-8.287927,0.0,0.0
Michael Kohn,8505,2021,35,-8.484595,0.0,0.0
Rob Wooten,8532,2021,35,-8.546793,0.0,0.0
Justin Miller,8580,2021,34,-8.355781,0.0,0.0
Dustin McGowan,8600,2021,39,-9.259607,0.0,0.0
Wilking Rodriguez,8801,2021,31,-7.5639935,0.0,0.0
Ryan Cook,8855,2021,34,-8.287927,0.0,0.0
David Martinez,8893,2021,33,-8.081041,0.0,0.0
Arquimedes Caminero,8992,2021,34,-8.321921,0.0,0.0
Adam Warren,9029,2021,33,-8.0447855,0.0,0.0
John Axford,9059,2021,38,-9.11516,0.0,0.0
Kirby Yates,9073,2021,34,-8.355781,0.0,0.0
Zach Putnam,9080,2021,33,-8.0447855,0.0,0.0
T.J. House,9121,2021,31,-7.5639935,0.0,0.0
Charlie Leesman,9124,2021,34,-8.321921,0.0,0.0
Sean O'Sullivan,9137,2021,33,-8.017428,0.0,0.0
Lester Oliveros,9167,2021,33,-8.005433,0.0,0.0
Kyle Lobstein,9178,2021,31,-7.5639935,0.0,0.0
Vic Black,9195,2021,33,-8.081041,0.0,0.0
Koji Uehara,9227,2021,46,-10.172706,0.0,0.0
Alex Wilson,9239,2021,34,-8.321921,0.0,0.0
David Carpenter,9244,2021,33,-8.0447855,0.0,0.0
Ryan Dennick,9261,2021,34,-8.355781,0.0,0.0
Rob Scahill,9286,2021,34,-8.287927,0.0,0.0
Dylan Axelrod,9303,2021,35,-8.514756,0.0,0.0
Jared Hughes,9325,2021,35,-8.514756,0.0,0.0
Brandon Morrow,9346,2021,36,-8.727493,0.0,0.0
Josh Tomlin,9388,2021,36,-8.727493,0.0,0.0
John Holdzkom,9392,2021,33,-8.112962,0.0,0.0
Zac Rosscup,9419,2021,33,-8.081041,0.0,0.0
Ryan Buchter,9456,2021,34,-8.355781,0.0,0.0
George Kontos,9486,2021,36,-8.727493,0.0,0.0
Phil Irwin,9489,2021,34,-8.321921,0.0,0.0
Jeremy Jeffress,9490,2021,33,-8.0447855,0.0,0.0
Jose Ortega,9651,2021,32,-7.7803307,0.0,0.0
Louis Coleman,9720,2021,35,-8.514756,0.0,0.0
Burke Badenhop,9736,2021,38,-9.11516,0.0,0.0
Rex Brothers,9794,2021,33,-8.0447855,0.0,0.0
Miles Mikolas,9803,2021,32,-7.7803307,0.0,0.0
Sergio Romo,9817,2021,38,-9.11516,0.0,0.0
Chaz Roe,9866,2021,34,-8.321921,0.0,0.0
Bryan Anderson,9871,2021,34,-10.619707,0.0,0.0
Michael Kirkman,9877,2021,34,-8.287927,0.0,0.0
Chris Rusin,9895,2021,34,-8.287927,0.0,0.0
Bobby Parnell,9926,2021,36,-8.727493,0.0,0.0
Brandon Kintzler,9939,2021,36,-8.727493,0.0,0.0
Todd Redmond,9943,2021,36,-8.727493,0.0,0.0
Mike Dunn,9948,2021,36,-8.727493,0.0,0.0
Tom Wilhelmsen,9975,2021,37,-8.92742,0.0,0.0
Taylor Thompson,10019,2021,34,-8.355781,0.0,0.0
Ian Krol,10066,2021,30,-7.222564,0.0,0.0
Caleb Thielbar,10078,2021,34,-8.321921,0.0,0.0
Keith Butler,10080,2021,32,-7.8203554,0.0,0.0
Dane de la Rosa,10095,2021,38,-9.11516,0.0,0.0
Brad Boxberger,10133,2021,33,-8.0447855,0.0,0.0
Aaron Crow,10149,2021,34,-8.287927,0.0,0.0
Jose Ramirez,10171,2021,31,-7.5639935,0.0,0.0
Melvin Mercedes,10181,2021,30,-7.2498674,0.0,0.0
Tyler Skaggs,10190,2021,29,-6.834599,0.0,0.0
Aroldis Chapman,10233,2021,33,-8.0447855,0.0,0.0
Bryan Morris,10234,2021,34,-8.287927,0.0,0.0
Alexi Ogando,10261,2021,37,-8.92742,0.0,0.0
Justin Marks,10265,2021,33,-8.112962,0.0,0.0
Tanner Scheppers,10267,2021,34,-8.287927,0.0,0.0
Chris Heston,10302,2021,33,-8.112962,0.0,0.0
Roman Mendez,10307,2021,30,-7.2498674,0.0,0.0
Erasmo Ramirez,10314,2021,31,-7.4925876,0.0,0.0
Michael Tonkin,10315,2021,31,-7.53518,0.0,0.0
Chad Jenkins,10326,2021,33,-8.0447855,0.0,0.0
Nick Christiani,10332,2021,33,-8.081041,0.0,0.0
Edwin Escobar,10337,2021,29,-6.9034467,0.0,0.0
Aaron Loup,10343,2021,33,-8.0447855,0.0,0.0
Carlos Contreras,10386,2021,30,-7.2498674,0.0,0.0
Wilfredo Tovar,10416,2021,29,-7.4122157,0.0,0.0
Shawn Tolleson,10481,2021,33,-8.0447855,0.0,0.0
Yoervis Medina,10498,2021,32,-7.8203554,0.0,0.0
Preston Claiborne,10500,2021,33,-8.081041,0.0,0.0
Mario Hollands,10504,2021,32,-7.851468,0.0,0.0
Jake Petricka,10534,2021,33,-8.081041,0.0,0.0
Daniel Webb,10558,2021,31,-7.53518,0.0,0.0
Addison Reed,10586,2021,32,-7.7803307,0.0,0.0
Chad Bettis,10587,2021,32,-7.8203554,0.0,0.0
Chris Sale,10603,2021,32,-7.7803307,0.0,0.0
Seth Rosin,10606,2021,32,-7.851468,0.0,0.0
Stephen Pryor,10663,2021,31,-7.4925876,0.0,0.0
Red Patterson,10710,2021,34,-8.355781,0.0,0.0
Trevor Rosenthal,10745,2021,31,-7.4925876,0.0,0.0
Shane Greene,10756,2021,32,-7.851468,0.0,0.0
Josh Edgin,10796,2021,34,-8.287927,0.0,0.0
Jake Dunning,10803,2021,32,-7.8203554,0.0,0.0
Mike Foltynewicz,10811,2021,29,-6.9034467,0.0,0.0
Michael Mariot,10835,2021,32,-7.851468,0.0,0.0
Chasen Shreve,10855,2021,30,-7.2498674,0.0,0.0
Jake Buchanan,10962,2021,31,-7.5639935,0.0,0.0
Ben Rowen,10983,2021,32,-7.851468,0.0,0.0
C.J. Riefenhauser,11193,2021,31,-7.5639935,0.0,0.0
Casey Sadler,11209,2021,30,-7.2498674,0.0,0.0
Kevin Chapman,11240,2021,33,-8.081041,0.0,0.0
Aaron Barrett,11243,2021,33,-8.112962,0.0,0.0
Rob Rasmussen,11250,2021,32,-7.851468,0.0,0.0
Logan Darnell,11261,2021,32,-7.851468,0.0,0.0
Lisalverto Bonilla,11266,2021,31,-7.5639935,0.0,0.0
Sean Nolin,11341,2021,31,-7.53518,0.0,0.0
A.J. Achter,11387,2021,32,-7.851468,0.0,0.0
Drew Pomeranz,11426,2021,32,-7.7803307,0.0,0.0
Brandon Workman,11428,2021,32,-7.8203554,0.0,0.0
Bryan Mitchell,11479,2021,30,-7.2498674,0.0,0.0
Aaron Sanchez,11490,2021,28,-6.518637,0.0,0.0
Jose Dominguez,11571,2021,30,-7.222564,0.0,0.0
Mike Kickham,11618,2021,32,-7.8203554,0.0,0.0
Heath Hembree,11632,2021,32,-7.8203554,0.0,0.0
Sam Dyson,11710,2021,33,-8.0447855,0.0,0.0
Erik Goeddel,11712,2021,32,-7.851468,0.0,0.0
Justin Grimm,11720,2021,32,-7.7803307,0.0,0.0
Kyle Ryan,11753,2021,29,-6.9034467,0.0,0.0
Drew Smyly,11760,2021,32,-7.7803307,0.0,0.0
Hector Neris,11804,2021,32,-7.851468,0.0,0.0
Steve Delabar,11827,2021,37,-8.92742,0.0,0.0
James Paxton,11828,2021,32,-7.8203554,0.0,0.0
Taijuan Walker,11836,2021,28,-6.4951487,0.0,0.0
Chris Martin,11847,2021,35,-8.582395,0.0,0.0
Brett Bochy,11867,2021,33,-8.112962,0.0,0.0
Scott Snodgress,12020,2021,31,-7.5639935,0.0,0.0
Brian Flynn,12027,2021,31,-7.53518,0.0,0.0
Yimi Garcia,12095,2021,30,-7.2498674,0.0,0.0
Matt Stites,12165,2021,31,-7.5639935,0.0,0.0
Cody Allen,12183,2021,32,-7.7803307,0.0,0.0
Aaron Brooks,12272,2021,31,-7.5639935,0.0,0.0
Leonel Campos,12277,2021,33,-8.112962,0.0,0.0
Evan Marshall,12297,2021,31,-7.5639935,0.0,0.0
Chris Bassitt,12304,2021,32,-7.851468,0.0,0.0
Kevin Quackenbush,12360,2021,32,-7.851468,0.0,0.0
Spencer Patton,12361,2021,33,-8.112962,0.0,0.0
Drew Rucinski,12499,2021,32,-7.851468,0.0,0.0
Erik Johnson,12520,2021,31,-7.53518,0.0,0.0
Nick Maronde,12530,2021,31,-7.4925876,0.0,0.0
Nathan Karns,12638,2021,33,-8.081041,0.0,0.0
Roenis Elias,12673,2021,32,-7.851468,0.0,0.0
Phil Klein,12675,2021,32,-7.851468,0.0,0.0
Trevor Bauer,12703,2021,30,-7.179994,0.0,0.0
Nick Martinez,12730,2021,30,-7.2498674,0.0,0.0
Sonny Gray,12768,2021,31,-7.53518,0.0,0.0
Jairo Diaz,12774,2021,30,-7.2498674,0.0,0.0
Carter Capps,12803,2021,30,-7.179994,0.0,0.0
Matt Barnes,12863,2021,31,-7.5639935,0.0,0.0
Alex Claudio,12890,2021,29,-6.9034467,0.0,0.0
Ken Giles,12910,2021,30,-7.2498674,0.0,0.0
Wei-Yin Chen,13071,2021,35,-8.514756,0.0,0.0
Frank Garces,13144,2021,31,-7.5639935,0.0,0.0
Carson Smith,13172,2021,31,-7.5639935,0.0,0.0
Danny Coulombe,13293,2021,31,-7.5639935,0.0,0.0
Cam Bedrosian,13360,2021,29,-6.9034467,0.0,0.0
Paco Rodriguez,13398,2021,30,-7.179994,0.0,0.0
R.J. Alvarez,13401,2021,30,-7.2498674,0.0,0.0
Drew VerHagen,13424,2021,30,-7.2498674,0.0,0.0
Marcus Stroman,13431,2021,30,-7.2498674,0.0,0.0
Mike Morin,13442,2021,30,-7.2498674,0.0,0.0
Daniel Norris,13475,2021,28,-6.518637,0.0,0.0
Sam Tuivailala,13485,2021,28,-6.518637,0.0,0.0
Chad Smith,13604,2021,31,-7.5639935,0.0,0.0
Michael Roth,13736,2021,31,-7.53518,0.0,0.0
Dominic Leone,13763,2021,29,-6.9034467,0.0,0.0
Ian Thomas,13881,2021,34,-8.355781,0.0,0.0
Kevin Gausman,14107,2021,30,-7.222564,0.0,0.0
Shae Simmons,14200,2021,30,-7.2498674,0.0,0.0
Dario Alvarez,14239,2021,32,-7.851468,0.0,0.0
Wei-Chung Wang,14382,2021,29,-6.9034467,0.0,0.0
Kyuji Fujikawa,14443,2021,40,-9.451283,0.0,0.0
Buck Farmer,14814,2021,30,-7.2498674,0.0,0.0
Corey Knebel,15010,2021,29,-6.9034467,0.0,0.0
Kyle Crockett,15033,2021,29,-6.9034467,0.0,0.0
Kendall Graveman,15514,2021,30,-7.2498674,0.0,0.0
Miguel Gonzalez,15675,2021,34,-8.355781,0.0,0.0
Brandon Finnegan,16208,2021,28,-6.518637,0.0,0.0
Avisail Garcia,5760,2021,30,-5.546518,0.0,0.0
David Murphy,6035,2021,39,-8.841429,0.0,0.0
Jeff Baker,2073,2021,40,-9.883358,0.0,0.0
Zach Walters,10622,2021,31,-7.41457,0.0,0.0
Geovany Soto,3707,2021,38,-9.4354315,0.0,0.0
Brad Snyder,6052,2021,39,-9.980854,0.0,0.0
Reid Brignac,8380,2021,35,-8.353256,0.0,0.0
Brayan Pena,3231,2021,39,-8.698391,0.0,0.0
Daniel Descalso,8392,2021,34,-6.437997,0.0,0.0
Xavier Nady,1658,2021,42,-10.528537,0.0,0.0
Michael A. Taylor,11489,2021,30,-6.080998,0.0,0.0
Adam Moore,9362,2021,37,-8.895969,0.0,0.0
Jake Goebbert,9431,2021,33,-3.015047,0.0,0.23496945202350616
Elian Herrera,5432,2021,36,-5.83695,0.0,0.0
Steve Clevenger,9542,2021,35,-9.496427,0.0,0.0
Steven Souza Jr.,5667,2021,32,-8.749092,0.0,0.0
Chris Valaika,1165,2021,35,-8.381362,0.0,0.0
Dan Butler,9968,2021,34,-9.194213,0.0,0.0
Logan Forsythe,7185,2021,34,-7.6890206,0.0,0.0
Wil Myers,10047,2021,30,-3.1756206,0.0,0.5456942319869995
Jedd Gyorko,10816,2021,32,-7.5370164,0.0,0.0
J.T. Realmuto,11739,2021,30,-8.337549,0.0,0.0
Moises Sierra,6050,2021,32,-6.7573814,0.0,0.0
Ian Stewart,5950,2021,36,-5.151853,0.0,0.0
Xavier Scruggs,7409,2021,33,-9.108997,0.0,0.0
Joaquin Arias,3817,2021,36,-7.715668,0.0,0.0
Yolmer Sanchez,11602,2021,29,-6.127548,0.0,0.0
Jason Bourgeois,2225,2021,39,-7.9738216,0.0,0.0
Andy Marte,3203,2021,37,-6.991876,0.0,0.0
Tuffy Gosewisch,5277,2021,37,-9.7526865,0.0,0.0
Freddy Galvis,6609,2021,31,-3.242252,0.0,0.0
Austin Romine,5491,2021,32,-8.707429,0.0,0.0
Carlos Triunfel,193,2021,31,-7.487461,0.0,0.0
Dean Anna,8353,2021,34,-6.318315,0.0,0.0
Justin Sellers,4006,2021,35,-7.83871,0.0,0.0
Vince Belnome,8126,2021,33,-8.112962,0.0,0.0
Curt Casali,12510,2021,32,-8.577919,0.0,0.0
Raffy Lopez,12606,2021,33,-8.112962,0.0,0.0
Jake Elmore,7290,2021,34,-6.0628376,0.0,0.0
Luis Jimenez,6341,2021,33,-5.743113,0.0,0.0
Danny Worth,198,2021,35,-7.6876903,0.0,0.0
Hector Gomez,2264,2021,33,-3.1115294,0.0,0.0
Jorge De La Rosa,2047,2021,40,-9.442452,0.0,0.0
Alfredo Simon,2155,2021,40,-9.442452,0.0,0.0
Johnny Cueto,6893,2021,35,-8.514756,0.0,0.0
Franklin Morales,5088,2021,35,-8.514756,0.0,0.0
Brandon McCarthy,4662,2021,37,-8.92742,0.0,0.0
Kyle Lohse,739,2021,42,-9.707843,0.0,0.0
Ervin Santana,3200,2021,38,-9.11516,0.0,0.0
Gio Gonzalez,7448,2021,35,-8.514756,0.0,0.0
Jeff Locke,2929,2021,33,-8.0447855,0.0,0.0
Francisco Liriano,3201,2021,37,-8.92742,0.0,0.0
Trevor Cahill,6249,2021,33,-8.0447855,0.0,0.0
Yohan Flande,5057,2021,35,-8.582395,0.0,0.0
Mat Latos,3815,2021,33,-8.078592,0.0,0.0
Gavin Floyd,3886,2021,38,-9.11516,0.0,0.0
Tim Lincecum,5705,2021,37,-8.92742,0.0,0.0
Mike Bolsinger,11137,2021,33,-8.112962,0.0,0.0
Brett Jackson,9632,2021,32,-7.490313,0.0,0.0
Tyler Chatwood,4338,2021,31,-7.4925876,0.0,0.0
Jesse Hahn,13287,2021,31,-7.5639935,0.0,0.0
Joey Butler,7799,2021,35,-8.08241,0.0,0.0
Vidal Nuno,9674,2021,33,-8.081041,0.0,0.0
Tsuyoshi Wada,13046,2021,40,-9.468731,0.0,0.0
Mike Baxter,4464,2021,36,-9.342145,0.0,0.0
David Hale,9756,2021,33,-8.081041,0.0,0.0
Jamey Wright,715,2021,46,-10.172706,0.0,0.0
R.A. Dickey,1245,2021,46,-10.184826,0.0,0.0
Rick Porcello,2717,2021,32,-7.7803307,0.0,0.0
Danny Duffy,3542,2021,32,-7.7803307,0.0,0.0
Carlos Frias,3547,2021,31,-7.5639935,0.0,0.0
Jon Lester,4930,2021,37,-8.92742,0.0,0.0
Tony Abreu,5053,2021,36,-9.456877,0.0,0.0
Chris Tillman,5279,2021,33,-8.0447855,0.0,0.0
Brad Peacock,5401,2021,33,-8.017428,0.0,0.0
Jair Jurrjens,5556,2021,35,-4.48005,0.0,19.092042922973633
Jose Constanza,6003,2021,37,-6.587698,0.0,0.0
David Phelps,6316,2021,34,-8.287927,0.0,0.0
Stolmy Pimentel,6415,2021,31,-7.53518,0.0,0.0
Chase d'Arnaud,6652,2021,34,0.59676987,0.0,0.0
Miguel Gonzalez,7024,2021,37,-8.92742,0.0,0.0
Phil Hughes,7450,2021,35,-8.514756,0.0,0.0
Carlos Torres,7624,2021,38,-9.11516,0.0,0.0
David Holmberg,7725,2021,29,-6.878037,0.0,0.0
Matt Hague,7772,2021,35,-8.9807825,0.0,0.0
Jaff Decker,7945,2021,31,-7.3786697,0.0,0.0
Guillermo Quiroz,7989,2021,39,-9.754725,0.0,0.0
Nick Greenwood,8182,2021,33,-8.112962,0.0,0.0
Cord Phelps,8631,2021,34,-9.122002,0.0,0.0
Ali Solis,8848,2021,33,-8.051333,0.0,0.0
Garrett Richards,9784,2021,33,-8.0447855,0.0,0.0
Kevin Slowey,9918,2021,37,-8.89664,0.0,0.0
Lane Adams,10767,2021,31,-4.9929223,0.0,0.0
Eric Jokisch,11157,2021,31,-7.5639935,0.0,0.0
Aaron Altherr,11270,2021,30,-7.2498674,0.0,0.0
Tommy Kahnle,11384,2021,31,-7.5639935,0.0,0.0
Jose Quintana,11423,2021,32,-7.7803307,0.0,0.0
Anthony Ranaudo,11424,2021,31,-7.5639935,0.0,0.0
Rafael Montero,12760,2021,30,-7.2498674,0.0,0.0
Eddie Butler,13453,2021,30,-7.2498674,0.0,0.0
Matthew Clark,8793,2021,34,-8.834694,0.0,0.0
C.J. Cron,12546,2021,31,-8.687712,0.0,0.0
Kurt Suzuki,8259,2021,37,-9.443618,0.0,0.0
Eric Hosmer,3516,2021,31,-7.0814996,0.0,0.0
Ryan Howard,2154,2021,41,-10.262243,0.0,0.0
Bobby Abreu,945,2021,47,-9.739032,0.0,0.0
Lyle Overbay,1617,2021,44,-9.786108,0.0,0.0
Grant Green,10053,2021,33,-6.210824,0.0,0.0
Alex Presley,5305,2021,35,-4.6744747,0.0,0.0
Don Kelly,2216,2021,41,-7.3214197,0.0,0.0
Gordon Beckham,9015,2021,34,-8.118377,0.0,0.0
Justin Smoak,9054,2021,34,-8.97655,0.0,0.0
Cole Gillespie,5888,2021,37,-5.538384,0.0,0.0
Donnie Murphy,4704,2021,38,-8.237557,0.0,0.0
Adam Duvall,10950,2021,32,-2.6039507,0.0,0.0
Roger Bernadina,6421,2021,37,-6.792963,0.0,0.0
Jerry Sands,4016,2021,33,-8.849637,0.0,0.0
Koyie Hill,1829,2021,42,-9.892307,0.0,0.0
Tyler Pastornicky,6777,2021,31,-6.2831635,0.0,0.0
Logan Schafer,7937,2021,34,-4.3361783,0.0,0.0
Zelous Wheeler,8822,2021,34,-9.050065,0.0,0.0
Omar Quintanilla,6335,2021,39,-9.730683,0.0,0.0
Yorman Rodriguez,9922,2021,28,-4.369546,0.0,0.0
Jack Hannahan,3692,2021,41,-9.86951,0.0,0.0
John McDonald,395,2021,46,-9.9694195,0.0,0.0
Taylor Teagarden,5199,2021,37,-9.152664,0.0,0.0
Brent Morel,6402,2021,34,-6.341438,0.0,0.0
Sandy Leon,5273,2021,32,-8.543022,0.0,0.0
Rafael Furcal,88,2021,43,-8.394568,0.0,0.0
Jason Rogers,11773,2021,33,-8.112962,0.0,0.0
Brooks Conrad,3664,2021,41,-8.3126745,0.0,0.0
Guilder Rodriguez,3412,2021,37,-7.8094316,0.0,0.0
Ryan Roberts,5653,2021,40,-9.877585,0.0,0.0
Darin Mastroianni,7316,2021,35,-5.7498765,0.0,0.0
Irving Falu,6165,2021,38,-7.505532,0.0,0.0
Marco Scutaro,1555,2021,45,-9.349718,0.0,0.0
Yovani Gallardo,8173,2021,35,-8.514756,0.0,0.0
Tanner Roark,8753,2021,34,-8.321921,0.0,0.0
Julio Teheran,6797,2021,30,-7.179994,0.0,0.0
Lance Lynn,2520,2021,34,-8.287927,0.0,0.0
Eric Stults,8011,2021,41,-9.581448,0.0,0.0
Zack Wheeler,10310,2021,31,-7.53518,0.0,0.0
Alex Wood,13781,2021,30,-7.222564,0.0,0.0
Vance Worley,6435,2021,33,-8.0447855,0.0,0.0
Juan Nicasio,7731,2021,34,-8.287927,0.0,0.0
Alex Guerrero,15670,2021,34,-4.764967,0.0,0.0
Cristhian Adames,6013,2021,29,-7.9186044,0.0,0.0
Yusmeiro Petit,4020,2021,36,-8.727493,0.0,0.0
Mike Fiers,7754,2021,36,-8.727493,0.0,0.0
Christian Bergman,10925,2021,33,-8.112962,0.0,0.0
Ronny Cedeno,2179,2021,38,-8.711749,0.0,0.0
Carlos Villanueva,4138,2021,37,-8.92742,0.0,0.0
Alexi Casilla,5248,2021,36,-5.5826592,0.0,0.0
Jenrry Mejia,8476,2021,31,-7.4925876,0.0,0.0
Ryan Lavarnway,8879,2021,33,-8.941978,0.0,0.0
Carlos Gonzalez,7287,2021,35,-5.0797267,0.0,0.0
Dan Johnson,2167,2021,41,-10.050164,0.0,0.0
Ryan Wheeler,9312,2021,32,-8.023548,0.0,0.0
Andrew Brown,3837,2021,36,-9.180015,0.0,0.0
Cesar Hernandez,10556,2021,31,-4.9306345,0.0,0.0
Chris Nelson,8175,2021,35,-7.0477004,0.0,0.0
Miguel Olivo,1638,2021,42,-9.968203,0.0,0.0
Donald Lutz,10154,2021,32,-5.1450686,0.0,0.0
Juan Centeno,7168,2021,31,-8.396827,0.0,0.0
Erisbel Arruebarrena,15809,2021,31,-3.7435765,0.0,0.0
Caleb Gindl,5002,2021,32,-8.4099865,0.0,0.0
Andrew Cashner,8782,2021,34,-7.6077213,0.0,0.0
Kyle Parker,11763,2021,31,-6.894852,0.0,0.0
Maikel Franco,12179,2021,28,-3.1964405,0.0,0.0
Elliot Johnson,4751,2021,37,-4.4394174,0.0,0.0
Jeff Francoeur,4792,2021,37,-6.2899146,0.0,0.0
Xavier Paul,5963,2021,36,-9.018467,0.0,0.0
Jamie Romak,5552,2021,35,-8.582395,0.0,0.0
Nathan Eovaldi,9132,2021,31,-7.4925876,0.0,0.0
Brad Glenn,7392,2021,34,-9.254357,0.0,0.0
Doug Fister,9425,2021,37,-8.92742,0.0,0.0
Roberto Hernandez,3273,2021,40,-9.442452,0.0,0.0
Matt Garza,3340,2021,37,-8.92742,0.0,0.0
Tim Hudson,921,2021,45,-10.068559,0.0,0.0
Charlie Morton,4676,2021,37,-8.92742,0.0,0.0
Dillon Gee,7396,2021,35,-8.514756,0.0,0.0
Brad Hand,9111,2021,31,-7.4925876,0.0,0.0
Michael Wacha,14078,2021,29,-6.878037,0.0,0.0
Odrisamer Despaigne,16017,2021,34,-8.355781,0.0,0.0
Jake Peavy,1051,2021,40,-9.442452,0.0,0.0
Prince Fielder,4613,2021,37,-9.769142,0.0,0.0
Ryan Ludwick,1260,2021,42,-10.015016,0.0,0.0
Grady Sizemore,2197,2021,38,-6.399303,0.0,0.0
Jose Tabata,2411,2021,32,-7.8765445,0.0,0.0
Josh Thole,9689,2021,34,-8.207408,0.0,0.0
Eric Fryer,8145,2021,35,-5.4345784,0.0,0.0
John Buck,2041,2021,40,-9.225543,0.0,0.0
Roger Kieschnick,5225,2021,34,-5.33596,0.0,0.0
Mark Ellis,1443,2021,44,-7.096386,0.0,0.0
Alex Gonzalez,520,2021,44,-10.243472,0.0,0.0
Shane Robinson,4249,2021,36,-8.000735,0.0,0.0
Josh Satin,6788,2021,36,-9.641264,0.0,0.0
Michael Martinez,7358,2021,38,-9.294476,0.0,0.0
Tim Federowicz,8609,2021,33,-7.7960806,0.0,0.0
Chris Dominguez,9718,2021,34,-8.997739,0.0,0.0
Aaron Harang,1451,2021,43,-9.824406,0.0,0.0
Wily Peralta,7738,2021,32,-7.7803307,0.0,0.0
Tom Koehler,6570,2021,35,-8.514756,0.0,0.0
Edinson Volquez,3990,2021,37,-8.92742,0.0,0.0
Chase Anderson,6895,2021,33,-8.112962,0.0,0.0
Mark Trumbo,6876,2021,35,-8.151001,0.0,0.0
Josmil Pinto,6806,2021,32,-8.483885,0.0,0.0
Carlos Beltran,589,2021,44,-9.568139,0.0,0.0
Billy Butler,7399,2021,35,-9.342216,0.0,0.0
Aaron Hill,6104,2021,39,-8.128522,0.0,0.0
Mitch Moreland,3086,2021,35,-9.523442,0.0,0.0
Adrian Nieto,10294,2021,31,-8.131755,0.0,0.0
Anthony Recker,4063,2021,37,-6.984375,0.0,0.0
Reed Johnson,1702,2021,44,-9.7060585,0.0,0.0
Kevin Frandsen,7528,2021,39,-9.56978,0.0,0.0
Mike Olt,10698,2021,32,-7.7257595,0.0,0.0
Jason Giambi,818,2021,50,-11.179351,0.0,0.0
Jesus Guzman,3118,2021,37,-6.832624,0.0,0.0
Nick Ahmed,12147,2021,31,-6.5554323,0.0,0.0
Juan Perez,5371,2021,34,-7.8212194,0.0,0.0
Cameron Rupp,11146,2021,32,-8.824703,0.0,0.0
Daric Barton,5928,2021,35,-8.205883,0.0,0.0
Greg Dobbs,2158,2021,42,-10.105492,0.0,0.0
Andy Wilkins,11251,2021,32,-5.248556,0.0,0.0
Neftali Soto,5663,2021,32,-7.3932276,0.0,0.0
Chris Colabello,13051,2021,37,-8.088591,0.0,0.0
Cody Ross,1760,2021,40,-9.059837,0.0,0.0
J.P. Arencibia,697,2021,35,-9.267678,0.0,0.0
Marc Krauss,7577,2021,33,-9.005519,0.0,0.0
Carlos Quentin,6274,2021,38,-10.007035,0.0,0.0
Scott Hairston,1926,2021,41,-9.294355,0.0,0.0
Mike Carp,7480,2021,35,-8.773593,0.0,0.0
Ryan Goins,9807,2021,33,-8.708938,0.0,0.0
Carlos Pena,934,2021,43,-9.622414,0.0,0.0
Jesus Aguilar,11342,2021,31,-8.654187,0.0,0.0
Bartolo Colon,375,2021,48,-10.433657,0.0,0.0
Ryan Doumit,2113,2021,40,-9.258935,0.0,0.0
Christian Bethancourt,10028,2021,29,-6.124085,0.0,0.0
L.J. Hoes,6656,2021,31,-6.131876,0.0,0.0
Brendan Ryan,6073,2021,39,-8.470245,0.0,0.0
Jeff Bianchi,9958,2021,34,-8.534453,0.0,0.0
Dioner Navarro,3179,2021,37,-9.338816,0.0,0.0
Jason Kubel,2161,2021,39,-8.2472725,0.0,0.0
Skip Schumaker,3704,2021,41,-8.931092,0.0,0.0
Stephen Drew,4251,2021,38,-9.281476,0.0,0.0
Chris Herrmann,9284,2021,33,-6.30186,0.0,0.0
Justin Maxwell,6827,2021,37,-6.457878,0.0,0.0
Dayan Viciedo,3917,2021,32,-8.5336075,0.0,0.0
Jon Singleton,10441,2021,29,-3.654072,0.0,0.0
Alfonso Soriano,847,2021,45,-7.6628475,0.0,0.0
Corey Hart,1945,2021,39,-8.625675,0.0,0.0
Oscar Taveras,11173,2021,29,-7.8297772,0.0,0.0
Will Middlebrooks,7002,2021,32,-7.993361,0.0,0.0
Alfredo Marte,5212,2021,32,-7.5133557,0.0,0.0
Dan Uggla,3442,2021,41,-8.926025,0.0,0.0
Jayson Nix,3790,2021,38,-5.431202,0.0,0.0
Paul Konerko,242,2021,45,-10.72727,0.0,0.0
Nate Schierholtz,6201,2021,37,-6.565748,0.0,0.0
Charlie Culberson,3298,2021,32,-2.661119,0.0,0.4195827841758728
Tony Gwynn,6141,2021,38,-6.234103,0.0,0.0
Domonic Brown,3154,2021,33,-6.584468,0.0,0.0
Jordan Pacheco,2677,2021,35,-9.356136,0.0,0.0
John Baker,4756,2021,40,-10.032264,0.0,0.0
Brett Hayes,4293,2021,37,-8.227582,0.0,0.0
Raul Ibanez,607,2021,49,-9.97066,0.0,0.0
Stefen Romero,11746,2021,32,-6.9689198,0.0,0.0
A.J. Pierzynski,746,2021,44,-10.51896,0.0,0.0
Matt Dominguez,4903,2021,31,-8.474074,0.0,0.0
Alberto Callaspo,3336,2021,38,-9.674594,0.0,0.0
Ryan Raburn,2218,2021,40,-10.007607,0.0,0.0
Bryan Holaday,11287,2021,33,-7.9962277,0.0,0.0
Tony Cruz,2802,2021,34,-8.065231,0.0,0.0
Kendrys Morales,8610,2021,38,-9.94478,0.0,0.0
Allen Craig,3433,2021,36,-9.113143,0.0,0.0
Gerald Laird,1698,2021,41,-10.149805,0.0,0.0
Nick Swisher,4599,2021,40,-9.66701,0.0,0.0
A.J. Ellis,5677,2021,40,-10.241612,0.0,0.0
Jarrod Saltalamacchia,5557,2021,36,-8.548344,0.0,0.0
Michael Choice,11376,2021,31,-8.37614,0.0,0.0
Mookie Betts,13611,2022,29,14.238802,52.2259521484375,11.442413330078125
Gregory Polanco,12907,2022,30,13.409989,49.93901062011719,11.148183822631836
Rusney Castillo,17016,2022,34,17.785599,49.54402160644531,9.180347442626953
Terrance Gore,13658,2022,31,12.921944,47.535423278808594,10.63596248626709
Arismendy Alcantara,10711,2022,30,13.297952,47.434547424316406,10.142618179321289
Danny Santana,10322,2022,31,12.021649,46.34154510498047,10.45246696472168
Jonathan Villar,10071,2022,31,11.488072,45.67460632324219,10.711957931518555
Christian Yelich,11477,2022,30,11.383486,43.73176956176758,9.753357887268066
Cory Spangenberg,12294,2022,31,10.284467,43.29893493652344,10.26342487335205
Kolten Wong,12532,2022,31,11.122959,43.21206283569336,9.666443824768066
Eury Perez,10299,2022,32,11.529274,43.15662384033203,9.475468635559082
Billy Hamilton,10199,2022,31,8.25189,42.24709701538086,11.215139389038086
James Jones,9767,2022,33,10.244748,40.67520523071289,9.197977066040039
Jean Segura,5933,2022,32,9.931667,40.43157196044922,9.273427963256836
Jose Altuve,5417,2022,32,9.224522,40.172367095947266,9.26481819152832
Billy Burns,12701,2022,32,8.963846,39.45804214477539,9.219198226928711
Starling Marte,9241,2022,33,9.161649,39.099571228027344,9.161965370178223
Mike Trout,10155,2022,30,10.35545,38.929603576660156,8.949223518371582
Elvis Andrus,8709,2022,33,9.281319,38.558624267578125,8.872303009033203
Jose Ramirez,13510,2022,29,9.910406,38.44171142578125,9.15727710723877
Matt den Dekker,11385,2022,34,9.796112,38.35000228881836,8.637173652648926
Leonys Martin,11846,2022,34,9.192917,38.32929229736328,8.950316429138184
Anthony Gose,5097,2022,31,9.265539,37.14712142944336,8.774747848510742
Ben Revere,4712,2022,34,7.6589155,35.751033782958984,8.607547760009766
Dee Strange-Gordon,8203,2022,34,6.856219,35.73735046386719,9.186939239501953
Shawn O'Malley,9629,2022,34,8.752335,35.297142028808594,8.091599464416504
Jake Marisnick,11339,2022,31,8.620303,35.125816345214844,8.551894187927246
Jordan Schafer,9883,2022,35,7.514461,34.400848388671875,8.061305046081543
Leury Garcia,5913,2022,31,8.495295,34.168724060058594,8.3853178024292
Everth Cabrera,8155,2022,35,6.892519,33.0528678894043,7.802964210510254
Alcides Escobar,6310,2022,35,6.953458,32.438934326171875,7.783246994018555
Jason Kipnis,9776,2022,35,6.6826215,31.481016159057617,7.660937309265137
Emilio Bonifacio,4054,2022,37,5.8582735,30.571739196777344,7.320369243621826
Carlos Gomez,4881,2022,36,5.7460666,30.43950653076172,7.33898401260376
Chris Taylor,13757,2022,31,7.4162655,30.41066551208496,7.96610689163208
Eric Young Jr.,7158,2022,37,5.587401,29.867238998413086,7.197082996368408
Antoan Richardson,209,2022,38,5.610003,29.501697540283203,7.074497699737549
Jarrod Dyson,4866,2022,37,5.241263,29.198543548583984,7.159296989440918
Charlie Blackmon,7859,2022,35,5.2431836,28.739656448364258,7.589003086090088
Lorenzo Cain,9077,2022,36,4.670749,28.16790199279785,7.388089656829834
Pedro Ciriaco,5278,2022,36,5.628768,28.145551681518555,7.126407146453857
Craig Gentry,9571,2022,38,4.7429113,28.014816284179688,7.007396697998047
Luis Sardinas,13153,2022,29,6.055497,27.424100875854492,8.120692253112793
Jacoby Ellsbury,4727,2022,38,4.228988,27.33002471923828,6.923517227172852
A.J. Pollock,9256,2022,34,4.362896,26.079877853393555,7.448559284210205
Anthony Rendon,12861,2022,32,5.472224,25.640701293945312,7.3608832359313965
Pedro Florimon,8385,2022,35,4.2241325,25.51802635192871,7.200876235961914
Desmond Jennings,1965,2022,35,4.0161877,25.324552536010742,7.185848712921143
Jimmy Paredes,5481,2022,33,4.701713,24.608247756958008,7.166687965393066
Drew Stubbs,9328,2022,37,2.8892488,23.99953269958496,6.934115409851074
Jose Reyes,1736,2022,39,1.6627128,23.435300827026367,6.742674350738525
Brett Gardner,9927,2022,38,2.0200121,23.252126693725586,6.816770553588867
Denard Span,8347,2022,38,1.472149,22.921924591064453,6.853196144104004
Tony Campana,4964,2022,36,2.840943,22.908658981323242,6.770827770233154
Jason Heyward,4940,2022,32,4.160471,22.857213973999023,7.0790114402771
James McCann,12859,2022,32,4.324864,22.56106185913086,6.918148040771484
Andrew McCutchen,9847,2022,35,2.7900016,22.230663299560547,6.737566947937012
Carl Crawford,1201,2022,40,0.79581076,22.075326919555664,6.559525966644287
Eduardo Nunez,6848,2022,35,2.581014,21.809412002563477,6.734316825866699
Adam Eaton,11205,2022,33,3.2136261,21.483646392822266,6.832945346832275
Rajai Davis,3708,2022,41,0.22463535,21.335472106933594,6.314341068267822
Angel Pagan,2918,2022,40,-0.23288375,20.768600463867188,6.383123874664307
Brian Dozier,9810,2022,35,2.270063,20.45490264892578,6.528075695037842
Michael Brantley,4106,2022,35,2.1425066,20.257646560668945,6.460395336151123
Javier Baez,12979,2022,29,3.434821,19.061153411865234,6.76233434677124
Brock Holt,9345,2022,34,2.1683753,18.694185256958008,6.194276809692383
Ian Desmond,6885,2022,36,0.66842467,18.31072235107422,6.131549835205078
Christian Colon,11145,2022,33,2.4909189,18.139732360839844,6.030663013458252
Ezequiel Carrera,9048,2022,35,1.1291338,18.1197452545166,6.111538410186768
Nyjer Morgan,4885,2022,41,-0.35092002,17.302473068237305,5.716890335083008
Coco Crisp,1572,2022,42,-1.8855805,17.124637603759766,5.37579345703125
Alex Hassan,9959,2022,34,4.9271297,16.8951473236084,4.996303558349609
Sam Fuld,8254,2022,40,-1.4662033,16.55278968811035,5.492400169372559
Jimmy Rollins,971,2022,43,-2.609771,16.51070213317871,5.027641296386719
Kristopher Negron,5306,2022,36,0.63819003,15.990581512451172,5.56739616394043
Melvin Upton Jr.,5015,2022,37,-0.6130171,15.734090805053711,5.549863815307617
Chris Getz,3388,2022,38,-1.1695181,15.612940788269043,5.420954704284668
Dexter Fowler,4062,2022,36,0.12522592,15.573831558227539,5.528082847595215
Alejandro De Aza,3371,2022,38,-1.731754,15.447671890258789,5.35623025894165
Austin Jackson,9848,2022,35,0.2573683,15.282238006591797,5.549545764923096
Michael Bourn,6387,2022,39,-1.876936,14.917622566223145,5.126815319061279
Juan Lagares,5384,2022,33,0.99787265,14.82274055480957,5.506176948547363
Ender Inciarte,4922,2022,31,1.4664141,14.56619930267334,5.575759410858154
Josh Harrison,8202,2022,34,0.4159158,14.369409561157227,5.37473726272583
Jace Peterson,12325,2022,32,1.5629953,14.155652046203613,5.0966362953186035
Andrew Romine,1159,2022,36,-0.5728209,13.386435508728027,4.986735820770264
Quintin Berry,9414,2022,37,-0.82541376,13.048591613769531,4.791306018829346
Nori Aoki,13075,2022,40,-3.028455,12.909270286560059,4.529700756072998
Didi Gregorius,6012,2022,32,0.97256017,11.499579429626465,4.294587135314941
Jemile Weeks,2498,2022,35,-0.6008381,11.38339614868164,4.37893533706665
Jorge Polanco,13152,2022,28,1.8003358,10.859536170959473,4.164334297180176
Alex Rios,2090,2022,41,-3.6167557,10.838284492492676,3.835142135620117
Ian Kinsler,6195,2022,40,-2.9439774,10.252062797546387,3.7991862297058105
Aaron Hicks,5297,2022,32,0.07897669,10.030926704406738,4.191226482391357
Alexei Ramirez,5133,2022,40,-3.2992501,9.841154098510742,3.6373257637023926
Chris Owings,10030,2022,30,0.50120723,9.755131721496582,4.032088756561279
Paul Goldschmidt,9218,2022,34,-0.85976094,8.88800048828125,3.7579991817474365
Alexi Amarista,9063,2022,33,-0.57485306,8.314753532409668,3.4401679039001465
Yasiel Puig,14225,2022,31,-0.14934935,8.282458305358887,3.624953508377075
Todd Frazier,785,2022,36,-2.0399954,7.165716171264648,3.070112466812134
Jim Adduci,6448,2022,37,-2.2155876,6.856381893157959,2.98414945602417
Jordan Danks,9187,2022,35,-1.6885191,6.655082702636719,2.962165355682373
Jason Bartlett,8219,2022,42,2.0484896,6.297115802764893,3.26113224029541
Chone Figgins,1580,2022,44,-5.337512,6.166725158691406,2.2800204753875732
George Springer,12856,2022,32,-0.9720904,5.776021480560303,2.6740095615386963
Cliff Pennington,3395,2022,38,-2.9649847,5.698663234710693,2.5014617443084717
Bryce Brentz,10607,2022,33,-0.80433327,5.533885955810547,2.356546640396118
Erick Aybar,4082,2022,38,-3.3304975,5.400185585021973,2.408137321472168
Gregor Blanco,3123,2022,38,-3.606155,5.309941291809082,2.3145968914031982
Michael Saunders,9981,2022,35,-1.9573774,5.150004863739014,2.482011556625366
Ichiro Suzuki,1101,2022,48,-6.6083317,4.870383262634277,1.6639939546585083
Zoilo Almonte,6732,2022,33,-1.5055277,4.802366256713867,2.1168978214263916
Hunter Pence,8252,2022,39,-3.5559247,4.796117305755615,2.2305800914764404
Peter Bourjos,2578,2022,35,-2.1097174,4.780376434326172,2.2376978397369385
Derek Dietrich,10542,2022,32,-0.9661196,4.7370781898498535,2.054525375366211
Mike Aviles,5986,2022,41,-4.6451793,4.714565277099609,2.034792423248291
Domingo Santana,10348,2022,29,-0.50119066,4.400902271270752,2.149388313293457
Daniel Murphy,4316,2022,37,-3.0948102,4.378014087677002,2.0726118087768555
Junior Lake,4672,2022,32,-1.428341,4.162590503692627,2.1226859092712402
Brandon Guyer,2636,2022,36,-2.5056334,3.6181280612945557,1.7630562782287598
DJ LeMahieu,9874,2022,33,-2.0755858,3.2665743827819824,1.7977761030197144
Will Venable,211,2022,39,-4.1216044,3.1741108894348145,1.6625202894210815
Eric Sogard,7927,2022,36,-2.980129,3.1436028480529785,1.6893773078918457
Kirk Nieuwenhuis,6400,2022,34,-2.2699704,2.9100518226623535,1.4231184720993042
Nate McLouth,3190,2022,40,-4.1690326,2.6837189197540283,1.498649001121521
Alex Gordon,5209,2022,38,-3.7580817,2.1401937007904053,1.3526370525360107
Jay Bruce,9892,2022,35,-2.9574006,1.9499684572219849,1.2080223560333252
Justin Upton,5222,2022,34,-2.6677241,1.6167429685592651,1.1253654956817627
Brad Miller,12775,2022,32,-2.1899867,1.2185128927230835,0.9923125505447388
Kevin Kiermaier,11038,2022,32,-2.309804,1.0847692489624023,1.007283329963684
Hanley Ramirez,8001,2022,38,-4.5382905,1.0192779302597046,0.9068293571472168
Dustin Ackley,10099,2022,34,-2.8530715,0.9883424043655396,0.9170322418212891
Adam Jones,6368,2022,36,-3.275594,0.884443998336792,0.863253653049469
Christian Walker,13419,2022,31,-1.9984967,0.34247076511383057,0.5669377446174622
Tomas Telis,10067,2022,31,-1.9984967,0.34247076511383057,0.5669377446174622
Shane Victorino,1677,2022,41,-5.325835,0.34035658836364746,0.5783314108848572
Tyler Holt,11391,2022,33,-2.761922,0.18552376329898834,0.681158185005188
Rymer Liriano,4779,2022,31,-3.3407776,0.17608198523521423,0.6989544630050659
Buster Posey,9166,2022,35,-9.7675705,0.0,0.0
Jonathan Lucroy,7870,2022,36,-9.029331,0.0,0.0
Giancarlo Stanton,4949,2022,32,-3.7962046,0.0,0.0
Jose Bautista,1887,2022,41,-9.104811,0.0,0.0
Russell Martin,4616,2022,39,-8.663909,0.0,0.0
Adrian Beltre,639,2022,43,-10.569077,0.0,0.0
Josh Donaldson,5038,2022,36,-8.197277,0.0,0.0
Robinson Cano,3269,2022,39,-8.246854,0.0,0.0
Jose Abreu,15676,2022,35,-9.375613,0.0,0.0
Anthony Rizzo,3473,2022,32,-7.4415245,0.0,0.0
Jayson Werth,1327,2022,43,-6.7509804,0.0,0.0
Miguel Cabrera,1744,2022,39,-10.291982,0.0,0.0
Kyle Seager,9785,2022,34,-7.2142453,0.0,0.0
Troy Tulowitzki,3531,2022,37,-9.1434555,0.0,0.0
Yan Gomes,9627,2022,34,-9.217466,0.0,0.0
Rene Rivera,3648,2022,38,-10.400187,0.0,0.0
Ben Zobrist,7435,2022,41,-6.4330983,0.0,0.0
Victor Martinez,393,2022,43,-10.29688,0.0,0.0
Jhonny Peralta,1738,2022,40,-9.867593,0.0,0.0
Howie Kendrick,4229,2022,38,-6.648144,0.0,0.0
Steve Pearce,9957,2022,39,-7.2256837,0.0,0.0
Freddie Freeman,5361,2022,32,-7.9761896,0.0,0.0
Marcell Ozuna,10324,2022,31,-5.6411395,0.0,0.0
Neil Walker,7539,2022,36,-8.604862,0.0,0.0
Mike Zunino,13265,2022,31,-8.049009,0.0,0.0
Devin Mesoraco,5666,2022,34,-8.958241,0.0,0.0
Nelson Cruz,2434,2022,41,-9.750403,0.0,0.0
J.D. Martinez,6184,2022,34,-7.814774,0.0,0.0
Dustin Pedroia,8370,2022,38,-7.0244846,0.0,0.0
Edwin Encarnacion,2151,2022,39,-9.013024,0.0,0.0
Adrian Gonzalez,1908,2022,40,-10.507836,0.0,0.0
Chase Utley,1679,2022,43,-6.217972,0.0,0.0
Evan Longoria,9368,2022,36,-8.189973,0.0,0.0
Yoenis Cespedes,13110,2022,36,-5.418367,0.0,0.0
Justin Turner,5235,2022,37,-8.3353405,0.0,0.0
Juan Uribe,454,2022,43,-10.518052,0.0,0.0
Kole Calhoun,11200,2022,34,-5.2721148,0.0,0.0
Trevor Plouffe,7462,2022,36,-9.4427395,0.0,0.0
Matt Carpenter,8090,2022,36,-7.4375234,0.0,0.0
Chase Headley,4720,2022,38,-8.262965,0.0,0.0
Pablo Sandoval,5409,2022,35,-9.878034,0.0,0.0
Miguel Montero,3364,2022,38,-10.056101,0.0,0.0
Matt Holliday,1873,2022,42,-9.867508,0.0,0.0
Starlin Castro,4579,2022,32,-7.0438385,0.0,0.0
Luis Valbuena,4969,2022,36,-8.961511,0.0,0.0
Yadier Molina,7007,2022,39,-10.136845,0.0,0.0
Brian McCann,4810,2022,38,-10.383262,0.0,0.0
Lucas Duda,2502,2022,36,-8.859303,0.0,0.0
Melky Cabrera,4022,2022,37,-8.595062,0.0,0.0
Travis d'Arnaud,7739,2022,33,-9.343535,0.0,0.0
Tyler Flowers,9134,2022,36,-9.819498,0.0,0.0
J.J. Hardy,3797,2022,39,-10.597902,0.0,0.0
Corey Dickerson,10762,2022,33,-5.401266,0.0,0.0
Scott Van Slyke,4365,2022,35,-8.328902,0.0,0.0
Yasmani Grandal,11368,2022,33,-8.83263,0.0,0.0
Hank Conger,2505,2022,34,-9.314658,0.0,0.0
Seth Smith,7331,2022,39,-9.981798,0.0,0.0
Albert Pujols,1177,2022,42,-10.149743,0.0,0.0
Brandon Moss,4467,2022,38,-9.222659,0.0,0.0
Brandon Crawford,5343,2022,35,-7.496879,0.0,0.0
Nolan Arenado,9777,2022,31,-8.278245,0.0,0.0
Evan Gattis,11003,2022,35,-9.945734,0.0,0.0
Eduardo Escobar,6153,2022,33,-6.495285,0.0,0.0
Matt Kemp,5631,2022,37,-7.2697005,0.0,0.0
David Freese,9549,2022,39,-9.851123,0.0,0.0
Chris Coghlan,6878,2022,37,-6.344252,0.0,0.0
Justin Morneau,1737,2022,41,-10.565484,0.0,0.0
Carlos Santana,2396,2022,36,-8.853515,0.0,0.0
Manny Machado,11493,2022,29,-7.359872,0.0,0.0
Nick Markakis,5930,2022,38,-9.512793,0.0,0.0
Daniel Nava,5450,2022,39,-7.8438206,0.0,0.0
David Ortiz,745,2022,46,-11.463331,0.0,0.0
Derek Norris,6867,2022,33,-7.507746,0.0,0.0
Marlon Byrd,950,2022,44,-9.590213,0.0,0.0
Mike Napoli,3057,2022,40,-9.886262,0.0,0.0
Josh Reddick,3892,2022,35,-4.7172446,0.0,0.0
Jason Castro,8722,2022,35,-8.409953,0.0,0.0
Christian Vazquez,9774,2022,31,-9.043579,0.0,0.0
Adam LaRoche,1904,2022,42,-10.543178,0.0,0.0
Chris Iannetta,8267,2022,39,-9.398894,0.0,0.0
Jordy Mercer,6547,2022,35,-8.79592,0.0,0.0
Francisco Cervelli,5275,2022,36,-9.413072,0.0,0.0
Chris Carter,9911,2022,35,-8.529143,0.0,0.0
Casey McGehee,6086,2022,39,-9.661423,0.0,0.0
Asdrubal Cabrera,4962,2022,36,-6.2642117,0.0,0.0
Matt Adams,9393,2022,33,-8.485083,0.0,0.0
Carlos Ruiz,2579,2022,43,-9.577684,0.0,0.0
Salvador Perez,7304,2022,32,-9.054316,0.0,0.0
Caleb Joseph,7087,2022,36,-9.807905,0.0,0.0
Adam Lind,8027,2022,38,-10.160067,0.0,0.0
Aramis Ramirez,1002,2022,44,-10.565635,0.0,0.0
Scooter Gennett,10339,2022,32,-7.285343,0.0,0.0
Conor Gillaspie,9009,2022,34,-8.153956,0.0,0.0
Jon Jay,5227,2022,37,-7.5651393,0.0,0.0
Joe Mauer,1857,2022,39,-8.202061,0.0,0.0
Yangervis Solarte,5352,2022,34,-9.582439,0.0,0.0
Jed Lowrie,4418,2022,38,-10.322951,0.0,0.0
Andrelton Simmons,10847,2022,32,-7.6165113,0.0,0.0
Michael Cuddyer,1534,2022,43,-8.254534,0.0,0.0
Michael Morse,3035,2022,40,-10.666047,0.0,0.0
Travis Snider,2830,2022,34,-8.073747,0.0,0.0
Lonnie Chisenhall,7571,2022,33,-8.017815,0.0,0.0
Bryce Harper,11579,2022,29,-3.3622913,0.0,0.41352128982543945
Brett Lawrie,5247,2022,32,-4.8019743,0.0,0.0
David Wright,3787,2022,39,-6.046727,0.0,0.0
Stephen Vogt,5000,2022,37,-8.019326,0.0,0.0
Colby Rasmus,9893,2022,35,-4.6380367,0.0,0.0
Martin Prado,3312,2022,38,-9.23047,0.0,0.0
Matt Joyce,3353,2022,37,-7.361803,0.0,0.0
Chris Stewart,3878,2022,40,-9.939194,0.0,0.0
Ruben Tejada,5519,2022,32,-8.246519,0.0,0.0
Ryan Hanigan,4952,2022,41,-10.544321,0.0,0.0
Khris Davis,9112,2022,34,-8.728412,0.0,0.0
Josh Willingham,2103,2022,43,-9.52766,0.0,0.0
Collin Cowgill,7250,2022,36,-5.9396987,0.0,0.0
Brandon Phillips,791,2022,41,-9.512813,0.0,0.0
Rickie Weeks Jr.,1849,2022,39,-8.365262,0.0,0.0
Madison Bumgarner,5524,2022,32,-8.527861,0.0,0.0
Marwin Gonzalez,5497,2022,33,-7.1698503,0.0,0.0
Joe Panik,11936,2022,31,-4.9066024,0.0,0.0
Martin Maldonado,6887,2022,35,-9.602476,0.0,0.0
Robinson Chirinos,3142,2022,38,-10.151723,0.0,0.0
Alex Avila,7476,2022,35,-9.336978,0.0,0.0
Zack Cozart,2616,2022,36,-5.9250436,0.0,0.0
Ryan Zimmerman,4220,2022,37,-9.539052,0.0,0.0
Juan Francisco,6978,2022,35,-9.192319,0.0,0.0
Curtis Granderson,4747,2022,41,-6.102724,0.0,0.0
David Lough,7215,2022,36,-3.8506062,0.0,0.5002478957176208
Carlos Corporan,5587,2022,38,-10.244715,0.0,0.0
Wilmer Flores,5827,2022,30,-7.0921664,0.0,0.0
Ryan Braun,3410,2022,38,-6.38328,0.0,0.0
Torii Hunter,731,2022,46,-9.670027,0.0,0.0
Josh Hamilton,1875,2022,41,-8.793693,0.0,0.0
Enrique Hernandez,10472,2022,30,-3.5329654,0.0,0.0
Darwin Barney,2430,2022,36,-7.291374,0.0,0.0
David Ross,1551,2022,45,-10.097117,0.0,0.0
David Peralta,2136,2022,34,-5.0482817,0.0,0.0
Rougned Odor,12282,2022,28,-3.9895322,0.0,0.0
Wilson Ramos,1433,2022,34,-9.325417,0.0,0.0
Andre Ethier,6265,2022,40,-9.461028,0.0,0.0
Mark Reynolds,7619,2022,38,-8.493332,0.0,0.0
Jake Smolinski,5408,2022,33,-7.3104587,0.0,0.0
Delmon Young,2140,2022,36,-9.230841,0.0,0.0
Oswaldo Arcia,10306,2022,31,-7.562792,0.0,0.0
James Loney,4556,2022,38,-9.918026,0.0,0.0
Adam Rosales,9682,2022,39,-6.509383,0.0,0.0
Chris Davis,9272,2022,36,-8.033997,0.0,0.0
Travis Wood,9884,2022,35,-8.917436,0.0,0.0
Chris Young,3882,2022,38,-5.1419816,0.0,0.0
Eugenio Suarez,12552,2022,30,-5.1478543,0.0,0.0
Michael McKenry,9628,2022,37,-9.179038,0.0,0.0
Joey Votto,4314,2022,38,-9.616762,0.0,0.0
Andrew Susac,13132,2022,32,-4.352136,0.0,0.0
Brandon Belt,10264,2022,34,-7.870426,0.0,0.0
Logan Morrison,9205,2022,34,-8.212651,0.0,0.0
Donovan Solano,8623,2022,34,-8.624793,0.0,0.0
Zack Greinke,1943,2022,38,-9.229098,0.0,0.0
Jose Molina,25,2022,47,-10.579274,0.0,0.0
Jorge Soler,14221,2022,30,-4.453391,0.0,0.0
Mark Teixeira,1281,2022,42,-10.42019,0.0,0.0
Gerardo Parra,8553,2022,35,-4.460885,0.0,0.0
Ramon Santiago,1417,2022,42,-9.661627,0.0,0.0
Ryan Flaherty,7888,2022,35,-6.298318,0.0,0.0
Chris Heisey,3978,2022,37,-5.1070194,0.0,0.0
Drew Butera,3411,2022,38,-10.139957,0.0,0.0
Kevin Kouzmanoff,5995,2022,40,-10.315605,0.0,0.0
Matt Wieters,4298,2022,36,-9.409754,0.0,0.0
John Jaso,5887,2022,38,-8.929221,0.0,0.0
Ike Davis,8433,2022,35,-9.244092,0.0,0.0
Cody Asche,11997,2022,32,-8.318174,0.0,0.0
Tommy Medica,11147,2022,34,-3.3382,0.0,0.29485177993774414
Roberto Perez,2900,2022,33,-9.231439,0.0,0.0
Robbie Grossman,5254,2022,32,-5.9530435,0.0,0.0
Kelly Johnson,2234,2022,40,-8.397704,0.0,0.0
Danny Espinosa,9219,2022,35,-4.2381554,0.0,0.0
Erik Kratz,4403,2022,42,-10.776256,0.0,0.0
Kyle Blanks,49,2022,35,-9.291871,0.0,0.0
Rafael Ynoa,2832,2022,34,-9.345804,0.0,0.0
Kennys Vargas,12101,2022,31,-7.0388975,0.0,0.0
Justin Ruggiano,7620,2022,40,-6.522191,0.0,0.0
David DeJesus,1825,2022,42,-9.188276,0.0,0.0
John Mayberry,3390,2022,38,-9.430361,0.0,0.0
Gregorio Petit,3812,2022,37,-8.537995,0.0,0.0
Travis Ishikawa,4793,2022,38,-9.235299,0.0,0.0
John Ryan Murphy,10346,2022,31,-5.117528,0.0,0.0
Yonder Alonso,2530,2022,35,-6.4533796,0.0,0.0
Marcus Semien,12533,2022,31,-5.973208,0.0,0.0
Danny Valencia,6364,2022,37,-9.536694,0.0,0.0
Adeiny Hechavarria,10459,2022,33,-6.600325,0.0,0.0
Omar Infante,1609,2022,40,-6.7468147,0.0,0.0
Abraham Almonte,5486,2022,33,-6.06315,0.0,0.0
Jose Lobaton,4243,2022,37,-10.108664,0.0,0.0
Mike Leake,10130,2022,34,-8.965289,0.0,0.0
Shelby Miller,10197,2022,31,-8.077899,0.0,0.0
Clayton Kershaw,2036,2022,34,-7.7574205,0.0,0.0
Ben Paulsen,9741,2022,34,-9.746172,0.0,0.0
Eric Chavez,906,2022,44,-9.72883,0.0,0.0
Adam Dunn,319,2022,42,-10.6402645,0.0,0.0
Ryan Rua,12409,2022,32,-7.850271,0.0,0.0
Wilin Rosario,8002,2022,33,-9.003715,0.0,0.0
Shin-Soo Choo,3174,2022,39,-6.312639,0.0,0.0
Nick Castellanos,11737,2022,30,-7.980677,0.0,0.0
Kevin Pillar,12434,2022,33,-5.2145524,0.0,0.0
Eric Campbell,6938,2022,35,-8.427195,0.0,0.0
Yunel Escobar,4191,2022,39,-10.073458,0.0,0.0
Chris Johnson,1191,2022,37,-9.456191,0.0,0.0
Ryan Sweeney,6352,2022,37,-9.406879,0.0,0.0
Chris Gimenez,7324,2022,39,-9.250756,0.0,0.0
Mike Moustakas,4892,2022,33,-8.964456,0.0,0.0
Munenori Kawasaki,13047,2022,41,-9.041959,0.0,0.0
Wil Nieves,1556,2022,44,-10.452834,0.0,0.0
Brandon Hicks,4003,2022,36,-8.848038,0.0,0.0
Jonathan Schoop,11265,2022,30,-7.2999372,0.0,0.0
Jacob deGrom,10954,2022,34,-8.999477,0.0,0.0
Adam Wainwright,2233,2022,40,-10.133669,0.0,0.0
Nick Evans,7595,2022,36,-9.469754,0.0,0.0
Pete Kozma,2539,2022,34,-3.5302339,0.0,0.0
Garin Cecchini,11608,2022,31,-3.3195834,0.0,0.0
Jhoulys Chacin,2608,2022,34,-8.938937,0.0,0.0
Garrett Jones,2714,2022,41,-10.667376,0.0,0.0
Pedro Alvarez,2495,2022,35,-7.474094,0.0,0.0
Darin Ruf,9929,2022,35,-9.845647,0.0,0.0
Welington Castillo,3256,2022,35,-9.890499,0.0,0.0
Randal Grichuk,10243,2022,30,-7.7796044,0.0,0.0
Brian Roberts,166,2022,44,-6.982952,0.0,0.0
Jonny Gomes,1845,2022,41,-9.355348,0.0,0.0
Ramiro Pena,8841,2022,36,-7.98957,0.0,0.0
Maicer Izturis,2437,2022,41,-5.543677,0.0,0.4620848596096039
Phil Gosselin,10953,2022,33,-4.61692,0.0,0.0
Clint Barmes,1830,2022,43,-9.84709,0.0,0.0
Cameron Maybin,5223,2022,35,-4.290542,0.0,0.03986230492591858
Jordan Lyles,7593,2022,31,-8.077899,0.0,0.0
Jake Arrieta,4153,2022,36,-9.396741,0.0,0.0
Cole Hamels,4972,2022,38,-9.808621,0.0,0.0
Gerrit Cole,13125,2022,31,-8.119294,0.0,0.0
Dan Haren,1757,2022,41,-10.2827015,0.0,0.0
Tyson Ross,7872,2022,35,-9.176905,0.0,0.0
Carlos Rivero,1136,2022,34,-8.999477,0.0,0.0
Jose Pirela,5485,2022,32,-8.456755,0.0,0.0
George Kottaras,5506,2022,39,-9.078972,0.0,0.0
Gary Brown,11464,2022,33,-4.4794803,0.0,0.0
Max Stassi,10059,2022,31,-8.502024,0.0,0.0
Marco Gonzales,15467,2022,30,-7.799305,0.0,0.0
Matt McBride,9373,2022,37,-8.38349,0.0,0.0
Andres Blanco,1907,2022,38,-10.300709,0.0,0.0
Scott Sizemore,2881,2022,37,-6.740418,0.0,0.0
Dalton Pompey,12797,2022,29,-4.8042583,0.0,0.0
Justin Bour,9744,2022,34,-9.732688,0.0,0.0
Dilson Herrera,14335,2022,28,-8.207125,0.0,0.0
Sean Rodriguez,6589,2022,37,-8.455931,0.0,0.0
Daniel Robertson,6266,2022,36,-4.2893085,0.0,0.41625434160232544
Tommy La Stella,12371,2022,33,-8.71178,0.0,0.0
Efren Navarro,9854,2022,36,-4.168469,0.0,0.0
Derek Jeter,826,2022,48,-9.487631,0.0,0.0
Joe Kelly,9761,2022,34,-5.894171,0.0,0.0
Nick Punto,1429,2022,44,-9.18263,0.0,0.0
Josh Wilson,2102,2022,41,-9.63745,0.0,0.0
Jaime Garcia,8137,2022,35,-9.176905,0.0,0.0
Jeff Mathis,3448,2022,39,-10.201804,0.0,0.0
Jackie Bradley Jr.,12984,2022,32,-4.5831656,0.0,0.0
Cliff Lee,1636,2022,43,-9.877029,0.0,0.0
Jacob Turner,10185,2022,31,-8.077899,0.0,0.0
Josh Beckett,510,2022,42,-10.418348,0.0,0.0
Mike Minor,10021,2022,34,-8.938937,0.0,0.0
Jordan Zimmermann,4505,2022,36,-9.425209,0.0,0.0
Henderson Alvarez,5669,2022,32,-8.390691,0.0,0.0
Ian Kennedy,6986,2022,37,-9.627082,0.0,0.0
Buddy Carlyle,2010,2022,44,-10.669612,0.0,0.0
Brian Schlitter,3599,2022,36,-9.349606,0.0,0.0
Jeanmar Gomez,9033,2022,34,-8.938937,0.0,0.0
Gus Schlosser,12321,2022,33,-8.741148,0.0,0.0
Jeurys Familia,5114,2022,32,-8.390691,0.0,0.0
Zach McAllister,2895,2022,34,-8.938937,0.0,0.0
Clay Buchholz,3543,2022,37,-9.5999155,0.0,0.0
Pedro Villarreal,9904,2022,34,-8.938937,0.0,0.0
Drew Hutchison,10732,2022,31,-8.097598,0.0,0.0
Robbie Ray,11486,2022,30,-7.799305,0.0,0.0
Nick Tepesch,11716,2022,33,-8.714454,0.0,0.0
Brad Penny,535,2022,44,-10.676488,0.0,0.0
Colby Lewis,1259,2022,42,-10.415265,0.0,0.0
Seth Maness,12235,2022,33,-8.714454,0.0,0.0
Donn Roach,10620,2022,32,-8.456755,0.0,0.0
Doug Bernier,4518,2022,42,-9.253568,0.0,0.0
Brandon Barnes,629,2022,36,-7.124669,0.0,0.0
Nolan Reimold,3441,2022,38,-7.2981124,0.0,0.0
James Shields,7059,2022,40,-10.133669,0.0,0.0
Craig Stammen,7274,2022,38,-9.790724,0.0,0.0
Chris Parmelee,2554,2022,34,-9.101421,0.0,0.0
Endy Chavez,768,2022,44,-8.685955,0.0,0.0
Tyler Moore,7244,2022,35,-9.260577,0.0,0.0
Steve Tolleson,4450,2022,38,-9.575542,0.0,0.0
Justin Verlander,8700,2022,39,-9.969665,0.0,0.0
Daniel Corcino,9266,2022,31,-8.143205,0.0,0.0
Bud Norris,9492,2022,37,-9.5999155,0.0,0.0
Tony Sanchez,6178,2022,34,-9.690238,0.0,0.0
Xander Bogaerts,12161,2022,29,-5.4232774,0.0,0.0
Tyler Colvin,5310,2022,36,-8.445455,0.0,0.0
Willie Bloomquist,1066,2022,44,-8.756888,0.0,0.0
Jake Lamb,13329,2022,31,-3.8971179,0.0,0.0
Kevin Correia,1767,2022,41,-10.240011,0.0,0.0
Carlos Peguero,8760,2022,35,-2.6379442,0.0,0.4331722855567932
Jordany Valdespin,5098,2022,34,-3.1687508,0.0,0.085602767765522
Matt Duffy,13836,2022,31,-6.3339214,0.0,0.0
Johnny Giavotella,6740,2022,34,-4.1980195,0.0,0.0
Ed Lucas,7532,2022,40,-9.105316,0.0,0.0
Hector Sanchez,10289,2022,32,-7.850026,0.0,0.0
Wandy Rodriguez,2586,2022,43,-10.543387,0.0,0.0
Carlos Martinez,11682,2022,30,-7.775888,0.0,0.0
Alex Cobb,6562,2022,34,-8.938937,0.0,0.0
Miguel Rojas,7802,2022,33,-9.128661,0.0,0.0
Jesus Sucre,5942,2022,34,-7.063905,0.0,0.0
Bronson Arroyo,978,2022,45,-10.775666,0.0,0.0
Tyler Matzek,10058,2022,31,-8.143205,0.0,0.0
Daisuke Matsuzaka,7775,2022,41,-10.2827015,0.0,0.0
Jeff Samardzija,3254,2022,37,-9.5999155,0.0,0.0
Edwin Jackson,1841,2022,38,-9.815013,0.0,0.0
Matt Cain,4732,2022,37,-9.62532,0.0,0.0
Jarred Cosart,10304,2022,32,-8.430269,0.0,0.0
Wade Miley,8779,2022,35,-9.176905,0.0,0.0
Hyun-Jin Ryu,14444,2022,35,-9.207446,0.0,0.0
Kyle Hendricks,12049,2022,32,-8.456755,0.0,0.0
A.J. Burnett,512,2022,45,-10.775666,0.0,0.0
David Buchanan,11176,2022,33,-8.741148,0.0,0.0
Stephen Strasburg,10131,2022,33,-8.709833,0.0,0.0
Jon Niese,4424,2022,35,-9.207999,0.0,0.0
Francisco Pena,8298,2022,32,-8.456755,0.0,0.0
Antonio Bastardo,8844,2022,36,-9.396741,0.0,0.0
J.J. Hoover,9037,2022,34,-8.938937,0.0,0.0
Audry Perez,9176,2022,33,-8.714454,0.0,0.0
Andrew Chafin,12988,2022,32,-8.456755,0.0,0.0
Joey Terdoslavich,10593,2022,33,-9.469327,0.0,0.0
Steven Moya,11854,2022,30,-7.799305,0.0,0.0
Jackson Williams,8524,2022,36,-9.999568,0.0,0.0
Clint Robinson,6908,2022,37,-10.094401,0.0,0.0
Josh Phegley,9308,2022,34,-9.406321,0.0,0.0
Nate Freiman,6582,2022,35,-9.941915,0.0,0.0
Gaby Sanchez,3361,2022,38,-9.548659,0.0,0.0
Jason Lane,1397,2022,45,-10.6972275,0.0,0.0
Tony Watson,3132,2022,37,-9.5999155,0.0,0.0
David Huff,4257,2022,37,-9.5999155,0.0,0.0
John Danks,6329,2022,37,-9.5999155,0.0,0.0
Taylor Hill,12515,2022,33,-8.741148,0.0,0.0
Tyler Collins,12723,2022,32,-8.8401375,0.0,0.0
Michael Taylor,2591,2022,36,-9.426872,0.0,0.0
Jesus Montero,5514,2022,32,-8.912026,0.0,0.0
Chris Dickerson,7095,2022,40,-5.9611716,0.0,0.0
Nick Hundley,3376,2022,38,-9.807741,0.0,0.0
Matt Szczur,11255,2022,32,-5.307174,0.0,0.0
Steve Lombardozzi,5422,2022,33,-8.207937,0.0,0.0
Andrew Lambo,5386,2022,33,-9.147439,0.0,0.0
Cole Figueroa,8790,2022,35,-6.8407855,0.0,0.0
Chris Denorfia,4400,2022,41,-6.8828897,0.0,0.0
Anibal Sanchez,3284,2022,38,-9.790724,0.0,0.0
Zeke Spruill,3873,2022,32,-8.430269,0.0,0.0
Samuel Deduno,5285,2022,38,-9.790724,0.0,0.0
Yu Darvish,13074,2022,35,-9.176905,0.0,0.0
Jonathan Herrera,4182,2022,37,-8.178044,0.0,0.0
Ehire Adrianza,8418,2022,32,-8.167118,0.0,0.0
Greg Garcia,10951,2022,32,-5.261971,0.0,0.0
Hernan Perez,5751,2022,31,-7.6553025,0.0,0.0
Tyler Thornburg,10688,2022,33,-8.676757,0.0,0.0
Robbie Ross Jr.,6819,2022,33,-8.676757,0.0,0.0
Dan Straily,9460,2022,33,-8.676757,0.0,0.0
Nick Tropeano,12385,2022,31,-8.143205,0.0,0.0
Hector Santiago,4026,2022,34,-8.938937,0.0,0.0
Bobby Wilson,6564,2022,39,-10.0248375,0.0,0.0
Kyle Gibson,10123,2022,34,-8.971147,0.0,0.0
Dallas Beeler,11471,2022,33,-8.741148,0.0,0.0
Yordano Ventura,11855,2022,31,-8.119294,0.0,0.0
Andy Parrino,3972,2022,36,-9.596051,0.0,0.0
Joc Pederson,11899,2022,30,-7.1984377,0.0,0.0
Tucker Barnhart,10200,2022,31,-5.2427025,0.0,0.0
Nick Franklin,10166,2022,31,-5.327868,0.0,0.0
Jonathan Diaz,4142,2022,37,-5.8181815,0.0,0.0
Brett Anderson,8223,2022,34,-8.938937,0.0,0.0
Corey Kluber,2429,2022,36,-9.396741,0.0,0.0
Christian Friedrich,7942,2022,34,-8.946391,0.0,0.0
Chase Whitley,10982,2022,33,-8.741148,0.0,0.0
Felix Doubront,1478,2022,34,-8.938937,0.0,0.0
Justin Masterson,2038,2022,37,-9.5999155,0.0,0.0
Ross Detwiler,2859,2022,36,-9.396741,0.0,0.0
C.J. Wilson,3580,2022,41,-10.2827015,0.0,0.0
Jerome Williams,1137,2022,40,-10.133669,0.0,0.0
Jimmy Nelson,10547,2022,33,-8.714454,0.0,0.0
Homer Bailey,8362,2022,36,-9.396741,0.0,0.0
Josh Collmenter,7312,2022,36,-9.396741,0.0,0.0
Ryan Vogelsong,1011,2022,44,-10.66045,0.0,0.0
Kyle Kendrick,6230,2022,37,-9.5999155,0.0,0.0
Jason Hammel,4538,2022,39,-9.969665,0.0,0.0
Randy Wolf,976,2022,45,-10.606613,0.0,0.0
Tim Stauffer,6432,2022,40,-10.133669,0.0,0.0
Tony Cingrani,12555,2022,32,-8.001554,0.0,0.0
Brandon Cumpton,11366,2022,33,-8.714454,0.0,0.0
Anthony DeSclafani,13050,2022,32,-8.456755,0.0,0.0
Robbie Erlin,10354,2022,31,-8.119294,0.0,0.0
John Lackey,1507,2022,43,-10.530093,0.0,0.0
Marco Estrada,1118,2022,38,-9.790724,0.0,0.0
Jeff Kobernus,9591,2022,34,-7.9300504,0.0,0.0
Dallas Keuchel,9434,2022,34,-8.938937,0.0,0.0
Taylor Jordan,10466,2022,33,-8.714454,0.0,0.0
Jose Fernandez,11530,2022,29,-7.394559,0.0,0.0
Andrew Heaney,15423,2022,31,-8.143205,0.0,0.0
Blake Treinen,12572,2022,34,-8.999477,0.0,0.0
Tyler Lyons,11334,2022,34,-8.971147,0.0,0.0
Randall Delgado,5985,2022,32,-8.390691,0.0,0.0
Masahiro Tanaka,15764,2022,33,-8.741148,0.0,0.0
Jake Odorizzi,6397,2022,32,-8.390691,0.0,0.0
Hisashi Iwakuma,13048,2022,41,-10.2827015,0.0,0.0
Paul Maholm,8678,2022,40,-10.133669,0.0,0.0
Jeremy Guthrie,2072,2022,43,-10.543387,0.0,0.0
Neftali Feliz,18,2022,34,-8.938937,0.0,0.0
Xavier Cedeno,36,2022,35,-9.176905,0.0,0.0
Erik Bedard,126,2022,43,-10.543387,0.0,0.0
Mark Buehrle,225,2022,43,-10.543387,0.0,0.0
Daniel McCutchen,263,2022,39,-9.945211,0.0,0.0
Kyle Farnsworth,278,2022,46,-10.892023,0.0,0.0
Blake Beavan,338,2022,33,-8.676757,0.0,0.0
CC Sabathia,404,2022,41,-10.2827015,0.0,0.0
Fernando Rodney,494,2022,45,-10.775666,0.0,0.0
Jason Grilli,521,2022,45,-10.775666,0.0,0.0
Hector Ambriz,559,2022,38,-9.790724,0.0,0.0
Jeremy Affeldt,583,2022,43,-10.543387,0.0,0.0
Grant Balfour,718,2022,44,-10.66045,0.0,0.0
LaTroy Hawkins,729,2022,49,-11.278452,0.0,0.0
Bruce Chen,769,2022,45,-10.775666,0.0,0.0
Scott Downs,773,2022,46,-10.892023,0.0,0.0
Randy Choate,813,2022,46,-10.892023,0.0,0.0
Kris Johnson,886,2022,37,-9.6280985,0.0,0.0
Scott Carroll,888,2022,37,-9.657624,0.0,0.0
Joe Beimel,979,2022,45,-10.819226,0.0,0.0
Aaron Thompson,999,2022,35,-9.156064,0.0,0.0
Rafael Soriano,1100,2022,42,-10.418348,0.0,0.0
Joe Nathan,1122,2022,47,-11.013828,0.0,0.0
Tommy Hunter,1157,2022,35,-9.176905,0.0,0.0
Adam Ottavino,1247,2022,36,-9.396741,0.0,0.0
Pedro Beato,1330,2022,35,-9.176905,0.0,0.0
Curtis Partch,1333,2022,35,-9.207446,0.0,0.0
Blake Wood,1345,2022,36,-9.370375,0.0,0.0
Evan Reed,1349,2022,36,-9.424795,0.0,0.0
Nick Hagadone,1351,2022,36,-9.396741,0.0,0.0
Charlie Furbush,1370,2022,36,-9.396741,0.0,0.0
Joaquin Benoit,1437,2022,44,-10.66045,0.0,0.0
Jon Edwards,1483,2022,34,-8.999477,0.0,0.0
Oliver Perez,1514,2022,40,-10.133669,0.0,0.0
Sean Doolittle,1581,2022,35,-9.176905,0.0,0.0
Francisco Rodriguez,1642,2022,40,-10.133669,0.0,0.0
Javier Lopez,1663,2022,44,-10.66045,0.0,0.0
Chris Capuano,1701,2022,43,-10.543387,0.0,0.0
Jose Valverde,1726,2022,44,-10.66045,0.0,0.0
Kevin Gregg,1793,2022,44,-10.66045,0.0,0.0
J.J. Putz,1795,2022,45,-10.775666,0.0,0.0
Neal Cotts,1797,2022,42,-10.361478,0.0,0.0
Humberto Quintero,1824,2022,42,-10.616819,0.0,0.0
Matt Belisle,1837,2022,42,-10.418348,0.0,0.0
Shawn Camp,1855,2022,46,-10.892023,0.0,0.0
Sean Burnett,1886,2022,39,-9.969665,0.0,0.0
Matt Moore,1890,2022,33,-8.676757,0.0,0.0
Jason Frasor,1906,2022,44,-10.66045,0.0,0.0
Matt Thornton,1918,2022,45,-10.775666,0.0,0.0
Frank Francisco,1933,2022,42,-10.418348,0.0,0.0
Mike Adams,1937,2022,43,-10.543387,0.0,0.0
Justin Germano,1938,2022,39,-9.969665,0.0,0.0
Raul Valdes,1953,2022,44,-10.66045,0.0,0.0
Ivan Nova,1994,2022,35,-9.176905,0.0,0.0
Matt Guerrier,2061,2022,43,-10.543387,0.0,0.0
Jose Veras,2063,2022,41,-10.2827015,0.0,0.0
Heath Bell,2080,2022,44,-10.66045,0.0,0.0
Chad Qualls,2170,2022,43,-10.543387,0.0,0.0
Ronald Belisario,2203,2022,39,-9.969665,0.0,0.0
Blaine Boyer,2237,2022,40,-10.093049,0.0,0.0
Brandon Gomes,2267,2022,37,-9.5999155,0.0,0.0
Joel Peralta,2332,2022,46,-10.892023,0.0,0.0
Anthony Varvaro,2385,2022,37,-9.5999155,0.0,0.0
Hector Rondon,2391,2022,34,-8.971147,0.0,0.0
Cory Rasmus,2413,2022,34,-8.971147,0.0,0.0
Eric Surkamp,2540,2022,34,-8.914773,0.0,0.0
Joe Paterson,2565,2022,36,-9.396741,0.0,0.0
Scott Atchison,2642,2022,46,-10.892023,0.0,0.0
Brian Matusz,2646,2022,35,-9.176905,0.0,0.0
Corey Brown,2650,2022,36,-8.947274,0.0,0.0
Brett Cecil,2660,2022,35,-9.176905,0.0,0.0
Joba Chamberlain,2692,2022,36,-9.396741,0.0,0.0
Scott Rice,2743,2022,40,-10.148464,0.0,0.0
Carlos Marmol,2790,2022,39,-9.969665,0.0,0.0
Joe Savery,2835,2022,36,-9.396741,0.0,0.0
Drake Britton,2868,2022,33,-8.714454,0.0,0.0
Santiago Casilla,2873,2022,41,-10.2827015,0.0,0.0
Luis Avilan,2882,2022,32,-8.390691,0.0,0.0
Juan Oviedo,2886,2022,40,-10.093049,0.0,0.0
Tommy Pham,2967,2022,34,-8.999477,0.0,0.0
Bruce Billings,3044,2022,36,-9.372399,0.0,0.0
Kenley Jansen,3096,2022,34,-8.938937,0.0,0.0
Max Scherzer,3137,2022,37,-9.5999155,0.0,0.0
Tim Collins,3164,2022,32,-8.390691,0.0,0.0
David Price,3184,2022,36,-9.396741,0.0,0.0
Will Harris,3192,2022,37,-9.5999155,0.0,0.0
Chris Young,3196,2022,43,-10.550537,0.0,0.0
Josh Stinson,3219,2022,34,-8.938937,0.0,0.0
Jean Machi,3220,2022,40,-10.133669,0.0,0.0
T.J. McFarland,3237,2022,33,-8.714454,0.0,0.0
Zack Britton,3240,2022,34,-8.938937,0.0,0.0
Ryan Rowland-Smith,3245,2022,39,-9.896166,0.0,0.0
Juan Gutierrez,3265,2022,38,-9.764061,0.0,0.0
Jordan Walden,3271,2022,34,-8.938937,0.0,0.0
Joe Smith,3281,2022,38,-9.790724,0.0,0.0
Nate Adcock,3282,2022,34,-8.902194,0.0,0.0
Hiroki Kuroda,3283,2022,47,-11.013828,0.0,0.0
Hector Noesi,3292,2022,35,-9.176905,0.0,0.0
Chris Hatcher,3299,2022,37,-9.5999155,0.0,0.0
Darren O'Day,3321,2022,39,-9.969665,0.0,0.0
Cesar Ramos,3357,2022,38,-9.790724,0.0,0.0
Ubaldo Jimenez,3374,2022,38,-9.790724,0.0,0.0
Jumbo Diaz,3397,2022,38,-9.843728,0.0,0.0
Kevin Whelan,3462,2022,38,-9.765289,0.0,0.0
Andre Rienzo,3507,2022,33,-8.714454,0.0,0.0
Liam Hendriks,3548,2022,33,-8.676757,0.0,0.0
Jim Johnson,3656,2022,39,-9.969665,0.0,0.0
Logan Ondrusek,3677,2022,37,-9.5999155,0.0,0.0
Brandon League,3731,2022,39,-9.969665,0.0,0.0
Cesar Jimenez,3762,2022,37,-9.573755,0.0,0.0
Felipe Paulino,3777,2022,38,-9.765355,0.0,0.0
Ricky Nolasco,3830,2022,39,-9.969665,0.0,0.0
Zach Duke,3840,2022,39,-9.969665,0.0,0.0
Brett Oberholtzer,3855,2022,32,-8.430269,0.0,0.0
Rubby de la Rosa,3862,2022,33,-8.676757,0.0,0.0
Ethan Martin,3877,2022,33,-8.714454,0.0,0.0
Casey Fien,3926,2022,38,-9.790724,0.0,0.0
David Carpenter,3959,2022,36,-9.396741,0.0,0.0
Edward Mujica,3970,2022,38,-9.790724,0.0,0.0
Allen Webster,3993,2022,32,-8.430269,0.0,0.0
Josh Outman,4004,2022,37,-9.5999155,0.0,0.0
Eury De la Rosa,4055,2022,32,-8.430269,0.0,0.0
Brian Duensing,4064,2022,39,-9.969665,0.0,0.0
Pedro Strop,4070,2022,37,-9.5999155,0.0,0.0
Junichi Tazawa,4079,2022,36,-9.396741,0.0,0.0
Erik Cordier,4086,2022,36,-9.455027,0.0,0.0
James Russell,4089,2022,36,-9.396741,0.0,0.0
Luke Gregerson,4090,2022,38,-9.790724,0.0,0.0
Derek Holland,4141,2022,35,-9.176905,0.0,0.0
Wilton Lopez,4227,2022,38,-9.790724,0.0,0.0
Jered Weaver,4235,2022,39,-9.969665,0.0,0.0
Brad Lincoln,4241,2022,37,-9.5999155,0.0,0.0
Mark Melancon,4264,2022,37,-9.5999155,0.0,0.0
Manny Parra,4279,2022,39,-9.969665,0.0,0.0
Matt Albers,4300,2022,39,-9.969665,0.0,0.0
Justin Wilson,4301,2022,34,-8.938937,0.0,0.0
Aaron Poreda,4313,2022,35,-9.11518,0.0,0.0
Kyle Drabek,4359,2022,34,-8.938937,0.0,0.0
Craig Breslow,4363,2022,41,-10.2827015,0.0,0.0
Joe Saunders,4366,2022,41,-10.2827015,0.0,0.0
Jeremy Hellickson,4371,2022,35,-9.176905,0.0,0.0
Brad Mills,4420,2022,37,-9.572454,0.0,0.0
Josh Wall,4436,2022,35,-9.176905,0.0,0.0
Pedro Hernandez,4578,2022,33,-8.676757,0.0,0.0
Matt Lindstrom,4604,2022,42,-10.418348,0.0,0.0
Bobby Korecky,4608,2022,42,-10.372915,0.0,0.0
Jason Pridie,4611,2022,38,-9.243564,0.0,0.0
Joe Thatcher,4620,2022,40,-10.133669,0.0,0.0
Sam LeCure,4664,2022,38,-9.790724,0.0,0.0
Pat Neshek,4682,2022,41,-10.2827015,0.0,0.0
Jeff Francis,4684,2022,41,-10.2827015,0.0,0.0
Nate Jones,4696,2022,36,-9.396741,0.0,0.0
Sergio Santos,4734,2022,38,-9.790724,0.0,0.0
Donnie Veal,4741,2022,37,-9.5999155,0.0,0.0
Jonathan Broxton,4759,2022,38,-9.790724,0.0,0.0
Felix Hernandez,4772,2022,36,-9.396741,0.0,0.0
Matt Shoemaker,4776,2022,35,-9.207446,0.0,0.0
Vinnie Pestano,4782,2022,37,-9.5999155,0.0,0.0
Rich Hill,4806,2022,42,-10.418348,0.0,0.0
Brandon Maurer,4878,2022,31,-8.119294,0.0,0.0
Scott Kazmir,4897,2022,38,-9.764061,0.0,0.0
Justin De Fratus,4955,2022,34,-8.938937,0.0,0.0
Fernando Salas,4971,2022,37,-9.5999155,0.0,0.0
Fernando Abad,4994,2022,36,-9.396741,0.0,0.0
Jake Diekman,5003,2022,35,-9.176905,0.0,0.0
Bo Schultz,5028,2022,36,-9.455027,0.0,0.0
Dale Thayer,5032,2022,41,-10.2827015,0.0,0.0
Josh Fields,5070,2022,36,-9.424795,0.0,0.0
Evan Meek,5109,2022,39,-9.945211,0.0,0.0
Alfredo Aceves,5164,2022,39,-9.969665,0.0,0.0
C.C. Lee,5177,2022,35,-9.207446,0.0,0.0
Ernesto Frieri,5178,2022,36,-9.396741,0.0,0.0
Mike Pelfrey,5203,2022,38,-9.790724,0.0,0.0
Chris Perez,5213,2022,36,-9.396741,0.0,0.0
Wade LeBlanc,5221,2022,37,-9.5999155,0.0,0.0
Blake Parker,5224,2022,37,-9.5999155,0.0,0.0
Rudy Owens,5226,2022,34,-8.999477,0.0,0.0
Vin Mazzaro,5231,2022,35,-9.176905,0.0,0.0
Jose Alvarez,5358,2022,33,-8.714454,0.0,0.0
Phillippe Aumont,5362,2022,33,-8.676757,0.0,0.0
Michael Pineda,5372,2022,33,-8.668015,0.0,0.0
Jorge De Leon,5397,2022,34,-8.971147,0.0,0.0
Pedro Baez,5420,2022,34,-8.999477,0.0,0.0
Jesse Chavez,5448,2022,38,-9.790724,0.0,0.0
Arodys Vizcaino,5498,2022,31,-8.078016,0.0,0.0
Dana Eveland,5508,2022,38,-9.765355,0.0,0.0
Boone Logan,5525,2022,37,-9.5999155,0.0,0.0
Maikel Cleto,5529,2022,33,-8.676757,0.0,0.0
Phil Coke,5535,2022,39,-9.969665,0.0,0.0
Matt Harrison,5551,2022,36,-9.396741,0.0,0.0
Tyler Clippard,5640,2022,37,-9.5999155,0.0,0.0
Brooks Brown,5679,2022,37,-9.657624,0.0,0.0
Josh Lueke,5722,2022,37,-9.5999155,0.0,0.0
Eric O'Flaherty,5746,2022,37,-9.5999155,0.0,0.0
Jorge Rondon,5791,2022,34,-8.999477,0.0,0.0
Jason Motte,5861,2022,40,-10.113858,0.0,0.0
Danny Salazar,5867,2022,32,-8.430269,0.0,0.0
Gonzalez Germen,5876,2022,34,-8.971147,0.0,0.0
Darin Downs,5903,2022,37,-9.5999155,0.0,0.0
Sean Marshall,5905,2022,39,-9.969665,0.0,0.0
Wesley Wright,5960,2022,37,-9.5999155,0.0,0.0
Jonathan Papelbon,5975,2022,41,-10.2827015,0.0,0.0
Francisley Bueno,5980,2022,41,-10.2827015,0.0,0.0
Kelvin Herrera,6033,2022,32,-8.390691,0.0,0.0
Matt Pagnozzi,6046,2022,39,-9.570492,0.0,0.0
Joe Wieland,6109,2022,32,-8.407443,0.0,0.0
Juan Jaime,6127,2022,34,-8.999477,0.0,0.0
Scott Baker,6176,2022,40,-10.110011,0.0,0.0
Dellin Betances,6216,2022,34,-8.914773,0.0,0.0
Tom Gorzelanny,6244,2022,39,-9.969665,0.0,0.0
Scott Feldman,6283,2022,39,-9.969665,0.0,0.0
Esmil Rogers,6317,2022,36,-9.396741,0.0,0.0
Al Alburquerque,6324,2022,36,-9.396741,0.0,0.0
Ryan Feierabend,6336,2022,36,-9.228817,0.0,0.0
Chris Archer,6345,2022,33,-8.664062,0.0,0.0
Henry Rodriguez,6371,2022,35,-9.176905,0.0,0.0
Trevor May,6398,2022,32,-8.456755,0.0,0.0
Jose Cisnero,6399,2022,33,-8.714454,0.0,0.0
Kevin Jepsen,6475,2022,37,-9.5999155,0.0,0.0
Steve Cishek,6483,2022,36,-9.396741,0.0,0.0
Brian Wilson,6485,2022,40,-10.133669,0.0,0.0
Donnie Joseph,6491,2022,34,-8.971147,0.0,0.0
Blaine Hardy,6499,2022,35,-9.236651,0.0,0.0
Josh Zeid,6527,2022,35,-9.207446,0.0,0.0
Pat McCoy,6605,2022,33,-8.741148,0.0,0.0
Marc Rzepczynski,6612,2022,36,-9.396741,0.0,0.0
Pedro Figueroa,6616,2022,36,-9.396741,0.0,0.0
Brad Brach,6627,2022,36,-9.396741,0.0,0.0
Carlos Carrasco,6632,2022,35,-9.152223,0.0,0.0
Jim Henderson,6653,2022,39,-9.969665,0.0,0.0
Craig Kimbrel,6655,2022,34,-8.938937,0.0,0.0
Alex Colome,6661,2022,33,-8.714454,0.0,0.0
Luke Putkonen,6736,2022,36,-9.396741,0.0,0.0
Cesar Cabral,6741,2022,33,-8.714454,0.0,0.0
Andrew Miller,6785,2022,37,-9.5999155,0.0,0.0
Sam Freeman,6832,2022,35,-9.176905,0.0,0.0
Jeff Manship,6865,2022,37,-9.5999155,0.0,0.0
Martin Perez,6902,2022,31,-8.077899,0.0,0.0
Joakim Soria,6941,2022,38,-9.764061,0.0,0.0
Yohan Pino,6955,2022,38,-9.843728,0.0,0.0
Drew Storen,6983,2022,34,-8.938937,0.0,0.0
Luis Garcia,6984,2022,35,-9.207446,0.0,0.0
Ryan Pressly,7005,2022,33,-8.714454,0.0,0.0
Alex Torres,7038,2022,34,-8.914773,0.0,0.0
Eric Fornataro,7042,2022,34,-8.999477,0.0,0.0
Trevor Bell,7074,2022,35,-9.109035,0.0,0.0
John Lannan,7080,2022,37,-9.5999155,0.0,0.0
Jonathan Pettibone,7106,2022,31,-8.119294,0.0,0.0
Daniel Hudson,7146,2022,35,-9.172208,0.0,0.0
Chris Withrow,7161,2022,33,-8.714454,0.0,0.0
Ryan Mattheus,7169,2022,38,-9.790724,0.0,0.0
B.J. Rosenberg,7183,2022,36,-9.396741,0.0,0.0
Greg Holland,7196,2022,36,-9.396741,0.0,0.0
Nick Masset,7267,2022,40,-10.093049,0.0,0.0
Brad Ziegler,7293,2022,42,-10.418348,0.0,0.0
Preston Guilmet,7303,2022,34,-8.971147,0.0,0.0
Casey Janssen,7355,2022,40,-10.133669,0.0,0.0
Dan Otero,7385,2022,37,-9.5999155,0.0,0.0
Javy Guerra,7407,2022,36,-9.396741,0.0,0.0
J.A. Happ,7410,2022,39,-9.969665,0.0,0.0
Austin Adams,7411,2022,35,-9.236651,0.0,0.0
Mark Lowe,7416,2022,39,-9.969665,0.0,0.0
Bradin Hagens,7422,2022,33,-8.741148,0.0,0.0
Wade Davis,7441,2022,36,-9.396741,0.0,0.0
Jim Miller,7458,2022,40,-10.133669,0.0,0.0
Anthony Swarzak,7466,2022,36,-9.396741,0.0,0.0
Ryan Webb,7474,2022,36,-9.396741,0.0,0.0
Scott Elbert,7489,2022,36,-9.36695,0.0,0.0
Tommy Layne,7501,2022,37,-9.5999155,0.0,0.0
Evan Scribner,7525,2022,36,-9.396741,0.0,0.0
Collin McHugh,7531,2022,35,-9.176905,0.0,0.0
Lucas Harrell,7541,2022,37,-9.5999155,0.0,0.0
Jake McGee,7550,2022,35,-9.176905,0.0,0.0
Jarrett Grube,7553,2022,40,-10.167042,0.0,0.0
Nick Vincent,7555,2022,35,-9.176905,0.0,0.0
Fernando Rodriguez,7558,2022,38,-9.765355,0.0,0.0
Tommy Milone,7608,2022,35,-9.176905,0.0,0.0
Chris Leroux,7645,2022,38,-9.790724,0.0,0.0
Neil Ramirez,7677,2022,33,-8.741148,0.0,0.0
Bobby LaFromboise,7758,2022,36,-9.424795,0.0,0.0
Yoslan Herrera,7759,2022,41,-10.187209,0.0,0.0
Shawn Kelley,7773,2022,38,-9.790724,0.0,0.0
Hunter Strickland,7836,2022,33,-8.741148,0.0,0.0
Jerry Blevins,7841,2022,38,-9.790724,0.0,0.0
Josh Lindblom,7882,2022,35,-9.176905,0.0,0.0
Matt Daley,7952,2022,40,-10.110011,0.0,0.0
Matt West,7980,2022,33,-8.741148,0.0,0.0
Anthony Bass,7982,2022,34,-8.770214,0.0,0.0
Ramon Ramirez,7986,2022,40,-10.133669,0.0,0.0
Paul Clemens,8037,2022,34,-8.971147,0.0,0.0
Glen Perkins,8041,2022,39,-9.969665,0.0,0.0
Jason Vargas,8044,2022,39,-9.969665,0.0,0.0
Will Smith,8048,2022,32,-8.390691,0.0,0.0
Dan Jennings,8073,2022,35,-9.176905,0.0,0.0
Stephen Fife,8077,2022,35,-9.176905,0.0,0.0
Bryan Shaw,8110,2022,34,-8.938937,0.0,0.0
Neil Wagner,8162,2022,38,-9.764061,0.0,0.0
Kevin Siegrist,8180,2022,32,-8.430269,0.0,0.0
Steven Wright,8185,2022,37,-9.6280985,0.0,0.0
David Robertson,8241,2022,37,-9.5999155,0.0,0.0
J.P. Howell,8245,2022,39,-9.969665,0.0,0.0
Billy Buckner,8253,2022,38,-9.738424,0.0,0.0
Huston Street,8258,2022,38,-9.790724,0.0,0.0
Casey Coleman,8270,2022,34,-8.902194,0.0,0.0
Tony Sipp,8280,2022,38,-9.790724,0.0,0.0
Lucas Luetge,8337,2022,35,-9.176905,0.0,0.0
Jared Burton,8346,2022,41,-10.2827015,0.0,0.0
AJ Ramos,8350,2022,35,-9.176905,0.0,0.0
Troy Patton,8368,2022,36,-9.396741,0.0,0.0
Steve Geltz,8402,2022,34,-8.946391,0.0,0.0
Alfredo Figaro,8404,2022,37,-9.548898,0.0,0.0
Bryan Price,8436,2022,35,-9.236651,0.0,0.0
Danny Farquhar,8501,2022,35,-9.152223,0.0,0.0
Jeff Beliveau,8504,2022,35,-9.176905,0.0,0.0
Michael Kohn,8505,2022,36,-9.370375,0.0,0.0
Rob Wooten,8532,2022,36,-9.424795,0.0,0.0
Justin Miller,8580,2022,35,-9.236651,0.0,0.0
Dustin McGowan,8600,2022,40,-10.110011,0.0,0.0
Wilking Rodriguez,8801,2022,32,-8.456755,0.0,0.0
Ryan Cook,8855,2022,35,-9.176905,0.0,0.0
David Martinez,8893,2022,34,-8.971147,0.0,0.0
Arquimedes Caminero,8992,2022,35,-9.207446,0.0,0.0
Adam Warren,9029,2022,34,-8.938937,0.0,0.0
John Axford,9059,2022,39,-9.969665,0.0,0.0
Kirby Yates,9073,2022,35,-9.236651,0.0,0.0
Zach Putnam,9080,2022,34,-8.938937,0.0,0.0
T.J. House,9121,2022,32,-8.456755,0.0,0.0
Charlie Leesman,9124,2022,35,-9.207446,0.0,0.0
Sean O'Sullivan,9137,2022,34,-8.914773,0.0,0.0
Lester Oliveros,9167,2022,34,-8.902194,0.0,0.0
Kyle Lobstein,9178,2022,32,-8.456755,0.0,0.0
Vic Black,9195,2022,34,-8.971147,0.0,0.0
Koji Uehara,9227,2022,47,-11.013828,0.0,0.0
Alex Wilson,9239,2022,35,-9.207446,0.0,0.0
David Carpenter,9244,2022,34,-8.938937,0.0,0.0
Ryan Dennick,9261,2022,35,-9.236651,0.0,0.0
Rob Scahill,9286,2022,35,-9.176905,0.0,0.0
Dylan Axelrod,9303,2022,36,-9.396741,0.0,0.0
Jared Hughes,9325,2022,36,-9.396741,0.0,0.0
Brandon Morrow,9346,2022,37,-9.5999155,0.0,0.0
Josh Tomlin,9388,2022,37,-9.5999155,0.0,0.0
John Holdzkom,9392,2022,34,-8.999477,0.0,0.0
Zac Rosscup,9419,2022,34,-8.971147,0.0,0.0
Ryan Buchter,9456,2022,35,-9.236651,0.0,0.0
George Kontos,9486,2022,37,-9.5999155,0.0,0.0
Phil Irwin,9489,2022,35,-9.207446,0.0,0.0
Jeremy Jeffress,9490,2022,34,-8.938937,0.0,0.0
Jose Ortega,9651,2022,33,-8.676757,0.0,0.0
Louis Coleman,9720,2022,36,-9.396741,0.0,0.0
Burke Badenhop,9736,2022,39,-9.969665,0.0,0.0
Rex Brothers,9794,2022,34,-8.938937,0.0,0.0
Miles Mikolas,9803,2022,33,-8.676757,0.0,0.0
Sergio Romo,9817,2022,39,-9.969665,0.0,0.0
Chaz Roe,9866,2022,35,-9.207446,0.0,0.0
Bryan Anderson,9871,2022,35,-10.094183,0.0,0.0
Michael Kirkman,9877,2022,35,-9.176905,0.0,0.0
Chris Rusin,9895,2022,35,-9.176905,0.0,0.0
Bobby Parnell,9926,2022,37,-9.5999155,0.0,0.0
Brandon Kintzler,9939,2022,37,-9.5999155,0.0,0.0
Todd Redmond,9943,2022,37,-9.5999155,0.0,0.0
Mike Dunn,9948,2022,37,-9.5999155,0.0,0.0
Tom Wilhelmsen,9975,2022,38,-9.790724,0.0,0.0
Taylor Thompson,10019,2022,35,-9.236651,0.0,0.0
Ian Krol,10066,2022,31,-8.119294,0.0,0.0
Caleb Thielbar,10078,2022,35,-9.207446,0.0,0.0
Keith Butler,10080,2022,33,-8.714454,0.0,0.0
Dane de la Rosa,10095,2022,39,-9.969665,0.0,0.0
Brad Boxberger,10133,2022,34,-8.938937,0.0,0.0
Aaron Crow,10149,2022,35,-9.176905,0.0,0.0
Jose Ramirez,10171,2022,32,-8.456755,0.0,0.0
Melvin Mercedes,10181,2022,31,-8.143205,0.0,0.0
Tyler Skaggs,10190,2022,30,-7.733211,0.0,0.0
Aroldis Chapman,10233,2022,34,-8.938937,0.0,0.0
Bryan Morris,10234,2022,35,-9.176905,0.0,0.0
Alexi Ogando,10261,2022,38,-9.790724,0.0,0.0
Justin Marks,10265,2022,34,-8.999477,0.0,0.0
Tanner Scheppers,10267,2022,35,-9.176905,0.0,0.0
Chris Heston,10302,2022,34,-8.999477,0.0,0.0
Roman Mendez,10307,2022,31,-8.143205,0.0,0.0
Erasmo Ramirez,10314,2022,32,-8.390691,0.0,0.0
Michael Tonkin,10315,2022,32,-8.430269,0.0,0.0
Chad Jenkins,10326,2022,34,-8.938937,0.0,0.0
Nick Christiani,10332,2022,34,-8.971147,0.0,0.0
Edwin Escobar,10337,2022,30,-7.799305,0.0,0.0
Aaron Loup,10343,2022,34,-8.938937,0.0,0.0
Carlos Contreras,10386,2022,31,-8.143205,0.0,0.0
Wilfredo Tovar,10416,2022,30,-8.171561,0.0,0.0
Shawn Tolleson,10481,2022,34,-8.938937,0.0,0.0
Yoervis Medina,10498,2022,33,-8.714454,0.0,0.0
Preston Claiborne,10500,2022,34,-8.971147,0.0,0.0
Mario Hollands,10504,2022,33,-8.741148,0.0,0.0
Jake Petricka,10534,2022,34,-8.971147,0.0,0.0
Daniel Webb,10558,2022,32,-8.430269,0.0,0.0
Addison Reed,10586,2022,33,-8.676757,0.0,0.0
Chad Bettis,10587,2022,33,-8.714454,0.0,0.0
Chris Sale,10603,2022,33,-8.676757,0.0,0.0
Seth Rosin,10606,2022,33,-8.741148,0.0,0.0
Stephen Pryor,10663,2022,32,-8.390691,0.0,0.0
Red Patterson,10710,2022,35,-9.236651,0.0,0.0
Trevor Rosenthal,10745,2022,32,-8.390691,0.0,0.0
Shane Greene,10756,2022,33,-8.741148,0.0,0.0
Josh Edgin,10796,2022,35,-9.176905,0.0,0.0
Jake Dunning,10803,2022,33,-8.714454,0.0,0.0
Mike Foltynewicz,10811,2022,30,-7.799305,0.0,0.0
Michael Mariot,10835,2022,33,-8.741148,0.0,0.0
Chasen Shreve,10855,2022,31,-8.143205,0.0,0.0
Jake Buchanan,10962,2022,32,-8.456755,0.0,0.0
Ben Rowen,10983,2022,33,-8.741148,0.0,0.0
C.J. Riefenhauser,11193,2022,32,-8.456755,0.0,0.0
Casey Sadler,11209,2022,31,-8.143205,0.0,0.0
Kevin Chapman,11240,2022,34,-8.971147,0.0,0.0
Aaron Barrett,11243,2022,34,-8.999477,0.0,0.0
Rob Rasmussen,11250,2022,33,-8.741148,0.0,0.0
Logan Darnell,11261,2022,33,-8.741148,0.0,0.0
Lisalverto Bonilla,11266,2022,32,-8.456755,0.0,0.0
Sean Nolin,11341,2022,32,-8.430269,0.0,0.0
A.J. Achter,11387,2022,33,-8.741148,0.0,0.0
Drew Pomeranz,11426,2022,33,-8.676757,0.0,0.0
Brandon Workman,11428,2022,33,-8.714454,0.0,0.0
Bryan Mitchell,11479,2022,31,-8.143205,0.0,0.0
Aaron Sanchez,11490,2022,29,-7.4163084,0.0,0.0
Jose Dominguez,11571,2022,31,-8.119294,0.0,0.0
Mike Kickham,11618,2022,33,-8.714454,0.0,0.0
Heath Hembree,11632,2022,33,-8.714454,0.0,0.0
Sam Dyson,11710,2022,34,-8.938937,0.0,0.0
Erik Goeddel,11712,2022,33,-8.741148,0.0,0.0
Justin Grimm,11720,2022,33,-8.676757,0.0,0.0
Kyle Ryan,11753,2022,30,-7.799305,0.0,0.0
Drew Smyly,11760,2022,33,-8.676757,0.0,0.0
Hector Neris,11804,2022,33,-8.741148,0.0,0.0
Steve Delabar,11827,2022,38,-9.790724,0.0,0.0
James Paxton,11828,2022,33,-8.714454,0.0,0.0
Taijuan Walker,11836,2022,29,-7.394559,0.0,0.0
Chris Martin,11847,2022,36,-9.455027,0.0,0.0
Brett Bochy,11867,2022,34,-8.999477,0.0,0.0
Scott Snodgress,12020,2022,32,-8.456755,0.0,0.0
Brian Flynn,12027,2022,32,-8.430269,0.0,0.0
Yimi Garcia,12095,2022,31,-8.143205,0.0,0.0
Matt Stites,12165,2022,32,-8.456755,0.0,0.0
Cody Allen,12183,2022,33,-8.676757,0.0,0.0
Aaron Brooks,12272,2022,32,-8.456755,0.0,0.0
Leonel Campos,12277,2022,34,-8.999477,0.0,0.0
Evan Marshall,12297,2022,32,-8.456755,0.0,0.0
Chris Bassitt,12304,2022,33,-8.741148,0.0,0.0
Kevin Quackenbush,12360,2022,33,-8.741148,0.0,0.0
Spencer Patton,12361,2022,34,-8.999477,0.0,0.0
Drew Rucinski,12499,2022,33,-8.741148,0.0,0.0
Erik Johnson,12520,2022,32,-8.430269,0.0,0.0
Nick Maronde,12530,2022,32,-8.390691,0.0,0.0
Nathan Karns,12638,2022,34,-8.971147,0.0,0.0
Roenis Elias,12673,2022,33,-8.741148,0.0,0.0
Phil Klein,12675,2022,33,-8.741148,0.0,0.0
Trevor Bauer,12703,2022,31,-8.077899,0.0,0.0
Nick Martinez,12730,2022,31,-8.143205,0.0,0.0
Sonny Gray,12768,2022,32,-8.430269,0.0,0.0
Jairo Diaz,12774,2022,31,-8.143205,0.0,0.0
Carter Capps,12803,2022,31,-8.077899,0.0,0.0
Matt Barnes,12863,2022,32,-8.456755,0.0,0.0
Alex Claudio,12890,2022,30,-7.799305,0.0,0.0
Ken Giles,12910,2022,31,-8.143205,0.0,0.0
Wei-Yin Chen,13071,2022,36,-9.396741,0.0,0.0
Frank Garces,13144,2022,32,-8.456755,0.0,0.0
Carson Smith,13172,2022,32,-8.456755,0.0,0.0
Danny Coulombe,13293,2022,32,-8.456755,0.0,0.0
Cam Bedrosian,13360,2022,30,-7.799305,0.0,0.0
Paco Rodriguez,13398,2022,31,-8.077899,0.0,0.0
R.J. Alvarez,13401,2022,31,-8.143205,0.0,0.0
Drew VerHagen,13424,2022,31,-8.143205,0.0,0.0
Marcus Stroman,13431,2022,31,-8.143205,0.0,0.0
Mike Morin,13442,2022,31,-8.143205,0.0,0.0
Daniel Norris,13475,2022,29,-7.4163084,0.0,0.0
Sam Tuivailala,13485,2022,29,-7.4163084,0.0,0.0
Chad Smith,13604,2022,32,-8.456755,0.0,0.0
Michael Roth,13736,2022,32,-8.430269,0.0,0.0
Dominic Leone,13763,2022,30,-7.799305,0.0,0.0
Ian Thomas,13881,2022,35,-9.236651,0.0,0.0
Kevin Gausman,14107,2022,31,-8.119294,0.0,0.0
Shae Simmons,14200,2022,31,-8.143205,0.0,0.0
Dario Alvarez,14239,2022,33,-8.741148,0.0,0.0
Wei-Chung Wang,14382,2022,30,-7.799305,0.0,0.0
Kyuji Fujikawa,14443,2022,41,-10.2886915,0.0,0.0
Buck Farmer,14814,2022,31,-8.143205,0.0,0.0
Corey Knebel,15010,2022,30,-7.799305,0.0,0.0
Kyle Crockett,15033,2022,30,-7.799305,0.0,0.0
Kendall Graveman,15514,2022,31,-8.143205,0.0,0.0
Miguel Gonzalez,15675,2022,35,-9.236651,0.0,0.0
Brandon Finnegan,16208,2022,29,-7.4163084,0.0,0.0
Avisail Garcia,5760,2022,31,-6.2732587,0.0,0.0
David Murphy,6035,2022,40,-9.606344,0.0,0.0
Jeff Baker,2073,2022,41,-10.575092,0.0,0.0
Zach Walters,10622,2022,32,-8.328133,0.0,0.0
Geovany Soto,3707,2022,39,-10.042997,0.0,0.0
Brad Snyder,6052,2022,40,-10.415458,0.0,0.0
Reid Brignac,8380,2022,36,-9.039017,0.0,0.0
Brayan Pena,3231,2022,40,-9.376502,0.0,0.0
Daniel Descalso,8392,2022,35,-7.5456986,0.0,0.0
Xavier Nady,1658,2022,43,-11.156149,0.0,0.0
Michael A. Taylor,11489,2022,31,-7.7316427,0.0,0.0
Adam Moore,9362,2022,38,-9.552453,0.0,0.0
Jake Goebbert,9431,2022,34,-4.171211,0.0,0.0
Elian Herrera,5432,2022,37,-6.904823,0.0,0.0
Steve Clevenger,9542,2022,36,-10.120428,0.0,0.0
Steven Souza Jr.,5667,2022,33,-9.435459,0.0,0.0
Chris Valaika,1165,2022,36,-9.18611,0.0,0.0
Dan Butler,9968,2022,35,-9.887761,0.0,0.0
Logan Forsythe,7185,2022,35,-8.560988,0.0,0.0
Wil Myers,10047,2022,31,-4.1681213,0.0,0.0
Jedd Gyorko,10816,2022,33,-8.325725,0.0,0.0
J.T. Realmuto,11739,2022,31,-8.98134,0.0,0.0
Moises Sierra,6050,2022,33,-7.68728,0.0,0.0
Ian Stewart,5950,2022,37,-6.306676,0.0,0.0
Xavier Scruggs,7409,2022,34,-9.705676,0.0,0.0
Joaquin Arias,3817,2022,37,-8.710027,0.0,0.0
Yolmer Sanchez,11602,2022,30,-6.7671638,0.0,0.0
Jason Bourgeois,2225,2022,40,-8.756222,0.0,0.0
Andy Marte,3203,2022,38,-8.175455,0.0,0.0
Tuffy Gosewisch,5277,2022,38,-10.425453,0.0,0.0
Freddy Galvis,6609,2022,32,-4.41511,0.0,0.0
Austin Romine,5491,2022,33,-9.358113,0.0,0.0
Carlos Triunfel,193,2022,32,-8.368202,0.0,0.0
Dean Anna,8353,2022,35,-7.5107145,0.0,0.0
Justin Sellers,4006,2022,36,-8.842977,0.0,0.0
Vince Belnome,8126,2022,34,-8.999477,0.0,0.0
Curt Casali,12510,2022,33,-9.310593,0.0,0.0
Raffy Lopez,12606,2022,34,-8.999477,0.0,0.0
Jake Elmore,7290,2022,35,-7.3183756,0.0,0.0
Luis Jimenez,6341,2022,34,-6.9604144,0.0,0.0
Danny Worth,198,2022,36,-8.623245,0.0,0.0
Hector Gomez,2264,2022,34,-4.3998885,0.0,0.0
Jorge De La Rosa,2047,2022,41,-10.2827015,0.0,0.0
Alfredo Simon,2155,2022,41,-10.2827015,0.0,0.0
Johnny Cueto,6893,2022,36,-9.396741,0.0,0.0
Franklin Morales,5088,2022,36,-9.396741,0.0,0.0
Brandon McCarthy,4662,2022,38,-9.790724,0.0,0.0
Kyle Lohse,739,2022,43,-10.543387,0.0,0.0
Ervin Santana,3200,2022,39,-9.969665,0.0,0.0
Gio Gonzalez,7448,2022,36,-9.396741,0.0,0.0
Jeff Locke,2929,2022,34,-8.938937,0.0,0.0
Francisco Liriano,3201,2022,38,-9.790724,0.0,0.0
Trevor Cahill,6249,2022,34,-8.938937,0.0,0.0
Yohan Flande,5057,2022,36,-9.455027,0.0,0.0
Mat Latos,3815,2022,34,-8.96687,0.0,0.0
Gavin Floyd,3886,2022,39,-9.969665,0.0,0.0
Tim Lincecum,5705,2022,38,-9.790724,0.0,0.0
Mike Bolsinger,11137,2022,34,-8.999477,0.0,0.0
Brett Jackson,9632,2022,33,-8.425475,0.0,0.0
Tyler Chatwood,4338,2022,32,-8.390691,0.0,0.0
Jesse Hahn,13287,2022,32,-8.456755,0.0,0.0
Joey Butler,7799,2022,36,-9.037226,0.0,0.0
Vidal Nuno,9674,2022,34,-8.971147,0.0,0.0
Tsuyoshi Wada,13046,2022,41,-10.303971,0.0,0.0
Mike Baxter,4464,2022,37,-9.995655,0.0,0.0
David Hale,9756,2022,34,-8.971147,0.0,0.0
Jamey Wright,715,2022,47,-11.013828,0.0,0.0
R.A. Dickey,1245,2022,47,-11.023882,0.0,0.0
Rick Porcello,2717,2022,33,-8.676757,0.0,0.0
Danny Duffy,3542,2022,33,-8.676757,0.0,0.0
Carlos Frias,3547,2022,32,-8.456755,0.0,0.0
Jon Lester,4930,2022,38,-9.790724,0.0,0.0
Tony Abreu,5053,2022,37,-9.847377,0.0,0.0
Chris Tillman,5279,2022,34,-8.938937,0.0,0.0
Brad Peacock,5401,2022,34,-8.914773,0.0,0.0
Jair Jurrjens,5556,2022,36,-0.98601913,0.0,10.586051940917969
Jose Constanza,6003,2022,38,-7.7617073,0.0,0.0
David Phelps,6316,2022,35,-9.176905,0.0,0.0
Stolmy Pimentel,6415,2022,32,-8.430269,0.0,0.0
Chase d'Arnaud,6652,2022,35,-1.7456002,0.0,0.0
Miguel Gonzalez,7024,2022,38,-9.790724,0.0,0.0
Phil Hughes,7450,2022,36,-9.396741,0.0,0.0
Carlos Torres,7624,2022,39,-9.969665,0.0,0.0
David Holmberg,7725,2022,30,-7.775888,0.0,0.0
Matt Hague,7772,2022,36,-9.385939,0.0,0.0
Jaff Decker,7945,2022,32,-8.287698,0.0,0.0
Guillermo Quiroz,7989,2022,40,-10.499769,0.0,0.0
Nick Greenwood,8182,2022,34,-8.999477,0.0,0.0
Cord Phelps,8631,2022,35,-9.716673,0.0,0.0
Ali Solis,8848,2022,34,-8.946391,0.0,0.0
Garrett Richards,9784,2022,34,-8.938937,0.0,0.0
Kevin Slowey,9918,2022,38,-9.764061,0.0,0.0
Lane Adams,10767,2022,32,-6.2077665,0.0,0.0
Eric Jokisch,11157,2022,32,-8.456755,0.0,0.0
Aaron Altherr,11270,2022,31,-8.143205,0.0,0.0
Tommy Kahnle,11384,2022,32,-8.456755,0.0,0.0
Jose Quintana,11423,2022,33,-8.676757,0.0,0.0
Anthony Ranaudo,11424,2022,32,-8.456755,0.0,0.0
Rafael Montero,12760,2022,31,-8.143205,0.0,0.0
Eddie Butler,13453,2022,31,-8.143205,0.0,0.0
Matthew Clark,8793,2022,35,-9.616415,0.0,0.0
C.J. Cron,12546,2022,32,-9.253758,0.0,0.0
Kurt Suzuki,8259,2022,38,-10.112092,0.0,0.0
Eric Hosmer,3516,2022,32,-7.726696,0.0,0.0
Ryan Howard,2154,2022,42,-10.943244,0.0,0.0
Bobby Abreu,945,2022,48,-10.521256,0.0,0.0
Lyle Overbay,1617,2022,45,-10.575323,0.0,0.0
Grant Green,10053,2022,34,-7.5168414,0.0,0.0
Alex Presley,5305,2022,36,-5.7935634,0.0,0.0
Don Kelly,2216,2022,42,-8.207117,0.0,0.0
Gordon Beckham,9015,2022,35,-8.925406,0.0,0.0
Justin Smoak,9054,2022,35,-9.662785,0.0,0.0
Cole Gillespie,5888,2022,38,-6.6643596,0.0,0.0
Donnie Murphy,4704,2022,39,-9.176673,0.0,0.0
Adam Duvall,10950,2022,33,-3.8265715,0.0,0.0
Roger Bernadina,6421,2022,38,-7.7839937,0.0,0.0
Jerry Sands,4016,2022,34,-9.489093,0.0,0.0
Koyie Hill,1829,2022,43,-10.682029,0.0,0.0
Tyler Pastornicky,6777,2022,32,-7.285467,0.0,0.0
Logan Schafer,7937,2022,35,-5.5618167,0.0,0.0
Zelous Wheeler,8822,2022,35,-9.781947,0.0,0.0
Omar Quintanilla,6335,2022,40,-10.471639,0.0,0.0
Yorman Rodriguez,9922,2022,29,-5.910071,0.0,0.0
Jack Hannahan,3692,2022,42,-10.643592,0.0,0.0
John McDonald,395,2022,47,-10.773313,0.0,0.0
Taylor Teagarden,5199,2022,38,-9.907774,0.0,0.0
Brent Morel,6402,2022,35,-7.393532,0.0,0.0
Sandy Leon,5273,2022,33,-9.259464,0.0,0.0
Rafael Furcal,88,2022,44,-9.312562,0.0,0.0
Jason Rogers,11773,2022,34,-8.999477,0.0,0.0
Brooks Conrad,3664,2022,42,-9.354969,0.0,0.0
Guilder Rodriguez,3412,2022,38,-8.860181,0.0,0.0
Ryan Roberts,5653,2022,41,-10.525326,0.0,0.0
Darin Mastroianni,7316,2022,36,-6.746139,0.0,0.0
Irving Falu,6165,2022,39,-8.391149,0.0,0.0
Marco Scutaro,1555,2022,46,-10.284535,0.0,0.0
Yovani Gallardo,8173,2022,36,-9.396741,0.0,0.0
Tanner Roark,8753,2022,35,-9.207446,0.0,0.0
Julio Teheran,6797,2022,31,-8.077899,0.0,0.0
Lance Lynn,2520,2022,35,-9.176905,0.0,0.0
Eric Stults,8011,2022,42,-10.418348,0.0,0.0
Zack Wheeler,10310,2022,32,-8.430269,0.0,0.0
Alex Wood,13781,2022,31,-8.119294,0.0,0.0
Vance Worley,6435,2022,34,-8.938937,0.0,0.0
Juan Nicasio,7731,2022,35,-9.176905,0.0,0.0
Alex Guerrero,15670,2022,35,-6.079809,0.0,0.0
Cristhian Adames,6013,2022,30,-8.597363,0.0,0.0
Yusmeiro Petit,4020,2022,37,-9.5999155,0.0,0.0
Mike Fiers,7754,2022,37,-9.5999155,0.0,0.0
Christian Bergman,10925,2022,34,-8.999477,0.0,0.0
Ronny Cedeno,2179,2022,39,-9.604211,0.0,0.0
Carlos Villanueva,4138,2022,38,-9.790724,0.0,0.0
Alexi Casilla,5248,2022,37,-6.772273,0.0,0.0
Jenrry Mejia,8476,2022,32,-8.390691,0.0,0.0
Ryan Lavarnway,8879,2022,34,-9.629502,0.0,0.0
Carlos Gonzalez,7287,2022,36,-6.1909027,0.0,0.0
Dan Johnson,2167,2022,42,-10.671868,0.0,0.0
Ryan Wheeler,9312,2022,33,-8.8739605,0.0,0.0
Andrew Brown,3837,2022,37,-9.883749,0.0,0.0
Cesar Hernandez,10556,2022,32,-6.0724883,0.0,0.0
Chris Nelson,8175,2022,36,-7.771009,0.0,0.0
Miguel Olivo,1638,2022,43,-10.598185,0.0,0.0
Donald Lutz,10154,2022,33,-6.375511,0.0,0.0
Juan Centeno,7168,2022,32,-8.912817,0.0,0.0
Erisbel Arruebarrena,15809,2022,32,-4.991406,0.0,0.0
Caleb Gindl,5002,2022,33,-9.162527,0.0,0.0
Andrew Cashner,8782,2022,35,-8.591852,0.0,0.0
Kyle Parker,11763,2022,32,-7.9033346,0.0,0.0
Maikel Franco,12179,2022,29,-4.264009,0.0,0.0
Elliot Johnson,4751,2022,38,-5.6848607,0.0,0.0
Jeff Francoeur,4792,2022,38,-7.521537,0.0,0.0
Xavier Paul,5963,2022,37,-9.829073,0.0,0.0
Jamie Romak,5552,2022,36,-9.455027,0.0,0.0
Nathan Eovaldi,9132,2022,32,-8.390691,0.0,0.0
Brad Glenn,7392,2022,35,-9.92988,0.0,0.0
Doug Fister,9425,2022,38,-9.790724,0.0,0.0
Roberto Hernandez,3273,2022,41,-10.2827015,0.0,0.0
Matt Garza,3340,2022,38,-9.790724,0.0,0.0
Tim Hudson,921,2022,46,-10.904231,0.0,0.0
Charlie Morton,4676,2022,38,-9.790724,0.0,0.0
Dillon Gee,7396,2022,36,-9.396741,0.0,0.0
Brad Hand,9111,2022,32,-8.390691,0.0,0.0
Michael Wacha,14078,2022,30,-7.775888,0.0,0.0
Odrisamer Despaigne,16017,2022,35,-9.236651,0.0,0.0
Jake Peavy,1051,2022,41,-10.2827015,0.0,0.0
Josh Rutledge,11167,2022,33,-3.1142955,0.0,0.33839479088783264
Prince Fielder,4613,2022,38,-10.373139,0.0,0.0
Ryan Ludwick,1260,2022,43,-10.701964,0.0,0.0
Grady Sizemore,2197,2022,39,-7.3753915,0.0,0.0
Jose Tabata,2411,2022,33,-8.562954,0.0,0.0
Ryan Kalish,6962,2022,34,-3.803496,0.0,0.12613219022750854
Logan Watkins,4875,2022,32,-3.1381872,0.0,0.0
Josh Thole,9689,2022,35,-8.960265,0.0,0.0
Eric Fryer,8145,2022,36,-6.6176233,0.0,0.0
John Buck,2041,2022,41,-10.11155,0.0,0.0
Roger Kieschnick,5225,2022,35,-6.618719,0.0,0.0
Mark Ellis,1443,2022,45,-8.05499,0.0,0.0
Alex Gonzalez,520,2022,45,-10.914947,0.0,0.0
Shane Robinson,4249,2022,37,-8.949962,0.0,0.0
Josh Satin,6788,2022,37,-10.277492,0.0,0.0
Michael Martinez,7358,2022,39,-10.109621,0.0,0.0
Tim Federowicz,8609,2022,34,-8.72233,0.0,0.0
Chris Dominguez,9718,2022,35,-9.572252,0.0,0.0
Aaron Harang,1451,2022,44,-10.66045,0.0,0.0
Wily Peralta,7738,2022,33,-8.676757,0.0,0.0
Tom Koehler,6570,2022,36,-9.396741,0.0,0.0
Edinson Volquez,3990,2022,38,-9.790724,0.0,0.0
Chase Anderson,6895,2022,34,-8.999477,0.0,0.0
Mark Trumbo,6876,2022,36,-8.866827,0.0,0.0
Josmil Pinto,6806,2022,33,-9.133234,0.0,0.0
Carlos Beltran,589,2022,45,-10.2377205,0.0,0.0
Billy Butler,7399,2022,36,-9.966589,0.0,0.0
Aaron Hill,6104,2022,40,-8.919529,0.0,0.0
Mitch Moreland,3086,2022,36,-10.140592,0.0,0.0
Adrian Nieto,10294,2022,32,-8.802944,0.0,0.0
Anthony Recker,4063,2022,38,-8.071433,0.0,0.0
Reed Johnson,1702,2022,45,-10.558262,0.0,0.0
Kevin Frandsen,7528,2022,40,-10.363499,0.0,0.0
Mike Olt,10698,2022,33,-8.573332,0.0,0.0
Jason Giambi,818,2022,51,-11.925104,0.0,0.0
Jesus Guzman,3118,2022,38,-7.8578286,0.0,0.0
Nick Ahmed,12147,2022,32,-7.619036,0.0,0.0
Brennan Boesch,914,2022,37,-4.479171,0.0,0.32233288884162903
Juan Perez,5371,2022,35,-8.775987,0.0,0.0
Cameron Rupp,11146,2022,33,-9.395299,0.0,0.0
Daric Barton,5928,2022,36,-9.126874,0.0,0.0
Greg Dobbs,2158,2022,43,-10.8503475,0.0,0.0
JB Shuck,6677,2022,35,-3.38532,0.0,0.34521427750587463
Andy Wilkins,11251,2022,33,-6.4840555,0.0,0.0
Eli Whiteside,3536,2022,42,-6.2704206,0.0,0.0
Neftali Soto,5663,2022,33,-8.153153,0.0,0.0
Chris Colabello,13051,2022,38,-9.069712,0.0,0.0
Cody Ross,1760,2022,41,-9.961172,0.0,0.0
J.P. Arencibia,697,2022,36,-9.984027,0.0,0.0
Marc Krauss,7577,2022,34,-9.621424,0.0,0.0
Carlos Quentin,6274,2022,39,-10.654306,0.0,0.0
Scott Hairston,1926,2022,42,-10.157781,0.0,0.0
Mike Carp,7480,2022,36,-9.491204,0.0,0.0
Ryan Goins,9807,2022,34,-9.411342,0.0,0.0
Carlos Pena,934,2022,44,-10.06017,0.0,0.0
Jesus Aguilar,11342,2022,32,-9.28334,0.0,0.0
Bartolo Colon,375,2022,49,-11.278452,0.0,0.0
Ryan Doumit,2113,2022,41,-10.089703,0.0,0.0
Christian Bethancourt,10028,2022,30,-6.904461,0.0,0.0
L.J. Hoes,6656,2022,32,-7.178253,0.0,0.0
Brendan Ryan,6073,2022,40,-9.388143,0.0,0.0
Jeff Bianchi,9958,2022,35,-9.3299055,0.0,0.0
Dioner Navarro,3179,2022,38,-9.992221,0.0,0.0
Jason Kubel,2161,2022,40,-9.1901,0.0,0.0
Skip Schumaker,3704,2022,42,-9.741781,0.0,0.0
Stephen Drew,4251,2022,39,-9.987328,0.0,0.0
Chris Herrmann,9284,2022,34,-7.373241,0.0,0.0
Justin Maxwell,6827,2022,38,-7.6715493,0.0,0.0
Dayan Viciedo,3917,2022,33,-9.22539,0.0,0.0
Jon Singleton,10441,2022,30,-4.7097907,0.0,0.0
Alfonso Soriano,847,2022,46,-8.602037,0.0,0.0
Corey Hart,1945,2022,40,-9.427343,0.0,0.0
Oscar Taveras,11173,2022,30,-8.415766,0.0,0.0
Will Middlebrooks,7002,2022,33,-8.668167,0.0,0.0
Alfredo Marte,5212,2022,33,-8.361891,0.0,0.0
Dan Uggla,3442,2022,42,-9.874748,0.0,0.0
Jayson Nix,3790,2022,39,-6.5026064,0.0,0.0
Paul Konerko,242,2022,46,-11.417497,0.0,0.0
Nate Schierholtz,6201,2022,38,-7.6449924,0.0,0.0
Charlie Culberson,3298,2022,33,-3.783676,0.0,0.0
Tony Gwynn,6141,2022,39,-7.227426,0.0,0.0
Domonic Brown,3154,2022,34,-7.5224476,0.0,0.0
Jordan Pacheco,2677,2022,36,-10.033312,0.0,0.0
John Baker,4756,2022,41,-10.716253,0.0,0.0
Brett Hayes,4293,2022,38,-9.180553,0.0,0.0
Raul Ibanez,607,2022,50,-10.718291,0.0,0.0
Stefen Romero,11746,2022,33,-8.03978,0.0,0.0
A.J. Pierzynski,746,2022,45,-11.194152,0.0,0.0
Matt Dominguez,4903,2022,32,-9.066311,0.0,0.0
Alberto Callaspo,3336,2022,39,-10.33229,0.0,0.0
Ryan Raburn,2218,2022,41,-10.723688,0.0,0.0
Bryan Holaday,11287,2022,34,-8.76056,0.0,0.0
Tony Cruz,2802,2022,35,-8.859072,0.0,0.0
Kendrys Morales,8610,2022,39,-10.583799,0.0,0.0
Allen Craig,3433,2022,37,-9.751584,0.0,0.0
Gerald Laird,1698,2022,42,-10.834614,0.0,0.0
Nick Swisher,4599,2022,41,-10.460645,0.0,0.0
A.J. Ellis,5677,2022,41,-10.827337,0.0,0.0
Jarrod Saltalamacchia,5557,2022,37,-9.42812,0.0,0.0
Michael Choice,11376,2022,32,-8.992704,0.0,0.0
Mookie Betts,13611,2023,30,13.583038,50.31157684326172,11.29446029663086
Gregory Polanco,12907,2023,31,12.605671,47.44797134399414,10.800274848937988
Rusney Castillo,17016,2023,35,15.951225,47.08209991455078,9.359786987304688
Arismendy Alcantara,10711,2023,31,12.755659,46.90730285644531,10.282842636108398
Terrance Gore,13658,2023,32,11.9122,44.79494857788086,10.227463722229004
Christian Yelich,11477,2023,31,11.338614,44.170310974121094,9.873583793640137
Danny Santana,10322,2023,32,11.252611,43.89509201049805,10.062909126281738
Jonathan Villar,10071,2023,32,10.658603,42.9253044128418,10.13670825958252
Kolten Wong,12532,2023,32,10.748195,42.5204963684082,9.605310440063477
Eury Perez,10299,2023,33,10.765881,41.591033935546875,9.337590217590332
Cory Spangenberg,12294,2023,32,9.755309,41.201683044433594,9.716625213623047
Jose Ramirez,13510,2023,30,10.691663,40.70818328857422,9.264979362487793
Mike Trout,10155,2023,31,10.70592,40.507381439208984,9.092912673950195
Jean Segura,5933,2023,33,9.522898,39.47272491455078,9.057008743286133
Billy Hamilton,10199,2023,32,7.8088584,39.43602752685547,10.138208389282227
James Jones,9767,2023,34,9.420708,38.570072174072266,8.858948707580566
Jose Altuve,5417,2023,33,8.894761,38.475521087646484,8.951509475708008
Anthony Gose,5097,2023,32,9.468438,38.13500213623047,8.848405838012695
Billy Burns,12701,2023,33,8.660847,37.9139289855957,8.823923110961914
Elvis Andrus,8709,2023,34,8.722126,37.154258728027344,8.603973388671875
Starling Marte,9241,2023,34,8.465653,36.9461669921875,8.673291206359863
Matt den Dekker,11385,2023,35,8.889324,36.626991271972656,8.406815528869629
Jake Marisnick,11339,2023,32,8.968561,36.371036529541016,8.565860748291016
Leonys Martin,11846,2023,35,8.249487,35.91130065917969,8.452384948730469
Leury Garcia,5913,2023,32,8.836434,35.44948196411133,8.409294128417969
Shawn O'Malley,9629,2023,35,8.082207,34.47134017944336,7.990187168121338
Ben Revere,4712,2023,35,7.0298257,33.75224304199219,8.033031463623047
Dee Strange-Gordon,8203,2023,35,6.169145,33.07419204711914,8.234759330749512
Jordan Schafer,9883,2023,36,6.71613,32.43571853637695,7.656406402587891
Chris Taylor,13757,2023,32,7.7658,31.782047271728516,7.964954376220703
Everth Cabrera,8155,2023,36,6.2322917,31.378259658813477,7.461487770080566
Alcides Escobar,6310,2023,36,6.280615,31.239822387695312,7.543245792388916
Jason Kipnis,9776,2023,36,6.035349,30.548255920410156,7.47629451751709
Luis Sardinas,13153,2023,30,6.59824,28.797775268554688,8.08642578125
Carlos Gomez,4881,2023,37,4.9661117,28.758281707763672,7.077670097351074
Emilio Bonifacio,4054,2023,38,4.8333607,28.509281158447266,6.97565221786499
Charlie Blackmon,7859,2023,36,4.719912,28.04423713684082,7.353837490081787
Eric Young Jr.,7158,2023,38,4.5858264,27.941871643066406,6.919639587402344
Jarrod Dyson,4866,2023,38,4.262378,27.38394546508789,6.909614086151123
Antoan Richardson,209,2023,39,4.400517,27.36756706237793,6.79636287689209
Pedro Ciriaco,5278,2023,37,4.7522993,27.25225257873535,7.060292720794678
Lorenzo Cain,9077,2023,37,3.909879,26.939590454101562,7.1810126304626465
Anthony Rendon,12861,2023,33,5.3160176,26.14870834350586,7.3428449630737305
Craig Gentry,9571,2023,39,3.5878415,26.103464126586914,6.770634651184082
A.J. Pollock,9256,2023,35,3.9116294,25.79384422302246,7.3328704833984375
Jacoby Ellsbury,4727,2023,39,3.0963273,25.388076782226562,6.722484111785889
Pedro Florimon,8385,2023,36,3.5702481,24.994522094726562,7.095330715179443
Desmond Jennings,1965,2023,36,3.3084059,24.7590389251709,7.130126476287842
Jimmy Paredes,5481,2023,34,4.28565,24.656999588012695,7.129034519195557
Drew Stubbs,9328,2023,38,1.9473666,22.975711822509766,6.794875621795654
Jason Heyward,4940,2023,33,3.834639,22.897945404052734,6.997781753540039
James McCann,12859,2023,33,3.9417849,22.58124542236328,6.88554048538208
Tony Campana,4964,2023,37,1.8935924,22.107568740844727,6.739145278930664
Brett Gardner,9927,2023,39,0.9747455,22.00193214416504,6.647251605987549
Jose Reyes,1736,2023,40,0.53919446,21.81831932067871,6.514603614807129
Denard Span,8347,2023,39,0.542695,21.649301528930664,6.606658458709717
Andrew McCutchen,9847,2023,36,1.9584948,21.50557518005371,6.681118488311768
Adam Eaton,11205,2023,34,2.7671134,21.24627113342285,6.679169654846191
Eduardo Nunez,6848,2023,36,1.8047038,21.112951278686523,6.617807388305664
Carl Crawford,1201,2023,41,-0.2962835,20.525293350219727,6.23638916015625
Brian Dozier,9810,2023,36,1.5181255,19.723909378051758,6.333098411560059
Rajai Davis,3708,2023,42,-0.8585,19.69110107421875,5.9415669441223145
Michael Brantley,4106,2023,36,1.3307785,19.44513511657715,6.302711486816406
Angel Pagan,2918,2023,41,-1.0757247,19.44011878967285,5.951542377471924
Javier Baez,12979,2023,30,3.2677011,18.980960845947266,6.641641139984131
Brock Holt,9345,2023,35,1.3381732,17.83564567565918,6.027002334594727
Christian Colon,11145,2023,34,1.679686,17.300870895385742,5.909550666809082
Ian Desmond,6885,2023,37,-0.1615889,17.171127319335938,5.860519886016846
Ezequiel Carrera,9048,2023,36,0.3019402,17.045955657958984,5.873482704162598
Alex Hassan,9959,2023,35,3.5349207,16.591999053955078,5.250457763671875
Nyjer Morgan,4885,2023,42,-1.2926995,16.24939727783203,5.229859828948975
Coco Crisp,1572,2023,43,-2.71365,15.752487182617188,4.882475852966309
Sam Fuld,8254,2023,41,-2.2251678,15.252788543701172,4.9991679191589355
Jimmy Rollins,971,2023,44,-3.357417,15.024981498718262,4.54595422744751
Kristopher Negron,5306,2023,37,-0.33672413,14.736475944519043,5.293359756469727
Melvin Upton Jr.,5015,2023,38,-1.3393967,14.459786415100098,5.113673686981201
Chris Getz,3388,2023,39,-1.8875911,14.278081893920898,4.963891983032227
Dexter Fowler,4062,2023,37,-0.79596055,14.25539493560791,5.18947696685791
Alejandro De Aza,3371,2023,39,-2.3993337,14.03361988067627,4.909778594970703
Austin Jackson,9848,2023,36,-0.5723001,13.95032787322998,5.1709065437316895
Michael Bourn,6387,2023,40,-2.6572196,13.497515678405762,4.693850994110107
Juan Lagares,5384,2023,34,0.15949002,13.478070259094238,5.158073425292969
Ender Inciarte,4922,2023,32,0.83217764,13.4058837890625,5.212947368621826
Jace Peterson,12325,2023,33,0.6886776,12.95730209350586,4.888227462768555
Josh Harrison,8202,2023,35,-0.37611288,12.952665328979492,4.969583511352539
Andrew Romine,1159,2023,37,-1.3308249,11.9302396774292,4.498873710632324
Quintin Berry,9414,2023,38,-1.6839787,11.585044860839844,4.334810733795166
Nori Aoki,13075,2023,41,-3.5903785,11.42674446105957,3.982976198196411
Jorge Polanco,13152,2023,29,1.3473592,10.422905921936035,4.066115856170654
Didi Gregorius,6012,2023,33,0.021132026,10.070383071899414,4.010678768157959
Jemile Weeks,2498,2023,36,-1.3707644,9.66804313659668,3.8327279090881348
Alex Rios,2090,2023,42,-4.27988,9.28118896484375,3.3278236389160156
Ian Kinsler,6195,2023,41,-3.7498882,8.728825569152832,3.276878595352173
Aaron Hicks,5297,2023,33,-0.6687627,8.286641120910645,3.596346855163574
Chris Owings,10030,2023,31,-0.1445524,8.280451774597168,3.554213047027588
Alexei Ramirez,5133,2023,41,-4.0277715,8.247486114501953,3.104526996612549
Paul Goldschmidt,9218,2023,35,-1.6307659,6.992282867431641,3.0712249279022217
Yasiel Puig,14225,2023,32,-0.84346646,6.491656303405762,2.9759747982025146
Alexi Amarista,9063,2023,34,-1.3585324,6.371004581451416,2.8010470867156982
Todd Frazier,785,2023,37,-2.90238,5.251592636108398,2.3964791297912598
Jason Bartlett,8219,2023,43,-0.3809124,5.116235256195068,3.0521152019500732
Jim Adduci,6448,2023,38,-3.1443977,5.028895854949951,2.3277950286865234
Jordan Danks,9187,2023,36,-2.56562,4.674999237060547,2.249903678894043
Chone Figgins,1580,2023,45,-6.0305142,4.5013628005981445,1.718306541442871
Cliff Pennington,3395,2023,39,-3.8592865,3.800685167312622,1.8414976596832275
George Springer,12856,2023,33,-1.7725189,3.729614734649658,1.9233464002609253
Bryce Brentz,10607,2023,34,-1.7119808,3.5358994007110596,1.7324795722961426
Erick Aybar,4082,2023,39,-4.1654825,3.4427387714385986,1.7257150411605835
Gregor Blanco,3123,2023,39,-4.397353,3.2614798545837402,1.6287026405334473
Ichiro Suzuki,1101,2023,49,-7.360741,3.2079992294311523,1.1259958744049072
Michael Saunders,9981,2023,36,-2.8930051,3.0999913215637207,1.7261550426483154
Hunter Pence,8252,2023,40,-4.4376903,2.9219484329223633,1.554455280303955
Mike Aviles,5986,2023,42,-5.390234,2.8709704875946045,1.3908933401107788
Domingo Santana,10348,2023,30,-1.2533059,2.7898616790771484,1.5799837112426758
Derek Dietrich,10542,2023,33,-1.846884,2.7235522270202637,1.398144006729126
Peter Bourjos,2578,2023,36,-3.0700228,2.6689677238464355,1.499997615814209
Zoilo Almonte,6732,2023,34,-2.4171865,2.6493663787841797,1.3891175985336304
Daniel Murphy,4316,2023,38,-4.011013,2.2917191982269287,1.3576927185058594
Junior Lake,4672,2023,33,-2.2989295,2.0291049480438232,1.3138213157653809
Brandon Guyer,2636,2023,37,-3.5456274,1.4662892818450928,1.0573318004608154
Will Venable,211,2023,40,-4.9907894,1.1301519870758057,0.950773298740387
DJ LeMahieu,9874,2023,34,-3.0173604,1.060976266860962,0.946001410484314
Eric Sogard,7927,2023,37,-3.9534917,0.9500450491905212,0.927298903465271
Nate McLouth,3190,2023,41,-5.119972,0.7373089790344238,0.810172438621521
Kirk Nieuwenhuis,6400,2023,35,-3.3132365,0.6524084210395813,0.6722225546836853
Buster Posey,9166,2023,36,-10.397985,0.0,0.0
Jonathan Lucroy,7870,2023,37,-9.720833,0.0,0.0
Giancarlo Stanton,4949,2023,33,-4.8903747,0.0,0.0
Jose Bautista,1887,2023,42,-9.865138,0.0,0.0
Russell Martin,4616,2023,40,-9.379797,0.0,0.0
Adrian Beltre,639,2023,44,-11.300822,0.0,0.0
Josh Donaldson,5038,2023,37,-9.002246,0.0,0.0
Robinson Cano,3269,2023,40,-9.0337925,0.0,0.0
Alex Gordon,5209,2023,39,-4.7425637,0.0,0.6119688153266907
Jose Abreu,15676,2023,36,-10.022456,0.0,0.0
Anthony Rizzo,3473,2023,33,-8.213587,0.0,0.0
Jayson Werth,1327,2023,44,-7.670589,0.0,0.0
Miguel Cabrera,1744,2023,40,-10.958215,0.0,0.0
Kyle Seager,9785,2023,35,-8.05389,0.0,0.0
Troy Tulowitzki,3531,2023,38,-9.934449,0.0,0.0
Yan Gomes,9627,2023,35,-9.9529505,0.0,0.0
Rene Rivera,3648,2023,39,-11.050325,0.0,0.0
Ben Zobrist,7435,2023,42,-7.2879915,0.0,0.0
Victor Martinez,393,2023,44,-10.966911,0.0,0.0
Adam Jones,6368,2023,37,-4.3772125,0.0,0.08616308867931366
Jhonny Peralta,1738,2023,41,-10.5597315,0.0,0.0
Howie Kendrick,4229,2023,39,-7.4928737,0.0,0.0
Steve Pearce,9957,2023,40,-8.196214,0.0,0.0
Freddie Freeman,5361,2023,33,-8.693404,0.0,0.0
Marcell Ozuna,10324,2023,32,-6.7184086,0.0,0.0
Neil Walker,7539,2023,37,-9.455759,0.0,0.0
Mike Zunino,13265,2023,32,-8.785669,0.0,0.0
Devin Mesoraco,5666,2023,35,-9.619799,0.0,0.0
Nelson Cruz,2434,2023,42,-10.442389,0.0,0.0
J.D. Martinez,6184,2023,35,-8.585885,0.0,0.0
Dustin Pedroia,8370,2023,39,-7.9598145,0.0,0.0
Edwin Encarnacion,2151,2023,40,-9.84039,0.0,0.0
Justin Upton,5222,2023,35,-3.721162,0.0,0.3001544773578644
Hanley Ramirez,8001,2023,39,-5.452842,0.0,0.14765144884586334
Adrian Gonzalez,1908,2023,41,-11.176402,0.0,0.0
Chase Utley,1679,2023,44,-7.1363096,0.0,0.0
Evan Longoria,9368,2023,37,-9.04384,0.0,0.0
Yoenis Cespedes,13110,2023,37,-6.5464835,0.0,0.0
Justin Turner,5235,2023,38,-9.121158,0.0,0.0
Juan Uribe,454,2023,44,-11.254684,0.0,0.0
Kole Calhoun,11200,2023,35,-6.437494,0.0,0.0
Trevor Plouffe,7462,2023,37,-10.1472225,0.0,0.0
Matt Carpenter,8090,2023,37,-8.40578,0.0,0.0
Chase Headley,4720,2023,39,-9.028113,0.0,0.0
Pablo Sandoval,5409,2023,36,-10.498393,0.0,0.0
Miguel Montero,3364,2023,39,-10.720798,0.0,0.0
Matt Holliday,1873,2023,43,-10.597712,0.0,0.0
Starlin Castro,4579,2023,33,-7.762118,0.0,0.0
Luis Valbuena,4969,2023,37,-9.772483,0.0,0.0
Yadier Molina,7007,2023,40,-10.800356,0.0,0.0
Brian McCann,4810,2023,39,-11.024891,0.0,0.0
Lucas Duda,2502,2023,37,-9.642014,0.0,0.0
Melky Cabrera,4022,2023,38,-9.2952585,0.0,0.0
Travis d'Arnaud,7739,2023,34,-9.953933,0.0,0.0
Tyler Flowers,9134,2023,37,-10.459281,0.0,0.0
J.J. Hardy,3797,2023,40,-11.251653,0.0,0.0
Corey Dickerson,10762,2023,34,-6.4649396,0.0,0.0
Scott Van Slyke,4365,2023,36,-9.022669,0.0,0.0
Kevin Kiermaier,11038,2023,33,-3.3476791,0.0,0.12503387033939362
Yasmani Grandal,11368,2023,34,-9.4850645,0.0,0.0
Hank Conger,2505,2023,35,-9.974513,0.0,0.0
Seth Smith,7331,2023,40,-10.701731,0.0,0.0
Albert Pujols,1177,2023,43,-10.808515,0.0,0.0
Brandon Moss,4467,2023,39,-10.066153,0.0,0.0
Brandon Crawford,5343,2023,36,-8.4573,0.0,0.0
Nolan Arenado,9777,2023,32,-8.931852,0.0,0.0
Evan Gattis,11003,2023,36,-10.572492,0.0,0.0
Eduardo Escobar,6153,2023,34,-7.5866327,0.0,0.0
Matt Kemp,5631,2023,38,-8.053787,0.0,0.0
David Freese,9549,2023,40,-10.541817,0.0,0.0
Chris Coghlan,6878,2023,38,-7.365599,0.0,0.0
Justin Morneau,1737,2023,42,-11.25712,0.0,0.0
Carlos Santana,2396,2023,37,-9.55041,0.0,0.0
Manny Machado,11493,2023,30,-7.9776645,0.0,0.0
Nick Markakis,5930,2023,39,-10.224489,0.0,0.0
Daniel Nava,5450,2023,40,-8.789502,0.0,0.0
David Ortiz,745,2023,47,-12.12301,0.0,0.0
Derek Norris,6867,2023,34,-8.382731,0.0,0.0
Marlon Byrd,950,2023,45,-10.344589,0.0,0.0
Mike Napoli,3057,2023,41,-10.567622,0.0,0.0
Josh Reddick,3892,2023,36,-5.9532976,0.0,0.0
Jason Castro,8722,2023,36,-9.2917185,0.0,0.0
Christian Vazquez,9774,2023,32,-9.635943,0.0,0.0
Adam LaRoche,1904,2023,43,-11.201723,0.0,0.0
Chris Iannetta,8267,2023,40,-10.141802,0.0,0.0
Jordy Mercer,6547,2023,36,-9.536055,0.0,0.0
Francisco Cervelli,5275,2023,37,-10.072832,0.0,0.0
Chris Carter,9911,2023,36,-9.289396,0.0,0.0
Casey McGehee,6086,2023,40,-10.313507,0.0,0.0
Asdrubal Cabrera,4962,2023,37,-7.2815156,0.0,0.0
Matt Adams,9393,2023,34,-9.203512,0.0,0.0
Carlos Ruiz,2579,2023,44,-10.319151,0.0,0.0
Salvador Perez,7304,2023,33,-9.675633,0.0,0.0
Caleb Joseph,7087,2023,37,-10.442739,0.0,0.0
Adam Lind,8027,2023,39,-10.861132,0.0,0.0
Aramis Ramirez,1002,2023,45,-11.219154,0.0,0.0
Scooter Gennett,10339,2023,33,-8.05039,0.0,0.0
Conor Gillaspie,9009,2023,35,-9.03727,0.0,0.0
Jon Jay,5227,2023,38,-8.383245,0.0,0.0
Joe Mauer,1857,2023,40,-9.153096,0.0,0.0
Yangervis Solarte,5352,2023,35,-10.22671,0.0,0.0
Jed Lowrie,4418,2023,39,-10.994242,0.0,0.0
Andrelton Simmons,10847,2023,33,-8.349329,0.0,0.0
Michael Cuddyer,1534,2023,44,-9.080242,0.0,0.0
Michael Morse,3035,2023,41,-11.313331,0.0,0.0
Travis Snider,2830,2023,35,-8.972497,0.0,0.0
Lonnie Chisenhall,7571,2023,34,-8.840985,0.0,0.0
Bryce Harper,11579,2023,30,-4.348757,0.0,0.0
Brett Lawrie,5247,2023,33,-6.0237174,0.0,0.0
David Wright,3787,2023,40,-6.874431,0.0,0.0
Stephen Vogt,5000,2023,38,-9.010748,0.0,0.0
Colby Rasmus,9893,2023,36,-5.858785,0.0,0.0
Martin Prado,3312,2023,39,-9.911239,0.0,0.0
Matt Joyce,3353,2023,38,-8.390795,0.0,0.0
Chris Stewart,3878,2023,41,-10.697212,0.0,0.0
Ruben Tejada,5519,2023,33,-8.955292,0.0,0.0
Ryan Hanigan,4952,2023,42,-11.221323,0.0,0.0
Khris Davis,9112,2023,35,-9.42269,0.0,0.0
Josh Willingham,2103,2023,44,-10.372025,0.0,0.0
Collin Cowgill,7250,2023,37,-7.051959,0.0,0.0
Brandon Phillips,791,2023,42,-10.255591,0.0,0.0
Rickie Weeks Jr.,1849,2023,40,-9.223597,0.0,0.0
Madison Bumgarner,5524,2023,33,-9.295832,0.0,0.0
Marwin Gonzalez,5497,2023,34,-8.080508,0.0,0.0
Joe Panik,11936,2023,32,-6.1080537,0.0,0.0
Martin Maldonado,6887,2023,36,-10.304204,0.0,0.0
Robinson Chirinos,3142,2023,39,-10.845426,0.0,0.0
Dustin Ackley,10099,2023,35,-3.9311583,0.0,0.07587411254644394
Alex Avila,7476,2023,36,-9.971927,0.0,0.0
Zack Cozart,2616,2023,37,-7.0381317,0.0,0.0
Ryan Zimmerman,4220,2023,38,-10.299467,0.0,0.0
Juan Francisco,6978,2023,36,-9.967958,0.0,0.0
Curtis Granderson,4747,2023,42,-7.0706115,0.0,0.0
David Lough,7215,2023,37,-4.9425635,0.0,0.0
Carlos Corporan,5587,2023,39,-10.912988,0.0,0.0
Wilmer Flores,5827,2023,31,-7.959506,0.0,0.0
Brad Miller,12775,2023,33,-3.226196,0.0,0.14143693447113037
Ryan Braun,3410,2023,39,-7.127474,0.0,0.0
Torii Hunter,731,2023,47,-10.4295025,0.0,0.0
Josh Hamilton,1875,2023,42,-9.566213,0.0,0.0
Enrique Hernandez,10472,2023,31,-4.7029552,0.0,0.0
Darwin Barney,2430,2023,37,-8.350169,0.0,0.0
David Ross,1551,2023,46,-10.941596,0.0,0.0
David Peralta,2136,2023,35,-6.173848,0.0,0.0
Rougned Odor,12282,2023,29,-5.000825,0.0,0.0
Wilson Ramos,1433,2023,35,-9.942437,0.0,0.0
Andre Ethier,6265,2023,41,-10.2555485,0.0,0.0
Mark Reynolds,7619,2023,39,-9.328843,0.0,0.0
Jake Smolinski,5408,2023,34,-8.334431,0.0,0.0
Delmon Young,2140,2023,37,-9.950339,0.0,0.0
Oswaldo Arcia,10306,2023,32,-8.392088,0.0,0.0
James Loney,4556,2023,39,-10.561154,0.0,0.0
Adam Rosales,9682,2023,40,-7.4596953,0.0,0.0
Chris Davis,9272,2023,37,-8.967468,0.0,0.0
Travis Wood,9884,2023,36,-9.732776,0.0,0.0
Chris Young,3882,2023,39,-6.169328,0.0,0.0
Eugenio Suarez,12552,2023,31,-6.175749,0.0,0.0
Michael McKenry,9628,2023,38,-9.950064,0.0,0.0
Joey Votto,4314,2023,39,-10.269473,0.0,0.0
Andrew Susac,13132,2023,33,-5.6092606,0.0,0.0
Brandon Belt,10264,2023,35,-8.599163,0.0,0.0
Logan Morrison,9205,2023,35,-8.91645,0.0,0.0
Donovan Solano,8623,2023,35,-9.357749,0.0,0.0
Zack Greinke,1943,2023,39,-10.0583,0.0,0.0
Jose Molina,25,2023,48,-11.27534,0.0,0.0
Jorge Soler,14221,2023,31,-5.52874,0.0,0.0
Mark Teixeira,1281,2023,43,-11.113029,0.0,0.0
Gerardo Parra,8553,2023,36,-5.582106,0.0,0.0
Ramon Santiago,1417,2023,43,-10.42792,0.0,0.0
Ryan Flaherty,7888,2023,36,-7.4607344,0.0,0.0
Chris Heisey,3978,2023,38,-6.1733665,0.0,0.0
Drew Butera,3411,2023,39,-10.846659,0.0,0.0
Kevin Kouzmanoff,5995,2023,41,-11.046567,0.0,0.0
Matt Wieters,4298,2023,37,-10.135992,0.0,0.0
John Jaso,5887,2023,39,-9.758613,0.0,0.0
Ike Davis,8433,2023,36,-9.9657955,0.0,0.0
Cody Asche,11997,2023,33,-9.101541,0.0,0.0
Tommy Medica,11147,2023,35,-4.4727316,0.0,0.0
Roberto Perez,2900,2023,34,-9.815934,0.0,0.0
Robbie Grossman,5254,2023,33,-6.793496,0.0,0.0
Kelly Johnson,2234,2023,41,-9.304661,0.0,0.0
Danny Espinosa,9219,2023,36,-5.3687954,0.0,0.0
Erik Kratz,4403,2023,43,-11.481099,0.0,0.0
Kyle Blanks,49,2023,36,-10.035243,0.0,0.0
Rafael Ynoa,2832,2023,35,-9.937061,0.0,0.0
Kennys Vargas,12101,2023,32,-8.020046,0.0,0.0
Justin Ruggiano,7620,2023,41,-7.4083705,0.0,0.0
David DeJesus,1825,2023,43,-10.005735,0.0,0.0
John Mayberry,3390,2023,39,-10.24945,0.0,0.0
Gregorio Petit,3812,2023,38,-9.48215,0.0,0.0
Travis Ishikawa,4793,2023,39,-10.087997,0.0,0.0
John Ryan Murphy,10346,2023,32,-6.3042455,0.0,0.0
Yonder Alonso,2530,2023,36,-7.441681,0.0,0.0
Marcus Semien,12533,2023,32,-6.921491,0.0,0.0
Danny Valencia,6364,2023,38,-10.198965,0.0,0.0
Adeiny Hechavarria,10459,2023,34,-7.4679427,0.0,0.0
Omar Infante,1609,2023,41,-7.6646533,0.0,0.0
Abraham Almonte,5486,2023,34,-6.872223,0.0,0.0
Jose Lobaton,4243,2023,38,-10.785381,0.0,0.0
Mike Leake,10130,2023,35,-9.748103,0.0,0.0
Shelby Miller,10197,2023,32,-8.87686,0.0,0.0
Clayton Kershaw,2036,2023,35,-8.63217,0.0,0.0
Ben Paulsen,9741,2023,35,-10.352488,0.0,0.0
Eric Chavez,906,2023,45,-10.476747,0.0,0.0
Adam Dunn,319,2023,43,-11.323107,0.0,0.0
Ryan Rua,12409,2023,33,-8.6103945,0.0,0.0
Wilin Rosario,8002,2023,34,-9.640184,0.0,0.0
Shin-Soo Choo,3174,2023,40,-7.297675,0.0,0.0
Nick Castellanos,11737,2023,31,-8.625585,0.0,0.0
Kevin Pillar,12434,2023,34,-6.4192877,0.0,0.0
Eric Campbell,6938,2023,36,-9.216928,0.0,0.0
Yunel Escobar,4191,2023,40,-10.768202,0.0,0.0
Chris Johnson,1191,2023,38,-10.112992,0.0,0.0
Ryan Sweeney,6352,2023,38,-10.196742,0.0,0.0
Chris Gimenez,7324,2023,40,-10.01587,0.0,0.0
Mike Moustakas,4892,2023,34,-9.643514,0.0,0.0
Munenori Kawasaki,13047,2023,42,-9.911976,0.0,0.0
Wil Nieves,1556,2023,45,-11.11904,0.0,0.0
Brandon Hicks,4003,2023,37,-9.718245,0.0,0.0
Jonathan Schoop,11265,2023,31,-8.126339,0.0,0.0
Jacob deGrom,10954,2023,35,-9.781028,0.0,0.0
Adam Wainwright,2233,2023,41,-10.894159,0.0,0.0
Nick Evans,7595,2023,37,-10.241405,0.0,0.0
Pete Kozma,2539,2023,35,-4.804141,0.0,0.0
Garin Cecchini,11608,2023,32,-4.5269003,0.0,0.0
Jhoulys Chacin,2608,2023,35,-9.725974,0.0,0.0
Garrett Jones,2714,2023,42,-11.356606,0.0,0.0
Pedro Alvarez,2495,2023,36,-8.3067,0.0,0.0
Darin Ruf,9929,2023,36,-10.5000305,0.0,0.0
Welington Castillo,3256,2023,36,-10.527068,0.0,0.0
Randal Grichuk,10243,2023,31,-8.517009,0.0,0.0
Brian Roberts,166,2023,45,-7.753179,0.0,0.0
Jonny Gomes,1845,2023,42,-10.243869,0.0,0.0
Ramiro Pena,8841,2023,37,-8.960787,0.0,0.0
Maicer Izturis,2437,2023,42,-6.411324,0.0,0.0
Phil Gosselin,10953,2023,34,-5.80309,0.0,0.0
Clint Barmes,1830,2023,44,-10.606599,0.0,0.0
Cameron Maybin,5223,2023,36,-5.366333,0.0,0.0
Tyler Holt,11391,2023,34,-3.8686388,0.0,0.0
Jordan Lyles,7593,2023,32,-8.87686,0.0,0.0
Jake Arrieta,4153,2023,37,-10.173969,0.0,0.0
Cole Hamels,4972,2023,39,-10.57291,0.0,0.0
Gerrit Cole,13125,2023,32,-8.915934,0.0,0.0
Dan Haren,1757,2023,42,-11.043246,0.0,0.0
Tyson Ross,7872,2023,36,-9.959638,0.0,0.0
Carlos Rivero,1136,2023,35,-9.781028,0.0,0.0
Jose Pirela,5485,2023,33,-9.246513,0.0,0.0
George Kottaras,5506,2023,40,-9.969783,0.0,0.0
Gary Brown,11464,2023,34,-5.759579,0.0,0.0
Max Stassi,10059,2023,32,-9.20461,0.0,0.0
Marco Gonzales,15467,2023,31,-8.600501,0.0,0.0
Matt McBride,9373,2023,38,-9.34749,0.0,0.0
Andres Blanco,1907,2023,39,-10.937031,0.0,0.0
Scott Sizemore,2881,2023,38,-7.93072,0.0,0.0
Dalton Pompey,12797,2023,30,-5.7654724,0.0,0.0
Justin Bour,9744,2023,35,-10.365159,0.0,0.0
Dilson Herrera,14335,2023,29,-8.757533,0.0,0.0
Sean Rodriguez,6589,2023,38,-9.32068,0.0,0.0
Shane Victorino,1677,2023,42,-6.234079,0.0,0.0
Daniel Robertson,6266,2023,37,-5.3125825,0.0,0.0
Tommy La Stella,12371,2023,34,-9.328719,0.0,0.0
Efren Navarro,9854,2023,37,-5.322981,0.0,0.0
Derek Jeter,826,2023,49,-10.208637,0.0,0.0
Joe Kelly,9761,2023,35,-6.979512,0.0,0.0
Nick Punto,1429,2023,45,-9.9566345,0.0,0.0
Josh Wilson,2102,2023,42,-10.351961,0.0,0.0
Jaime Garcia,8137,2023,36,-9.959638,0.0,0.0
Jeff Mathis,3448,2023,40,-10.91775,0.0,0.0
Jackie Bradley Jr.,12984,2023,33,-5.6989307,0.0,0.0
Cliff Lee,1636,2023,44,-10.656086,0.0,0.0
Jacob Turner,10185,2023,32,-8.87686,0.0,0.0
Josh Beckett,510,2023,43,-11.18077,0.0,0.0
Mike Minor,10021,2023,35,-9.725974,0.0,0.0
Jordan Zimmermann,4505,2023,37,-10.197679,0.0,0.0
Henderson Alvarez,5669,2023,33,-9.186039,0.0,0.0
Ian Kennedy,6986,2023,38,-10.395115,0.0,0.0
Buddy Carlyle,2010,2023,45,-11.442533,0.0,0.0
Brian Schlitter,3599,2023,37,-10.132785,0.0,0.0
Jeanmar Gomez,9033,2023,35,-9.725974,0.0,0.0
Gus Schlosser,12321,2023,34,-9.525806,0.0,0.0
Jeurys Familia,5114,2023,33,-9.186039,0.0,0.0
Zach McAllister,2895,2023,35,-9.725974,0.0,0.0
Clay Buchholz,3543,2023,38,-10.372208,0.0,0.0
Pedro Villarreal,9904,2023,35,-9.725974,0.0,0.0
Drew Hutchison,10732,2023,32,-8.896762,0.0,0.0
Robbie Ray,11486,2023,31,-8.600501,0.0,0.0
Nick Tepesch,11716,2023,34,-9.502404,0.0,0.0
Brad Penny,535,2023,45,-11.446617,0.0,0.0
Colby Lewis,1259,2023,43,-11.179689,0.0,0.0
Seth Maness,12235,2023,34,-9.502404,0.0,0.0
Donn Roach,10620,2023,33,-9.246513,0.0,0.0
Doug Bernier,4518,2023,43,-10.159701,0.0,0.0
Brandon Barnes,629,2023,37,-8.060263,0.0,0.0
Nolan Reimold,3441,2023,39,-8.260319,0.0,0.0
James Shields,7059,2023,41,-10.894159,0.0,0.0
Craig Stammen,7274,2023,39,-10.557584,0.0,0.0
Chris Parmelee,2554,2023,35,-9.785614,0.0,0.0
Endy Chavez,768,2023,45,-9.4100895,0.0,0.0
Tyler Moore,7244,2023,36,-10.02932,0.0,0.0
Steve Tolleson,4450,2023,39,-10.264044,0.0,0.0
Justin Verlander,8700,2023,40,-10.732724,0.0,0.0
Daniel Corcino,9266,2023,32,-8.938579,0.0,0.0
Bud Norris,9492,2023,38,-10.372208,0.0,0.0
Tony Sanchez,6178,2023,35,-10.331068,0.0,0.0
Xander Bogaerts,12161,2023,30,-6.402942,0.0,0.0
Tyler Colvin,5310,2023,37,-9.31922,0.0,0.0
Willie Bloomquist,1066,2023,45,-9.569714,0.0,0.0
Jake Lamb,13329,2023,32,-5.047763,0.0,0.0
Kevin Correia,1767,2023,42,-11.00139,0.0,0.0
Carlos Peguero,8760,2023,36,-3.9034293,0.0,0.0
Jordany Valdespin,5098,2023,35,-4.378499,0.0,0.0
Matt Duffy,13836,2023,32,-7.388648,0.0,0.0
Johnny Giavotella,6740,2023,35,-5.7273593,0.0,0.0
Ed Lucas,7532,2023,41,-9.965577,0.0,0.0
Hector Sanchez,10289,2023,33,-8.718511,0.0,0.0
Wandy Rodriguez,2586,2023,44,-11.308574,0.0,0.0
Carlos Martinez,11682,2023,31,-8.579487,0.0,0.0
Alex Cobb,6562,2023,35,-9.725974,0.0,0.0
Miguel Rojas,7802,2023,34,-9.839641,0.0,0.0
Jesus Sucre,5942,2023,35,-8.164312,0.0,0.0
Bronson Arroyo,978,2023,46,-11.54888,0.0,0.0
Tyler Matzek,10058,2023,32,-8.938579,0.0,0.0
Daisuke Matsuzaka,7775,2023,42,-11.043246,0.0,0.0
Jeff Samardzija,3254,2023,38,-10.372208,0.0,0.0
Edwin Jackson,1841,2023,39,-10.578652,0.0,0.0
Matt Cain,4732,2023,38,-10.39387,0.0,0.0
Jarred Cosart,10304,2023,33,-9.223616,0.0,0.0
Wade Miley,8779,2023,36,-9.959638,0.0,0.0
Hyun-Jin Ryu,14444,2023,36,-9.986899,0.0,0.0
Kyle Hendricks,12049,2023,33,-9.246513,0.0,0.0
A.J. Burnett,512,2023,46,-11.54888,0.0,0.0
David Buchanan,11176,2023,34,-9.525806,0.0,0.0
Stephen Strasburg,10131,2023,34,-9.496453,0.0,0.0
Jon Niese,4424,2023,36,-9.98576,0.0,0.0
Francisco Pena,8298,2023,33,-9.246513,0.0,0.0
Antonio Bastardo,8844,2023,37,-10.173969,0.0,0.0
J.J. Hoover,9037,2023,35,-9.725974,0.0,0.0
Audry Perez,9176,2023,34,-9.502404,0.0,0.0
Andrew Chafin,12988,2023,33,-9.246513,0.0,0.0
Joey Terdoslavich,10593,2023,34,-10.091422,0.0,0.0
Steven Moya,11854,2023,31,-8.600501,0.0,0.0
Jackson Williams,8524,2023,37,-10.626242,0.0,0.0
Clint Robinson,6908,2023,38,-10.780642,0.0,0.0
Josh Phegley,9308,2023,35,-10.102029,0.0,0.0
Nate Freiman,6582,2023,36,-10.566757,0.0,0.0
Gaby Sanchez,3361,2023,39,-10.296244,0.0,0.0
Jason Lane,1397,2023,46,-11.492166,0.0,0.0
Tony Watson,3132,2023,38,-10.372208,0.0,0.0
David Huff,4257,2023,38,-10.372208,0.0,0.0
John Danks,6329,2023,38,-10.372208,0.0,0.0
Taylor Hill,12515,2023,34,-9.525806,0.0,0.0
Tyler Collins,12723,2023,33,-9.556227,0.0,0.0
Michael Taylor,2591,2023,37,-10.208009,0.0,0.0
Jesus Montero,5514,2023,33,-9.543968,0.0,0.0
Chris Dickerson,7095,2023,41,-6.9193172,0.0,0.0
Nick Hundley,3376,2023,39,-10.486646,0.0,0.0
Matt Szczur,11255,2023,33,-6.51976,0.0,0.0
Steve Lombardozzi,5422,2023,34,-8.864898,0.0,0.0
Andrew Lambo,5386,2023,34,-9.817319,0.0,0.0
Cole Figueroa,8790,2023,36,-7.9754486,0.0,0.0
Chris Denorfia,4400,2023,42,-7.7457595,0.0,0.0
Anibal Sanchez,3284,2023,39,-10.557584,0.0,0.0
Zeke Spruill,3873,2023,33,-9.223616,0.0,0.0
Samuel Deduno,5285,2023,39,-10.557584,0.0,0.0
Yu Darvish,13074,2023,36,-9.959638,0.0,0.0
Jonathan Herrera,4182,2023,38,-9.141107,0.0,0.0
Ehire Adrianza,8418,2023,33,-8.897428,0.0,0.0
Greg Garcia,10951,2023,33,-6.478955,0.0,0.0
Hernan Perez,5751,2023,32,-8.514415,0.0,0.0
Tyler Thornburg,10688,2023,34,-9.468733,0.0,0.0
Robbie Ross Jr.,6819,2023,34,-9.468733,0.0,0.0
Dan Straily,9460,2023,34,-9.468733,0.0,0.0
Nick Tropeano,12385,2023,32,-8.938579,0.0,0.0
Hector Santiago,4026,2023,35,-9.725974,0.0,0.0
Bobby Wilson,6564,2023,40,-10.777648,0.0,0.0
Kyle Gibson,10123,2023,35,-9.7561,0.0,0.0
Dallas Beeler,11471,2023,34,-9.525806,0.0,0.0
Yordano Ventura,11855,2023,32,-8.915934,0.0,0.0
Andy Parrino,3972,2023,37,-10.329877,0.0,0.0
Joc Pederson,11899,2023,31,-8.102618,0.0,0.0
Tucker Barnhart,10200,2023,32,-6.4240417,0.0,0.0
Nick Franklin,10166,2023,32,-6.3250504,0.0,0.0
Jonathan Diaz,4142,2023,38,-6.9292717,0.0,0.0
Brett Anderson,8223,2023,35,-9.725974,0.0,0.0
Corey Kluber,2429,2023,37,-10.173969,0.0,0.0
Christian Friedrich,7942,2023,35,-9.7337265,0.0,0.0
Chase Whitley,10982,2023,34,-9.525806,0.0,0.0
Felix Doubront,1478,2023,35,-9.725974,0.0,0.0
Justin Masterson,2038,2023,38,-10.372208,0.0,0.0
Ross Detwiler,2859,2023,37,-10.173969,0.0,0.0
C.J. Wilson,3580,2023,42,-11.043246,0.0,0.0
Jerome Williams,1137,2023,41,-10.894159,0.0,0.0
Jimmy Nelson,10547,2023,34,-9.502404,0.0,0.0
Homer Bailey,8362,2023,37,-10.173969,0.0,0.0
Josh Collmenter,7312,2023,37,-10.173969,0.0,0.0
Ryan Vogelsong,1011,2023,45,-11.429891,0.0,0.0
Kyle Kendrick,6230,2023,38,-10.372208,0.0,0.0
Jason Hammel,4538,2023,40,-10.732724,0.0,0.0
Randy Wolf,976,2023,46,-11.385575,0.0,0.0
Tim Stauffer,6432,2023,41,-10.894159,0.0,0.0
Tony Cingrani,12555,2023,33,-8.848088,0.0,0.0
Brandon Cumpton,11366,2023,34,-9.502404,0.0,0.0
Anthony DeSclafani,13050,2023,33,-9.246513,0.0,0.0
Robbie Erlin,10354,2023,32,-8.915934,0.0,0.0
John Lackey,1507,2023,44,-11.298293,0.0,0.0
Marco Estrada,1118,2023,39,-10.557584,0.0,0.0
Jeff Kobernus,9591,2023,35,-8.817752,0.0,0.0
Dallas Keuchel,9434,2023,35,-9.725974,0.0,0.0
Taylor Jordan,10466,2023,34,-9.502404,0.0,0.0
Jose Fernandez,11530,2023,30,-8.206678,0.0,0.0
Andrew Heaney,15423,2023,32,-8.938579,0.0,0.0
Blake Treinen,12572,2023,35,-9.781028,0.0,0.0
Tyler Lyons,11334,2023,35,-9.7561,0.0,0.0
Randall Delgado,5985,2023,33,-9.186039,0.0,0.0
Masahiro Tanaka,15764,2023,34,-9.525806,0.0,0.0
Jake Odorizzi,6397,2023,33,-9.186039,0.0,0.0
Hisashi Iwakuma,13048,2023,42,-11.043246,0.0,0.0
Paul Maholm,8678,2023,41,-10.894159,0.0,0.0
Jeremy Guthrie,2072,2023,44,-11.308574,0.0,0.0
Neftali Feliz,18,2023,35,-9.725974,0.0,0.0
Xavier Cedeno,36,2023,36,-9.959638,0.0,0.0
Erik Bedard,126,2023,44,-11.308574,0.0,0.0
Mark Buehrle,225,2023,44,-11.308574,0.0,0.0
Daniel McCutchen,263,2023,40,-10.711578,0.0,0.0
Kyle Farnsworth,278,2023,47,-11.670739,0.0,0.0
Blake Beavan,338,2023,34,-9.468733,0.0,0.0
CC Sabathia,404,2023,42,-11.043246,0.0,0.0
Fernando Rodney,494,2023,46,-11.54888,0.0,0.0
Jason Grilli,521,2023,46,-11.54888,0.0,0.0
Hector Ambriz,559,2023,39,-10.557584,0.0,0.0
Jeremy Affeldt,583,2023,44,-11.308574,0.0,0.0
Grant Balfour,718,2023,45,-11.429891,0.0,0.0
LaTroy Hawkins,729,2023,50,-12.064491,0.0,0.0
Bruce Chen,769,2023,46,-11.54888,0.0,0.0
Scott Downs,773,2023,47,-11.670739,0.0,0.0
Randy Choate,813,2023,47,-11.670739,0.0,0.0
Kris Johnson,886,2023,38,-10.396854,0.0,0.0
Scott Carroll,888,2023,38,-10.422104,0.0,0.0
Joe Beimel,979,2023,46,-11.593633,0.0,0.0
Aaron Thompson,999,2023,36,-9.942341,0.0,0.0
Rafael Soriano,1100,2023,43,-11.18077,0.0,0.0
Joe Nathan,1122,2023,48,-11.794705,0.0,0.0
Tommy Hunter,1157,2023,36,-9.959638,0.0,0.0
Adam Ottavino,1247,2023,37,-10.173969,0.0,0.0
Pedro Beato,1330,2023,36,-9.959638,0.0,0.0
Curtis Partch,1333,2023,36,-9.986899,0.0,0.0
Blake Wood,1345,2023,37,-10.150661,0.0,0.0
Evan Reed,1349,2023,37,-10.199556,0.0,0.0
Nick Hagadone,1351,2023,37,-10.173969,0.0,0.0
Charlie Furbush,1370,2023,37,-10.173969,0.0,0.0
Joaquin Benoit,1437,2023,45,-11.429891,0.0,0.0
Jon Edwards,1483,2023,35,-9.781028,0.0,0.0
Oliver Perez,1514,2023,41,-10.894159,0.0,0.0
Sean Doolittle,1581,2023,36,-9.959638,0.0,0.0
Francisco Rodriguez,1642,2023,41,-10.894159,0.0,0.0
Javier Lopez,1663,2023,45,-11.429891,0.0,0.0
Chris Capuano,1701,2023,44,-11.308574,0.0,0.0
Jose Valverde,1726,2023,45,-11.429891,0.0,0.0
Kevin Gregg,1793,2023,45,-11.429891,0.0,0.0
J.J. Putz,1795,2023,46,-11.54888,0.0,0.0
Neal Cotts,1797,2023,43,-11.130698,0.0,0.0
Humberto Quintero,1824,2023,43,-11.34706,0.0,0.0
Matt Belisle,1837,2023,43,-11.18077,0.0,0.0
Shawn Camp,1855,2023,47,-11.670739,0.0,0.0
Sean Burnett,1886,2023,40,-10.732724,0.0,0.0
Matt Moore,1890,2023,34,-9.468733,0.0,0.0
Jason Frasor,1906,2023,45,-11.429891,0.0,0.0
Matt Thornton,1918,2023,46,-11.54888,0.0,0.0
Frank Francisco,1933,2023,43,-11.18077,0.0,0.0
Mike Adams,1937,2023,44,-11.308574,0.0,0.0
Justin Germano,1938,2023,40,-10.732724,0.0,0.0
Raul Valdes,1953,2023,45,-11.429891,0.0,0.0
Ivan Nova,1994,2023,36,-9.959638,0.0,0.0
Matt Guerrier,2061,2023,44,-11.308574,0.0,0.0
Jose Veras,2063,2023,42,-11.043246,0.0,0.0
Heath Bell,2080,2023,45,-11.429891,0.0,0.0
Chad Qualls,2170,2023,44,-11.308574,0.0,0.0
Ronald Belisario,2203,2023,40,-10.732724,0.0,0.0
Blaine Boyer,2237,2023,41,-10.85925,0.0,0.0
Brandon Gomes,2267,2023,38,-10.372208,0.0,0.0
Joel Peralta,2332,2023,47,-11.670739,0.0,0.0
Anthony Varvaro,2385,2023,38,-10.372208,0.0,0.0
Hector Rondon,2391,2023,35,-9.7561,0.0,0.0
Cory Rasmus,2413,2023,35,-9.7561,0.0,0.0
Eric Surkamp,2540,2023,35,-9.704279,0.0,0.0
Joe Paterson,2565,2023,37,-10.173969,0.0,0.0
Scott Atchison,2642,2023,47,-11.670739,0.0,0.0
Brian Matusz,2646,2023,36,-9.959638,0.0,0.0
Corey Brown,2650,2023,37,-9.776548,0.0,0.0
Brett Cecil,2660,2023,36,-9.959638,0.0,0.0
Joba Chamberlain,2692,2023,37,-10.173969,0.0,0.0
Scott Rice,2743,2023,41,-10.906946,0.0,0.0
Carlos Marmol,2790,2023,40,-10.732724,0.0,0.0
Joe Savery,2835,2023,37,-10.173969,0.0,0.0
Drake Britton,2868,2023,34,-9.502404,0.0,0.0
Santiago Casilla,2873,2023,42,-11.043246,0.0,0.0
Luis Avilan,2882,2023,33,-9.186039,0.0,0.0
Juan Oviedo,2886,2023,41,-10.85925,0.0,0.0
Tommy Pham,2967,2023,35,-9.781028,0.0,0.0
Bruce Billings,3044,2023,37,-10.152999,0.0,0.0
Kenley Jansen,3096,2023,35,-9.725974,0.0,0.0
Max Scherzer,3137,2023,38,-10.372208,0.0,0.0
Tim Collins,3164,2023,33,-9.186039,0.0,0.0
David Price,3184,2023,37,-10.173969,0.0,0.0
Will Harris,3192,2023,38,-10.372208,0.0,0.0
Chris Young,3196,2023,44,-11.31561,0.0,0.0
Josh Stinson,3219,2023,35,-9.725974,0.0,0.0
Jean Machi,3220,2023,41,-10.894159,0.0,0.0
T.J. McFarland,3237,2023,34,-9.502404,0.0,0.0
Zack Britton,3240,2023,35,-9.725974,0.0,0.0
Ryan Rowland-Smith,3245,2023,40,-10.667753,0.0,0.0
Juan Gutierrez,3265,2023,39,-10.533858,0.0,0.0
Jordan Walden,3271,2023,35,-9.725974,0.0,0.0
Joe Smith,3281,2023,39,-10.557584,0.0,0.0
Nate Adcock,3282,2023,35,-9.6919775,0.0,0.0
Hiroki Kuroda,3283,2023,48,-11.794705,0.0,0.0
Hector Noesi,3292,2023,36,-9.959638,0.0,0.0
Chris Hatcher,3299,2023,38,-10.372208,0.0,0.0
Darren O'Day,3321,2023,40,-10.732724,0.0,0.0
Cesar Ramos,3357,2023,39,-10.557584,0.0,0.0
Ubaldo Jimenez,3374,2023,39,-10.557584,0.0,0.0
Jumbo Diaz,3397,2023,39,-10.604552,0.0,0.0
Kevin Whelan,3462,2023,39,-10.534685,0.0,0.0
Andre Rienzo,3507,2023,34,-9.502404,0.0,0.0
Liam Hendriks,3548,2023,34,-9.468733,0.0,0.0
Jim Johnson,3656,2023,40,-10.732724,0.0,0.0
Logan Ondrusek,3677,2023,38,-10.372208,0.0,0.0
Brandon League,3731,2023,40,-10.732724,0.0,0.0
Cesar Jimenez,3762,2023,38,-10.347893,0.0,0.0
Felipe Paulino,3777,2023,39,-10.534823,0.0,0.0
Ricky Nolasco,3830,2023,40,-10.732724,0.0,0.0
Zach Duke,3840,2023,40,-10.732724,0.0,0.0
Brett Oberholtzer,3855,2023,33,-9.223616,0.0,0.0
Rubby de la Rosa,3862,2023,34,-9.468733,0.0,0.0
Ethan Martin,3877,2023,34,-9.502404,0.0,0.0
Casey Fien,3926,2023,39,-10.557584,0.0,0.0
David Carpenter,3959,2023,37,-10.173969,0.0,0.0
Edward Mujica,3970,2023,39,-10.557584,0.0,0.0
Allen Webster,3993,2023,33,-9.223616,0.0,0.0
Josh Outman,4004,2023,38,-10.372208,0.0,0.0
Eury De la Rosa,4055,2023,33,-9.223616,0.0,0.0
Brian Duensing,4064,2023,40,-10.732724,0.0,0.0
Pedro Strop,4070,2023,38,-10.372208,0.0,0.0
Junichi Tazawa,4079,2023,37,-10.173969,0.0,0.0
Erik Cordier,4086,2023,37,-10.224803,0.0,0.0
James Russell,4089,2023,37,-10.173969,0.0,0.0
Luke Gregerson,4090,2023,39,-10.557584,0.0,0.0
Derek Holland,4141,2023,36,-9.959638,0.0,0.0
Wilton Lopez,4227,2023,39,-10.557584,0.0,0.0
Jered Weaver,4235,2023,40,-10.732724,0.0,0.0
Brad Lincoln,4241,2023,38,-10.372208,0.0,0.0
Mark Melancon,4264,2023,38,-10.372208,0.0,0.0
Manny Parra,4279,2023,40,-10.732724,0.0,0.0
Matt Albers,4300,2023,40,-10.732724,0.0,0.0
Justin Wilson,4301,2023,35,-9.725974,0.0,0.0
Aaron Poreda,4313,2023,36,-9.905512,0.0,0.0
Kyle Drabek,4359,2023,35,-9.725974,0.0,0.0
Craig Breslow,4363,2023,42,-11.043246,0.0,0.0
Joe Saunders,4366,2023,42,-11.043246,0.0,0.0
Jeremy Hellickson,4371,2023,36,-9.959638,0.0,0.0
Brad Mills,4420,2023,38,-10.346795,0.0,0.0
Josh Wall,4436,2023,36,-9.959638,0.0,0.0
Pedro Hernandez,4578,2023,34,-9.468733,0.0,0.0
Matt Lindstrom,4604,2023,43,-11.18077,0.0,0.0
Bobby Korecky,4608,2023,43,-11.1409445,0.0,0.0
Jason Pridie,4611,2023,39,-10.088142,0.0,0.0
Joe Thatcher,4620,2023,41,-10.894159,0.0,0.0
Sam LeCure,4664,2023,39,-10.557584,0.0,0.0
Pat Neshek,4682,2023,42,-11.043246,0.0,0.0
Jeff Francis,4684,2023,42,-11.043246,0.0,0.0
Nate Jones,4696,2023,37,-10.173969,0.0,0.0
Sergio Santos,4734,2023,39,-10.557584,0.0,0.0
Donnie Veal,4741,2023,38,-10.372208,0.0,0.0
Jonathan Broxton,4759,2023,39,-10.557584,0.0,0.0
Felix Hernandez,4772,2023,37,-10.173969,0.0,0.0
Matt Shoemaker,4776,2023,36,-9.986899,0.0,0.0
Vinnie Pestano,4782,2023,38,-10.372208,0.0,0.0
Rich Hill,4806,2023,43,-11.18077,0.0,0.0
Brandon Maurer,4878,2023,32,-8.915934,0.0,0.0
Scott Kazmir,4897,2023,39,-10.533858,0.0,0.0
Justin De Fratus,4955,2023,35,-9.725974,0.0,0.0
Fernando Salas,4971,2023,38,-10.372208,0.0,0.0
Fernando Abad,4994,2023,37,-10.173969,0.0,0.0
Jake Diekman,5003,2023,36,-9.959638,0.0,0.0
Bo Schultz,5028,2023,37,-10.224803,0.0,0.0
Dale Thayer,5032,2023,42,-11.043246,0.0,0.0
Josh Fields,5070,2023,37,-10.199556,0.0,0.0
Evan Meek,5109,2023,40,-10.711578,0.0,0.0
Alfredo Aceves,5164,2023,40,-10.732724,0.0,0.0
C.C. Lee,5177,2023,36,-9.986899,0.0,0.0
Ernesto Frieri,5178,2023,37,-10.173969,0.0,0.0
Mike Pelfrey,5203,2023,39,-10.557584,0.0,0.0
Chris Perez,5213,2023,37,-10.173969,0.0,0.0
Wade LeBlanc,5221,2023,38,-10.372208,0.0,0.0
Blake Parker,5224,2023,38,-10.372208,0.0,0.0
Rudy Owens,5226,2023,35,-9.781028,0.0,0.0
Vin Mazzaro,5231,2023,36,-9.959638,0.0,0.0
Jose Alvarez,5358,2023,34,-9.502404,0.0,0.0
Phillippe Aumont,5362,2023,34,-9.468733,0.0,0.0
Michael Pineda,5372,2023,34,-9.462277,0.0,0.0
Jorge De Leon,5397,2023,35,-9.7561,0.0,0.0
Pedro Baez,5420,2023,35,-9.781028,0.0,0.0
Jesse Chavez,5448,2023,39,-10.557584,0.0,0.0
Arodys Vizcaino,5498,2023,32,-8.879558,0.0,0.0
Dana Eveland,5508,2023,39,-10.534823,0.0,0.0
Boone Logan,5525,2023,38,-10.372208,0.0,0.0
Maikel Cleto,5529,2023,34,-9.468733,0.0,0.0
Phil Coke,5535,2023,40,-10.732724,0.0,0.0
Matt Harrison,5551,2023,37,-10.173969,0.0,0.0
Tyler Clippard,5640,2023,38,-10.372208,0.0,0.0
Brooks Brown,5679,2023,38,-10.422104,0.0,0.0
Josh Lueke,5722,2023,38,-10.372208,0.0,0.0
Eric O'Flaherty,5746,2023,38,-10.372208,0.0,0.0
Jorge Rondon,5791,2023,35,-9.781028,0.0,0.0
Jason Motte,5861,2023,41,-10.877934,0.0,0.0
Danny Salazar,5867,2023,33,-9.223616,0.0,0.0
Gonzalez Germen,5876,2023,35,-9.7561,0.0,0.0
Darin Downs,5903,2023,38,-10.372208,0.0,0.0
Sean Marshall,5905,2023,40,-10.732724,0.0,0.0
Wesley Wright,5960,2023,38,-10.372208,0.0,0.0
Jonathan Papelbon,5975,2023,42,-11.043246,0.0,0.0
Francisley Bueno,5980,2023,42,-11.043246,0.0,0.0
Kelvin Herrera,6033,2023,33,-9.186039,0.0,0.0
Matt Pagnozzi,6046,2023,40,-10.387349,0.0,0.0
Joe Wieland,6109,2023,33,-9.203544,0.0,0.0
Juan Jaime,6127,2023,35,-9.781028,0.0,0.0
Scott Baker,6176,2023,41,-10.873586,0.0,0.0
Dellin Betances,6216,2023,35,-9.704279,0.0,0.0
Tom Gorzelanny,6244,2023,40,-10.732724,0.0,0.0
Scott Feldman,6283,2023,40,-10.732724,0.0,0.0
Esmil Rogers,6317,2023,37,-10.173969,0.0,0.0
Al Alburquerque,6324,2023,37,-10.173969,0.0,0.0
Ryan Feierabend,6336,2023,37,-10.020621,0.0,0.0
Chris Archer,6345,2023,34,-9.472035,0.0,0.0
Henry Rodriguez,6371,2023,36,-9.959638,0.0,0.0
Trevor May,6398,2023,33,-9.246513,0.0,0.0
Jose Cisnero,6399,2023,34,-9.502404,0.0,0.0
Kevin Jepsen,6475,2023,38,-10.372208,0.0,0.0
Steve Cishek,6483,2023,37,-10.173969,0.0,0.0
Brian Wilson,6485,2023,41,-10.894159,0.0,0.0
Donnie Joseph,6491,2023,35,-9.7561,0.0,0.0
Blaine Hardy,6499,2023,36,-10.01254,0.0,0.0
Josh Zeid,6527,2023,36,-9.986899,0.0,0.0
Pat McCoy,6605,2023,34,-9.525806,0.0,0.0
Marc Rzepczynski,6612,2023,37,-10.173969,0.0,0.0
Pedro Figueroa,6616,2023,37,-10.173969,0.0,0.0
Brad Brach,6627,2023,37,-10.173969,0.0,0.0
Carlos Carrasco,6632,2023,36,-9.937096,0.0,0.0
Jim Henderson,6653,2023,40,-10.732724,0.0,0.0
Craig Kimbrel,6655,2023,35,-9.725974,0.0,0.0
Alex Colome,6661,2023,34,-9.502404,0.0,0.0
Luke Putkonen,6736,2023,37,-10.173969,0.0,0.0
Cesar Cabral,6741,2023,34,-9.502404,0.0,0.0
Andrew Miller,6785,2023,38,-10.372208,0.0,0.0
Sam Freeman,6832,2023,36,-9.959638,0.0,0.0
Jeff Manship,6865,2023,38,-10.372208,0.0,0.0
Martin Perez,6902,2023,32,-8.87686,0.0,0.0
Joakim Soria,6941,2023,39,-10.533858,0.0,0.0
Yohan Pino,6955,2023,39,-10.604552,0.0,0.0
Drew Storen,6983,2023,35,-9.725974,0.0,0.0
Luis Garcia,6984,2023,36,-9.986899,0.0,0.0
Ryan Pressly,7005,2023,34,-9.502404,0.0,0.0
Alex Torres,7038,2023,35,-9.704279,0.0,0.0
Eric Fornataro,7042,2023,35,-9.781028,0.0,0.0
Trevor Bell,7074,2023,36,-9.897955,0.0,0.0
John Lannan,7080,2023,38,-10.372208,0.0,0.0
Jonathan Pettibone,7106,2023,32,-8.915934,0.0,0.0
Daniel Hudson,7146,2023,36,-9.953006,0.0,0.0
Chris Withrow,7161,2023,34,-9.502404,0.0,0.0
Ryan Mattheus,7169,2023,39,-10.557584,0.0,0.0
B.J. Rosenberg,7183,2023,37,-10.173969,0.0,0.0
Greg Holland,7196,2023,37,-10.173969,0.0,0.0
Nick Masset,7267,2023,41,-10.85925,0.0,0.0
Brad Ziegler,7293,2023,43,-11.18077,0.0,0.0
Preston Guilmet,7303,2023,35,-9.7561,0.0,0.0
Casey Janssen,7355,2023,41,-10.894159,0.0,0.0
Dan Otero,7385,2023,38,-10.372208,0.0,0.0
Javy Guerra,7407,2023,37,-10.173969,0.0,0.0
J.A. Happ,7410,2023,40,-10.732724,0.0,0.0
Austin Adams,7411,2023,36,-10.01254,0.0,0.0
Mark Lowe,7416,2023,40,-10.732724,0.0,0.0
Bradin Hagens,7422,2023,34,-9.525806,0.0,0.0
Wade Davis,7441,2023,37,-10.173969,0.0,0.0
Jim Miller,7458,2023,41,-10.894159,0.0,0.0
Anthony Swarzak,7466,2023,37,-10.173969,0.0,0.0
Ryan Webb,7474,2023,37,-10.173969,0.0,0.0
Scott Elbert,7489,2023,37,-10.146688,0.0,0.0
Tommy Layne,7501,2023,38,-10.372208,0.0,0.0
Evan Scribner,7525,2023,37,-10.173969,0.0,0.0
Collin McHugh,7531,2023,36,-9.959638,0.0,0.0
Lucas Harrell,7541,2023,38,-10.372208,0.0,0.0
Jake McGee,7550,2023,36,-9.959638,0.0,0.0
Jarrett Grube,7553,2023,41,-10.923647,0.0,0.0
Nick Vincent,7555,2023,36,-9.959638,0.0,0.0
Fernando Rodriguez,7558,2023,39,-10.534823,0.0,0.0
Tommy Milone,7608,2023,36,-9.959638,0.0,0.0
Chris Leroux,7645,2023,39,-10.557584,0.0,0.0
Neil Ramirez,7677,2023,34,-9.525806,0.0,0.0
Bobby LaFromboise,7758,2023,37,-10.199556,0.0,0.0
Yoslan Herrera,7759,2023,42,-10.957738,0.0,0.0
Shawn Kelley,7773,2023,39,-10.557584,0.0,0.0
Hunter Strickland,7836,2023,34,-9.525806,0.0,0.0
Jerry Blevins,7841,2023,39,-10.557584,0.0,0.0
Josh Lindblom,7882,2023,36,-9.959638,0.0,0.0
Matt Daley,7952,2023,41,-10.873586,0.0,0.0
Matt West,7980,2023,34,-9.525806,0.0,0.0
Anthony Bass,7982,2023,35,-9.576929,0.0,0.0
Ramon Ramirez,7986,2023,41,-10.894159,0.0,0.0
Paul Clemens,8037,2023,35,-9.7561,0.0,0.0
Glen Perkins,8041,2023,40,-10.732724,0.0,0.0
Jason Vargas,8044,2023,40,-10.732724,0.0,0.0
Will Smith,8048,2023,33,-9.186039,0.0,0.0
Dan Jennings,8073,2023,36,-9.959638,0.0,0.0
Stephen Fife,8077,2023,36,-9.959638,0.0,0.0
Bryan Shaw,8110,2023,35,-9.725974,0.0,0.0
Neil Wagner,8162,2023,39,-10.533858,0.0,0.0
Kevin Siegrist,8180,2023,33,-9.223616,0.0,0.0
Steven Wright,8185,2023,38,-10.396854,0.0,0.0
David Robertson,8241,2023,38,-10.372208,0.0,0.0
J.P. Howell,8245,2023,40,-10.732724,0.0,0.0
Billy Buckner,8253,2023,39,-10.511336,0.0,0.0
Huston Street,8258,2023,39,-10.557584,0.0,0.0
Casey Coleman,8270,2023,35,-9.6919775,0.0,0.0
Tony Sipp,8280,2023,39,-10.557584,0.0,0.0
Lucas Luetge,8337,2023,36,-9.959638,0.0,0.0
Jared Burton,8346,2023,42,-11.043246,0.0,0.0
AJ Ramos,8350,2023,36,-9.959638,0.0,0.0
Troy Patton,8368,2023,37,-10.173969,0.0,0.0
Steve Geltz,8402,2023,35,-9.7337265,0.0,0.0
Alfredo Figaro,8404,2023,38,-10.326903,0.0,0.0
Bryan Price,8436,2023,36,-10.01254,0.0,0.0
Danny Farquhar,8501,2023,36,-9.937096,0.0,0.0
Jeff Beliveau,8504,2023,36,-9.959638,0.0,0.0
Michael Kohn,8505,2023,37,-10.150661,0.0,0.0
Rob Wooten,8532,2023,37,-10.199556,0.0,0.0
Justin Miller,8580,2023,36,-10.01254,0.0,0.0
Dustin McGowan,8600,2023,41,-10.873586,0.0,0.0
Wilking Rodriguez,8801,2023,33,-9.246513,0.0,0.0
Ryan Cook,8855,2023,36,-9.959638,0.0,0.0
David Martinez,8893,2023,35,-9.7561,0.0,0.0
Arquimedes Caminero,8992,2023,36,-9.986899,0.0,0.0
Adam Warren,9029,2023,35,-9.725974,0.0,0.0
John Axford,9059,2023,40,-10.732724,0.0,0.0
Kirby Yates,9073,2023,36,-10.01254,0.0,0.0
Zach Putnam,9080,2023,35,-9.725974,0.0,0.0
T.J. House,9121,2023,33,-9.246513,0.0,0.0
Charlie Leesman,9124,2023,36,-9.986899,0.0,0.0
Sean O'Sullivan,9137,2023,35,-9.704279,0.0,0.0
Lester Oliveros,9167,2023,35,-9.6919775,0.0,0.0
Kyle Lobstein,9178,2023,33,-9.246513,0.0,0.0
Vic Black,9195,2023,35,-9.7561,0.0,0.0
Koji Uehara,9227,2023,48,-11.794705,0.0,0.0
Alex Wilson,9239,2023,36,-9.986899,0.0,0.0
David Carpenter,9244,2023,35,-9.725974,0.0,0.0
Ryan Dennick,9261,2023,36,-10.01254,0.0,0.0
Rob Scahill,9286,2023,36,-9.959638,0.0,0.0
Dylan Axelrod,9303,2023,37,-10.173969,0.0,0.0
Jared Hughes,9325,2023,37,-10.173969,0.0,0.0
Brandon Morrow,9346,2023,38,-10.372208,0.0,0.0
Josh Tomlin,9388,2023,38,-10.372208,0.0,0.0
John Holdzkom,9392,2023,35,-9.781028,0.0,0.0
Zac Rosscup,9419,2023,35,-9.7561,0.0,0.0
Ryan Buchter,9456,2023,36,-10.01254,0.0,0.0
George Kontos,9486,2023,38,-10.372208,0.0,0.0
Phil Irwin,9489,2023,36,-9.986899,0.0,0.0
Jeremy Jeffress,9490,2023,35,-9.725974,0.0,0.0
Jose Ortega,9651,2023,34,-9.468733,0.0,0.0
Louis Coleman,9720,2023,37,-10.173969,0.0,0.0
Burke Badenhop,9736,2023,40,-10.732724,0.0,0.0
Rex Brothers,9794,2023,35,-9.725974,0.0,0.0
Miles Mikolas,9803,2023,34,-9.468733,0.0,0.0
Sergio Romo,9817,2023,40,-10.732724,0.0,0.0
Chaz Roe,9866,2023,36,-9.986899,0.0,0.0
Bryan Anderson,9871,2023,36,-10.052672,0.0,0.0
Michael Kirkman,9877,2023,36,-9.959638,0.0,0.0
Chris Rusin,9895,2023,36,-9.959638,0.0,0.0
Bobby Parnell,9926,2023,38,-10.372208,0.0,0.0
Brandon Kintzler,9939,2023,38,-10.372208,0.0,0.0
Todd Redmond,9943,2023,38,-10.372208,0.0,0.0
Mike Dunn,9948,2023,38,-10.372208,0.0,0.0
Tom Wilhelmsen,9975,2023,39,-10.557584,0.0,0.0
Taylor Thompson,10019,2023,36,-10.01254,0.0,0.0
Ian Krol,10066,2023,32,-8.915934,0.0,0.0
Caleb Thielbar,10078,2023,36,-9.986899,0.0,0.0
Keith Butler,10080,2023,34,-9.502404,0.0,0.0
Dane de la Rosa,10095,2023,40,-10.732724,0.0,0.0
Brad Boxberger,10133,2023,35,-9.725974,0.0,0.0
Aaron Crow,10149,2023,36,-9.959638,0.0,0.0
Jose Ramirez,10171,2023,33,-9.246513,0.0,0.0
Melvin Mercedes,10181,2023,32,-8.938579,0.0,0.0
Tyler Skaggs,10190,2023,31,-8.538556,0.0,0.0
Aroldis Chapman,10233,2023,35,-9.725974,0.0,0.0
Bryan Morris,10234,2023,36,-9.959638,0.0,0.0
Alexi Ogando,10261,2023,39,-10.557584,0.0,0.0
Justin Marks,10265,2023,35,-9.781028,0.0,0.0
Tanner Scheppers,10267,2023,36,-9.959638,0.0,0.0
Chris Heston,10302,2023,35,-9.781028,0.0,0.0
Roman Mendez,10307,2023,32,-8.938579,0.0,0.0
Erasmo Ramirez,10314,2023,33,-9.186039,0.0,0.0
Michael Tonkin,10315,2023,33,-9.223616,0.0,0.0
Chad Jenkins,10326,2023,35,-9.725974,0.0,0.0
Nick Christiani,10332,2023,35,-9.7561,0.0,0.0
Edwin Escobar,10337,2023,31,-8.600501,0.0,0.0
Aaron Loup,10343,2023,35,-9.725974,0.0,0.0
Carlos Contreras,10386,2023,32,-8.938579,0.0,0.0
Wilfredo Tovar,10416,2023,31,-8.876334,0.0,0.0
Shawn Tolleson,10481,2023,35,-9.725974,0.0,0.0
Yoervis Medina,10498,2023,34,-9.502404,0.0,0.0
Preston Claiborne,10500,2023,35,-9.7561,0.0,0.0
Mario Hollands,10504,2023,34,-9.525806,0.0,0.0
Jake Petricka,10534,2023,35,-9.7561,0.0,0.0
Daniel Webb,10558,2023,33,-9.223616,0.0,0.0
Addison Reed,10586,2023,34,-9.468733,0.0,0.0
Chad Bettis,10587,2023,34,-9.502404,0.0,0.0
Chris Sale,10603,2023,34,-9.468733,0.0,0.0
Seth Rosin,10606,2023,34,-9.525806,0.0,0.0
Stephen Pryor,10663,2023,33,-9.186039,0.0,0.0
Red Patterson,10710,2023,36,-10.01254,0.0,0.0
Trevor Rosenthal,10745,2023,33,-9.186039,0.0,0.0
Shane Greene,10756,2023,34,-9.525806,0.0,0.0
Josh Edgin,10796,2023,36,-9.959638,0.0,0.0
Jake Dunning,10803,2023,34,-9.502404,0.0,0.0
Mike Foltynewicz,10811,2023,31,-8.600501,0.0,0.0
Michael Mariot,10835,2023,34,-9.525806,0.0,0.0
Chasen Shreve,10855,2023,32,-8.938579,0.0,0.0
Jake Buchanan,10962,2023,33,-9.246513,0.0,0.0
Ben Rowen,10983,2023,34,-9.525806,0.0,0.0
C.J. Riefenhauser,11193,2023,33,-9.246513,0.0,0.0
Casey Sadler,11209,2023,32,-8.938579,0.0,0.0
Kevin Chapman,11240,2023,35,-9.7561,0.0,0.0
Aaron Barrett,11243,2023,35,-9.781028,0.0,0.0
Rob Rasmussen,11250,2023,34,-9.525806,0.0,0.0
Logan Darnell,11261,2023,34,-9.525806,0.0,0.0
Lisalverto Bonilla,11266,2023,33,-9.246513,0.0,0.0
Sean Nolin,11341,2023,33,-9.223616,0.0,0.0
A.J. Achter,11387,2023,34,-9.525806,0.0,0.0
Drew Pomeranz,11426,2023,34,-9.468733,0.0,0.0
Brandon Workman,11428,2023,34,-9.502404,0.0,0.0
Bryan Mitchell,11479,2023,32,-8.938579,0.0,0.0
Aaron Sanchez,11490,2023,30,-8.226468,0.0,0.0
Jose Dominguez,11571,2023,32,-8.915934,0.0,0.0
Mike Kickham,11618,2023,34,-9.502404,0.0,0.0
Heath Hembree,11632,2023,34,-9.502404,0.0,0.0
Sam Dyson,11710,2023,35,-9.725974,0.0,0.0
Erik Goeddel,11712,2023,34,-9.525806,0.0,0.0
Justin Grimm,11720,2023,34,-9.468733,0.0,0.0
Kyle Ryan,11753,2023,31,-8.600501,0.0,0.0
Drew Smyly,11760,2023,34,-9.468733,0.0,0.0
Hector Neris,11804,2023,34,-9.525806,0.0,0.0
Steve Delabar,11827,2023,39,-10.557584,0.0,0.0
James Paxton,11828,2023,34,-9.502404,0.0,0.0
Taijuan Walker,11836,2023,30,-8.206678,0.0,0.0
Chris Martin,11847,2023,37,-10.224803,0.0,0.0
Brett Bochy,11867,2023,35,-9.781028,0.0,0.0
Scott Snodgress,12020,2023,33,-9.246513,0.0,0.0
Brian Flynn,12027,2023,33,-9.223616,0.0,0.0
Yimi Garcia,12095,2023,32,-8.938579,0.0,0.0
Matt Stites,12165,2023,33,-9.246513,0.0,0.0
Cody Allen,12183,2023,34,-9.468733,0.0,0.0
Aaron Brooks,12272,2023,33,-9.246513,0.0,0.0
Leonel Campos,12277,2023,35,-9.781028,0.0,0.0
Evan Marshall,12297,2023,33,-9.246513,0.0,0.0
Chris Bassitt,12304,2023,34,-9.525806,0.0,0.0
Kevin Quackenbush,12360,2023,34,-9.525806,0.0,0.0
Spencer Patton,12361,2023,35,-9.781028,0.0,0.0
Drew Rucinski,12499,2023,34,-9.525806,0.0,0.0
Erik Johnson,12520,2023,33,-9.223616,0.0,0.0
Nick Maronde,12530,2023,33,-9.186039,0.0,0.0
Nathan Karns,12638,2023,35,-9.7561,0.0,0.0
Roenis Elias,12673,2023,34,-9.525806,0.0,0.0
Phil Klein,12675,2023,34,-9.525806,0.0,0.0
Trevor Bauer,12703,2023,32,-8.87686,0.0,0.0
Nick Martinez,12730,2023,32,-8.938579,0.0,0.0
Sonny Gray,12768,2023,33,-9.223616,0.0,0.0
Jairo Diaz,12774,2023,32,-8.938579,0.0,0.0
Carter Capps,12803,2023,32,-8.87686,0.0,0.0
Matt Barnes,12863,2023,33,-9.246513,0.0,0.0
Alex Claudio,12890,2023,31,-8.600501,0.0,0.0
Ken Giles,12910,2023,32,-8.938579,0.0,0.0
Wei-Yin Chen,13071,2023,37,-10.173969,0.0,0.0
Frank Garces,13144,2023,33,-9.246513,0.0,0.0
Carson Smith,13172,2023,33,-9.246513,0.0,0.0
Danny Coulombe,13293,2023,33,-9.246513,0.0,0.0
Cam Bedrosian,13360,2023,31,-8.600501,0.0,0.0
Paco Rodriguez,13398,2023,32,-8.87686,0.0,0.0
R.J. Alvarez,13401,2023,32,-8.938579,0.0,0.0
Drew VerHagen,13424,2023,32,-8.938579,0.0,0.0
Marcus Stroman,13431,2023,32,-8.938579,0.0,0.0
Mike Morin,13442,2023,32,-8.938579,0.0,0.0
Daniel Norris,13475,2023,30,-8.226468,0.0,0.0
Sam Tuivailala,13485,2023,30,-8.226468,0.0,0.0
Chad Smith,13604,2023,33,-9.246513,0.0,0.0
Michael Roth,13736,2023,33,-9.223616,0.0,0.0
Dominic Leone,13763,2023,31,-8.600501,0.0,0.0
Ian Thomas,13881,2023,36,-10.01254,0.0,0.0
Kevin Gausman,14107,2023,32,-8.915934,0.0,0.0
Shae Simmons,14200,2023,32,-8.938579,0.0,0.0
Dario Alvarez,14239,2023,34,-9.525806,0.0,0.0
Wei-Chung Wang,14382,2023,31,-8.600501,0.0,0.0
Kyuji Fujikawa,14443,2023,42,-11.048232,0.0,0.0
Buck Farmer,14814,2023,32,-8.938579,0.0,0.0
Corey Knebel,15010,2023,31,-8.600501,0.0,0.0
Kyle Crockett,15033,2023,31,-8.600501,0.0,0.0
Kendall Graveman,15514,2023,32,-8.938579,0.0,0.0
Miguel Gonzalez,15675,2023,36,-10.01254,0.0,0.0
Brandon Finnegan,16208,2023,30,-8.226468,0.0,0.0
Avisail Garcia,5760,2023,32,-6.99505,0.0,0.0
David Murphy,6035,2023,41,-10.327304,0.0,0.0
Jeff Baker,2073,2023,42,-11.244526,0.0,0.0
Zach Walters,10622,2023,33,-9.141916,0.0,0.0
Geovany Soto,3707,2023,40,-10.676765,0.0,0.0
Brad Snyder,6052,2023,41,-10.953375,0.0,0.0
Reid Brignac,8380,2023,37,-9.704165,0.0,0.0
Brayan Pena,3231,2023,41,-10.051615,0.0,0.0
Daniel Descalso,8392,2023,36,-8.514291,0.0,0.0
Xavier Nady,1658,2023,44,-11.795115,0.0,0.0
Michael A. Taylor,11489,2023,32,-9.250156,0.0,0.0
Adam Moore,9362,2023,39,-10.207157,0.0,0.0
Jake Goebbert,9431,2023,35,-5.3757076,0.0,0.0
Elian Herrera,5432,2023,38,-7.8867292,0.0,0.0
Steve Clevenger,9542,2023,37,-10.743134,0.0,0.0
Steven Souza Jr.,5667,2023,34,-10.081039,0.0,0.0
Chris Valaika,1165,2023,37,-9.914094,0.0,0.0
Dan Butler,9968,2023,36,-10.539458,0.0,0.0
Logan Forsythe,7185,2023,36,-9.337107,0.0,0.0
Wil Myers,10047,2023,32,-5.2415915,0.0,0.0
Jedd Gyorko,10816,2023,34,-9.050402,0.0,0.0
J.T. Realmuto,11739,2023,32,-9.598973,0.0,0.0
Moises Sierra,6050,2023,34,-8.528144,0.0,0.0
Ian Stewart,5950,2023,38,-7.3791366,0.0,0.0
Xavier Scruggs,7409,2023,35,-10.311339,0.0,0.0
Christian Walker,13419,2023,32,-3.0602126,0.0,0.0
Joaquin Arias,3817,2023,38,-9.580496,0.0,0.0
Yolmer Sanchez,11602,2023,31,-7.416219,0.0,0.0
Jason Bourgeois,2225,2023,41,-9.503052,0.0,0.0
Andy Marte,3203,2023,39,-9.205026,0.0,0.0
Tuffy Gosewisch,5277,2023,39,-11.075319,0.0,0.0
Freddy Galvis,6609,2023,33,-5.637508,0.0,0.0
Austin Romine,5491,2023,34,-9.985003,0.0,0.0
Carlos Triunfel,193,2023,33,-9.148377,0.0,0.0
Dean Anna,8353,2023,36,-8.5608635,0.0,0.0
Justin Sellers,4006,2023,37,-9.722873,0.0,0.0
Vince Belnome,8126,2023,35,-9.781028,0.0,0.0
Curt Casali,12510,2023,34,-9.984269,0.0,0.0
Raffy Lopez,12606,2023,35,-9.781028,0.0,0.0
Jake Elmore,7290,2023,36,-8.428323,0.0,0.0
Luis Jimenez,6341,2023,35,-8.059081,0.0,0.0
Danny Worth,198,2023,37,-9.45204,0.0,0.0
Hector Gomez,2264,2023,35,-5.7084827,0.0,0.0
Jorge De La Rosa,2047,2023,42,-11.043246,0.0,0.0
Alfredo Simon,2155,2023,42,-11.043246,0.0,0.0
Johnny Cueto,6893,2023,37,-10.173969,0.0,0.0
Franklin Morales,5088,2023,37,-10.173969,0.0,0.0
Brandon McCarthy,4662,2023,39,-10.557584,0.0,0.0
Kyle Lohse,739,2023,44,-11.308574,0.0,0.0
Ervin Santana,3200,2023,40,-10.732724,0.0,0.0
Gio Gonzalez,7448,2023,37,-10.173969,0.0,0.0
Jeff Locke,2929,2023,35,-9.725974,0.0,0.0
Francisco Liriano,3201,2023,39,-10.557584,0.0,0.0
Trevor Cahill,6249,2023,35,-9.725974,0.0,0.0
Yohan Flande,5057,2023,37,-10.224803,0.0,0.0
Mat Latos,3815,2023,35,-9.749141,0.0,0.0
Gavin Floyd,3886,2023,40,-10.732724,0.0,0.0
Tim Lincecum,5705,2023,39,-10.557584,0.0,0.0
Mike Bolsinger,11137,2023,35,-9.781028,0.0,0.0
Brett Jackson,9632,2023,34,-9.24875,0.0,0.0
Tyler Chatwood,4338,2023,33,-9.186039,0.0,0.0
Jesse Hahn,13287,2023,33,-9.246513,0.0,0.0
Joey Butler,7799,2023,37,-9.868331,0.0,0.0
Vidal Nuno,9674,2023,35,-9.7561,0.0,0.0
Tsuyoshi Wada,13046,2023,42,-11.060905,0.0,0.0
Mike Baxter,4464,2023,38,-10.639405,0.0,0.0
David Hale,9756,2023,35,-9.7561,0.0,0.0
Jamey Wright,715,2023,48,-11.794705,0.0,0.0
R.A. Dickey,1245,2023,48,-11.803824,0.0,0.0
Rick Porcello,2717,2023,34,-9.468733,0.0,0.0
Danny Duffy,3542,2023,34,-9.468733,0.0,0.0
Carlos Frias,3547,2023,33,-9.246513,0.0,0.0
Jon Lester,4930,2023,39,-10.557584,0.0,0.0
Tony Abreu,5053,2023,38,-10.364717,0.0,0.0
Chris Tillman,5279,2023,35,-9.725974,0.0,0.0
Brad Peacock,5401,2023,35,-9.704279,0.0,0.0
Jair Jurrjens,5556,2023,37,1.7869586,0.0,2.719066858291626
Jose Constanza,6003,2023,39,-8.789281,0.0,0.0
David Phelps,6316,2023,36,-9.959638,0.0,0.0
Stolmy Pimentel,6415,2023,33,-9.223616,0.0,0.0
Chase d'Arnaud,6652,2023,36,-4.064815,0.0,0.0
Miguel Gonzalez,7024,2023,39,-10.557584,0.0,0.0
Phil Hughes,7450,2023,37,-10.173969,0.0,0.0
Carlos Torres,7624,2023,40,-10.732724,0.0,0.0
David Holmberg,7725,2023,31,-8.579487,0.0,0.0
Matt Hague,7772,2023,37,-9.917075,0.0,0.0
Jaff Decker,7945,2023,33,-9.096117,0.0,0.0
Guillermo Quiroz,7989,2023,41,-11.196172,0.0,0.0
Nick Greenwood,8182,2023,35,-9.781028,0.0,0.0
Cord Phelps,8631,2023,36,-10.326735,0.0,0.0
Ali Solis,8848,2023,35,-9.7337265,0.0,0.0
Garrett Richards,9784,2023,35,-9.725974,0.0,0.0
Kevin Slowey,9918,2023,39,-10.533858,0.0,0.0
Lane Adams,10767,2023,33,-7.34014,0.0,0.0
Eric Jokisch,11157,2023,33,-9.246513,0.0,0.0
Aaron Altherr,11270,2023,32,-8.938579,0.0,0.0
Tommy Kahnle,11384,2023,33,-9.246513,0.0,0.0
Jose Quintana,11423,2023,34,-9.468733,0.0,0.0
Anthony Ranaudo,11424,2023,33,-9.246513,0.0,0.0
Rafael Montero,12760,2023,32,-8.938579,0.0,0.0
Eddie Butler,13453,2023,32,-8.938579,0.0,0.0
Matthew Clark,8793,2023,36,-10.322528,0.0,0.0
C.J. Cron,12546,2023,33,-9.835993,0.0,0.0
Kurt Suzuki,8259,2023,39,-10.765448,0.0,0.0
Eric Hosmer,3516,2023,33,-8.370185,0.0,0.0
Ryan Howard,2154,2023,43,-11.610266,0.0,0.0
Bobby Abreu,945,2023,49,-11.265217,0.0,0.0
Lyle Overbay,1617,2023,46,-11.31842,0.0,0.0
Grant Green,10053,2023,35,-8.684911,0.0,0.0
Alex Presley,5305,2023,37,-6.851448,0.0,0.0
Don Kelly,2216,2023,43,-9.029779,0.0,0.0
Gordon Beckham,9015,2023,36,-9.657809,0.0,0.0
Justin Smoak,9054,2023,36,-10.317863,0.0,0.0
Cole Gillespie,5888,2023,39,-7.6883125,0.0,0.0
Donnie Murphy,4704,2023,40,-10.010374,0.0,0.0
Adam Duvall,10950,2023,34,-5.1095824,0.0,0.0
Roger Bernadina,6421,2023,39,-8.672687,0.0,0.0
Jerry Sands,4016,2023,35,-10.115709,0.0,0.0
Koyie Hill,1829,2023,44,-11.416394,0.0,0.0
Tyler Pastornicky,6777,2023,33,-8.165909,0.0,0.0
Logan Schafer,7937,2023,36,-6.7253094,0.0,0.0
Zelous Wheeler,8822,2023,36,-10.455984,0.0,0.0
Omar Quintanilla,6335,2023,41,-11.164852,0.0,0.0
Yorman Rodriguez,9922,2023,30,-7.391564,0.0,0.0
Jack Hannahan,3692,2023,43,-11.365695,0.0,0.0
John McDonald,395,2023,48,-11.532383,0.0,0.0
Taylor Teagarden,5199,2023,39,-10.609333,0.0,0.0
Brent Morel,6402,2023,36,-8.325794,0.0,0.0
Sandy Leon,5273,2023,34,-9.927168,0.0,0.0
Rafael Furcal,88,2023,45,-10.151781,0.0,0.0
Jason Rogers,11773,2023,35,-9.781028,0.0,0.0
Brooks Conrad,3664,2023,43,-10.27392,0.0,0.0
Guilder Rodriguez,3412,2023,39,-9.77326,0.0,0.0
Ryan Roberts,5653,2023,42,-11.17841,0.0,0.0
Darin Mastroianni,7316,2023,37,-7.678498,0.0,0.0
Irving Falu,6165,2023,40,-9.202096,0.0,0.0
Marco Scutaro,1555,2023,47,-11.136563,0.0,0.0
Yovani Gallardo,8173,2023,37,-10.173969,0.0,0.0
Tanner Roark,8753,2023,36,-9.986899,0.0,0.0
Julio Teheran,6797,2023,32,-8.87686,0.0,0.0
Lance Lynn,2520,2023,36,-9.959638,0.0,0.0
Eric Stults,8011,2023,43,-11.18077,0.0,0.0
Zack Wheeler,10310,2023,33,-9.223616,0.0,0.0
Alex Wood,13781,2023,32,-8.915934,0.0,0.0
Vance Worley,6435,2023,35,-9.725974,0.0,0.0
Juan Nicasio,7731,2023,36,-9.959638,0.0,0.0
Alex Guerrero,15670,2023,36,-7.2927594,0.0,0.0
Cristhian Adames,6013,2023,31,-9.236767,0.0,0.0
Yusmeiro Petit,4020,2023,38,-10.372208,0.0,0.0
Mike Fiers,7754,2023,38,-10.372208,0.0,0.0
Christian Bergman,10925,2023,35,-9.781028,0.0,0.0
Ronny Cedeno,2179,2023,40,-10.400292,0.0,0.0
Carlos Villanueva,4138,2023,39,-10.557584,0.0,0.0
Alexi Casilla,5248,2023,38,-7.834261,0.0,0.0
Jenrry Mejia,8476,2023,33,-9.186039,0.0,0.0
Ryan Lavarnway,8879,2023,35,-10.277398,0.0,0.0
Carlos Gonzalez,7287,2023,37,-7.198438,0.0,0.0
Dan Johnson,2167,2023,43,-11.311112,0.0,0.0
Ryan Wheeler,9312,2023,34,-9.631299,0.0,0.0
Andrew Brown,3837,2023,38,-10.551665,0.0,0.0
Cesar Hernandez,10556,2023,33,-7.1580205,0.0,0.0
Chris Nelson,8175,2023,37,-8.479176,0.0,0.0
Miguel Olivo,1638,2023,44,-11.245729,0.0,0.0
Donald Lutz,10154,2023,34,-7.505026,0.0,0.0
Juan Centeno,7168,2023,33,-9.47951,0.0,0.0
Erisbel Arruebarrena,15809,2023,33,-6.223692,0.0,0.0
Caleb Gindl,5002,2023,34,-9.850271,0.0,0.0
Andrew Cashner,8782,2023,36,-9.449094,0.0,0.0
Kyle Parker,11763,2023,33,-8.7918825,0.0,0.0
Maikel Franco,12179,2023,30,-5.3923182,0.0,0.0
Elliot Johnson,4751,2023,39,-6.857599,0.0,0.0
Jeff Francoeur,4792,2023,39,-8.612036,0.0,0.0
Xavier Paul,5963,2023,38,-10.56089,0.0,0.0
Jamie Romak,5552,2023,37,-10.224803,0.0,0.0
Nathan Eovaldi,9132,2023,33,-9.186039,0.0,0.0
Brad Glenn,7392,2023,36,-10.5713,0.0,0.0
Doug Fister,9425,2023,39,-10.557584,0.0,0.0
Roberto Hernandez,3273,2023,42,-11.043246,0.0,0.0
Matt Garza,3340,2023,39,-10.557584,0.0,0.0
Tim Hudson,921,2023,47,-11.680212,0.0,0.0
Charlie Morton,4676,2023,39,-10.557584,0.0,0.0
Dillon Gee,7396,2023,37,-10.173969,0.0,0.0
Brad Hand,9111,2023,33,-9.186039,0.0,0.0
Michael Wacha,14078,2023,31,-8.579487,0.0,0.0
Odrisamer Despaigne,16017,2023,36,-10.01254,0.0,0.0
Jake Peavy,1051,2023,42,-11.043246,0.0,0.0
Josh Rutledge,11167,2023,34,-4.2442627,0.0,0.0
Prince Fielder,4613,2023,39,-10.99671,0.0,0.0
Ryan Ludwick,1260,2023,44,-11.380923,0.0,0.0
Grady Sizemore,2197,2023,40,-8.2698345,0.0,0.0
Jay Bruce,9892,2023,36,-3.9964583,0.0,0.41890209913253784
Jose Tabata,2411,2023,34,-9.224956,0.0,0.0
Ryan Kalish,6962,2023,35,-4.9171624,0.0,0.0
Logan Watkins,4875,2023,33,-4.3041997,0.0,0.0
Josh Thole,9689,2023,36,-9.668091,0.0,0.0
Eric Fryer,8145,2023,37,-7.7069454,0.0,0.0
John Buck,2041,2023,42,-10.905671,0.0,0.0
Roger Kieschnick,5225,2023,36,-7.783493,0.0,0.0
Mark Ellis,1443,2023,46,-8.939974,0.0,0.0
Alex Gonzalez,520,2023,46,-11.584828,0.0,0.0
Shane Robinson,4249,2023,38,-9.7836685,0.0,0.0
Josh Satin,6788,2023,38,-10.907888,0.0,0.0
Michael Martinez,7358,2023,40,-10.847007,0.0,0.0
Tim Federowicz,8609,2023,35,-9.53864,0.0,0.0
Chris Dominguez,9718,2023,36,-10.181831,0.0,0.0
Aaron Harang,1451,2023,45,-11.429891,0.0,0.0
Wily Peralta,7738,2023,34,-9.468733,0.0,0.0
Tom Koehler,6570,2023,37,-10.173969,0.0,0.0
Edinson Volquez,3990,2023,39,-10.557584,0.0,0.0
Chase Anderson,6895,2023,35,-9.781028,0.0,0.0
Mark Trumbo,6876,2023,37,-9.551044,0.0,0.0
Josmil Pinto,6806,2023,34,-9.764799,0.0,0.0
Carlos Beltran,589,2023,46,-10.908871,0.0,0.0
Billy Butler,7399,2023,37,-10.596384,0.0,0.0
Aaron Hill,6104,2023,41,-9.662005,0.0,0.0
Mitch Moreland,3086,2023,37,-10.759096,0.0,0.0
Adrian Nieto,10294,2023,33,-9.447209,0.0,0.0
Anthony Recker,4063,2023,39,-9.033318,0.0,0.0
Reed Johnson,1702,2023,46,-11.346311,0.0,0.0
Kevin Frandsen,7528,2023,41,-11.089869,0.0,0.0
Mike Olt,10698,2023,34,-9.3395605,0.0,0.0
Jason Giambi,818,2023,52,-12.644183,0.0,0.0
Jesus Guzman,3118,2023,39,-8.77373,0.0,0.0
Nick Ahmed,12147,2023,33,-8.556931,0.0,0.0
Brennan Boesch,914,2023,38,-5.514765,0.0,0.0
Juan Perez,5371,2023,36,-9.612857,0.0,0.0
Cameron Rupp,11146,2023,34,-9.987428,0.0,0.0
Daric Barton,5928,2023,37,-9.933728,0.0,0.0
Greg Dobbs,2158,2023,44,-11.555911,0.0,0.0
JB Shuck,6677,2023,36,-4.5367026,0.0,0.0
Andy Wilkins,11251,2023,34,-7.6182394,0.0,0.0
Eli Whiteside,3536,2023,43,-7.117165,0.0,0.0
Neftali Soto,5663,2023,34,-8.865194,0.0,0.0
Chris Colabello,13051,2023,39,-9.935353,0.0,0.0
Cody Ross,1760,2023,42,-10.767872,0.0,0.0
J.P. Arencibia,697,2023,37,-10.652975,0.0,0.0
Marc Krauss,7577,2023,35,-10.23498,0.0,0.0
Carlos Quentin,6274,2023,40,-11.295097,0.0,0.0
Rymer Liriano,4779,2023,32,-4.329837,0.0,0.0
Scott Hairston,1926,2023,43,-10.940069,0.0,0.0
Mike Carp,7480,2023,37,-10.168546,0.0,0.0
Ryan Goins,9807,2023,35,-10.074962,0.0,0.0
Carlos Pena,934,2023,45,-10.590981,0.0,0.0
Jesus Aguilar,11342,2023,33,-9.894072,0.0,0.0
Bartolo Colon,375,2023,50,-12.064491,0.0,0.0
Ryan Doumit,2113,2023,42,-10.846806,0.0,0.0
Christian Bethancourt,10028,2023,31,-7.6415734,0.0,0.0
L.J. Hoes,6656,2023,33,-8.117166,0.0,0.0
Brendan Ryan,6073,2023,41,-10.214671,0.0,0.0
Jeff Bianchi,9958,2023,36,-10.050133,0.0,0.0
Dioner Navarro,3179,2023,39,-10.637192,0.0,0.0
Jason Kubel,2161,2023,41,-10.031003,0.0,0.0
Skip Schumaker,3704,2023,43,-10.496011,0.0,0.0
Stephen Drew,4251,2023,40,-10.663407,0.0,0.0
Chris Herrmann,9284,2023,35,-8.328152,0.0,0.0
Justin Maxwell,6827,2023,39,-8.735608,0.0,0.0
Dayan Viciedo,3917,2023,34,-9.878296,0.0,0.0
Jon Singleton,10441,2023,31,-5.803131,0.0,0.0
Alfonso Soriano,847,2023,47,-9.46688,0.0,0.0
Corey Hart,1945,2023,41,-10.169657,0.0,0.0
Oscar Taveras,11173,2023,31,-9.005089,0.0,0.0
Will Middlebrooks,7002,2023,34,-9.31938,0.0,0.0
Alfredo Marte,5212,2023,34,-9.122979,0.0,0.0
Dan Uggla,3442,2023,43,-10.721747,0.0,0.0
Jayson Nix,3790,2023,40,-7.4777193,0.0,0.0
Paul Konerko,242,2023,47,-12.097689,0.0,0.0
Nate Schierholtz,6201,2023,39,-8.608252,0.0,0.0
Tomas Telis,10067,2023,32,-3.0602126,0.0,0.0
Charlie Culberson,3298,2023,34,-4.9833384,0.0,0.0
Tony Gwynn,6141,2023,40,-8.135286,0.0,0.0
Domonic Brown,3154,2023,35,-8.374117,0.0,0.0
Jordan Pacheco,2677,2023,37,-10.679125,0.0,0.0
John Baker,4756,2023,42,-11.383498,0.0,0.0
Brett Hayes,4293,2023,39,-10.0164585,0.0,0.0
Raul Ibanez,607,2023,51,-11.43737,0.0,0.0
Stefen Romero,11746,2023,34,-8.971909,0.0,0.0
A.J. Pierzynski,746,2023,46,-11.864177,0.0,0.0
Matt Dominguez,4903,2023,33,-9.66253,0.0,0.0
Alberto Callaspo,3336,2023,40,-10.98432,0.0,0.0
Ryan Raburn,2218,2023,42,-11.405222,0.0,0.0
Bryan Holaday,11287,2023,35,-9.464077,0.0,0.0
Tony Cruz,2802,2023,36,-9.597039,0.0,0.0
Kendrys Morales,8610,2023,40,-11.224446,0.0,0.0
Allen Craig,3433,2023,38,-10.394231,0.0,0.0
Gerald Laird,1698,2023,43,-11.50395,0.0,0.0
Nick Swisher,4599,2023,42,-11.190191,0.0,0.0
A.J. Ellis,5677,2023,42,-11.444566,0.0,0.0
Jarrod Saltalamacchia,5557,2023,38,-10.208093,0.0,0.0
Michael Choice,11376,2023,33,-9.599881,0.0,0.0
Mookie Betts,13611,2024,31,12.703763,47.60541915893555,10.885177612304688
Arismendy Alcantara,10711,2024,32,11.950707,44.93525314331055,10.089604377746582
Gregory Polanco,12907,2024,32,11.636959,44.59048843383789,10.308524131774902
Rusney Castillo,17016,2024,36,14.088922,44.107391357421875,9.296795845031738
Christian Yelich,11477,2024,32,10.870846,42.986778259277344,9.74204158782959
Terrance Gore,13658,2024,33,10.852609,42.05589294433594,9.73770523071289
Jose Ramirez,13510,2024,31,10.92983,42.00963592529297,9.409082412719727
Danny Santana,10322,2024,33,10.337738,41.21398162841797,9.573148727416992
Mike Trout,10155,2024,32,10.556023,40.956974029541016,9.194751739501953
Kolten Wong,12532,2024,33,10.094051,40.70423889160156,9.313477516174316
Jonathan Villar,10071,2024,33,9.786354,40.34609603881836,9.534530639648438
Eury Perez,10299,2024,34,9.838103,39.340415954589844,9.005263328552246
Cory Spangenberg,12294,2024,33,9.142716,39.06935501098633,9.196213722229004
Anthony Gose,5097,2024,33,9.245288,38.078468322753906,8.785867691040039
Jean Segura,5933,2024,34,8.8593025,37.60786437988281,8.712458610534668
Billy Hamilton,10199,2024,33,7.4229784,36.85689926147461,9.182787895202637
Jake Marisnick,11339,2024,33,8.88883,36.7666130065918,8.554722785949707
Jose Altuve,5417,2024,34,8.343824,36.548095703125,8.517656326293945
James Jones,9767,2024,35,8.473963,36.23269271850586,8.44290542602539
Billy Burns,12701,2024,34,8.154688,36.15311050415039,8.420377731323242
Leury Garcia,5913,2024,33,8.800361,36.03996658325195,8.409479141235352
Elvis Andrus,8709,2024,35,7.9690437,35.22974395751953,8.220669746398926
Starling Marte,9241,2024,35,7.687592,34.83586883544922,8.20364761352539
Matt den Dekker,11385,2024,36,7.8575497,34.466514587402344,8.04456615447998
Leonys Martin,11846,2024,36,7.2575064,33.615325927734375,7.971142768859863
Shawn O'Malley,9629,2024,36,7.231864,32.971622467041016,7.745874881744385
Chris Taylor,13757,2024,33,7.8777504,32.708221435546875,7.941237449645996
Ben Revere,4712,2024,36,6.3027287,31.83778190612793,7.574803829193115
Dee Strange-Gordon,8203,2024,36,5.5155096,30.969364166259766,7.554949760437012
Jordan Schafer,9883,2024,37,5.802714,30.426843643188477,7.283936500549316
Luis Sardinas,13153,2024,31,7.136314,30.29183006286621,8.029629707336426
Alcides Escobar,6310,2024,37,5.433634,29.61756134033203,7.2477707862854
Everth Cabrera,8155,2024,37,5.395116,29.569324493408203,7.155137538909912
Jason Kipnis,9776,2024,37,5.2050023,29.110252380371094,7.2254204750061035
Carlos Gomez,4881,2024,38,4.000822,26.932104110717773,6.8592071533203125
Charlie Blackmon,7859,2024,37,3.9230745,26.871700286865234,7.170101642608643
Emilio Bonifacio,4054,2024,39,3.6976876,26.401531219482422,6.70540189743042
Anthony Rendon,12861,2024,34,4.992583,26.378583908081055,7.3173723220825195
Pedro Ciriaco,5278,2024,38,3.7273161,25.930091857910156,6.929243564605713
Eric Young Jr.,7158,2024,39,3.4472952,25.914648056030273,6.698695659637451
Lorenzo Cain,9077,2024,38,2.9905035,25.425918579101562,6.952447414398193
Jarrod Dyson,4866,2024,39,3.1301436,25.423603057861328,6.7106733322143555
A.J. Pollock,9256,2024,36,3.319132,25.2110538482666,7.189359188079834
Antoan Richardson,209,2024,40,3.0944405,25.17905044555664,6.574824333190918
Jimmy Paredes,5481,2024,35,3.6755412,24.391788482666016,7.101228713989258
Pedro Florimon,8385,2024,37,2.7510703,24.158227920532227,6.986949443817139
Craig Gentry,9571,2024,40,2.2990878,24.055810928344727,6.59518575668335
Desmond Jennings,1965,2024,37,2.54938,23.938343048095703,6.973928928375244
Jacoby Ellsbury,4727,2024,40,1.8275484,23.393367767333984,6.570453643798828
Jason Heyward,4940,2024,34,3.3795772,22.747825622558594,6.901876449584961
James McCann,12859,2024,34,3.4041867,22.397348403930664,6.831665515899658
Drew Stubbs,9328,2024,39,0.92553616,21.75658416748047,6.607919216156006
Tony Campana,4964,2024,38,0.98992395,21.121313095092773,6.554941654205322
Adam Eaton,11205,2024,35,2.1228523,20.678524017333984,6.536090850830078
Brett Gardner,9927,2024,40,-0.05700435,20.669462203979492,6.377608299255371
Andrew McCutchen,9847,2024,37,1.1206795,20.621183395385742,6.516604900360107
Denard Span,8347,2024,40,-0.40027282,20.3348331451416,6.293122291564941
Jose Reyes,1736,2024,41,-0.51962155,20.299692153930664,6.178863525390625
Eduardo Nunez,6848,2024,37,0.98898077,20.20623207092285,6.429020404815674
Carl Crawford,1201,2024,42,-1.2455958,19.102670669555664,5.795302391052246
Brian Dozier,9810,2024,37,0.58013546,18.727203369140625,6.173363208770752
Javier Baez,12979,2024,31,2.9722753,18.727155685424805,6.478747844696045
Michael Brantley,4106,2024,37,0.41486922,18.424570083618164,6.122203826904297
Rajai Davis,3708,2024,43,-1.7875754,18.234346389770508,5.461992263793945
Angel Pagan,2918,2024,42,-1.9018649,18.059284210205078,5.505616664886475
Brock Holt,9345,2024,36,0.40130714,16.767927169799805,5.828460693359375
Christian Colon,11145,2024,35,0.7715506,16.231924057006836,5.71707820892334
Ian Desmond,6885,2024,38,-0.9426209,15.95159912109375,5.495823383331299
Ezequiel Carrera,9048,2024,37,-0.5106172,15.84537410736084,5.5538201332092285
Alex Hassan,9959,2024,36,2.0961635,15.78408145904541,5.353296279907227
Nyjer Morgan,4885,2024,43,-2.3654659,14.931294441223145,4.815525531768799
Coco Crisp,1572,2024,44,-3.480059,14.279101371765137,4.392017841339111
Sam Fuld,8254,2024,42,-3.0148602,13.829568862915039,4.538544654846191
Jimmy Rollins,971,2024,45,-4.0827346,13.445056915283203,4.060976505279541
Kristopher Negron,5306,2024,38,-1.1767365,13.444456100463867,4.873876571655273
Melvin Upton Jr.,5015,2024,39,-2.1268885,13.072050094604492,4.666647434234619
Dexter Fowler,4062,2024,38,-1.5971328,12.926528930664062,4.734351634979248
Chris Getz,3388,2024,40,-2.672299,12.852754592895508,4.514869689941406
Alejandro De Aza,3371,2024,40,-3.0029597,12.575896263122559,4.3956780433654785
Austin Jackson,9848,2024,37,-1.3115336,12.552558898925781,4.68907356262207
Michael Bourn,6387,2024,41,-3.3030505,12.061873435974121,4.1718573570251465
Ender Inciarte,4922,2024,33,0.077719375,11.961893081665039,4.776586055755615
Juan Lagares,5384,2024,35,-0.6298932,11.957728385925293,4.687619209289551
Jace Peterson,12325,2024,34,-0.20766558,11.425471305847168,4.521646976470947
Josh Harrison,8202,2024,36,-1.133756,11.416141510009766,4.44373083114624
Andrew Romine,1159,2024,38,-2.164328,10.401670455932617,3.9912030696868896
Quintin Berry,9414,2024,39,-2.562821,10.090361595153809,3.841919422149658
Nori Aoki,13075,2024,42,-4.2214084,9.867027282714844,3.4803643226623535
Jorge Polanco,13152,2024,30,0.75591296,9.534309387207031,3.8332245349884033
Didi Gregorius,6012,2024,34,-0.8313161,8.293434143066406,3.496889114379883
Jemile Weeks,2498,2024,37,-2.2266881,7.901832103729248,3.239281415939331
Alex Rios,2090,2024,43,-4.905426,7.6821088790893555,2.7780039310455322
Ian Kinsler,6195,2024,42,-4.4850764,7.152580738067627,2.722456693649292
Alexei Ramirez,5133,2024,42,-4.7122474,6.604781627655029,2.537562847137451
Chris Owings,10030,2024,32,-0.8505635,6.492483615875244,2.9316468238830566
Aaron Hicks,5297,2024,34,-1.4248282,6.345526695251465,2.886817455291748
Paul Goldschmidt,9218,2024,36,-2.5147145,5.02966833114624,2.3591856956481934
Yasiel Puig,14225,2024,33,-1.6111548,4.4782280921936035,2.2245776653289795
Alexi Amarista,9063,2024,35,-2.240977,4.311229228973389,2.0801358222961426
Jason Bartlett,8219,2024,44,-1.9001919,4.136258125305176,2.415107488632202
Todd Frazier,785,2024,38,-3.7943623,3.238813638687134,1.6901847124099731
Jim Adduci,6448,2024,39,-4.044961,3.0961925983428955,1.6397209167480469
Chone Figgins,1580,2024,46,-6.726874,2.7791330814361572,1.1494009494781494
Jordan Danks,9187,2024,37,-3.5032456,2.602466106414795,1.5071989297866821
Cliff Pennington,3395,2024,40,-4.75164,1.7960864305496216,1.1535255908966064
George Springer,12856,2024,34,-2.7186525,1.5534366369247437,1.11619234085083
Ichiro Suzuki,1101,2024,50,-8.090473,1.5016497373580933,0.5741326212882996
Erick Aybar,4082,2024,40,-5.0106363,1.386110782623291,1.0201324224472046
Bryce Brentz,10607,2024,35,-2.7401123,1.3650422096252441,0.9995943307876587
Gregor Blanco,3123,2024,40,-5.2070394,1.1417627334594727,0.9228346943855286
Mike Aviles,5986,2024,43,-6.14136,0.9538413882255554,0.7348307967185974
Hunter Pence,8252,2024,41,-5.299711,0.9437184929847717,0.8563473224639893
Michael Saunders,9981,2024,37,-3.8773534,0.9370765686035156,0.9527866244316101
Domingo Santana,10348,2024,31,-2.111377,0.8143402934074402,0.8392859101295471
Derek Dietrich,10542,2024,34,-2.870757,0.5160226225852966,0.6377219557762146
Peter Bourjos,2578,2024,37,-4.065681,0.4410369098186493,0.7357226610183716
Zoilo Almonte,6732,2024,35,-3.448485,0.3811269700527191,0.6097331047058105
Daniel Murphy,4316,2024,39,-4.9317827,0.09214591234922409,0.6168459057807922
Buster Posey,9166,2024,37,-11.019847,0.0,0.0
Jonathan Lucroy,7870,2024,38,-10.385831,0.0,0.0
Giancarlo Stanton,4949,2024,34,-5.987463,0.0,0.0
Jose Bautista,1887,2024,43,-10.585365,0.0,0.0
Russell Martin,4616,2024,41,-10.072006,0.0,0.0
Adrian Beltre,639,2024,45,-11.999754,0.0,0.0
Josh Donaldson,5038,2024,38,-9.737801,0.0,0.0
Robinson Cano,3269,2024,41,-9.771918,0.0,0.0
Alex Gordon,5209,2024,40,-5.71084,0.0,0.0
Jose Abreu,15676,2024,37,-10.654893,0.0,0.0
Anthony Rizzo,3473,2024,34,-8.933531,0.0,0.0
Jayson Werth,1327,2024,45,-8.531596,0.0,0.0
Miguel Cabrera,1744,2024,41,-11.610069,0.0,0.0
Kyle Seager,9785,2024,36,-8.824777,0.0,0.0
Troy Tulowitzki,3531,2024,39,-10.6563425,0.0,0.0
Yan Gomes,9627,2024,36,-10.62929,0.0,0.0
Rene Rivera,3648,2024,40,-11.688595,0.0,0.0
Ben Zobrist,7435,2024,43,-8.102761,0.0,0.0
Victor Martinez,393,2024,45,-11.63642,0.0,0.0
Adam Jones,6368,2024,38,-5.4816213,0.0,0.0
Jhonny Peralta,1738,2024,42,-11.2318945,0.0,0.0
Howie Kendrick,4229,2024,40,-8.289542,0.0,0.0
Steve Pearce,9957,2024,41,-9.067202,0.0,0.0
Freddie Freeman,5361,2024,34,-9.3684,0.0,0.0
Marcell Ozuna,10324,2024,33,-7.703854,0.0,0.0
Neil Walker,7539,2024,38,-10.218041,0.0,0.0
Mike Zunino,13265,2024,33,-9.4699955,0.0,0.0
Devin Mesoraco,5666,2024,36,-10.261809,0.0,0.0
Nelson Cruz,2434,2024,43,-11.122314,0.0,0.0
J.D. Martinez,6184,2024,36,-9.300401,0.0,0.0
Dustin Pedroia,8370,2024,40,-8.813018,0.0,0.0
Edwin Encarnacion,2151,2024,41,-10.5923815,0.0,0.0
Justin Upton,5222,2024,36,-4.8434567,0.0,0.0
Hanley Ramirez,8001,2024,40,-6.3497963,0.0,0.0
Adrian Gonzalez,1908,2024,42,-11.830889,0.0,0.0
Chase Utley,1679,2024,45,-8.008124,0.0,0.0
Evan Longoria,9368,2024,38,-9.810218,0.0,0.0
Yoenis Cespedes,13110,2024,38,-7.5742593,0.0,0.0
Justin Turner,5235,2024,39,-9.848192,0.0,0.0
Juan Uribe,454,2024,45,-11.957596,0.0,0.0
Kole Calhoun,11200,2024,36,-7.5009403,0.0,0.0
Trevor Plouffe,7462,2024,38,-10.812229,0.0,0.0
Matt Carpenter,8090,2024,38,-9.263829,0.0,0.0
Chase Headley,4720,2024,40,-9.749382,0.0,0.0
Pablo Sandoval,5409,2024,37,-11.115325,0.0,0.0
Miguel Montero,3364,2024,40,-11.371768,0.0,0.0
Matt Holliday,1873,2024,44,-11.297237,0.0,0.0
Starlin Castro,4579,2024,34,-8.453609,0.0,0.0
Luis Valbuena,4969,2024,38,-10.50618,0.0,0.0
Yadier Molina,7007,2024,41,-11.451255,0.0,0.0
Brian McCann,4810,2024,40,-11.660334,0.0,0.0
Lucas Duda,2502,2024,38,-10.358715,0.0,0.0
Melky Cabrera,4022,2024,39,-9.973224,0.0,0.0
Travis d'Arnaud,7739,2024,35,-10.559899,0.0,0.0
Tyler Flowers,9134,2024,38,-11.090426,0.0,0.0
J.J. Hardy,3797,2024,41,-11.894509,0.0,0.0
Corey Dickerson,10762,2024,35,-7.4580336,0.0,0.0
Scott Van Slyke,4365,2024,37,-9.692257,0.0,0.0
Kevin Kiermaier,11038,2024,34,-4.4958005,0.0,0.0
Yasmani Grandal,11368,2024,35,-10.116274,0.0,0.0
Hank Conger,2505,2024,36,-10.611473,0.0,0.0
Seth Smith,7331,2024,41,-11.383467,0.0,0.0
Albert Pujols,1177,2024,44,-11.469584,0.0,0.0
Brandon Moss,4467,2024,40,-10.82143,0.0,0.0
Brandon Crawford,5343,2024,37,-9.304638,0.0,0.0
Nolan Arenado,9777,2024,33,-9.562581,0.0,0.0
Evan Gattis,11003,2024,37,-11.1895485,0.0,0.0
Eduardo Escobar,6153,2024,35,-8.550904,0.0,0.0
Matt Kemp,5631,2024,39,-8.793138,0.0,0.0
David Freese,9549,2024,41,-11.211137,0.0,0.0
Chris Coghlan,6878,2024,39,-8.2872305,0.0,0.0
Justin Morneau,1737,2024,43,-11.930071,0.0,0.0
Carlos Santana,2396,2024,38,-10.217569,0.0,0.0
Manny Machado,11493,2024,31,-8.5901375,0.0,0.0
Nick Markakis,5930,2024,40,-10.900565,0.0,0.0
Daniel Nava,5450,2024,41,-9.638196,0.0,0.0
David Ortiz,745,2024,48,-12.784716,0.0,0.0
Derek Norris,6867,2024,35,-9.165272,0.0,0.0
Marlon Byrd,950,2024,46,-11.069698,0.0,0.0
Mike Napoli,3057,2024,42,-11.233767,0.0,0.0
Josh Reddick,3892,2024,37,-7.0963845,0.0,0.0
Jason Castro,8722,2024,37,-10.0696335,0.0,0.0
Christian Vazquez,9774,2024,33,-10.224613,0.0,0.0
Adam LaRoche,1904,2024,44,-11.856386,0.0,0.0
Chris Iannetta,8267,2024,41,-10.841234,0.0,0.0
Jordy Mercer,6547,2024,37,-10.223856,0.0,0.0
Francisco Cervelli,5275,2024,38,-10.714669,0.0,0.0
Chris Carter,9911,2024,37,-9.991467,0.0,0.0
Casey McGehee,6086,2024,41,-10.967367,0.0,0.0
Asdrubal Cabrera,4962,2024,38,-8.19529,0.0,0.0
Matt Adams,9393,2024,35,-9.87714,0.0,0.0
Carlos Ruiz,2579,2024,45,-11.030074,0.0,0.0
Salvador Perez,7304,2024,34,-10.283451,0.0,0.0
Caleb Joseph,7087,2024,38,-11.07428,0.0,0.0
Adam Lind,8027,2024,40,-11.52706,0.0,0.0
Aramis Ramirez,1002,2024,46,-11.877439,0.0,0.0
Scooter Gennett,10339,2024,34,-8.769862,0.0,0.0
Conor Gillaspie,9009,2024,36,-9.821743,0.0,0.0
Jon Jay,5227,2024,39,-9.145776,0.0,0.0
Joe Mauer,1857,2024,41,-9.998467,0.0,0.0
Yangervis Solarte,5352,2024,36,-10.850673,0.0,0.0
Brandon Guyer,2636,2024,38,-4.590567,0.0,0.3072696328163147
Jed Lowrie,4418,2024,40,-11.641674,0.0,0.0
Andrelton Simmons,10847,2024,34,-9.04025,0.0,0.0
Michael Cuddyer,1534,2024,45,-9.856732,0.0,0.0
Michael Morse,3035,2024,42,-11.960332,0.0,0.0
Travis Snider,2830,2024,36,-9.766032,0.0,0.0
Lonnie Chisenhall,7571,2024,35,-9.583725,0.0,0.0
Bryce Harper,11579,2024,31,-5.4017744,0.0,0.0
Brett Lawrie,5247,2024,34,-7.162002,0.0,0.0
David Wright,3787,2024,41,-7.6741643,0.0,0.0
Stephen Vogt,5000,2024,39,-9.877068,0.0,0.0
Colby Rasmus,9893,2024,37,-6.9935045,0.0,0.0
Martin Prado,3312,2024,40,-10.576211,0.0,0.0
Matt Joyce,3353,2024,39,-9.299179,0.0,0.0
Chris Stewart,3878,2024,42,-11.406864,0.0,0.0
Ruben Tejada,5519,2024,34,-9.621051,0.0,0.0
Ryan Hanigan,4952,2024,43,-11.883624,0.0,0.0
Khris Davis,9112,2024,36,-10.082332,0.0,0.0
Josh Willingham,2103,2024,45,-11.150499,0.0,0.0
Collin Cowgill,7250,2024,38,-8.046718,0.0,0.0
Brandon Phillips,791,2024,43,-10.963383,0.0,0.0
Rickie Weeks Jr.,1849,2024,41,-10.008056,0.0,0.0
Madison Bumgarner,5524,2024,34,-9.992291,0.0,0.0
Marwin Gonzalez,5497,2024,35,-8.892267,0.0,0.0
Joe Panik,11936,2024,33,-7.232708,0.0,0.0
Martin Maldonado,6887,2024,37,-10.9602,0.0,0.0
Robinson Chirinos,3142,2024,40,-11.507585,0.0,0.0
Dustin Ackley,10099,2024,36,-5.067725,0.0,0.0
Alex Avila,7476,2024,37,-10.603192,0.0,0.0
Zack Cozart,2616,2024,38,-8.036252,0.0,0.0
Ryan Zimmerman,4220,2024,39,-10.9958725,0.0,0.0
Juan Francisco,6978,2024,37,-10.674562,0.0,0.0
Curtis Granderson,4747,2024,43,-7.9665513,0.0,0.0
David Lough,7215,2024,38,-6.0172276,0.0,0.0
Carlos Corporan,5587,2024,40,-11.560917,0.0,0.0
Wilmer Flores,5827,2024,32,-8.739639,0.0,0.0
Brad Miller,12775,2024,34,-4.381939,0.0,0.0
Kirk Nieuwenhuis,6400,2024,36,-4.4051657,0.0,0.0
Ryan Braun,3410,2024,40,-7.859965,0.0,0.0
Torii Hunter,731,2024,48,-11.159705,0.0,0.0
Josh Hamilton,1875,2024,43,-10.298572,0.0,0.0
Enrique Hernandez,10472,2024,32,-5.8917627,0.0,0.0
Darwin Barney,2430,2024,38,-9.274711,0.0,0.0
David Ross,1551,2024,47,-11.726096,0.0,0.0
David Peralta,2136,2024,36,-7.216397,0.0,0.0
Rougned Odor,12282,2024,30,-6.025861,0.0,0.0
Wilson Ramos,1433,2024,36,-10.561436,0.0,0.0
Andre Ethier,6265,2024,42,-10.990403,0.0,0.0
Mark Reynolds,7619,2024,40,-10.087735,0.0,0.0
Jake Smolinski,5408,2024,35,-9.225919,0.0,0.0
Delmon Young,2140,2024,38,-10.624797,0.0,0.0
Oswaldo Arcia,10306,2024,33,-9.14232,0.0,0.0
James Loney,4556,2024,40,-11.201258,0.0,0.0
Adam Rosales,9682,2024,41,-8.333051,0.0,0.0
Chris Davis,9272,2024,38,-9.788756,0.0,0.0
Travis Wood,9884,2024,37,-10.462292,0.0,0.0
Chris Young,3882,2024,40,-7.1337314,0.0,0.0
Eugenio Suarez,12552,2024,32,-7.143028,0.0,0.0
Michael McKenry,9628,2024,39,-10.665357,0.0,0.0
Joey Votto,4314,2024,40,-10.920285,0.0,0.0
Andrew Susac,13132,2024,34,-6.8061156,0.0,0.0
Brandon Belt,10264,2024,36,-9.289051,0.0,0.0
Logan Morrison,9205,2024,36,-9.587401,0.0,0.0
Donovan Solano,8623,2024,36,-10.043236,0.0,0.0
Zack Greinke,1943,2024,40,-10.803661,0.0,0.0
Jose Molina,25,2024,49,-11.958626,0.0,0.0
Jorge Soler,14221,2024,32,-6.5767627,0.0,0.0
Mark Teixeira,1281,2024,44,-11.78921,0.0,0.0
Gerardo Parra,8553,2024,37,-6.6539035,0.0,0.0
Ramon Santiago,1417,2024,44,-11.151529,0.0,0.0
Ryan Flaherty,7888,2024,37,-8.484007,0.0,0.0
Chris Heisey,3978,2024,39,-7.164607,0.0,0.0
Will Venable,211,2024,41,-5.8520346,0.0,0.218141570687294
Drew Butera,3411,2024,40,-11.513626,0.0,0.0
Kevin Kouzmanoff,5995,2024,42,-11.733075,0.0,0.0
Matt Wieters,4298,2024,38,-10.817127,0.0,0.0
John Jaso,5887,2024,40,-10.507928,0.0,0.0
Ike Davis,8433,2024,37,-10.639498,0.0,0.0
Cody Asche,11997,2024,34,-9.812257,0.0,0.0
Tommy Medica,11147,2024,36,-5.6265173,0.0,0.0
Roberto Perez,2900,2024,35,-10.419275,0.0,0.0
Robbie Grossman,5254,2024,34,-7.5981417,0.0,0.0
Kelly Johnson,2234,2024,42,-10.125428,0.0,0.0
Danny Espinosa,9219,2024,37,-6.4562554,0.0,0.0
Erik Kratz,4403,2024,44,-12.158896,0.0,0.0
Kyle Blanks,49,2024,37,-10.718038,0.0,0.0
Rafael Ynoa,2832,2024,36,-10.549338,0.0,0.0
Kennys Vargas,12101,2024,33,-8.885194,0.0,0.0
Justin Ruggiano,7620,2024,42,-8.243434,0.0,0.0
David DeJesus,1825,2024,44,-10.770004,0.0,0.0
John Mayberry,3390,2024,40,-10.9896965,0.0,0.0
Gregorio Petit,3812,2024,39,-10.3119,0.0,0.0
Travis Ishikawa,4793,2024,40,-10.848686,0.0,0.0
John Ryan Murphy,10346,2024,33,-7.4055076,0.0,0.0
Yonder Alonso,2530,2024,37,-8.325318,0.0,0.0
Marcus Semien,12533,2024,33,-7.787253,0.0,0.0
Danny Valencia,6364,2024,39,-10.849663,0.0,0.0
Adeiny Hechavarria,10459,2024,35,-8.277514,0.0,0.0
Omar Infante,1609,2024,42,-8.516449,0.0,0.0
Abraham Almonte,5486,2024,35,-7.6486807,0.0,0.0
Jose Lobaton,4243,2024,39,-11.43359,0.0,0.0
Mike Leake,10130,2024,36,-10.453729,0.0,0.0
Shelby Miller,10197,2024,33,-9.596989,0.0,0.0
Clayton Kershaw,2036,2024,36,-9.413042,0.0,0.0
Ben Paulsen,9741,2024,36,-10.959975,0.0,0.0
Eric Chavez,906,2024,46,-11.192563,0.0,0.0
Adam Dunn,319,2024,44,-11.989896,0.0,0.0
Ryan Rua,12409,2024,34,-9.310989,0.0,0.0
Wilin Rosario,8002,2024,35,-10.261717,0.0,0.0
Shin-Soo Choo,3174,2024,41,-8.202571,0.0,0.0
Nick Castellanos,11737,2024,32,-9.251678,0.0,0.0
Kevin Pillar,12434,2024,35,-7.5201054,0.0,0.0
Eric Campbell,6938,2024,37,-9.936305,0.0,0.0
Yunel Escobar,4191,2024,41,-11.435809,0.0,0.0
Chris Johnson,1191,2024,39,-10.758726,0.0,0.0
Ryan Sweeney,6352,2024,39,-10.915722,0.0,0.0
Chris Gimenez,7324,2024,41,-10.73467,0.0,0.0
Mike Moustakas,4892,2024,35,-10.287077,0.0,0.0
Munenori Kawasaki,13047,2024,43,-10.701885,0.0,0.0
Wil Nieves,1556,2024,46,-11.783106,0.0,0.0
Brandon Hicks,4003,2024,38,-10.490492,0.0,0.0
Jonathan Schoop,11265,2024,32,-8.873484,0.0,0.0
Jacob deGrom,10954,2024,36,-10.484798,0.0,0.0
Adam Wainwright,2233,2024,42,-11.600274,0.0,0.0
Nick Evans,7595,2024,38,-10.942707,0.0,0.0
Pete Kozma,2539,2024,36,-6.0562944,0.0,0.0
Garin Cecchini,11608,2024,33,-5.7564664,0.0,0.0
Jhoulys Chacin,2608,2024,36,-10.434904,0.0,0.0
Garrett Jones,2714,2024,43,-12.0233965,0.0,0.0
Pedro Alvarez,2495,2024,37,-9.069953,0.0,0.0
Darin Ruf,9929,2024,37,-11.129213,0.0,0.0
Welington Castillo,3256,2024,37,-11.148762,0.0,0.0
Randal Grichuk,10243,2024,32,-9.203119,0.0,0.0
DJ LeMahieu,9874,2024,35,-4.0726037,0.0,0.0948946475982666
Brian Roberts,166,2024,46,-8.5039625,0.0,0.0
Jonny Gomes,1845,2024,43,-11.042999,0.0,0.0
Ramiro Pena,8841,2024,38,-9.811211,0.0,0.0
Maicer Izturis,2437,2024,43,-7.260268,0.0,0.0
Phil Gosselin,10953,2024,35,-6.913351,0.0,0.0
Clint Barmes,1830,2024,45,-11.328729,0.0,0.0
Cameron Maybin,5223,2024,37,-6.4138856,0.0,0.0
Tyler Holt,11391,2024,35,-5.043517,0.0,0.0
Jordan Lyles,7593,2024,33,-9.596989,0.0,0.0
Jake Arrieta,4153,2024,38,-10.878505,0.0,0.0
Cole Hamels,4972,2024,40,-11.276458,0.0,0.0
Gerrit Cole,13125,2024,33,-9.634587,0.0,0.0
Dan Haren,1757,2024,43,-11.752175,0.0,0.0
Tyson Ross,7872,2024,37,-10.665149,0.0,0.0
Carlos Rivero,1136,2024,36,-10.484798,0.0,0.0
Jose Pirela,5485,2024,34,-9.957262,0.0,0.0
George Kottaras,5506,2024,41,-10.761457,0.0,0.0
Gary Brown,11464,2024,35,-6.9628105,0.0,0.0
Max Stassi,10059,2024,33,-9.85981,0.0,0.0
Marco Gonzales,15467,2024,32,-9.323222,0.0,0.0
Matt McBride,9373,2024,39,-10.187964,0.0,0.0
Andres Blanco,1907,2024,40,-11.573927,0.0,0.0
Scott Sizemore,2881,2024,39,-8.970962,0.0,0.0
Dalton Pompey,12797,2024,31,-6.695947,0.0,0.0
Justin Bour,9744,2024,36,-10.980864,0.0,0.0
Dilson Herrera,14335,2024,30,-9.31855,0.0,0.0
Sean Rodriguez,6589,2024,39,-10.096102,0.0,0.0
Shane Victorino,1677,2024,43,-7.0921474,0.0,0.0
Daniel Robertson,6266,2024,38,-6.3152175,0.0,0.0
Tommy La Stella,12371,2024,35,-9.94915,0.0,0.0
Efren Navarro,9854,2024,38,-6.429528,0.0,0.0
Derek Jeter,826,2024,50,-10.911048,0.0,0.0
Joe Kelly,9761,2024,36,-7.9555073,0.0,0.0
Nick Punto,1429,2024,46,-10.694966,0.0,0.0
Josh Wilson,2102,2024,43,-11.039284,0.0,0.0
Jaime Garcia,8137,2024,37,-10.665149,0.0,0.0
Jeff Mathis,3448,2024,41,-11.594379,0.0,0.0
Jackie Bradley Jr.,12984,2024,34,-6.7659564,0.0,0.0
Cliff Lee,1636,2024,45,-11.391802,0.0,0.0
Jacob Turner,10185,2024,33,-9.596989,0.0,0.0
Josh Beckett,510,2024,44,-11.894427,0.0,0.0
Mike Minor,10021,2024,36,-10.434904,0.0,0.0
Jordan Zimmermann,4505,2024,38,-10.899678,0.0,0.0
Henderson Alvarez,5669,2024,34,-9.901902,0.0,0.0
Ian Kennedy,6986,2024,39,-11.095874,0.0,0.0
Buddy Carlyle,2010,2024,46,-12.167981,0.0,0.0
Brian Schlitter,3599,2024,38,-10.842037,0.0,0.0
Jeanmar Gomez,9033,2024,36,-10.434904,0.0,0.0
Gus Schlosser,12321,2024,35,-10.233206,0.0,0.0
Jeurys Familia,5114,2024,34,-9.901902,0.0,0.0
Zach McAllister,2895,2024,36,-10.434904,0.0,0.0
Clay Buchholz,3543,2024,39,-11.07524,0.0,0.0
Pedro Villarreal,9904,2024,36,-10.434904,0.0,0.0
Drew Hutchison,10732,2024,33,-9.6164,0.0,0.0
Robbie Ray,11486,2024,32,-9.323222,0.0,0.0
Nick Tepesch,11716,2024,35,-10.21205,0.0,0.0
Brad Penny,535,2024,46,-12.170952,0.0,0.0
Colby Lewis,1259,2024,44,-11.893302,0.0,0.0
Seth Maness,12235,2024,35,-10.21205,0.0,0.0
Donn Roach,10620,2024,34,-9.957262,0.0,0.0
Doug Bernier,4518,2024,44,-10.978473,0.0,0.0
Brandon Barnes,629,2024,38,-8.90488,0.0,0.0
Nolan Reimold,3441,2024,40,-9.127516,0.0,0.0
James Shields,7059,2024,42,-11.600274,0.0,0.0
Craig Stammen,7274,2024,40,-11.260477,0.0,0.0
Chris Parmelee,2554,2024,36,-10.438537,0.0,0.0
Endy Chavez,768,2024,46,-10.119232,0.0,0.0
Tyler Moore,7244,2024,37,-10.726595,0.0,0.0
Steve Tolleson,4450,2024,40,-10.927202,0.0,0.0
Justin Verlander,8700,2024,41,-11.436167,0.0,0.0
Daniel Corcino,9266,2024,33,-9.654558,0.0,0.0
Bud Norris,9492,2024,39,-11.07524,0.0,0.0
Tony Sanchez,6178,2024,36,-10.951203,0.0,0.0
Xander Bogaerts,12161,2024,31,-7.316816,0.0,0.0
Tyler Colvin,5310,2024,38,-10.095156,0.0,0.0
Willie Bloomquist,1066,2024,46,-10.339786,0.0,0.0
Jake Lamb,13329,2024,33,-6.194365,0.0,0.0
Kevin Correia,1767,2024,43,-11.712908,0.0,0.0
Carlos Peguero,8760,2024,37,-5.139546,0.0,0.0
Jordany Valdespin,5098,2024,36,-5.5995092,0.0,0.0
Matt Duffy,13836,2024,33,-8.329309,0.0,0.0
Johnny Giavotella,6740,2024,36,-7.1629734,0.0,0.0
Ed Lucas,7532,2024,42,-10.742555,0.0,0.0
Eric Sogard,7927,2024,38,-4.959298,0.0,0.14525236189365387
Hector Sanchez,10289,2024,34,-9.491728,0.0,0.0
Wandy Rodriguez,2586,2024,45,-12.027306,0.0,0.0
Carlos Martinez,11682,2024,32,-9.303462,0.0,0.0
Alex Cobb,6562,2024,36,-10.434904,0.0,0.0
Miguel Rojas,7802,2024,35,-10.498027,0.0,0.0
Jesus Sucre,5942,2024,36,-9.117375,0.0,0.0
Bronson Arroyo,978,2024,47,-12.280159,0.0,0.0
Tyler Matzek,10058,2024,33,-9.654558,0.0,0.0
Daisuke Matsuzaka,7775,2024,43,-11.752175,0.0,0.0
Jeff Samardzija,3254,2024,39,-11.07524,0.0,0.0
Edwin Jackson,1841,2024,40,-11.279174,0.0,0.0
Matt Cain,4732,2024,39,-11.094701,0.0,0.0
Jarred Cosart,10304,2024,34,-9.937107,0.0,0.0
Wade Miley,8779,2024,37,-10.665149,0.0,0.0
Hyun-Jin Ryu,14444,2024,37,-10.691304,0.0,0.0
Kyle Hendricks,12049,2024,34,-9.957262,0.0,0.0
A.J. Burnett,512,2024,47,-12.280159,0.0,0.0
David Buchanan,11176,2024,35,-10.233206,0.0,0.0
Stephen Strasburg,10131,2024,35,-10.204891,0.0,0.0
Jon Niese,4424,2024,37,-10.689148,0.0,0.0
Francisco Pena,8298,2024,34,-9.957262,0.0,0.0
Antonio Bastardo,8844,2024,38,-10.878505,0.0,0.0
J.J. Hoover,9037,2024,36,-10.434904,0.0,0.0
Audry Perez,9176,2024,35,-10.21205,0.0,0.0
Andrew Chafin,12988,2024,34,-9.957262,0.0,0.0
Joey Terdoslavich,10593,2024,35,-10.700445,0.0,0.0
Steven Moya,11854,2024,32,-9.323222,0.0,0.0
Jackson Williams,8524,2024,38,-11.254632,0.0,0.0
Clint Robinson,6908,2024,39,-11.432014,0.0,0.0
Josh Phegley,9308,2024,36,-10.7521515,0.0,0.0
Nate Freiman,6582,2024,37,-11.1828575,0.0,0.0
Gaby Sanchez,3361,2024,40,-10.990431,0.0,0.0
Jason Lane,1397,2024,47,-12.2370825,0.0,0.0
Tony Watson,3132,2024,39,-11.07524,0.0,0.0
David Huff,4257,2024,39,-11.07524,0.0,0.0
John Danks,6329,2024,39,-11.07524,0.0,0.0
Taylor Hill,12515,2024,35,-10.233206,0.0,0.0
Tyler Collins,12723,2024,34,-10.217849,0.0,0.0
Michael Taylor,2591,2024,38,-10.9154215,0.0,0.0
Jesus Montero,5514,2024,34,-10.161279,0.0,0.0
Chris Dickerson,7095,2024,42,-7.8092437,0.0,0.0
Nick Hundley,3376,2024,40,-11.142941,0.0,0.0
Matt Szczur,11255,2024,34,-7.631731,0.0,0.0
Steve Lombardozzi,5422,2024,35,-9.508011,0.0,0.0
Andrew Lambo,5386,2024,35,-10.45379,0.0,0.0
Cole Figueroa,8790,2024,37,-8.963668,0.0,0.0
Chris Denorfia,4400,2024,43,-8.559347,0.0,0.0
Anibal Sanchez,3284,2024,40,-11.260477,0.0,0.0
Zeke Spruill,3873,2024,34,-9.937107,0.0,0.0
Samuel Deduno,5285,2024,40,-11.260477,0.0,0.0
Yu Darvish,13074,2024,37,-10.665149,0.0,0.0
Jonathan Herrera,4182,2024,39,-9.993008,0.0,0.0
Ehire Adrianza,8418,2024,34,-9.57867,0.0,0.0
Greg Garcia,10951,2024,34,-7.594261,0.0,0.0
Hernan Perez,5751,2024,33,-9.2804575,0.0,0.0
Tyler Thornburg,10688,2024,35,-10.180082,0.0,0.0
Robbie Ross Jr.,6819,2024,35,-10.180082,0.0,0.0
Dan Straily,9460,2024,35,-10.180082,0.0,0.0
Nick Tropeano,12385,2024,33,-9.654558,0.0,0.0
Hector Santiago,4026,2024,36,-10.434904,0.0,0.0
Bobby Wilson,6564,2024,41,-11.476844,0.0,0.0
Kyle Gibson,10123,2024,36,-10.462838,0.0,0.0
Dallas Beeler,11471,2024,35,-10.233206,0.0,0.0
Yordano Ventura,11855,2024,33,-9.634587,0.0,0.0
Andy Parrino,3972,2024,38,-11.006212,0.0,0.0
Joc Pederson,11899,2024,32,-8.906995,0.0,0.0
Tucker Barnhart,10200,2024,33,-7.513612,0.0,0.0
Nick Franklin,10166,2024,33,-7.2594304,0.0,0.0
Jonathan Diaz,4142,2024,39,-7.9314275,0.0,0.0
Brett Anderson,8223,2024,36,-10.434904,0.0,0.0
Corey Kluber,2429,2024,38,-10.878505,0.0,0.0
Christian Friedrich,7942,2024,36,-10.442729,0.0,0.0
Chase Whitley,10982,2024,35,-10.233206,0.0,0.0
Felix Doubront,1478,2024,36,-10.434904,0.0,0.0
Justin Masterson,2038,2024,39,-11.07524,0.0,0.0
Ross Detwiler,2859,2024,38,-10.878505,0.0,0.0
C.J. Wilson,3580,2024,43,-11.752175,0.0,0.0
Jerome Williams,1137,2024,42,-11.600274,0.0,0.0
Jimmy Nelson,10547,2024,35,-10.21205,0.0,0.0
Homer Bailey,8362,2024,38,-10.878505,0.0,0.0
Josh Collmenter,7312,2024,38,-10.878505,0.0,0.0
Ryan Vogelsong,1011,2024,46,-12.154722,0.0,0.0
Kyle Kendrick,6230,2024,39,-11.07524,0.0,0.0
Jason Hammel,4538,2024,41,-11.436167,0.0,0.0
Randy Wolf,976,2024,47,-12.123513,0.0,0.0
Tim Stauffer,6432,2024,42,-11.600274,0.0,0.0
Tony Cingrani,12555,2024,34,-9.603081,0.0,0.0
Brandon Cumpton,11366,2024,35,-10.21205,0.0,0.0
Anthony DeSclafani,13050,2024,34,-9.957262,0.0,0.0
Robbie Erlin,10354,2024,33,-9.634587,0.0,0.0
John Lackey,1507,2024,45,-12.017764,0.0,0.0
Marco Estrada,1118,2024,40,-11.260477,0.0,0.0
Jeff Kobernus,9591,2024,36,-9.605929,0.0,0.0
Dallas Keuchel,9434,2024,36,-10.434904,0.0,0.0
Taylor Jordan,10466,2024,35,-10.21205,0.0,0.0
Jose Fernandez,11530,2024,31,-8.940075,0.0,0.0
Andrew Heaney,15423,2024,33,-9.654558,0.0,0.0
Blake Treinen,12572,2024,36,-10.484798,0.0,0.0
Tyler Lyons,11334,2024,36,-10.462838,0.0,0.0
Randall Delgado,5985,2024,34,-9.901902,0.0,0.0
Masahiro Tanaka,15764,2024,35,-10.233206,0.0,0.0
Jake Odorizzi,6397,2024,34,-9.901902,0.0,0.0
Hisashi Iwakuma,13048,2024,43,-11.752175,0.0,0.0
Paul Maholm,8678,2024,42,-11.600274,0.0,0.0
Jeremy Guthrie,2072,2024,45,-12.027306,0.0,0.0
Neftali Feliz,18,2024,36,-10.434904,0.0,0.0
Xavier Cedeno,36,2024,37,-10.665149,0.0,0.0
Erik Bedard,126,2024,45,-12.027306,0.0,0.0
Mark Buehrle,225,2024,45,-12.027306,0.0,0.0
Daniel McCutchen,263,2024,41,-11.417862,0.0,0.0
Kyle Farnsworth,278,2024,48,-12.40572,0.0,0.0
Blake Beavan,338,2024,35,-10.180082,0.0,0.0
CC Sabathia,404,2024,43,-11.752175,0.0,0.0
Fernando Rodney,494,2024,47,-12.280159,0.0,0.0
Jason Grilli,521,2024,47,-12.280159,0.0,0.0
Hector Ambriz,559,2024,40,-11.260477,0.0,0.0
Jeremy Affeldt,583,2024,45,-12.027306,0.0,0.0
Grant Balfour,718,2024,46,-12.154722,0.0,0.0
LaTroy Hawkins,729,2024,51,-12.80939,0.0,0.0
Bruce Chen,769,2024,47,-12.280159,0.0,0.0
Scott Downs,773,2024,48,-12.40572,0.0,0.0
Randy Choate,813,2024,48,-12.40572,0.0,0.0
Kris Johnson,886,2024,39,-11.098343,0.0,0.0
Scott Carroll,888,2024,39,-11.120854,0.0,0.0
Joe Beimel,979,2024,47,-12.322688,0.0,0.0
Aaron Thompson,999,2024,37,-10.6504755,0.0,0.0
Rafael Soriano,1100,2024,44,-11.894427,0.0,0.0
Joe Nathan,1122,2024,49,-12.534181,0.0,0.0
Tommy Hunter,1157,2024,37,-10.665149,0.0,0.0
Adam Ottavino,1247,2024,38,-10.878505,0.0,0.0
Pedro Beato,1330,2024,37,-10.665149,0.0,0.0
Curtis Partch,1333,2024,37,-10.691304,0.0,0.0
Blake Wood,1345,2024,38,-10.857027,0.0,0.0
Evan Reed,1349,2024,38,-10.902016,0.0,0.0
Nick Hagadone,1351,2024,38,-10.878505,0.0,0.0
Charlie Furbush,1370,2024,38,-10.878505,0.0,0.0
Joaquin Benoit,1437,2024,46,-12.154722,0.0,0.0
Jon Edwards,1483,2024,36,-10.484798,0.0,0.0
Oliver Perez,1514,2024,42,-11.600274,0.0,0.0
Sean Doolittle,1581,2024,37,-10.665149,0.0,0.0
Francisco Rodriguez,1642,2024,42,-11.600274,0.0,0.0
Javier Lopez,1663,2024,46,-12.154722,0.0,0.0
Chris Capuano,1701,2024,45,-12.027306,0.0,0.0
Jose Valverde,1726,2024,46,-12.154722,0.0,0.0
Kevin Gregg,1793,2024,46,-12.154722,0.0,0.0
J.J. Putz,1795,2024,47,-12.280159,0.0,0.0
Neal Cotts,1797,2024,44,-11.848202,0.0,0.0
Humberto Quintero,1824,2024,44,-12.041274,0.0,0.0
Matt Belisle,1837,2024,44,-11.894427,0.0,0.0
Shawn Camp,1855,2024,48,-12.40572,0.0,0.0
Sean Burnett,1886,2024,41,-11.436167,0.0,0.0
Matt Moore,1890,2024,35,-10.180082,0.0,0.0
Jason Frasor,1906,2024,46,-12.154722,0.0,0.0
Matt Thornton,1918,2024,47,-12.280159,0.0,0.0
Frank Francisco,1933,2024,44,-11.894427,0.0,0.0
Mike Adams,1937,2024,45,-12.027306,0.0,0.0
Justin Germano,1938,2024,41,-11.436167,0.0,0.0
Raul Valdes,1953,2024,46,-12.154722,0.0,0.0
Ivan Nova,1994,2024,37,-10.665149,0.0,0.0
Matt Guerrier,2061,2024,45,-12.027306,0.0,0.0
Jose Veras,2063,2024,43,-11.752175,0.0,0.0
Heath Bell,2080,2024,46,-12.154722,0.0,0.0
Chad Qualls,2170,2024,45,-12.027306,0.0,0.0
Ronald Belisario,2203,2024,41,-11.436167,0.0,0.0
Blaine Boyer,2237,2024,42,-11.568167,0.0,0.0
Brandon Gomes,2267,2024,39,-11.07524,0.0,0.0
Joel Peralta,2332,2024,48,-12.40572,0.0,0.0
Anthony Varvaro,2385,2024,39,-11.07524,0.0,0.0
Hector Rondon,2391,2024,36,-10.462838,0.0,0.0
Cory Rasmus,2413,2024,36,-10.462838,0.0,0.0
Eric Surkamp,2540,2024,36,-10.415516,0.0,0.0
Joe Paterson,2565,2024,38,-10.878505,0.0,0.0
Scott Atchison,2642,2024,48,-12.40572,0.0,0.0
Brian Matusz,2646,2024,37,-10.665149,0.0,0.0
Corey Brown,2650,2024,38,-10.51841,0.0,0.0
Brett Cecil,2660,2024,37,-10.665149,0.0,0.0
Joba Chamberlain,2692,2024,38,-10.878505,0.0,0.0
Scott Rice,2743,2024,42,-11.6111145,0.0,0.0
Carlos Marmol,2790,2024,41,-11.436167,0.0,0.0
Joe Savery,2835,2024,38,-10.878505,0.0,0.0
Drake Britton,2868,2024,35,-10.21205,0.0,0.0
Santiago Casilla,2873,2024,43,-11.752175,0.0,0.0
Luis Avilan,2882,2024,34,-9.901902,0.0,0.0
Juan Oviedo,2886,2024,42,-11.568167,0.0,0.0
Tommy Pham,2967,2024,36,-10.484798,0.0,0.0
Bruce Billings,3044,2024,38,-10.8599615,0.0,0.0
Kenley Jansen,3096,2024,36,-10.434904,0.0,0.0
Max Scherzer,3137,2024,39,-11.07524,0.0,0.0
Tim Collins,3164,2024,34,-9.901902,0.0,0.0
David Price,3184,2024,38,-10.878505,0.0,0.0
Will Harris,3192,2024,39,-11.07524,0.0,0.0
Chris Young,3196,2024,45,-12.034424,0.0,0.0
Josh Stinson,3219,2024,36,-10.434904,0.0,0.0
Jean Machi,3220,2024,42,-11.600274,0.0,0.0
T.J. McFarland,3237,2024,35,-10.21205,0.0,0.0
Zack Britton,3240,2024,36,-10.434904,0.0,0.0
Ryan Rowland-Smith,3245,2024,41,-11.376715,0.0,0.0
Juan Gutierrez,3265,2024,40,-11.238904,0.0,0.0
Jordan Walden,3271,2024,36,-10.434904,0.0,0.0
Joe Smith,3281,2024,40,-11.260477,0.0,0.0
Nate Adcock,3282,2024,36,-10.403322,0.0,0.0
Hiroki Kuroda,3283,2024,49,-12.534181,0.0,0.0
Hector Noesi,3292,2024,37,-10.665149,0.0,0.0
Chris Hatcher,3299,2024,39,-11.07524,0.0,0.0
Darren O'Day,3321,2024,41,-11.436167,0.0,0.0
Cesar Ramos,3357,2024,40,-11.260477,0.0,0.0
Ubaldo Jimenez,3374,2024,40,-11.260477,0.0,0.0
Jumbo Diaz,3397,2024,40,-11.303126,0.0,0.0
Kevin Whelan,3462,2024,40,-11.239774,0.0,0.0
Andre Rienzo,3507,2024,35,-10.21205,0.0,0.0
Liam Hendriks,3548,2024,35,-10.180082,0.0,0.0
Jim Johnson,3656,2024,41,-11.436167,0.0,0.0
Logan Ondrusek,3677,2024,39,-11.07524,0.0,0.0
Brandon League,3731,2024,41,-11.436167,0.0,0.0
Cesar Jimenez,3762,2024,39,-11.053418,0.0,0.0
Felipe Paulino,3777,2024,40,-11.239539,0.0,0.0
Ricky Nolasco,3830,2024,41,-11.436167,0.0,0.0
Zach Duke,3840,2024,41,-11.436167,0.0,0.0
Brett Oberholtzer,3855,2024,34,-9.937107,0.0,0.0
Rubby de la Rosa,3862,2024,35,-10.180082,0.0,0.0
Ethan Martin,3877,2024,35,-10.21205,0.0,0.0
Casey Fien,3926,2024,40,-11.260477,0.0,0.0
David Carpenter,3959,2024,38,-10.878505,0.0,0.0
Edward Mujica,3970,2024,40,-11.260477,0.0,0.0
Allen Webster,3993,2024,34,-9.937107,0.0,0.0
Josh Outman,4004,2024,39,-11.07524,0.0,0.0
Eury De la Rosa,4055,2024,34,-9.937107,0.0,0.0
Brian Duensing,4064,2024,41,-11.436167,0.0,0.0
Pedro Strop,4070,2024,39,-11.07524,0.0,0.0
Junichi Tazawa,4079,2024,38,-10.878505,0.0,0.0
Erik Cordier,4086,2024,38,-10.925044,0.0,0.0
James Russell,4089,2024,38,-10.878505,0.0,0.0
Luke Gregerson,4090,2024,40,-11.260477,0.0,0.0
Derek Holland,4141,2024,37,-10.665149,0.0,0.0
Wilton Lopez,4227,2024,40,-11.260477,0.0,0.0
Jered Weaver,4235,2024,41,-11.436167,0.0,0.0
Brad Lincoln,4241,2024,39,-11.07524,0.0,0.0
Mark Melancon,4264,2024,39,-11.07524,0.0,0.0
Manny Parra,4279,2024,41,-11.436167,0.0,0.0
Matt Albers,4300,2024,41,-11.436167,0.0,0.0
Justin Wilson,4301,2024,36,-10.434904,0.0,0.0
Aaron Poreda,4313,2024,37,-10.617311,0.0,0.0
Kyle Drabek,4359,2024,36,-10.434904,0.0,0.0
Craig Breslow,4363,2024,43,-11.752175,0.0,0.0
Joe Saunders,4366,2024,43,-11.752175,0.0,0.0
Jeremy Hellickson,4371,2024,37,-10.665149,0.0,0.0
Brad Mills,4420,2024,39,-11.052125,0.0,0.0
Josh Wall,4436,2024,37,-10.665149,0.0,0.0
Pedro Hernandez,4578,2024,35,-10.180082,0.0,0.0
Matt Lindstrom,4604,2024,44,-11.894427,0.0,0.0
Bobby Korecky,4608,2024,44,-11.858548,0.0,0.0
Jason Pridie,4611,2024,40,-10.843216,0.0,0.0
Joe Thatcher,4620,2024,42,-11.600274,0.0,0.0
Sam LeCure,4664,2024,40,-11.260477,0.0,0.0
Pat Neshek,4682,2024,43,-11.752175,0.0,0.0
Jeff Francis,4684,2024,43,-11.752175,0.0,0.0
Nate Jones,4696,2024,38,-10.878505,0.0,0.0
Sergio Santos,4734,2024,40,-11.260477,0.0,0.0
Donnie Veal,4741,2024,39,-11.07524,0.0,0.0
Jonathan Broxton,4759,2024,40,-11.260477,0.0,0.0
Felix Hernandez,4772,2024,38,-10.878505,0.0,0.0
Matt Shoemaker,4776,2024,37,-10.691304,0.0,0.0
Vinnie Pestano,4782,2024,39,-11.07524,0.0,0.0
Rich Hill,4806,2024,44,-11.894427,0.0,0.0
Brandon Maurer,4878,2024,33,-9.634587,0.0,0.0
Scott Kazmir,4897,2024,40,-11.238904,0.0,0.0
Justin De Fratus,4955,2024,36,-10.434904,0.0,0.0
Fernando Salas,4971,2024,39,-11.07524,0.0,0.0
Fernando Abad,4994,2024,38,-10.878505,0.0,0.0
Jake Diekman,5003,2024,37,-10.665149,0.0,0.0
Bo Schultz,5028,2024,38,-10.925044,0.0,0.0
Dale Thayer,5032,2024,43,-11.752175,0.0,0.0
Josh Fields,5070,2024,38,-10.902016,0.0,0.0
Evan Meek,5109,2024,41,-11.417862,0.0,0.0
Alfredo Aceves,5164,2024,41,-11.436167,0.0,0.0
C.C. Lee,5177,2024,37,-10.691304,0.0,0.0
Ernesto Frieri,5178,2024,38,-10.878505,0.0,0.0
Mike Pelfrey,5203,2024,40,-11.260477,0.0,0.0
Chris Perez,5213,2024,38,-10.878505,0.0,0.0
Wade LeBlanc,5221,2024,39,-11.07524,0.0,0.0
Blake Parker,5224,2024,39,-11.07524,0.0,0.0
Rudy Owens,5226,2024,36,-10.484798,0.0,0.0
Vin Mazzaro,5231,2024,37,-10.665149,0.0,0.0
Jose Alvarez,5358,2024,35,-10.21205,0.0,0.0
Phillippe Aumont,5362,2024,35,-10.180082,0.0,0.0
Michael Pineda,5372,2024,35,-10.1750145,0.0,0.0
Jorge De Leon,5397,2024,36,-10.462838,0.0,0.0
Pedro Baez,5420,2024,36,-10.484798,0.0,0.0
Jesse Chavez,5448,2024,40,-11.260477,0.0,0.0
Arodys Vizcaino,5498,2024,33,-9.600635,0.0,0.0
Dana Eveland,5508,2024,40,-11.239539,0.0,0.0
Boone Logan,5525,2024,39,-11.07524,0.0,0.0
Maikel Cleto,5529,2024,35,-10.180082,0.0,0.0
Phil Coke,5535,2024,41,-11.436167,0.0,0.0
Matt Harrison,5551,2024,38,-10.878505,0.0,0.0
Tyler Clippard,5640,2024,39,-11.07524,0.0,0.0
Brooks Brown,5679,2024,39,-11.120854,0.0,0.0
Josh Lueke,5722,2024,39,-11.07524,0.0,0.0
Eric O'Flaherty,5746,2024,39,-11.07524,0.0,0.0
Jorge Rondon,5791,2024,36,-10.484798,0.0,0.0
Jason Motte,5861,2024,42,-11.585814,0.0,0.0
Danny Salazar,5867,2024,34,-9.937107,0.0,0.0
Gonzalez Germen,5876,2024,36,-10.462838,0.0,0.0
Darin Downs,5903,2024,39,-11.07524,0.0,0.0
Sean Marshall,5905,2024,41,-11.436167,0.0,0.0
Wesley Wright,5960,2024,39,-11.07524,0.0,0.0
Jonathan Papelbon,5975,2024,43,-11.752175,0.0,0.0
Francisley Bueno,5980,2024,43,-11.752175,0.0,0.0
Kelvin Herrera,6033,2024,34,-9.901902,0.0,0.0
Matt Pagnozzi,6046,2024,41,-11.126983,0.0,0.0
Joe Wieland,6109,2024,34,-9.918036,0.0,0.0
Juan Jaime,6127,2024,36,-10.484798,0.0,0.0
Scott Baker,6176,2024,42,-11.581192,0.0,0.0
Dellin Betances,6216,2024,36,-10.415516,0.0,0.0
Tom Gorzelanny,6244,2024,41,-11.436167,0.0,0.0
Scott Feldman,6283,2024,41,-11.436167,0.0,0.0
Esmil Rogers,6317,2024,38,-10.878505,0.0,0.0
Al Alburquerque,6324,2024,38,-10.878505,0.0,0.0
Ryan Feierabend,6336,2024,38,-10.735062,0.0,0.0
Chris Archer,6345,2024,35,-10.19565,0.0,0.0
Henry Rodriguez,6371,2024,37,-10.665149,0.0,0.0
Trevor May,6398,2024,34,-9.957262,0.0,0.0
Jose Cisnero,6399,2024,35,-10.21205,0.0,0.0
Kevin Jepsen,6475,2024,39,-11.07524,0.0,0.0
Steve Cishek,6483,2024,38,-10.878505,0.0,0.0
Brian Wilson,6485,2024,42,-11.600274,0.0,0.0
Donnie Joseph,6491,2024,36,-10.462838,0.0,0.0
Blaine Hardy,6499,2024,37,-10.7143755,0.0,0.0
Josh Zeid,6527,2024,37,-10.691304,0.0,0.0
Pat McCoy,6605,2024,35,-10.233206,0.0,0.0
Marc Rzepczynski,6612,2024,38,-10.878505,0.0,0.0
Pedro Figueroa,6616,2024,38,-10.878505,0.0,0.0
Brad Brach,6627,2024,38,-10.878505,0.0,0.0
Carlos Carrasco,6632,2024,37,-10.645992,0.0,0.0
Jim Henderson,6653,2024,41,-11.436167,0.0,0.0
Craig Kimbrel,6655,2024,36,-10.434904,0.0,0.0
Alex Colome,6661,2024,35,-10.21205,0.0,0.0
Luke Putkonen,6736,2024,38,-10.878505,0.0,0.0
Cesar Cabral,6741,2024,35,-10.21205,0.0,0.0
Andrew Miller,6785,2024,39,-11.07524,0.0,0.0
Sam Freeman,6832,2024,37,-10.665149,0.0,0.0
Jeff Manship,6865,2024,39,-11.07524,0.0,0.0
Martin Perez,6902,2024,33,-9.596989,0.0,0.0
Joakim Soria,6941,2024,40,-11.238904,0.0,0.0
Yohan Pino,6955,2024,40,-11.303126,0.0,0.0
Drew Storen,6983,2024,36,-10.434904,0.0,0.0
Luis Garcia,6984,2024,37,-10.691304,0.0,0.0
Ryan Pressly,7005,2024,35,-10.21205,0.0,0.0
Alex Torres,7038,2024,36,-10.415516,0.0,0.0
Eric Fornataro,7042,2024,36,-10.484798,0.0,0.0
Trevor Bell,7074,2024,37,-10.608316,0.0,0.0
John Lannan,7080,2024,39,-11.07524,0.0,0.0
Jonathan Pettibone,7106,2024,33,-9.634587,0.0,0.0
Daniel Hudson,7146,2024,37,-10.658611,0.0,0.0
Chris Withrow,7161,2024,35,-10.21205,0.0,0.0
Ryan Mattheus,7169,2024,40,-11.260477,0.0,0.0
B.J. Rosenberg,7183,2024,38,-10.878505,0.0,0.0
Greg Holland,7196,2024,38,-10.878505,0.0,0.0
Nick Masset,7267,2024,42,-11.568167,0.0,0.0
Brad Ziegler,7293,2024,44,-11.894427,0.0,0.0
Preston Guilmet,7303,2024,36,-10.462838,0.0,0.0
Casey Janssen,7355,2024,42,-11.600274,0.0,0.0
Dan Otero,7385,2024,39,-11.07524,0.0,0.0
Javy Guerra,7407,2024,38,-10.878505,0.0,0.0
J.A. Happ,7410,2024,41,-11.436167,0.0,0.0
Austin Adams,7411,2024,37,-10.7143755,0.0,0.0
Mark Lowe,7416,2024,41,-11.436167,0.0,0.0
Bradin Hagens,7422,2024,35,-10.233206,0.0,0.0
Wade Davis,7441,2024,38,-10.878505,0.0,0.0
Jim Miller,7458,2024,42,-11.600274,0.0,0.0
Anthony Swarzak,7466,2024,38,-10.878505,0.0,0.0
Ryan Webb,7474,2024,38,-10.878505,0.0,0.0
Scott Elbert,7489,2024,38,-10.853008,0.0,0.0
Tommy Layne,7501,2024,39,-11.07524,0.0,0.0
Evan Scribner,7525,2024,38,-10.878505,0.0,0.0
Collin McHugh,7531,2024,37,-10.665149,0.0,0.0
Lucas Harrell,7541,2024,39,-11.07524,0.0,0.0
Jake McGee,7550,2024,37,-10.665149,0.0,0.0
Jarrett Grube,7553,2024,42,-11.626199,0.0,0.0
Nick Vincent,7555,2024,37,-10.665149,0.0,0.0
Fernando Rodriguez,7558,2024,40,-11.239539,0.0,0.0
Tommy Milone,7608,2024,37,-10.665149,0.0,0.0
Chris Leroux,7645,2024,40,-11.260477,0.0,0.0
Neil Ramirez,7677,2024,35,-10.233206,0.0,0.0
Bobby LaFromboise,7758,2024,38,-10.902016,0.0,0.0
Yoslan Herrera,7759,2024,43,-11.673915,0.0,0.0
Shawn Kelley,7773,2024,40,-11.260477,0.0,0.0
Hunter Strickland,7836,2024,35,-10.233206,0.0,0.0
Jerry Blevins,7841,2024,40,-11.260477,0.0,0.0
Josh Lindblom,7882,2024,37,-10.665149,0.0,0.0
Matt Daley,7952,2024,42,-11.581192,0.0,0.0
Matt West,7980,2024,35,-10.233206,0.0,0.0
Anthony Bass,7982,2024,36,-10.299498,0.0,0.0
Ramon Ramirez,7986,2024,42,-11.600274,0.0,0.0
Paul Clemens,8037,2024,36,-10.462838,0.0,0.0
Glen Perkins,8041,2024,41,-11.436167,0.0,0.0
Jason Vargas,8044,2024,41,-11.436167,0.0,0.0
Will Smith,8048,2024,34,-9.901902,0.0,0.0
Dan Jennings,8073,2024,37,-10.665149,0.0,0.0
Stephen Fife,8077,2024,37,-10.665149,0.0,0.0
Bryan Shaw,8110,2024,36,-10.434904,0.0,0.0
Neil Wagner,8162,2024,40,-11.238904,0.0,0.0
Kevin Siegrist,8180,2024,34,-9.937107,0.0,0.0
Steven Wright,8185,2024,39,-11.098343,0.0,0.0
David Robertson,8241,2024,39,-11.07524,0.0,0.0
J.P. Howell,8245,2024,41,-11.436167,0.0,0.0
Billy Buckner,8253,2024,40,-11.218027,0.0,0.0
Huston Street,8258,2024,40,-11.260477,0.0,0.0
Casey Coleman,8270,2024,36,-10.403322,0.0,0.0
Tony Sipp,8280,2024,40,-11.260477,0.0,0.0
Lucas Luetge,8337,2024,37,-10.665149,0.0,0.0
Jared Burton,8346,2024,43,-11.752175,0.0,0.0
AJ Ramos,8350,2024,37,-10.665149,0.0,0.0
Troy Patton,8368,2024,38,-10.878505,0.0,0.0
Steve Geltz,8402,2024,36,-10.442729,0.0,0.0
Alfredo Figaro,8404,2024,39,-11.033673,0.0,0.0
Bryan Price,8436,2024,37,-10.7143755,0.0,0.0
Danny Farquhar,8501,2024,37,-10.645992,0.0,0.0
Jeff Beliveau,8504,2024,37,-10.665149,0.0,0.0
Michael Kohn,8505,2024,38,-10.857027,0.0,0.0
Rob Wooten,8532,2024,38,-10.902016,0.0,0.0
Justin Miller,8580,2024,37,-10.7143755,0.0,0.0
Dustin McGowan,8600,2024,42,-11.581192,0.0,0.0
Wilking Rodriguez,8801,2024,34,-9.957262,0.0,0.0
Ryan Cook,8855,2024,37,-10.665149,0.0,0.0
David Martinez,8893,2024,36,-10.462838,0.0,0.0
Arquimedes Caminero,8992,2024,37,-10.691304,0.0,0.0
Adam Warren,9029,2024,36,-10.434904,0.0,0.0
John Axford,9059,2024,41,-11.436167,0.0,0.0
Kirby Yates,9073,2024,37,-10.7143755,0.0,0.0
Zach Putnam,9080,2024,36,-10.434904,0.0,0.0
T.J. House,9121,2024,34,-9.957262,0.0,0.0
Charlie Leesman,9124,2024,37,-10.691304,0.0,0.0
Sean O'Sullivan,9137,2024,36,-10.415516,0.0,0.0
Lester Oliveros,9167,2024,36,-10.403322,0.0,0.0
Kyle Lobstein,9178,2024,34,-9.957262,0.0,0.0
Vic Black,9195,2024,36,-10.462838,0.0,0.0
Koji Uehara,9227,2024,49,-12.534181,0.0,0.0
Alex Wilson,9239,2024,37,-10.691304,0.0,0.0
David Carpenter,9244,2024,36,-10.434904,0.0,0.0
Ryan Dennick,9261,2024,37,-10.7143755,0.0,0.0
Rob Scahill,9286,2024,37,-10.665149,0.0,0.0
Dylan Axelrod,9303,2024,38,-10.878505,0.0,0.0
Jared Hughes,9325,2024,38,-10.878505,0.0,0.0
Brandon Morrow,9346,2024,39,-11.07524,0.0,0.0
Josh Tomlin,9388,2024,39,-11.07524,0.0,0.0
John Holdzkom,9392,2024,36,-10.484798,0.0,0.0
Zac Rosscup,9419,2024,36,-10.462838,0.0,0.0
Ryan Buchter,9456,2024,37,-10.7143755,0.0,0.0
George Kontos,9486,2024,39,-11.07524,0.0,0.0
Phil Irwin,9489,2024,37,-10.691304,0.0,0.0
Jeremy Jeffress,9490,2024,36,-10.434904,0.0,0.0
Jose Ortega,9651,2024,35,-10.180082,0.0,0.0
Louis Coleman,9720,2024,38,-10.878505,0.0,0.0
Burke Badenhop,9736,2024,41,-11.436167,0.0,0.0
Rex Brothers,9794,2024,36,-10.434904,0.0,0.0
Miles Mikolas,9803,2024,35,-10.180082,0.0,0.0
Sergio Romo,9817,2024,41,-11.436167,0.0,0.0
Chaz Roe,9866,2024,37,-10.691304,0.0,0.0
Bryan Anderson,9871,2024,37,-10.314735,0.0,0.0
Michael Kirkman,9877,2024,37,-10.665149,0.0,0.0
Chris Rusin,9895,2024,37,-10.665149,0.0,0.0
Bobby Parnell,9926,2024,39,-11.07524,0.0,0.0
Brandon Kintzler,9939,2024,39,-11.07524,0.0,0.0
Todd Redmond,9943,2024,39,-11.07524,0.0,0.0
Mike Dunn,9948,2024,39,-11.07524,0.0,0.0
Tom Wilhelmsen,9975,2024,40,-11.260477,0.0,0.0
Taylor Thompson,10019,2024,37,-10.7143755,0.0,0.0
Ian Krol,10066,2024,33,-9.634587,0.0,0.0
Caleb Thielbar,10078,2024,37,-10.691304,0.0,0.0
Keith Butler,10080,2024,35,-10.21205,0.0,0.0
Dane de la Rosa,10095,2024,41,-11.436167,0.0,0.0
Brad Boxberger,10133,2024,36,-10.434904,0.0,0.0
Aaron Crow,10149,2024,37,-10.665149,0.0,0.0
Jose Ramirez,10171,2024,34,-9.957262,0.0,0.0
Melvin Mercedes,10181,2024,33,-9.654558,0.0,0.0
Tyler Skaggs,10190,2024,32,-9.264099,0.0,0.0
Aroldis Chapman,10233,2024,36,-10.434904,0.0,0.0
Bryan Morris,10234,2024,37,-10.665149,0.0,0.0
Alexi Ogando,10261,2024,40,-11.260477,0.0,0.0
Justin Marks,10265,2024,36,-10.484798,0.0,0.0
Tanner Scheppers,10267,2024,37,-10.665149,0.0,0.0
Chris Heston,10302,2024,36,-10.484798,0.0,0.0
Roman Mendez,10307,2024,33,-9.654558,0.0,0.0
Erasmo Ramirez,10314,2024,34,-9.901902,0.0,0.0
Michael Tonkin,10315,2024,34,-9.937107,0.0,0.0
Chad Jenkins,10326,2024,36,-10.434904,0.0,0.0
Nick Christiani,10332,2024,36,-10.462838,0.0,0.0
Edwin Escobar,10337,2024,32,-9.323222,0.0,0.0
Aaron Loup,10343,2024,36,-10.434904,0.0,0.0
Carlos Contreras,10386,2024,33,-9.654558,0.0,0.0
Wilfredo Tovar,10416,2024,32,-9.533741,0.0,0.0
Shawn Tolleson,10481,2024,36,-10.434904,0.0,0.0
Yoervis Medina,10498,2024,35,-10.21205,0.0,0.0
Preston Claiborne,10500,2024,36,-10.462838,0.0,0.0
Mario Hollands,10504,2024,35,-10.233206,0.0,0.0
Jake Petricka,10534,2024,36,-10.462838,0.0,0.0
Daniel Webb,10558,2024,34,-9.937107,0.0,0.0
Addison Reed,10586,2024,35,-10.180082,0.0,0.0
Chad Bettis,10587,2024,35,-10.21205,0.0,0.0
Chris Sale,10603,2024,35,-10.180082,0.0,0.0
Seth Rosin,10606,2024,35,-10.233206,0.0,0.0
Stephen Pryor,10663,2024,34,-9.901902,0.0,0.0
Red Patterson,10710,2024,37,-10.7143755,0.0,0.0
Trevor Rosenthal,10745,2024,34,-9.901902,0.0,0.0
Shane Greene,10756,2024,35,-10.233206,0.0,0.0
Josh Edgin,10796,2024,37,-10.665149,0.0,0.0
Jake Dunning,10803,2024,35,-10.21205,0.0,0.0
Mike Foltynewicz,10811,2024,32,-9.323222,0.0,0.0
Michael Mariot,10835,2024,35,-10.233206,0.0,0.0
Chasen Shreve,10855,2024,33,-9.654558,0.0,0.0
Jake Buchanan,10962,2024,34,-9.957262,0.0,0.0
Ben Rowen,10983,2024,35,-10.233206,0.0,0.0
C.J. Riefenhauser,11193,2024,34,-9.957262,0.0,0.0
Casey Sadler,11209,2024,33,-9.654558,0.0,0.0
Kevin Chapman,11240,2024,36,-10.462838,0.0,0.0
Aaron Barrett,11243,2024,36,-10.484798,0.0,0.0
Rob Rasmussen,11250,2024,35,-10.233206,0.0,0.0
Logan Darnell,11261,2024,35,-10.233206,0.0,0.0
Lisalverto Bonilla,11266,2024,34,-9.957262,0.0,0.0
Sean Nolin,11341,2024,34,-9.937107,0.0,0.0
A.J. Achter,11387,2024,35,-10.233206,0.0,0.0
Drew Pomeranz,11426,2024,35,-10.180082,0.0,0.0
Brandon Workman,11428,2024,35,-10.21205,0.0,0.0
Bryan Mitchell,11479,2024,33,-9.654558,0.0,0.0
Aaron Sanchez,11490,2024,31,-8.959252,0.0,0.0
Jose Dominguez,11571,2024,33,-9.634587,0.0,0.0
Mike Kickham,11618,2024,35,-10.21205,0.0,0.0
Heath Hembree,11632,2024,35,-10.21205,0.0,0.0
Sam Dyson,11710,2024,36,-10.434904,0.0,0.0
Erik Goeddel,11712,2024,35,-10.233206,0.0,0.0
Justin Grimm,11720,2024,35,-10.180082,0.0,0.0
Kyle Ryan,11753,2024,32,-9.323222,0.0,0.0
Drew Smyly,11760,2024,35,-10.180082,0.0,0.0
Hector Neris,11804,2024,35,-10.233206,0.0,0.0
Steve Delabar,11827,2024,40,-11.260477,0.0,0.0
James Paxton,11828,2024,35,-10.21205,0.0,0.0
Taijuan Walker,11836,2024,31,-8.940075,0.0,0.0
Chris Martin,11847,2024,38,-10.925044,0.0,0.0
Brett Bochy,11867,2024,36,-10.484798,0.0,0.0
Scott Snodgress,12020,2024,34,-9.957262,0.0,0.0
Brian Flynn,12027,2024,34,-9.937107,0.0,0.0
Yimi Garcia,12095,2024,33,-9.654558,0.0,0.0
Matt Stites,12165,2024,34,-9.957262,0.0,0.0
Cody Allen,12183,2024,35,-10.180082,0.0,0.0
Aaron Brooks,12272,2024,34,-9.957262,0.0,0.0
Leonel Campos,12277,2024,36,-10.484798,0.0,0.0
Evan Marshall,12297,2024,34,-9.957262,0.0,0.0
Chris Bassitt,12304,2024,35,-10.233206,0.0,0.0
Kevin Quackenbush,12360,2024,35,-10.233206,0.0,0.0
Spencer Patton,12361,2024,36,-10.484798,0.0,0.0
Drew Rucinski,12499,2024,35,-10.233206,0.0,0.0
Erik Johnson,12520,2024,34,-9.937107,0.0,0.0
Nick Maronde,12530,2024,34,-9.901902,0.0,0.0
Nathan Karns,12638,2024,36,-10.462838,0.0,0.0
Roenis Elias,12673,2024,35,-10.233206,0.0,0.0
Phil Klein,12675,2024,35,-10.233206,0.0,0.0
Trevor Bauer,12703,2024,33,-9.596989,0.0,0.0
Nick Martinez,12730,2024,33,-9.654558,0.0,0.0
Sonny Gray,12768,2024,34,-9.937107,0.0,0.0
Jairo Diaz,12774,2024,33,-9.654558,0.0,0.0
Carter Capps,12803,2024,33,-9.596989,0.0,0.0
Matt Barnes,12863,2024,34,-9.957262,0.0,0.0
Alex Claudio,12890,2024,32,-9.323222,0.0,0.0
Ken Giles,12910,2024,33,-9.654558,0.0,0.0
Wei-Yin Chen,13071,2024,38,-10.878505,0.0,0.0
Frank Garces,13144,2024,34,-9.957262,0.0,0.0
Carson Smith,13172,2024,34,-9.957262,0.0,0.0
Danny Coulombe,13293,2024,34,-9.957262,0.0,0.0
Cam Bedrosian,13360,2024,32,-9.323222,0.0,0.0
Paco Rodriguez,13398,2024,33,-9.596989,0.0,0.0
R.J. Alvarez,13401,2024,33,-9.654558,0.0,0.0
Drew VerHagen,13424,2024,33,-9.654558,0.0,0.0
Marcus Stroman,13431,2024,33,-9.654558,0.0,0.0
Mike Morin,13442,2024,33,-9.654558,0.0,0.0
Daniel Norris,13475,2024,31,-8.959252,0.0,0.0
Sam Tuivailala,13485,2024,31,-8.959252,0.0,0.0
Chad Smith,13604,2024,34,-9.957262,0.0,0.0
Michael Roth,13736,2024,34,-9.937107,0.0,0.0
Dominic Leone,13763,2024,32,-9.323222,0.0,0.0
Ian Thomas,13881,2024,37,-10.7143755,0.0,0.0
Kevin Gausman,14107,2024,33,-9.634587,0.0,0.0
Shae Simmons,14200,2024,33,-9.654558,0.0,0.0
Dario Alvarez,14239,2024,35,-10.233206,0.0,0.0
Wei-Chung Wang,14382,2024,32,-9.323222,0.0,0.0
Kyuji Fujikawa,14443,2024,43,-11.756524,0.0,0.0
Buck Farmer,14814,2024,33,-9.654558,0.0,0.0
Corey Knebel,15010,2024,32,-9.323222,0.0,0.0
Kyle Crockett,15033,2024,32,-9.323222,0.0,0.0
Kendall Graveman,15514,2024,33,-9.654558,0.0,0.0
Miguel Gonzalez,15675,2024,37,-10.7143755,0.0,0.0
Brandon Finnegan,16208,2024,31,-8.959252,0.0,0.0
Avisail Garcia,5760,2024,33,-7.7012167,0.0,0.0
David Murphy,6035,2024,42,-11.01919,0.0,0.0
Jeff Baker,2073,2024,43,-11.901716,0.0,0.0
Zach Walters,10622,2024,34,-9.869745,0.0,0.0
Geovany Soto,3707,2024,41,-11.321337,0.0,0.0
Brad Snyder,6052,2024,42,-11.5476265,0.0,0.0
Reid Brignac,8380,2024,38,-10.354988,0.0,0.0
Brayan Pena,3231,2024,42,-10.722425,0.0,0.0
Daniel Descalso,8392,2024,37,-9.369445,0.0,0.0
Xavier Nady,1658,2024,45,-12.440236,0.0,0.0
Michael A. Taylor,11489,2024,33,-10.58391,0.0,0.0
Adam Moore,9362,2024,40,-10.8589115,0.0,0.0
Jake Goebbert,9431,2024,36,-6.530941,0.0,0.0
Elian Herrera,5432,2024,39,-8.76512,0.0,0.0
Steve Clevenger,9542,2024,38,-11.365097,0.0,0.0
Steven Souza Jr.,5667,2024,35,-10.701083,0.0,0.0
Chris Valaika,1165,2024,38,-10.593121,0.0,0.0
Dan Butler,9968,2024,37,-11.167569,0.0,0.0
Logan Forsythe,7185,2024,37,-10.048224,0.0,0.0
Wil Myers,10047,2024,33,-6.304022,0.0,0.0
Jedd Gyorko,10816,2024,35,-9.72973,0.0,0.0
J.T. Realmuto,11739,2024,33,-10.200446,0.0,0.0
Moises Sierra,6050,2024,35,-9.28486,0.0,0.0
Ian Stewart,5950,2024,39,-8.344694,0.0,0.0
Xavier Scruggs,7409,2024,36,-10.921415,0.0,0.0
Christian Walker,13419,2024,33,-4.256076,0.0,0.0
Joaquin Arias,3817,2024,39,-10.353415,0.0,0.0
Yolmer Sanchez,11602,2024,32,-8.061347,0.0,0.0
Jason Bourgeois,2225,2024,42,-10.216788,0.0,0.0
Andy Marte,3203,2024,40,-10.104179,0.0,0.0
Tuffy Gosewisch,5277,2024,40,-11.713278,0.0,0.0
Freddy Galvis,6609,2024,34,-6.809372,0.0,0.0
Austin Romine,5491,2024,35,-10.597917,0.0,0.0
Carlos Triunfel,193,2024,34,-9.855125,0.0,0.0
Dean Anna,8353,2024,37,-9.470509,0.0,0.0
Nate McLouth,3190,2024,42,-6.0218744,0.0,0.09245889633893967
Justin Sellers,4006,2024,38,-10.506737,0.0,0.0
Vince Belnome,8126,2024,36,-10.484798,0.0,0.0
Curt Casali,12510,2024,35,-10.620533,0.0,0.0
Raffy Lopez,12606,2024,36,-10.484798,0.0,0.0
Jake Elmore,7290,2024,37,-9.388961,0.0,0.0
Luis Jimenez,6341,2024,36,-9.014451,0.0,0.0
Danny Worth,198,2024,38,-10.204582,0.0,0.0
Hector Gomez,2264,2024,36,-6.929991,0.0,0.0
Jorge De La Rosa,2047,2024,43,-11.752175,0.0,0.0
Alfredo Simon,2155,2024,43,-11.752175,0.0,0.0
Johnny Cueto,6893,2024,38,-10.878505,0.0,0.0
Franklin Morales,5088,2024,38,-10.878505,0.0,0.0
Brandon McCarthy,4662,2024,40,-11.260477,0.0,0.0
Kyle Lohse,739,2024,45,-12.027306,0.0,0.0
Ervin Santana,3200,2024,41,-11.436167,0.0,0.0
Gio Gonzalez,7448,2024,38,-10.878505,0.0,0.0
Jeff Locke,2929,2024,36,-10.434904,0.0,0.0
Francisco Liriano,3201,2024,40,-11.260477,0.0,0.0
Trevor Cahill,6249,2024,36,-10.434904,0.0,0.0
Yohan Flande,5057,2024,38,-10.925044,0.0,0.0
Mat Latos,3815,2024,36,-10.455065,0.0,0.0
Gavin Floyd,3886,2024,41,-11.436167,0.0,0.0
Tim Lincecum,5705,2024,40,-11.260477,0.0,0.0
Mike Bolsinger,11137,2024,36,-10.484798,0.0,0.0
Brett Jackson,9632,2024,35,-9.985481,0.0,0.0
Tyler Chatwood,4338,2024,34,-9.901902,0.0,0.0
Jesse Hahn,13287,2024,34,-9.957262,0.0,0.0
Joey Butler,7799,2024,38,-10.609767,0.0,0.0
Vidal Nuno,9674,2024,36,-10.462838,0.0,0.0
Tsuyoshi Wada,13046,2024,43,-11.767999,0.0,0.0
Mike Baxter,4464,2024,39,-11.276685,0.0,0.0
David Hale,9756,2024,36,-10.462838,0.0,0.0
Jamey Wright,715,2024,49,-12.534181,0.0,0.0
R.A. Dickey,1245,2024,49,-12.5420065,0.0,0.0
Rick Porcello,2717,2024,35,-10.180082,0.0,0.0
Danny Duffy,3542,2024,35,-10.180082,0.0,0.0
Carlos Frias,3547,2024,34,-9.957262,0.0,0.0
Jon Lester,4930,2024,40,-11.260477,0.0,0.0
Tony Abreu,5053,2024,39,-10.950178,0.0,0.0
Chris Tillman,5279,2024,36,-10.434904,0.0,0.0
Brad Peacock,5401,2024,36,-10.415516,0.0,0.0
Jair Jurrjens,5556,2024,38,3.526528,0.0,0.0
Jose Constanza,6003,2024,40,-9.693822,0.0,0.0
David Phelps,6316,2024,37,-10.665149,0.0,0.0
Stolmy Pimentel,6415,2024,34,-9.937107,0.0,0.0
Chase d'Arnaud,6652,2024,37,-6.3792706,0.0,0.0
Miguel Gonzalez,7024,2024,40,-11.260477,0.0,0.0
Phil Hughes,7450,2024,38,-10.878505,0.0,0.0
Carlos Torres,7624,2024,41,-11.436167,0.0,0.0
David Holmberg,7725,2024,32,-9.303462,0.0,0.0
Matt Hague,7772,2024,38,-10.511748,0.0,0.0
Jaff Decker,7945,2024,34,-9.822037,0.0,0.0
Guillermo Quiroz,7989,2024,42,-11.865486,0.0,0.0
Nick Greenwood,8182,2024,36,-10.484798,0.0,0.0
Cord Phelps,8631,2024,37,-10.944192,0.0,0.0
Ali Solis,8848,2024,36,-10.442729,0.0,0.0
Garrett Richards,9784,2024,36,-10.434904,0.0,0.0
Kevin Slowey,9918,2024,40,-11.238904,0.0,0.0
Lane Adams,10767,2024,34,-8.345941,0.0,0.0
Eric Jokisch,11157,2024,34,-9.957262,0.0,0.0
Aaron Altherr,11270,2024,33,-9.654558,0.0,0.0
Tommy Kahnle,11384,2024,34,-9.957262,0.0,0.0
Jose Quintana,11423,2024,35,-10.180082,0.0,0.0
Anthony Ranaudo,11424,2024,34,-9.957262,0.0,0.0
Rafael Montero,12760,2024,33,-9.654558,0.0,0.0
Eddie Butler,13453,2024,33,-9.654558,0.0,0.0
Matthew Clark,8793,2024,37,-10.980869,0.0,0.0
C.J. Cron,12546,2024,34,-10.427593,0.0,0.0
Kurt Suzuki,8259,2024,40,-11.409545,0.0,0.0
Eric Hosmer,3516,2024,34,-9.009142,0.0,0.0
Ryan Howard,2154,2024,44,-12.26922,0.0,0.0
Bobby Abreu,945,2024,50,-11.981608,0.0,0.0
Lyle Overbay,1617,2024,47,-12.030262,0.0,0.0
Grant Green,10053,2024,36,-9.692165,0.0,0.0
Alex Presley,5305,2024,38,-7.8176146,0.0,0.0
Don Kelly,2216,2024,44,-9.801148,0.0,0.0
Gordon Beckham,9015,2024,37,-10.338826,0.0,0.0
Justin Smoak,9054,2024,37,-10.952397,0.0,0.0
Cole Gillespie,5888,2024,40,-8.610909,0.0,0.0
Donnie Murphy,4704,2024,41,-10.766761,0.0,0.0
Adam Duvall,10950,2024,35,-6.3538547,0.0,0.0
Roger Bernadina,6421,2024,40,-9.477822,0.0,0.0
Jerry Sands,4016,2024,36,-10.733267,0.0,0.0
Koyie Hill,1829,2024,45,-12.115915,0.0,0.0
Tyler Pastornicky,6777,2024,34,-8.954405,0.0,0.0
Logan Schafer,7937,2024,37,-7.7773633,0.0,0.0
Zelous Wheeler,8822,2024,37,-11.096023,0.0,0.0
Omar Quintanilla,6335,2024,42,-11.83106,0.0,0.0
Yorman Rodriguez,9922,2024,31,-8.727618,0.0,0.0
Jack Hannahan,3692,2024,44,-12.054691,0.0,0.0
John McDonald,395,2024,49,-12.259301,0.0,0.0
Taylor Teagarden,5199,2024,40,-11.2778635,0.0,0.0
Brent Morel,6402,2024,37,-9.168352,0.0,0.0
Sandy Leon,5273,2024,35,-10.56138,0.0,0.0
Rafael Furcal,88,2024,46,-10.933583,0.0,0.0
Jason Rogers,11773,2024,36,-10.484798,0.0,0.0
Brooks Conrad,3664,2024,44,-11.099765,0.0,0.0
Guilder Rodriguez,3412,2024,40,-10.577548,0.0,0.0
Ryan Roberts,5653,2024,43,-11.831679,0.0,0.0
Darin Mastroianni,7316,2024,38,-8.529409,0.0,0.0
Irving Falu,6165,2024,41,-9.951861,0.0,0.0
Marco Scutaro,1555,2024,48,-11.926256,0.0,0.0
Yovani Gallardo,8173,2024,38,-10.878505,0.0,0.0
Tanner Roark,8753,2024,37,-10.691304,0.0,0.0
Julio Teheran,6797,2024,33,-9.596989,0.0,0.0
Lance Lynn,2520,2024,37,-10.665149,0.0,0.0
Eric Stults,8011,2024,44,-11.894427,0.0,0.0
Zack Wheeler,10310,2024,34,-9.937107,0.0,0.0
Alex Wood,13781,2024,33,-9.634587,0.0,0.0
Vance Worley,6435,2024,36,-10.434904,0.0,0.0
Juan Nicasio,7731,2024,37,-10.665149,0.0,0.0
Alex Guerrero,15670,2024,37,-8.363423,0.0,0.0
Cristhian Adames,6013,2024,32,-9.8499775,0.0,0.0
Yusmeiro Petit,4020,2024,39,-11.07524,0.0,0.0
Mike Fiers,7754,2024,39,-11.07524,0.0,0.0
Christian Bergman,10925,2024,36,-10.484798,0.0,0.0
Ronny Cedeno,2179,2024,41,-11.129589,0.0,0.0
Carlos Villanueva,4138,2024,40,-11.260477,0.0,0.0
Alexi Casilla,5248,2024,39,-8.773502,0.0,0.0
Jenrry Mejia,8476,2024,34,-9.901902,0.0,0.0
Ryan Lavarnway,8879,2024,36,-10.902555,0.0,0.0
Carlos Gonzalez,7287,2024,38,-8.108345,0.0,0.0
Dan Johnson,2167,2024,44,-11.959928,0.0,0.0
Ryan Wheeler,9312,2024,35,-10.321268,0.0,0.0
Andrew Brown,3837,2024,39,-11.198534,0.0,0.0
Cesar Hernandez,10556,2024,34,-8.125558,0.0,0.0
Chris Nelson,8175,2024,38,-9.170804,0.0,0.0
Miguel Olivo,1638,2024,45,-11.901909,0.0,0.0
Donald Lutz,10154,2024,35,-8.50287,0.0,0.0
Juan Centeno,7168,2024,34,-10.071149,0.0,0.0
Erisbel Arruebarrena,15809,2024,34,-7.366499,0.0,0.0
Caleb Gindl,5002,2024,35,-10.496511,0.0,0.0
Andrew Cashner,8782,2024,37,-10.209097,0.0,0.0
Kyle Parker,11763,2024,34,-9.575683,0.0,0.0
Maikel Franco,12179,2024,31,-6.500583,0.0,0.0
Elliot Johnson,4751,2024,40,-7.9064507,0.0,0.0
Jeff Francoeur,4792,2024,40,-9.565497,0.0,0.0
Xavier Paul,5963,2024,39,-11.239712,0.0,0.0
Jamie Romak,5552,2024,38,-10.925044,0.0,0.0
Nathan Eovaldi,9132,2024,34,-9.901902,0.0,0.0
Brad Glenn,7392,2024,37,-11.194419,0.0,0.0
Doug Fister,9425,2024,40,-11.260477,0.0,0.0
Roberto Hernandez,3273,2024,43,-11.752175,0.0,0.0
Matt Garza,3340,2024,40,-11.260477,0.0,0.0
Tim Hudson,921,2024,48,-12.414081,0.0,0.0
Charlie Morton,4676,2024,40,-11.260477,0.0,0.0
Dillon Gee,7396,2024,38,-10.878505,0.0,0.0
Brad Hand,9111,2024,34,-9.901902,0.0,0.0
Michael Wacha,14078,2024,32,-9.303462,0.0,0.0
Odrisamer Despaigne,16017,2024,37,-10.7143755,0.0,0.0
Jake Peavy,1051,2024,43,-11.752175,0.0,0.0
Josh Rutledge,11167,2024,35,-5.4175377,0.0,0.0
Prince Fielder,4613,2024,40,-11.630725,0.0,0.0
Ryan Ludwick,1260,2024,45,-12.052214,0.0,0.0
Grady Sizemore,2197,2024,41,-9.092209,0.0,0.0
Jay Bruce,9892,2024,37,-5.074451,0.0,0.0
Jose Tabata,2411,2024,35,-9.867553,0.0,0.0
Ryan Kalish,6962,2024,36,-6.032049,0.0,0.0
Logan Watkins,4875,2024,34,-5.5059133,0.0,0.0
Josh Thole,9689,2024,37,-10.341823,0.0,0.0
Junior Lake,4672,2024,34,-3.317086,0.0,0.46509766578674316
Eric Fryer,8145,2024,38,-8.669136,0.0,0.0
John Buck,2041,2024,43,-11.637282,0.0,0.0
Roger Kieschnick,5225,2024,37,-8.800191,0.0,0.0
Mark Ellis,1443,2024,47,-9.767221,0.0,0.0
Alex Gonzalez,520,2024,47,-12.252783,0.0,0.0
Shane Robinson,4249,2024,39,-10.533741,0.0,0.0
Josh Satin,6788,2024,39,-11.536246,0.0,0.0
Michael Martinez,7358,2024,41,-11.535412,0.0,0.0
Tim Federowicz,8609,2024,36,-10.27161,0.0,0.0
Chris Dominguez,9718,2024,37,-10.806527,0.0,0.0
Aaron Harang,1451,2024,46,-12.154722,0.0,0.0
Wily Peralta,7738,2024,35,-10.180082,0.0,0.0
Tom Koehler,6570,2024,38,-10.878505,0.0,0.0
Edinson Volquez,3990,2024,40,-11.260477,0.0,0.0
Chase Anderson,6895,2024,36,-10.484798,0.0,0.0
Mark Trumbo,6876,2024,38,-10.212303,0.0,0.0
Josmil Pinto,6806,2024,35,-10.384759,0.0,0.0
Carlos Beltran,589,2024,47,-11.578476,0.0,0.0
Billy Butler,7399,2024,38,-11.226317,0.0,0.0
Aaron Hill,6104,2024,42,-10.372113,0.0,0.0
Mitch Moreland,3086,2024,38,-11.379629,0.0,0.0
Adrian Nieto,10294,2024,34,-10.073027,0.0,0.0
Anthony Recker,4063,2024,40,-9.884081,0.0,0.0
Reed Johnson,1702,2024,47,-12.089261,0.0,0.0
Kevin Frandsen,7528,2024,42,-11.774855,0.0,0.0
Mike Olt,10698,2024,35,-10.0402975,0.0,0.0
Jason Giambi,818,2024,53,-13.341995,0.0,0.0
Jesus Guzman,3118,2024,40,-9.593387,0.0,0.0
Nick Ahmed,12147,2024,34,-9.383161,0.0,0.0
Brennan Boesch,914,2024,39,-6.50421,0.0,0.0
Juan Perez,5371,2024,37,-10.361306,0.0,0.0
Cameron Rupp,11146,2024,35,-10.588928,0.0,0.0
Daric Barton,5928,2024,38,-10.658469,0.0,0.0
Greg Dobbs,2158,2024,45,-12.238295,0.0,0.0
JB Shuck,6677,2024,37,-5.692031,0.0,0.0
Andy Wilkins,11251,2024,35,-8.614841,0.0,0.0
Eli Whiteside,3536,2024,44,-7.9296236,0.0,0.0
Neftali Soto,5663,2024,35,-9.536916,0.0,0.0
Chris Colabello,13051,2024,40,-10.7116585,0.0,0.0
Cody Ross,1760,2024,43,-11.510562,0.0,0.0
J.P. Arencibia,697,2024,38,-11.294294,0.0,0.0
Marc Krauss,7577,2024,36,-10.846346,0.0,0.0
Carlos Quentin,6274,2024,41,-11.931273,0.0,0.0
Rymer Liriano,4779,2024,33,-5.3822947,0.0,0.0
Scott Hairston,1926,2024,44,-11.666819,0.0,0.0
Mike Carp,7480,2024,38,-10.81992,0.0,0.0
Ryan Goins,9807,2024,36,-10.711792,0.0,0.0
Carlos Pena,934,2024,46,-11.177541,0.0,0.0
Jesus Aguilar,11342,2024,34,-10.493861,0.0,0.0
Bartolo Colon,375,2024,51,-12.80939,0.0,0.0
Ryan Doumit,2113,2024,43,-11.556631,0.0,0.0
Christian Bethancourt,10028,2024,32,-8.341922,0.0,0.0
L.J. Hoes,6656,2024,34,-8.944665,0.0,0.0
Brendan Ryan,6073,2024,42,-10.974438,0.0,0.0
Jeff Bianchi,9958,2024,37,-10.721655,0.0,0.0
Dioner Navarro,3179,2024,40,-11.277384,0.0,0.0
Jason Kubel,2161,2024,42,-10.794144,0.0,0.0
Skip Schumaker,3704,2024,44,-11.211822,0.0,0.0
Stephen Drew,4251,2024,41,-11.321469,0.0,0.0
Chris Herrmann,9284,2024,36,-9.170633,0.0,0.0
Justin Maxwell,6827,2024,40,-9.669177,0.0,0.0
Dayan Viciedo,3917,2024,35,-10.506573,0.0,0.0
Jon Singleton,10441,2024,32,-6.8475065,0.0,0.0
Alfonso Soriano,847,2024,48,-10.2762165,0.0,0.0
Corey Hart,1945,2024,42,-10.870641,0.0,0.0
Oscar Taveras,11173,2024,32,-9.595342,0.0,0.0
Will Middlebrooks,7002,2024,35,-9.953349,0.0,0.0
Alfredo Marte,5212,2024,35,-9.821005,0.0,0.0
Dan Uggla,3442,2024,44,-11.494877,0.0,0.0
Jayson Nix,3790,2024,41,-8.374936,0.0,0.0
Paul Konerko,242,2024,48,-12.769432,0.0,0.0
Nate Schierholtz,6201,2024,40,-9.4679575,0.0,0.0
Tomas Telis,10067,2024,33,-4.256076,0.0,0.0
Charlie Culberson,3298,2024,35,-6.1657686,0.0,0.0
Tony Gwynn,6141,2024,41,-8.970113,0.0,0.0
Domonic Brown,3154,2024,36,-9.140767,0.0,0.0
Jordan Pacheco,2677,2024,38,-11.3087,0.0,0.0
John Baker,4756,2024,43,-12.040909,0.0,0.0
Brett Hayes,4293,2024,40,-10.765974,0.0,0.0
Raul Ibanez,607,2024,52,-12.137023,0.0,0.0
Stefen Romero,11746,2024,35,-9.788904,0.0,0.0
A.J. Pierzynski,746,2024,47,-12.532584,0.0,0.0
Matt Dominguez,4903,2024,34,-10.2613325,0.0,0.0
Alberto Callaspo,3336,2024,41,-11.632981,0.0,0.0
Ryan Raburn,2218,2024,43,-12.069083,0.0,0.0
Bryan Holaday,11287,2024,36,-10.128016,0.0,0.0
Tony Cruz,2802,2024,37,-10.289633,0.0,0.0
Kendrys Morales,8610,2024,41,-11.865146,0.0,0.0
Allen Craig,3433,2024,39,-11.036716,0.0,0.0
Gerald Laird,1698,2024,44,-12.163875,0.0,0.0
Nick Swisher,4599,2024,43,-11.880507,0.0,0.0
A.J. Ellis,5677,2024,43,-12.079387,0.0,0.0
Jarrod Saltalamacchia,5557,2024,39,-10.919395,0.0,0.0
Michael Choice,11376,2024,34,-10.203082,0.0,0.0
Mookie Betts,13611,2025,32,11.68818,44.67926788330078,10.364603996276855
Arismendy Alcantara,10711,2025,33,10.981326,42.35440444946289,9.687241554260254
Jose Ramirez,13510,2025,32,10.663629,41.91287612915039,9.437564849853516
Gregory Polanco,12907,2025,33,10.597033,41.73814010620117,9.75478458404541
Rusney Castillo,17016,2025,37,12.216083,40.90203857421875,9.0431489944458
Christian Yelich,11477,2025,33,10.155352,40.88022994995117,9.38538932800293
Mike Trout,10155,2025,33,10.041663,40.10289001464844,9.1005277633667
Terrance Gore,13658,2025,34,9.771975,39.38163375854492,9.210113525390625
Danny Santana,10322,2025,34,9.359324,38.61166000366211,9.050860404968262
Kolten Wong,12532,2025,34,9.257781,38.38931655883789,8.896829605102539
Jonathan Villar,10071,2025,34,8.89599,37.90399932861328,8.957369804382324
Anthony Gose,5097,2025,34,8.71842,36.98876953125,8.558425903320312
Cory Spangenberg,12294,2025,34,8.450454,36.943450927734375,8.685587882995605
Eury Perez,10299,2025,35,8.804446,36.86280822753906,8.580220222473145
Jake Marisnick,11339,2025,34,8.467852,36.15076446533203,8.408426284790039
Leury Garcia,5913,2025,34,8.418292,35.708961486816406,8.313770294189453
Jean Segura,5933,2025,35,8.04051,35.444419860839844,8.28967571258545
Billy Hamilton,10199,2025,34,7.025448,34.69392013549805,8.404439926147461
Jose Altuve,5417,2025,35,7.6254187,34.57371139526367,8.093979835510254
Billy Burns,12701,2025,35,7.492745,34.287052154541016,8.019430160522461
James Jones,9767,2025,36,7.4577017,33.90632629394531,7.999432563781738
Elvis Andrus,8709,2025,36,7.0781107,33.13190841674805,7.813126564025879
Chris Taylor,13757,2025,34,7.68708,33.04021072387695,7.899911880493164
Starling Marte,9241,2025,36,6.834897,32.7642936706543,7.756388187408447
Matt den Dekker,11385,2025,37,6.7363057,32.16734313964844,7.646071910858154
Luis Sardinas,13153,2025,32,7.5245233,31.620630264282227,7.995037078857422
Leonys Martin,11846,2025,37,6.223686,31.388486862182617,7.5204362869262695
Shawn O'Malley,9629,2025,37,6.245526,31.076353073120117,7.425166130065918
Ben Revere,4712,2025,37,5.456462,29.885799407958984,7.195539474487305
Dee Strange-Gordon,8203,2025,37,4.792512,29.0369873046875,7.082373142242432
Jordan Schafer,9883,2025,38,4.7846575,28.386207580566406,6.955667972564697
Alcides Escobar,6310,2025,38,4.4469924,27.765531539916992,6.954513072967529
Everth Cabrera,8155,2025,38,4.4121757,27.657445907592773,6.887585639953613
Jason Kipnis,9776,2025,38,4.230425,27.36524200439453,6.954928398132324
Anthony Rendon,12861,2025,35,4.495277,26.241634368896484,7.268919467926025
Charlie Blackmon,7859,2025,38,2.995679,25.407133102416992,6.955434322357178
Carlos Gomez,4881,2025,39,2.8680735,24.99460220336914,6.6954426765441895
Pedro Ciriaco,5278,2025,39,2.5958025,24.345142364501953,6.7594475746154785
A.J. Pollock,9256,2025,37,2.5584762,24.323354721069336,7.045386791229248
Emilio Bonifacio,4054,2025,40,2.399235,24.22479820251465,6.548599720001221
Jimmy Paredes,5481,2025,36,3.0021234,23.866559982299805,6.990454196929932
Eric Young Jr.,7158,2025,40,2.1548603,23.823028564453125,6.55609655380249
Lorenzo Cain,9077,2025,39,1.9268433,23.777179718017578,6.748692035675049
Jarrod Dyson,4866,2025,40,1.8559086,23.415584564208984,6.5656514167785645
Pedro Florimon,8385,2025,38,1.8432801,23.098960876464844,6.8243184089660645
Antoan Richardson,209,2025,41,1.6484485,22.957420349121094,6.443207740783691
Desmond Jennings,1965,2025,38,1.6544478,22.87044906616211,6.805988311767578
Jason Heyward,4940,2025,35,2.7340083,22.320640563964844,6.824115753173828
Craig Gentry,9571,2025,41,0.9237281,22.040191650390625,6.430895805358887
James McCann,12859,2025,35,2.7456498,21.978755950927734,6.745639324188232
Jacoby Ellsbury,4727,2025,41,0.51010734,21.493844985961914,6.384104251861572
Drew Stubbs,9328,2025,40,-0.11118503,20.458375930786133,6.3444294929504395
Tony Campana,4964,2025,39,0.04712381,19.971769332885742,6.31584358215332
Adam Eaton,11205,2025,36,1.2789932,19.841312408447266,6.414090633392334
Andrew McCutchen,9847,2025,38,0.25328398,19.555673599243164,6.285012245178223
Brett Gardner,9927,2025,41,-0.9676841,19.367008209228516,5.976186752319336
Eduardo Nunez,6848,2025,38,0.08250117,19.10891342163086,6.212625503540039
Denard Span,8347,2025,41,-1.2492663,19.032224655151367,5.869897842407227
Jose Reyes,1736,2025,42,-1.4190716,18.899335861206055,5.723179817199707
Javier Baez,12979,2025,32,2.5020716,18.2530574798584,6.29560661315918
Carl Crawford,1201,2025,43,-2.1143808,17.70058822631836,5.311934947967529
Brian Dozier,9810,2025,38,-0.317216,17.6047420501709,5.903560161590576
Michael Brantley,4106,2025,38,-0.43834826,17.285390853881836,5.8216166496276855
Rajai Davis,3708,2025,44,-2.6373057,16.793964385986328,4.968581676483154
Angel Pagan,2918,2025,43,-2.6702616,16.625886917114258,5.026919364929199
Brock Holt,9345,2025,37,-0.44915736,15.58187484741211,5.506785869598389
Christian Colon,11145,2025,36,-0.14050934,14.994977951049805,5.43229341506958
Alex Hassan,9959,2025,37,0.7015085,14.648964881896973,5.283061981201172
Ian Desmond,6885,2025,39,-1.7302413,14.635909080505371,5.077131271362305
Ezequiel Carrera,9048,2025,38,-1.2871593,14.558427810668945,5.147174835205078
Nyjer Morgan,4885,2025,44,-3.283651,13.557839393615723,4.300477981567383
Coco Crisp,1572,2025,45,-4.220487,12.712296485900879,3.9052703380584717
Sam Fuld,8254,2025,43,-3.7562354,12.342327117919922,4.05379056930542
Kristopher Negron,5306,2025,39,-2.0445633,12.070268630981445,4.420598983764648
Jimmy Rollins,971,2025,46,-4.798594,11.80493450164795,3.5810253620147705
Melvin Upton Jr.,5015,2025,40,-2.909245,11.633057594299316,4.18838357925415
Dexter Fowler,4062,2025,39,-2.3838987,11.501392364501953,4.238166332244873
Chris Getz,3388,2025,41,-3.3854141,11.401813507080078,4.014652252197266
Austin Jackson,9848,2025,38,-2.120055,11.065621376037598,4.190581798553467
Alejandro De Aza,3371,2025,41,-3.6487594,11.056620597839355,3.9011058807373047
Michael Bourn,6387,2025,42,-3.9757087,10.549225807189941,3.6738414764404297
Juan Lagares,5384,2025,36,-1.374533,10.348052978515625,4.112959384918213
Ender Inciarte,4922,2025,34,-0.6605851,10.29581356048584,4.221741676330566
Josh Harrison,8202,2025,37,-1.9314185,9.8215913772583,3.880527973175049
Jace Peterson,12325,2025,35,-0.99220717,9.709965705871582,3.9683361053466797
Andrew Romine,1159,2025,39,-2.9881735,8.825444221496582,3.446775436401367
Quintin Berry,9414,2025,40,-3.3731406,8.546396255493164,3.293419599533081
Nori Aoki,13075,2025,43,-4.8417015,8.269017219543457,2.9516165256500244
Jorge Polanco,13152,2025,31,0.030904267,8.207125663757324,3.4523141384124756
Didi Gregorius,6012,2025,35,-1.6414183,6.348694801330566,2.8232247829437256
Jemile Weeks,2498,2025,38,-3.1013117,6.087403774261475,2.616642713546753
Alex Rios,2090,2025,44,-5.5466385,6.0263166427612305,2.226832389831543
Ian Kinsler,6195,2025,43,-5.1842012,5.5031561851501465,2.1438727378845215
Alexei Ramirez,5133,2025,43,-5.3880806,4.896790981292725,1.9505963325500488
Chris Owings,10030,2025,33,-1.6207179,4.475300312042236,2.193471670150757
Aaron Hicks,5297,2025,35,-2.2956226,4.308145999908447,2.135697603225708
Paul Goldschmidt,9218,2025,37,-3.431118,2.9767043590545654,1.6270304918289185
Jason Bartlett,8219,2025,45,-3.4581637,2.9428317546844482,1.8293763399124146
Yasiel Puig,14225,2025,34,-2.5145137,2.3361077308654785,1.4216184616088867
Alexi Amarista,9063,2025,36,-3.2105513,2.1739108562469482,1.328803300857544
Todd Frazier,785,2025,39,-4.687948,1.1164361238479614,0.9637618660926819
Jim Adduci,6448,2025,40,-4.9387107,1.0561467409133911,0.9287973642349243
Chone Figgins,1580,2025,47,-7.4145365,1.0104235410690308,0.557405948638916
Jordan Danks,9187,2025,38,-4.4605994,0.4056170880794525,0.7496421337127686
Buster Posey,9166,2025,38,-11.638711,0.0,0.0
Jonathan Lucroy,7870,2025,39,-11.034039,0.0,0.0
Giancarlo Stanton,4949,2025,35,-7.0188236,0.0,0.0
Jose Bautista,1887,2025,44,-11.279602,0.0,0.0
Russell Martin,4616,2025,42,-10.747952,0.0,0.0
Adrian Beltre,639,2025,46,-12.679124,0.0,0.0
Josh Donaldson,5038,2025,39,-10.427077,0.0,0.0
Robinson Cano,3269,2025,42,-10.475334,0.0,0.0
Alex Gordon,5209,2025,41,-6.642131,0.0,0.0
Jose Abreu,15676,2025,38,-11.280074,0.0,0.0
Anthony Rizzo,3473,2025,35,-9.610316,0.0,0.0
Jayson Werth,1327,2025,46,-9.340727,0.0,0.0
Miguel Cabrera,1744,2025,42,-12.25527,0.0,0.0
Kyle Seager,9785,2025,37,-9.542825,0.0,0.0
Troy Tulowitzki,3531,2025,40,-11.335061,0.0,0.0
Yan Gomes,9627,2025,37,-11.269303,0.0,0.0
Rene Rivera,3648,2025,41,-12.32072,0.0,0.0
Ben Zobrist,7435,2025,44,-8.882022,0.0,0.0
Victor Martinez,393,2025,46,-12.301995,0.0,0.0
Adam Jones,6368,2025,39,-6.5377874,0.0,0.0
Jhonny Peralta,1738,2025,43,-11.892452,0.0,0.0
Howie Kendrick,4229,2025,41,-9.042551,0.0,0.0
Steve Pearce,9957,2025,42,-9.862823,0.0,0.0
Freddie Freeman,5361,2025,35,-10.015249,0.0,0.0
Marcell Ozuna,10324,2025,34,-8.579623,0.0,0.0
Erick Aybar,4082,2025,41,-5.8511114,0.0,0.2933748662471771
Neil Walker,7539,2025,39,-10.919954,0.0,0.0
Hunter Pence,8252,2025,42,-6.146368,0.0,0.14091965556144714
Mike Zunino,13265,2025,34,-10.116882,0.0,0.0
Devin Mesoraco,5666,2025,37,-10.891666,0.0,0.0
Nelson Cruz,2434,2025,44,-11.791587,0.0,0.0
J.D. Martinez,6184,2025,37,-9.977156,0.0,0.0
Dustin Pedroia,8370,2025,41,-9.597923,0.0,0.0
Edwin Encarnacion,2151,2025,42,-11.295528,0.0,0.0
Justin Upton,5222,2025,37,-5.9582915,0.0,0.0
Hanley Ramirez,8001,2025,41,-7.2113285,0.0,0.0
Adrian Gonzalez,1908,2025,43,-12.477193,0.0,0.0
Chase Utley,1679,2025,46,-8.829787,0.0,0.0
Evan Longoria,9368,2025,39,-10.516293,0.0,0.0
Yoenis Cespedes,13110,2025,39,-8.4991865,0.0,0.0
Justin Turner,5235,2025,40,-10.537138,0.0,0.0
Juan Uribe,454,2025,46,-12.639345,0.0,0.0
Kole Calhoun,11200,2025,37,-8.447728,0.0,0.0
Trevor Plouffe,7462,2025,39,-11.454848,0.0,0.0
Matt Carpenter,8090,2025,39,-10.03432,0.0,0.0
Chase Headley,4720,2025,41,-10.439427,0.0,0.0
Pablo Sandoval,5409,2025,38,-11.731421,0.0,0.0
Miguel Montero,3364,2025,41,-12.015699,0.0,0.0
Matt Holliday,1873,2025,45,-11.975868,0.0,0.0
Starlin Castro,4579,2025,35,-9.122848,0.0,0.0
Luis Valbuena,4969,2025,39,-11.189295,0.0,0.0
Yadier Molina,7007,2025,42,-12.097609,0.0,0.0
Brian McCann,4810,2025,41,-12.294708,0.0,0.0
Lucas Duda,2502,2025,39,-11.032464,0.0,0.0
Melky Cabrera,4022,2025,40,-10.63515,0.0,0.0
Travis d'Arnaud,7739,2025,36,-11.163773,0.0,0.0
Tyler Flowers,9134,2025,39,-11.71801,0.0,0.0
J.J. Hardy,3797,2025,42,-12.531081,0.0,0.0
Corey Dickerson,10762,2025,36,-8.352946,0.0,0.0
Scott Van Slyke,4365,2025,38,-10.346185,0.0,0.0
Kevin Kiermaier,11038,2025,35,-5.6695013,0.0,0.0
Yasmani Grandal,11368,2025,36,-10.735935,0.0,0.0
Hank Conger,2505,2025,37,-11.2356615,0.0,0.0
Seth Smith,7331,2025,42,-12.040867,0.0,0.0
Albert Pujols,1177,2025,45,-12.129707,0.0,0.0
Brandon Moss,4467,2025,41,-11.520741,0.0,0.0
Brandon Crawford,5343,2025,38,-10.064467,0.0,0.0
Nolan Arenado,9777,2025,34,-10.178188,0.0,0.0
Evan Gattis,11003,2025,38,-11.802363,0.0,0.0
Eduardo Escobar,6153,2025,36,-9.397555,0.0,0.0
Matt Kemp,5631,2025,40,-9.503327,0.0,0.0
Daniel Murphy,4316,2025,40,-5.85318,0.0,0.0
David Freese,9549,2025,42,-11.868271,0.0,0.0
Chris Coghlan,6878,2025,40,-9.122739,0.0,0.0
Justin Morneau,1737,2025,44,-12.590709,0.0,0.0
Carlos Santana,2396,2025,39,-10.867693,0.0,0.0
Manny Machado,11493,2025,32,-9.196946,0.0,0.0
Nick Markakis,5930,2025,41,-11.556124,0.0,0.0
Daniel Nava,5450,2025,42,-10.412921,0.0,0.0
David Ortiz,745,2025,49,-13.445609,0.0,0.0
Derek Norris,6867,2025,36,-9.880359,0.0,0.0
Marlon Byrd,950,2025,47,-11.773037,0.0,0.0
Mike Napoli,3057,2025,43,-11.890646,0.0,0.0
Josh Reddick,3892,2025,38,-8.118531,0.0,0.0
Jason Castro,8722,2025,38,-10.775818,0.0,0.0
Christian Vazquez,9774,2025,34,-10.812466,0.0,0.0
Adam LaRoche,1904,2025,45,-12.5085945,0.0,0.0
Chris Iannetta,8267,2025,42,-11.513906,0.0,0.0
Jordy Mercer,6547,2025,38,-10.880315,0.0,0.0
George Springer,12856,2025,35,-3.772882,0.0,0.28396183252334595
Francisco Cervelli,5275,2025,39,-11.347361,0.0,0.0
Chris Carter,9911,2025,38,-10.656002,0.0,0.0
Michael Saunders,9981,2025,38,-4.89151,0.0,0.1664312779903412
Casey McGehee,6086,2025,42,-11.620297,0.0,0.0
Gregor Blanco,3123,2025,41,-6.0197425,0.0,0.19263313710689545
Asdrubal Cabrera,4962,2025,39,-9.020561,0.0,0.0
Matt Adams,9393,2025,36,-10.520623,0.0,0.0
Carlos Ruiz,2579,2025,46,-11.721283,0.0,0.0
Salvador Perez,7304,2025,35,-10.884088,0.0,0.0
Caleb Joseph,7087,2025,39,-11.703159,0.0,0.0
Adam Lind,8027,2025,41,-12.173996,0.0,0.0
Aramis Ramirez,1002,2025,47,-12.537256,0.0,0.0
Scooter Gennett,10339,2025,35,-9.449627,0.0,0.0
Conor Gillaspie,9009,2025,37,-10.534757,0.0,0.0
Jon Jay,5227,2025,40,-9.862932,0.0,0.0
Joe Mauer,1857,2025,42,-10.765623,0.0,0.0
Yangervis Solarte,5352,2025,37,-11.464652,0.0,0.0
Brandon Guyer,2636,2025,39,-5.629056,0.0,0.0
Jed Lowrie,4418,2025,41,-12.276541,0.0,0.0
Andrelton Simmons,10847,2025,35,-9.7009,0.0,0.0
Michael Cuddyer,1534,2025,46,-10.59646,0.0,0.0
Michael Morse,3035,2025,43,-12.607069,0.0,0.0
Travis Snider,2830,2025,37,-10.484031,0.0,0.0
Lonnie Chisenhall,7571,2025,36,-10.267993,0.0,0.0
Bryce Harper,11579,2025,32,-6.442483,0.0,0.0
Brett Lawrie,5247,2025,35,-8.179075,0.0,0.0
David Wright,3787,2025,42,-8.445858,0.0,0.0
Stephen Vogt,5000,2025,40,-10.649633,0.0,0.0
Colby Rasmus,9893,2025,38,-8.011302,0.0,0.0
Martin Prado,3312,2025,41,-11.230002,0.0,0.0
Matt Joyce,3353,2025,40,-10.109759,0.0,0.0
Chris Stewart,3878,2025,43,-12.086449,0.0,0.0
Ruben Tejada,5519,2025,35,-10.2599125,0.0,0.0
Ryan Hanigan,4952,2025,44,-12.536192,0.0,0.0
Khris Davis,9112,2025,37,-10.720123,0.0,0.0
Josh Willingham,2103,2025,46,-11.882903,0.0,0.0
Cliff Pennington,3395,2025,41,-5.6271887,0.0,0.4399750232696533
Collin Cowgill,7250,2025,39,-8.9342165,0.0,0.0
Brandon Phillips,791,2025,44,-11.649454,0.0,0.0
Rickie Weeks Jr.,1849,2025,42,-10.738182,0.0,0.0
Madison Bumgarner,5524,2025,35,-10.6413,0.0,0.0
Marwin Gonzalez,5497,2025,36,-9.631535,0.0,0.0
Joe Panik,11936,2025,34,-8.233377,0.0,0.0
Martin Maldonado,6887,2025,38,-11.591653,0.0,0.0
Robinson Chirinos,3142,2025,41,-12.152805,0.0,0.0
Dustin Ackley,10099,2025,37,-6.179662,0.0,0.0
Alex Avila,7476,2025,38,-11.2311,0.0,0.0
Zack Cozart,2616,2025,39,-8.92403,0.0,0.0
Ryan Zimmerman,4220,2025,40,-11.655722,0.0,0.0
Juan Francisco,6978,2025,38,-11.33645,0.0,0.0
Curtis Granderson,4747,2025,44,-8.804763,0.0,0.0
David Lough,7215,2025,39,-7.0240045,0.0,0.0
Carlos Corporan,5587,2025,41,-12.197256,0.0,0.0
Wilmer Flores,5827,2025,33,-9.448514,0.0,0.0
Brad Miller,12775,2025,35,-5.5697713,0.0,0.0
Peter Bourjos,2578,2025,38,-5.0903144,0.0,0.0
Kirk Nieuwenhuis,6400,2025,37,-5.518826,0.0,0.0
Ryan Braun,3410,2025,41,-8.581081,0.0,0.0
Torii Hunter,731,2025,49,-11.867889,0.0,0.0
Josh Hamilton,1875,2025,44,-11.0041065,0.0,0.0
Enrique Hernandez,10472,2025,33,-7.0172095,0.0,0.0
Ichiro Suzuki,1101,2025,51,-8.803522,0.0,0.008906909264624119
Darwin Barney,2430,2025,39,-10.088776,0.0,0.0
David Ross,1551,2025,48,-12.46904,0.0,0.0
David Peralta,2136,2025,37,-8.155938,0.0,0.0
Rougned Odor,12282,2025,31,-7.001331,0.0,0.0
Wilson Ramos,1433,2025,37,-11.178806,0.0,0.0
Andre Ethier,6265,2025,43,-11.687744,0.0,0.0
Mark Reynolds,7619,2025,41,-10.796038,0.0,0.0
Jake Smolinski,5408,2025,36,-10.009319,0.0,0.0
Delmon Young,2140,2025,39,-11.273304,0.0,0.0
Oswaldo Arcia,10306,2025,34,-9.832323,0.0,0.0
James Loney,4556,2025,41,-11.839926,0.0,0.0
Adam Rosales,9682,2025,42,-9.14361,0.0,0.0
Chris Davis,9272,2025,39,-10.52916,0.0,0.0
Travis Wood,9884,2025,38,-11.135605,0.0,0.0
Chris Young,3882,2025,41,-8.02811,0.0,0.0
Eugenio Suarez,12552,2025,33,-8.019915,0.0,0.0
Michael McKenry,9628,2025,40,-11.345559,0.0,0.0
Joey Votto,4314,2025,41,-11.567843,0.0,0.0
Andrew Susac,13132,2025,35,-7.8859196,0.0,0.0
Brandon Belt,10264,2025,37,-9.952699,0.0,0.0
Logan Morrison,9205,2025,37,-10.238027,0.0,0.0
Donovan Solano,8623,2025,37,-10.694985,0.0,0.0
Zack Greinke,1943,2025,41,-11.496319,0.0,0.0
Jose Molina,25,2025,50,-12.633539,0.0,0.0
Jorge Soler,14221,2025,33,-7.5394278,0.0,0.0
Mark Teixeira,1281,2025,45,-12.453728,0.0,0.0
Gerardo Parra,8553,2025,38,-7.635238,0.0,0.0
Ramon Santiago,1417,2025,45,-11.847337,0.0,0.0
Ryan Flaherty,7888,2025,38,-9.377115,0.0,0.0
Chris Heisey,3978,2025,40,-8.073793,0.0,0.0
Will Venable,211,2025,42,-6.698197,0.0,0.0
Drew Butera,3411,2025,41,-12.159552,0.0,0.0
Kevin Kouzmanoff,5995,2025,43,-12.395713,0.0,0.0
Matt Wieters,4298,2025,39,-11.471036,0.0,0.0
John Jaso,5887,2025,41,-11.206136,0.0,0.0
Ike Davis,8433,2025,38,-11.28572,0.0,0.0
Cody Asche,11997,2025,35,-10.472868,0.0,0.0
Tommy Medica,11147,2025,37,-6.718558,0.0,0.0
Roberto Perez,2900,2025,36,-11.03001,0.0,0.0
Robbie Grossman,5254,2025,35,-8.350778,0.0,0.0
Kelly Johnson,2234,2025,43,-10.88258,0.0,0.0
Danny Espinosa,9219,2025,38,-7.4557943,0.0,0.0
Erik Kratz,4403,2025,45,-12.820885,0.0,0.0
Kyle Blanks,49,2025,38,-11.364784,0.0,0.0
Rafael Ynoa,2832,2025,37,-11.169799,0.0,0.0
Kennys Vargas,12101,2025,34,-9.650169,0.0,0.0
Justin Ruggiano,7620,2025,43,-9.034022,0.0,0.0
David DeJesus,1825,2025,45,-11.49664,0.0,0.0
John Mayberry,3390,2025,41,-11.678413,0.0,0.0
Gregorio Petit,3812,2025,40,-11.05814,0.0,0.0
Travis Ishikawa,4793,2025,41,-11.550382,0.0,0.0
John Ryan Murphy,10346,2025,34,-8.381476,0.0,0.0
Yonder Alonso,2530,2025,38,-9.124122,0.0,0.0
Marcus Semien,12533,2025,34,-8.574789,0.0,0.0
Danny Valencia,6364,2025,40,-11.492345,0.0,0.0
Adeiny Hechavarria,10459,2025,36,-9.0210905,0.0,0.0
Omar Infante,1609,2025,43,-9.312669,0.0,0.0
Abraham Almonte,5486,2025,36,-8.389283,0.0,0.0
Jose Lobaton,4243,2025,40,-12.066925,0.0,0.0
Mike Leake,10130,2025,37,-11.111179,0.0,0.0
Shelby Miller,10197,2025,34,-10.259681,0.0,0.0
Clayton Kershaw,2036,2025,37,-10.124631,0.0,0.0
Ben Paulsen,9741,2025,37,-11.568274,0.0,0.0
Eric Chavez,906,2025,47,-11.887617,0.0,0.0
Adam Dunn,319,2025,45,-12.648812,0.0,0.0
Ryan Rua,12409,2025,35,-9.970616,0.0,0.0
Wilin Rosario,8002,2025,36,-10.875892,0.0,0.0
Shin-Soo Choo,3174,2025,42,-9.038593,0.0,0.0
Derek Dietrich,10542,2025,35,-3.9996839,0.0,0.0
Nick Castellanos,11737,2025,33,-9.862593,0.0,0.0
Kevin Pillar,12434,2025,36,-8.493631,0.0,0.0
Eric Campbell,6938,2025,38,-10.610271,0.0,0.0
Yunel Escobar,4191,2025,42,-12.087879,0.0,0.0
Chris Johnson,1191,2025,40,-11.398491,0.0,0.0
Ryan Sweeney,6352,2025,40,-11.588477,0.0,0.0
Chris Gimenez,7324,2025,42,-11.422732,0.0,0.0
Mike Moustakas,4892,2025,36,-10.910895,0.0,0.0
Munenori Kawasaki,13047,2025,44,-11.437802,0.0,0.0
Wil Nieves,1556,2025,47,-12.4455595,0.0,0.0
Brandon Hicks,4003,2025,39,-11.196078,0.0,0.0
Jonathan Schoop,11265,2025,33,-9.558945,0.0,0.0
Jacob deGrom,10954,2025,37,-11.141007,0.0,0.0
Adam Wainwright,2233,2025,43,-12.273307,0.0,0.0
Nick Evans,7595,2025,39,-11.601907,0.0,0.0
Pete Kozma,2539,2025,37,-7.208854,0.0,0.0
Garin Cecchini,11608,2025,34,-6.9198008,0.0,0.0
Jhoulys Chacin,2608,2025,37,-11.09386,0.0,0.0
Garrett Jones,2714,2025,44,-12.678271,0.0,0.0
Pedro Alvarez,2495,2025,38,-9.78017,0.0,0.0
Darin Ruf,9929,2025,38,-11.746015,0.0,0.0
Welington Castillo,3256,2025,38,-11.763924,0.0,0.0
Randal Grichuk,10243,2025,33,-9.852714,0.0,0.0
DJ LeMahieu,9874,2025,36,-5.184223,0.0,0.0
Brian Roberts,166,2025,47,-9.235889,0.0,0.0
Jonny Gomes,1845,2025,44,-11.781461,0.0,0.0
Ramiro Pena,8841,2025,39,-10.570508,0.0,0.0
Maicer Izturis,2437,2025,44,-8.070063,0.0,0.0
Phil Gosselin,10953,2025,36,-7.917078,0.0,0.0
Clint Barmes,1830,2025,46,-12.026212,0.0,0.0
Cameron Maybin,5223,2025,38,-7.382584,0.0,0.0
Tyler Holt,11391,2025,36,-6.1960034,0.0,0.0
Jordan Lyles,7593,2025,34,-10.259681,0.0,0.0
Jake Arrieta,4153,2025,39,-11.53861,0.0,0.0
Cole Hamels,4972,2025,41,-11.944209,0.0,0.0
Gerrit Cole,13125,2025,34,-10.296364,0.0,0.0
Dan Haren,1757,2025,44,-12.430914,0.0,0.0
Tyson Ross,7872,2025,38,-11.32445,0.0,0.0
Carlos Rivero,1136,2025,37,-11.141007,0.0,0.0
Jose Pirela,5485,2025,35,-10.6144705,0.0,0.0
George Kottaras,5506,2025,42,-11.48739,0.0,0.0
Gary Brown,11464,2025,36,-8.038064,0.0,0.0
Max Stassi,10059,2025,34,-10.484527,0.0,0.0
Marco Gonzales,15467,2025,33,-9.988171,0.0,0.0
Matt McBride,9373,2025,40,-10.939917,0.0,0.0
Andres Blanco,1907,2025,41,-12.211815,0.0,0.0
Scott Sizemore,2881,2025,40,-9.876538,0.0,0.0
Dalton Pompey,12797,2025,32,-7.555873,0.0,0.0
Justin Bour,9744,2025,37,-11.5889845,0.0,0.0
Dilson Herrera,14335,2025,31,-9.885943,0.0,0.0
Sean Rodriguez,6589,2025,40,-10.810884,0.0,0.0
Shane Victorino,1677,2025,44,-7.9135485,0.0,0.0
Daniel Robertson,6266,2025,39,-7.2561436,0.0,0.0
Tommy La Stella,12371,2025,36,-10.568822,0.0,0.0
Efren Navarro,9854,2025,39,-7.4489827,0.0,0.0
Derek Jeter,826,2025,51,-11.598824,0.0,0.0
Joe Kelly,9761,2025,37,-8.823353,0.0,0.0
Nick Punto,1429,2025,47,-11.4071,0.0,0.0
Josh Wilson,2102,2025,44,-11.710182,0.0,0.0
Jaime Garcia,8137,2025,38,-11.32445,0.0,0.0
Jeff Mathis,3448,2025,42,-12.249467,0.0,0.0
Jackie Bradley Jr.,12984,2025,35,-7.7365685,0.0,0.0
Cliff Lee,1636,2025,46,-12.097802,0.0,0.0
Jacob Turner,10185,2025,34,-10.259681,0.0,0.0
Josh Beckett,510,2025,45,-12.578722,0.0,0.0
Mike Minor,10021,2025,37,-11.09386,0.0,0.0
Jordan Zimmermann,4505,2025,39,-11.558286,0.0,0.0
Henderson Alvarez,5669,2025,35,-10.562252,0.0,0.0
Ian Kennedy,6986,2025,40,-11.756247,0.0,0.0
Buddy Carlyle,2010,2025,47,-12.864034,0.0,0.0
Brian Schlitter,3599,2025,39,-11.505034,0.0,0.0
Jeanmar Gomez,9033,2025,37,-11.09386,0.0,0.0
Gus Schlosser,12321,2025,36,-10.889263,0.0,0.0
Jeurys Familia,5114,2025,35,-10.562252,0.0,0.0
Zach McAllister,2895,2025,37,-11.09386,0.0,0.0
Clay Buchholz,3543,2025,40,-11.737808,0.0,0.0
Pedro Villarreal,9904,2025,37,-11.09386,0.0,0.0
Drew Hutchison,10732,2025,34,-10.279668,0.0,0.0
Robbie Ray,11486,2025,33,-9.988171,0.0,0.0
Nick Tepesch,11716,2025,36,-10.869606,0.0,0.0
Brad Penny,535,2025,47,-12.866764,0.0,0.0
Colby Lewis,1259,2025,45,-12.577966,0.0,0.0
Seth Maness,12235,2025,36,-10.869606,0.0,0.0
Donn Roach,10620,2025,35,-10.6144705,0.0,0.0
Doug Bernier,4518,2025,45,-11.736625,0.0,0.0
Brandon Barnes,629,2025,39,-9.674074,0.0,0.0
Nolan Reimold,3441,2025,41,-9.914131,0.0,0.0
James Shields,7059,2025,43,-12.273307,0.0,0.0
Craig Stammen,7274,2025,41,-11.926315,0.0,0.0
Chris Parmelee,2554,2025,37,-11.071159,0.0,0.0
Endy Chavez,768,2025,47,-10.816494,0.0,0.0
Tyler Moore,7244,2025,38,-11.381283,0.0,0.0
Steve Tolleson,4450,2025,41,-11.575871,0.0,0.0
Justin Verlander,8700,2025,42,-12.105399,0.0,0.0
Daniel Corcino,9266,2025,34,-10.314645,0.0,0.0
Bud Norris,9492,2025,40,-11.737808,0.0,0.0
Tony Sanchez,6178,2025,37,-11.560512,0.0,0.0
Xander Bogaerts,12161,2025,32,-8.146253,0.0,0.0
Tyler Colvin,5310,2025,39,-10.802636,0.0,0.0
Willie Bloomquist,1066,2025,47,-11.077781,0.0,0.0
Jake Lamb,13329,2025,34,-7.259287,0.0,0.0
Kevin Correia,1767,2025,44,-12.393233,0.0,0.0
Carlos Peguero,8760,2025,38,-6.33364,0.0,0.0
Jordany Valdespin,5098,2025,37,-6.751807,0.0,0.0
Matt Duffy,13836,2025,34,-9.1607065,0.0,0.0
Johnny Giavotella,6740,2025,37,-8.432295,0.0,0.0
Ed Lucas,7532,2025,43,-11.464244,0.0,0.0
Eric Sogard,7927,2025,39,-5.9519644,0.0,0.0
Hector Sanchez,10289,2025,35,-10.193525,0.0,0.0
Wandy Rodriguez,2586,2025,46,-12.7173,0.0,0.0
Carlos Martinez,11682,2025,33,-9.970007,0.0,0.0
Alex Cobb,6562,2025,37,-11.09386,0.0,0.0
Miguel Rojas,7802,2025,36,-11.125798,0.0,0.0
Jesus Sucre,5942,2025,37,-9.946772,0.0,0.0
Bronson Arroyo,978,2025,48,-12.981846,0.0,0.0
Tyler Matzek,10058,2025,34,-10.314645,0.0,0.0
Daisuke Matsuzaka,7775,2025,44,-12.430914,0.0,0.0
Jeff Samardzija,3254,2025,40,-11.737808,0.0,0.0
Edwin Jackson,1841,2025,41,-11.942747,0.0,0.0
Matt Cain,4732,2025,40,-11.755749,0.0,0.0
Jarred Cosart,10304,2025,35,-10.595903,0.0,0.0
Wade Miley,8779,2025,38,-11.32445,0.0,0.0
Hyun-Jin Ryu,14444,2025,38,-11.34898,0.0,0.0
Kyle Hendricks,12049,2025,35,-10.6144705,0.0,0.0
A.J. Burnett,512,2025,48,-12.981846,0.0,0.0
David Buchanan,11176,2025,36,-10.889263,0.0,0.0
Stephen Strasburg,10131,2025,36,-10.861488,0.0,0.0
Jon Niese,4424,2025,38,-11.345938,0.0,0.0
Francisco Pena,8298,2025,35,-10.6144705,0.0,0.0
Antonio Bastardo,8844,2025,39,-11.53861,0.0,0.0
J.J. Hoover,9037,2025,37,-11.09386,0.0,0.0
Audry Perez,9176,2025,36,-10.869606,0.0,0.0
Andrew Chafin,12988,2025,35,-10.6144705,0.0,0.0
Joey Terdoslavich,10593,2025,36,-11.302995,0.0,0.0
Steven Moya,11854,2025,33,-9.988171,0.0,0.0
Jackson Williams,8524,2025,39,-11.882658,0.0,0.0
Clint Robinson,6908,2025,40,-12.065627,0.0,0.0
Josh Phegley,9308,2025,37,-11.377181,0.0,0.0
Nate Freiman,6582,2025,38,-11.7966795,0.0,0.0
Bryce Brentz,10607,2025,36,-3.8583367,0.0,0.22285126149654388
Gaby Sanchez,3361,2025,41,-11.652473,0.0,0.0
Jason Lane,1397,2025,48,-12.94833,0.0,0.0
Tony Watson,3132,2025,40,-11.737808,0.0,0.0
David Huff,4257,2025,40,-11.737808,0.0,0.0
John Danks,6329,2025,40,-11.737808,0.0,0.0
Taylor Hill,12515,2025,36,-10.889263,0.0,0.0
Tyler Collins,12723,2025,35,-10.844588,0.0,0.0
Michael Taylor,2591,2025,39,-11.57726,0.0,0.0
Jesus Montero,5514,2025,35,-10.768057,0.0,0.0
Chris Dickerson,7095,2025,43,-8.64093,0.0,0.0
Nick Hundley,3376,2025,41,-11.7879095,0.0,0.0
Matt Szczur,11255,2025,35,-8.608228,0.0,0.0
Steve Lombardozzi,5422,2025,36,-10.140394,0.0,0.0
Andrew Lambo,5386,2025,36,-11.072831,0.0,0.0
Cole Figueroa,8790,2025,38,-9.823932,0.0,0.0
Chris Denorfia,4400,2025,44,-9.330846,0.0,0.0
Anibal Sanchez,3284,2025,41,-11.926315,0.0,0.0
Zeke Spruill,3873,2025,35,-10.595903,0.0,0.0
Samuel Deduno,5285,2025,41,-11.926315,0.0,0.0
Yu Darvish,13074,2025,38,-11.32445,0.0,0.0
Jonathan Herrera,4182,2025,40,-10.763205,0.0,0.0
Ehire Adrianza,8418,2025,35,-10.22622,0.0,0.0
Greg Garcia,10951,2025,35,-8.575243,0.0,0.0
Hernan Perez,5751,2025,34,-9.975659,0.0,0.0
Tyler Thornburg,10688,2025,36,-10.83892,0.0,0.0
Robbie Ross Jr.,6819,2025,36,-10.83892,0.0,0.0
Dan Straily,9460,2025,36,-10.83892,0.0,0.0
Nick Tropeano,12385,2025,34,-10.314645,0.0,0.0
Hector Santiago,4026,2025,37,-11.09386,0.0,0.0
Bobby Wilson,6564,2025,42,-12.143991,0.0,0.0
Kyle Gibson,10123,2025,37,-11.120575,0.0,0.0
Dallas Beeler,11471,2025,36,-10.889263,0.0,0.0
Yordano Ventura,11855,2025,34,-10.296364,0.0,0.0
Andy Parrino,3972,2025,39,-11.651148,0.0,0.0
Joc Pederson,11899,2025,33,-9.629246,0.0,0.0
Tucker Barnhart,10200,2025,34,-8.477517,0.0,0.0
Nick Franklin,10166,2025,34,-8.10947,0.0,0.0
Jonathan Diaz,4142,2025,40,-8.828619,0.0,0.0
Brett Anderson,8223,2025,37,-11.09386,0.0,0.0
Corey Kluber,2429,2025,39,-11.53861,0.0,0.0
Christian Friedrich,7942,2025,37,-11.102334,0.0,0.0
Chase Whitley,10982,2025,36,-10.889263,0.0,0.0
Felix Doubront,1478,2025,37,-11.09386,0.0,0.0
Justin Masterson,2038,2025,40,-11.737808,0.0,0.0
Ross Detwiler,2859,2025,39,-11.53861,0.0,0.0
C.J. Wilson,3580,2025,44,-12.430914,0.0,0.0
Jerome Williams,1137,2025,43,-12.273307,0.0,0.0
Jimmy Nelson,10547,2025,36,-10.869606,0.0,0.0
Homer Bailey,8362,2025,39,-11.53861,0.0,0.0
Josh Collmenter,7312,2025,39,-11.53861,0.0,0.0
Ryan Vogelsong,1011,2025,47,-12.850194,0.0,0.0
Kyle Kendrick,6230,2025,40,-11.737808,0.0,0.0
Jason Hammel,4538,2025,42,-12.105399,0.0,0.0
Randy Wolf,976,2025,48,-12.832352,0.0,0.0
Tim Stauffer,6432,2025,43,-12.273307,0.0,0.0
Tony Cingrani,12555,2025,35,-10.289197,0.0,0.0
Brandon Cumpton,11366,2025,36,-10.869606,0.0,0.0
Anthony DeSclafani,13050,2025,35,-10.6144705,0.0,0.0
Robbie Erlin,10354,2025,34,-10.296364,0.0,0.0
John Lackey,1507,2025,46,-12.707998,0.0,0.0
Marco Estrada,1118,2025,41,-11.926315,0.0,0.0
Jeff Kobernus,9591,2025,37,-10.321124,0.0,0.0
Dallas Keuchel,9434,2025,37,-11.09386,0.0,0.0
Taylor Jordan,10466,2025,36,-10.869606,0.0,0.0
Jose Fernandez,11530,2025,32,-9.614813,0.0,0.0
Andrew Heaney,15423,2025,34,-10.314645,0.0,0.0
Blake Treinen,12572,2025,37,-11.141007,0.0,0.0
Tyler Lyons,11334,2025,37,-11.120575,0.0,0.0
Randall Delgado,5985,2025,35,-10.562252,0.0,0.0
Masahiro Tanaka,15764,2025,36,-10.889263,0.0,0.0
Jake Odorizzi,6397,2025,35,-10.562252,0.0,0.0
Hisashi Iwakuma,13048,2025,44,-12.430914,0.0,0.0
Paul Maholm,8678,2025,43,-12.273307,0.0,0.0
Jeremy Guthrie,2072,2025,46,-12.7173,0.0,0.0
Neftali Feliz,18,2025,37,-11.09386,0.0,0.0
Xavier Cedeno,36,2025,38,-11.32445,0.0,0.0
Erik Bedard,126,2025,46,-12.7173,0.0,0.0
Mark Buehrle,225,2025,46,-12.7173,0.0,0.0
Daniel McCutchen,263,2025,42,-12.08768,0.0,0.0
Kyle Farnsworth,278,2025,49,-13.112733,0.0,0.0
Blake Beavan,338,2025,36,-10.83892,0.0,0.0
CC Sabathia,404,2025,44,-12.430914,0.0,0.0
Fernando Rodney,494,2025,48,-12.981846,0.0,0.0
Jason Grilli,521,2025,48,-12.981846,0.0,0.0
Hector Ambriz,559,2025,41,-11.926315,0.0,0.0
Jeremy Affeldt,583,2025,46,-12.7173,0.0,0.0
Grant Balfour,718,2025,47,-12.850194,0.0,0.0
LaTroy Hawkins,729,2025,52,-13.526444,0.0,0.0
Bruce Chen,769,2025,48,-12.981846,0.0,0.0
Scott Downs,773,2025,49,-13.112733,0.0,0.0
Randy Choate,813,2025,49,-13.112733,0.0,0.0
Kris Johnson,886,2025,40,-11.759959,0.0,0.0
Scott Carroll,888,2025,40,-11.780566,0.0,0.0
Joe Beimel,979,2025,48,-13.023789,0.0,0.0
Aaron Thompson,999,2025,38,-11.311443,0.0,0.0
Rafael Soriano,1100,2025,45,-12.578722,0.0,0.0
Joe Nathan,1122,2025,50,-13.24527,0.0,0.0
Tommy Hunter,1157,2025,38,-11.32445,0.0,0.0
Adam Ottavino,1247,2025,39,-11.53861,0.0,0.0
Pedro Beato,1330,2025,38,-11.32445,0.0,0.0
Curtis Partch,1333,2025,38,-11.34898,0.0,0.0
Blake Wood,1345,2025,39,-11.518844,0.0,0.0
Evan Reed,1349,2025,39,-11.561246,0.0,0.0
Nick Hagadone,1351,2025,39,-11.53861,0.0,0.0
Charlie Furbush,1370,2025,39,-11.53861,0.0,0.0
Joaquin Benoit,1437,2025,47,-12.850194,0.0,0.0
Jon Edwards,1483,2025,37,-11.141007,0.0,0.0
Oliver Perez,1514,2025,43,-12.273307,0.0,0.0
Sean Doolittle,1581,2025,38,-11.32445,0.0,0.0
Francisco Rodriguez,1642,2025,43,-12.273307,0.0,0.0
Javier Lopez,1663,2025,47,-12.850194,0.0,0.0
Chris Capuano,1701,2025,46,-12.7173,0.0,0.0
Jose Valverde,1726,2025,47,-12.850194,0.0,0.0
Kevin Gregg,1793,2025,47,-12.850194,0.0,0.0
J.J. Putz,1795,2025,48,-12.981846,0.0,0.0
Neal Cotts,1797,2025,45,-12.534132,0.0,0.0
Humberto Quintero,1824,2025,45,-12.714609,0.0,0.0
Matt Belisle,1837,2025,45,-12.578722,0.0,0.0
Shawn Camp,1855,2025,49,-13.112733,0.0,0.0
Sean Burnett,1886,2025,42,-12.105399,0.0,0.0
Matt Moore,1890,2025,36,-10.83892,0.0,0.0
Jason Frasor,1906,2025,47,-12.850194,0.0,0.0
Matt Thornton,1918,2025,48,-12.981846,0.0,0.0
Frank Francisco,1933,2025,45,-12.578722,0.0,0.0
Mike Adams,1937,2025,46,-12.7173,0.0,0.0
Justin Germano,1938,2025,42,-12.105399,0.0,0.0
Raul Valdes,1953,2025,47,-12.850194,0.0,0.0
Ivan Nova,1994,2025,38,-11.32445,0.0,0.0
Matt Guerrier,2061,2025,46,-12.7173,0.0,0.0
Jose Veras,2063,2025,44,-12.430914,0.0,0.0
Heath Bell,2080,2025,47,-12.850194,0.0,0.0
Chad Qualls,2170,2025,46,-12.7173,0.0,0.0
Ronald Belisario,2203,2025,42,-12.105399,0.0,0.0
Blaine Boyer,2237,2025,43,-12.243112,0.0,0.0
Brandon Gomes,2267,2025,40,-11.737808,0.0,0.0
Joel Peralta,2332,2025,49,-13.112733,0.0,0.0
Anthony Varvaro,2385,2025,40,-11.737808,0.0,0.0
Hector Rondon,2391,2025,37,-11.120575,0.0,0.0
Cory Rasmus,2413,2025,37,-11.120575,0.0,0.0
Eric Surkamp,2540,2025,37,-11.075369,0.0,0.0
Joe Paterson,2565,2025,39,-11.53861,0.0,0.0
Scott Atchison,2642,2025,49,-13.112733,0.0,0.0
Brian Matusz,2646,2025,38,-11.32445,0.0,0.0
Corey Brown,2650,2025,39,-11.203514,0.0,0.0
Brett Cecil,2660,2025,38,-11.32445,0.0,0.0
Joba Chamberlain,2692,2025,39,-11.53861,0.0,0.0
Scott Rice,2743,2025,43,-12.283768,0.0,0.0
Carlos Marmol,2790,2025,42,-12.105399,0.0,0.0
Joe Savery,2835,2025,39,-11.53861,0.0,0.0
Drake Britton,2868,2025,36,-10.869606,0.0,0.0
Santiago Casilla,2873,2025,44,-12.430914,0.0,0.0
Luis Avilan,2882,2025,35,-10.562252,0.0,0.0
Juan Oviedo,2886,2025,43,-12.243112,0.0,0.0
Tommy Pham,2967,2025,37,-11.141007,0.0,0.0
Bruce Billings,3044,2025,39,-11.521694,0.0,0.0
Kenley Jansen,3096,2025,37,-11.09386,0.0,0.0
Max Scherzer,3137,2025,40,-11.737808,0.0,0.0
Tim Collins,3164,2025,35,-10.562252,0.0,0.0
David Price,3184,2025,39,-11.53861,0.0,0.0
Will Harris,3192,2025,40,-11.737808,0.0,0.0
Chris Young,3196,2025,46,-12.724613,0.0,0.0
Josh Stinson,3219,2025,37,-11.09386,0.0,0.0
Jean Machi,3220,2025,43,-12.273307,0.0,0.0
T.J. McFarland,3237,2025,36,-10.869606,0.0,0.0
Zack Britton,3240,2025,37,-11.09386,0.0,0.0
Ryan Rowland-Smith,3245,2025,42,-12.0502405,0.0,0.0
Juan Gutierrez,3265,2025,41,-11.906166,0.0,0.0
Jordan Walden,3271,2025,37,-11.09386,0.0,0.0
Joe Smith,3281,2025,41,-11.926315,0.0,0.0
Nate Adcock,3282,2025,37,-11.063592,0.0,0.0
Hiroki Kuroda,3283,2025,50,-13.24527,0.0,0.0
Hector Noesi,3292,2025,38,-11.32445,0.0,0.0
Chris Hatcher,3299,2025,40,-11.737808,0.0,0.0
Darren O'Day,3321,2025,42,-12.105399,0.0,0.0
Cesar Ramos,3357,2025,41,-11.926315,0.0,0.0
Ubaldo Jimenez,3374,2025,41,-11.926315,0.0,0.0
Jumbo Diaz,3397,2025,41,-11.96573,0.0,0.0
Kevin Whelan,3462,2025,41,-11.9068,0.0,0.0
Andre Rienzo,3507,2025,36,-10.869606,0.0,0.0
Liam Hendriks,3548,2025,36,-10.83892,0.0,0.0
Jim Johnson,3656,2025,42,-12.105399,0.0,0.0
Logan Ondrusek,3677,2025,40,-11.737808,0.0,0.0
Brandon League,3731,2025,42,-12.105399,0.0,0.0
Cesar Jimenez,3762,2025,40,-11.717719,0.0,0.0
Felipe Paulino,3777,2025,41,-11.906668,0.0,0.0
Ricky Nolasco,3830,2025,42,-12.105399,0.0,0.0
Zach Duke,3840,2025,42,-12.105399,0.0,0.0
Brett Oberholtzer,3855,2025,35,-10.595903,0.0,0.0
Rubby de la Rosa,3862,2025,36,-10.83892,0.0,0.0
Ethan Martin,3877,2025,36,-10.869606,0.0,0.0
Casey Fien,3926,2025,41,-11.926315,0.0,0.0
David Carpenter,3959,2025,39,-11.53861,0.0,0.0
Edward Mujica,3970,2025,41,-11.926315,0.0,0.0
Allen Webster,3993,2025,35,-10.595903,0.0,0.0
Josh Outman,4004,2025,40,-11.737808,0.0,0.0
Eury De la Rosa,4055,2025,35,-10.595903,0.0,0.0
Brian Duensing,4064,2025,42,-12.105399,0.0,0.0
Pedro Strop,4070,2025,40,-11.737808,0.0,0.0
Junichi Tazawa,4079,2025,39,-11.53861,0.0,0.0
Erik Cordier,4086,2025,39,-11.583108,0.0,0.0
James Russell,4089,2025,39,-11.53861,0.0,0.0
Luke Gregerson,4090,2025,41,-11.926315,0.0,0.0
Derek Holland,4141,2025,38,-11.32445,0.0,0.0
Wilton Lopez,4227,2025,41,-11.926315,0.0,0.0
Jered Weaver,4235,2025,42,-12.105399,0.0,0.0
Brad Lincoln,4241,2025,40,-11.737808,0.0,0.0
Mark Melancon,4264,2025,40,-11.737808,0.0,0.0
Manny Parra,4279,2025,42,-12.105399,0.0,0.0
Matt Albers,4300,2025,42,-12.105399,0.0,0.0
Justin Wilson,4301,2025,37,-11.09386,0.0,0.0
Aaron Poreda,4313,2025,38,-11.280651,0.0,0.0
Kyle Drabek,4359,2025,37,-11.09386,0.0,0.0
Craig Breslow,4363,2025,44,-12.430914,0.0,0.0
Joe Saunders,4366,2025,44,-12.430914,0.0,0.0
Jeremy Hellickson,4371,2025,38,-11.32445,0.0,0.0
Brad Mills,4420,2025,40,-11.716381,0.0,0.0
Josh Wall,4436,2025,38,-11.32445,0.0,0.0
Pedro Hernandez,4578,2025,36,-10.83892,0.0,0.0
Matt Lindstrom,4604,2025,45,-12.578722,0.0,0.0
Bobby Korecky,4608,2025,45,-12.544381,0.0,0.0
Jason Pridie,4611,2025,41,-11.541083,0.0,0.0
Joe Thatcher,4620,2025,43,-12.273307,0.0,0.0
Sam LeCure,4664,2025,41,-11.926315,0.0,0.0
Pat Neshek,4682,2025,44,-12.430914,0.0,0.0
Jeff Francis,4684,2025,44,-12.430914,0.0,0.0
Nate Jones,4696,2025,39,-11.53861,0.0,0.0
Sergio Santos,4734,2025,41,-11.926315,0.0,0.0
Donnie Veal,4741,2025,40,-11.737808,0.0,0.0
Jonathan Broxton,4759,2025,41,-11.926315,0.0,0.0
Felix Hernandez,4772,2025,39,-11.53861,0.0,0.0
Matt Shoemaker,4776,2025,38,-11.34898,0.0,0.0
Vinnie Pestano,4782,2025,40,-11.737808,0.0,0.0
Rich Hill,4806,2025,45,-12.578722,0.0,0.0
Brandon Maurer,4878,2025,34,-10.296364,0.0,0.0
Scott Kazmir,4897,2025,41,-11.906166,0.0,0.0
Justin De Fratus,4955,2025,37,-11.09386,0.0,0.0
Fernando Salas,4971,2025,40,-11.737808,0.0,0.0
Fernando Abad,4994,2025,39,-11.53861,0.0,0.0
Jake Diekman,5003,2025,38,-11.32445,0.0,0.0
Bo Schultz,5028,2025,39,-11.583108,0.0,0.0
Dale Thayer,5032,2025,44,-12.430914,0.0,0.0
Josh Fields,5070,2025,39,-11.561246,0.0,0.0
Evan Meek,5109,2025,42,-12.08768,0.0,0.0
Alfredo Aceves,5164,2025,42,-12.105399,0.0,0.0
C.C. Lee,5177,2025,38,-11.34898,0.0,0.0
Ernesto Frieri,5178,2025,39,-11.53861,0.0,0.0
Mike Pelfrey,5203,2025,41,-11.926315,0.0,0.0
Chris Perez,5213,2025,39,-11.53861,0.0,0.0
Wade LeBlanc,5221,2025,40,-11.737808,0.0,0.0
Blake Parker,5224,2025,40,-11.737808,0.0,0.0
Rudy Owens,5226,2025,37,-11.141007,0.0,0.0
Vin Mazzaro,5231,2025,38,-11.32445,0.0,0.0
Jose Alvarez,5358,2025,36,-10.869606,0.0,0.0
Phillippe Aumont,5362,2025,36,-10.83892,0.0,0.0
Michael Pineda,5372,2025,36,-10.835374,0.0,0.0
Jorge De Leon,5397,2025,37,-11.120575,0.0,0.0
Pedro Baez,5420,2025,37,-11.141007,0.0,0.0
Jesse Chavez,5448,2025,41,-11.926315,0.0,0.0
Arodys Vizcaino,5498,2025,34,-10.26376,0.0,0.0
Dana Eveland,5508,2025,41,-11.906668,0.0,0.0
Boone Logan,5525,2025,40,-11.737808,0.0,0.0
Maikel Cleto,5529,2025,36,-10.83892,0.0,0.0
Phil Coke,5535,2025,42,-12.105399,0.0,0.0
Matt Harrison,5551,2025,39,-11.53861,0.0,0.0
Tyler Clippard,5640,2025,40,-11.737808,0.0,0.0
Brooks Brown,5679,2025,40,-11.780566,0.0,0.0
Josh Lueke,5722,2025,40,-11.737808,0.0,0.0
Eric O'Flaherty,5746,2025,40,-11.737808,0.0,0.0
Jorge Rondon,5791,2025,37,-11.141007,0.0,0.0
Jason Motte,5861,2025,43,-12.258513,0.0,0.0
Danny Salazar,5867,2025,35,-10.595903,0.0,0.0
Gonzalez Germen,5876,2025,37,-11.120575,0.0,0.0
Darin Downs,5903,2025,40,-11.737808,0.0,0.0
Sean Marshall,5905,2025,42,-12.105399,0.0,0.0
Wesley Wright,5960,2025,40,-11.737808,0.0,0.0
Jonathan Papelbon,5975,2025,44,-12.430914,0.0,0.0
Francisley Bueno,5980,2025,44,-12.430914,0.0,0.0
Kelvin Herrera,6033,2025,35,-10.562252,0.0,0.0
Matt Pagnozzi,6046,2025,42,-11.818949,0.0,0.0
Joe Wieland,6109,2025,35,-10.578454,0.0,0.0
Juan Jaime,6127,2025,37,-11.141007,0.0,0.0
Scott Baker,6176,2025,43,-12.256299,0.0,0.0
Dellin Betances,6216,2025,37,-11.075369,0.0,0.0
Tom Gorzelanny,6244,2025,42,-12.105399,0.0,0.0
Scott Feldman,6283,2025,42,-12.105399,0.0,0.0
Esmil Rogers,6317,2025,39,-11.53861,0.0,0.0
Al Alburquerque,6324,2025,39,-11.53861,0.0,0.0
Ryan Feierabend,6336,2025,39,-11.402649,0.0,0.0
Chris Archer,6345,2025,36,-10.862241,0.0,0.0
Henry Rodriguez,6371,2025,38,-11.32445,0.0,0.0
Trevor May,6398,2025,35,-10.6144705,0.0,0.0
Jose Cisnero,6399,2025,36,-10.869606,0.0,0.0
Kevin Jepsen,6475,2025,40,-11.737808,0.0,0.0
Steve Cishek,6483,2025,39,-11.53861,0.0,0.0
Brian Wilson,6485,2025,43,-12.273307,0.0,0.0
Donnie Joseph,6491,2025,37,-11.120575,0.0,0.0
Blaine Hardy,6499,2025,38,-11.370479,0.0,0.0
Josh Zeid,6527,2025,38,-11.34898,0.0,0.0
Pat McCoy,6605,2025,36,-10.889263,0.0,0.0
Marc Rzepczynski,6612,2025,39,-11.53861,0.0,0.0
Pedro Figueroa,6616,2025,39,-11.53861,0.0,0.0
Brad Brach,6627,2025,39,-11.53861,0.0,0.0
Carlos Carrasco,6632,2025,38,-11.306634,0.0,0.0
Jim Henderson,6653,2025,42,-12.105399,0.0,0.0
Craig Kimbrel,6655,2025,37,-11.09386,0.0,0.0
Alex Colome,6661,2025,36,-10.869606,0.0,0.0
Luke Putkonen,6736,2025,39,-11.53861,0.0,0.0
Cesar Cabral,6741,2025,36,-10.869606,0.0,0.0
Andrew Miller,6785,2025,40,-11.737808,0.0,0.0
Sam Freeman,6832,2025,38,-11.32445,0.0,0.0
Jeff Manship,6865,2025,40,-11.737808,0.0,0.0
Martin Perez,6902,2025,34,-10.259681,0.0,0.0
Joakim Soria,6941,2025,41,-11.906166,0.0,0.0
Yohan Pino,6955,2025,41,-11.96573,0.0,0.0
Drew Storen,6983,2025,37,-11.09386,0.0,0.0
Luis Garcia,6984,2025,38,-11.34898,0.0,0.0
Ryan Pressly,7005,2025,36,-10.869606,0.0,0.0
Alex Torres,7038,2025,37,-11.075369,0.0,0.0
Eric Fornataro,7042,2025,37,-11.141007,0.0,0.0
Trevor Bell,7074,2025,38,-11.270609,0.0,0.0
John Lannan,7080,2025,40,-11.737808,0.0,0.0
Jonathan Pettibone,7106,2025,34,-10.296364,0.0,0.0
Daniel Hudson,7146,2025,38,-11.317924,0.0,0.0
Chris Withrow,7161,2025,36,-10.869606,0.0,0.0
Ryan Mattheus,7169,2025,41,-11.926315,0.0,0.0
B.J. Rosenberg,7183,2025,39,-11.53861,0.0,0.0
Greg Holland,7196,2025,39,-11.53861,0.0,0.0
Nick Masset,7267,2025,43,-12.243112,0.0,0.0
Brad Ziegler,7293,2025,45,-12.578722,0.0,0.0
Preston Guilmet,7303,2025,37,-11.120575,0.0,0.0
Casey Janssen,7355,2025,43,-12.273307,0.0,0.0
Dan Otero,7385,2025,40,-11.737808,0.0,0.0
Javy Guerra,7407,2025,39,-11.53861,0.0,0.0
J.A. Happ,7410,2025,42,-12.105399,0.0,0.0
Austin Adams,7411,2025,38,-11.370479,0.0,0.0
Mark Lowe,7416,2025,42,-12.105399,0.0,0.0
Bradin Hagens,7422,2025,36,-10.889263,0.0,0.0
Wade Davis,7441,2025,39,-11.53861,0.0,0.0
Jim Miller,7458,2025,43,-12.273307,0.0,0.0
Anthony Swarzak,7466,2025,39,-11.53861,0.0,0.0
Ryan Webb,7474,2025,39,-11.53861,0.0,0.0
Scott Elbert,7489,2025,39,-11.514708,0.0,0.0
Tommy Layne,7501,2025,40,-11.737808,0.0,0.0
Evan Scribner,7525,2025,39,-11.53861,0.0,0.0
Collin McHugh,7531,2025,38,-11.32445,0.0,0.0
Lucas Harrell,7541,2025,40,-11.737808,0.0,0.0
Jake McGee,7550,2025,38,-11.32445,0.0,0.0
Jarrett Grube,7553,2025,43,-12.298295,0.0,0.0
Nick Vincent,7555,2025,38,-11.32445,0.0,0.0
Fernando Rodriguez,7558,2025,41,-11.906668,0.0,0.0
Tommy Milone,7608,2025,38,-11.32445,0.0,0.0
Chris Leroux,7645,2025,41,-11.926315,0.0,0.0
Neil Ramirez,7677,2025,36,-10.889263,0.0,0.0
Bobby LaFromboise,7758,2025,39,-11.561246,0.0,0.0
Yoslan Herrera,7759,2025,44,-12.356773,0.0,0.0
Shawn Kelley,7773,2025,41,-11.926315,0.0,0.0
Hunter Strickland,7836,2025,36,-10.889263,0.0,0.0
Jerry Blevins,7841,2025,41,-11.926315,0.0,0.0
Josh Lindblom,7882,2025,38,-11.32445,0.0,0.0
Matt Daley,7952,2025,43,-12.256299,0.0,0.0
Matt West,7980,2025,36,-10.889263,0.0,0.0
Anthony Bass,7982,2025,37,-10.96746,0.0,0.0
Ramon Ramirez,7986,2025,43,-12.273307,0.0,0.0
Paul Clemens,8037,2025,37,-11.120575,0.0,0.0
Glen Perkins,8041,2025,42,-12.105399,0.0,0.0
Jason Vargas,8044,2025,42,-12.105399,0.0,0.0
Will Smith,8048,2025,35,-10.562252,0.0,0.0
Dan Jennings,8073,2025,38,-11.32445,0.0,0.0
Stephen Fife,8077,2025,38,-11.32445,0.0,0.0
Bryan Shaw,8110,2025,37,-11.09386,0.0,0.0
Neil Wagner,8162,2025,41,-11.906166,0.0,0.0
Kevin Siegrist,8180,2025,35,-10.595903,0.0,0.0
Steven Wright,8185,2025,40,-11.759959,0.0,0.0
David Robertson,8241,2025,40,-11.737808,0.0,0.0
J.P. Howell,8245,2025,42,-12.105399,0.0,0.0
Billy Buckner,8253,2025,41,-11.885948,0.0,0.0
Huston Street,8258,2025,41,-11.926315,0.0,0.0
Casey Coleman,8270,2025,37,-11.063592,0.0,0.0
Tony Sipp,8280,2025,41,-11.926315,0.0,0.0
Lucas Luetge,8337,2025,38,-11.32445,0.0,0.0
Jared Burton,8346,2025,44,-12.430914,0.0,0.0
AJ Ramos,8350,2025,38,-11.32445,0.0,0.0
Troy Patton,8368,2025,39,-11.53861,0.0,0.0
Steve Geltz,8402,2025,37,-11.102334,0.0,0.0
Alfredo Figaro,8404,2025,40,-11.699125,0.0,0.0
Bryan Price,8436,2025,38,-11.370479,0.0,0.0
Danny Farquhar,8501,2025,38,-11.306634,0.0,0.0
Jeff Beliveau,8504,2025,38,-11.32445,0.0,0.0
Michael Kohn,8505,2025,39,-11.518844,0.0,0.0
Rob Wooten,8532,2025,39,-11.561246,0.0,0.0
Justin Miller,8580,2025,38,-11.370479,0.0,0.0
Dustin McGowan,8600,2025,43,-12.256299,0.0,0.0
Wilking Rodriguez,8801,2025,35,-10.6144705,0.0,0.0
Ryan Cook,8855,2025,38,-11.32445,0.0,0.0
David Martinez,8893,2025,37,-11.120575,0.0,0.0
Arquimedes Caminero,8992,2025,38,-11.34898,0.0,0.0
Adam Warren,9029,2025,37,-11.09386,0.0,0.0
John Axford,9059,2025,42,-12.105399,0.0,0.0
Kirby Yates,9073,2025,38,-11.370479,0.0,0.0
Zach Putnam,9080,2025,37,-11.09386,0.0,0.0
T.J. House,9121,2025,35,-10.6144705,0.0,0.0
Charlie Leesman,9124,2025,38,-11.34898,0.0,0.0
Sean O'Sullivan,9137,2025,37,-11.075369,0.0,0.0
Lester Oliveros,9167,2025,37,-11.063592,0.0,0.0
Kyle Lobstein,9178,2025,35,-10.6144705,0.0,0.0
Vic Black,9195,2025,37,-11.120575,0.0,0.0
Koji Uehara,9227,2025,50,-13.24527,0.0,0.0
Alex Wilson,9239,2025,38,-11.34898,0.0,0.0
David Carpenter,9244,2025,37,-11.09386,0.0,0.0
Ryan Dennick,9261,2025,38,-11.370479,0.0,0.0
Rob Scahill,9286,2025,38,-11.32445,0.0,0.0
Dylan Axelrod,9303,2025,39,-11.53861,0.0,0.0
Jared Hughes,9325,2025,39,-11.53861,0.0,0.0
Brandon Morrow,9346,2025,40,-11.737808,0.0,0.0
Josh Tomlin,9388,2025,40,-11.737808,0.0,0.0
John Holdzkom,9392,2025,37,-11.141007,0.0,0.0
Zac Rosscup,9419,2025,37,-11.120575,0.0,0.0
Ryan Buchter,9456,2025,38,-11.370479,0.0,0.0
George Kontos,9486,2025,40,-11.737808,0.0,0.0
Phil Irwin,9489,2025,38,-11.34898,0.0,0.0
Jeremy Jeffress,9490,2025,37,-11.09386,0.0,0.0
Jose Ortega,9651,2025,36,-10.83892,0.0,0.0
Louis Coleman,9720,2025,39,-11.53861,0.0,0.0
Burke Badenhop,9736,2025,42,-12.105399,0.0,0.0
Rex Brothers,9794,2025,37,-11.09386,0.0,0.0
Miles Mikolas,9803,2025,36,-10.83892,0.0,0.0
Sergio Romo,9817,2025,42,-12.105399,0.0,0.0
Chaz Roe,9866,2025,38,-11.34898,0.0,0.0
Bryan Anderson,9871,2025,38,-10.7569685,0.0,0.0
Michael Kirkman,9877,2025,38,-11.32445,0.0,0.0
Chris Rusin,9895,2025,38,-11.32445,0.0,0.0
Bobby Parnell,9926,2025,40,-11.737808,0.0,0.0
Brandon Kintzler,9939,2025,40,-11.737808,0.0,0.0
Todd Redmond,9943,2025,40,-11.737808,0.0,0.0
Mike Dunn,9948,2025,40,-11.737808,0.0,0.0
Tom Wilhelmsen,9975,2025,41,-11.926315,0.0,0.0
Taylor Thompson,10019,2025,38,-11.370479,0.0,0.0
Ian Krol,10066,2025,34,-10.296364,0.0,0.0
Caleb Thielbar,10078,2025,38,-11.34898,0.0,0.0
Keith Butler,10080,2025,36,-10.869606,0.0,0.0
Dane de la Rosa,10095,2025,42,-12.105399,0.0,0.0
Brad Boxberger,10133,2025,37,-11.09386,0.0,0.0
Aaron Crow,10149,2025,38,-11.32445,0.0,0.0
Jose Ramirez,10171,2025,35,-10.6144705,0.0,0.0
Melvin Mercedes,10181,2025,34,-10.314645,0.0,0.0
Tyler Skaggs,10190,2025,33,-9.932624,0.0,0.0
Aroldis Chapman,10233,2025,37,-11.09386,0.0,0.0
Bryan Morris,10234,2025,38,-11.32445,0.0,0.0
Alexi Ogando,10261,2025,41,-11.926315,0.0,0.0
Justin Marks,10265,2025,37,-11.141007,0.0,0.0
Tanner Scheppers,10267,2025,38,-11.32445,0.0,0.0
Chris Heston,10302,2025,37,-11.141007,0.0,0.0
Roman Mendez,10307,2025,34,-10.314645,0.0,0.0
Erasmo Ramirez,10314,2025,35,-10.562252,0.0,0.0
Michael Tonkin,10315,2025,35,-10.595903,0.0,0.0
Chad Jenkins,10326,2025,37,-11.09386,0.0,0.0
Nick Christiani,10332,2025,37,-11.120575,0.0,0.0
Edwin Escobar,10337,2025,33,-9.988171,0.0,0.0
Aaron Loup,10343,2025,37,-11.09386,0.0,0.0
Carlos Contreras,10386,2025,34,-10.314645,0.0,0.0
Wilfredo Tovar,10416,2025,33,-10.159412,0.0,0.0
Shawn Tolleson,10481,2025,37,-11.09386,0.0,0.0
Yoervis Medina,10498,2025,36,-10.869606,0.0,0.0
Preston Claiborne,10500,2025,37,-11.120575,0.0,0.0
Mario Hollands,10504,2025,36,-10.889263,0.0,0.0
Jake Petricka,10534,2025,37,-11.120575,0.0,0.0
Daniel Webb,10558,2025,35,-10.595903,0.0,0.0
Addison Reed,10586,2025,36,-10.83892,0.0,0.0
Chad Bettis,10587,2025,36,-10.869606,0.0,0.0
Chris Sale,10603,2025,36,-10.83892,0.0,0.0
Seth Rosin,10606,2025,36,-10.889263,0.0,0.0
Stephen Pryor,10663,2025,35,-10.562252,0.0,0.0
Red Patterson,10710,2025,38,-11.370479,0.0,0.0
Trevor Rosenthal,10745,2025,35,-10.562252,0.0,0.0
Shane Greene,10756,2025,36,-10.889263,0.0,0.0
Josh Edgin,10796,2025,38,-11.32445,0.0,0.0
Jake Dunning,10803,2025,36,-10.869606,0.0,0.0
Mike Foltynewicz,10811,2025,33,-9.988171,0.0,0.0
Michael Mariot,10835,2025,36,-10.889263,0.0,0.0
Chasen Shreve,10855,2025,34,-10.314645,0.0,0.0
Jake Buchanan,10962,2025,35,-10.6144705,0.0,0.0
Ben Rowen,10983,2025,36,-10.889263,0.0,0.0
C.J. Riefenhauser,11193,2025,35,-10.6144705,0.0,0.0
Casey Sadler,11209,2025,34,-10.314645,0.0,0.0
Kevin Chapman,11240,2025,37,-11.120575,0.0,0.0
Aaron Barrett,11243,2025,37,-11.141007,0.0,0.0
Rob Rasmussen,11250,2025,36,-10.889263,0.0,0.0
Logan Darnell,11261,2025,36,-10.889263,0.0,0.0
Lisalverto Bonilla,11266,2025,35,-10.6144705,0.0,0.0
Sean Nolin,11341,2025,35,-10.595903,0.0,0.0
A.J. Achter,11387,2025,36,-10.889263,0.0,0.0
Drew Pomeranz,11426,2025,36,-10.83892,0.0,0.0
Brandon Workman,11428,2025,36,-10.869606,0.0,0.0
Bryan Mitchell,11479,2025,34,-10.314645,0.0,0.0
Aaron Sanchez,11490,2025,32,-9.632395,0.0,0.0
Jose Dominguez,11571,2025,34,-10.296364,0.0,0.0
Mike Kickham,11618,2025,36,-10.869606,0.0,0.0
Heath Hembree,11632,2025,36,-10.869606,0.0,0.0
Sam Dyson,11710,2025,37,-11.09386,0.0,0.0
Erik Goeddel,11712,2025,36,-10.889263,0.0,0.0
Justin Grimm,11720,2025,36,-10.83892,0.0,0.0
Kyle Ryan,11753,2025,33,-9.988171,0.0,0.0
Drew Smyly,11760,2025,36,-10.83892,0.0,0.0
Hector Neris,11804,2025,36,-10.889263,0.0,0.0
Steve Delabar,11827,2025,41,-11.926315,0.0,0.0
James Paxton,11828,2025,36,-10.869606,0.0,0.0
Taijuan Walker,11836,2025,32,-9.614813,0.0,0.0
Chris Martin,11847,2025,39,-11.583108,0.0,0.0
Brett Bochy,11867,2025,37,-11.141007,0.0,0.0
Scott Snodgress,12020,2025,35,-10.6144705,0.0,0.0
Brian Flynn,12027,2025,35,-10.595903,0.0,0.0
Yimi Garcia,12095,2025,34,-10.314645,0.0,0.0
Matt Stites,12165,2025,35,-10.6144705,0.0,0.0
Cody Allen,12183,2025,36,-10.83892,0.0,0.0
Aaron Brooks,12272,2025,35,-10.6144705,0.0,0.0
Leonel Campos,12277,2025,37,-11.141007,0.0,0.0
Evan Marshall,12297,2025,35,-10.6144705,0.0,0.0
Chris Bassitt,12304,2025,36,-10.889263,0.0,0.0
Kevin Quackenbush,12360,2025,36,-10.889263,0.0,0.0
Spencer Patton,12361,2025,37,-11.141007,0.0,0.0
Drew Rucinski,12499,2025,36,-10.889263,0.0,0.0
Erik Johnson,12520,2025,35,-10.595903,0.0,0.0
Nick Maronde,12530,2025,35,-10.562252,0.0,0.0
Nathan Karns,12638,2025,37,-11.120575,0.0,0.0
Roenis Elias,12673,2025,36,-10.889263,0.0,0.0
Phil Klein,12675,2025,36,-10.889263,0.0,0.0
Trevor Bauer,12703,2025,34,-10.259681,0.0,0.0
Nick Martinez,12730,2025,34,-10.314645,0.0,0.0
Sonny Gray,12768,2025,35,-10.595903,0.0,0.0
Jairo Diaz,12774,2025,34,-10.314645,0.0,0.0
Carter Capps,12803,2025,34,-10.259681,0.0,0.0
Matt Barnes,12863,2025,35,-10.6144705,0.0,0.0
Alex Claudio,12890,2025,33,-9.988171,0.0,0.0
Ken Giles,12910,2025,34,-10.314645,0.0,0.0
Wei-Yin Chen,13071,2025,39,-11.53861,0.0,0.0
Frank Garces,13144,2025,35,-10.6144705,0.0,0.0
Carson Smith,13172,2025,35,-10.6144705,0.0,0.0
Danny Coulombe,13293,2025,35,-10.6144705,0.0,0.0
Cam Bedrosian,13360,2025,33,-9.988171,0.0,0.0
Paco Rodriguez,13398,2025,34,-10.259681,0.0,0.0
R.J. Alvarez,13401,2025,34,-10.314645,0.0,0.0
Drew VerHagen,13424,2025,34,-10.314645,0.0,0.0
Marcus Stroman,13431,2025,34,-10.314645,0.0,0.0
Mike Morin,13442,2025,34,-10.314645,0.0,0.0
Daniel Norris,13475,2025,32,-9.632395,0.0,0.0
Sam Tuivailala,13485,2025,32,-9.632395,0.0,0.0
Chad Smith,13604,2025,35,-10.6144705,0.0,0.0
Michael Roth,13736,2025,35,-10.595903,0.0,0.0
Dominic Leone,13763,2025,33,-9.988171,0.0,0.0
Ian Thomas,13881,2025,38,-11.370479,0.0,0.0
Kevin Gausman,14107,2025,34,-10.296364,0.0,0.0
Shae Simmons,14200,2025,34,-10.314645,0.0,0.0
Dario Alvarez,14239,2025,36,-10.889263,0.0,0.0
Wei-Chung Wang,14382,2025,33,-9.988171,0.0,0.0
Kyuji Fujikawa,14443,2025,44,-12.4345255,0.0,0.0
Buck Farmer,14814,2025,34,-10.314645,0.0,0.0
Corey Knebel,15010,2025,33,-9.988171,0.0,0.0
Kyle Crockett,15033,2025,33,-9.988171,0.0,0.0
Kendall Graveman,15514,2025,34,-10.314645,0.0,0.0
Miguel Gonzalez,15675,2025,38,-11.370479,0.0,0.0
Brandon Finnegan,16208,2025,32,-9.632395,0.0,0.0
Avisail Garcia,5760,2025,34,-8.387667,0.0,0.0
David Murphy,6035,2025,43,-11.692573,0.0,0.0
Jeff Baker,2073,2025,44,-12.55337,0.0,0.0
Zach Walters,10622,2025,35,-10.538141,0.0,0.0
Geovany Soto,3707,2025,42,-11.970003,0.0,0.0
Brad Snyder,6052,2025,43,-12.170815,0.0,0.0
Reid Brignac,8380,2025,39,-10.997218,0.0,0.0
Brayan Pena,3231,2025,43,-11.38898,0.0,0.0
Daniel Descalso,8392,2025,38,-10.135874,0.0,0.0
Xavier Nady,1658,2025,46,-13.089377,0.0,0.0
Michael A. Taylor,11489,2025,34,-11.72717,0.0,0.0
Adam Moore,9362,2025,41,-11.507612,0.0,0.0
Jake Goebbert,9431,2025,37,-7.582177,0.0,0.0
Elian Herrera,5432,2025,40,-9.561407,0.0,0.0
Steve Clevenger,9542,2025,39,-11.985885,0.0,0.0
Steven Souza Jr.,5667,2025,36,-11.3077965,0.0,0.0
Chris Valaika,1165,2025,39,-11.242053,0.0,0.0
Dan Butler,9968,2025,38,-11.784178,0.0,0.0
Logan Forsythe,7185,2025,38,-10.717185,0.0,0.0
Wil Myers,10047,2025,34,-7.291955,0.0,0.0
Jedd Gyorko,10816,2025,36,-10.378301,0.0,0.0
J.T. Realmuto,11739,2025,34,-10.793711,0.0,0.0
Moises Sierra,6050,2025,36,-9.981426,0.0,0.0
Ian Stewart,5950,2025,40,-9.208093,0.0,0.0
Xavier Scruggs,7409,2025,37,-11.532804,0.0,0.0
Christian Walker,13419,2025,34,-5.4892073,0.0,0.0
Joaquin Arias,3817,2025,40,-11.060991,0.0,0.0
Yolmer Sanchez,11602,2025,33,-8.701482,0.0,0.0
Jason Bourgeois,2225,2025,43,-10.908024,0.0,0.0
Andy Marte,3203,2025,41,-10.902304,0.0,0.0
Tuffy Gosewisch,5277,2025,41,-12.345804,0.0,0.0
Freddy Galvis,6609,2025,35,-7.859364,0.0,0.0
Austin Romine,5491,2025,36,-11.20325,0.0,0.0
Carlos Triunfel,193,2025,35,-10.510734,0.0,0.0
Dean Anna,8353,2025,38,-10.268264,0.0,0.0
Nate McLouth,3190,2025,43,-6.893507,0.0,0.0
Justin Sellers,4006,2025,39,-11.22524,0.0,0.0
Vince Belnome,8126,2025,37,-11.141007,0.0,0.0
Curt Casali,12510,2025,36,-11.235508,0.0,0.0
Raffy Lopez,12606,2025,37,-11.141007,0.0,0.0
Jake Elmore,7290,2025,38,-10.2250595,0.0,0.0
Luis Jimenez,6341,2025,37,-9.848403,0.0,0.0
Danny Worth,198,2025,39,-10.903994,0.0,0.0
Hector Gomez,2264,2025,37,-8.019517,0.0,0.0
Jorge De La Rosa,2047,2025,44,-12.430914,0.0,0.0
Alfredo Simon,2155,2025,44,-12.430914,0.0,0.0
Johnny Cueto,6893,2025,39,-11.53861,0.0,0.0
Franklin Morales,5088,2025,39,-11.53861,0.0,0.0
Brandon McCarthy,4662,2025,41,-11.926315,0.0,0.0
Kyle Lohse,739,2025,46,-12.7173,0.0,0.0
Ervin Santana,3200,2025,42,-12.105399,0.0,0.0
Gio Gonzalez,7448,2025,39,-11.53861,0.0,0.0
Jeff Locke,2929,2025,37,-11.09386,0.0,0.0
Francisco Liriano,3201,2025,41,-11.926315,0.0,0.0
Trevor Cahill,6249,2025,37,-11.09386,0.0,0.0
Yohan Flande,5057,2025,39,-11.583108,0.0,0.0
Mat Latos,3815,2025,37,-11.112479,0.0,0.0
Gavin Floyd,3886,2025,42,-12.105399,0.0,0.0
Tim Lincecum,5705,2025,41,-11.926315,0.0,0.0
Mike Bolsinger,11137,2025,37,-11.141007,0.0,0.0
Brett Jackson,9632,2025,36,-10.663024,0.0,0.0
Tyler Chatwood,4338,2025,35,-10.562252,0.0,0.0
Jesse Hahn,13287,2025,35,-10.6144705,0.0,0.0
Joey Butler,7799,2025,39,-11.292133,0.0,0.0
Vidal Nuno,9674,2025,37,-11.120575,0.0,0.0
Tsuyoshi Wada,13046,2025,44,-12.445666,0.0,0.0
Mike Baxter,4464,2025,40,-11.909307,0.0,0.0
David Hale,9756,2025,37,-11.120575,0.0,0.0
Jamey Wright,715,2025,50,-13.24527,0.0,0.0
R.A. Dickey,1245,2025,50,-13.252085,0.0,0.0
Rick Porcello,2717,2025,36,-10.83892,0.0,0.0
Danny Duffy,3542,2025,36,-10.83892,0.0,0.0
Carlos Frias,3547,2025,35,-10.6144705,0.0,0.0
Jon Lester,4930,2025,41,-11.926315,0.0,0.0
Tony Abreu,5053,2025,40,-11.568571,0.0,0.0
Chris Tillman,5279,2025,37,-11.09386,0.0,0.0
Brad Peacock,5401,2025,37,-11.075369,0.0,0.0
Jair Jurrjens,5556,2025,39,3.8774447,0.0,0.0
Jose Constanza,6003,2025,41,-10.501822,0.0,0.0
David Phelps,6316,2025,38,-11.32445,0.0,0.0
Stolmy Pimentel,6415,2025,35,-10.595903,0.0,0.0
Chase d'Arnaud,6652,2025,38,-8.563928,0.0,0.0
Miguel Gonzalez,7024,2025,41,-11.926315,0.0,0.0
Phil Hughes,7450,2025,39,-11.53861,0.0,0.0
Carlos Torres,7624,2025,42,-12.105399,0.0,0.0
David Holmberg,7725,2025,33,-9.970007,0.0,0.0
Matt Hague,7772,2025,39,-11.136818,0.0,0.0
Jaff Decker,7945,2025,35,-10.490575,0.0,0.0
Guillermo Quiroz,7989,2025,43,-12.519451,0.0,0.0
Nick Greenwood,8182,2025,37,-11.141007,0.0,0.0
Cord Phelps,8631,2025,38,-11.564025,0.0,0.0
Ali Solis,8848,2025,37,-11.102334,0.0,0.0
Garrett Richards,9784,2025,37,-11.09386,0.0,0.0
Kevin Slowey,9918,2025,41,-11.906166,0.0,0.0
Lane Adams,10767,2025,35,-9.223843,0.0,0.0
Eric Jokisch,11157,2025,35,-10.6144705,0.0,0.0
Aaron Altherr,11270,2025,34,-10.314645,0.0,0.0
Tommy Kahnle,11384,2025,35,-10.6144705,0.0,0.0
Jose Quintana,11423,2025,36,-10.83892,0.0,0.0
Anthony Ranaudo,11424,2025,35,-10.6144705,0.0,0.0
Rafael Montero,12760,2025,34,-10.314645,0.0,0.0
Eddie Butler,13453,2025,34,-10.314645,0.0,0.0
Matthew Clark,8793,2025,38,-11.612696,0.0,0.0
C.J. Cron,12546,2025,35,-11.023537,0.0,0.0
Kurt Suzuki,8259,2025,41,-12.047439,0.0,0.0
Eric Hosmer,3516,2025,35,-9.642739,0.0,0.0
Ryan Howard,2154,2025,45,-12.923317,0.0,0.0
Bobby Abreu,945,2025,51,-12.678566,0.0,0.0
Lyle Overbay,1617,2025,48,-12.722139,0.0,0.0
Grant Green,10053,2025,37,-10.565135,0.0,0.0
Alex Presley,5305,2025,39,-8.689446,0.0,0.0
Don Kelly,2216,2025,45,-10.535917,0.0,0.0
Gordon Beckham,9015,2025,38,-10.988031,0.0,0.0
Justin Smoak,9054,2025,38,-11.5756035,0.0,0.0
Cole Gillespie,5888,2025,41,-9.447503,0.0,0.0
Donnie Murphy,4704,2025,42,-11.474275,0.0,0.0
Adam Duvall,10950,2025,36,-7.489635,0.0,0.0
Roger Bernadina,6421,2025,41,-10.221682,0.0,0.0
Jerry Sands,4016,2025,37,-11.346422,0.0,0.0
Koyie Hill,1829,2025,46,-12.794445,0.0,0.0
Tyler Pastornicky,6777,2025,35,-9.676951,0.0,0.0
Logan Schafer,7937,2025,38,-8.7095585,0.0,0.0
Zelous Wheeler,8822,2025,38,-11.718539,0.0,0.0
Omar Quintanilla,6335,2025,43,-12.4830675,0.0,0.0
Yorman Rodriguez,9922,2025,32,-9.880987,0.0,0.0
Jack Hannahan,3692,2025,45,-12.725605,0.0,0.0
John McDonald,395,2025,50,-12.963816,0.0,0.0
Taylor Teagarden,5199,2025,41,-11.928629,0.0,0.0
Brent Morel,6402,2025,38,-9.9273615,0.0,0.0
Sandy Leon,5273,2025,36,-11.176121,0.0,0.0
Rafael Furcal,88,2025,47,-11.673623,0.0,0.0
Jason Rogers,11773,2025,37,-11.141007,0.0,0.0
Brooks Conrad,3664,2025,45,-11.859946,0.0,0.0
Guilder Rodriguez,3412,2025,41,-11.307597,0.0,0.0
Zoilo Almonte,6732,2025,36,-4.5389776,0.0,0.0
Ryan Roberts,5653,2025,44,-12.485035,0.0,0.0
Darin Mastroianni,7316,2025,39,-9.304369,0.0,0.0
Irving Falu,6165,2025,42,-10.659663,0.0,0.0
Marco Scutaro,1555,2025,49,-12.673323,0.0,0.0
Yovani Gallardo,8173,2025,39,-11.53861,0.0,0.0
Tanner Roark,8753,2025,38,-11.34898,0.0,0.0
Julio Teheran,6797,2025,34,-10.259681,0.0,0.0
Lance Lynn,2520,2025,38,-11.32445,0.0,0.0
Eric Stults,8011,2025,45,-12.578722,0.0,0.0
Zack Wheeler,10310,2025,35,-10.595903,0.0,0.0
Alex Wood,13781,2025,34,-10.296364,0.0,0.0
Vance Worley,6435,2025,37,-11.09386,0.0,0.0
Juan Nicasio,7731,2025,38,-11.32445,0.0,0.0
Alex Guerrero,15670,2025,38,-9.296133,0.0,0.0
Cristhian Adames,6013,2025,33,-10.447225,0.0,0.0
Yusmeiro Petit,4020,2025,40,-11.737808,0.0,0.0
Mike Fiers,7754,2025,40,-11.737808,0.0,0.0
Christian Bergman,10925,2025,37,-11.141007,0.0,0.0
Ronny Cedeno,2179,2025,42,-11.816289,0.0,0.0
Carlos Villanueva,4138,2025,41,-11.926315,0.0,0.0
Alexi Casilla,5248,2025,40,-9.612181,0.0,0.0
Jenrry Mejia,8476,2025,35,-10.562252,0.0,0.0
Ryan Lavarnway,8879,2025,37,-11.515035,0.0,0.0
Carlos Gonzalez,7287,2025,39,-8.937106,0.0,0.0
Dan Johnson,2167,2025,45,-12.612582,0.0,0.0
Ryan Wheeler,9312,2025,36,-10.966787,0.0,0.0
Andrew Brown,3837,2025,40,-11.834953,0.0,0.0
Cesar Hernandez,10556,2025,35,-8.981354,0.0,0.0
Chris Nelson,8175,2025,39,-9.845742,0.0,0.0
Miguel Olivo,1638,2025,46,-12.560566,0.0,0.0
Donald Lutz,10154,2025,36,-9.372843,0.0,0.0
Juan Centeno,7168,2025,35,-10.673246,0.0,0.0
Erisbel Arruebarrena,15809,2025,35,-8.3775625,0.0,0.0
Caleb Gindl,5002,2025,36,-11.118024,0.0,0.0
Andrew Cashner,8782,2025,38,-10.902845,0.0,0.0
Kyle Parker,11763,2025,35,-10.28152,0.0,0.0
Maikel Franco,12179,2025,32,-7.5200295,0.0,0.0
Elliot Johnson,4751,2025,41,-8.847591,0.0,0.0
Jeff Francoeur,4792,2025,41,-10.4065695,0.0,0.0
Xavier Paul,5963,2025,40,-11.889879,0.0,0.0
Jamie Romak,5552,2025,39,-11.583108,0.0,0.0
Nathan Eovaldi,9132,2025,35,-10.562252,0.0,0.0
Brad Glenn,7392,2025,38,-11.808964,0.0,0.0
Doug Fister,9425,2025,41,-11.926315,0.0,0.0
Roberto Hernandez,3273,2025,44,-12.430914,0.0,0.0
Matt Garza,3340,2025,41,-11.926315,0.0,0.0
Tim Hudson,921,2025,49,-13.120066,0.0,0.0
Charlie Morton,4676,2025,41,-11.926315,0.0,0.0
Dillon Gee,7396,2025,39,-11.53861,0.0,0.0
Brad Hand,9111,2025,35,-10.562252,0.0,0.0
Michael Wacha,14078,2025,33,-9.970007,0.0,0.0
Odrisamer Despaigne,16017,2025,38,-11.370479,0.0,0.0
Jake Peavy,1051,2025,44,-12.430914,0.0,0.0
Josh Rutledge,11167,2025,36,-6.5467215,0.0,0.0
Prince Fielder,4613,2025,41,-12.267592,0.0,0.0
Ryan Ludwick,1260,2025,46,-12.717743,0.0,0.0
Grady Sizemore,2197,2025,42,-9.85585,0.0,0.0
Jay Bruce,9892,2025,38,-6.1319485,0.0,0.0
Jose Tabata,2411,2025,36,-10.496961,0.0,0.0
Ryan Kalish,6962,2025,37,-7.070505,0.0,0.0
Mike Aviles,5986,2025,44,-6.889006,0.0,0.06191876158118248
Logan Watkins,4875,2025,35,-6.655042,0.0,0.0
Josh Thole,9689,2025,38,-10.992768,0.0,0.0
Junior Lake,4672,2025,35,-4.433415,0.0,0.0
Eric Fryer,8145,2025,39,-9.517719,0.0,0.0
John Buck,2041,2025,44,-12.330084,0.0,0.0
Roger Kieschnick,5225,2025,38,-9.682784,0.0,0.0
Mark Ellis,1443,2025,48,-10.546697,0.0,0.0
Alex Gonzalez,520,2025,48,-12.918711,0.0,0.0
Shane Robinson,4249,2025,40,-11.230561,0.0,0.0
Josh Satin,6788,2025,40,-12.162352,0.0,0.0
Michael Martinez,7358,2025,42,-12.1972,0.0,0.0
Tim Federowicz,8609,2025,37,-10.947426,0.0,0.0
Chris Dominguez,9718,2025,38,-11.434534,0.0,0.0
Aaron Harang,1451,2025,47,-12.850194,0.0,0.0
Wily Peralta,7738,2025,36,-10.83892,0.0,0.0
Tom Koehler,6570,2025,39,-11.53861,0.0,0.0
Edinson Volquez,3990,2025,41,-11.926315,0.0,0.0
Chase Anderson,6895,2025,37,-11.141007,0.0,0.0
Mark Trumbo,6876,2025,39,-10.861736,0.0,0.0
Josmil Pinto,6806,2025,36,-10.997878,0.0,0.0
Carlos Beltran,589,2025,48,-12.2462435,0.0,0.0
Billy Butler,7399,2025,39,-11.854881,0.0,0.0
Aaron Hill,6104,2025,43,-11.059758,0.0,0.0
Mitch Moreland,3086,2025,39,-11.999832,0.0,0.0
Adrian Nieto,10294,2025,35,-10.686906,0.0,0.0
Anthony Recker,4063,2025,41,-10.653074,0.0,0.0
Reed Johnson,1702,2025,48,-12.801823,0.0,0.0
Kevin Frandsen,7528,2025,43,-12.437461,0.0,0.0
Mike Olt,10698,2025,36,-10.697522,0.0,0.0
Jason Giambi,818,2025,54,-14.024731,0.0,0.0
Jesus Guzman,3118,2025,41,-10.342713,0.0,0.0
Nick Ahmed,12147,2025,35,-10.123439,0.0,0.0
Brennan Boesch,914,2025,40,-7.4225683,0.0,0.0
Juan Perez,5371,2025,38,-11.049142,0.0,0.0
Cameron Rupp,11146,2025,36,-11.195878,0.0,0.0
Daric Barton,5928,2025,39,-11.331029,0.0,0.0
Greg Dobbs,2158,2025,46,-12.905998,0.0,0.0
JB Shuck,6677,2025,38,-6.7777257,0.0,0.0
Andy Wilkins,11251,2025,36,-9.481143,0.0,0.0
Eli Whiteside,3536,2025,45,-8.705489,0.0,0.0
Neftali Soto,5663,2025,36,-10.183044,0.0,0.0
Domingo Santana,10348,2025,32,-3.1333199,0.0,0.0
Chris Colabello,13051,2025,41,-11.429765,0.0,0.0
Cody Ross,1760,2025,44,-12.2127495,0.0,0.0
J.P. Arencibia,697,2025,39,-11.920271,0.0,0.0
Marc Krauss,7577,2025,37,-11.456064,0.0,0.0
Carlos Quentin,6274,2025,42,-12.567015,0.0,0.0
Rymer Liriano,4779,2025,34,-6.413558,0.0,0.0
Scott Hairston,1926,2025,45,-12.361797,0.0,0.0
Mike Carp,7480,2025,39,-11.457544,0.0,0.0
Ryan Goins,9807,2025,37,-11.33396,0.0,0.0
Carlos Pena,934,2025,47,-11.796514,0.0,0.0
Jesus Aguilar,11342,2025,35,-11.088789,0.0,0.0
Bartolo Colon,375,2025,52,-13.526444,0.0,0.0
Ryan Doumit,2113,2025,44,-12.236194,0.0,0.0
Christian Bethancourt,10028,2025,33,-9.0094,0.0,0.0
L.J. Hoes,6656,2025,35,-9.687807,0.0,0.0
Brendan Ryan,6073,2025,43,-11.689614,0.0,0.0
Jeff Bianchi,9958,2025,38,-11.36359,0.0,0.0
Dioner Navarro,3179,2025,41,-11.91487,0.0,0.0
Jason Kubel,2161,2025,43,-11.5074215,0.0,0.0
Skip Schumaker,3704,2025,45,-11.903242,0.0,0.0
Stephen Drew,4251,2025,42,-11.971248,0.0,0.0
Chris Herrmann,9284,2025,37,-9.925358,0.0,0.0
Justin Maxwell,6827,2025,41,-10.500365,0.0,0.0
Dayan Viciedo,3917,2025,36,-11.120892,0.0,0.0
Jon Singleton,10441,2025,33,-7.797407,0.0,0.0
Alfonso Soriano,847,2025,49,-11.042063,0.0,0.0
Corey Hart,1945,2025,43,-11.54764,0.0,0.0
Oscar Taveras,11173,2025,33,-10.185253,0.0,0.0
Will Middlebrooks,7002,2025,36,-10.577094,0.0,0.0
Alfredo Marte,5212,2025,36,-10.476716,0.0,0.0
Dan Uggla,3442,2025,45,-12.217626,0.0,0.0
Jayson Nix,3790,2025,42,-9.20326,0.0,0.0
Paul Konerko,242,2025,49,-13.437174,0.0,0.0
Nate Schierholtz,6201,2025,41,-10.249178,0.0,0.0
Tomas Telis,10067,2025,34,-5.4892073,0.0,0.0
Charlie Culberson,3298,2025,36,-7.259432,0.0,0.0
Tony Gwynn,6141,2025,42,-9.742571,0.0,0.0
Domonic Brown,3154,2025,37,-9.84994,0.0,0.0
Jordan Pacheco,2677,2025,39,-11.930454,0.0,0.0
John Baker,4756,2025,44,-12.692406,0.0,0.0
Brett Hayes,4293,2025,41,-11.461306,0.0,0.0
Raul Ibanez,607,2025,53,-12.819617,0.0,0.0
Stefen Romero,11746,2025,36,-10.523478,0.0,0.0
A.J. Pierzynski,746,2025,48,-13.196966,0.0,0.0
Matt Dominguez,4903,2025,35,-10.861208,0.0,0.0
Alberto Callaspo,3336,2025,42,-12.277071,0.0,0.0
Ryan Raburn,2218,2025,44,-12.721362,0.0,0.0
Bryan Holaday,11287,2025,37,-10.768374,0.0,0.0
Tony Cruz,2802,2025,38,-10.952351,0.0,0.0
Kendrys Morales,8610,2025,42,-12.504249,0.0,0.0
Allen Craig,3433,2025,40,-11.676951,0.0,0.0
Gerald Laird,1698,2025,45,-12.817372,0.0,0.0
Nick Swisher,4599,2025,44,-12.548797,0.0,0.0
A.J. Ellis,5677,2025,44,-12.721536,0.0,0.0
Jarrod Saltalamacchia,5557,2025,40,-11.588405,0.0,0.0
Michael Choice,11376,2025,35,-10.802327,0.0,0.0
Mookie Betts,13611,2026,33,10.626498,41.820411682128906,9.79345703125
Jose Ramirez,13510,2026,33,10.073792,40.5118522644043,9.234848022460938
Arismendy Alcantara,10711,2026,34,9.910103,39.60034942626953,9.201292037963867
Gregory Polanco,12907,2026,34,9.542157,39.03483200073242,9.18451976776123
Christian Yelich,11477,2026,34,9.277778,38.43872833251953,8.936161994934082
Mike Trout,10155,2026,34,9.298084,38.30986022949219,8.804006576538086
Rusney Castillo,17016,2026,38,10.3439455,37.67292022705078,8.662540435791016
Terrance Gore,13658,2026,35,8.68325,36.80198287963867,8.677434921264648
Danny Santana,10322,2026,35,8.358084,36.16349792480469,8.531203269958496
Kolten Wong,12532,2026,35,8.316595,36.00065612792969,8.438474655151367
Jonathan Villar,10071,2026,35,7.983264,35.559722900390625,8.420479774475098
Anthony Gose,5097,2026,35,7.982244,35.211517333984375,8.209664344787598
Cory Spangenberg,12294,2026,35,7.675846,34.84537887573242,8.207596778869629
Jake Marisnick,11339,2026,35,7.8102036,34.72385025024414,8.116605758666992
Leury Garcia,5913,2026,35,7.782487,34.509063720703125,8.075399398803711
Eury Perez,10299,2026,36,7.7160063,34.413429260253906,8.121137619018555
Jean Segura,5933,2026,36,7.1191654,33.25798034667969,7.854719161987305
Billy Hamilton,10199,2026,35,6.540765,32.8564567565918,7.8397722244262695
Chris Taylor,13757,2026,35,7.206607,32.62113952636719,7.790112018585205
Jose Altuve,5417,2026,36,6.7972016,32.58000946044922,7.690218925476074
Luis Sardinas,13153,2026,33,7.6647553,32.51555633544922,7.958243370056152
Billy Burns,12701,2026,36,6.7031145,32.358577728271484,7.6303863525390625
James Jones,9767,2026,37,6.3929977,31.640277862548828,7.560713768005371
Elvis Andrus,8709,2026,37,6.0938344,31.008501052856445,7.414009094238281
Starling Marte,9241,2026,37,5.8931885,30.687002182006836,7.349586009979248
Matt den Dekker,11385,2026,38,5.573623,29.883817672729492,7.23919153213501
Leonys Martin,11846,2026,38,5.1441026,29.196239471435547,7.108947277069092
Shawn O'Malley,9629,2026,38,5.166014,29.022266387939453,7.0847954750061035
Ben Revere,4712,2026,38,4.478026,27.881561279296875,6.889584064483643
Dee Strange-Gordon,8203,2026,38,3.872553,27.02549934387207,6.800780296325684
Jordan Schafer,9883,2026,39,3.6476552,26.29303550720215,6.699501991271973
Alcides Escobar,6310,2026,39,3.3159811,25.76893424987793,6.72306489944458
Anthony Rendon,12861,2026,36,3.8325198,25.71146583557129,7.1871562004089355
Everth Cabrera,8155,2026,39,3.2755706,25.642560958862305,6.688006401062012
Jason Kipnis,9776,2026,39,3.1032057,25.433122634887695,6.737091064453125
Charlie Blackmon,7859,2026,39,1.935525,23.77168846130371,6.7504377365112305
A.J. Pollock,9256,2026,38,1.6839917,23.203338623046875,6.859018325805664
Jimmy Paredes,5481,2026,37,2.2058194,23.06485366821289,6.85720682144165
Carlos Gomez,4881,2026,40,1.6090025,23.04890251159668,6.556501388549805
Pedro Ciriaco,5278,2026,40,1.3610996,22.638391494750977,6.5868964195251465
Emilio Bonifacio,4054,2026,41,1.0035627,22.123722076416016,6.413804531097412
Lorenzo Cain,9077,2026,40,0.7619742,22.087568283081055,6.543699264526367
Pedro Florimon,8385,2026,39,0.83179766,21.845745086669922,6.631577014923096
Eric Young Jr.,7158,2026,41,0.7880916,21.819679260253906,6.40447998046875
Jason Heyward,4940,2026,36,2.0105197,21.669763565063477,6.692850112915039
Desmond Jennings,1965,2026,39,0.6508102,21.62911605834961,6.611242771148682
Jarrod Dyson,4866,2026,41,0.5321234,21.50774574279785,6.385545253753662
James McCann,12859,2026,36,1.9872462,21.322961807250977,6.623813152313232
Antoan Richardson,209,2026,42,0.2130208,20.92243766784668,6.244282245635986
Craig Gentry,9571,2026,42,-0.3410759,20.263164520263672,6.1264567375183105
Jacoby Ellsbury,4727,2026,42,-0.64395255,19.859479904174805,6.025687217712402
Drew Stubbs,9328,2026,41,-1.0168018,19.183032989501953,5.9393229484558105
Adam Eaton,11205,2026,37,0.43704358,18.842449188232422,6.203244209289551
Tony Campana,4964,2026,40,-0.8473388,18.771080017089844,5.971122741699219
Andrew McCutchen,9847,2026,39,-0.6210128,18.37666893005371,5.9789042472839355
Brett Gardner,9927,2026,42,-1.8172851,18.02692985534668,5.521467685699463
Eduardo Nunez,6848,2026,39,-0.75542897,17.930700302124023,5.872795104980469
Denard Span,8347,2026,42,-2.0513854,17.667509078979492,5.413540363311768
Javier Baez,12979,2026,33,1.8793088,17.537893295288086,6.085634708404541
Jose Reyes,1736,2026,43,-2.2580755,17.48682403564453,5.2478766441345215
Brian Dozier,9810,2026,39,-1.1045197,16.40401840209961,5.5065813064575195
Carl Crawford,1201,2026,44,-2.9170427,16.24882698059082,4.82487154006958
Michael Brantley,4106,2026,39,-1.2341945,16.056018829345703,5.4260573387146
Rajai Davis,3708,2026,45,-3.4327657,15.283062934875488,4.480136871337891
Angel Pagan,2918,2026,44,-3.403447,15.104043960571289,4.550650119781494
Brock Holt,9345,2026,38,-1.2293538,14.310178756713867,5.087291717529297
Christian Colon,11145,2026,37,-0.9390553,13.679037094116211,5.016130447387695
Alex Hassan,9959,2026,38,-0.4420479,13.432660102844238,4.982591152191162
Ian Desmond,6885,2026,40,-2.5201097,13.245285034179688,4.6228203773498535
Ezequiel Carrera,9048,2026,39,-2.084527,13.18438720703125,4.702959060668945
Nyjer Morgan,4885,2026,45,-4.0956035,12.097787857055664,3.794743537902832
Coco Crisp,1572,2026,46,-4.938529,11.091262817382812,3.419788360595703
Sam Fuld,8254,2026,44,-4.44911,10.81040096282959,3.5564932823181152
Kristopher Negron,5306,2026,40,-2.8967674,10.63507080078125,3.930413007736206
Melvin Upton Jr.,5015,2026,41,-3.6158392,10.152397155761719,3.6634225845336914
Jimmy Rollins,971,2026,47,-5.4902816,10.142203330993652,3.088451385498047
Dexter Fowler,4062,2026,40,-3.185107,10.009828567504883,3.731245756149292
Chris Getz,3388,2026,42,-4.0606947,9.894493103027344,3.4949493408203125
Austin Jackson,9848,2026,39,-2.9118016,9.525177955627441,3.6552886962890625
Alejandro De Aza,3371,2026,42,-4.273274,9.500114440917969,3.3790438175201416
Michael Bourn,6387,2026,43,-4.629199,8.987581253051758,3.158179521560669
Juan Lagares,5384,2026,37,-2.1893907,8.670604705810547,3.5170583724975586
Ender Inciarte,4922,2026,35,-1.3967255,8.499052047729492,3.568821907043457
Josh Harrison,8202,2026,38,-2.7486272,8.158581733703613,3.2961597442626953
Jace Peterson,12325,2026,36,-1.7928036,7.916057586669922,3.3270983695983887
Andrew Romine,1159,2026,40,-3.756855,7.18044900894165,2.860349178314209
Quintin Berry,9414,2026,41,-4.140474,6.930531024932861,2.7213282585144043
Nori Aoki,13075,2026,44,-5.460789,6.629676342010498,2.4023213386535645
Jorge Polanco,13152,2026,32,-0.7325171,6.494382858276367,2.8962454795837402
Didi Gregorius,6012,2026,36,-2.5662882,4.339751243591309,2.112328290939331
Alex Rios,2090,2026,45,-6.197218,4.324544906616211,1.6621623039245605
Jemile Weeks,2498,2026,39,-3.9479947,4.180726528167725,1.9556344747543335
Ian Kinsler,6195,2026,44,-5.8853803,3.781198263168335,1.5591347217559814
Alexei Ramirez,5133,2026,44,-6.074486,3.127285957336426,1.353380799293518
Chris Owings,10030,2026,34,-2.5282035,2.3279848098754883,1.3982053995132446
Aaron Hicks,5297,2026,36,-3.243502,2.1836061477661133,1.3654893636703491
Jason Bartlett,8219,2026,46,-4.90931,1.6455780267715454,1.2513095140457153
Paul Goldschmidt,9218,2026,38,-4.3767247,0.7983754277229309,0.8775581121444702
Yasiel Puig,14225,2026,35,-3.5312414,0.08046882599592209,0.5942554473876953
Buster Posey,9166,2026,39,-12.255408,0.0,0.0
Jonathan Lucroy,7870,2026,40,-11.673102,0.0,0.0
Giancarlo Stanton,4949,2026,36,-7.9550095,0.0,0.0
Jose Bautista,1887,2026,45,-11.95668,0.0,0.0
Russell Martin,4616,2026,43,-11.414645,0.0,0.0
Adrian Beltre,639,2026,47,-13.346586,0.0,0.0
Josh Donaldson,5038,2026,40,-11.088887,0.0,0.0
Robinson Cano,3269,2026,43,-11.157049,0.0,0.0
Alex Gordon,5209,2026,42,-7.5244117,0.0,0.0
Jose Abreu,15676,2026,39,-11.901922,0.0,0.0
Anthony Rizzo,3473,2026,36,-10.25913,0.0,0.0
Jayson Werth,1327,2026,47,-10.108616,0.0,0.0
Miguel Cabrera,1744,2026,43,-12.896783,0.0,0.0
Kyle Seager,9785,2026,38,-10.22242,0.0,0.0
Troy Tulowitzki,3531,2026,41,-11.988795,0.0,0.0
Yan Gomes,9627,2026,38,-11.8900795,0.0,0.0
Rene Rivera,3648,2026,42,-12.95133,0.0,0.0
Ben Zobrist,7435,2026,45,-9.630237,0.0,0.0
Victor Martinez,393,2026,47,-12.966966,0.0,0.0
Adam Jones,6368,2026,40,-7.512541,0.0,0.0
Jhonny Peralta,1738,2026,44,-12.546237,0.0,0.0
Howie Kendrick,4229,2026,42,-9.764247,0.0,0.0
Steve Pearce,9957,2026,43,-10.604851,0.0,0.0
Freddie Freeman,5361,2026,36,-10.643666,0.0,0.0
Todd Frazier,785,2026,40,-5.5856967,0.0,0.2164645940065384
Marcell Ozuna,10324,2026,35,-9.361498,0.0,0.0
Erick Aybar,4082,2026,42,-6.679092,0.0,0.0
Neil Walker,7539,2026,40,-11.585047,0.0,0.0
Hunter Pence,8252,2026,43,-6.972976,0.0,0.0
Mike Zunino,13265,2026,35,-10.74009,0.0,0.0
Devin Mesoraco,5666,2026,38,-11.513634,0.0,0.0
Nelson Cruz,2434,2026,45,-12.453628,0.0,0.0
J.D. Martinez,6184,2026,38,-10.6295,0.0,0.0
Dustin Pedroia,8370,2026,42,-10.333206,0.0,0.0
Edwin Encarnacion,2151,2026,43,-11.969154,0.0,0.0
Justin Upton,5222,2026,38,-6.99859,0.0,0.0
Hanley Ramirez,8001,2026,42,-8.03184,0.0,0.0
Adrian Gonzalez,1908,2026,44,-13.120841,0.0,0.0
Chase Utley,1679,2026,47,-9.610533,0.0,0.0
Evan Longoria,9368,2026,40,-11.185707,0.0,0.0
Yoenis Cespedes,13110,2026,40,-9.332036,0.0,0.0
Justin Turner,5235,2026,41,-11.201443,0.0,0.0
Juan Uribe,454,2026,47,-13.30834,0.0,0.0
Kole Calhoun,11200,2026,38,-9.289792,0.0,0.0
Trevor Plouffe,7462,2026,40,-12.085469,0.0,0.0
Matt Carpenter,8090,2026,40,-10.747346,0.0,0.0
Chase Headley,4720,2026,42,-11.11163,0.0,0.0
Pablo Sandoval,5409,2026,39,-12.347278,0.0,0.0
Miguel Montero,3364,2026,42,-12.656135,0.0,0.0
Matt Holliday,1873,2026,46,-12.643218,0.0,0.0
Starlin Castro,4579,2026,36,-9.774638,0.0,0.0
Luis Valbuena,4969,2026,40,-11.843986,0.0,0.0
Yadier Molina,7007,2026,43,-12.74028,0.0,0.0
Brian McCann,4810,2026,42,-12.927514,0.0,0.0
Lucas Duda,2502,2026,40,-11.681895,0.0,0.0
Melky Cabrera,4022,2026,41,-11.28799,0.0,0.0
Travis d'Arnaud,7739,2026,37,-11.766592,0.0,0.0
Tyler Flowers,9134,2026,40,-12.343646,0.0,0.0
J.J. Hardy,3797,2026,43,-13.165481,0.0,0.0
Corey Dickerson,10762,2026,37,-9.155644,0.0,0.0
Scott Van Slyke,4365,2026,39,-10.989832,0.0,0.0
Kevin Kiermaier,11038,2026,36,-6.7813454,0.0,0.0
Yasmani Grandal,11368,2026,37,-11.348526,0.0,0.0
Hank Conger,2505,2026,38,-11.852459,0.0,0.0
Seth Smith,7331,2026,43,-12.68762,0.0,0.0
Albert Pujols,1177,2026,46,-12.789451,0.0,0.0
Brandon Moss,4467,2026,42,-12.188122,0.0,0.0
Brandon Crawford,5343,2026,39,-10.765872,0.0,0.0
Nolan Arenado,9777,2026,35,-10.783189,0.0,0.0
Evan Gattis,11003,2026,39,-12.413932,0.0,0.0
Eduardo Escobar,6153,2026,37,-10.152611,0.0,0.0
Matt Kemp,5631,2026,41,-10.190573,0.0,0.0
Daniel Murphy,4316,2026,41,-6.7438564,0.0,0.0
David Freese,9549,2026,43,-12.518326,0.0,0.0
Chris Coghlan,6878,2026,41,-9.892093,0.0,0.0
Justin Morneau,1737,2026,45,-13.244008,0.0,0.0
Carlos Santana,2396,2026,40,-11.508357,0.0,0.0
Manny Machado,11493,2026,33,-9.799099,0.0,0.0
Nick Markakis,5930,2026,42,-12.201073,0.0,0.0
Daniel Nava,5450,2026,43,-11.137439,0.0,0.0
David Ortiz,745,2026,50,-14.105496,0.0,0.0
Derek Norris,6867,2026,37,-10.5490265,0.0,0.0
Marlon Byrd,950,2026,48,-12.46197,0.0,0.0
Mike Napoli,3057,2026,44,-12.54228,0.0,0.0
Josh Reddick,3892,2026,39,-9.02476,0.0,0.0
Jason Castro,8722,2026,39,-11.437527,0.0,0.0
Christian Vazquez,9774,2026,35,-11.399908,0.0,0.0
Adam LaRoche,1904,2026,46,-13.159516,0.0,0.0
Chris Iannetta,8267,2026,43,-12.170689,0.0,0.0
Jordy Mercer,6547,2026,39,-11.5169325,0.0,0.0
George Springer,12856,2026,36,-4.891467,0.0,0.0
Francisco Cervelli,5275,2026,40,-11.976486,0.0,0.0
Chris Carter,9911,2026,39,-11.2989235,0.0,0.0
Michael Saunders,9981,2026,39,-5.8974643,0.0,0.0
Casey McGehee,6086,2026,43,-12.271743,0.0,0.0
Gregor Blanco,3123,2026,42,-6.82478,0.0,0.0
Asdrubal Cabrera,4962,2026,40,-9.778877,0.0,0.0
Matt Adams,9393,2026,37,-11.145944,0.0,0.0
Carlos Ruiz,2579,2026,47,-12.400574,0.0,0.0
Salvador Perez,7304,2026,36,-11.482362,0.0,0.0
Caleb Joseph,7087,2026,40,-12.329851,0.0,0.0
Adam Lind,8027,2026,42,-12.810046,0.0,0.0
Aramis Ramirez,1002,2026,48,-13.197407,0.0,0.0
Scooter Gennett,10339,2026,36,-10.101945,0.0,0.0
Conor Gillaspie,9009,2026,38,-11.200699,0.0,0.0
Jon Jay,5227,2026,41,-10.550492,0.0,0.0
Joe Mauer,1857,2026,43,-11.481944,0.0,0.0
Yangervis Solarte,5352,2026,38,-12.07387,0.0,0.0
Brandon Guyer,2636,2026,40,-6.6225033,0.0,0.0
Jed Lowrie,4418,2026,42,-12.906149,0.0,0.0
Andrelton Simmons,10847,2026,36,-10.340783,0.0,0.0
Michael Cuddyer,1534,2026,47,-11.310582,0.0,0.0
Michael Morse,3035,2026,44,-13.25164,0.0,0.0
Travis Snider,2830,2026,38,-11.152466,0.0,0.0
Lonnie Chisenhall,7571,2026,37,-10.915043,0.0,0.0
Bryce Harper,11579,2026,33,-7.40336,0.0,0.0
Brett Lawrie,5247,2026,36,-9.071071,0.0,0.0
David Wright,3787,2026,43,-9.18899,0.0,0.0
Stephen Vogt,5000,2026,41,-11.361068,0.0,0.0
Colby Rasmus,9893,2026,39,-8.916086,0.0,0.0
Martin Prado,3312,2026,42,-11.877981,0.0,0.0
Matt Joyce,3353,2026,41,-10.851024,0.0,0.0
Chris Stewart,3878,2026,44,-12.748654,0.0,0.0
Ruben Tejada,5519,2026,36,-10.881692,0.0,0.0
Ryan Hanigan,4952,2026,45,-13.185024,0.0,0.0
Khris Davis,9112,2026,38,-11.345922,0.0,0.0
Josh Willingham,2103,2026,47,-12.584642,0.0,0.0
Cliff Pennington,3395,2026,42,-6.482249,0.0,0.0
Collin Cowgill,7250,2026,40,-9.733921,0.0,0.0
Brandon Phillips,791,2026,45,-12.320631,0.0,0.0
Rickie Weeks Jr.,1849,2026,43,-11.43466,0.0,0.0
Madison Bumgarner,5524,2026,36,-11.262261,0.0,0.0
Marwin Gonzalez,5497,2026,37,-10.319061,0.0,0.0
Joe Panik,11936,2026,35,-9.111122,0.0,0.0
Martin Maldonado,6887,2026,39,-12.210329,0.0,0.0
Robinson Chirinos,3142,2026,42,-12.789727,0.0,0.0
Dustin Ackley,10099,2026,38,-7.2097535,0.0,0.0
Alex Avila,7476,2026,39,-11.856491,0.0,0.0
Zack Cozart,2616,2026,40,-9.723877,0.0,0.0
Ryan Zimmerman,4220,2026,41,-12.296767,0.0,0.0
Juan Francisco,6978,2026,39,-11.97266,0.0,0.0
Curtis Granderson,4747,2026,45,-9.594487,0.0,0.0
David Lough,7215,2026,40,-7.9505944,0.0,0.0
Carlos Corporan,5587,2026,42,-12.830294,0.0,0.0
Wilmer Flores,5827,2026,34,-10.107644,0.0,0.0
Brad Miller,12775,2026,36,-6.696817,0.0,0.0
Peter Bourjos,2578,2026,39,-6.0970755,0.0,0.0
Kirk Nieuwenhuis,6400,2026,38,-6.580506,0.0,0.0
Ryan Braun,3410,2026,42,-9.288416,0.0,0.0
Torii Hunter,731,2026,50,-12.55986,0.0,0.0
Josh Hamilton,1875,2026,45,-11.690648,0.0,0.0
Enrique Hernandez,10472,2026,34,-8.027087,0.0,0.0
Ichiro Suzuki,1101,2026,52,-9.506624,0.0,0.0
Darwin Barney,2430,2026,40,-10.825347,0.0,0.0
David Ross,1551,2026,49,-13.182711,0.0,0.0
David Peralta,2136,2026,38,-8.99868,0.0,0.0
Rougned Odor,12282,2026,32,-7.887851,0.0,0.0
Wilson Ramos,1433,2026,38,-11.795521,0.0,0.0
Andre Ethier,6265,2026,44,-12.360901,0.0,0.0
Mark Reynolds,7619,2026,42,-11.47309,0.0,0.0
Jake Smolinski,5408,2026,37,-10.715719,0.0,0.0
Delmon Young,2140,2026,40,-11.907328,0.0,0.0
Oswaldo Arcia,10306,2026,35,-10.481485,0.0,0.0
James Loney,4556,2026,42,-12.477323,0.0,0.0
Adam Rosales,9682,2026,43,-9.904841,0.0,0.0
Chris Davis,9272,2026,40,-11.217916,0.0,0.0
Travis Wood,9884,2026,39,-11.777667,0.0,0.0
Chris Young,3882,2026,42,-8.857632,0.0,0.0
Eugenio Suarez,12552,2026,34,-8.811001,0.0,0.0
Michael McKenry,9628,2026,41,-12.004078,0.0,0.0
Joey Votto,4314,2026,42,-12.214088,0.0,0.0
Andrew Susac,13132,2026,36,-8.831442,0.0,0.0
Brandon Belt,10264,2026,38,-10.599483,0.0,0.0
Logan Morrison,9205,2026,38,-10.874857,0.0,0.0
Donovan Solano,8623,2026,38,-11.328018,0.0,0.0
Zack Greinke,1943,2026,42,-12.1584015,0.0,0.0
Jose Molina,25,2026,51,-13.3023815,0.0,0.0
Jorge Soler,14221,2026,34,-8.403305,0.0,0.0
Mark Teixeira,1281,2026,46,-13.112701,0.0,0.0
Gerardo Parra,8553,2026,39,-8.524536,0.0,0.0
Ramon Santiago,1417,2026,46,-12.525756,0.0,0.0
Ryan Flaherty,7888,2026,39,-10.16888,0.0,0.0
Chris Heisey,3978,2026,41,-8.907817,0.0,0.0
Will Venable,211,2026,43,-7.516232,0.0,0.0
Alexi Amarista,9063,2026,37,-4.220855,0.0,0.5548761487007141
Drew Butera,3411,2026,42,-12.794387,0.0,0.0
Kevin Kouzmanoff,5995,2026,44,-13.045452,0.0,0.0
Matt Wieters,4298,2026,40,-12.110484,0.0,0.0
John Jaso,5887,2026,42,-11.873759,0.0,0.0
Ike Davis,8433,2026,39,-11.91657,0.0,0.0
Cody Asche,11997,2026,36,-11.102005,0.0,0.0
Tommy Medica,11147,2026,38,-7.7124662,0.0,0.0
Roberto Perez,2900,2026,37,-11.642759,0.0,0.0
Robbie Grossman,5254,2026,36,-9.058628,0.0,0.0
Kelly Johnson,2234,2026,44,-11.598403,0.0,0.0
Chone Figgins,1580,2026,48,-8.10403,0.0,0.0
Danny Espinosa,9219,2026,39,-8.359385,0.0,0.0
Erik Kratz,4403,2026,46,-13.474373,0.0,0.0
Kyle Blanks,49,2026,39,-11.993321,0.0,0.0
Rafael Ynoa,2832,2026,38,-11.7926,0.0,0.0
Kennys Vargas,12101,2026,35,-10.344641,0.0,0.0
Justin Ruggiano,7620,2026,44,-9.787344,0.0,0.0
David DeJesus,1825,2026,46,-12.198784,0.0,0.0
John Mayberry,3390,2026,42,-12.339146,0.0,0.0
Gregorio Petit,3812,2026,41,-11.753371,0.0,0.0
Travis Ishikawa,4793,2026,42,-12.217621,0.0,0.0
John Ryan Murphy,10346,2026,35,-9.237769,0.0,0.0
Yonder Alonso,2530,2026,39,-9.859115,0.0,0.0
Marcus Semien,12533,2026,35,-9.298855,0.0,0.0
Danny Valencia,6364,2026,41,-12.13151,0.0,0.0
Adeiny Hechavarria,10459,2026,37,-9.718655,0.0,0.0
Omar Infante,1609,2026,44,-10.065745,0.0,0.0
Abraham Almonte,5486,2026,37,-9.092473,0.0,0.0
Jose Lobaton,4243,2026,41,-12.69481,0.0,0.0
Mike Leake,10130,2026,38,-11.740864,0.0,0.0
Shelby Miller,10197,2026,35,-10.888309,0.0,0.0
Clayton Kershaw,2036,2026,38,-10.792372,0.0,0.0
Ben Paulsen,9741,2026,38,-12.17733,0.0,0.0
Eric Chavez,906,2026,48,-12.568336,0.0,0.0
Adam Dunn,319,2026,46,-13.303701,0.0,0.0
Ryan Rua,12409,2026,36,-10.604138,0.0,0.0
Wilin Rosario,8002,2026,37,-11.485638,0.0,0.0
Shin-Soo Choo,3174,2026,43,-9.818122,0.0,0.0
Derek Dietrich,10542,2026,36,-5.167687,0.0,0.0
Nick Castellanos,11737,2026,34,-10.464949,0.0,0.0
Kevin Pillar,12434,2026,37,-9.351057,0.0,0.0
Eric Campbell,6938,2026,39,-11.256603,0.0,0.0
Yunel Escobar,4191,2026,43,-12.732559,0.0,0.0
Chris Johnson,1191,2026,41,-12.03618,0.0,0.0
Ryan Sweeney,6352,2026,41,-12.236856,0.0,0.0
Chris Gimenez,7324,2026,43,-12.090945,0.0,0.0
Mike Moustakas,4892,2026,37,-11.524143,0.0,0.0
Munenori Kawasaki,13047,2026,45,-12.13821,0.0,0.0
Wil Nieves,1556,2026,48,-13.105751,0.0,0.0
Brandon Hicks,4003,2026,40,-11.860641,0.0,0.0
Jonathan Schoop,11265,2026,34,-10.204152,0.0,0.0
Jacob deGrom,10954,2026,38,-11.76939,0.0,0.0
Adam Wainwright,2233,2026,44,-12.929426,0.0,0.0
Nick Evans,7595,2026,40,-12.2386875,0.0,0.0
Pete Kozma,2539,2026,38,-8.233097,0.0,0.0
Garin Cecchini,11608,2026,35,-7.965943,0.0,0.0
Jhoulys Chacin,2608,2026,38,-11.724204,0.0,0.0
Garrett Jones,2714,2026,45,-13.326787,0.0,0.0
Pedro Alvarez,2495,2026,39,-10.456521,0.0,0.0
Darin Ruf,9929,2026,39,-12.358746,0.0,0.0
Welington Castillo,3256,2026,39,-12.376638,0.0,0.0
Randal Grichuk,10243,2026,34,-10.476847,0.0,0.0
DJ LeMahieu,9874,2026,37,-6.264323,0.0,0.0
Brian Roberts,166,2026,48,-9.9505415,0.0,0.0
Jonny Gomes,1845,2026,45,-12.481876,0.0,0.0
Ramiro Pena,8841,2026,40,-11.269928,0.0,0.0
Maicer Izturis,2437,2026,45,-8.846582,0.0,0.0
Phil Gosselin,10953,2026,37,-8.808976,0.0,0.0
Clint Barmes,1830,2026,47,-12.707648,0.0,0.0
Cameron Maybin,5223,2026,39,-8.267301,0.0,0.0
Tyler Holt,11391,2026,37,-7.2607975,0.0,0.0
Jordan Lyles,7593,2026,35,-10.888309,0.0,0.0
Jake Arrieta,4153,2026,40,-12.175177,0.0,0.0
Cole Hamels,4972,2026,42,-12.593233,0.0,0.0
Gerrit Cole,13125,2026,35,-10.92336,0.0,0.0
Dan Haren,1757,2026,45,-13.092411,0.0,0.0
Tyson Ross,7872,2026,39,-11.957588,0.0,0.0
Carlos Rivero,1136,2026,38,-11.76939,0.0,0.0
Jose Pirela,5485,2026,36,-11.240227,0.0,0.0
George Kottaras,5506,2026,43,-12.17257,0.0,0.0
Gary Brown,11464,2026,37,-8.979115,0.0,0.0
Max Stassi,10059,2026,35,-11.09082,0.0,0.0
Marco Gonzales,15467,2026,34,-10.616096,0.0,0.0
Matt McBride,9373,2026,41,-11.6364,0.0,0.0
Andres Blanco,1907,2026,42,-12.848915,0.0,0.0
Scott Sizemore,2881,2026,41,-10.680481,0.0,0.0
Dalton Pompey,12797,2026,33,-8.34207,0.0,0.0
Justin Bour,9744,2026,38,-12.19477,0.0,0.0
Dilson Herrera,14335,2026,32,-10.456198,0.0,0.0
Sean Rodriguez,6589,2026,41,-11.4882555,0.0,0.0
Shane Victorino,1677,2026,45,-8.699331,0.0,0.0
Daniel Robertson,6266,2026,40,-8.126138,0.0,0.0
Tommy La Stella,12371,2026,37,-11.186885,0.0,0.0
Efren Navarro,9854,2026,40,-8.372915,0.0,0.0
Derek Jeter,826,2026,52,-12.274865,0.0,0.0
Joe Kelly,9761,2026,38,-9.602399,0.0,0.0
Jordan Danks,9187,2026,39,-5.430541,0.0,0.0
Nick Punto,1429,2026,48,-12.102138,0.0,0.0
Josh Wilson,2102,2026,45,-12.372215,0.0,0.0
Jaime Garcia,8137,2026,39,-11.957588,0.0,0.0
Jeff Mathis,3448,2026,43,-12.892528,0.0,0.0
Jackie Bradley Jr.,12984,2026,36,-8.604442,0.0,0.0
Cliff Lee,1636,2026,47,-12.784359,0.0,0.0
Jacob Turner,10185,2026,35,-10.888309,0.0,0.0
Josh Beckett,510,2026,46,-13.246456,0.0,0.0
Mike Minor,10021,2026,38,-11.724204,0.0,0.0
Jordan Zimmermann,4505,2026,40,-12.194182,0.0,0.0
Henderson Alvarez,5669,2026,36,-11.190034,0.0,0.0
Ian Kennedy,6986,2026,41,-12.395859,0.0,0.0
Buddy Carlyle,2010,2026,48,-13.542381,0.0,0.0
Brian Schlitter,3599,2026,40,-12.142496,0.0,0.0
Jeanmar Gomez,9033,2026,38,-11.724204,0.0,0.0
Gus Schlosser,12321,2026,37,-11.5161705,0.0,0.0
Jeurys Familia,5114,2026,36,-11.190034,0.0,0.0
Zach McAllister,2895,2026,38,-11.724204,0.0,0.0
Clay Buchholz,3543,2026,41,-12.378593,0.0,0.0
Pedro Villarreal,9904,2026,38,-11.724204,0.0,0.0
Drew Hutchison,10732,2026,35,-10.9068775,0.0,0.0
Robbie Ray,11486,2026,34,-10.616096,0.0,0.0
Nick Tepesch,11716,2026,37,-11.496692,0.0,0.0
Brad Penny,535,2026,48,-13.544609,0.0,0.0
Colby Lewis,1259,2026,46,-13.245407,0.0,0.0
Seth Maness,12235,2026,37,-11.496692,0.0,0.0
Donn Roach,10620,2026,36,-11.240227,0.0,0.0
Doug Bernier,4518,2026,46,-12.453915,0.0,0.0
Brandon Barnes,629,2026,40,-10.389823,0.0,0.0
Nolan Reimold,3441,2026,42,-10.645336,0.0,0.0
James Shields,7059,2026,44,-12.929426,0.0,0.0
Craig Stammen,7274,2026,42,-12.571976,0.0,0.0
Chris Parmelee,2554,2026,38,-11.693304,0.0,0.0
Endy Chavez,768,2026,48,-11.5039625,0.0,0.0
Tyler Moore,7244,2026,39,-12.011602,0.0,0.0
Steve Tolleson,4450,2026,42,-12.218812,0.0,0.0
Justin Verlander,8700,2026,43,-12.755429,0.0,0.0
Daniel Corcino,9266,2026,35,-10.940899,0.0,0.0
Bud Norris,9492,2026,41,-12.378593,0.0,0.0
Tony Sanchez,6178,2026,38,-12.166735,0.0,0.0
Xander Bogaerts,12161,2026,33,-8.900132,0.0,0.0
Tyler Colvin,5310,2026,40,-11.470492,0.0,0.0
Willie Bloomquist,1066,2026,48,-11.791739,0.0,0.0
Jake Lamb,13329,2026,35,-8.212022,0.0,0.0
Kevin Correia,1767,2026,45,-13.05786,0.0,0.0
Carlos Peguero,8760,2026,39,-7.4242964,0.0,0.0
Jordany Valdespin,5098,2026,38,-7.7928085,0.0,0.0
Matt Duffy,13836,2026,35,-9.904004,0.0,0.0
Johnny Giavotella,6740,2026,38,-9.519942,0.0,0.0
Ed Lucas,7532,2026,44,-12.151534,0.0,0.0
Eric Sogard,7927,2026,40,-6.8983836,0.0,0.0
Hector Sanchez,10289,2026,36,-10.84795,0.0,0.0
Wandy Rodriguez,2586,2026,47,-13.38983,0.0,0.0
Carlos Martinez,11682,2026,34,-10.599093,0.0,0.0
Alex Cobb,6562,2026,38,-11.724204,0.0,0.0
Miguel Rojas,7802,2026,37,-11.736958,0.0,0.0
Jesus Sucre,5942,2026,38,-10.686404,0.0,0.0
Bronson Arroyo,978,2026,49,-13.66524,0.0,0.0
Tyler Matzek,10058,2026,35,-10.940899,0.0,0.0
Daisuke Matsuzaka,7775,2026,45,-13.092411,0.0,0.0
Jeff Samardzija,3254,2026,41,-12.378593,0.0,0.0
Edwin Jackson,1841,2026,42,-12.588077,0.0,0.0
Matt Cain,4732,2026,41,-12.395373,0.0,0.0
Jarred Cosart,10304,2026,36,-11.222903,0.0,0.0
Wade Miley,8779,2026,39,-11.957588,0.0,0.0
Hyun-Jin Ryu,14444,2026,39,-11.981726,0.0,0.0
Kyle Hendricks,12049,2026,36,-11.240227,0.0,0.0
A.J. Burnett,512,2026,49,-13.66524,0.0,0.0
David Buchanan,11176,2026,37,-11.5161705,0.0,0.0
Stephen Strasburg,10131,2026,37,-11.488581,0.0,0.0
Jon Niese,4424,2026,39,-11.978129,0.0,0.0
Francisco Pena,8298,2026,36,-11.240227,0.0,0.0
Antonio Bastardo,8844,2026,40,-12.175177,0.0,0.0
J.J. Hoover,9037,2026,38,-11.724204,0.0,0.0
Audry Perez,9176,2026,37,-11.496692,0.0,0.0
Andrew Chafin,12988,2026,36,-11.240227,0.0,0.0
Joey Terdoslavich,10593,2026,37,-11.904056,0.0,0.0
Steven Moya,11854,2026,34,-10.616096,0.0,0.0
Jackson Williams,8524,2026,40,-12.510792,0.0,0.0
Clint Robinson,6908,2026,41,-12.692231,0.0,0.0
Josh Phegley,9308,2026,38,-11.990431,0.0,0.0
Nate Freiman,6582,2026,39,-12.409829,0.0,0.0
Bryce Brentz,10607,2026,37,-4.9972324,0.0,0.0
Gaby Sanchez,3361,2026,42,-12.298797,0.0,0.0
Jason Lane,1397,2026,49,-13.638309,0.0,0.0
Tony Watson,3132,2026,41,-12.378593,0.0,0.0
David Huff,4257,2026,41,-12.378593,0.0,0.0
John Danks,6329,2026,41,-12.378593,0.0,0.0
Taylor Hill,12515,2026,37,-11.5161705,0.0,0.0
Tyler Collins,12723,2026,36,-11.453532,0.0,0.0
Michael Taylor,2591,2026,40,-12.214903,0.0,0.0
Jesus Montero,5514,2026,36,-11.370956,0.0,0.0
Chris Dickerson,7095,2026,44,-9.423622,0.0,0.0
Nick Hundley,3376,2026,42,-12.426402,0.0,0.0
Matt Szczur,11255,2026,36,-9.4604845,0.0,0.0
Steve Lombardozzi,5422,2026,37,-10.766773,0.0,0.0
Andrew Lambo,5386,2026,37,-11.681926,0.0,0.0
Cole Figueroa,8790,2026,39,-10.588289,0.0,0.0
Chris Denorfia,4400,2026,45,-10.070243,0.0,0.0
Anibal Sanchez,3284,2026,42,-12.571976,0.0,0.0
Zeke Spruill,3873,2026,36,-11.222903,0.0,0.0
Samuel Deduno,5285,2026,42,-12.571976,0.0,0.0
Yu Darvish,13074,2026,39,-11.957588,0.0,0.0
Jonathan Herrera,4182,2026,41,-11.479025,0.0,0.0
Ehire Adrianza,8418,2026,36,-10.852036,0.0,0.0
Greg Garcia,10951,2026,36,-9.432445,0.0,0.0
Hernan Perez,5751,2026,35,-10.62479,0.0,0.0
Tyler Thornburg,10688,2026,37,-11.467729,0.0,0.0
Robbie Ross Jr.,6819,2026,37,-11.467729,0.0,0.0
Dan Straily,9460,2026,37,-11.467729,0.0,0.0
Nick Tropeano,12385,2026,35,-10.940899,0.0,0.0
Hector Santiago,4026,2026,38,-11.724204,0.0,0.0
Bobby Wilson,6564,2026,43,-12.794761,0.0,0.0
Kyle Gibson,10123,2026,38,-11.750187,0.0,0.0
Dallas Beeler,11471,2026,37,-11.5161705,0.0,0.0
Yordano Ventura,11855,2026,35,-10.92336,0.0,0.0
Andy Parrino,3972,2026,40,-12.2804165,0.0,0.0
Joc Pederson,11899,2026,34,-10.294394,0.0,0.0
Tucker Barnhart,10200,2026,35,-9.321609,0.0,0.0
Nick Franklin,10166,2026,35,-8.88114,0.0,0.0
Jonathan Diaz,4142,2026,41,-9.640033,0.0,0.0
Brett Anderson,8223,2026,38,-11.724204,0.0,0.0
Corey Kluber,2429,2026,40,-12.175177,0.0,0.0
Christian Friedrich,7942,2026,38,-11.732183,0.0,0.0
Chase Whitley,10982,2026,37,-11.5161705,0.0,0.0
Felix Doubront,1478,2026,38,-11.724204,0.0,0.0
Justin Masterson,2038,2026,41,-12.378593,0.0,0.0
Ross Detwiler,2859,2026,40,-12.175177,0.0,0.0
C.J. Wilson,3580,2026,45,-13.092411,0.0,0.0
Jerome Williams,1137,2026,44,-12.929426,0.0,0.0
Jimmy Nelson,10547,2026,37,-11.496692,0.0,0.0
Homer Bailey,8362,2026,40,-12.175177,0.0,0.0
Josh Collmenter,7312,2026,40,-12.175177,0.0,0.0
Ryan Vogelsong,1011,2026,48,-13.528974,0.0,0.0
Kyle Kendrick,6230,2026,41,-12.378593,0.0,0.0
Jason Hammel,4538,2026,43,-12.755429,0.0,0.0
Randy Wolf,976,2026,49,-13.521667,0.0,0.0
Tim Stauffer,6432,2026,44,-12.929426,0.0,0.0
Tony Cingrani,12555,2026,36,-10.933826,0.0,0.0
Brandon Cumpton,11366,2026,37,-11.496692,0.0,0.0
Anthony DeSclafani,13050,2026,36,-11.240227,0.0,0.0
Robbie Erlin,10354,2026,35,-10.92336,0.0,0.0
John Lackey,1507,2026,47,-13.381605,0.0,0.0
Marco Estrada,1118,2026,42,-12.571976,0.0,0.0
Jeff Kobernus,9591,2026,38,-10.989832,0.0,0.0
Dallas Keuchel,9434,2026,38,-11.724204,0.0,0.0
Taylor Jordan,10466,2026,37,-11.496692,0.0,0.0
Jose Fernandez,11530,2026,33,-10.24792,0.0,0.0
Andrew Heaney,15423,2026,35,-10.940899,0.0,0.0
Blake Treinen,12572,2026,38,-11.76939,0.0,0.0
Tyler Lyons,11334,2026,38,-11.750187,0.0,0.0
Randall Delgado,5985,2026,36,-11.190034,0.0,0.0
Masahiro Tanaka,15764,2026,37,-11.5161705,0.0,0.0
Jake Odorizzi,6397,2026,36,-11.190034,0.0,0.0
Hisashi Iwakuma,13048,2026,45,-13.092411,0.0,0.0
Paul Maholm,8678,2026,44,-12.929426,0.0,0.0
Jeremy Guthrie,2072,2026,47,-13.38983,0.0,0.0
Neftali Feliz,18,2026,38,-11.724204,0.0,0.0
Xavier Cedeno,36,2026,39,-11.957588,0.0,0.0
Erik Bedard,126,2026,47,-13.38983,0.0,0.0
Mark Buehrle,225,2026,47,-13.38983,0.0,0.0
Daniel McCutchen,263,2026,43,-12.738046,0.0,0.0
Kyle Farnsworth,278,2026,50,-13.800685,0.0,0.0
Blake Beavan,338,2026,37,-11.467729,0.0,0.0
CC Sabathia,404,2026,45,-13.092411,0.0,0.0
Fernando Rodney,494,2026,49,-13.66524,0.0,0.0
Jason Grilli,521,2026,49,-13.66524,0.0,0.0
Hector Ambriz,559,2026,42,-12.571976,0.0,0.0
Jeremy Affeldt,583,2026,47,-13.38983,0.0,0.0
Grant Balfour,718,2026,48,-13.528974,0.0,0.0
LaTroy Hawkins,729,2026,53,-14.222028,0.0,0.0
Bruce Chen,769,2026,49,-13.66524,0.0,0.0
Scott Downs,773,2026,50,-13.800685,0.0,0.0
Randy Choate,813,2026,50,-13.800685,0.0,0.0
Kris Johnson,886,2026,41,-12.399747,0.0,0.0
Scott Carroll,888,2026,41,-12.420127,0.0,0.0
Joe Beimel,979,2026,49,-13.705662,0.0,0.0
Aaron Thompson,999,2026,39,-11.94564,0.0,0.0
Rafael Soriano,1100,2026,46,-13.246456,0.0,0.0
Joe Nathan,1122,2026,51,-13.93684,0.0,0.0
Tommy Hunter,1157,2026,39,-11.957588,0.0,0.0
Adam Ottavino,1247,2026,40,-12.175177,0.0,0.0
Pedro Beato,1330,2026,39,-11.957588,0.0,0.0
Curtis Partch,1333,2026,39,-11.981726,0.0,0.0
Blake Wood,1345,2026,40,-12.157048,0.0,0.0
Evan Reed,1349,2026,40,-12.196961,0.0,0.0
Nick Hagadone,1351,2026,40,-12.175177,0.0,0.0
Charlie Furbush,1370,2026,40,-12.175177,0.0,0.0
Joaquin Benoit,1437,2026,48,-13.528974,0.0,0.0
Jon Edwards,1483,2026,38,-11.76939,0.0,0.0
Oliver Perez,1514,2026,44,-12.929426,0.0,0.0
Sean Doolittle,1581,2026,39,-11.957588,0.0,0.0
Francisco Rodriguez,1642,2026,44,-12.929426,0.0,0.0
Javier Lopez,1663,2026,48,-13.528974,0.0,0.0
Chris Capuano,1701,2026,47,-13.38983,0.0,0.0
Jose Valverde,1726,2026,48,-13.528974,0.0,0.0
Kevin Gregg,1793,2026,48,-13.528974,0.0,0.0
J.J. Putz,1795,2026,49,-13.66524,0.0,0.0
Neal Cotts,1797,2026,46,-13.203335,0.0,0.0
Humberto Quintero,1824,2026,46,-13.375764,0.0,0.0
Matt Belisle,1837,2026,46,-13.246456,0.0,0.0
Shawn Camp,1855,2026,50,-13.800685,0.0,0.0
Sean Burnett,1886,2026,43,-12.755429,0.0,0.0
Matt Moore,1890,2026,37,-11.467729,0.0,0.0
Jason Frasor,1906,2026,48,-13.528974,0.0,0.0
Matt Thornton,1918,2026,49,-13.66524,0.0,0.0
Frank Francisco,1933,2026,46,-13.246456,0.0,0.0
Mike Adams,1937,2026,47,-13.38983,0.0,0.0
Justin Germano,1938,2026,43,-12.755429,0.0,0.0
Raul Valdes,1953,2026,48,-13.528974,0.0,0.0
Ivan Nova,1994,2026,39,-11.957588,0.0,0.0
Matt Guerrier,2061,2026,47,-13.38983,0.0,0.0
Jose Veras,2063,2026,45,-13.092411,0.0,0.0
Heath Bell,2080,2026,48,-13.528974,0.0,0.0
Chad Qualls,2170,2026,47,-13.38983,0.0,0.0
Ronald Belisario,2203,2026,43,-12.755429,0.0,0.0
Blaine Boyer,2237,2026,44,-12.899703,0.0,0.0
Brandon Gomes,2267,2026,41,-12.378593,0.0,0.0
Joel Peralta,2332,2026,50,-13.800685,0.0,0.0
Anthony Varvaro,2385,2026,41,-12.378593,0.0,0.0
Hector Rondon,2391,2026,38,-11.750187,0.0,0.0
Cory Rasmus,2413,2026,38,-11.750187,0.0,0.0
Eric Surkamp,2540,2026,38,-11.706278,0.0,0.0
Joe Paterson,2565,2026,40,-12.175177,0.0,0.0
Scott Atchison,2642,2026,50,-13.800685,0.0,0.0
Brian Matusz,2646,2026,39,-11.957588,0.0,0.0
Corey Brown,2650,2026,40,-11.854244,0.0,0.0
Brett Cecil,2660,2026,39,-11.957588,0.0,0.0
Joba Chamberlain,2692,2026,40,-12.175177,0.0,0.0
Scott Rice,2743,2026,44,-12.94002,0.0,0.0
Carlos Marmol,2790,2026,43,-12.755429,0.0,0.0
Joe Savery,2835,2026,40,-12.175177,0.0,0.0
Drake Britton,2868,2026,37,-11.496692,0.0,0.0
Santiago Casilla,2873,2026,45,-13.092411,0.0,0.0
Luis Avilan,2882,2026,36,-11.190034,0.0,0.0
Juan Oviedo,2886,2026,44,-12.899703,0.0,0.0
Tommy Pham,2967,2026,38,-11.76939,0.0,0.0
Bruce Billings,3044,2026,40,-12.159366,0.0,0.0
Kenley Jansen,3096,2026,38,-11.724204,0.0,0.0
Max Scherzer,3137,2026,41,-12.378593,0.0,0.0
Tim Collins,3164,2026,36,-11.190034,0.0,0.0
David Price,3184,2026,40,-12.175177,0.0,0.0
Will Harris,3192,2026,41,-12.378593,0.0,0.0
Chris Young,3196,2026,47,-13.396804,0.0,0.0
Josh Stinson,3219,2026,38,-11.724204,0.0,0.0
Jean Machi,3220,2026,44,-12.929426,0.0,0.0
T.J. McFarland,3237,2026,37,-11.496692,0.0,0.0
Zack Britton,3240,2026,38,-11.724204,0.0,0.0
Ryan Rowland-Smith,3245,2026,43,-12.702304,0.0,0.0
Juan Gutierrez,3265,2026,42,-12.552238,0.0,0.0
Jordan Walden,3271,2026,38,-11.724204,0.0,0.0
Joe Smith,3281,2026,42,-12.571976,0.0,0.0
Nate Adcock,3282,2026,38,-11.695211,0.0,0.0
Hiroki Kuroda,3283,2026,51,-13.93684,0.0,0.0
Hector Noesi,3292,2026,39,-11.957588,0.0,0.0
Chris Hatcher,3299,2026,41,-12.378593,0.0,0.0
Darren O'Day,3321,2026,43,-12.755429,0.0,0.0
Cesar Ramos,3357,2026,42,-12.571976,0.0,0.0
Ubaldo Jimenez,3374,2026,42,-12.571976,0.0,0.0
Jumbo Diaz,3397,2026,42,-12.609168,0.0,0.0
Kevin Whelan,3462,2026,42,-12.553017,0.0,0.0
Andre Rienzo,3507,2026,37,-11.496692,0.0,0.0
Liam Hendriks,3548,2026,37,-11.467729,0.0,0.0
Jim Johnson,3656,2026,43,-12.755429,0.0,0.0
Logan Ondrusek,3677,2026,41,-12.378593,0.0,0.0
Brandon League,3731,2026,43,-12.755429,0.0,0.0
Cesar Jimenez,3762,2026,41,-12.359712,0.0,0.0
Felipe Paulino,3777,2026,42,-12.55274,0.0,0.0
Ricky Nolasco,3830,2026,43,-12.755429,0.0,0.0
Zach Duke,3840,2026,43,-12.755429,0.0,0.0
Brett Oberholtzer,3855,2026,36,-11.222903,0.0,0.0
Rubby de la Rosa,3862,2026,37,-11.467729,0.0,0.0
Ethan Martin,3877,2026,37,-11.496692,0.0,0.0
Casey Fien,3926,2026,42,-12.571976,0.0,0.0
David Carpenter,3959,2026,40,-12.175177,0.0,0.0
Edward Mujica,3970,2026,42,-12.571976,0.0,0.0
Allen Webster,3993,2026,36,-11.222903,0.0,0.0
Josh Outman,4004,2026,41,-12.378593,0.0,0.0
Eury De la Rosa,4055,2026,36,-11.222903,0.0,0.0
Brian Duensing,4064,2026,43,-12.755429,0.0,0.0
Pedro Strop,4070,2026,41,-12.378593,0.0,0.0
Junichi Tazawa,4079,2026,40,-12.175177,0.0,0.0
Erik Cordier,4086,2026,40,-12.218224,0.0,0.0
James Russell,4089,2026,40,-12.175177,0.0,0.0
Luke Gregerson,4090,2026,42,-12.571976,0.0,0.0
Derek Holland,4141,2026,39,-11.957588,0.0,0.0
Wilton Lopez,4227,2026,42,-12.571976,0.0,0.0
Jered Weaver,4235,2026,43,-12.755429,0.0,0.0
Brad Lincoln,4241,2026,41,-12.378593,0.0,0.0
Mark Melancon,4264,2026,41,-12.378593,0.0,0.0
Manny Parra,4279,2026,43,-12.755429,0.0,0.0
Matt Albers,4300,2026,43,-12.755429,0.0,0.0
Justin Wilson,4301,2026,38,-11.724204,0.0,0.0
Aaron Poreda,4313,2026,39,-11.916295,0.0,0.0
Kyle Drabek,4359,2026,38,-11.724204,0.0,0.0
Craig Breslow,4363,2026,45,-13.092411,0.0,0.0
Joe Saunders,4366,2026,45,-13.092411,0.0,0.0
Jeremy Hellickson,4371,2026,39,-11.957588,0.0,0.0
Brad Mills,4420,2026,41,-12.358133,0.0,0.0
Josh Wall,4436,2026,39,-11.957588,0.0,0.0
Pedro Hernandez,4578,2026,37,-11.467729,0.0,0.0
Matt Lindstrom,4604,2026,46,-13.246456,0.0,0.0
Bobby Korecky,4608,2026,46,-13.21328,0.0,0.0
Jason Pridie,4611,2026,42,-12.207521,0.0,0.0
Joe Thatcher,4620,2026,44,-12.929426,0.0,0.0
Sam LeCure,4664,2026,42,-12.571976,0.0,0.0
Pat Neshek,4682,2026,45,-13.092411,0.0,0.0
Jeff Francis,4684,2026,45,-13.092411,0.0,0.0
Nate Jones,4696,2026,40,-12.175177,0.0,0.0
Sergio Santos,4734,2026,42,-12.571976,0.0,0.0
Donnie Veal,4741,2026,41,-12.378593,0.0,0.0
Jonathan Broxton,4759,2026,42,-12.571976,0.0,0.0
Felix Hernandez,4772,2026,40,-12.175177,0.0,0.0
Matt Shoemaker,4776,2026,39,-11.981726,0.0,0.0
Vinnie Pestano,4782,2026,41,-12.378593,0.0,0.0
Rich Hill,4806,2026,46,-13.246456,0.0,0.0
Brandon Maurer,4878,2026,35,-10.92336,0.0,0.0
Scott Kazmir,4897,2026,42,-12.552238,0.0,0.0
Justin De Fratus,4955,2026,38,-11.724204,0.0,0.0
Fernando Salas,4971,2026,41,-12.378593,0.0,0.0
Fernando Abad,4994,2026,40,-12.175177,0.0,0.0
Jake Diekman,5003,2026,39,-11.957588,0.0,0.0
Bo Schultz,5028,2026,40,-12.218224,0.0,0.0
Dale Thayer,5032,2026,45,-13.092411,0.0,0.0
Josh Fields,5070,2026,40,-12.196961,0.0,0.0
Evan Meek,5109,2026,43,-12.738046,0.0,0.0
Alfredo Aceves,5164,2026,43,-12.755429,0.0,0.0
C.C. Lee,5177,2026,39,-11.981726,0.0,0.0
Ernesto Frieri,5178,2026,40,-12.175177,0.0,0.0
Mike Pelfrey,5203,2026,42,-12.571976,0.0,0.0
Chris Perez,5213,2026,40,-12.175177,0.0,0.0
Wade LeBlanc,5221,2026,41,-12.378593,0.0,0.0
Blake Parker,5224,2026,41,-12.378593,0.0,0.0
Rudy Owens,5226,2026,38,-11.76939,0.0,0.0
Vin Mazzaro,5231,2026,39,-11.957588,0.0,0.0
Jose Alvarez,5358,2026,37,-11.496692,0.0,0.0
Phillippe Aumont,5362,2026,37,-11.467729,0.0,0.0
Michael Pineda,5372,2026,37,-11.464524,0.0,0.0
Jorge De Leon,5397,2026,38,-11.750187,0.0,0.0
Pedro Baez,5420,2026,38,-11.76939,0.0,0.0
Jesse Chavez,5448,2026,42,-12.571976,0.0,0.0
Arodys Vizcaino,5498,2026,35,-10.892715,0.0,0.0
Dana Eveland,5508,2026,42,-12.55274,0.0,0.0
Boone Logan,5525,2026,41,-12.378593,0.0,0.0
Maikel Cleto,5529,2026,37,-11.467729,0.0,0.0
Phil Coke,5535,2026,43,-12.755429,0.0,0.0
Matt Harrison,5551,2026,40,-12.175177,0.0,0.0
Tyler Clippard,5640,2026,41,-12.378593,0.0,0.0
Brooks Brown,5679,2026,41,-12.420127,0.0,0.0
Josh Lueke,5722,2026,41,-12.378593,0.0,0.0
Eric O'Flaherty,5746,2026,41,-12.378593,0.0,0.0
Jorge Rondon,5791,2026,38,-11.76939,0.0,0.0
Jason Motte,5861,2026,44,-12.915717,0.0,0.0
Danny Salazar,5867,2026,36,-11.222903,0.0,0.0
Gonzalez Germen,5876,2026,38,-11.750187,0.0,0.0
Darin Downs,5903,2026,41,-12.378593,0.0,0.0
Sean Marshall,5905,2026,43,-12.755429,0.0,0.0
Wesley Wright,5960,2026,41,-12.378593,0.0,0.0
Jonathan Papelbon,5975,2026,45,-13.092411,0.0,0.0
Francisley Bueno,5980,2026,45,-13.092411,0.0,0.0
Kelvin Herrera,6033,2026,36,-11.190034,0.0,0.0
Matt Pagnozzi,6046,2026,43,-12.484326,0.0,0.0
Joe Wieland,6109,2026,36,-11.205838,0.0,0.0
Juan Jaime,6127,2026,38,-11.76939,0.0,0.0
Scott Baker,6176,2026,44,-12.912486,0.0,0.0
Dellin Betances,6216,2026,38,-11.706278,0.0,0.0
Tom Gorzelanny,6244,2026,43,-12.755429,0.0,0.0
Scott Feldman,6283,2026,43,-12.755429,0.0,0.0
Esmil Rogers,6317,2026,40,-12.175177,0.0,0.0
Al Alburquerque,6324,2026,40,-12.175177,0.0,0.0
Ryan Feierabend,6336,2026,40,-12.04416,0.0,0.0
Chris Archer,6345,2026,37,-11.495426,0.0,0.0
Henry Rodriguez,6371,2026,39,-11.957588,0.0,0.0
Trevor May,6398,2026,36,-11.240227,0.0,0.0
Jose Cisnero,6399,2026,37,-11.496692,0.0,0.0
Kevin Jepsen,6475,2026,41,-12.378593,0.0,0.0
Steve Cishek,6483,2026,40,-12.175177,0.0,0.0
Brian Wilson,6485,2026,44,-12.929426,0.0,0.0
Donnie Joseph,6491,2026,38,-11.750187,0.0,0.0
Blaine Hardy,6499,2026,39,-12.001965,0.0,0.0
Josh Zeid,6527,2026,39,-11.981726,0.0,0.0
Pat McCoy,6605,2026,37,-11.5161705,0.0,0.0
Marc Rzepczynski,6612,2026,40,-12.175177,0.0,0.0
Pedro Figueroa,6616,2026,40,-12.175177,0.0,0.0
Brad Brach,6627,2026,40,-12.175177,0.0,0.0
Carlos Carrasco,6632,2026,39,-11.940467,0.0,0.0
Jim Henderson,6653,2026,43,-12.755429,0.0,0.0
Craig Kimbrel,6655,2026,38,-11.724204,0.0,0.0
Alex Colome,6661,2026,37,-11.496692,0.0,0.0
Luke Putkonen,6736,2026,40,-12.175177,0.0,0.0
Cesar Cabral,6741,2026,37,-11.496692,0.0,0.0
Andrew Miller,6785,2026,41,-12.378593,0.0,0.0
Sam Freeman,6832,2026,39,-11.957588,0.0,0.0
Jeff Manship,6865,2026,41,-12.378593,0.0,0.0
Martin Perez,6902,2026,35,-10.888309,0.0,0.0
Joakim Soria,6941,2026,42,-12.552238,0.0,0.0
Yohan Pino,6955,2026,42,-12.609168,0.0,0.0
Drew Storen,6983,2026,38,-11.724204,0.0,0.0
Luis Garcia,6984,2026,39,-11.981726,0.0,0.0
Ryan Pressly,7005,2026,37,-11.496692,0.0,0.0
Alex Torres,7038,2026,38,-11.706278,0.0,0.0
Eric Fornataro,7042,2026,38,-11.76939,0.0,0.0
Trevor Bell,7074,2026,39,-11.905698,0.0,0.0
John Lannan,7080,2026,41,-12.378593,0.0,0.0
Jonathan Pettibone,7106,2026,35,-10.92336,0.0,0.0
Daniel Hudson,7146,2026,39,-11.950461,0.0,0.0
Chris Withrow,7161,2026,37,-11.496692,0.0,0.0
Ryan Mattheus,7169,2026,42,-12.571976,0.0,0.0
B.J. Rosenberg,7183,2026,40,-12.175177,0.0,0.0
Greg Holland,7196,2026,40,-12.175177,0.0,0.0
Nick Masset,7267,2026,44,-12.899703,0.0,0.0
Brad Ziegler,7293,2026,46,-13.246456,0.0,0.0
Preston Guilmet,7303,2026,38,-11.750187,0.0,0.0
Casey Janssen,7355,2026,44,-12.929426,0.0,0.0
Dan Otero,7385,2026,41,-12.378593,0.0,0.0
Javy Guerra,7407,2026,40,-12.175177,0.0,0.0
J.A. Happ,7410,2026,43,-12.755429,0.0,0.0
Austin Adams,7411,2026,39,-12.001965,0.0,0.0
Mark Lowe,7416,2026,43,-12.755429,0.0,0.0
Bradin Hagens,7422,2026,37,-11.5161705,0.0,0.0
Wade Davis,7441,2026,40,-12.175177,0.0,0.0
Jim Miller,7458,2026,44,-12.929426,0.0,0.0
Anthony Swarzak,7466,2026,40,-12.175177,0.0,0.0
Ryan Webb,7474,2026,40,-12.175177,0.0,0.0
Scott Elbert,7489,2026,40,-12.152839,0.0,0.0
Tommy Layne,7501,2026,41,-12.378593,0.0,0.0
Evan Scribner,7525,2026,40,-12.175177,0.0,0.0
Collin McHugh,7531,2026,39,-11.957588,0.0,0.0
Lucas Harrell,7541,2026,41,-12.378593,0.0,0.0
Jake McGee,7550,2026,39,-11.957588,0.0,0.0
Jarrett Grube,7553,2026,44,-12.953673,0.0,0.0
Nick Vincent,7555,2026,39,-11.957588,0.0,0.0
Fernando Rodriguez,7558,2026,42,-12.55274,0.0,0.0
Tommy Milone,7608,2026,39,-11.957588,0.0,0.0
Chris Leroux,7645,2026,42,-12.571976,0.0,0.0
Neil Ramirez,7677,2026,37,-11.5161705,0.0,0.0
Bobby LaFromboise,7758,2026,40,-12.196961,0.0,0.0
Yoslan Herrera,7759,2026,45,-13.021127,0.0,0.0
Shawn Kelley,7773,2026,42,-12.571976,0.0,0.0
Hunter Strickland,7836,2026,37,-11.5161705,0.0,0.0
Jerry Blevins,7841,2026,42,-12.571976,0.0,0.0
Josh Lindblom,7882,2026,39,-11.957588,0.0,0.0
Matt Daley,7952,2026,44,-12.912486,0.0,0.0
Matt West,7980,2026,37,-11.5161705,0.0,0.0
Anthony Bass,7982,2026,38,-11.603411,0.0,0.0
Ramon Ramirez,7986,2026,44,-12.929426,0.0,0.0
Paul Clemens,8037,2026,38,-11.750187,0.0,0.0
Glen Perkins,8041,2026,43,-12.755429,0.0,0.0
Jason Vargas,8044,2026,43,-12.755429,0.0,0.0
Will Smith,8048,2026,36,-11.190034,0.0,0.0
Dan Jennings,8073,2026,39,-11.957588,0.0,0.0
Stephen Fife,8077,2026,39,-11.957588,0.0,0.0
Bryan Shaw,8110,2026,38,-11.724204,0.0,0.0
Neil Wagner,8162,2026,42,-12.552238,0.0,0.0
Kevin Siegrist,8180,2026,36,-11.222903,0.0,0.0
Steven Wright,8185,2026,41,-12.399747,0.0,0.0
David Robertson,8241,2026,41,-12.378593,0.0,0.0
J.P. Howell,8245,2026,43,-12.755429,0.0,0.0
Billy Buckner,8253,2026,42,-12.532513,0.0,0.0
Huston Street,8258,2026,42,-12.571976,0.0,0.0
Casey Coleman,8270,2026,38,-11.695211,0.0,0.0
Tony Sipp,8280,2026,42,-12.571976,0.0,0.0
Lucas Luetge,8337,2026,39,-11.957588,0.0,0.0
Jared Burton,8346,2026,45,-13.092411,0.0,0.0
AJ Ramos,8350,2026,39,-11.957588,0.0,0.0
Troy Patton,8368,2026,40,-12.175177,0.0,0.0
Steve Geltz,8402,2026,38,-11.732183,0.0,0.0
Alfredo Figaro,8404,2026,41,-12.341967,0.0,0.0
Bryan Price,8436,2026,39,-12.001965,0.0,0.0
Danny Farquhar,8501,2026,39,-11.940467,0.0,0.0
Jeff Beliveau,8504,2026,39,-11.957588,0.0,0.0
Michael Kohn,8505,2026,40,-12.157048,0.0,0.0
Rob Wooten,8532,2026,40,-12.196961,0.0,0.0
Justin Miller,8580,2026,39,-12.001965,0.0,0.0
Dustin McGowan,8600,2026,44,-12.912486,0.0,0.0
Wilking Rodriguez,8801,2026,36,-11.240227,0.0,0.0
Ryan Cook,8855,2026,39,-11.957588,0.0,0.0
David Martinez,8893,2026,38,-11.750187,0.0,0.0
Arquimedes Caminero,8992,2026,39,-11.981726,0.0,0.0
Adam Warren,9029,2026,38,-11.724204,0.0,0.0
John Axford,9059,2026,43,-12.755429,0.0,0.0
Kirby Yates,9073,2026,39,-12.001965,0.0,0.0
Zach Putnam,9080,2026,38,-11.724204,0.0,0.0
T.J. House,9121,2026,36,-11.240227,0.0,0.0
Charlie Leesman,9124,2026,39,-11.981726,0.0,0.0
Sean O'Sullivan,9137,2026,38,-11.706278,0.0,0.0
Lester Oliveros,9167,2026,38,-11.695211,0.0,0.0
Kyle Lobstein,9178,2026,36,-11.240227,0.0,0.0
Vic Black,9195,2026,38,-11.750187,0.0,0.0
Koji Uehara,9227,2026,51,-13.93684,0.0,0.0
Alex Wilson,9239,2026,39,-11.981726,0.0,0.0
David Carpenter,9244,2026,38,-11.724204,0.0,0.0
Ryan Dennick,9261,2026,39,-12.001965,0.0,0.0
Rob Scahill,9286,2026,39,-11.957588,0.0,0.0
Dylan Axelrod,9303,2026,40,-12.175177,0.0,0.0
Jared Hughes,9325,2026,40,-12.175177,0.0,0.0
Brandon Morrow,9346,2026,41,-12.378593,0.0,0.0
Josh Tomlin,9388,2026,41,-12.378593,0.0,0.0
John Holdzkom,9392,2026,38,-11.76939,0.0,0.0
Zac Rosscup,9419,2026,38,-11.750187,0.0,0.0
Ryan Buchter,9456,2026,39,-12.001965,0.0,0.0
George Kontos,9486,2026,41,-12.378593,0.0,0.0
Phil Irwin,9489,2026,39,-11.981726,0.0,0.0
Jeremy Jeffress,9490,2026,38,-11.724204,0.0,0.0
Jose Ortega,9651,2026,37,-11.467729,0.0,0.0
Louis Coleman,9720,2026,40,-12.175177,0.0,0.0
Burke Badenhop,9736,2026,43,-12.755429,0.0,0.0
Rex Brothers,9794,2026,38,-11.724204,0.0,0.0
Miles Mikolas,9803,2026,37,-11.467729,0.0,0.0
Sergio Romo,9817,2026,43,-12.755429,0.0,0.0
Chaz Roe,9866,2026,39,-11.981726,0.0,0.0
Bryan Anderson,9871,2026,39,-11.299071,0.0,0.0
Michael Kirkman,9877,2026,39,-11.957588,0.0,0.0
Chris Rusin,9895,2026,39,-11.957588,0.0,0.0
Bobby Parnell,9926,2026,41,-12.378593,0.0,0.0
Brandon Kintzler,9939,2026,41,-12.378593,0.0,0.0
Todd Redmond,9943,2026,41,-12.378593,0.0,0.0
Mike Dunn,9948,2026,41,-12.378593,0.0,0.0
Tom Wilhelmsen,9975,2026,42,-12.571976,0.0,0.0
Taylor Thompson,10019,2026,39,-12.001965,0.0,0.0
Ian Krol,10066,2026,35,-10.92336,0.0,0.0
Caleb Thielbar,10078,2026,39,-11.981726,0.0,0.0
Keith Butler,10080,2026,37,-11.496692,0.0,0.0
Dane de la Rosa,10095,2026,43,-12.755429,0.0,0.0
Brad Boxberger,10133,2026,38,-11.724204,0.0,0.0
Aaron Crow,10149,2026,39,-11.957588,0.0,0.0
Jose Ramirez,10171,2026,36,-11.240227,0.0,0.0
Melvin Mercedes,10181,2026,35,-10.940899,0.0,0.0
Tyler Skaggs,10190,2026,34,-10.562678,0.0,0.0
Aroldis Chapman,10233,2026,38,-11.724204,0.0,0.0
Bryan Morris,10234,2026,39,-11.957588,0.0,0.0
Alexi Ogando,10261,2026,42,-12.571976,0.0,0.0
Justin Marks,10265,2026,38,-11.76939,0.0,0.0
Tanner Scheppers,10267,2026,39,-11.957588,0.0,0.0
Chris Heston,10302,2026,38,-11.76939,0.0,0.0
Roman Mendez,10307,2026,35,-10.940899,0.0,0.0
Erasmo Ramirez,10314,2026,36,-11.190034,0.0,0.0
Michael Tonkin,10315,2026,36,-11.222903,0.0,0.0
Chad Jenkins,10326,2026,38,-11.724204,0.0,0.0
Nick Christiani,10332,2026,38,-11.750187,0.0,0.0
Edwin Escobar,10337,2026,34,-10.616096,0.0,0.0
Aaron Loup,10343,2026,38,-11.724204,0.0,0.0
Carlos Contreras,10386,2026,35,-10.940899,0.0,0.0
Wilfredo Tovar,10416,2026,34,-10.764986,0.0,0.0
Shawn Tolleson,10481,2026,38,-11.724204,0.0,0.0
Yoervis Medina,10498,2026,37,-11.496692,0.0,0.0
Preston Claiborne,10500,2026,38,-11.750187,0.0,0.0
Mario Hollands,10504,2026,37,-11.5161705,0.0,0.0
Jake Petricka,10534,2026,38,-11.750187,0.0,0.0
Daniel Webb,10558,2026,36,-11.222903,0.0,0.0
Addison Reed,10586,2026,37,-11.467729,0.0,0.0
Chad Bettis,10587,2026,37,-11.496692,0.0,0.0
Chris Sale,10603,2026,37,-11.467729,0.0,0.0
Seth Rosin,10606,2026,37,-11.5161705,0.0,0.0
Stephen Pryor,10663,2026,36,-11.190034,0.0,0.0
Red Patterson,10710,2026,39,-12.001965,0.0,0.0
Trevor Rosenthal,10745,2026,36,-11.190034,0.0,0.0
Shane Greene,10756,2026,37,-11.5161705,0.0,0.0
Josh Edgin,10796,2026,39,-11.957588,0.0,0.0
Jake Dunning,10803,2026,37,-11.496692,0.0,0.0
Mike Foltynewicz,10811,2026,34,-10.616096,0.0,0.0
Michael Mariot,10835,2026,37,-11.5161705,0.0,0.0
Chasen Shreve,10855,2026,35,-10.940899,0.0,0.0
Jake Buchanan,10962,2026,36,-11.240227,0.0,0.0
Ben Rowen,10983,2026,37,-11.5161705,0.0,0.0
C.J. Riefenhauser,11193,2026,36,-11.240227,0.0,0.0
Casey Sadler,11209,2026,35,-10.940899,0.0,0.0
Kevin Chapman,11240,2026,38,-11.750187,0.0,0.0
Aaron Barrett,11243,2026,38,-11.76939,0.0,0.0
Rob Rasmussen,11250,2026,37,-11.5161705,0.0,0.0
Logan Darnell,11261,2026,37,-11.5161705,0.0,0.0
Lisalverto Bonilla,11266,2026,36,-11.240227,0.0,0.0
Sean Nolin,11341,2026,36,-11.222903,0.0,0.0
A.J. Achter,11387,2026,37,-11.5161705,0.0,0.0
Drew Pomeranz,11426,2026,37,-11.467729,0.0,0.0
Brandon Workman,11428,2026,37,-11.496692,0.0,0.0
Bryan Mitchell,11479,2026,35,-10.940899,0.0,0.0
Aaron Sanchez,11490,2026,33,-10.264422,0.0,0.0
Jose Dominguez,11571,2026,35,-10.92336,0.0,0.0
Mike Kickham,11618,2026,37,-11.496692,0.0,0.0
Heath Hembree,11632,2026,37,-11.496692,0.0,0.0
Sam Dyson,11710,2026,38,-11.724204,0.0,0.0
Erik Goeddel,11712,2026,37,-11.5161705,0.0,0.0
Justin Grimm,11720,2026,37,-11.467729,0.0,0.0
Kyle Ryan,11753,2026,34,-10.616096,0.0,0.0
Drew Smyly,11760,2026,37,-11.467729,0.0,0.0
Hector Neris,11804,2026,37,-11.5161705,0.0,0.0
Steve Delabar,11827,2026,42,-12.571976,0.0,0.0
James Paxton,11828,2026,37,-11.496692,0.0,0.0
Taijuan Walker,11836,2026,33,-10.24792,0.0,0.0
Chris Martin,11847,2026,40,-12.218224,0.0,0.0
Brett Bochy,11867,2026,38,-11.76939,0.0,0.0
Scott Snodgress,12020,2026,36,-11.240227,0.0,0.0
Brian Flynn,12027,2026,36,-11.222903,0.0,0.0
Yimi Garcia,12095,2026,35,-10.940899,0.0,0.0
Matt Stites,12165,2026,36,-11.240227,0.0,0.0
Cody Allen,12183,2026,37,-11.467729,0.0,0.0
Aaron Brooks,12272,2026,36,-11.240227,0.0,0.0
Leonel Campos,12277,2026,38,-11.76939,0.0,0.0
Evan Marshall,12297,2026,36,-11.240227,0.0,0.0
Chris Bassitt,12304,2026,37,-11.5161705,0.0,0.0
Kevin Quackenbush,12360,2026,37,-11.5161705,0.0,0.0
Spencer Patton,12361,2026,38,-11.76939,0.0,0.0
Drew Rucinski,12499,2026,37,-11.5161705,0.0,0.0
Erik Johnson,12520,2026,36,-11.222903,0.0,0.0
Nick Maronde,12530,2026,36,-11.190034,0.0,0.0
Nathan Karns,12638,2026,38,-11.750187,0.0,0.0
Roenis Elias,12673,2026,37,-11.5161705,0.0,0.0
Phil Klein,12675,2026,37,-11.5161705,0.0,0.0
Trevor Bauer,12703,2026,35,-10.888309,0.0,0.0
Nick Martinez,12730,2026,35,-10.940899,0.0,0.0
Sonny Gray,12768,2026,36,-11.222903,0.0,0.0
Jairo Diaz,12774,2026,35,-10.940899,0.0,0.0
Carter Capps,12803,2026,35,-10.888309,0.0,0.0
Matt Barnes,12863,2026,36,-11.240227,0.0,0.0
Alex Claudio,12890,2026,34,-10.616096,0.0,0.0
Ken Giles,12910,2026,35,-10.940899,0.0,0.0
Wei-Yin Chen,13071,2026,40,-12.175177,0.0,0.0
Frank Garces,13144,2026,36,-11.240227,0.0,0.0
Carson Smith,13172,2026,36,-11.240227,0.0,0.0
Danny Coulombe,13293,2026,36,-11.240227,0.0,0.0
Cam Bedrosian,13360,2026,34,-10.616096,0.0,0.0
Paco Rodriguez,13398,2026,35,-10.888309,0.0,0.0
R.J. Alvarez,13401,2026,35,-10.940899,0.0,0.0
Drew VerHagen,13424,2026,35,-10.940899,0.0,0.0
Marcus Stroman,13431,2026,35,-10.940899,0.0,0.0
Mike Morin,13442,2026,35,-10.940899,0.0,0.0
Daniel Norris,13475,2026,33,-10.264422,0.0,0.0
Sam Tuivailala,13485,2026,33,-10.264422,0.0,0.0
Chad Smith,13604,2026,36,-11.240227,0.0,0.0
Michael Roth,13736,2026,36,-11.222903,0.0,0.0
Dominic Leone,13763,2026,34,-10.616096,0.0,0.0
Ian Thomas,13881,2026,39,-12.001965,0.0,0.0
Kevin Gausman,14107,2026,35,-10.92336,0.0,0.0
Shae Simmons,14200,2026,35,-10.940899,0.0,0.0
Dario Alvarez,14239,2026,37,-11.5161705,0.0,0.0
Wei-Chung Wang,14382,2026,34,-10.616096,0.0,0.0
Kyuji Fujikawa,14443,2026,45,-13.095787,0.0,0.0
Buck Farmer,14814,2026,35,-10.940899,0.0,0.0
Corey Knebel,15010,2026,34,-10.616096,0.0,0.0
Kyle Crockett,15033,2026,34,-10.616096,0.0,0.0
Kendall Graveman,15514,2026,35,-10.940899,0.0,0.0
Miguel Gonzalez,15675,2026,39,-12.001965,0.0,0.0
Brandon Finnegan,16208,2026,33,-10.264422,0.0,0.0
Avisail Garcia,5760,2026,35,-9.0545845,0.0,0.0
David Murphy,6035,2026,44,-12.353895,0.0,0.0
Jeff Baker,2073,2026,45,-13.200237,0.0,0.0
Zach Walters,10622,2026,36,-11.169877,0.0,0.0
Geovany Soto,3707,2026,43,-12.619404,0.0,0.0
Brad Snyder,6052,2026,44,-12.810172,0.0,0.0
Reid Brignac,8380,2026,40,-11.634239,0.0,0.0
Brayan Pena,3231,2026,44,-12.050195,0.0,0.0
Daniel Descalso,8392,2026,39,-10.841506,0.0,0.0
Xavier Nady,1658,2026,47,-13.740179,0.0,0.0
Michael A. Taylor,11489,2026,35,-12.70792,0.0,0.0
Adam Moore,9362,2026,42,-12.153059,0.0,0.0
Jake Goebbert,9431,2026,38,-8.520734,0.0,0.0
Elian Herrera,5432,2026,41,-10.297795,0.0,0.0
Steve Clevenger,9542,2026,40,-12.607166,0.0,0.0
Steven Souza Jr.,5667,2026,37,-11.909059,0.0,0.0
Chris Valaika,1165,2026,40,-11.876885,0.0,0.0
Dan Butler,9968,2026,39,-12.395225,0.0,0.0
Logan Forsythe,7185,2026,39,-11.361148,0.0,0.0
Wil Myers,10047,2026,35,-8.183233,0.0,0.0
Jedd Gyorko,10816,2026,37,-11.007501,0.0,0.0
J.T. Realmuto,11739,2026,35,-11.3833475,0.0,0.0
Moises Sierra,6050,2026,37,-10.639276,0.0,0.0
Ian Stewart,5950,2026,41,-9.993382,0.0,0.0
Xavier Scruggs,7409,2026,38,-12.143704,0.0,0.0
Christian Walker,13419,2026,35,-6.6665273,0.0,0.0
Joaquin Arias,3817,2026,41,-11.730584,0.0,0.0
Yolmer Sanchez,11602,2026,34,-9.334384,0.0,0.0
Jason Bourgeois,2225,2026,44,-11.585275,0.0,0.0
Andy Marte,3203,2026,42,-11.632831,0.0,0.0
Tuffy Gosewisch,5277,2026,42,-12.97505,0.0,0.0
Freddy Galvis,6609,2026,36,-8.785777,0.0,0.0
Austin Romine,5491,2026,37,-11.80606,0.0,0.0
Carlos Triunfel,193,2026,36,-11.137363,0.0,0.0
Dean Anna,8353,2026,39,-10.988084,0.0,0.0
Nate McLouth,3190,2026,44,-7.7284184,0.0,0.0
Justin Sellers,4006,2026,40,-11.901058,0.0,0.0
Vince Belnome,8126,2026,38,-11.76939,0.0,0.0
Curt Casali,12510,2026,37,-11.839816,0.0,0.0
Raffy Lopez,12606,2026,38,-11.76939,0.0,0.0
Jim Adduci,6448,2026,41,-5.820287,0.0,0.1981358826160431
Jake Elmore,7290,2026,39,-10.971602,0.0,0.0
Luis Jimenez,6341,2026,38,-10.592916,0.0,0.0
Danny Worth,198,2026,40,-11.571001,0.0,0.0
Hector Gomez,2264,2026,38,-8.974971,0.0,0.0
Jorge De La Rosa,2047,2026,45,-13.092411,0.0,0.0
Alfredo Simon,2155,2026,45,-13.092411,0.0,0.0
Johnny Cueto,6893,2026,40,-12.175177,0.0,0.0
Franklin Morales,5088,2026,40,-12.175177,0.0,0.0
Brandon McCarthy,4662,2026,42,-12.571976,0.0,0.0
Kyle Lohse,739,2026,47,-13.38983,0.0,0.0
Ervin Santana,3200,2026,43,-12.755429,0.0,0.0
Gio Gonzalez,7448,2026,40,-12.175177,0.0,0.0
Jeff Locke,2929,2026,38,-11.724204,0.0,0.0
Francisco Liriano,3201,2026,42,-12.571976,0.0,0.0
Trevor Cahill,6249,2026,38,-11.724204,0.0,0.0
Yohan Flande,5057,2026,40,-12.218224,0.0,0.0
Mat Latos,3815,2026,38,-11.742042,0.0,0.0
Gavin Floyd,3886,2026,43,-12.755429,0.0,0.0
Tim Lincecum,5705,2026,42,-12.571976,0.0,0.0
Mike Bolsinger,11137,2026,38,-11.76939,0.0,0.0
Brett Jackson,9632,2026,37,-11.303408,0.0,0.0
Tyler Chatwood,4338,2026,36,-11.190034,0.0,0.0
Jesse Hahn,13287,2026,36,-11.240227,0.0,0.0
Joey Butler,7799,2026,40,-11.942898,0.0,0.0
Vidal Nuno,9674,2026,38,-11.750187,0.0,0.0
Tsuyoshi Wada,13046,2026,45,-13.105789,0.0,0.0
Mike Baxter,4464,2026,41,-12.541052,0.0,0.0
David Hale,9756,2026,38,-11.750187,0.0,0.0
Jamey Wright,715,2026,51,-13.93684,0.0,0.0
R.A. Dickey,1245,2026,51,-13.944,0.0,0.0
Rick Porcello,2717,2026,37,-11.467729,0.0,0.0
Danny Duffy,3542,2026,37,-11.467729,0.0,0.0
Carlos Frias,3547,2026,36,-11.240227,0.0,0.0
Jon Lester,4930,2026,42,-12.571976,0.0,0.0
Tony Abreu,5053,2026,41,-12.202161,0.0,0.0
Chris Tillman,5279,2026,38,-11.724204,0.0,0.0
Brad Peacock,5401,2026,38,-11.706278,0.0,0.0
Jair Jurrjens,5556,2026,40,2.8274038,0.0,0.0
Jose Constanza,6003,2026,42,-11.243758,0.0,0.0
David Phelps,6316,2026,39,-11.957588,0.0,0.0
Stolmy Pimentel,6415,2026,36,-11.222903,0.0,0.0
Chase d'Arnaud,6652,2026,39,-10.5871525,0.0,0.0
Miguel Gonzalez,7024,2026,42,-12.571976,0.0,0.0
Phil Hughes,7450,2026,40,-12.175177,0.0,0.0
Carlos Torres,7624,2026,43,-12.755429,0.0,0.0
David Holmberg,7725,2026,34,-10.599093,0.0,0.0
Matt Hague,7772,2026,40,-11.773022,0.0,0.0
Jaff Decker,7945,2026,36,-11.124242,0.0,0.0
Guillermo Quiroz,7989,2026,44,-13.164789,0.0,0.0
Nick Greenwood,8182,2026,38,-11.76939,0.0,0.0
Cord Phelps,8631,2026,39,-12.184271,0.0,0.0
Ali Solis,8848,2026,38,-11.732183,0.0,0.0
Garrett Richards,9784,2026,38,-11.724204,0.0,0.0
Kevin Slowey,9918,2026,42,-12.552238,0.0,0.0
Lane Adams,10767,2026,36,-9.997414,0.0,0.0
Eric Jokisch,11157,2026,36,-11.240227,0.0,0.0
Aaron Altherr,11270,2026,35,-10.940899,0.0,0.0
Tommy Kahnle,11384,2026,36,-11.240227,0.0,0.0
Jose Quintana,11423,2026,37,-11.467729,0.0,0.0
Anthony Ranaudo,11424,2026,36,-11.240227,0.0,0.0
Rafael Montero,12760,2026,35,-10.940899,0.0,0.0
Eddie Butler,13453,2026,35,-10.940899,0.0,0.0
Matthew Clark,8793,2026,39,-12.231646,0.0,0.0
C.J. Cron,12546,2026,36,-11.621219,0.0,0.0
Kurt Suzuki,8259,2026,42,-12.682786,0.0,0.0
Eric Hosmer,3516,2026,36,-10.270401,0.0,0.0
Ryan Howard,2154,2026,46,-13.573806,0.0,0.0
Bobby Abreu,945,2026,52,-13.361509,0.0,0.0
Lyle Overbay,1617,2026,49,-13.400882,0.0,0.0
Grant Green,10053,2026,38,-11.338585,0.0,0.0
Alex Presley,5305,2026,40,-9.483461,0.0,0.0
Don Kelly,2216,2026,46,-11.244027,0.0,0.0
Gordon Beckham,9015,2026,39,-11.620566,0.0,0.0
Justin Smoak,9054,2026,39,-12.194196,0.0,0.0
Cole Gillespie,5888,2026,42,-10.2187805,0.0,0.0
Donnie Murphy,4704,2026,43,-12.152551,0.0,0.0
Adam Duvall,10950,2026,37,-8.492524,0.0,0.0
Roger Bernadina,6421,2026,42,-10.924466,0.0,0.0
Jerry Sands,4016,2026,38,-11.958197,0.0,0.0
Koyie Hill,1829,2026,47,-13.459631,0.0,0.0
Tyler Pastornicky,6777,2026,36,-10.350262,0.0,0.0
Logan Schafer,7937,2026,39,-9.539782,0.0,0.0
Zelous Wheeler,8822,2026,39,-12.332366,0.0,0.0
Omar Quintanilla,6335,2026,44,-13.1266,0.0,0.0
Yorman Rodriguez,9922,2026,33,-10.862099,0.0,0.0
Jack Hannahan,3692,2026,46,-13.384687,0.0,0.0
John McDonald,395,2026,51,-13.652796,0.0,0.0
Taylor Teagarden,5199,2026,42,-12.570145,0.0,0.0
Brent Morel,6402,2026,39,-10.63023,0.0,0.0
Sandy Leon,5273,2026,37,-11.781971,0.0,0.0
Rafael Furcal,88,2026,48,-12.384791,0.0,0.0
Jason Rogers,11773,2026,38,-11.76939,0.0,0.0
Brooks Conrad,3664,2026,46,-12.576952,0.0,0.0
Guilder Rodriguez,3412,2026,42,-11.99325,0.0,0.0
Zoilo Almonte,6732,2026,37,-5.645486,0.0,0.0
Ryan Roberts,5653,2026,45,-13.13733,0.0,0.0
Darin Mastroianni,7316,2026,40,-10.027038,0.0,0.0
Irving Falu,6165,2026,43,-11.3411255,0.0,0.0
Marco Scutaro,1555,2026,50,-13.389187,0.0,0.0
Yovani Gallardo,8173,2026,40,-12.175177,0.0,0.0
Tanner Roark,8753,2026,39,-11.981726,0.0,0.0
Julio Teheran,6797,2026,35,-10.888309,0.0,0.0
Lance Lynn,2520,2026,39,-11.957588,0.0,0.0
Eric Stults,8011,2026,46,-13.246456,0.0,0.0
Zack Wheeler,10310,2026,36,-11.222903,0.0,0.0
Alex Wood,13781,2026,35,-10.92336,0.0,0.0
Vance Worley,6435,2026,38,-11.724204,0.0,0.0
Juan Nicasio,7731,2026,39,-11.957588,0.0,0.0
Alex Guerrero,15670,2026,39,-10.1155815,0.0,0.0
Cristhian Adames,6013,2026,34,-11.036052,0.0,0.0
Yusmeiro Petit,4020,2026,41,-12.378593,0.0,0.0
Mike Fiers,7754,2026,41,-12.378593,0.0,0.0
Christian Bergman,10925,2026,38,-11.76939,0.0,0.0
Ronny Cedeno,2179,2026,43,-12.479665,0.0,0.0
Carlos Villanueva,4138,2026,42,-12.571976,0.0,0.0
Alexi Casilla,5248,2026,41,-10.374578,0.0,0.0
Jenrry Mejia,8476,2026,36,-11.190034,0.0,0.0
Ryan Lavarnway,8879,2026,38,-12.122372,0.0,0.0
Carlos Gonzalez,7287,2026,40,-9.696369,0.0,0.0
Dan Johnson,2167,2026,46,-13.266739,0.0,0.0
Ryan Wheeler,9312,2026,37,-11.587867,0.0,0.0
Andrew Brown,3837,2026,41,-12.465106,0.0,0.0
Cesar Hernandez,10556,2026,36,-9.745992,0.0,0.0
Chris Nelson,8175,2026,40,-10.509878,0.0,0.0
Miguel Olivo,1638,2026,47,-13.219462,0.0,0.0
Donald Lutz,10154,2026,37,-10.142148,0.0,0.0
Juan Centeno,7168,2026,36,-11.279522,0.0,0.0
Erisbel Arruebarrena,15809,2026,36,-9.260784,0.0,0.0
Caleb Gindl,5002,2026,37,-11.727014,0.0,0.0
Andrew Cashner,8782,2026,39,-11.556565,0.0,0.0
Kyle Parker,11763,2026,36,-10.936558,0.0,0.0
Maikel Franco,12179,2026,33,-8.427917,0.0,0.0
Elliot Johnson,4751,2026,42,-9.696987,0.0,0.0
Jeff Francoeur,4792,2026,42,-11.168669,0.0,0.0
Xavier Paul,5963,2026,41,-12.525365,0.0,0.0
Jamie Romak,5552,2026,40,-12.218224,0.0,0.0
Nathan Eovaldi,9132,2026,36,-11.190034,0.0,0.0
Brad Glenn,7392,2026,39,-12.4200325,0.0,0.0
Doug Fister,9425,2026,42,-12.571976,0.0,0.0
Roberto Hernandez,3273,2026,45,-13.092411,0.0,0.0
Matt Garza,3340,2026,42,-12.571976,0.0,0.0
Tim Hudson,921,2026,50,-13.808257,0.0,0.0
Charlie Morton,4676,2026,42,-12.571976,0.0,0.0
Dillon Gee,7396,2026,40,-12.175177,0.0,0.0
Brad Hand,9111,2026,36,-11.190034,0.0,0.0
Michael Wacha,14078,2026,34,-10.599093,0.0,0.0
Odrisamer Despaigne,16017,2026,39,-12.001965,0.0,0.0
Jake Peavy,1051,2026,45,-13.092411,0.0,0.0
Josh Rutledge,11167,2026,37,-7.5756235,0.0,0.0
Prince Fielder,4613,2026,42,-12.904934,0.0,0.0
Ryan Ludwick,1260,2026,47,-13.380137,0.0,0.0
Grady Sizemore,2197,2026,43,-10.5784235,0.0,0.0
Jay Bruce,9892,2026,39,-7.120393,0.0,0.0
Jose Tabata,2411,2026,37,-11.119316,0.0,0.0
Ryan Kalish,6962,2026,38,-8.013683,0.0,0.0
Mike Aviles,5986,2026,45,-7.6304464,0.0,0.0
Logan Watkins,4875,2026,36,-7.6978,0.0,0.0
Josh Thole,9689,2026,39,-11.629897,0.0,0.0
Junior Lake,4672,2026,36,-5.576367,0.0,0.0
Eric Fryer,8145,2026,40,-10.282179,0.0,0.0
John Buck,2041,2026,45,-13.000097,0.0,0.0
Roger Kieschnick,5225,2026,39,-10.463945,0.0,0.0
Mark Ellis,1443,2026,49,-11.289718,0.0,0.0
Alex Gonzalez,520,2026,49,-13.581644,0.0,0.0
Shane Robinson,4249,2026,41,-11.896467,0.0,0.0
Josh Satin,6788,2026,41,-12.788481,0.0,0.0
Michael Martinez,7358,2026,43,-12.843362,0.0,0.0
Tim Federowicz,8609,2026,38,-11.588778,0.0,0.0
Chris Dominguez,9718,2026,39,-12.062978,0.0,0.0
Aaron Harang,1451,2026,48,-13.528974,0.0,0.0
Wily Peralta,7738,2026,37,-11.467729,0.0,0.0
Tom Koehler,6570,2026,40,-12.175177,0.0,0.0
Edinson Volquez,3990,2026,42,-12.571976,0.0,0.0
Chase Anderson,6895,2026,38,-11.76939,0.0,0.0
Mark Trumbo,6876,2026,40,-11.503084,0.0,0.0
Josmil Pinto,6806,2026,37,-11.606763,0.0,0.0
Carlos Beltran,589,2026,49,-12.9116335,0.0,0.0
Billy Butler,7399,2026,40,-12.481831,0.0,0.0
Aaron Hill,6104,2026,44,-11.7329855,0.0,0.0
Mitch Moreland,3086,2026,40,-12.620742,0.0,0.0
Adrian Nieto,10294,2026,36,-11.293436,0.0,0.0
Anthony Recker,4063,2026,42,-11.368199,0.0,0.0
Reed Johnson,1702,2026,49,-13.493384,0.0,0.0
Kevin Frandsen,7528,2026,44,-13.087071,0.0,0.0
Mike Olt,10698,2026,37,-11.328736,0.0,0.0
Jason Giambi,818,2026,55,-14.697778,0.0,0.0
Jesus Guzman,3118,2026,42,-11.046984,0.0,0.0
Nick Ahmed,12147,2026,36,-10.803049,0.0,0.0
Brennan Boesch,914,2026,41,-8.278322,0.0,0.0
Juan Perez,5371,2026,39,-11.70136,0.0,0.0
Cameron Rupp,11146,2026,37,-11.802092,0.0,0.0
Daric Barton,5928,2026,40,-11.975836,0.0,0.0
Greg Dobbs,2158,2026,47,-13.565029,0.0,0.0
JB Shuck,6677,2026,39,-7.7660956,0.0,0.0
Andy Wilkins,11251,2026,37,-10.246964,0.0,0.0
Eli Whiteside,3536,2026,46,-9.453347,0.0,0.0
Neftali Soto,5663,2026,37,-10.812871,0.0,0.0
Domingo Santana,10348,2026,33,-4.289157,0.0,0.0
Chris Colabello,13051,2026,42,-12.110791,0.0,0.0
Cody Ross,1760,2026,45,-12.890108,0.0,0.0
J.P. Arencibia,697,2026,40,-12.540212,0.0,0.0
Marc Krauss,7577,2026,38,-12.066132,0.0,0.0
Carlos Quentin,6274,2026,43,-13.202671,0.0,0.0
Rymer Liriano,4779,2026,35,-7.3714066,0.0,0.0
Scott Hairston,1926,2026,46,-13.03495,0.0,0.0
Mike Carp,7480,2026,40,-12.087115,0.0,0.0
Ryan Goins,9807,2026,38,-11.948704,0.0,0.0
Carlos Pena,934,2026,48,-12.434146,0.0,0.0
Jesus Aguilar,11342,2026,36,-11.68283,0.0,0.0
Bartolo Colon,375,2026,53,-14.222028,0.0,0.0
Ryan Doumit,2113,2026,45,-12.900564,0.0,0.0
Christian Bethancourt,10028,2026,34,-9.652172,0.0,0.0
L.J. Hoes,6656,2026,36,-10.371606,0.0,0.0
Brendan Ryan,6073,2026,44,-12.375755,0.0,0.0
Jeff Bianchi,9958,2026,39,-11.990178,0.0,0.0
Dioner Navarro,3179,2026,42,-12.551634,0.0,0.0
Jason Kubel,2161,2026,44,-12.190194,0.0,0.0
Skip Schumaker,3704,2026,46,-12.579691,0.0,0.0
Stephen Drew,4251,2026,43,-12.616127,0.0,0.0
Chris Herrmann,9284,2026,38,-10.619618,0.0,0.0
Justin Maxwell,6827,2026,42,-11.257463,0.0,0.0
Dayan Viciedo,3917,2026,37,-11.728835,0.0,0.0
Jon Singleton,10441,2026,34,-8.646837,0.0,0.0
Alfonso Soriano,847,2026,50,-11.774904,0.0,0.0
Corey Hart,1945,2026,44,-12.210365,0.0,0.0
Oscar Taveras,11173,2026,34,-10.775093,0.0,0.0
Will Middlebrooks,7002,2026,37,-11.194266,0.0,0.0
Alfredo Marte,5212,2026,37,-11.106262,0.0,0.0
Dan Uggla,3442,2026,46,-12.91011,0.0,0.0
Jayson Nix,3790,2026,43,-9.97667,0.0,0.0
Paul Konerko,242,2026,50,-14.100273,0.0,0.0
Nate Schierholtz,6201,2026,42,-10.975601,0.0,0.0
Tomas Telis,10067,2026,35,-6.6665273,0.0,0.0
Charlie Culberson,3298,2026,37,-8.236295,0.0,0.0
Tony Gwynn,6141,2026,43,-10.473088,0.0,0.0
Domonic Brown,3154,2026,38,-10.519734,0.0,0.0
Jordan Pacheco,2677,2026,40,-12.548527,0.0,0.0
John Baker,4756,2026,45,-13.340646,0.0,0.0
Brett Hayes,4293,2026,42,-12.126622,0.0,0.0
Raul Ibanez,607,2026,54,-13.492038,0.0,0.0
Stefen Romero,11746,2026,37,-11.202199,0.0,0.0
A.J. Pierzynski,746,2026,49,-13.858393,0.0,0.0
Matt Dominguez,4903,2026,36,-11.460703,0.0,0.0
Alberto Callaspo,3336,2026,43,-12.919656,0.0,0.0
Ryan Raburn,2218,2026,45,-13.369339,0.0,0.0
Bryan Holaday,11287,2026,38,-11.394812,0.0,0.0
Tony Cruz,2802,2026,39,-11.596462,0.0,0.0
Kendrys Morales,8610,2026,43,-13.14388,0.0,0.0
Allen Craig,3433,2026,41,-12.314297,0.0,0.0
Gerald Laird,1698,2026,46,-13.469353,0.0,0.0
Nick Swisher,4599,2026,45,-13.204342,0.0,0.0
A.J. Ellis,5677,2026,45,-13.367767,0.0,0.0
Jarrod Saltalamacchia,5557,2026,41,-12.234968,0.0,0.0
Michael Choice,11376,2026,36,-11.401329,0.0,0.0
Mookie Betts,13611,2027,34,9.560118,39.103973388671875,9.211433410644531
Jose Ramirez,13510,2027,34,9.279982,38.395084381103516,8.86357307434082
Arismendy Alcantara,10711,2027,35,8.803713,36.953556060791016,8.688553810119629
Gregory Polanco,12907,2027,35,8.485416,36.483192443847656,8.63118839263916
Mike Trout,10155,2027,35,8.399641,36.0972900390625,8.40461254119873
Christian Yelich,11477,2027,35,8.3188095,36.01957702636719,8.460165977478027
Rusney Castillo,17016,2027,39,8.498464,34.529605865478516,8.205156326293945
Terrance Gore,13658,2027,36,7.5867,34.33199691772461,8.161197662353516
Danny Santana,10322,2027,36,7.33577,33.8258056640625,8.034285545349121
Kolten Wong,12532,2027,36,7.3209653,33.69673538208008,7.9741387367248535
Jonathan Villar,10071,2027,36,7.0383906,33.30278778076172,7.922036170959473
Anthony Gose,5097,2027,36,7.0988235,33.1558837890625,7.815143585205078
Jake Marisnick,11339,2027,36,6.979917,32.85702896118164,7.752532958984375
Luis Sardinas,13153,2027,34,7.5019546,32.82378005981445,7.90153694152832
Leury Garcia,5913,2027,36,6.9672494,32.766357421875,7.738434314727783
Cory Spangenberg,12294,2027,36,6.8212585,32.76030349731445,7.760620594024658
Eury Perez,10299,2027,37,6.5959744,32.05398178100586,7.662899017333984
Chris Taylor,13757,2027,36,6.4979897,31.498872756958008,7.574776649475098
Jean Segura,5933,2027,37,6.123391,31.102140426635742,7.437110424041748
Billy Hamilton,10199,2027,36,5.926165,31.079387664794922,7.411218166351318
Jose Altuve,5417,2027,37,5.8704414,30.558685302734375,7.310041904449463
Billy Burns,12701,2027,37,5.7935824,30.375791549682617,7.270196437835693
James Jones,9767,2027,38,5.2856007,29.419509887695312,7.149198055267334
Elvis Andrus,8709,2027,38,5.0373435,28.89059829711914,7.0425238609313965
Starling Marte,9241,2027,38,4.8648047,28.598730087280273,6.9913506507873535
Matt den Dekker,11385,2027,39,4.3830385,27.64912986755371,6.8599700927734375
Leonys Martin,11846,2027,39,3.9975762,27.012557983398438,6.767303943634033
Shawn O'Malley,9629,2027,39,4.0099797,26.91058349609375,6.773530960083008
Ben Revere,4712,2027,39,3.34539,25.806194305419922,6.675841808319092
Dee Strange-Gordon,8203,2027,39,2.7414722,24.94192123413086,6.655591011047363
Anthony Rendon,12861,2027,37,3.03847,24.83570098876953,7.0542097091674805
Jordan Schafer,9883,2027,40,2.3490553,24.134119033813477,6.548806667327881
Alcides Escobar,6310,2027,40,2.0355096,23.705163955688477,6.568126201629639
Everth Cabrera,8155,2027,40,1.9890776,23.582483291625977,6.554077625274658
Jason Kipnis,9776,2027,40,1.8361025,23.43619155883789,6.577194690704346
Charlie Blackmon,7859,2027,40,0.7666778,22.086166381835938,6.547977924346924
Jimmy Paredes,5481,2027,38,1.2906984,22.044692993164062,6.705840110778809
A.J. Pollock,9256,2027,39,0.7018278,21.909265518188477,6.645479679107666
Carlos Gomez,4881,2027,41,0.3247477,21.221996307373047,6.356569766998291
Pedro Ciriaco,5278,2027,41,0.12529385,20.969268798828125,6.340832233428955
Jason Heyward,4940,2027,37,1.1841129,20.783355712890625,6.531485557556152
Pedro Florimon,8385,2027,40,-0.17367624,20.530248641967773,6.347348690032959
Lorenzo Cain,9077,2027,41,-0.33972216,20.510269165039062,6.228987693786621
James McCann,12859,2027,37,1.1294628,20.43346405029297,6.469275951385498
Desmond Jennings,1965,2027,40,-0.31124073,20.33930206298828,6.3033037185668945
Emilio Bonifacio,4054,2027,42,-0.28415465,20.297849655151367,6.133519172668457
Eric Young Jr.,7158,2027,42,-0.44122195,20.08926773071289,6.0887017250061035
Jarrod Dyson,4866,2027,42,-0.6272257,19.86903190612793,6.030350685119629
Antoan Richardson,209,2027,43,-0.96096474,19.265804290771484,5.821763038635254
Craig Gentry,9571,2027,43,-1.3682097,18.765390396118164,5.647115230560303
Jacoby Ellsbury,4727,2027,43,-1.6088656,18.42046356201172,5.538314342498779
Drew Stubbs,9328,2027,42,-1.8648618,17.850326538085938,5.48624324798584
Adam Eaton,11205,2027,38,-0.39435923,17.700054168701172,5.906763076782227
Tony Campana,4964,2027,41,-1.6731966,17.49248695373535,5.538308143615723
Andrew McCutchen,9847,2027,40,-1.4305573,17.120868682861328,5.569658279418945
Eduardo Nunez,6848,2027,40,-1.5595224,16.65523910522461,5.458840847015381
Brett Gardner,9927,2027,43,-2.607492,16.6186580657959,5.042082786560059
Javier Baez,12979,2027,34,1.1135056,16.569599151611328,5.850261211395264
Denard Span,8347,2027,43,-2.8045554,16.22475242614746,4.937156677246094
Jose Reyes,1736,2027,44,-3.0385392,16.014772415161133,4.763070106506348
Brian Dozier,9810,2027,40,-1.9470626,15.07193374633789,5.0936665534973145
Michael Brantley,4106,2027,40,-2.0673614,14.712879180908203,5.004670143127441
Carl Crawford,1201,2027,45,-3.6809754,14.701456069946289,4.343594074249268
Rajai Davis,3708,2027,46,-4.201142,13.677087783813477,4.000589847564697
Angel Pagan,2918,2027,45,-4.117358,13.504082679748535,4.07147216796875
Brock Holt,9345,2027,39,-2.0607593,12.940836906433105,4.648662090301514
Christian Colon,11145,2027,38,-1.7352433,12.286223411560059,4.54522705078125
Alex Hassan,9959,2027,39,-1.3684342,12.197498321533203,4.516549587249756
Ian Desmond,6885,2027,41,-3.2506366,11.812906265258789,4.128316879272461
Ezequiel Carrera,9048,2027,40,-2.8584874,11.756621360778809,4.219183921813965
Nyjer Morgan,4885,2027,46,-4.880022,10.533292770385742,3.303062915802002
Coco Crisp,1572,2027,47,-5.632868,9.442137718200684,2.923764944076538
Sam Fuld,8254,2027,45,-5.1250854,9.227866172790527,3.053581714630127
Kristopher Negron,5306,2027,41,-3.6677282,9.147660255432129,3.394575834274292
Melvin Upton Jr.,5015,2027,42,-4.3030834,8.604168891906738,3.131244421005249
Dexter Fowler,4062,2027,41,-3.9110563,8.469348907470703,3.1803548336029053
Jimmy Rollins,971,2027,48,-6.172633,8.459166526794434,2.589320182800293
Chris Getz,3388,2027,43,-4.7255964,8.324685096740723,2.9703686237335205
Austin Jackson,9848,2027,40,-3.6596262,7.917170524597168,3.083550453186035
Alejandro De Aza,3371,2027,43,-4.894063,7.896115779876709,2.8392372131347656
Michael Bourn,6387,2027,44,-5.266463,7.380913734436035,2.621734857559204
Juan Lagares,5384,2027,38,-3.0151255,6.920010566711426,2.8975677490234375
Ender Inciarte,4922,2027,36,-2.2219236,6.62834358215332,2.8883278369903564
Josh Harrison,8202,2027,39,-3.547234,6.411619186401367,2.678661823272705
Jace Peterson,12325,2027,37,-2.6741009,6.066067695617676,2.6713483333587646
Andrew Romine,1159,2027,41,-4.5063267,5.456934452056885,2.258471727371216
Quintin Berry,9414,2027,42,-4.877123,5.241387367248535,2.131913900375366
Nori Aoki,13075,2027,45,-6.097272,4.94410514831543,1.8458136320114136
Jorge Polanco,13152,2027,33,-1.517214,4.504286289215088,2.1885969638824463
Alex Rios,2090,2027,46,-6.8558393,2.577934741973877,1.0818606615066528
Didi Gregorius,6012,2027,37,-3.5248969,2.2486908435821533,1.3771978616714478
Jemile Weeks,2498,2027,40,-4.7915754,2.1797893047332764,1.2705516815185547
Ian Kinsler,6195,2027,45,-6.5846004,2.000093936920166,0.9576294422149658
Alexei Ramirez,5133,2027,45,-6.7661743,1.3047025203704834,0.7388741374015808
Jason Bartlett,8219,2027,47,-6.050015,0.2557942867279053,0.604380190372467
Chris Owings,10030,2027,35,-3.5468125,0.06646957248449326,0.5756884217262268
Buster Posey,9166,2027,40,-12.872544,0.0,0.0
Jonathan Lucroy,7870,2027,41,-12.307598,0.0,0.0
Giancarlo Stanton,4949,2027,37,-8.795496,0.0,0.0
Jose Bautista,1887,2027,46,-12.624046,0.0,0.0
Russell Martin,4616,2027,44,-12.074946,0.0,0.0
Adrian Beltre,639,2027,48,-14.006928,0.0,0.0
Josh Donaldson,5038,2027,41,-11.734785,0.0,0.0
Robinson Cano,3269,2027,44,-11.826458,0.0,0.0
Yasiel Puig,14225,2027,36,-4.6233797,0.0,0.0
Alex Gordon,5209,2027,43,-8.355561,0.0,0.0
Jose Abreu,15676,2027,40,-12.522087,0.0,0.0
Anthony Rizzo,3473,2027,37,-10.891443,0.0,0.0
Jayson Werth,1327,2027,48,-10.844355,0.0,0.0
Miguel Cabrera,1744,2027,44,-13.53629,0.0,0.0
Kyle Seager,9785,2027,39,-10.877794,0.0,0.0
Troy Tulowitzki,3531,2027,42,-12.63003,0.0,0.0
Yan Gomes,9627,2027,39,-12.502742,0.0,0.0
Rene Rivera,3648,2027,43,-13.58165,0.0,0.0
Ben Zobrist,7435,2027,46,-10.353362,0.0,0.0
Victor Martinez,393,2027,48,-13.628645,0.0,0.0
Adam Jones,6368,2027,41,-8.404476,0.0,0.0
Jhonny Peralta,1738,2027,45,-13.197306,0.0,0.0
Howie Kendrick,4229,2027,43,-10.46247,0.0,0.0
Steve Pearce,9957,2027,44,-11.31171,0.0,0.0
Freddie Freeman,5361,2027,37,-11.261545,0.0,0.0
Todd Frazier,785,2027,41,-6.4652247,0.0,0.0
Marcell Ozuna,10324,2027,36,-10.072654,0.0,0.0
Paul Goldschmidt,9218,2027,39,-5.3352685,0.0,0.10957849770784378
Erick Aybar,4082,2027,43,-7.485419,0.0,0.0
Neil Walker,7539,2027,41,-12.229833,0.0,0.0
Hunter Pence,8252,2027,44,-7.7735467,0.0,0.0
Mike Zunino,13265,2027,36,-11.349656,0.0,0.0
Devin Mesoraco,5666,2027,39,-12.133469,0.0,0.0
Nelson Cruz,2434,2027,46,-13.112621,0.0,0.0
J.D. Martinez,6184,2027,39,-11.268375,0.0,0.0
Dustin Pedroia,8370,2027,43,-11.035875,0.0,0.0
Edwin Encarnacion,2151,2027,44,-12.627673,0.0,0.0
Justin Upton,5222,2027,39,-7.94737,0.0,0.0
Hanley Ramirez,8001,2027,43,-8.811823,0.0,0.0
Adrian Gonzalez,1908,2027,45,-13.7627325,0.0,0.0
Chase Utley,1679,2027,48,-10.356701,0.0,0.0
Evan Longoria,9368,2027,41,-11.835574,0.0,0.0
Yoenis Cespedes,13110,2027,41,-10.096532,0.0,0.0
Justin Turner,5235,2027,42,-11.853415,0.0,0.0
Juan Uribe,454,2027,48,-13.970641,0.0,0.0
Kole Calhoun,11200,2027,39,-10.050399,0.0,0.0
Trevor Plouffe,7462,2027,41,-12.710355,0.0,0.0
Matt Carpenter,8090,2027,41,-11.42395,0.0,0.0
Chase Headley,4720,2027,43,-11.771908,0.0,0.0
Pablo Sandoval,5409,2027,40,-12.962078,0.0,0.0
Miguel Montero,3364,2027,43,-13.293888,0.0,0.0
Matt Holliday,1873,2027,47,-13.304132,0.0,0.0
Starlin Castro,4579,2027,37,-10.4139805,0.0,0.0
Luis Valbuena,4969,2027,41,-12.4821615,0.0,0.0
Yadier Molina,7007,2027,44,-13.380519,0.0,0.0
Brian McCann,4810,2027,43,-13.56016,0.0,0.0
Lucas Duda,2502,2027,41,-12.319115,0.0,0.0
Melky Cabrera,4022,2027,42,-11.935333,0.0,0.0
Travis d'Arnaud,7739,2027,38,-12.370863,0.0,0.0
Tyler Flowers,9134,2027,41,-12.968085,0.0,0.0
J.J. Hardy,3797,2027,44,-13.799297,0.0,0.0
Corey Dickerson,10762,2027,38,-9.890589,0.0,0.0
Scott Van Slyke,4365,2027,40,-11.626962,0.0,0.0
Kevin Kiermaier,11038,2027,37,-7.788906,0.0,0.0
Yasmani Grandal,11368,2027,38,-11.9583025,0.0,0.0
Hank Conger,2505,2027,39,-12.465939,0.0,0.0
Seth Smith,7331,2027,44,-13.329381,0.0,0.0
Albert Pujols,1177,2027,47,-13.447727,0.0,0.0
Brandon Moss,4467,2027,43,-12.837296,0.0,0.0
Brandon Crawford,5343,2027,40,-11.4318905,0.0,0.0
Nolan Arenado,9777,2027,36,-11.3845215,0.0,0.0
Evan Gattis,11003,2027,40,-13.0267105,0.0,0.0
Eduardo Escobar,6153,2027,38,-10.845357,0.0,0.0
Matt Kemp,5631,2027,42,-10.862954,0.0,0.0
Daniel Murphy,4316,2027,42,-7.592945,0.0,0.0
David Freese,9549,2027,44,-13.164448,0.0,0.0
Chris Coghlan,6878,2027,42,-10.613048,0.0,0.0
Justin Morneau,1737,2027,46,-13.894089,0.0,0.0
Carlos Santana,2396,2027,41,-12.144123,0.0,0.0
Manny Machado,11493,2027,34,-10.398418,0.0,0.0
Nick Markakis,5930,2027,43,-12.841925,0.0,0.0
Daniel Nava,5450,2027,44,-11.830378,0.0,0.0
David Ortiz,745,2027,51,-14.7633,0.0,0.0
Derek Norris,6867,2027,38,-11.191623,0.0,0.0
Marlon Byrd,950,2027,49,-13.139638,0.0,0.0
Mike Napoli,3057,2027,45,-13.191719,0.0,0.0
Josh Reddick,3892,2027,40,-9.836713,0.0,0.0
Jason Castro,8722,2027,40,-12.076813,0.0,0.0
Christian Vazquez,9774,2027,36,-11.988295,0.0,0.0
Adam LaRoche,1904,2027,47,-13.81131,0.0,0.0
Chris Iannetta,8267,2027,44,-12.82014,0.0,0.0
Jordy Mercer,6547,2027,40,-12.144834,0.0,0.0
George Springer,12856,2027,37,-5.998824,0.0,0.0
Francisco Cervelli,5275,2027,41,-12.604555,0.0,0.0
Chris Carter,9911,2027,40,-11.931696,0.0,0.0
Michael Saunders,9981,2027,40,-6.8550396,0.0,0.0
Casey McGehee,6086,2027,44,-12.921698,0.0,0.0
Gregor Blanco,3123,2027,43,-7.611177,0.0,0.0
Asdrubal Cabrera,4962,2027,41,-10.490618,0.0,0.0
Matt Adams,9393,2027,38,-11.762472,0.0,0.0
Carlos Ruiz,2579,2027,48,-13.07053,0.0,0.0
Salvador Perez,7304,2027,37,-12.080218,0.0,0.0
Caleb Joseph,7087,2027,41,-12.955315,0.0,0.0
Adam Lind,8027,2027,43,-13.442943,0.0,0.0
Aramis Ramirez,1002,2027,49,-13.857466,0.0,0.0
Scooter Gennett,10339,2027,37,-10.736236,0.0,0.0
Conor Gillaspie,9009,2027,39,-11.840548,0.0,0.0
Jon Jay,5227,2027,42,-11.220259,0.0,0.0
Joe Mauer,1857,2027,44,-12.16661,0.0,0.0
Yangervis Solarte,5352,2027,39,-12.682568,0.0,0.0
Brandon Guyer,2636,2027,41,-7.5479903,0.0,0.0
Jed Lowrie,4418,2027,43,-13.535226,0.0,0.0
Andrelton Simmons,10847,2027,37,-10.968256,0.0,0.0
Michael Cuddyer,1534,2027,48,-12.005336,0.0,0.0
Michael Morse,3035,2027,45,-13.895842,0.0,0.0
Travis Snider,2830,2027,39,-11.793189,0.0,0.0
Lonnie Chisenhall,7571,2027,38,-11.5435,0.0,0.0
Bryce Harper,11579,2027,34,-8.270072,0.0,0.0
Brett Lawrie,5247,2027,37,-9.860647,0.0,0.0
David Wright,3787,2027,44,-9.907794,0.0,0.0
Stephen Vogt,5000,2027,42,-12.035743,0.0,0.0
Colby Rasmus,9893,2027,40,-9.727182,0.0,0.0
Martin Prado,3312,2027,43,-12.523054,0.0,0.0
Matt Joyce,3353,2027,42,-11.548829,0.0,0.0
Chris Stewart,3878,2027,45,-13.402134,0.0,0.0
Ruben Tejada,5519,2027,37,-11.49557,0.0,0.0
Ryan Hanigan,4952,2027,46,-13.832652,0.0,0.0
Khris Davis,9112,2027,39,-11.96594,0.0,0.0
Josh Willingham,2103,2027,48,-13.26791,0.0,0.0
Cliff Pennington,3395,2027,43,-7.310885,0.0,0.0
Collin Cowgill,7250,2027,41,-10.471454,0.0,0.0
Brandon Phillips,791,2027,46,-12.983928,0.0,0.0
Rickie Weeks Jr.,1849,2027,44,-12.109484,0.0,0.0
Madison Bumgarner,5524,2027,37,-11.869732,0.0,0.0
Marwin Gonzalez,5497,2027,38,-10.974449,0.0,0.0
Joe Panik,11936,2027,36,-9.8869705,0.0,0.0
Martin Maldonado,6887,2027,40,-12.823801,0.0,0.0
Robinson Chirinos,3142,2027,43,-13.423668,0.0,0.0
Dustin Ackley,10099,2027,39,-8.14556,0.0,0.0
Alex Avila,7476,2027,40,-12.481364,0.0,0.0
Zack Cozart,2616,2027,41,-10.459176,0.0,0.0
Ryan Zimmerman,4220,2027,42,-12.928927,0.0,0.0
Juan Francisco,6978,2027,40,-12.597664,0.0,0.0
Curtis Granderson,4747,2027,46,-10.346663,0.0,0.0
David Lough,7215,2027,41,-8.800255,0.0,0.0
Carlos Corporan,5587,2027,43,-13.461118,0.0,0.0
Wilmer Flores,5827,2027,35,-10.734954,0.0,0.0
Brad Miller,12775,2027,37,-7.7200785,0.0,0.0
Peter Bourjos,2578,2027,40,-7.0469527,0.0,0.0
Kirk Nieuwenhuis,6400,2027,39,-7.5561404,0.0,0.0
Ryan Braun,3410,2027,43,-9.982678,0.0,0.0
Torii Hunter,731,2027,51,-13.241428,0.0,0.0
Josh Hamilton,1875,2027,46,-12.364744,0.0,0.0
Enrique Hernandez,10472,2027,35,-8.914737,0.0,0.0
Ichiro Suzuki,1101,2027,53,-10.197038,0.0,0.0
Darwin Barney,2430,2027,41,-11.512759,0.0,0.0
David Ross,1551,2027,50,-13.876724,0.0,0.0
David Peralta,2136,2027,39,-9.763594,0.0,0.0
Rougned Odor,12282,2027,33,-8.686753,0.0,0.0
Wilson Ramos,1433,2027,39,-12.412243,0.0,0.0
Andre Ethier,6265,2027,45,-13.021273,0.0,0.0
Mark Reynolds,7619,2027,43,-12.132644,0.0,0.0
Jake Smolinski,5408,2027,38,-11.3748255,0.0,0.0
Delmon Young,2140,2027,41,-12.53503,0.0,0.0
Oswaldo Arcia,10306,2027,36,-11.105086,0.0,0.0
James Loney,4556,2027,43,-13.114959,0.0,0.0
Adam Rosales,9682,2027,44,-10.628911,0.0,0.0
Chris Davis,9272,2027,41,-11.876933,0.0,0.0
Travis Wood,9884,2027,40,-12.404035,0.0,0.0
Chris Young,3882,2027,43,-9.634303,0.0,0.0
Eugenio Suarez,12552,2027,35,-9.53444,0.0,0.0
Michael McKenry,9628,2027,42,-12.649765,0.0,0.0
Joey Votto,4314,2027,43,-12.858612,0.0,0.0
Andrew Susac,13132,2027,37,-9.66111,0.0,0.0
Brandon Belt,10264,2027,39,-11.235391,0.0,0.0
Logan Morrison,9205,2027,39,-11.505174,0.0,0.0
Donovan Solano,8623,2027,39,-11.951824,0.0,0.0
Zack Greinke,1943,2027,43,-12.804836,0.0,0.0
Jose Molina,25,2027,52,-13.965958,0.0,0.0
Jorge Soler,14221,2027,35,-9.1793995,0.0,0.0
Mark Teixeira,1281,2027,47,-13.768034,0.0,0.0
Gerardo Parra,8553,2027,40,-9.332677,0.0,0.0
Ramon Santiago,1417,2027,47,-13.193152,0.0,0.0
Ryan Flaherty,7888,2027,40,-10.891504,0.0,0.0
Chris Heisey,3978,2027,42,-9.682303,0.0,0.0
Will Venable,211,2027,44,-8.303763,0.0,0.0
Alexi Amarista,9063,2027,38,-5.2568407,0.0,0.0
Drew Butera,3411,2027,43,-13.42493,0.0,0.0
Kevin Kouzmanoff,5995,2027,45,-13.689174,0.0,0.0
Matt Wieters,4298,2027,41,-12.741046,0.0,0.0
John Jaso,5887,2027,43,-12.524989,0.0,0.0
Ike Davis,8433,2027,40,-12.539849,0.0,0.0
Cody Asche,11997,2027,37,-11.714848,0.0,0.0
Tommy Medica,11147,2027,39,-8.607762,0.0,0.0
Roberto Perez,2900,2027,38,-12.255963,0.0,0.0
Robbie Grossman,5254,2027,37,-9.735368,0.0,0.0
Kelly Johnson,2234,2027,45,-12.287288,0.0,0.0
Chone Figgins,1580,2027,49,-8.791675,0.0,0.0
Danny Espinosa,9219,2027,40,-9.181378,0.0,0.0
Erik Kratz,4403,2027,47,-14.124733,0.0,0.0
Kyle Blanks,49,2027,40,-12.61297,0.0,0.0
Rafael Ynoa,2832,2027,39,-12.414454,0.0,0.0
Kennys Vargas,12101,2027,36,-10.992082,0.0,0.0
Justin Ruggiano,7620,2027,45,-10.512502,0.0,0.0
David DeJesus,1825,2027,47,-12.883112,0.0,0.0
John Mayberry,3390,2027,43,-12.985097,0.0,0.0
Gregorio Petit,3812,2027,42,-12.417555,0.0,0.0
Travis Ishikawa,4793,2027,43,-12.8670845,0.0,0.0
John Ryan Murphy,10346,2027,36,-9.99648,0.0,0.0
Yonder Alonso,2530,2027,40,-10.552073,0.0,0.0
Marcus Semien,12533,2027,36,-9.977269,0.0,0.0
Danny Valencia,6364,2027,42,-12.767674,0.0,0.0
Adeiny Hechavarria,10459,2027,38,-10.385379,0.0,0.0
Omar Infante,1609,2027,45,-10.786675,0.0,0.0
Abraham Almonte,5486,2027,38,-9.770456,0.0,0.0
Jose Lobaton,4243,2027,42,-13.320178,0.0,0.0
Mike Leake,10130,2027,39,-12.356915,0.0,0.0
Shelby Miller,10197,2027,36,-11.497062,0.0,0.0
Clayton Kershaw,2036,2027,39,-11.434548,0.0,0.0
Ben Paulsen,9741,2027,39,-12.786805,0.0,0.0
Eric Chavez,906,2027,49,-13.239424,0.0,0.0
Adam Dunn,319,2027,47,-13.955419,0.0,0.0
Ryan Rua,12409,2027,37,-11.22369,0.0,0.0
Wilin Rosario,8002,2027,38,-12.093367,0.0,0.0
Shin-Soo Choo,3174,2027,44,-10.555168,0.0,0.0
Derek Dietrich,10542,2027,37,-6.3013577,0.0,0.0
Nick Castellanos,11737,2027,35,-11.063044,0.0,0.0
Kevin Pillar,12434,2027,38,-10.117338,0.0,0.0
Eric Campbell,6938,2027,40,-11.890434,0.0,0.0
Yunel Escobar,4191,2027,44,-13.373326,0.0,0.0
Chris Johnson,1191,2027,42,-12.670677,0.0,0.0
Ryan Sweeney,6352,2027,42,-12.873309,0.0,0.0
Chris Gimenez,7324,2027,44,-12.749241,0.0,0.0
Mike Moustakas,4892,2027,38,-12.132075,0.0,0.0
Munenori Kawasaki,13047,2027,46,-12.817469,0.0,0.0
Wil Nieves,1556,2027,49,-13.765515,0.0,0.0
Brandon Hicks,4003,2027,41,-12.503931,0.0,0.0
Jonathan Schoop,11265,2027,35,-10.82374,0.0,0.0
Jacob deGrom,10954,2027,39,-12.384997,0.0,0.0
Adam Wainwright,2233,2027,45,-13.576667,0.0,0.0
Nick Evans,7595,2027,41,-12.8643875,0.0,0.0
Pete Kozma,2539,2027,39,-9.138798,0.0,0.0
Garin Cecchini,11608,2027,36,-8.885193,0.0,0.0
Jhoulys Chacin,2608,2027,39,-12.340886,0.0,0.0
Garrett Jones,2714,2027,46,-13.972638,0.0,0.0
Pedro Alvarez,2495,2027,40,-11.111244,0.0,0.0
Darin Ruf,9929,2027,40,-12.970156,0.0,0.0
Welington Castillo,3256,2027,40,-12.989342,0.0,0.0
Randal Grichuk,10243,2027,35,-11.085452,0.0,0.0
DJ LeMahieu,9874,2027,38,-7.26808,0.0,0.0
Brian Roberts,166,2027,49,-10.650087,0.0,0.0
Jonny Gomes,1845,2027,46,-13.158727,0.0,0.0
Ramiro Pena,8841,2027,41,-11.934707,0.0,0.0
Maicer Izturis,2437,2027,46,-9.593979,0.0,0.0
Phil Gosselin,10953,2027,38,-9.605742,0.0,0.0
Clint Barmes,1830,2027,48,-13.378763,0.0,0.0
Cameron Maybin,5223,2027,40,-9.078094,0.0,0.0
Tyler Holt,11391,2027,38,-8.217118,0.0,0.0
Jordan Lyles,7593,2027,36,-11.497062,0.0,0.0
Jake Arrieta,4153,2027,41,-12.800667,0.0,0.0
Cole Hamels,4972,2027,43,-13.233431,0.0,0.0
Gerrit Cole,13125,2027,36,-11.531353,0.0,0.0
Dan Haren,1757,2027,46,-13.7448435,0.0,0.0
Tyson Ross,7872,2027,40,-12.579227,0.0,0.0
Carlos Rivero,1136,2027,39,-12.384997,0.0,0.0
Jose Pirela,5485,2027,37,-11.849277,0.0,0.0
George Kottaras,5506,2027,44,-12.834624,0.0,0.0
Gary Brown,11464,2027,38,-9.805271,0.0,0.0
Max Stassi,10059,2027,36,-11.689208,0.0,0.0
Marco Gonzales,15467,2027,35,-11.222853,0.0,0.0
Matt McBride,9373,2027,42,-12.300008,0.0,0.0
Andres Blanco,1907,2027,43,-13.484683,0.0,0.0
Scott Sizemore,2881,2027,42,-11.415601,0.0,0.0
Dalton Pompey,12797,2027,34,-9.066188,0.0,0.0
Justin Bour,9744,2027,39,-12.800172,0.0,0.0
Dilson Herrera,14335,2027,33,-11.0293255,0.0,0.0
Sean Rodriguez,6589,2027,42,-12.1436,0.0,0.0
Shane Victorino,1677,2027,46,-9.453635,0.0,0.0
Daniel Robertson,6266,2027,41,-8.933792,0.0,0.0
Tommy La Stella,12371,2027,38,-11.803874,0.0,0.0
Efren Navarro,9854,2027,41,-9.2136965,0.0,0.0
Derek Jeter,826,2027,53,-12.943597,0.0,0.0
Joe Kelly,9761,2027,39,-10.318443,0.0,0.0
Jordan Danks,9187,2027,40,-6.3741655,0.0,0.0
Nick Punto,1429,2027,49,-12.783646,0.0,0.0
Josh Wilson,2102,2027,46,-13.028081,0.0,0.0
Jaime Garcia,8137,2027,40,-12.579227,0.0,0.0
Jeff Mathis,3448,2027,44,-13.531873,0.0,0.0
Jackie Bradley Jr.,12984,2027,37,-9.384708,0.0,0.0
Cliff Lee,1636,2027,48,-13.459559,0.0,0.0
Jacob Turner,10185,2027,36,-11.497062,0.0,0.0
Josh Beckett,510,2027,47,-13.904406,0.0,0.0
Mike Minor,10021,2027,39,-12.340886,0.0,0.0
Jordan Zimmermann,4505,2027,41,-12.819289,0.0,0.0
Henderson Alvarez,5669,2027,37,-11.800815,0.0,0.0
Ian Kennedy,6986,2027,42,-13.026685,0.0,0.0
Buddy Carlyle,2010,2027,49,-14.209298,0.0,0.0
Brian Schlitter,3599,2027,41,-12.770288,0.0,0.0
Jeanmar Gomez,9033,2027,39,-12.340886,0.0,0.0
Gus Schlosser,12321,2027,38,-12.128008,0.0,0.0
Jeurys Familia,5114,2027,37,-11.800815,0.0,0.0
Zach McAllister,2895,2027,39,-12.340886,0.0,0.0
Clay Buchholz,3543,2027,42,-13.010438,0.0,0.0
Pedro Villarreal,9904,2027,39,-12.340886,0.0,0.0
Drew Hutchison,10732,2027,36,-11.515252,0.0,0.0
Robbie Ray,11486,2027,35,-11.222853,0.0,0.0
Nick Tepesch,11716,2027,38,-12.109017,0.0,0.0
Brad Penny,535,2027,49,-14.211584,0.0,0.0
Colby Lewis,1259,2027,47,-13.903249,0.0,0.0
Seth Maness,12235,2027,38,-12.109017,0.0,0.0
Donn Roach,10620,2027,37,-11.849277,0.0,0.0
Doug Bernier,4518,2027,47,-13.144663,0.0,0.0
Brandon Barnes,629,2027,41,-11.07154,0.0,0.0
Nolan Reimold,3441,2027,43,-11.341732,0.0,0.0
James Shields,7059,2027,45,-13.576667,0.0,0.0
Craig Stammen,7274,2027,43,-13.208065,0.0,0.0
Chris Parmelee,2554,2027,39,-12.310756,0.0,0.0
Endy Chavez,768,2027,49,-12.182907,0.0,0.0
Tyler Moore,7244,2027,40,-12.63187,0.0,0.0
Steve Tolleson,4450,2027,43,-12.857936,0.0,0.0
Justin Verlander,8700,2027,44,-13.397512,0.0,0.0
Daniel Corcino,9266,2027,36,-11.547148,0.0,0.0
Bud Norris,9492,2027,42,-13.010438,0.0,0.0
Tony Sanchez,6178,2027,39,-12.772504,0.0,0.0
Xander Bogaerts,12161,2027,34,-9.595765,0.0,0.0
Tyler Colvin,5310,2027,41,-12.116061,0.0,0.0
Willie Bloomquist,1066,2027,49,-12.486866,0.0,0.0
Jake Lamb,13329,2027,36,-9.05698,0.0,0.0
Kevin Correia,1767,2027,46,-13.712276,0.0,0.0
Carlos Peguero,8760,2027,40,-8.399981,0.0,0.0
Jordany Valdespin,5098,2027,39,-8.720682,0.0,0.0
Aaron Hicks,5297,2027,37,-4.244647,0.0,0.5811377763748169
Matt Duffy,13836,2027,36,-10.587359,0.0,0.0
Johnny Giavotella,6740,2027,39,-10.453064,0.0,0.0
Ed Lucas,7532,2027,45,-12.819769,0.0,0.0
Eric Sogard,7927,2027,41,-7.784584,0.0,0.0
Hector Sanchez,10289,2027,37,-11.475411,0.0,0.0
Wandy Rodriguez,2586,2027,48,-14.053007,0.0,0.0
Carlos Martinez,11682,2027,35,-11.206701,0.0,0.0
Alex Cobb,6562,2027,39,-12.340886,0.0,0.0
Miguel Rojas,7802,2027,38,-12.340985,0.0,0.0
Jesus Sucre,5942,2027,39,-11.369294,0.0,0.0
Bronson Arroyo,978,2027,50,-14.336997,0.0,0.0
Tyler Matzek,10058,2027,36,-11.547148,0.0,0.0
Daisuke Matsuzaka,7775,2027,46,-13.7448435,0.0,0.0
Jeff Samardzija,3254,2027,42,-13.010438,0.0,0.0
Edwin Jackson,1841,2027,43,-13.2240305,0.0,0.0
Matt Cain,4732,2027,42,-13.026337,0.0,0.0
Jarred Cosart,10304,2027,37,-11.831495,0.0,0.0
Wade Miley,8779,2027,40,-12.579227,0.0,0.0
Hyun-Jin Ryu,14444,2027,40,-12.60231,0.0,0.0
Kyle Hendricks,12049,2027,37,-11.849277,0.0,0.0
A.J. Burnett,512,2027,50,-14.336997,0.0,0.0
David Buchanan,11176,2027,38,-12.128008,0.0,0.0
Stephen Strasburg,10131,2027,38,-12.101514,0.0,0.0
Jon Niese,4424,2027,40,-12.599035,0.0,0.0
Francisco Pena,8298,2027,37,-11.849277,0.0,0.0
Antonio Bastardo,8844,2027,41,-12.800667,0.0,0.0
J.J. Hoover,9037,2027,39,-12.340886,0.0,0.0
Audry Perez,9176,2027,38,-12.109017,0.0,0.0
Andrew Chafin,12988,2027,37,-11.849277,0.0,0.0
Joey Terdoslavich,10593,2027,38,-12.503881,0.0,0.0
Steven Moya,11854,2027,35,-11.222853,0.0,0.0
Jackson Williams,8524,2027,41,-13.137948,0.0,0.0
Clint Robinson,6908,2027,42,-13.314913,0.0,0.0
Josh Phegley,9308,2027,39,-12.598632,0.0,0.0
Nate Freiman,6582,2027,40,-13.0232315,0.0,0.0
Bryce Brentz,10607,2027,38,-6.113877,0.0,0.0
Gaby Sanchez,3361,2027,43,-12.938003,0.0,0.0
Jason Lane,1397,2027,50,-14.31366,0.0,0.0
Tony Watson,3132,2027,42,-13.010438,0.0,0.0
David Huff,4257,2027,42,-13.010438,0.0,0.0
John Danks,6329,2027,42,-13.010438,0.0,0.0
Taylor Hill,12515,2027,38,-12.128008,0.0,0.0
Tyler Collins,12723,2027,37,-12.053111,0.0,0.0
Michael Taylor,2591,2027,41,-12.841171,0.0,0.0
Jesus Montero,5514,2027,37,-11.971765,0.0,0.0
Chris Dickerson,7095,2027,45,-10.169146,0.0,0.0
Nick Hundley,3376,2027,43,-13.0642185,0.0,0.0
Matt Szczur,11255,2027,37,-10.217759,0.0,0.0
Steve Lombardozzi,5422,2027,38,-11.3888445,0.0,0.0
Andrew Lambo,5386,2027,38,-12.286593,0.0,0.0
Cole Figueroa,8790,2027,40,-11.290222,0.0,0.0
Chris Denorfia,4400,2027,46,-10.784777,0.0,0.0
Anibal Sanchez,3284,2027,43,-13.208065,0.0,0.0
Zeke Spruill,3873,2027,37,-11.831495,0.0,0.0
Samuel Deduno,5285,2027,43,-13.208065,0.0,0.0
Yu Darvish,13074,2027,40,-12.579227,0.0,0.0
Jonathan Herrera,4182,2027,42,-12.160124,0.0,0.0
Ehire Adrianza,8418,2027,37,-11.466929,0.0,0.0
Greg Garcia,10951,2027,37,-10.192823,0.0,0.0
Hernan Perez,5751,2027,36,-11.246104,0.0,0.0
Tyler Thornburg,10688,2027,38,-12.081279,0.0,0.0
Robbie Ross Jr.,6819,2027,38,-12.081279,0.0,0.0
Dan Straily,9460,2027,38,-12.081279,0.0,0.0
Nick Tropeano,12385,2027,36,-11.547148,0.0,0.0
Hector Santiago,4026,2027,39,-12.340886,0.0,0.0
Bobby Wilson,6564,2027,44,-13.437046,0.0,0.0
Kyle Gibson,10123,2027,39,-12.366785,0.0,0.0
Dallas Beeler,11471,2027,38,-12.128008,0.0,0.0
Yordano Ventura,11855,2027,36,-11.531353,0.0,0.0
Andy Parrino,3972,2027,41,-12.902559,0.0,0.0
Joc Pederson,11899,2027,35,-10.923294,0.0,0.0
Tucker Barnhart,10200,2027,36,-10.072866,0.0,0.0
Nick Franklin,10166,2027,36,-9.593226,0.0,0.0
Jonathan Diaz,4142,2027,42,-10.389489,0.0,0.0
Brett Anderson,8223,2027,39,-12.340886,0.0,0.0
Corey Kluber,2429,2027,41,-12.800667,0.0,0.0
Christian Friedrich,7942,2027,39,-12.349078,0.0,0.0
Chase Whitley,10982,2027,38,-12.128008,0.0,0.0
Felix Doubront,1478,2027,39,-12.340886,0.0,0.0
Justin Masterson,2038,2027,42,-13.010438,0.0,0.0
Ross Detwiler,2859,2027,41,-12.800667,0.0,0.0
C.J. Wilson,3580,2027,46,-13.7448435,0.0,0.0
Jerome Williams,1137,2027,45,-13.576667,0.0,0.0
Jimmy Nelson,10547,2027,38,-12.109017,0.0,0.0
Homer Bailey,8362,2027,41,-12.800667,0.0,0.0
Josh Collmenter,7312,2027,41,-12.800667,0.0,0.0
Ryan Vogelsong,1011,2027,49,-14.196073,0.0,0.0
Kyle Kendrick,6230,2027,42,-13.010438,0.0,0.0
Jason Hammel,4538,2027,44,-13.397512,0.0,0.0
Randy Wolf,976,2027,50,-14.198786,0.0,0.0
Tim Stauffer,6432,2027,45,-13.576667,0.0,0.0
Tony Cingrani,12555,2027,37,-11.554313,0.0,0.0
Brandon Cumpton,11366,2027,38,-12.109017,0.0,0.0
Anthony DeSclafani,13050,2027,37,-11.849277,0.0,0.0
Robbie Erlin,10354,2027,36,-11.531353,0.0,0.0
John Lackey,1507,2027,48,-14.044852,0.0,0.0
Marco Estrada,1118,2027,43,-13.208065,0.0,0.0
Jeff Kobernus,9591,2027,39,-11.63253,0.0,0.0
Dallas Keuchel,9434,2027,39,-12.340886,0.0,0.0
Taylor Jordan,10466,2027,38,-12.109017,0.0,0.0
Jose Fernandez,11530,2027,34,-10.856787,0.0,0.0
Andrew Heaney,15423,2027,36,-11.547148,0.0,0.0
Blake Treinen,12572,2027,39,-12.384997,0.0,0.0
Tyler Lyons,11334,2027,39,-12.366785,0.0,0.0
Randall Delgado,5985,2027,37,-11.800815,0.0,0.0
Masahiro Tanaka,15764,2027,38,-12.128008,0.0,0.0
Jake Odorizzi,6397,2027,37,-11.800815,0.0,0.0
Hisashi Iwakuma,13048,2027,46,-13.7448435,0.0,0.0
Paul Maholm,8678,2027,45,-13.576667,0.0,0.0
Jeremy Guthrie,2072,2027,48,-14.053007,0.0,0.0
Neftali Feliz,18,2027,39,-12.340886,0.0,0.0
Xavier Cedeno,36,2027,40,-12.579227,0.0,0.0
Erik Bedard,126,2027,48,-14.053007,0.0,0.0
Mark Buehrle,225,2027,48,-14.053007,0.0,0.0
Daniel McCutchen,263,2027,44,-13.380534,0.0,0.0
Kyle Farnsworth,278,2027,51,-14.476071,0.0,0.0
Blake Beavan,338,2027,38,-12.081279,0.0,0.0
CC Sabathia,404,2027,46,-13.7448435,0.0,0.0
Fernando Rodney,494,2027,50,-14.336997,0.0,0.0
Jason Grilli,521,2027,50,-14.336997,0.0,0.0
Hector Ambriz,559,2027,43,-13.208065,0.0,0.0
Jeremy Affeldt,583,2027,48,-14.053007,0.0,0.0
Grant Balfour,718,2027,49,-14.196073,0.0,0.0
LaTroy Hawkins,729,2027,54,-14.9042635,0.0,0.0
Bruce Chen,769,2027,50,-14.336997,0.0,0.0
Scott Downs,773,2027,51,-14.476071,0.0,0.0
Randy Choate,813,2027,51,-14.476071,0.0,0.0
Kris Johnson,886,2027,42,-13.030605,0.0,0.0
Scott Carroll,888,2027,42,-13.050761,0.0,0.0
Joe Beimel,979,2027,50,-14.376265,0.0,0.0
Aaron Thompson,999,2027,40,-12.5671625,0.0,0.0
Rafael Soriano,1100,2027,47,-13.904406,0.0,0.0
Joe Nathan,1122,2027,52,-14.616551,0.0,0.0
Tommy Hunter,1157,2027,40,-12.579227,0.0,0.0
Adam Ottavino,1247,2027,41,-12.800667,0.0,0.0
Pedro Beato,1330,2027,40,-12.579227,0.0,0.0
Curtis Partch,1333,2027,40,-12.60231,0.0,0.0
Blake Wood,1345,2027,41,-12.782782,0.0,0.0
Evan Reed,1349,2027,41,-12.822094,0.0,0.0
Nick Hagadone,1351,2027,41,-12.800667,0.0,0.0
Charlie Furbush,1370,2027,41,-12.800667,0.0,0.0
Joaquin Benoit,1437,2027,49,-14.196073,0.0,0.0
Jon Edwards,1483,2027,39,-12.384997,0.0,0.0
Oliver Perez,1514,2027,45,-13.576667,0.0,0.0
Sean Doolittle,1581,2027,40,-12.579227,0.0,0.0
Francisco Rodriguez,1642,2027,45,-13.576667,0.0,0.0
Javier Lopez,1663,2027,49,-14.196073,0.0,0.0
Chris Capuano,1701,2027,48,-14.053007,0.0,0.0
Jose Valverde,1726,2027,49,-14.196073,0.0,0.0
Kevin Gregg,1793,2027,49,-14.196073,0.0,0.0
J.J. Putz,1795,2027,50,-14.336997,0.0,0.0
Neal Cotts,1797,2027,47,-13.862011,0.0,0.0
Humberto Quintero,1824,2027,47,-14.030311,0.0,0.0
Matt Belisle,1837,2027,47,-13.904406,0.0,0.0
Shawn Camp,1855,2027,51,-14.476071,0.0,0.0
Sean Burnett,1886,2027,44,-13.397512,0.0,0.0
Matt Moore,1890,2027,38,-12.081279,0.0,0.0
Jason Frasor,1906,2027,49,-14.196073,0.0,0.0
Matt Thornton,1918,2027,50,-14.336997,0.0,0.0
Frank Francisco,1933,2027,47,-13.904406,0.0,0.0
Mike Adams,1937,2027,48,-14.053007,0.0,0.0
Justin Germano,1938,2027,44,-13.397512,0.0,0.0
Raul Valdes,1953,2027,49,-14.196073,0.0,0.0
Ivan Nova,1994,2027,40,-12.579227,0.0,0.0
Matt Guerrier,2061,2027,48,-14.053007,0.0,0.0
Jose Veras,2063,2027,46,-13.7448435,0.0,0.0
Heath Bell,2080,2027,49,-14.196073,0.0,0.0
Chad Qualls,2170,2027,48,-14.053007,0.0,0.0
Ronald Belisario,2203,2027,44,-13.397512,0.0,0.0
Blaine Boyer,2237,2027,45,-13.547314,0.0,0.0
Brandon Gomes,2267,2027,42,-13.010438,0.0,0.0
Joel Peralta,2332,2027,51,-14.476071,0.0,0.0
Anthony Varvaro,2385,2027,42,-13.010438,0.0,0.0
Hector Rondon,2391,2027,39,-12.366785,0.0,0.0
Cory Rasmus,2413,2027,39,-12.366785,0.0,0.0
Eric Surkamp,2540,2027,39,-12.323557,0.0,0.0
Joe Paterson,2565,2027,41,-12.800667,0.0,0.0
Scott Atchison,2642,2027,51,-14.476071,0.0,0.0
Brian Matusz,2646,2027,40,-12.579227,0.0,0.0
Corey Brown,2650,2027,41,-12.489032,0.0,0.0
Brett Cecil,2660,2027,40,-12.579227,0.0,0.0
Joba Chamberlain,2692,2027,41,-12.800667,0.0,0.0
Scott Rice,2743,2027,45,-13.58694,0.0,0.0
Carlos Marmol,2790,2027,44,-13.397512,0.0,0.0
Joe Savery,2835,2027,41,-12.800667,0.0,0.0
Drake Britton,2868,2027,38,-12.109017,0.0,0.0
Santiago Casilla,2873,2027,46,-13.7448435,0.0,0.0
Luis Avilan,2882,2027,37,-11.800815,0.0,0.0
Juan Oviedo,2886,2027,45,-13.547314,0.0,0.0
Tommy Pham,2967,2027,39,-12.384997,0.0,0.0
Bruce Billings,3044,2027,41,-12.785557,0.0,0.0
Kenley Jansen,3096,2027,39,-12.340886,0.0,0.0
Max Scherzer,3137,2027,42,-13.010438,0.0,0.0
Tim Collins,3164,2027,37,-11.800815,0.0,0.0
David Price,3184,2027,41,-12.800667,0.0,0.0
Will Harris,3192,2027,42,-13.010438,0.0,0.0
Chris Young,3196,2027,48,-14.0592785,0.0,0.0
Josh Stinson,3219,2027,39,-12.340886,0.0,0.0
Jean Machi,3220,2027,45,-13.576667,0.0,0.0
T.J. McFarland,3237,2027,38,-12.109017,0.0,0.0
Zack Britton,3240,2027,39,-12.340886,0.0,0.0
Ryan Rowland-Smith,3245,2027,44,-13.3448,0.0,0.0
Juan Gutierrez,3265,2027,43,-13.18866,0.0,0.0
Jordan Walden,3271,2027,39,-12.340886,0.0,0.0
Joe Smith,3281,2027,43,-13.208065,0.0,0.0
Nate Adcock,3282,2027,39,-12.313233,0.0,0.0
Hiroki Kuroda,3283,2027,52,-14.616551,0.0,0.0
Hector Noesi,3292,2027,40,-12.579227,0.0,0.0
Chris Hatcher,3299,2027,42,-13.010438,0.0,0.0
Darren O'Day,3321,2027,44,-13.397512,0.0,0.0
Cesar Ramos,3357,2027,43,-13.208065,0.0,0.0
Ubaldo Jimenez,3374,2027,43,-13.208065,0.0,0.0
Jumbo Diaz,3397,2027,43,-13.245118,0.0,0.0
Kevin Whelan,3462,2027,43,-13.189667,0.0,0.0
Andre Rienzo,3507,2027,38,-12.109017,0.0,0.0
Liam Hendriks,3548,2027,38,-12.081279,0.0,0.0
Jim Johnson,3656,2027,44,-13.397512,0.0,0.0
Logan Ondrusek,3677,2027,42,-13.010438,0.0,0.0
Brandon League,3731,2027,44,-13.397512,0.0,0.0
Cesar Jimenez,3762,2027,42,-12.99094,0.0,0.0
Felipe Paulino,3777,2027,43,-13.189164,0.0,0.0
Ricky Nolasco,3830,2027,44,-13.397512,0.0,0.0
Zach Duke,3840,2027,44,-13.397512,0.0,0.0
Brett Oberholtzer,3855,2027,37,-11.831495,0.0,0.0
Rubby de la Rosa,3862,2027,38,-12.081279,0.0,0.0
Ethan Martin,3877,2027,38,-12.109017,0.0,0.0
Casey Fien,3926,2027,43,-13.208065,0.0,0.0
David Carpenter,3959,2027,41,-12.800667,0.0,0.0
Edward Mujica,3970,2027,43,-13.208065,0.0,0.0
Allen Webster,3993,2027,37,-11.831495,0.0,0.0
Josh Outman,4004,2027,42,-13.010438,0.0,0.0
Eury De la Rosa,4055,2027,37,-11.831495,0.0,0.0
Brian Duensing,4064,2027,44,-13.397512,0.0,0.0
Pedro Strop,4070,2027,42,-13.010438,0.0,0.0
Junichi Tazawa,4079,2027,41,-12.800667,0.0,0.0
Erik Cordier,4086,2027,41,-12.843197,0.0,0.0
James Russell,4089,2027,41,-12.800667,0.0,0.0
Luke Gregerson,4090,2027,43,-13.208065,0.0,0.0
Derek Holland,4141,2027,40,-12.579227,0.0,0.0
Wilton Lopez,4227,2027,43,-13.208065,0.0,0.0
Jered Weaver,4235,2027,44,-13.397512,0.0,0.0
Brad Lincoln,4241,2027,42,-13.010438,0.0,0.0
Mark Melancon,4264,2027,42,-13.010438,0.0,0.0
Manny Parra,4279,2027,44,-13.397512,0.0,0.0
Matt Albers,4300,2027,44,-13.397512,0.0,0.0
Justin Wilson,4301,2027,39,-12.340886,0.0,0.0
Aaron Poreda,4313,2027,40,-12.538954,0.0,0.0
Kyle Drabek,4359,2027,39,-12.340886,0.0,0.0
Craig Breslow,4363,2027,46,-13.7448435,0.0,0.0
Joe Saunders,4366,2027,46,-13.7448435,0.0,0.0
Jeremy Hellickson,4371,2027,40,-12.579227,0.0,0.0
Brad Mills,4420,2027,42,-12.989213,0.0,0.0
Josh Wall,4436,2027,40,-12.579227,0.0,0.0
Pedro Hernandez,4578,2027,38,-12.081279,0.0,0.0
Matt Lindstrom,4604,2027,47,-13.904406,0.0,0.0
Bobby Korecky,4608,2027,47,-13.87172,0.0,0.0
Jason Pridie,4611,2027,43,-12.8554125,0.0,0.0
Joe Thatcher,4620,2027,45,-13.576667,0.0,0.0
Sam LeCure,4664,2027,43,-13.208065,0.0,0.0
Pat Neshek,4682,2027,46,-13.7448435,0.0,0.0
Jeff Francis,4684,2027,46,-13.7448435,0.0,0.0
Nate Jones,4696,2027,41,-12.800667,0.0,0.0
Sergio Santos,4734,2027,43,-13.208065,0.0,0.0
Donnie Veal,4741,2027,42,-13.010438,0.0,0.0
Jonathan Broxton,4759,2027,43,-13.208065,0.0,0.0
Felix Hernandez,4772,2027,41,-12.800667,0.0,0.0
Matt Shoemaker,4776,2027,40,-12.60231,0.0,0.0
Vinnie Pestano,4782,2027,42,-13.010438,0.0,0.0
Rich Hill,4806,2027,47,-13.904406,0.0,0.0
Brandon Maurer,4878,2027,36,-11.531353,0.0,0.0
Scott Kazmir,4897,2027,43,-13.18866,0.0,0.0
Justin De Fratus,4955,2027,39,-12.340886,0.0,0.0
Fernando Salas,4971,2027,42,-13.010438,0.0,0.0
Fernando Abad,4994,2027,41,-12.800667,0.0,0.0
Jake Diekman,5003,2027,40,-12.579227,0.0,0.0
Bo Schultz,5028,2027,41,-12.843197,0.0,0.0
Dale Thayer,5032,2027,46,-13.7448435,0.0,0.0
Josh Fields,5070,2027,41,-12.822094,0.0,0.0
Evan Meek,5109,2027,44,-13.380534,0.0,0.0
Alfredo Aceves,5164,2027,44,-13.397512,0.0,0.0
C.C. Lee,5177,2027,40,-12.60231,0.0,0.0
Ernesto Frieri,5178,2027,41,-12.800667,0.0,0.0
Mike Pelfrey,5203,2027,43,-13.208065,0.0,0.0
Chris Perez,5213,2027,41,-12.800667,0.0,0.0
Wade LeBlanc,5221,2027,42,-13.010438,0.0,0.0
Blake Parker,5224,2027,42,-13.010438,0.0,0.0
Rudy Owens,5226,2027,39,-12.384997,0.0,0.0
Vin Mazzaro,5231,2027,40,-12.579227,0.0,0.0
Jose Alvarez,5358,2027,38,-12.109017,0.0,0.0
Phillippe Aumont,5362,2027,38,-12.081279,0.0,0.0
Michael Pineda,5372,2027,38,-12.078135,0.0,0.0
Jorge De Leon,5397,2027,39,-12.366785,0.0,0.0
Pedro Baez,5420,2027,39,-12.384997,0.0,0.0
Jesse Chavez,5448,2027,43,-13.208065,0.0,0.0
Arodys Vizcaino,5498,2027,36,-11.501562,0.0,0.0
Dana Eveland,5508,2027,43,-13.189164,0.0,0.0
Boone Logan,5525,2027,42,-13.010438,0.0,0.0
Maikel Cleto,5529,2027,38,-12.081279,0.0,0.0
Phil Coke,5535,2027,44,-13.397512,0.0,0.0
Matt Harrison,5551,2027,41,-12.800667,0.0,0.0
Tyler Clippard,5640,2027,42,-13.010438,0.0,0.0
Brooks Brown,5679,2027,42,-13.050761,0.0,0.0
Josh Lueke,5722,2027,42,-13.010438,0.0,0.0
Eric O'Flaherty,5746,2027,42,-13.010438,0.0,0.0
Jorge Rondon,5791,2027,39,-12.384997,0.0,0.0
Jason Motte,5861,2027,45,-13.563235,0.0,0.0
Danny Salazar,5867,2027,37,-11.831495,0.0,0.0
Gonzalez Germen,5876,2027,39,-12.366785,0.0,0.0
Darin Downs,5903,2027,42,-13.010438,0.0,0.0
Sean Marshall,5905,2027,44,-13.397512,0.0,0.0
Wesley Wright,5960,2027,42,-13.010438,0.0,0.0
Jonathan Papelbon,5975,2027,46,-13.7448435,0.0,0.0
Francisley Bueno,5980,2027,46,-13.7448435,0.0,0.0
Kelvin Herrera,6033,2027,37,-11.800815,0.0,0.0
Matt Pagnozzi,6046,2027,44,-13.13378,0.0,0.0
Joe Wieland,6109,2027,37,-11.816416,0.0,0.0
Juan Jaime,6127,2027,39,-12.384997,0.0,0.0
Scott Baker,6176,2027,45,-13.559455,0.0,0.0
Dellin Betances,6216,2027,39,-12.323557,0.0,0.0
Tom Gorzelanny,6244,2027,44,-13.397512,0.0,0.0
Scott Feldman,6283,2027,44,-13.397512,0.0,0.0
Esmil Rogers,6317,2027,41,-12.800667,0.0,0.0
Al Alburquerque,6324,2027,41,-12.800667,0.0,0.0
Ryan Feierabend,6336,2027,41,-12.673273,0.0,0.0
Chris Archer,6345,2027,38,-12.11114,0.0,0.0
Henry Rodriguez,6371,2027,40,-12.579227,0.0,0.0
Trevor May,6398,2027,37,-11.849277,0.0,0.0
Jose Cisnero,6399,2027,38,-12.109017,0.0,0.0
Kevin Jepsen,6475,2027,42,-13.010438,0.0,0.0
Steve Cishek,6483,2027,41,-12.800667,0.0,0.0
Brian Wilson,6485,2027,45,-13.576667,0.0,0.0
Donnie Joseph,6491,2027,39,-12.366785,0.0,0.0
Blaine Hardy,6499,2027,40,-12.621667,0.0,0.0
Josh Zeid,6527,2027,40,-12.60231,0.0,0.0
Pat McCoy,6605,2027,38,-12.128008,0.0,0.0
Marc Rzepczynski,6612,2027,41,-12.800667,0.0,0.0
Pedro Figueroa,6616,2027,41,-12.800667,0.0,0.0
Brad Brach,6627,2027,41,-12.800667,0.0,0.0
Carlos Carrasco,6632,2027,40,-12.561706,0.0,0.0
Jim Henderson,6653,2027,44,-13.397512,0.0,0.0
Craig Kimbrel,6655,2027,39,-12.340886,0.0,0.0
Alex Colome,6661,2027,38,-12.109017,0.0,0.0
Luke Putkonen,6736,2027,41,-12.800667,0.0,0.0
Cesar Cabral,6741,2027,38,-12.109017,0.0,0.0
Andrew Miller,6785,2027,42,-13.010438,0.0,0.0
Sam Freeman,6832,2027,40,-12.579227,0.0,0.0
Jeff Manship,6865,2027,42,-13.010438,0.0,0.0
Martin Perez,6902,2027,36,-11.497062,0.0,0.0
Joakim Soria,6941,2027,43,-13.18866,0.0,0.0
Yohan Pino,6955,2027,43,-13.245118,0.0,0.0
Drew Storen,6983,2027,39,-12.340886,0.0,0.0
Luis Garcia,6984,2027,40,-12.60231,0.0,0.0
Ryan Pressly,7005,2027,38,-12.109017,0.0,0.0
Alex Torres,7038,2027,39,-12.323557,0.0,0.0
Eric Fornataro,7042,2027,39,-12.384997,0.0,0.0
Trevor Bell,7074,2027,40,-12.528343,0.0,0.0
John Lannan,7080,2027,42,-13.010438,0.0,0.0
Jonathan Pettibone,7106,2027,36,-11.531353,0.0,0.0
Daniel Hudson,7146,2027,40,-12.571353,0.0,0.0
Chris Withrow,7161,2027,38,-12.109017,0.0,0.0
Ryan Mattheus,7169,2027,43,-13.208065,0.0,0.0
B.J. Rosenberg,7183,2027,41,-12.800667,0.0,0.0
Greg Holland,7196,2027,41,-12.800667,0.0,0.0
Nick Masset,7267,2027,45,-13.547314,0.0,0.0
Brad Ziegler,7293,2027,47,-13.904406,0.0,0.0
Preston Guilmet,7303,2027,39,-12.366785,0.0,0.0
Casey Janssen,7355,2027,45,-13.576667,0.0,0.0
Dan Otero,7385,2027,42,-13.010438,0.0,0.0
Javy Guerra,7407,2027,41,-12.800667,0.0,0.0
J.A. Happ,7410,2027,44,-13.397512,0.0,0.0
Austin Adams,7411,2027,40,-12.621667,0.0,0.0
Mark Lowe,7416,2027,44,-13.397512,0.0,0.0
Bradin Hagens,7422,2027,38,-12.128008,0.0,0.0
Wade Davis,7441,2027,41,-12.800667,0.0,0.0
Jim Miller,7458,2027,45,-13.576667,0.0,0.0
Anthony Swarzak,7466,2027,41,-12.800667,0.0,0.0
Ryan Webb,7474,2027,41,-12.800667,0.0,0.0
Scott Elbert,7489,2027,41,-12.77859,0.0,0.0
Tommy Layne,7501,2027,42,-13.010438,0.0,0.0
Evan Scribner,7525,2027,41,-12.800667,0.0,0.0
Collin McHugh,7531,2027,40,-12.579227,0.0,0.0
Lucas Harrell,7541,2027,42,-13.010438,0.0,0.0
Jake McGee,7550,2027,40,-12.579227,0.0,0.0
Jarrett Grube,7553,2027,45,-13.6004095,0.0,0.0
Nick Vincent,7555,2027,40,-12.579227,0.0,0.0
Fernando Rodriguez,7558,2027,43,-13.189164,0.0,0.0
Tommy Milone,7608,2027,40,-12.579227,0.0,0.0
Chris Leroux,7645,2027,43,-13.208065,0.0,0.0
Neil Ramirez,7677,2027,38,-12.128008,0.0,0.0
Bobby LaFromboise,7758,2027,41,-12.822094,0.0,0.0
Yoslan Herrera,7759,2027,46,-13.675399,0.0,0.0
Shawn Kelley,7773,2027,43,-13.208065,0.0,0.0
Hunter Strickland,7836,2027,38,-12.128008,0.0,0.0
Jerry Blevins,7841,2027,43,-13.208065,0.0,0.0
Josh Lindblom,7882,2027,40,-12.579227,0.0,0.0
Matt Daley,7952,2027,45,-13.559455,0.0,0.0
Matt West,7980,2027,38,-12.128008,0.0,0.0
Anthony Bass,7982,2027,39,-12.224466,0.0,0.0
Ramon Ramirez,7986,2027,45,-13.576667,0.0,0.0
Paul Clemens,8037,2027,39,-12.366785,0.0,0.0
Glen Perkins,8041,2027,44,-13.397512,0.0,0.0
Jason Vargas,8044,2027,44,-13.397512,0.0,0.0
Will Smith,8048,2027,37,-11.800815,0.0,0.0
Dan Jennings,8073,2027,40,-12.579227,0.0,0.0
Stephen Fife,8077,2027,40,-12.579227,0.0,0.0
Bryan Shaw,8110,2027,39,-12.340886,0.0,0.0
Neil Wagner,8162,2027,43,-13.18866,0.0,0.0
Kevin Siegrist,8180,2027,37,-11.831495,0.0,0.0
Steven Wright,8185,2027,42,-13.030605,0.0,0.0
David Robertson,8241,2027,42,-13.010438,0.0,0.0
J.P. Howell,8245,2027,44,-13.397512,0.0,0.0
Billy Buckner,8253,2027,43,-13.170327,0.0,0.0
Huston Street,8258,2027,43,-13.208065,0.0,0.0
Casey Coleman,8270,2027,39,-12.313233,0.0,0.0
Tony Sipp,8280,2027,43,-13.208065,0.0,0.0
Lucas Luetge,8337,2027,40,-12.579227,0.0,0.0
Jared Burton,8346,2027,46,-13.7448435,0.0,0.0
AJ Ramos,8350,2027,40,-12.579227,0.0,0.0
Troy Patton,8368,2027,41,-12.800667,0.0,0.0
Steve Geltz,8402,2027,39,-12.349078,0.0,0.0
Alfredo Figaro,8404,2027,42,-12.9738,0.0,0.0
Bryan Price,8436,2027,40,-12.621667,0.0,0.0
Danny Farquhar,8501,2027,40,-12.561706,0.0,0.0
Jeff Beliveau,8504,2027,40,-12.579227,0.0,0.0
Michael Kohn,8505,2027,41,-12.782782,0.0,0.0
Rob Wooten,8532,2027,41,-12.822094,0.0,0.0
Justin Miller,8580,2027,40,-12.621667,0.0,0.0
Dustin McGowan,8600,2027,45,-13.559455,0.0,0.0
Wilking Rodriguez,8801,2027,37,-11.849277,0.0,0.0
Ryan Cook,8855,2027,40,-12.579227,0.0,0.0
David Martinez,8893,2027,39,-12.366785,0.0,0.0
Arquimedes Caminero,8992,2027,40,-12.60231,0.0,0.0
Adam Warren,9029,2027,39,-12.340886,0.0,0.0
John Axford,9059,2027,44,-13.397512,0.0,0.0
Kirby Yates,9073,2027,40,-12.621667,0.0,0.0
Zach Putnam,9080,2027,39,-12.340886,0.0,0.0
T.J. House,9121,2027,37,-11.849277,0.0,0.0
Charlie Leesman,9124,2027,40,-12.60231,0.0,0.0
Sean O'Sullivan,9137,2027,39,-12.323557,0.0,0.0
Lester Oliveros,9167,2027,39,-12.313233,0.0,0.0
Kyle Lobstein,9178,2027,37,-11.849277,0.0,0.0
Vic Black,9195,2027,39,-12.366785,0.0,0.0
Koji Uehara,9227,2027,52,-14.616551,0.0,0.0
Alex Wilson,9239,2027,40,-12.60231,0.0,0.0
David Carpenter,9244,2027,39,-12.340886,0.0,0.0
Ryan Dennick,9261,2027,40,-12.621667,0.0,0.0
Rob Scahill,9286,2027,40,-12.579227,0.0,0.0
Dylan Axelrod,9303,2027,41,-12.800667,0.0,0.0
Jared Hughes,9325,2027,41,-12.800667,0.0,0.0
Brandon Morrow,9346,2027,42,-13.010438,0.0,0.0
Josh Tomlin,9388,2027,42,-13.010438,0.0,0.0
John Holdzkom,9392,2027,39,-12.384997,0.0,0.0
Zac Rosscup,9419,2027,39,-12.366785,0.0,0.0
Ryan Buchter,9456,2027,40,-12.621667,0.0,0.0
George Kontos,9486,2027,42,-13.010438,0.0,0.0
Phil Irwin,9489,2027,40,-12.60231,0.0,0.0
Jeremy Jeffress,9490,2027,39,-12.340886,0.0,0.0
Jose Ortega,9651,2027,38,-12.081279,0.0,0.0
Louis Coleman,9720,2027,41,-12.800667,0.0,0.0
Burke Badenhop,9736,2027,44,-13.397512,0.0,0.0
Rex Brothers,9794,2027,39,-12.340886,0.0,0.0
Miles Mikolas,9803,2027,38,-12.081279,0.0,0.0
Sergio Romo,9817,2027,44,-13.397512,0.0,0.0
Chaz Roe,9866,2027,40,-12.60231,0.0,0.0
Bryan Anderson,9871,2027,40,-11.89246,0.0,0.0
Michael Kirkman,9877,2027,40,-12.579227,0.0,0.0
Chris Rusin,9895,2027,40,-12.579227,0.0,0.0
Bobby Parnell,9926,2027,42,-13.010438,0.0,0.0
Brandon Kintzler,9939,2027,42,-13.010438,0.0,0.0
Todd Redmond,9943,2027,42,-13.010438,0.0,0.0
Mike Dunn,9948,2027,42,-13.010438,0.0,0.0
Tom Wilhelmsen,9975,2027,43,-13.208065,0.0,0.0
Taylor Thompson,10019,2027,40,-12.621667,0.0,0.0
Ian Krol,10066,2027,36,-11.531353,0.0,0.0
Caleb Thielbar,10078,2027,40,-12.60231,0.0,0.0
Keith Butler,10080,2027,38,-12.109017,0.0,0.0
Dane de la Rosa,10095,2027,44,-13.397512,0.0,0.0
Brad Boxberger,10133,2027,39,-12.340886,0.0,0.0
Aaron Crow,10149,2027,40,-12.579227,0.0,0.0
Jose Ramirez,10171,2027,37,-11.849277,0.0,0.0
Melvin Mercedes,10181,2027,36,-11.547148,0.0,0.0
Tyler Skaggs,10190,2027,35,-11.171415,0.0,0.0
Aroldis Chapman,10233,2027,39,-12.340886,0.0,0.0
Bryan Morris,10234,2027,40,-12.579227,0.0,0.0
Alexi Ogando,10261,2027,43,-13.208065,0.0,0.0
Justin Marks,10265,2027,39,-12.384997,0.0,0.0
Tanner Scheppers,10267,2027,40,-12.579227,0.0,0.0
Chris Heston,10302,2027,39,-12.384997,0.0,0.0
Roman Mendez,10307,2027,36,-11.547148,0.0,0.0
Erasmo Ramirez,10314,2027,37,-11.800815,0.0,0.0
Michael Tonkin,10315,2027,37,-11.831495,0.0,0.0
Chad Jenkins,10326,2027,39,-12.340886,0.0,0.0
Nick Christiani,10332,2027,39,-12.366785,0.0,0.0
Edwin Escobar,10337,2027,35,-11.222853,0.0,0.0
Aaron Loup,10343,2027,39,-12.340886,0.0,0.0
Carlos Contreras,10386,2027,36,-11.547148,0.0,0.0
Wilfredo Tovar,10416,2027,35,-11.360577,0.0,0.0
Shawn Tolleson,10481,2027,39,-12.340886,0.0,0.0
Yoervis Medina,10498,2027,38,-12.109017,0.0,0.0
Preston Claiborne,10500,2027,39,-12.366785,0.0,0.0
Mario Hollands,10504,2027,38,-12.128008,0.0,0.0
Jake Petricka,10534,2027,39,-12.366785,0.0,0.0
Daniel Webb,10558,2027,37,-11.831495,0.0,0.0
Addison Reed,10586,2027,38,-12.081279,0.0,0.0
Chad Bettis,10587,2027,38,-12.109017,0.0,0.0
Chris Sale,10603,2027,38,-12.081279,0.0,0.0
Seth Rosin,10606,2027,38,-12.128008,0.0,0.0
Stephen Pryor,10663,2027,37,-11.800815,0.0,0.0
Red Patterson,10710,2027,40,-12.621667,0.0,0.0
Trevor Rosenthal,10745,2027,37,-11.800815,0.0,0.0
Shane Greene,10756,2027,38,-12.128008,0.0,0.0
Josh Edgin,10796,2027,40,-12.579227,0.0,0.0
Jake Dunning,10803,2027,38,-12.109017,0.0,0.0
Mike Foltynewicz,10811,2027,35,-11.222853,0.0,0.0
Michael Mariot,10835,2027,38,-12.128008,0.0,0.0
Chasen Shreve,10855,2027,36,-11.547148,0.0,0.0
Jake Buchanan,10962,2027,37,-11.849277,0.0,0.0
Ben Rowen,10983,2027,38,-12.128008,0.0,0.0
C.J. Riefenhauser,11193,2027,37,-11.849277,0.0,0.0
Casey Sadler,11209,2027,36,-11.547148,0.0,0.0
Kevin Chapman,11240,2027,39,-12.366785,0.0,0.0
Aaron Barrett,11243,2027,39,-12.384997,0.0,0.0
Rob Rasmussen,11250,2027,38,-12.128008,0.0,0.0
Logan Darnell,11261,2027,38,-12.128008,0.0,0.0
Lisalverto Bonilla,11266,2027,37,-11.849277,0.0,0.0
Sean Nolin,11341,2027,37,-11.831495,0.0,0.0
A.J. Achter,11387,2027,38,-12.128008,0.0,0.0
Drew Pomeranz,11426,2027,38,-12.081279,0.0,0.0
Brandon Workman,11428,2027,38,-12.109017,0.0,0.0
Bryan Mitchell,11479,2027,36,-11.547148,0.0,0.0
Aaron Sanchez,11490,2027,34,-10.872782,0.0,0.0
Jose Dominguez,11571,2027,36,-11.531353,0.0,0.0
Mike Kickham,11618,2027,38,-12.109017,0.0,0.0
Heath Hembree,11632,2027,38,-12.109017,0.0,0.0
Sam Dyson,11710,2027,39,-12.340886,0.0,0.0
Erik Goeddel,11712,2027,38,-12.128008,0.0,0.0
Justin Grimm,11720,2027,38,-12.081279,0.0,0.0
Kyle Ryan,11753,2027,35,-11.222853,0.0,0.0
Drew Smyly,11760,2027,38,-12.081279,0.0,0.0
Hector Neris,11804,2027,38,-12.128008,0.0,0.0
Steve Delabar,11827,2027,43,-13.208065,0.0,0.0
James Paxton,11828,2027,38,-12.109017,0.0,0.0
Taijuan Walker,11836,2027,34,-10.856787,0.0,0.0
Chris Martin,11847,2027,41,-12.843197,0.0,0.0
Brett Bochy,11867,2027,39,-12.384997,0.0,0.0
Scott Snodgress,12020,2027,37,-11.849277,0.0,0.0
Brian Flynn,12027,2027,37,-11.831495,0.0,0.0
Yimi Garcia,12095,2027,36,-11.547148,0.0,0.0
Matt Stites,12165,2027,37,-11.849277,0.0,0.0
Cody Allen,12183,2027,38,-12.081279,0.0,0.0
Aaron Brooks,12272,2027,37,-11.849277,0.0,0.0
Leonel Campos,12277,2027,39,-12.384997,0.0,0.0
Evan Marshall,12297,2027,37,-11.849277,0.0,0.0
Chris Bassitt,12304,2027,38,-12.128008,0.0,0.0
Kevin Quackenbush,12360,2027,38,-12.128008,0.0,0.0
Spencer Patton,12361,2027,39,-12.384997,0.0,0.0
Drew Rucinski,12499,2027,38,-12.128008,0.0,0.0
Erik Johnson,12520,2027,37,-11.831495,0.0,0.0
Nick Maronde,12530,2027,37,-11.800815,0.0,0.0
Nathan Karns,12638,2027,39,-12.366785,0.0,0.0
Roenis Elias,12673,2027,38,-12.128008,0.0,0.0
Phil Klein,12675,2027,38,-12.128008,0.0,0.0
Trevor Bauer,12703,2027,36,-11.497062,0.0,0.0
Nick Martinez,12730,2027,36,-11.547148,0.0,0.0
Sonny Gray,12768,2027,37,-11.831495,0.0,0.0
Jairo Diaz,12774,2027,36,-11.547148,0.0,0.0
Carter Capps,12803,2027,36,-11.497062,0.0,0.0
Matt Barnes,12863,2027,37,-11.849277,0.0,0.0
Alex Claudio,12890,2027,35,-11.222853,0.0,0.0
Ken Giles,12910,2027,36,-11.547148,0.0,0.0
Wei-Yin Chen,13071,2027,41,-12.800667,0.0,0.0
Frank Garces,13144,2027,37,-11.849277,0.0,0.0
Carson Smith,13172,2027,37,-11.849277,0.0,0.0
Danny Coulombe,13293,2027,37,-11.849277,0.0,0.0
Cam Bedrosian,13360,2027,35,-11.222853,0.0,0.0
Paco Rodriguez,13398,2027,36,-11.497062,0.0,0.0
R.J. Alvarez,13401,2027,36,-11.547148,0.0,0.0
Drew VerHagen,13424,2027,36,-11.547148,0.0,0.0
Marcus Stroman,13431,2027,36,-11.547148,0.0,0.0
Mike Morin,13442,2027,36,-11.547148,0.0,0.0
Daniel Norris,13475,2027,34,-10.872782,0.0,0.0
Sam Tuivailala,13485,2027,34,-10.872782,0.0,0.0
Chad Smith,13604,2027,37,-11.849277,0.0,0.0
Michael Roth,13736,2027,37,-11.831495,0.0,0.0
Dominic Leone,13763,2027,35,-11.222853,0.0,0.0
Ian Thomas,13881,2027,40,-12.621667,0.0,0.0
Kevin Gausman,14107,2027,36,-11.531353,0.0,0.0
Shae Simmons,14200,2027,36,-11.547148,0.0,0.0
Dario Alvarez,14239,2027,38,-12.128008,0.0,0.0
Wei-Chung Wang,14382,2027,35,-11.222853,0.0,0.0
Kyuji Fujikawa,14443,2027,46,-13.748205,0.0,0.0
Buck Farmer,14814,2027,36,-11.547148,0.0,0.0
Corey Knebel,15010,2027,35,-11.222853,0.0,0.0
Kyle Crockett,15033,2027,35,-11.222853,0.0,0.0
Kendall Graveman,15514,2027,36,-11.547148,0.0,0.0
Miguel Gonzalez,15675,2027,40,-12.621667,0.0,0.0
Brandon Finnegan,16208,2027,34,-10.872782,0.0,0.0
Avisail Garcia,5760,2027,36,-9.705092,0.0,0.0
David Murphy,6035,2027,45,-13.00907,0.0,0.0
Jeff Baker,2073,2027,46,-13.847448,0.0,0.0
Zach Walters,10622,2027,37,-11.783372,0.0,0.0
Geovany Soto,3707,2027,44,-13.266658,0.0,0.0
Brad Snyder,6052,2027,45,-13.454944,0.0,0.0
Reid Brignac,8380,2027,41,-12.269275,0.0,0.0
Brayan Pena,3231,2027,45,-12.708624,0.0,0.0
Daniel Descalso,8392,2027,40,-11.508767,0.0,0.0
Xavier Nady,1658,2027,48,-14.390693,0.0,0.0
Michael A. Taylor,11489,2027,36,-13.560733,0.0,0.0
Adam Moore,9362,2027,43,-12.796261,0.0,0.0
Jake Goebbert,9431,2027,39,-9.358155,0.0,0.0
Elian Herrera,5432,2027,42,-10.995526,0.0,0.0
Steve Clevenger,9542,2027,41,-13.228539,0.0,0.0
Steven Souza Jr.,5667,2027,38,-12.508717,0.0,0.0
Chris Valaika,1165,2027,41,-12.505807,0.0,0.0
Dan Butler,9968,2027,40,-13.006623,0.0,0.0
Logan Forsythe,7185,2027,40,-11.99333,0.0,0.0
Wil Myers,10047,2027,36,-8.985301,0.0,0.0
Jedd Gyorko,10816,2027,38,-11.627816,0.0,0.0
J.T. Realmuto,11739,2027,36,-11.971932,0.0,0.0
Moises Sierra,6050,2027,38,-11.274535,0.0,0.0
Ian Stewart,5950,2027,42,-10.724523,0.0,0.0
Xavier Scruggs,7409,2027,39,-12.755871,0.0,0.0
Christian Walker,13419,2027,36,-7.7322497,0.0,0.0
Joaquin Arias,3817,2027,42,-12.380074,0.0,0.0
Yolmer Sanchez,11602,2027,35,-9.959144,0.0,0.0
Jason Bourgeois,2225,2027,45,-12.252425,0.0,0.0
Andy Marte,3203,2027,43,-12.32213,0.0,0.0
Tuffy Gosewisch,5277,2027,43,-13.605333,0.0,0.0
Freddy Galvis,6609,2027,37,-9.602493,0.0,0.0
Austin Romine,5491,2027,38,-12.40853,0.0,0.0
Carlos Triunfel,193,2027,37,-11.747791,0.0,0.0
Dean Anna,8353,2027,40,-11.660279,0.0,0.0
Nate McLouth,3190,2027,45,-8.525892,0.0,0.0
Justin Sellers,4006,2027,41,-12.553563,0.0,0.0
Vince Belnome,8126,2027,39,-12.384997,0.0,0.0
Curt Casali,12510,2027,38,-12.440949,0.0,0.0
Raffy Lopez,12606,2027,39,-12.384997,0.0,0.0
Jim Adduci,6448,2027,42,-6.6787796,0.0,0.0
Jake Elmore,7290,2027,40,-11.662207,0.0,0.0
Luis Jimenez,6341,2027,39,-11.279333,0.0,0.0
Danny Worth,198,2027,41,-12.2192745,0.0,0.0
Hector Gomez,2264,2027,39,-9.816933,0.0,0.0
Jorge De La Rosa,2047,2027,46,-13.7448435,0.0,0.0
Alfredo Simon,2155,2027,46,-13.7448435,0.0,0.0
Johnny Cueto,6893,2027,41,-12.800667,0.0,0.0
Franklin Morales,5088,2027,41,-12.800667,0.0,0.0
Brandon McCarthy,4662,2027,43,-13.208065,0.0,0.0
Kyle Lohse,739,2027,48,-14.053007,0.0,0.0
Ervin Santana,3200,2027,44,-13.397512,0.0,0.0
Gio Gonzalez,7448,2027,41,-12.800667,0.0,0.0
Jeff Locke,2929,2027,39,-12.340886,0.0,0.0
Francisco Liriano,3201,2027,43,-13.208065,0.0,0.0
Trevor Cahill,6249,2027,39,-12.340886,0.0,0.0
Yohan Flande,5057,2027,41,-12.843197,0.0,0.0
Mat Latos,3815,2027,39,-12.358154,0.0,0.0
Gavin Floyd,3886,2027,44,-13.397512,0.0,0.0
Tim Lincecum,5705,2027,43,-13.208065,0.0,0.0
Mike Bolsinger,11137,2027,39,-12.384997,0.0,0.0
Brett Jackson,9632,2027,38,-11.924466,0.0,0.0
Tyler Chatwood,4338,2027,37,-11.800815,0.0,0.0
Jesse Hahn,13287,2027,37,-11.849277,0.0,0.0
Joey Butler,7799,2027,41,-12.576433,0.0,0.0
Vidal Nuno,9674,2027,39,-12.366785,0.0,0.0
Tsuyoshi Wada,13046,2027,46,-13.758534,0.0,0.0
Mike Baxter,4464,2027,42,-13.172071,0.0,0.0
David Hale,9756,2027,39,-12.366785,0.0,0.0
Jamey Wright,715,2027,52,-14.616551,0.0,0.0
R.A. Dickey,1245,2027,52,-14.621482,0.0,0.0
Rick Porcello,2717,2027,38,-12.081279,0.0,0.0
Danny Duffy,3542,2027,38,-12.081279,0.0,0.0
Carlos Frias,3547,2027,37,-11.849277,0.0,0.0
Jon Lester,4930,2027,43,-13.208065,0.0,0.0
Tony Abreu,5053,2027,42,-12.840361,0.0,0.0
Chris Tillman,5279,2027,39,-12.340886,0.0,0.0
Brad Peacock,5401,2027,39,-12.323557,0.0,0.0
Jair Jurrjens,5556,2027,41,0.76643336,0.0,0.0
Jose Constanza,6003,2027,43,-11.942455,0.0,0.0
David Phelps,6316,2027,40,-12.579227,0.0,0.0
Stolmy Pimentel,6415,2027,37,-11.831495,0.0,0.0
Chase d'Arnaud,6652,2027,40,-12.421238,0.0,0.0
Miguel Gonzalez,7024,2027,43,-13.208065,0.0,0.0
Phil Hughes,7450,2027,41,-12.800667,0.0,0.0
Carlos Torres,7624,2027,44,-13.397512,0.0,0.0
David Holmberg,7725,2027,35,-11.206701,0.0,0.0
Matt Hague,7772,2027,41,-12.413565,0.0,0.0
Jaff Decker,7945,2027,37,-11.73898,0.0,0.0
Guillermo Quiroz,7989,2027,45,-13.806639,0.0,0.0
Nick Greenwood,8182,2027,39,-12.384997,0.0,0.0
Cord Phelps,8631,2027,40,-12.805605,0.0,0.0
Ali Solis,8848,2027,39,-12.349078,0.0,0.0
Garrett Richards,9784,2027,39,-12.340886,0.0,0.0
Kevin Slowey,9918,2027,43,-13.18866,0.0,0.0
Lane Adams,10767,2027,37,-10.698501,0.0,0.0
Eric Jokisch,11157,2027,37,-11.849277,0.0,0.0
Aaron Altherr,11270,2027,36,-11.547148,0.0,0.0
Tommy Kahnle,11384,2027,37,-11.849277,0.0,0.0
Jose Quintana,11423,2027,38,-12.081279,0.0,0.0
Anthony Ranaudo,11424,2027,37,-11.849277,0.0,0.0
Rafael Montero,12760,2027,36,-11.547148,0.0,0.0
Eddie Butler,13453,2027,36,-11.547148,0.0,0.0
Matthew Clark,8793,2027,40,-12.845247,0.0,0.0
C.J. Cron,12546,2027,37,-12.221135,0.0,0.0
Kurt Suzuki,8259,2027,43,-13.318423,0.0,0.0
Eric Hosmer,3516,2027,37,-10.89345,0.0,0.0
Ryan Howard,2154,2027,47,-14.223375,0.0,0.0
Bobby Abreu,945,2027,53,-14.03531,0.0,0.0
Lyle Overbay,1617,2027,50,-14.069383,0.0,0.0
Grant Green,10053,2027,39,-12.045972,0.0,0.0
Alex Presley,5305,2027,41,-10.220347,0.0,0.0
Don Kelly,2216,2027,47,-11.934329,0.0,0.0
Gordon Beckham,9015,2027,40,-12.245385,0.0,0.0
Justin Smoak,9054,2027,40,-12.811134,0.0,0.0
Cole Gillespie,5888,2027,43,-10.943313,0.0,0.0
Donnie Murphy,4704,2027,44,-12.813286,0.0,0.0
Adam Duvall,10950,2027,38,-9.372078,0.0,0.0
Roger Bernadina,6421,2027,43,-11.601344,0.0,0.0
Jerry Sands,4016,2027,39,-12.568999,0.0,0.0
Koyie Hill,1829,2027,48,-14.118262,0.0,0.0
Tyler Pastornicky,6777,2027,37,-10.993049,0.0,0.0
Logan Schafer,7937,2027,40,-10.295159,0.0,0.0
Zelous Wheeler,8822,2027,40,-12.94349,0.0,0.0
Omar Quintanilla,6335,2027,45,-13.767303,0.0,0.0
Yorman Rodriguez,9922,2027,34,-11.701184,0.0,0.0
Jack Hannahan,3692,2027,47,-14.037424,0.0,0.0
John McDonald,395,2027,52,-14.329217,0.0,0.0
Taylor Teagarden,5199,2027,43,-13.2067,0.0,0.0
Brent Morel,6402,2027,40,-11.298949,0.0,0.0
Sandy Leon,5273,2027,38,-12.384699,0.0,0.0
Rafael Furcal,88,2027,49,-13.076375,0.0,0.0
Jason Rogers,11773,2027,39,-12.384997,0.0,0.0
Brooks Conrad,3664,2027,47,-13.267271,0.0,0.0
Guilder Rodriguez,3412,2027,43,-12.653067,0.0,0.0
Zoilo Almonte,6732,2027,38,-6.6928754,0.0,0.0
Ryan Roberts,5653,2027,46,-13.788342,0.0,0.0
Darin Mastroianni,7316,2027,41,-10.715309,0.0,0.0
Irving Falu,6165,2027,44,-12.007969,0.0,0.0
Marco Scutaro,1555,2027,51,-14.083218,0.0,0.0
Yovani Gallardo,8173,2027,41,-12.800667,0.0,0.0
Tanner Roark,8753,2027,40,-12.60231,0.0,0.0
Julio Teheran,6797,2027,36,-11.497062,0.0,0.0
Lance Lynn,2520,2027,40,-12.579227,0.0,0.0
Eric Stults,8011,2027,47,-13.904406,0.0,0.0
Zack Wheeler,10310,2027,37,-11.831495,0.0,0.0
Alex Wood,13781,2027,36,-11.531353,0.0,0.0
Vance Worley,6435,2027,39,-12.340886,0.0,0.0
Juan Nicasio,7731,2027,40,-12.579227,0.0,0.0
Alex Guerrero,15670,2027,40,-10.855196,0.0,0.0
Cristhian Adames,6013,2027,35,-11.620782,0.0,0.0
Yusmeiro Petit,4020,2027,42,-13.010438,0.0,0.0
Mike Fiers,7754,2027,42,-13.010438,0.0,0.0
Christian Bergman,10925,2027,39,-12.384997,0.0,0.0
Ronny Cedeno,2179,2027,44,-13.1310625,0.0,0.0
Carlos Villanueva,4138,2027,43,-13.208065,0.0,0.0
Alexi Casilla,5248,2027,42,-11.086385,0.0,0.0
Jenrry Mejia,8476,2027,37,-11.800815,0.0,0.0
Ryan Lavarnway,8879,2027,39,-12.728986,0.0,0.0
Carlos Gonzalez,7287,2027,41,-10.408729,0.0,0.0
Dan Johnson,2167,2027,47,-13.920609,0.0,0.0
Ryan Wheeler,9312,2027,38,-12.196889,0.0,0.0
Andrew Brown,3837,2027,42,-13.09448,0.0,0.0
Cesar Hernandez,10556,2027,37,-10.446782,0.0,0.0
Chris Nelson,8175,2027,41,-11.165935,0.0,0.0
Miguel Olivo,1638,2027,48,-13.877976,0.0,0.0
Donald Lutz,10154,2027,38,-10.843415,0.0,0.0
Juan Centeno,7168,2027,37,-11.888028,0.0,0.0
Erisbel Arruebarrena,15809,2027,37,-10.04029,0.0,0.0
Caleb Gindl,5002,2027,38,-12.329899,0.0,0.0
Andrew Cashner,8782,2027,40,-12.190784,0.0,0.0
Kyle Parker,11763,2027,37,-11.561933,0.0,0.0
Maikel Franco,12179,2027,34,-9.231657,0.0,0.0
Elliot Johnson,4751,2027,43,-10.476444,0.0,0.0
Jeff Francoeur,4792,2027,43,-11.879356,0.0,0.0
Xavier Paul,5963,2027,42,-13.154124,0.0,0.0
Jamie Romak,5552,2027,41,-12.843197,0.0,0.0
Nathan Eovaldi,9132,2027,37,-11.800815,0.0,0.0
Brad Glenn,7392,2027,40,-13.031154,0.0,0.0
Doug Fister,9425,2027,43,-13.208065,0.0,0.0
Roberto Hernandez,3273,2027,46,-13.7448435,0.0,0.0
Matt Garza,3340,2027,43,-13.208065,0.0,0.0
Tim Hudson,921,2027,51,-14.4828205,0.0,0.0
Charlie Morton,4676,2027,43,-13.208065,0.0,0.0
Dillon Gee,7396,2027,41,-12.800667,0.0,0.0
Brad Hand,9111,2027,37,-11.800815,0.0,0.0
Michael Wacha,14078,2027,35,-11.206701,0.0,0.0
Odrisamer Despaigne,16017,2027,40,-12.621667,0.0,0.0
Jake Peavy,1051,2027,46,-13.7448435,0.0,0.0
Josh Rutledge,11167,2027,38,-8.4966545,0.0,0.0
Prince Fielder,4613,2027,43,-13.543065,0.0,0.0
Ryan Ludwick,1260,2027,48,-14.038695,0.0,0.0
Grady Sizemore,2197,2027,44,-11.2734165,0.0,0.0
Jay Bruce,9892,2027,40,-8.028275,0.0,0.0
Jose Tabata,2411,2027,38,-11.737089,0.0,0.0
Ryan Kalish,6962,2027,39,-8.865417,0.0,0.0
Mike Aviles,5986,2027,46,-8.361364,0.0,0.0
Logan Watkins,4875,2027,37,-8.622677,0.0,0.0
Josh Thole,9689,2027,40,-12.260556,0.0,0.0
Junior Lake,4672,2027,37,-6.6627536,0.0,0.0
Eric Fryer,8145,2027,41,-10.990963,0.0,0.0
John Buck,2041,2027,46,-13.657532,0.0,0.0
Roger Kieschnick,5225,2027,40,-11.176635,0.0,0.0
Mark Ellis,1443,2027,50,-12.007929,0.0,0.0
Alex Gonzalez,520,2027,50,-14.242585,0.0,0.0
Shane Robinson,4249,2027,42,-12.543325,0.0,0.0
Josh Satin,6788,2027,42,-13.415135,0.0,0.0
Michael Martinez,7358,2027,44,-13.483117,0.0,0.0
Tim Federowicz,8609,2027,39,-12.213186,0.0,0.0
Chris Dominguez,9718,2027,40,-12.690622,0.0,0.0
Aaron Harang,1451,2027,49,-14.196073,0.0,0.0
Wily Peralta,7738,2027,38,-12.081279,0.0,0.0
Tom Koehler,6570,2027,41,-12.800667,0.0,0.0
Edinson Volquez,3990,2027,43,-13.208065,0.0,0.0
Chase Anderson,6895,2027,39,-12.384997,0.0,0.0
Mark Trumbo,6876,2027,41,-12.139708,0.0,0.0
Josmil Pinto,6806,2027,38,-12.214558,0.0,0.0
Carlos Beltran,589,2027,50,-13.575381,0.0,0.0
Billy Butler,7399,2027,41,-13.108942,0.0,0.0
Aaron Hill,6104,2027,45,-12.39799,0.0,0.0
Mitch Moreland,3086,2027,41,-13.242893,0.0,0.0
Adrian Nieto,10294,2027,37,-11.897184,0.0,0.0
Anthony Recker,4063,2027,43,-12.050304,0.0,0.0
Reed Johnson,1702,2027,50,-14.17162,0.0,0.0
Kevin Frandsen,7528,2027,45,-13.731679,0.0,0.0
Mike Olt,10698,2027,38,-11.94668,0.0,0.0
Jason Giambi,818,2027,56,-15.363237,0.0,0.0
Jesus Guzman,3118,2027,43,-11.723316,0.0,0.0
Nick Ahmed,12147,2027,37,-11.4465,0.0,0.0
Brennan Boesch,914,2027,42,-9.075823,0.0,0.0
Juan Perez,5371,2027,40,-12.334408,0.0,0.0
Cameron Rupp,11146,2027,38,-12.410764,0.0,0.0
Daric Barton,5928,2027,41,-12.607486,0.0,0.0
Greg Dobbs,2158,2027,48,-14.219579,0.0,0.0
JB Shuck,6677,2027,40,-8.659355,0.0,0.0
Andy Wilkins,11251,2027,38,-10.944503,0.0,0.0
Eli Whiteside,3536,2027,47,-10.177304,0.0,0.0
Neftali Soto,5663,2027,38,-11.434766,0.0,0.0
Domingo Santana,10348,2027,34,-5.4883227,0.0,0.0
Chris Colabello,13051,2027,43,-12.770216,0.0,0.0
Cody Ross,1760,2027,46,-13.552897,0.0,0.0
J.P. Arencibia,697,2027,41,-13.158557,0.0,0.0
Marc Krauss,7577,2027,39,-12.676514,0.0,0.0
Carlos Quentin,6274,2027,44,-13.837755,0.0,0.0
Rymer Liriano,4779,2027,36,-8.239749,0.0,0.0
Scott Hairston,1926,2027,47,-13.696327,0.0,0.0
Mike Carp,7480,2027,41,-12.713776,0.0,0.0
Ryan Goins,9807,2027,39,-12.55994,0.0,0.0
Carlos Pena,934,2027,49,-13.08238,0.0,0.0
Jesus Aguilar,11342,2027,37,-12.277258,0.0,0.0
Bartolo Colon,375,2027,54,-14.9042635,0.0,0.0
Ryan Doumit,2113,2027,46,-13.555211,0.0,0.0
Christian Bethancourt,10028,2027,35,-10.2786255,0.0,0.0
L.J. Hoes,6656,2027,37,-11.017466,0.0,0.0
Brendan Ryan,6073,2027,45,-13.044866,0.0,0.0
Jeff Bianchi,9958,2027,40,-12.609937,0.0,0.0
Dioner Navarro,3179,2027,43,-13.187701,0.0,0.0
Jason Kubel,2161,2027,45,-12.856076,0.0,0.0
Skip Schumaker,3704,2027,47,-13.245269,0.0,0.0
Stephen Drew,4251,2027,44,-13.258111,0.0,0.0
Chris Herrmann,9284,2027,39,-11.277452,0.0,0.0
Justin Maxwell,6827,2027,43,-11.96673,0.0,0.0
Dayan Viciedo,3917,2027,38,-12.333447,0.0,0.0
Jon Singleton,10441,2027,35,-9.409997,0.0,0.0
Alfonso Soriano,847,2027,51,-12.484042,0.0,0.0
Corey Hart,1945,2027,45,-12.864681,0.0,0.0
Oscar Taveras,11173,2027,35,-11.364446,0.0,0.0
Will Middlebrooks,7002,2027,38,-11.808531,0.0,0.0
Alfredo Marte,5212,2027,38,-11.723901,0.0,0.0
Dan Uggla,3442,2027,47,-13.585381,0.0,0.0
Jayson Nix,3790,2027,44,-10.708987,0.0,0.0
Paul Konerko,242,2027,51,-14.760914,0.0,0.0
Nate Schierholtz,6201,2027,43,-11.668021,0.0,0.0
Tomas Telis,10067,2027,36,-7.7322497,0.0,0.0
Charlie Culberson,3298,2027,38,-9.103056,0.0,0.0
Tony Gwynn,6141,2027,44,-11.172941,0.0,0.0
Domonic Brown,3154,2027,39,-11.166805,0.0,0.0
Jordan Pacheco,2677,2027,41,-13.167727,0.0,0.0
John Baker,4756,2027,46,-13.987381,0.0,0.0
Brett Hayes,4293,2027,43,-12.775035,0.0,0.0
Raul Ibanez,607,2027,55,-14.157134,0.0,0.0
Stefen Romero,11746,2027,38,-11.846551,0.0,0.0
A.J. Pierzynski,746,2027,50,-14.518795,0.0,0.0
Matt Dominguez,4903,2027,37,-12.060885,0.0,0.0
Alberto Callaspo,3336,2027,44,-13.561455,0.0,0.0
Ryan Raburn,2218,2027,46,-14.014602,0.0,0.0
Bryan Holaday,11287,2027,39,-12.014818,0.0,0.0
Tony Cruz,2802,2027,40,-12.229995,0.0,0.0
Kendrys Morales,8610,2027,44,-13.783561,0.0,0.0
Allen Craig,3433,2027,42,-12.95079,0.0,0.0
Gerald Laird,1698,2027,47,-14.1190605,0.0,0.0
Nick Swisher,4599,2027,46,-13.853333,0.0,0.0
A.J. Ellis,5677,2027,46,-14.015728,0.0,0.0
Jarrod Saltalamacchia,5557,2027,42,-12.870948,0.0,0.0
Michael Choice,11376,2027,37,-12.000742,0.0,0.0
Mookie Betts,13611,2028,35,8.496005,36.52707290649414,8.648784637451172
Jose Ramirez,13510,2028,35,8.354561,36.057437896728516,8.427470207214355
Arismendy Alcantara,10711,2028,36,7.6874704,34.46536636352539,8.180460929870605
Gregory Polanco,12907,2028,36,7.4229736,34.055274963378906,8.10860824584961
Mike Trout,10155,2028,36,7.406274,33.80492401123047,7.971535682678223
Christian Yelich,11477,2028,36,7.3167744,33.71139144897461,7.9866623878479
Luis Sardinas,13153,2028,35,7.0485625,32.39606857299805,7.776497840881348
Terrance Gore,13658,2028,37,6.4763303,31.957462310791016,7.672285556793213
Danny Santana,10322,2028,37,6.282562,31.55057144165039,7.5673675537109375
Rusney Castillo,17016,2028,40,6.727666,31.52916717529297,7.6962456703186035
Kolten Wong,12532,2028,37,6.2790527,31.460681915283203,7.528658390045166
Jonathan Villar,10071,2028,37,6.0448446,31.102895736694336,7.465674877166748
Anthony Gose,5097,2028,37,6.1131577,31.03485107421875,7.42008113861084
Jake Marisnick,11339,2028,37,6.0210767,30.822872161865234,7.380446910858154
Leury Garcia,5913,2028,37,6.0148816,30.78365135192871,7.377812385559082
Cory Spangenberg,12294,2028,37,5.88236,30.676883697509766,7.349985599517822
Chris Taylor,13757,2028,37,5.6198206,29.89841079711914,7.288634300231934
Eury Perez,10299,2028,38,5.4506745,29.764938354492188,7.227822303771973
Billy Hamilton,10199,2028,37,5.1383414,29.229618072509766,7.083507537841797
Jean Segura,5933,2028,38,5.061641,28.96434783935547,7.055863857269287
Jose Altuve,5417,2028,38,4.8438983,28.502286911010742,6.973163604736328
Billy Burns,12701,2028,38,4.7759914,28.348920822143555,6.949766159057617
James Jones,9767,2028,39,4.126069,27.222312927246094,6.794292449951172
Elvis Andrus,8709,2028,39,3.8935273,26.754541397094727,6.7371368408203125
Starling Marte,9241,2028,39,3.7286794,26.474716186523438,6.711221694946289
Matt den Dekker,11385,2028,40,3.0927882,25.384748458862305,6.591905117034912
Leonys Martin,11846,2028,40,2.7058907,24.76942253112793,6.55939245223999
Shawn O'Malley,9629,2028,40,2.7142735,24.717914581298828,6.570974826812744
Anthony Rendon,12861,2028,38,2.1297245,23.699804306030273,6.879405975341797
Ben Revere,4712,2028,40,2.0559351,23.697776794433594,6.543176651000977
Dee Strange-Gordon,8203,2028,40,1.4904001,22.932838439941406,6.529749393463135
Jordan Schafer,9883,2028,41,0.95894927,22.054935455322266,6.4116411209106445
Alcides Escobar,6310,2028,41,0.68719465,21.72970962524414,6.400545597076416
Everth Cabrera,8155,2028,41,0.6450701,21.628887176513672,6.390778541564941
Jason Kipnis,9776,2028,41,0.5185328,21.529518127441406,6.387742042541504
Jimmy Paredes,5481,2028,39,0.32015002,20.86693572998047,6.491391181945801
A.J. Pollock,9256,2028,40,-0.2684913,20.571273803710938,6.340818881988525
Charlie Blackmon,7859,2028,41,-0.33509958,20.513633728027344,6.231062412261963
Jason Heyward,4940,2028,38,0.2769889,19.7076416015625,6.329259872436523
Carlos Gomez,4881,2028,42,-0.7770393,19.658254623413086,5.973766326904297
Pedro Ciriaco,5278,2028,42,-0.9222297,19.492013931274414,5.923980236053467
James McCann,12859,2028,38,0.21597578,19.35814666748047,6.258977890014648
Pedro Florimon,8385,2028,41,-1.0626165,19.235177993774414,5.937587738037109
Lorenzo Cain,9077,2028,42,-1.2775236,19.086544036865234,5.7816243171691895
Desmond Jennings,1965,2028,41,-1.1756781,19.048250198364258,5.887213706970215
Emilio Bonifacio,4054,2028,43,-1.3243033,18.78579330444336,5.6615519523620605
Eric Young Jr.,7158,2028,43,-1.447987,18.6181697845459,5.60880708694458
Jarrod Dyson,4866,2028,43,-1.5963407,18.429847717285156,5.54392671585083
Antoan Richardson,209,2028,44,-1.9455953,17.80648422241211,5.297352313995361
Craig Gentry,9571,2028,44,-2.2861156,17.336292266845703,5.135296821594238
Jacoby Ellsbury,4727,2028,44,-2.4898198,16.998672485351562,5.03471040725708
Adam Eaton,11205,2028,39,-1.2020624,16.46249771118164,5.5275139808654785
Drew Stubbs,9328,2028,43,-2.6536984,16.443199157714844,5.005678176879883
Tony Campana,4964,2028,42,-2.4662125,16.110614776611328,5.073880672454834
Andrew McCutchen,9847,2028,41,-2.230635,15.759204864501953,5.124115943908691
Javier Baez,12979,2028,35,0.25289097,15.381023406982422,5.574265003204346
Eduardo Nunez,6848,2028,41,-2.3623588,15.278531074523926,5.011613845825195
Brett Gardner,9927,2028,44,-3.35439,15.115972518920898,4.56020450592041
Denard Span,8347,2028,44,-3.5284765,14.690123558044434,4.458910942077637
Jose Reyes,1736,2028,45,-3.7894619,14.448589324951172,4.285240173339844
Brian Dozier,9810,2028,41,-2.736839,13.68375015258789,4.627249717712402
Michael Brantley,4106,2028,41,-2.8412364,13.31873893737793,4.531224250793457
Carl Crawford,1201,2028,46,-4.423304,13.073273658752441,3.8643648624420166
Rajai Davis,3708,2028,47,-4.942434,12.012198448181152,3.516589641571045
Angel Pagan,2918,2028,46,-4.8163204,11.858360290527344,3.588656187057495
Brock Holt,9345,2028,40,-2.8531287,11.519585609436035,4.1616315841674805
Alex Hassan,9959,2028,40,-2.3596601,10.848108291625977,4.0537800788879395
Christian Colon,11145,2028,39,-2.5628319,10.821673393249512,4.053414344787598
Ian Desmond,6885,2028,42,-3.9460778,10.32217025756836,3.6200900077819824
Ezequiel Carrera,9048,2028,41,-3.5790617,10.279441833496094,3.7029387950897217
Nyjer Morgan,4885,2028,47,-5.6236773,8.916668891906738,2.8063442707061768
Coco Crisp,1572,2028,48,-6.315235,7.769151210784912,2.4185562133789062
Sam Fuld,8254,2028,46,-5.789513,7.605733394622803,2.5407543182373047
Kristopher Negron,5306,2028,42,-4.3974543,7.587508201599121,2.845334768295288
Melvin Upton Jr.,5015,2028,43,-4.973114,6.9938554763793945,2.5849149227142334
Dexter Fowler,4062,2028,42,-4.6116204,6.854002475738525,2.616544723510742
Jimmy Rollins,971,2028,49,-6.848716,6.75916862487793,2.0784668922424316
Chris Getz,3388,2028,44,-5.377849,6.702908992767334,2.4285924434661865
Alejandro De Aza,3371,2028,44,-5.526534,6.2440876960754395,2.291461944580078
Austin Jackson,9848,2028,41,-4.387854,6.235018730163574,2.4963090419769287
Michael Bourn,6387,2028,45,-5.9095225,5.7266526222229,2.0765628814697266
Juan Lagares,5384,2028,39,-3.8267686,5.075023651123047,2.2497267723083496
Ender Inciarte,4922,2028,37,-3.0902636,4.674402713775635,2.1915054321289062
Josh Harrison,8202,2028,40,-4.33,4.577082633972168,2.038482666015625
Jace Peterson,12325,2028,38,-3.551073,4.125979900360107,1.9874745607376099
Andrew Romine,1159,2028,42,-5.241795,3.6574792861938477,1.6355540752410889
Quintin Berry,9414,2028,43,-5.599259,3.476602077484131,1.52232027053833
Nori Aoki,13075,2028,46,-6.746176,3.2167508602142334,1.2751187086105347
Jorge Polanco,13152,2028,34,-2.4329822,2.3648810386657715,1.4082735776901245
Alex Rios,2090,2028,47,-7.523979,0.7900307774543762,0.4882684051990509
Ian Kinsler,6195,2028,46,-7.2844844,0.1679292768239975,0.3404487669467926
Jemile Weeks,2498,2028,41,-5.628755,0.09859128296375275,0.5615633130073547
Didi Gregorius,6012,2028,38,-4.5070777,0.03128746524453163,0.6190282106399536
Buster Posey,9166,2028,41,-13.4887,0.0,0.0
Jonathan Lucroy,7870,2028,42,-12.940624,0.0,0.0
Giancarlo Stanton,4949,2028,38,-9.557544,0.0,0.0
Jose Bautista,1887,2028,47,-13.285264,0.0,0.0
Russell Martin,4616,2028,45,-12.73096,0.0,0.0
Adrian Beltre,639,2028,49,-14.662269,0.0,0.0
Josh Donaldson,5038,2028,42,-12.374213,0.0,0.0
Robinson Cano,3269,2028,45,-12.486471,0.0,0.0
Yasiel Puig,14225,2028,37,-5.723288,0.0,0.0
Alex Gordon,5209,2028,44,-9.143631,0.0,0.0
Jose Abreu,15676,2028,41,-13.1426325,0.0,0.0
Anthony Rizzo,3473,2028,38,-11.514373,0.0,0.0
Jayson Werth,1327,2028,49,-11.557867,0.0,0.0
Miguel Cabrera,1744,2028,45,-14.174284,0.0,0.0
Kyle Seager,9785,2028,40,-11.5198345,0.0,0.0
Troy Tulowitzki,3531,2028,43,-13.2654085,0.0,0.0
Yan Gomes,9627,2028,40,-13.112059,0.0,0.0
Rene Rivera,3648,2028,44,-14.211592,0.0,0.0
Ben Zobrist,7435,2028,47,-11.058793,0.0,0.0
Victor Martinez,393,2028,49,-14.286785,0.0,0.0
Adam Jones,6368,2028,42,-9.226516,0.0,0.0
Jhonny Peralta,1738,2028,46,-13.846261,0.0,0.0
Howie Kendrick,4229,2028,44,-11.144295,0.0,0.0
Steve Pearce,9957,2028,45,-11.994833,0.0,0.0
Freddie Freeman,5361,2028,38,-11.87506,0.0,0.0
Todd Frazier,785,2028,42,-7.31276,0.0,0.0
Marcell Ozuna,10324,2028,37,-10.736808,0.0,0.0
Paul Goldschmidt,9218,2028,40,-6.272662,0.0,0.0
Erick Aybar,4082,2028,44,-8.264205,0.0,0.0
Neil Walker,7539,2028,42,-12.866293,0.0,0.0
Hunter Pence,8252,2028,45,-8.545601,0.0,0.0
Mike Zunino,13265,2028,37,-11.953271,0.0,0.0
Devin Mesoraco,5666,2028,40,-12.752167,0.0,0.0
Nelson Cruz,2434,2028,47,-13.767724,0.0,0.0
J.D. Martinez,6184,2028,40,-11.901409,0.0,0.0
Dustin Pedroia,8370,2028,44,-11.715935,0.0,0.0
Edwin Encarnacion,2151,2028,45,-13.277849,0.0,0.0
Justin Upton,5222,2028,40,-8.809496,0.0,0.0
Hanley Ramirez,8001,2028,44,-9.559388,0.0,0.0
Adrian Gonzalez,1908,2028,46,-14.404151,0.0,0.0
Chase Utley,1679,2028,49,-11.077902,0.0,0.0
Evan Longoria,9368,2028,42,-12.47581,0.0,0.0
Yoenis Cespedes,13110,2028,42,-10.812752,0.0,0.0
Justin Turner,5235,2028,43,-12.498852,0.0,0.0
Juan Uribe,454,2028,49,-14.627873,0.0,0.0
Kole Calhoun,11200,2028,40,-10.75671,0.0,0.0
Trevor Plouffe,7462,2028,42,-13.336043,0.0,0.0
Matt Carpenter,8090,2028,42,-12.080539,0.0,0.0
Chase Headley,4720,2028,44,-12.426019,0.0,0.0
Pablo Sandoval,5409,2028,41,-13.579038,0.0,0.0
Alexei Ramirez,5133,2028,46,-7.462963,0.0,0.11128655076026917
Miguel Montero,3364,2028,44,-13.930075,0.0,0.0
Matt Holliday,1873,2028,48,-13.960815,0.0,0.0
Starlin Castro,4579,2028,38,-11.045418,0.0,0.0
Luis Valbuena,4969,2028,42,-13.112866,0.0,0.0
Yadier Molina,7007,2028,45,-14.020911,0.0,0.0
Brian McCann,4810,2028,44,-14.193218,0.0,0.0
Lucas Duda,2502,2028,42,-12.951058,0.0,0.0
Melky Cabrera,4022,2028,43,-12.579709,0.0,0.0
Travis d'Arnaud,7739,2028,39,-12.9762745,0.0,0.0
Tyler Flowers,9134,2028,42,-13.593146,0.0,0.0
J.J. Hardy,3797,2028,45,-14.433471,0.0,0.0
Corey Dickerson,10762,2028,39,-10.579359,0.0,0.0
Scott Van Slyke,4365,2028,41,-12.260895,0.0,0.0
Kevin Kiermaier,11038,2028,38,-8.689197,0.0,0.0
Yasmani Grandal,11368,2028,39,-12.568124,0.0,0.0
Hank Conger,2505,2028,40,-13.080154,0.0,0.0
Seth Smith,7331,2028,45,-13.968263,0.0,0.0
Albert Pujols,1177,2028,48,-14.103679,0.0,0.0
Brandon Moss,4467,2028,44,-13.4777975,0.0,0.0
Brandon Crawford,5343,2028,41,-12.078093,0.0,0.0
Nolan Arenado,9777,2028,37,-11.984795,0.0,0.0
Evan Gattis,11003,2028,41,-13.641872,0.0,0.0
Eduardo Escobar,6153,2028,39,-11.50144,0.0,0.0
Matt Kemp,5631,2028,43,-11.525382,0.0,0.0
Daniel Murphy,4316,2028,43,-8.400138,0.0,0.0
David Freese,9549,2028,45,-13.808516,0.0,0.0
Chris Coghlan,6878,2028,43,-11.303972,0.0,0.0
Justin Morneau,1737,2028,47,-14.542148,0.0,0.0
Carlos Santana,2396,2028,42,-12.778331,0.0,0.0
Manny Machado,11493,2028,35,-10.995185,0.0,0.0
Nick Markakis,5930,2028,44,-13.48092,0.0,0.0
Daniel Nava,5450,2028,45,-12.504219,0.0,0.0
David Ortiz,745,2028,52,-15.420975,0.0,0.0
Derek Norris,6867,2028,39,-11.819658,0.0,0.0
Marlon Byrd,950,2028,50,-13.809775,0.0,0.0
Mike Napoli,3057,2028,46,-13.839734,0.0,0.0
Josh Reddick,3892,2028,41,-10.580064,0.0,0.0
Jason Castro,8722,2028,41,-12.704656,0.0,0.0
Christian Vazquez,9774,2028,37,-12.578955,0.0,0.0
Adam LaRoche,1904,2028,48,-14.461549,0.0,0.0
Chris Iannetta,8267,2028,45,-13.466489,0.0,0.0
Jordy Mercer,6547,2028,41,-12.7695,0.0,0.0
George Springer,12856,2028,38,-7.033879,0.0,0.0
Francisco Cervelli,5275,2028,42,-13.231296,0.0,0.0
Chris Carter,9911,2028,41,-12.558969,0.0,0.0
Michael Saunders,9981,2028,41,-7.751054,0.0,0.0
Casey McGehee,6086,2028,45,-13.570779,0.0,0.0
Gregor Blanco,3123,2028,44,-8.374643,0.0,0.0
Asdrubal Cabrera,4962,2028,42,-11.172337,0.0,0.0
Matt Adams,9393,2028,39,-12.375837,0.0,0.0
Carlos Ruiz,2579,2028,49,-13.734597,0.0,0.0
Salvador Perez,7304,2028,38,-12.678993,0.0,0.0
Caleb Joseph,7087,2028,42,-13.58195,0.0,0.0
Adam Lind,8027,2028,44,-14.074784,0.0,0.0
Aramis Ramirez,1002,2028,50,-14.514888,0.0,0.0
Scooter Gennett,10339,2028,38,-11.361566,0.0,0.0
Conor Gillaspie,9009,2028,40,-12.467945,0.0,0.0
Jon Jay,5227,2028,43,-11.878749,0.0,0.0
Joe Mauer,1857,2028,45,-12.832749,0.0,0.0
Yangervis Solarte,5352,2028,40,-13.29019,0.0,0.0
Brandon Guyer,2636,2028,42,-8.407733,0.0,0.0
Jed Lowrie,4418,2028,44,-14.163776,0.0,0.0
Andrelton Simmons,10847,2028,38,-11.58805,0.0,0.0
Michael Cuddyer,1534,2028,49,-12.686938,0.0,0.0
Michael Morse,3035,2028,46,-14.539892,0.0,0.0
Travis Snider,2830,2028,40,-12.420264,0.0,0.0
Lonnie Chisenhall,7571,2028,39,-12.162133,0.0,0.0
Bryce Harper,11579,2028,35,-9.05244,0.0,0.0
Brett Lawrie,5247,2028,38,-10.578097,0.0,0.0
David Wright,3787,2028,45,-10.609655,0.0,0.0
Stephen Vogt,5000,2028,43,-12.689616,0.0,0.0
Colby Rasmus,9893,2028,41,-10.471505,0.0,0.0
Martin Prado,3312,2028,44,-13.168264,0.0,0.0
Matt Joyce,3353,2028,43,-12.219805,0.0,0.0
Chris Owings,10030,2028,36,-4.6389804,0.0,0.0
Chris Stewart,3878,2028,46,-14.050511,0.0,0.0
Ruben Tejada,5519,2028,38,-12.10538,0.0,0.0
Ryan Hanigan,4952,2028,47,-14.477116,0.0,0.0
Khris Davis,9112,2028,40,-12.584449,0.0,0.0
Josh Willingham,2103,2028,49,-13.939507,0.0,0.0
Cliff Pennington,3395,2028,44,-8.1080675,0.0,0.0
Collin Cowgill,7250,2028,42,-11.1686325,0.0,0.0
Brandon Phillips,791,2028,47,-13.642736,0.0,0.0
Rickie Weeks Jr.,1849,2028,45,-12.772568,0.0,0.0
Madison Bumgarner,5524,2028,38,-12.470693,0.0,0.0
Marwin Gonzalez,5497,2028,39,-11.611623,0.0,0.0
Joe Panik,11936,2028,37,-10.5906105,0.0,0.0
Martin Maldonado,6887,2028,41,-13.437041,0.0,0.0
Robinson Chirinos,3142,2028,44,-14.055708,0.0,0.0
Dustin Ackley,10099,2028,40,-8.992809,0.0,0.0
Alex Avila,7476,2028,41,-13.105605,0.0,0.0
Zack Cozart,2616,2028,42,-11.154873,0.0,0.0
Ryan Zimmerman,4220,2028,43,-13.557041,0.0,0.0
Juan Francisco,6978,2028,41,-13.217296,0.0,0.0
Curtis Granderson,4747,2028,47,-11.070372,0.0,0.0
David Lough,7215,2028,42,-9.5873165,0.0,0.0
Carlos Corporan,5587,2028,44,-14.092947,0.0,0.0
Wilmer Flores,5827,2028,36,-11.345476,0.0,0.0
Brad Miller,12775,2028,38,-8.633852,0.0,0.0
Peter Bourjos,2578,2028,41,-7.932168,0.0,0.0
Kirk Nieuwenhuis,6400,2028,40,-8.44434,0.0,0.0
Ryan Braun,3410,2028,44,-10.6680765,0.0,0.0
Torii Hunter,731,2028,52,-13.913892,0.0,0.0
Josh Hamilton,1875,2028,47,-13.032256,0.0,0.0
Enrique Hernandez,10472,2028,36,-9.701862,0.0,0.0
Ichiro Suzuki,1101,2028,54,-10.877796,0.0,0.0
Darwin Barney,2430,2028,42,-12.173578,0.0,0.0
David Ross,1551,2028,51,-14.555735,0.0,0.0
David Peralta,2136,2028,40,-10.475307,0.0,0.0
Rougned Odor,12282,2028,34,-9.414397,0.0,0.0
Wilson Ramos,1433,2028,40,-13.028526,0.0,0.0
Andre Ethier,6265,2028,46,-13.674928,0.0,0.0
Mark Reynolds,7619,2028,44,-12.784266,0.0,0.0
Jake Smolinski,5408,2028,39,-12.007228,0.0,0.0
Delmon Young,2140,2028,42,-13.161819,0.0,0.0
Oswaldo Arcia,10306,2028,37,-11.716983,0.0,0.0
James Loney,4556,2028,44,-13.753978,0.0,0.0
Adam Rosales,9682,2028,45,-11.328842,0.0,0.0
Chris Davis,9272,2028,42,-12.521471,0.0,0.0
Travis Wood,9884,2028,41,-13.024372,0.0,0.0
Chris Young,3882,2028,44,-10.371155,0.0,0.0
Eugenio Suarez,12552,2028,36,-10.209146,0.0,0.0
Michael McKenry,9628,2028,43,-13.2896185,0.0,0.0
Joey Votto,4314,2028,44,-13.500867,0.0,0.0
Andrew Susac,13132,2028,38,-10.404368,0.0,0.0
Brandon Belt,10264,2028,40,-11.867879,0.0,0.0
Logan Morrison,9205,2028,40,-12.131894,0.0,0.0
Donovan Solano,8623,2028,40,-12.57255,0.0,0.0
Zack Greinke,1943,2028,44,-13.444312,0.0,0.0
Jose Molina,25,2028,53,-14.626934,0.0,0.0
Jorge Soler,14221,2028,36,-9.889567,0.0,0.0
Mark Teixeira,1281,2028,48,-14.420867,0.0,0.0
Gerardo Parra,8553,2028,41,-10.081202,0.0,0.0
Ramon Santiago,1417,2028,48,-13.853419,0.0,0.0
Ryan Flaherty,7888,2028,41,-11.570205,0.0,0.0
Chris Heisey,3978,2028,43,-10.413029,0.0,0.0
Will Venable,211,2028,45,-9.062615,0.0,0.0
Alexi Amarista,9063,2028,39,-6.2634573,0.0,0.0
Drew Butera,3411,2028,44,-14.054169,0.0,0.0
Kevin Kouzmanoff,5995,2028,46,-14.330221,0.0,0.0
Matt Wieters,4298,2028,42,-13.368648,0.0,0.0
John Jaso,5887,2028,44,-13.169354,0.0,0.0
Ike Davis,8433,2028,41,-13.160573,0.0,0.0
Cody Asche,11997,2028,38,-12.32034,0.0,0.0
Tommy Medica,11147,2028,40,-9.417681,0.0,0.0
Roberto Perez,2900,2028,39,-12.870048,0.0,0.0
Robbie Grossman,5254,2028,38,-10.3910055,0.0,0.0
Kelly Johnson,2234,2028,46,-12.960608,0.0,0.0
Chone Figgins,1580,2028,50,-9.473626,0.0,0.0
Danny Espinosa,9219,2028,41,-9.938139,0.0,0.0
Erik Kratz,4403,2028,48,-14.772927,0.0,0.0
Kyle Blanks,49,2028,41,-13.228781,0.0,0.0
Rafael Ynoa,2832,2028,40,-13.036168,0.0,0.0
Kennys Vargas,12101,2028,37,-11.613827,0.0,0.0
Justin Ruggiano,7620,2028,46,-11.21564,0.0,0.0
David DeJesus,1825,2028,48,-13.556413,0.0,0.0
John Mayberry,3390,2028,44,-13.623499,0.0,0.0
Gregorio Petit,3812,2028,43,-13.065413,0.0,0.0
Travis Ishikawa,4793,2028,44,-13.507536,0.0,0.0
John Ryan Murphy,10346,2028,37,-10.689258,0.0,0.0
Yonder Alonso,2530,2028,41,-11.218951,0.0,0.0
Marcus Semien,12533,2028,37,-10.625658,0.0,0.0
Danny Valencia,6364,2028,43,-13.403235,0.0,0.0
Adeiny Hechavarria,10459,2028,39,-11.033843,0.0,0.0
Omar Infante,1609,2028,46,-11.486112,0.0,0.0
Abraham Almonte,5486,2028,39,-10.430334,0.0,0.0
Jose Lobaton,4243,2028,43,-13.944447,0.0,0.0
Mike Leake,10130,2028,40,-12.968044,0.0,0.0
Shelby Miller,10197,2028,37,-12.097138,0.0,0.0
Clayton Kershaw,2036,2028,40,-12.06451,0.0,0.0
Ben Paulsen,9741,2028,40,-13.39759,0.0,0.0
Eric Chavez,906,2028,50,-13.904205,0.0,0.0
Adam Dunn,319,2028,48,-14.604953,0.0,0.0
Ryan Rua,12409,2028,38,-11.837065,0.0,0.0
Wilin Rosario,8002,2028,39,-12.702553,0.0,0.0
Shin-Soo Choo,3174,2028,45,-11.263906,0.0,0.0
Derek Dietrich,10542,2028,38,-7.3426557,0.0,0.0
Nick Castellanos,11737,2028,36,-11.658597,0.0,0.0
Kevin Pillar,12434,2028,39,-10.822343,0.0,0.0
Eric Campbell,6938,2028,41,-12.519568,0.0,0.0
Yunel Escobar,4191,2028,45,-14.012563,0.0,0.0
Chris Johnson,1191,2028,43,-13.305458,0.0,0.0
Ryan Sweeney,6352,2028,43,-13.504306,0.0,0.0
Chris Gimenez,7324,2028,45,-13.399901,0.0,0.0
Mike Moustakas,4892,2028,39,-12.738571,0.0,0.0
Munenori Kawasaki,13047,2028,47,-13.48456,0.0,0.0
Wil Nieves,1556,2028,50,-14.423173,0.0,0.0
Brandon Hicks,4003,2028,42,-13.136745,0.0,0.0
Jonathan Schoop,11265,2028,36,-11.429756,0.0,0.0
Jacob deGrom,10954,2028,40,-12.996308,0.0,0.0
Adam Wainwright,2233,2028,46,-14.219504,0.0,0.0
Nick Evans,7595,2028,42,-13.486364,0.0,0.0
Pete Kozma,2539,2028,40,-9.947774,0.0,0.0
Garin Cecchini,11608,2028,37,-9.694881,0.0,0.0
Jhoulys Chacin,2608,2028,40,-12.951876,0.0,0.0
Garrett Jones,2714,2028,47,-14.617178,0.0,0.0
Pedro Alvarez,2495,2028,41,-11.756052,0.0,0.0
Darin Ruf,9929,2028,41,-13.583237,0.0,0.0
Welington Castillo,3256,2028,41,-13.603053,0.0,0.0
Randal Grichuk,10243,2028,36,-11.686654,0.0,0.0
DJ LeMahieu,9874,2028,39,-8.181694,0.0,0.0
Brian Roberts,166,2028,50,-11.338418,0.0,0.0
Jonny Gomes,1845,2028,47,-13.822873,0.0,0.0
Ramiro Pena,8841,2028,42,-12.581131,0.0,0.0
Maicer Izturis,2437,2028,47,-10.317151,0.0,0.0
Phil Gosselin,10953,2028,39,-10.333799,0.0,0.0
Clint Barmes,1830,2028,49,-14.042914,0.0,0.0
Cameron Maybin,5223,2028,41,-9.830252,0.0,0.0
Tyler Holt,11391,2028,39,-9.074585,0.0,0.0
Jordan Lyles,7593,2028,37,-12.097138,0.0,0.0
Jake Arrieta,4153,2028,42,-13.423045,0.0,0.0
Cole Hamels,4972,2028,44,-13.867894,0.0,0.0
Gerrit Cole,13125,2028,37,-12.129495,0.0,0.0
Dan Haren,1757,2028,47,-14.39249,0.0,0.0
Tyson Ross,7872,2028,41,-13.196952,0.0,0.0
Carlos Rivero,1136,2028,40,-12.996308,0.0,0.0
Jose Pirela,5485,2028,38,-12.451942,0.0,0.0
George Kottaras,5506,2028,45,-13.486215,0.0,0.0
Gary Brown,11464,2028,39,-10.548607,0.0,0.0
Max Stassi,10059,2028,37,-12.283615,0.0,0.0
Marco Gonzales,15467,2028,36,-11.819289,0.0,0.0
Matt McBride,9373,2028,43,-12.946542,0.0,0.0
Andres Blanco,1907,2028,44,-14.120467,0.0,0.0
Scott Sizemore,2881,2028,43,-12.107428,0.0,0.0
Dalton Pompey,12797,2028,35,-9.74324,0.0,0.0
Justin Bour,9744,2028,40,-13.4074335,0.0,0.0
Dilson Herrera,14335,2028,34,-11.603619,0.0,0.0
Sean Rodriguez,6589,2028,43,-12.789279,0.0,0.0
Shane Victorino,1677,2028,47,-10.182072,0.0,0.0
Daniel Robertson,6266,2028,42,-9.691445,0.0,0.0
Tommy La Stella,12371,2028,39,-12.42057,0.0,0.0
Efren Navarro,9854,2028,42,-9.989748,0.0,0.0
Derek Jeter,826,2028,54,-13.606422,0.0,0.0
Joe Kelly,9761,2028,40,-10.995596,0.0,0.0
Jordan Danks,9187,2028,41,-7.2710786,0.0,0.0
Nick Punto,1429,2028,50,-13.4573,0.0,0.0
Josh Wilson,2102,2028,47,-13.681425,0.0,0.0
Jaime Garcia,8137,2028,41,-13.196952,0.0,0.0
Jeff Mathis,3448,2028,45,-14.168347,0.0,0.0
Jackie Bradley Jr.,12984,2028,38,-10.101942,0.0,0.0
Cliff Lee,1636,2028,49,-14.124926,0.0,0.0
Jacob Turner,10185,2028,37,-12.097138,0.0,0.0
Josh Beckett,510,2028,48,-14.555543,0.0,0.0
Mike Minor,10021,2028,40,-12.951876,0.0,0.0
Jordan Zimmermann,4505,2028,42,-13.440917,0.0,0.0
Henderson Alvarez,5669,2028,38,-12.403917,0.0,0.0
Ian Kennedy,6986,2028,43,-13.6548195,0.0,0.0
Buddy Carlyle,2010,2028,50,-14.869586,0.0,0.0
Brian Schlitter,3599,2028,42,-13.392996,0.0,0.0
Jeanmar Gomez,9033,2028,40,-12.951876,0.0,0.0
Gus Schlosser,12321,2028,39,-12.733999,0.0,0.0
Jeurys Familia,5114,2028,38,-12.403917,0.0,0.0
Zach McAllister,2895,2028,40,-12.951876,0.0,0.0
Clay Buchholz,3543,2028,43,-13.6378765,0.0,0.0
Pedro Villarreal,9904,2028,40,-12.951876,0.0,0.0
Drew Hutchison,10732,2028,37,-12.115363,0.0,0.0
Robbie Ray,11486,2028,36,-11.819289,0.0,0.0
Nick Tepesch,11716,2028,39,-12.716186,0.0,0.0
Brad Penny,535,2028,50,-14.871813,0.0,0.0
Colby Lewis,1259,2028,48,-14.555114,0.0,0.0
Seth Maness,12235,2028,39,-12.716186,0.0,0.0
Donn Roach,10620,2028,38,-12.451942,0.0,0.0
Doug Bernier,4518,2028,48,-13.8203535,0.0,0.0
Brandon Barnes,629,2028,42,-11.734571,0.0,0.0
Nolan Reimold,3441,2028,44,-12.016448,0.0,0.0
James Shields,7059,2028,46,-14.219504,0.0,0.0
Craig Stammen,7274,2028,44,-13.841517,0.0,0.0
Chris Parmelee,2554,2028,40,-12.926966,0.0,0.0
Endy Chavez,768,2028,50,-12.855023,0.0,0.0
Tyler Moore,7244,2028,41,-13.247112,0.0,0.0
Steve Tolleson,4450,2028,44,-13.494757,0.0,0.0
Justin Verlander,8700,2028,45,-14.035395,0.0,0.0
Daniel Corcino,9266,2028,37,-12.145901,0.0,0.0
Bud Norris,9492,2028,43,-13.6378765,0.0,0.0
Tony Sanchez,6178,2028,40,-13.379069,0.0,0.0
Xander Bogaerts,12161,2028,35,-10.2507,0.0,0.0
Tyler Colvin,5310,2028,42,-12.7508545,0.0,0.0
Willie Bloomquist,1066,2028,50,-13.170298,0.0,0.0
Jake Lamb,13329,2028,37,-9.815886,0.0,0.0
Kevin Correia,1767,2028,47,-14.362544,0.0,0.0
Carlos Peguero,8760,2028,41,-9.275685,0.0,0.0
Jordany Valdespin,5098,2028,40,-9.553173,0.0,0.0
Aaron Hicks,5297,2028,38,-5.270079,0.0,0.0
Matt Duffy,13836,2028,37,-11.233217,0.0,0.0
Johnny Giavotella,6740,2028,40,-11.26948,0.0,0.0
Ed Lucas,7532,2028,46,-13.4768715,0.0,0.0
Eric Sogard,7927,2028,42,-8.612787,0.0,0.0
Hector Sanchez,10289,2028,38,-12.089495,0.0,0.0
Wandy Rodriguez,2586,2028,49,-14.710451,0.0,0.0
Carlos Martinez,11682,2028,36,-11.803289,0.0,0.0
Alex Cobb,6562,2028,40,-12.951876,0.0,0.0
Miguel Rojas,7802,2028,39,-12.943299,0.0,0.0
Jesus Sucre,5942,2028,40,-12.019568,0.0,0.0
Bronson Arroyo,978,2028,51,-15.000368,0.0,0.0
Tyler Matzek,10058,2028,37,-12.145901,0.0,0.0
Daisuke Matsuzaka,7775,2028,47,-14.39249,0.0,0.0
Jeff Samardzija,3254,2028,43,-13.6378765,0.0,0.0
Edwin Jackson,1841,2028,44,-13.856394,0.0,0.0
Matt Cain,4732,2028,43,-13.652865,0.0,0.0
Jarred Cosart,10304,2028,38,-12.43399,0.0,0.0
Wade Miley,8779,2028,41,-13.196952,0.0,0.0
Hyun-Jin Ryu,14444,2028,41,-13.218363,0.0,0.0
Kyle Hendricks,12049,2028,38,-12.451942,0.0,0.0
A.J. Burnett,512,2028,51,-15.000368,0.0,0.0
David Buchanan,11176,2028,39,-12.733999,0.0,0.0
Stephen Strasburg,10131,2028,39,-12.708044,0.0,0.0
Jon Niese,4424,2028,41,-13.2149,0.0,0.0
Francisco Pena,8298,2028,38,-12.451942,0.0,0.0
Antonio Bastardo,8844,2028,42,-13.423045,0.0,0.0
J.J. Hoover,9037,2028,40,-12.951876,0.0,0.0
Audry Perez,9176,2028,39,-12.716186,0.0,0.0
Andrew Chafin,12988,2028,38,-12.451942,0.0,0.0
Joey Terdoslavich,10593,2028,39,-13.105715,0.0,0.0
Steven Moya,11854,2028,36,-11.819289,0.0,0.0
Jackson Williams,8524,2028,42,-13.76417,0.0,0.0
Clint Robinson,6908,2028,43,-13.938682,0.0,0.0
Josh Phegley,9308,2028,40,-13.206359,0.0,0.0
Nate Freiman,6582,2028,41,-13.638587,0.0,0.0
Bryce Brentz,10607,2028,39,-7.14956,0.0,0.0
Gaby Sanchez,3361,2028,44,-13.573415,0.0,0.0
Jason Lane,1397,2028,51,-14.980476,0.0,0.0
Tony Watson,3132,2028,43,-13.6378765,0.0,0.0
David Huff,4257,2028,43,-13.6378765,0.0,0.0
John Danks,6329,2028,43,-13.6378765,0.0,0.0
Taylor Hill,12515,2028,39,-12.733999,0.0,0.0
Tyler Collins,12723,2028,38,-12.651136,0.0,0.0
Michael Taylor,2591,2028,42,-13.46382,0.0,0.0
Jesus Montero,5514,2028,38,-12.572959,0.0,0.0
Chris Dickerson,7095,2028,46,-10.887182,0.0,0.0
Nick Hundley,3376,2028,44,-13.7006035,0.0,0.0
Matt Szczur,11255,2028,38,-10.910131,0.0,0.0
Steve Lombardozzi,5422,2028,39,-12.009602,0.0,0.0
Andrew Lambo,5386,2028,39,-12.891221,0.0,0.0
Cole Figueroa,8790,2028,41,-11.9544,0.0,0.0
Chris Denorfia,4400,2028,47,-11.482544,0.0,0.0
Anibal Sanchez,3284,2028,44,-13.841517,0.0,0.0
Zeke Spruill,3873,2028,38,-12.43399,0.0,0.0
Samuel Deduno,5285,2028,44,-13.841517,0.0,0.0
Yu Darvish,13074,2028,41,-13.196952,0.0,0.0
Jonathan Herrera,4182,2028,43,-12.820526,0.0,0.0
Ehire Adrianza,8418,2028,38,-12.076658,0.0,0.0
Greg Garcia,10951,2028,38,-10.887625,0.0,0.0
Hernan Perez,5751,2028,37,-11.853111,0.0,0.0
Tyler Thornburg,10688,2028,39,-12.688193,0.0,0.0
Robbie Ross Jr.,6819,2028,39,-12.688193,0.0,0.0
Dan Straily,9460,2028,39,-12.688193,0.0,0.0
Nick Tropeano,12385,2028,37,-12.145901,0.0,0.0
Hector Santiago,4026,2028,40,-12.951876,0.0,0.0
Bobby Wilson,6564,2028,45,-14.075869,0.0,0.0
Kyle Gibson,10123,2028,40,-12.977582,0.0,0.0
Dallas Beeler,11471,2028,39,-12.733999,0.0,0.0
Yordano Ventura,11855,2028,37,-12.129495,0.0,0.0
Andy Parrino,3972,2028,42,-13.523263,0.0,0.0
Joc Pederson,11899,2028,36,-11.532461,0.0,0.0
Tucker Barnhart,10200,2028,37,-10.760377,0.0,0.0
Nick Franklin,10166,2028,37,-10.263256,0.0,0.0
Jonathan Diaz,4142,2028,43,-11.096996,0.0,0.0
Brett Anderson,8223,2028,40,-12.951876,0.0,0.0
Corey Kluber,2429,2028,42,-13.423045,0.0,0.0
Christian Friedrich,7942,2028,40,-12.960301,0.0,0.0
Chase Whitley,10982,2028,39,-12.733999,0.0,0.0
Felix Doubront,1478,2028,40,-12.951876,0.0,0.0
Justin Masterson,2038,2028,43,-13.6378765,0.0,0.0
Ross Detwiler,2859,2028,42,-13.423045,0.0,0.0
C.J. Wilson,3580,2028,47,-14.39249,0.0,0.0
Jerome Williams,1137,2028,46,-14.219504,0.0,0.0
Jimmy Nelson,10547,2028,39,-12.716186,0.0,0.0
Homer Bailey,8362,2028,42,-13.423045,0.0,0.0
Josh Collmenter,7312,2028,42,-13.423045,0.0,0.0
Ryan Vogelsong,1011,2028,50,-14.856255,0.0,0.0
Kyle Kendrick,6230,2028,43,-13.6378765,0.0,0.0
Jason Hammel,4538,2028,45,-14.035395,0.0,0.0
Randy Wolf,976,2028,51,-14.866323,0.0,0.0
Tim Stauffer,6432,2028,46,-14.219504,0.0,0.0
Tony Cingrani,12555,2028,38,-12.164098,0.0,0.0
Brandon Cumpton,11366,2028,39,-12.716186,0.0,0.0
Anthony DeSclafani,13050,2028,38,-12.451942,0.0,0.0
Robbie Erlin,10354,2028,37,-12.129495,0.0,0.0
John Lackey,1507,2028,49,-14.701831,0.0,0.0
Marco Estrada,1118,2028,44,-13.841517,0.0,0.0
Jason Bartlett,8219,2028,48,-7.080688,0.0,0.0
Jeff Kobernus,9591,2028,40,-12.261373,0.0,0.0
Dallas Keuchel,9434,2028,40,-12.951876,0.0,0.0
Taylor Jordan,10466,2028,39,-12.716186,0.0,0.0
Jose Fernandez,11530,2028,35,-11.452488,0.0,0.0
Andrew Heaney,15423,2028,37,-12.145901,0.0,0.0
Blake Treinen,12572,2028,40,-12.996308,0.0,0.0
Tyler Lyons,11334,2028,40,-12.977582,0.0,0.0
Randall Delgado,5985,2028,38,-12.403917,0.0,0.0
Masahiro Tanaka,15764,2028,39,-12.733999,0.0,0.0
Jake Odorizzi,6397,2028,38,-12.403917,0.0,0.0
Hisashi Iwakuma,13048,2028,47,-14.39249,0.0,0.0
Paul Maholm,8678,2028,46,-14.219504,0.0,0.0
Jeremy Guthrie,2072,2028,49,-14.710451,0.0,0.0
Neftali Feliz,18,2028,40,-12.951876,0.0,0.0
Xavier Cedeno,36,2028,41,-13.196952,0.0,0.0
Erik Bedard,126,2028,49,-14.710451,0.0,0.0
Mark Buehrle,225,2028,49,-14.710451,0.0,0.0
Daniel McCutchen,263,2028,45,-14.018912,0.0,0.0
Kyle Farnsworth,278,2028,52,-15.1426525,0.0,0.0
Blake Beavan,338,2028,39,-12.688193,0.0,0.0
CC Sabathia,404,2028,47,-14.39249,0.0,0.0
Fernando Rodney,494,2028,51,-15.000368,0.0,0.0
Jason Grilli,521,2028,51,-15.000368,0.0,0.0
Hector Ambriz,559,2028,44,-13.841517,0.0,0.0
Jeremy Affeldt,583,2028,49,-14.710451,0.0,0.0
Grant Balfour,718,2028,50,-14.856255,0.0,0.0
LaTroy Hawkins,729,2028,55,-15.576497,0.0,0.0
Bruce Chen,769,2028,51,-15.000368,0.0,0.0
Scott Downs,773,2028,52,-15.1426525,0.0,0.0
Randy Choate,813,2028,52,-15.1426525,0.0,0.0
Kris Johnson,886,2028,43,-13.656911,0.0,0.0
Scott Carroll,888,2028,43,-13.676995,0.0,0.0
Joe Beimel,979,2028,51,-15.039172,0.0,0.0
Aaron Thompson,999,2028,41,-13.185106,0.0,0.0
Rafael Soriano,1100,2028,48,-14.555543,0.0,0.0
Joe Nathan,1122,2028,53,-15.286754,0.0,0.0
Tommy Hunter,1157,2028,41,-13.196952,0.0,0.0
Adam Ottavino,1247,2028,42,-13.423045,0.0,0.0
Pedro Beato,1330,2028,41,-13.196952,0.0,0.0
Curtis Partch,1333,2028,41,-13.218363,0.0,0.0
Blake Wood,1345,2028,42,-13.405132,0.0,0.0
Evan Reed,1349,2028,42,-13.444072,0.0,0.0
Nick Hagadone,1351,2028,42,-13.423045,0.0,0.0
Charlie Furbush,1370,2028,42,-13.423045,0.0,0.0
Joaquin Benoit,1437,2028,50,-14.856255,0.0,0.0
Jon Edwards,1483,2028,40,-12.996308,0.0,0.0
Oliver Perez,1514,2028,46,-14.219504,0.0,0.0
Sean Doolittle,1581,2028,41,-13.196952,0.0,0.0
Francisco Rodriguez,1642,2028,46,-14.219504,0.0,0.0
Javier Lopez,1663,2028,50,-14.856255,0.0,0.0
Chris Capuano,1701,2028,49,-14.710451,0.0,0.0
Jose Valverde,1726,2028,50,-14.856255,0.0,0.0
Kevin Gregg,1793,2028,50,-14.856255,0.0,0.0
J.J. Putz,1795,2028,51,-15.000368,0.0,0.0
Neal Cotts,1797,2028,48,-14.515197,0.0,0.0
Humberto Quintero,1824,2028,48,-14.680122,0.0,0.0
Matt Belisle,1837,2028,48,-14.555543,0.0,0.0
Shawn Camp,1855,2028,52,-15.1426525,0.0,0.0
Sean Burnett,1886,2028,45,-14.035395,0.0,0.0
Matt Moore,1890,2028,39,-12.688193,0.0,0.0
Jason Frasor,1906,2028,50,-14.856255,0.0,0.0
Matt Thornton,1918,2028,51,-15.000368,0.0,0.0
Frank Francisco,1933,2028,48,-14.555543,0.0,0.0
Mike Adams,1937,2028,49,-14.710451,0.0,0.0
Justin Germano,1938,2028,45,-14.035395,0.0,0.0
Raul Valdes,1953,2028,50,-14.856255,0.0,0.0
Ivan Nova,1994,2028,41,-13.196952,0.0,0.0
Matt Guerrier,2061,2028,49,-14.710451,0.0,0.0
Jose Veras,2063,2028,47,-14.39249,0.0,0.0
Heath Bell,2080,2028,50,-14.856255,0.0,0.0
Chad Qualls,2170,2028,49,-14.710451,0.0,0.0
Ronald Belisario,2203,2028,45,-14.035395,0.0,0.0
Blaine Boyer,2237,2028,46,-14.190935,0.0,0.0
Brandon Gomes,2267,2028,43,-13.6378765,0.0,0.0
Joel Peralta,2332,2028,52,-15.1426525,0.0,0.0
Anthony Varvaro,2385,2028,43,-13.6378765,0.0,0.0
Hector Rondon,2391,2028,40,-12.977582,0.0,0.0
Cory Rasmus,2413,2028,40,-12.977582,0.0,0.0
Eric Surkamp,2540,2028,40,-12.935711,0.0,0.0
Joe Paterson,2565,2028,42,-13.423045,0.0,0.0
Scott Atchison,2642,2028,52,-15.1426525,0.0,0.0
Brian Matusz,2646,2028,41,-13.196952,0.0,0.0
Corey Brown,2650,2028,42,-13.117173,0.0,0.0
Brett Cecil,2660,2028,41,-13.196952,0.0,0.0
Joba Chamberlain,2692,2028,42,-13.423045,0.0,0.0
Scott Rice,2743,2028,46,-14.230186,0.0,0.0
Carlos Marmol,2790,2028,45,-14.035395,0.0,0.0
Joe Savery,2835,2028,42,-13.423045,0.0,0.0
Drake Britton,2868,2028,39,-12.716186,0.0,0.0
Santiago Casilla,2873,2028,47,-14.39249,0.0,0.0
Luis Avilan,2882,2028,38,-12.403917,0.0,0.0
Juan Oviedo,2886,2028,46,-14.190935,0.0,0.0
Tommy Pham,2967,2028,40,-12.996308,0.0,0.0
Bruce Billings,3044,2028,42,-13.408044,0.0,0.0
Kenley Jansen,3096,2028,40,-12.951876,0.0,0.0
Max Scherzer,3137,2028,43,-13.6378765,0.0,0.0
Tim Collins,3164,2028,38,-12.403917,0.0,0.0
David Price,3184,2028,42,-13.423045,0.0,0.0
Will Harris,3192,2028,43,-13.6378765,0.0,0.0
Chris Young,3196,2028,49,-14.716177,0.0,0.0
Josh Stinson,3219,2028,40,-12.951876,0.0,0.0
Jean Machi,3220,2028,46,-14.219504,0.0,0.0
T.J. McFarland,3237,2028,39,-12.716186,0.0,0.0
Zack Britton,3240,2028,40,-12.951876,0.0,0.0
Ryan Rowland-Smith,3245,2028,45,-13.982842,0.0,0.0
Juan Gutierrez,3265,2028,44,-13.8220825,0.0,0.0
Jordan Walden,3271,2028,40,-12.951876,0.0,0.0
Joe Smith,3281,2028,44,-13.841517,0.0,0.0
Nate Adcock,3282,2028,40,-12.925238,0.0,0.0
Hiroki Kuroda,3283,2028,53,-15.286754,0.0,0.0
Hector Noesi,3292,2028,41,-13.196952,0.0,0.0
Chris Hatcher,3299,2028,43,-13.6378765,0.0,0.0
Darren O'Day,3321,2028,45,-14.035395,0.0,0.0
Cesar Ramos,3357,2028,44,-13.841517,0.0,0.0
Ubaldo Jimenez,3374,2028,44,-13.841517,0.0,0.0
Jumbo Diaz,3397,2028,44,-13.877804,0.0,0.0
Kevin Whelan,3462,2028,44,-13.82278,0.0,0.0
Andre Rienzo,3507,2028,39,-12.716186,0.0,0.0
Liam Hendriks,3548,2028,39,-12.688193,0.0,0.0
Jim Johnson,3656,2028,45,-14.035395,0.0,0.0
Logan Ondrusek,3677,2028,43,-13.6378765,0.0,0.0
Brandon League,3731,2028,45,-14.035395,0.0,0.0
Cesar Jimenez,3762,2028,43,-13.619562,0.0,0.0
Felipe Paulino,3777,2028,44,-13.822458,0.0,0.0
Ricky Nolasco,3830,2028,45,-14.035395,0.0,0.0
Zach Duke,3840,2028,45,-14.035395,0.0,0.0
Brett Oberholtzer,3855,2028,38,-12.43399,0.0,0.0
Rubby de la Rosa,3862,2028,39,-12.688193,0.0,0.0
Ethan Martin,3877,2028,39,-12.716186,0.0,0.0
Casey Fien,3926,2028,44,-13.841517,0.0,0.0
David Carpenter,3959,2028,42,-13.423045,0.0,0.0
Edward Mujica,3970,2028,44,-13.841517,0.0,0.0
Allen Webster,3993,2028,38,-12.43399,0.0,0.0
Josh Outman,4004,2028,43,-13.6378765,0.0,0.0
Eury De la Rosa,4055,2028,38,-12.43399,0.0,0.0
Brian Duensing,4064,2028,45,-14.035395,0.0,0.0
Pedro Strop,4070,2028,43,-13.6378765,0.0,0.0
Junichi Tazawa,4079,2028,42,-13.423045,0.0,0.0
Erik Cordier,4086,2028,42,-13.465198,0.0,0.0
James Russell,4089,2028,42,-13.423045,0.0,0.0
Luke Gregerson,4090,2028,44,-13.841517,0.0,0.0
Derek Holland,4141,2028,41,-13.196952,0.0,0.0
Wilton Lopez,4227,2028,44,-13.841517,0.0,0.0
Jered Weaver,4235,2028,45,-14.035395,0.0,0.0
Brad Lincoln,4241,2028,43,-13.6378765,0.0,0.0
Mark Melancon,4264,2028,43,-13.6378765,0.0,0.0
Manny Parra,4279,2028,45,-14.035395,0.0,0.0
Matt Albers,4300,2028,45,-14.035395,0.0,0.0
Justin Wilson,4301,2028,40,-12.951876,0.0,0.0
Aaron Poreda,4313,2028,41,-13.1569395,0.0,0.0
Kyle Drabek,4359,2028,40,-12.951876,0.0,0.0
Craig Breslow,4363,2028,47,-14.39249,0.0,0.0
Joe Saunders,4366,2028,47,-14.39249,0.0,0.0
Jeremy Hellickson,4371,2028,41,-13.196952,0.0,0.0
Brad Mills,4420,2028,43,-13.617883,0.0,0.0
Josh Wall,4436,2028,41,-13.196952,0.0,0.0
Pedro Hernandez,4578,2028,39,-12.688193,0.0,0.0
Matt Lindstrom,4604,2028,48,-14.555543,0.0,0.0
Bobby Korecky,4608,2028,48,-14.52407,0.0,0.0
Jason Pridie,4611,2028,44,-13.495929,0.0,0.0
Joe Thatcher,4620,2028,46,-14.219504,0.0,0.0
Sam LeCure,4664,2028,44,-13.841517,0.0,0.0
Pat Neshek,4682,2028,47,-14.39249,0.0,0.0
Jeff Francis,4684,2028,47,-14.39249,0.0,0.0
Nate Jones,4696,2028,42,-13.423045,0.0,0.0
Sergio Santos,4734,2028,44,-13.841517,0.0,0.0
Donnie Veal,4741,2028,43,-13.6378765,0.0,0.0
Jonathan Broxton,4759,2028,44,-13.841517,0.0,0.0
Felix Hernandez,4772,2028,42,-13.423045,0.0,0.0
Matt Shoemaker,4776,2028,41,-13.218363,0.0,0.0
Vinnie Pestano,4782,2028,43,-13.6378765,0.0,0.0
Rich Hill,4806,2028,48,-14.555543,0.0,0.0
Brandon Maurer,4878,2028,37,-12.129495,0.0,0.0
Scott Kazmir,4897,2028,44,-13.8220825,0.0,0.0
Justin De Fratus,4955,2028,40,-12.951876,0.0,0.0
Fernando Salas,4971,2028,43,-13.6378765,0.0,0.0
Fernando Abad,4994,2028,42,-13.423045,0.0,0.0
Jake Diekman,5003,2028,41,-13.196952,0.0,0.0
Bo Schultz,5028,2028,42,-13.465198,0.0,0.0
Dale Thayer,5032,2028,47,-14.39249,0.0,0.0
Josh Fields,5070,2028,42,-13.444072,0.0,0.0
Evan Meek,5109,2028,45,-14.018912,0.0,0.0
Alfredo Aceves,5164,2028,45,-14.035395,0.0,0.0
C.C. Lee,5177,2028,41,-13.218363,0.0,0.0
Ernesto Frieri,5178,2028,42,-13.423045,0.0,0.0
Mike Pelfrey,5203,2028,44,-13.841517,0.0,0.0
Chris Perez,5213,2028,42,-13.423045,0.0,0.0
Wade LeBlanc,5221,2028,43,-13.6378765,0.0,0.0
Blake Parker,5224,2028,43,-13.6378765,0.0,0.0
Rudy Owens,5226,2028,40,-12.996308,0.0,0.0
Vin Mazzaro,5231,2028,41,-13.196952,0.0,0.0
Jose Alvarez,5358,2028,39,-12.716186,0.0,0.0
Phillippe Aumont,5362,2028,39,-12.688193,0.0,0.0
Michael Pineda,5372,2028,39,-12.685018,0.0,0.0
Jorge De Leon,5397,2028,40,-12.977582,0.0,0.0
Pedro Baez,5420,2028,40,-12.996308,0.0,0.0
Jesse Chavez,5448,2028,44,-13.841517,0.0,0.0
Arodys Vizcaino,5498,2028,37,-12.101595,0.0,0.0
Dana Eveland,5508,2028,44,-13.822458,0.0,0.0
Boone Logan,5525,2028,43,-13.6378765,0.0,0.0
Maikel Cleto,5529,2028,39,-12.688193,0.0,0.0
Phil Coke,5535,2028,45,-14.035395,0.0,0.0
Matt Harrison,5551,2028,42,-13.423045,0.0,0.0
Tyler Clippard,5640,2028,43,-13.6378765,0.0,0.0
Brooks Brown,5679,2028,43,-13.676995,0.0,0.0
Josh Lueke,5722,2028,43,-13.6378765,0.0,0.0
Eric O'Flaherty,5746,2028,43,-13.6378765,0.0,0.0
Jorge Rondon,5791,2028,40,-12.996308,0.0,0.0
Jason Motte,5861,2028,46,-14.206427,0.0,0.0
Danny Salazar,5867,2028,38,-12.43399,0.0,0.0
Gonzalez Germen,5876,2028,40,-12.977582,0.0,0.0
Darin Downs,5903,2028,43,-13.6378765,0.0,0.0
Sean Marshall,5905,2028,45,-14.035395,0.0,0.0
Wesley Wright,5960,2028,43,-13.6378765,0.0,0.0
Jonathan Papelbon,5975,2028,47,-14.39249,0.0,0.0
Francisley Bueno,5980,2028,47,-14.39249,0.0,0.0
Kelvin Herrera,6033,2028,38,-12.403917,0.0,0.0
Matt Pagnozzi,6046,2028,45,-13.777914,0.0,0.0
Joe Wieland,6109,2028,38,-12.418596,0.0,0.0
Juan Jaime,6127,2028,40,-12.996308,0.0,0.0
Scott Baker,6176,2028,46,-14.202483,0.0,0.0
Dellin Betances,6216,2028,40,-12.935711,0.0,0.0
Tom Gorzelanny,6244,2028,45,-14.035395,0.0,0.0
Scott Feldman,6283,2028,45,-14.035395,0.0,0.0
Esmil Rogers,6317,2028,42,-13.423045,0.0,0.0
Al Alburquerque,6324,2028,42,-13.423045,0.0,0.0
Ryan Feierabend,6336,2028,42,-13.297945,0.0,0.0
Chris Archer,6345,2028,39,-12.719233,0.0,0.0
Henry Rodriguez,6371,2028,41,-13.196952,0.0,0.0
Trevor May,6398,2028,38,-12.451942,0.0,0.0
Jose Cisnero,6399,2028,39,-12.716186,0.0,0.0
Kevin Jepsen,6475,2028,43,-13.6378765,0.0,0.0
Steve Cishek,6483,2028,42,-13.423045,0.0,0.0
Brian Wilson,6485,2028,46,-14.219504,0.0,0.0
Donnie Joseph,6491,2028,40,-12.977582,0.0,0.0
Blaine Hardy,6499,2028,41,-13.237641,0.0,0.0
Josh Zeid,6527,2028,41,-13.218363,0.0,0.0
Pat McCoy,6605,2028,39,-12.733999,0.0,0.0
Marc Rzepczynski,6612,2028,42,-13.423045,0.0,0.0
Pedro Figueroa,6616,2028,42,-13.423045,0.0,0.0
Brad Brach,6627,2028,42,-13.423045,0.0,0.0
Carlos Carrasco,6632,2028,41,-13.179664,0.0,0.0
Jim Henderson,6653,2028,45,-14.035395,0.0,0.0
Craig Kimbrel,6655,2028,40,-12.951876,0.0,0.0
Alex Colome,6661,2028,39,-12.716186,0.0,0.0
Luke Putkonen,6736,2028,42,-13.423045,0.0,0.0
Cesar Cabral,6741,2028,39,-12.716186,0.0,0.0
Andrew Miller,6785,2028,43,-13.6378765,0.0,0.0
Sam Freeman,6832,2028,41,-13.196952,0.0,0.0
Jeff Manship,6865,2028,43,-13.6378765,0.0,0.0
Martin Perez,6902,2028,37,-12.097138,0.0,0.0
Joakim Soria,6941,2028,44,-13.8220825,0.0,0.0
Yohan Pino,6955,2028,44,-13.877804,0.0,0.0
Drew Storen,6983,2028,40,-12.951876,0.0,0.0
Luis Garcia,6984,2028,41,-13.218363,0.0,0.0
Ryan Pressly,7005,2028,39,-12.716186,0.0,0.0
Alex Torres,7038,2028,40,-12.935711,0.0,0.0
Eric Fornataro,7042,2028,40,-12.996308,0.0,0.0
Trevor Bell,7074,2028,41,-13.146607,0.0,0.0
John Lannan,7080,2028,43,-13.6378765,0.0,0.0
Jonathan Pettibone,7106,2028,37,-12.129495,0.0,0.0
Daniel Hudson,7146,2028,41,-13.189172,0.0,0.0
Chris Withrow,7161,2028,39,-12.716186,0.0,0.0
Ryan Mattheus,7169,2028,44,-13.841517,0.0,0.0
B.J. Rosenberg,7183,2028,42,-13.423045,0.0,0.0
Greg Holland,7196,2028,42,-13.423045,0.0,0.0
Nick Masset,7267,2028,46,-14.190935,0.0,0.0
Brad Ziegler,7293,2028,48,-14.555543,0.0,0.0
Preston Guilmet,7303,2028,40,-12.977582,0.0,0.0
Casey Janssen,7355,2028,46,-14.219504,0.0,0.0
Dan Otero,7385,2028,43,-13.6378765,0.0,0.0
Javy Guerra,7407,2028,42,-13.423045,0.0,0.0
J.A. Happ,7410,2028,45,-14.035395,0.0,0.0
Austin Adams,7411,2028,41,-13.237641,0.0,0.0
Mark Lowe,7416,2028,45,-14.035395,0.0,0.0
Bradin Hagens,7422,2028,39,-12.733999,0.0,0.0
Wade Davis,7441,2028,42,-13.423045,0.0,0.0
Jim Miller,7458,2028,46,-14.219504,0.0,0.0
Anthony Swarzak,7466,2028,42,-13.423045,0.0,0.0
Ryan Webb,7474,2028,42,-13.423045,0.0,0.0
Scott Elbert,7489,2028,42,-13.400792,0.0,0.0
Tommy Layne,7501,2028,43,-13.6378765,0.0,0.0
Evan Scribner,7525,2028,42,-13.423045,0.0,0.0
Collin McHugh,7531,2028,41,-13.196952,0.0,0.0
Lucas Harrell,7541,2028,43,-13.6378765,0.0,0.0
Jake McGee,7550,2028,41,-13.196952,0.0,0.0
Jarrett Grube,7553,2028,46,-14.2429,0.0,0.0
Nick Vincent,7555,2028,41,-13.196952,0.0,0.0
Fernando Rodriguez,7558,2028,44,-13.822458,0.0,0.0
Tommy Milone,7608,2028,41,-13.196952,0.0,0.0
Chris Leroux,7645,2028,44,-13.841517,0.0,0.0
Neil Ramirez,7677,2028,39,-12.733999,0.0,0.0
Bobby LaFromboise,7758,2028,42,-13.444072,0.0,0.0
Yoslan Herrera,7759,2028,47,-14.324369,0.0,0.0
Shawn Kelley,7773,2028,44,-13.841517,0.0,0.0
Hunter Strickland,7836,2028,39,-12.733999,0.0,0.0
Jerry Blevins,7841,2028,44,-13.841517,0.0,0.0
Josh Lindblom,7882,2028,41,-13.196952,0.0,0.0
Matt Daley,7952,2028,46,-14.202483,0.0,0.0
Matt West,7980,2028,39,-12.733999,0.0,0.0
Anthony Bass,7982,2028,40,-12.838427,0.0,0.0
Ramon Ramirez,7986,2028,46,-14.219504,0.0,0.0
Paul Clemens,8037,2028,40,-12.977582,0.0,0.0
Glen Perkins,8041,2028,45,-14.035395,0.0,0.0
Jason Vargas,8044,2028,45,-14.035395,0.0,0.0
Will Smith,8048,2028,38,-12.403917,0.0,0.0
Dan Jennings,8073,2028,41,-13.196952,0.0,0.0
Stephen Fife,8077,2028,41,-13.196952,0.0,0.0
Bryan Shaw,8110,2028,40,-12.951876,0.0,0.0
Neil Wagner,8162,2028,44,-13.8220825,0.0,0.0
Kevin Siegrist,8180,2028,38,-12.43399,0.0,0.0
Steven Wright,8185,2028,43,-13.656911,0.0,0.0
David Robertson,8241,2028,43,-13.6378765,0.0,0.0
J.P. Howell,8245,2028,45,-14.035395,0.0,0.0
Billy Buckner,8253,2028,44,-13.80365,0.0,0.0
Huston Street,8258,2028,44,-13.841517,0.0,0.0
Casey Coleman,8270,2028,40,-12.925238,0.0,0.0
Tony Sipp,8280,2028,44,-13.841517,0.0,0.0
Lucas Luetge,8337,2028,41,-13.196952,0.0,0.0
Jared Burton,8346,2028,47,-14.39249,0.0,0.0
AJ Ramos,8350,2028,41,-13.196952,0.0,0.0
Troy Patton,8368,2028,42,-13.423045,0.0,0.0
Steve Geltz,8402,2028,40,-12.960301,0.0,0.0
Alfredo Figaro,8404,2028,43,-13.602027,0.0,0.0
Bryan Price,8436,2028,41,-13.237641,0.0,0.0
Danny Farquhar,8501,2028,41,-13.179664,0.0,0.0
Jeff Beliveau,8504,2028,41,-13.196952,0.0,0.0
Michael Kohn,8505,2028,42,-13.405132,0.0,0.0
Rob Wooten,8532,2028,42,-13.444072,0.0,0.0
Justin Miller,8580,2028,41,-13.237641,0.0,0.0
Dustin McGowan,8600,2028,46,-14.202483,0.0,0.0
Wilking Rodriguez,8801,2028,38,-12.451942,0.0,0.0
Ryan Cook,8855,2028,41,-13.196952,0.0,0.0
David Martinez,8893,2028,40,-12.977582,0.0,0.0
Arquimedes Caminero,8992,2028,41,-13.218363,0.0,0.0
Adam Warren,9029,2028,40,-12.951876,0.0,0.0
John Axford,9059,2028,45,-14.035395,0.0,0.0
Kirby Yates,9073,2028,41,-13.237641,0.0,0.0
Zach Putnam,9080,2028,40,-12.951876,0.0,0.0
T.J. House,9121,2028,38,-12.451942,0.0,0.0
Charlie Leesman,9124,2028,41,-13.218363,0.0,0.0
Sean O'Sullivan,9137,2028,40,-12.935711,0.0,0.0
Lester Oliveros,9167,2028,40,-12.925238,0.0,0.0
Kyle Lobstein,9178,2028,38,-12.451942,0.0,0.0
Vic Black,9195,2028,40,-12.977582,0.0,0.0
Koji Uehara,9227,2028,53,-15.286754,0.0,0.0
Alex Wilson,9239,2028,41,-13.218363,0.0,0.0
David Carpenter,9244,2028,40,-12.951876,0.0,0.0
Ryan Dennick,9261,2028,41,-13.237641,0.0,0.0
Rob Scahill,9286,2028,41,-13.196952,0.0,0.0
Dylan Axelrod,9303,2028,42,-13.423045,0.0,0.0
Jared Hughes,9325,2028,42,-13.423045,0.0,0.0
Brandon Morrow,9346,2028,43,-13.6378765,0.0,0.0
Josh Tomlin,9388,2028,43,-13.6378765,0.0,0.0
John Holdzkom,9392,2028,40,-12.996308,0.0,0.0
Zac Rosscup,9419,2028,40,-12.977582,0.0,0.0
Ryan Buchter,9456,2028,41,-13.237641,0.0,0.0
George Kontos,9486,2028,43,-13.6378765,0.0,0.0
Phil Irwin,9489,2028,41,-13.218363,0.0,0.0
Jeremy Jeffress,9490,2028,40,-12.951876,0.0,0.0
Jose Ortega,9651,2028,39,-12.688193,0.0,0.0
Louis Coleman,9720,2028,42,-13.423045,0.0,0.0
Burke Badenhop,9736,2028,45,-14.035395,0.0,0.0
Rex Brothers,9794,2028,40,-12.951876,0.0,0.0
Miles Mikolas,9803,2028,39,-12.688193,0.0,0.0
Sergio Romo,9817,2028,45,-14.035395,0.0,0.0
Chaz Roe,9866,2028,41,-13.218363,0.0,0.0
Bryan Anderson,9871,2028,41,-12.510868,0.0,0.0
Michael Kirkman,9877,2028,41,-13.196952,0.0,0.0
Chris Rusin,9895,2028,41,-13.196952,0.0,0.0
Bobby Parnell,9926,2028,43,-13.6378765,0.0,0.0
Brandon Kintzler,9939,2028,43,-13.6378765,0.0,0.0
Todd Redmond,9943,2028,43,-13.6378765,0.0,0.0
Mike Dunn,9948,2028,43,-13.6378765,0.0,0.0
Tom Wilhelmsen,9975,2028,44,-13.841517,0.0,0.0
Taylor Thompson,10019,2028,41,-13.237641,0.0,0.0
Ian Krol,10066,2028,37,-12.129495,0.0,0.0
Caleb Thielbar,10078,2028,41,-13.218363,0.0,0.0
Keith Butler,10080,2028,39,-12.716186,0.0,0.0
Dane de la Rosa,10095,2028,45,-14.035395,0.0,0.0
Brad Boxberger,10133,2028,40,-12.951876,0.0,0.0
Aaron Crow,10149,2028,41,-13.196952,0.0,0.0
Jose Ramirez,10171,2028,38,-12.451942,0.0,0.0
Melvin Mercedes,10181,2028,37,-12.145901,0.0,0.0
Tyler Skaggs,10190,2028,36,-11.7692995,0.0,0.0
Aroldis Chapman,10233,2028,40,-12.951876,0.0,0.0
Bryan Morris,10234,2028,41,-13.196952,0.0,0.0
Alexi Ogando,10261,2028,44,-13.841517,0.0,0.0
Justin Marks,10265,2028,40,-12.996308,0.0,0.0
Tanner Scheppers,10267,2028,41,-13.196952,0.0,0.0
Chris Heston,10302,2028,40,-12.996308,0.0,0.0
Roman Mendez,10307,2028,37,-12.145901,0.0,0.0
Erasmo Ramirez,10314,2028,38,-12.403917,0.0,0.0
Michael Tonkin,10315,2028,38,-12.43399,0.0,0.0
Chad Jenkins,10326,2028,40,-12.951876,0.0,0.0
Nick Christiani,10332,2028,40,-12.977582,0.0,0.0
Edwin Escobar,10337,2028,36,-11.819289,0.0,0.0
Aaron Loup,10343,2028,40,-12.951876,0.0,0.0
Carlos Contreras,10386,2028,37,-12.145901,0.0,0.0
Wilfredo Tovar,10416,2028,36,-11.951192,0.0,0.0
Shawn Tolleson,10481,2028,40,-12.951876,0.0,0.0
Yoervis Medina,10498,2028,39,-12.716186,0.0,0.0
Preston Claiborne,10500,2028,40,-12.977582,0.0,0.0
Mario Hollands,10504,2028,39,-12.733999,0.0,0.0
Jake Petricka,10534,2028,40,-12.977582,0.0,0.0
Daniel Webb,10558,2028,38,-12.43399,0.0,0.0
Addison Reed,10586,2028,39,-12.688193,0.0,0.0
Chad Bettis,10587,2028,39,-12.716186,0.0,0.0
Chris Sale,10603,2028,39,-12.688193,0.0,0.0
Seth Rosin,10606,2028,39,-12.733999,0.0,0.0
Stephen Pryor,10663,2028,38,-12.403917,0.0,0.0
Red Patterson,10710,2028,41,-13.237641,0.0,0.0
Trevor Rosenthal,10745,2028,38,-12.403917,0.0,0.0
Shane Greene,10756,2028,39,-12.733999,0.0,0.0
Josh Edgin,10796,2028,41,-13.196952,0.0,0.0
Jake Dunning,10803,2028,39,-12.716186,0.0,0.0
Mike Foltynewicz,10811,2028,36,-11.819289,0.0,0.0
Michael Mariot,10835,2028,39,-12.733999,0.0,0.0
Chasen Shreve,10855,2028,37,-12.145901,0.0,0.0
Jake Buchanan,10962,2028,38,-12.451942,0.0,0.0
Ben Rowen,10983,2028,39,-12.733999,0.0,0.0
C.J. Riefenhauser,11193,2028,38,-12.451942,0.0,0.0
Casey Sadler,11209,2028,37,-12.145901,0.0,0.0
Kevin Chapman,11240,2028,40,-12.977582,0.0,0.0
Aaron Barrett,11243,2028,40,-12.996308,0.0,0.0
Rob Rasmussen,11250,2028,39,-12.733999,0.0,0.0
Logan Darnell,11261,2028,39,-12.733999,0.0,0.0
Lisalverto Bonilla,11266,2028,38,-12.451942,0.0,0.0
Sean Nolin,11341,2028,38,-12.43399,0.0,0.0
A.J. Achter,11387,2028,39,-12.733999,0.0,0.0
Drew Pomeranz,11426,2028,39,-12.688193,0.0,0.0
Brandon Workman,11428,2028,39,-12.716186,0.0,0.0
Bryan Mitchell,11479,2028,37,-12.145901,0.0,0.0
Aaron Sanchez,11490,2028,35,-11.467754,0.0,0.0
Jose Dominguez,11571,2028,37,-12.129495,0.0,0.0
Mike Kickham,11618,2028,39,-12.716186,0.0,0.0
Heath Hembree,11632,2028,39,-12.716186,0.0,0.0
Sam Dyson,11710,2028,40,-12.951876,0.0,0.0
Erik Goeddel,11712,2028,39,-12.733999,0.0,0.0
Justin Grimm,11720,2028,39,-12.688193,0.0,0.0
Kyle Ryan,11753,2028,36,-11.819289,0.0,0.0
Drew Smyly,11760,2028,39,-12.688193,0.0,0.0
Hector Neris,11804,2028,39,-12.733999,0.0,0.0
Steve Delabar,11827,2028,44,-13.841517,0.0,0.0
James Paxton,11828,2028,39,-12.716186,0.0,0.0
Taijuan Walker,11836,2028,35,-11.452488,0.0,0.0
Chris Martin,11847,2028,42,-13.465198,0.0,0.0
Brett Bochy,11867,2028,40,-12.996308,0.0,0.0
Scott Snodgress,12020,2028,38,-12.451942,0.0,0.0
Brian Flynn,12027,2028,38,-12.43399,0.0,0.0
Yimi Garcia,12095,2028,37,-12.145901,0.0,0.0
Matt Stites,12165,2028,38,-12.451942,0.0,0.0
Cody Allen,12183,2028,39,-12.688193,0.0,0.0
Aaron Brooks,12272,2028,38,-12.451942,0.0,0.0
Leonel Campos,12277,2028,40,-12.996308,0.0,0.0
Evan Marshall,12297,2028,38,-12.451942,0.0,0.0
Chris Bassitt,12304,2028,39,-12.733999,0.0,0.0
Kevin Quackenbush,12360,2028,39,-12.733999,0.0,0.0
Spencer Patton,12361,2028,40,-12.996308,0.0,0.0
Drew Rucinski,12499,2028,39,-12.733999,0.0,0.0
Erik Johnson,12520,2028,38,-12.43399,0.0,0.0
Nick Maronde,12530,2028,38,-12.403917,0.0,0.0
Nathan Karns,12638,2028,40,-12.977582,0.0,0.0
Roenis Elias,12673,2028,39,-12.733999,0.0,0.0
Phil Klein,12675,2028,39,-12.733999,0.0,0.0
Trevor Bauer,12703,2028,37,-12.097138,0.0,0.0
Nick Martinez,12730,2028,37,-12.145901,0.0,0.0
Sonny Gray,12768,2028,38,-12.43399,0.0,0.0
Jairo Diaz,12774,2028,37,-12.145901,0.0,0.0
Carter Capps,12803,2028,37,-12.097138,0.0,0.0
Matt Barnes,12863,2028,38,-12.451942,0.0,0.0
Alex Claudio,12890,2028,36,-11.819289,0.0,0.0
Ken Giles,12910,2028,37,-12.145901,0.0,0.0
Wei-Yin Chen,13071,2028,42,-13.423045,0.0,0.0
Frank Garces,13144,2028,38,-12.451942,0.0,0.0
Carson Smith,13172,2028,38,-12.451942,0.0,0.0
Danny Coulombe,13293,2028,38,-12.451942,0.0,0.0
Cam Bedrosian,13360,2028,36,-11.819289,0.0,0.0
Paco Rodriguez,13398,2028,37,-12.097138,0.0,0.0
R.J. Alvarez,13401,2028,37,-12.145901,0.0,0.0
Drew VerHagen,13424,2028,37,-12.145901,0.0,0.0
Marcus Stroman,13431,2028,37,-12.145901,0.0,0.0
Mike Morin,13442,2028,37,-12.145901,0.0,0.0
Daniel Norris,13475,2028,35,-11.467754,0.0,0.0
Sam Tuivailala,13485,2028,35,-11.467754,0.0,0.0
Chad Smith,13604,2028,38,-12.451942,0.0,0.0
Michael Roth,13736,2028,38,-12.43399,0.0,0.0
Dominic Leone,13763,2028,36,-11.819289,0.0,0.0
Ian Thomas,13881,2028,41,-13.237641,0.0,0.0
Kevin Gausman,14107,2028,37,-12.129495,0.0,0.0
Shae Simmons,14200,2028,37,-12.145901,0.0,0.0
Dario Alvarez,14239,2028,39,-12.733999,0.0,0.0
Wei-Chung Wang,14382,2028,36,-11.819289,0.0,0.0
Kyuji Fujikawa,14443,2028,47,-14.395225,0.0,0.0
Buck Farmer,14814,2028,37,-12.145901,0.0,0.0
Corey Knebel,15010,2028,36,-11.819289,0.0,0.0
Kyle Crockett,15033,2028,36,-11.819289,0.0,0.0
Kendall Graveman,15514,2028,37,-12.145901,0.0,0.0
Miguel Gonzalez,15675,2028,41,-13.237641,0.0,0.0
Brandon Finnegan,16208,2028,35,-11.467754,0.0,0.0
Avisail Garcia,5760,2028,37,-10.344923,0.0,0.0
David Murphy,6035,2028,46,-13.661108,0.0,0.0
Jeff Baker,2073,2028,47,-14.492799,0.0,0.0
Zach Walters,10622,2028,38,-12.387755,0.0,0.0
Geovany Soto,3707,2028,45,-13.913733,0.0,0.0
Brad Snyder,6052,2028,46,-14.103044,0.0,0.0
Reid Brignac,8380,2028,42,-12.902442,0.0,0.0
Brayan Pena,3231,2028,46,-13.364722,0.0,0.0
Daniel Descalso,8392,2028,41,-12.155292,0.0,0.0
Xavier Nady,1658,2028,49,-15.041377,0.0,0.0
Michael A. Taylor,11489,2028,37,-14.318855,0.0,0.0
Adam Moore,9362,2028,44,-13.439096,0.0,0.0
Jake Goebbert,9431,2028,40,-10.119333,0.0,0.0
Elian Herrera,5432,2028,43,-11.669205,0.0,0.0
Steve Clevenger,9542,2028,42,-13.850966,0.0,0.0
Steven Souza Jr.,5667,2028,39,-13.109617,0.0,0.0
Chris Valaika,1165,2028,42,-13.131515,0.0,0.0
Dan Butler,9968,2028,41,-13.619186,0.0,0.0
Logan Forsythe,7185,2028,41,-12.62052,0.0,0.0
Wil Myers,10047,2028,37,-9.718022,0.0,0.0
Jedd Gyorko,10816,2028,39,-12.243763,0.0,0.0
J.T. Realmuto,11739,2028,37,-12.561576,0.0,0.0
Moises Sierra,6050,2028,39,-11.898508,0.0,0.0
Ian Stewart,5950,2028,43,-11.420269,0.0,0.0
Xavier Scruggs,7409,2028,40,-13.368579,0.0,0.0
Christian Walker,13419,2028,37,-8.674074,0.0,0.0
Joaquin Arias,3817,2028,43,-13.019319,0.0,0.0
Yolmer Sanchez,11602,2028,36,-10.579066,0.0,0.0
Jason Bourgeois,2225,2028,46,-12.912947,0.0,0.0
Andy Marte,3203,2028,44,-12.988241,0.0,0.0
Tuffy Gosewisch,5277,2028,44,-14.2357645,0.0,0.0
Freddy Galvis,6609,2028,38,-10.338353,0.0,0.0
Austin Romine,5491,2028,39,-13.011456,0.0,0.0
Carlos Triunfel,193,2028,38,-12.351534,0.0,0.0
Dean Anna,8353,2028,41,-12.307702,0.0,0.0
Nate McLouth,3190,2028,46,-9.290847,0.0,0.0
Justin Sellers,4006,2028,42,-13.19316,0.0,0.0
Vince Belnome,8126,2028,40,-12.996308,0.0,0.0
Curt Casali,12510,2028,39,-13.04239,0.0,0.0
Raffy Lopez,12606,2028,40,-12.996308,0.0,0.0
Jim Adduci,6448,2028,43,-7.5076632,0.0,0.0
Jake Elmore,7290,2028,41,-12.319127,0.0,0.0
Luis Jimenez,6341,2028,40,-11.93324,0.0,0.0
Danny Worth,198,2028,42,-12.857885,0.0,0.0
Hector Gomez,2264,2028,40,-10.574699,0.0,0.0
Jorge De La Rosa,2047,2028,47,-14.39249,0.0,0.0
Alfredo Simon,2155,2028,47,-14.39249,0.0,0.0
Johnny Cueto,6893,2028,42,-13.423045,0.0,0.0
Franklin Morales,5088,2028,42,-13.423045,0.0,0.0
Brandon McCarthy,4662,2028,44,-13.841517,0.0,0.0
Kyle Lohse,739,2028,49,-14.710451,0.0,0.0
Ervin Santana,3200,2028,45,-14.035395,0.0,0.0
Gio Gonzalez,7448,2028,42,-13.423045,0.0,0.0
Jeff Locke,2929,2028,40,-12.951876,0.0,0.0
Francisco Liriano,3201,2028,44,-13.841517,0.0,0.0
Trevor Cahill,6249,2028,40,-12.951876,0.0,0.0
Yohan Flande,5057,2028,42,-13.465198,0.0,0.0
Mat Latos,3815,2028,40,-12.969225,0.0,0.0
Gavin Floyd,3886,2028,45,-14.035395,0.0,0.0
Tim Lincecum,5705,2028,44,-13.841517,0.0,0.0
Mike Bolsinger,11137,2028,40,-12.996308,0.0,0.0
Brett Jackson,9632,2028,39,-12.53621,0.0,0.0
Tyler Chatwood,4338,2028,38,-12.403917,0.0,0.0
Jesse Hahn,13287,2028,38,-12.451942,0.0,0.0
Joey Butler,7799,2028,42,-13.202839,0.0,0.0
Vidal Nuno,9674,2028,40,-12.977582,0.0,0.0
Tsuyoshi Wada,13046,2028,47,-14.405905,0.0,0.0
Mike Baxter,4464,2028,43,-13.802172,0.0,0.0
David Hale,9756,2028,40,-12.977582,0.0,0.0
Jamey Wright,715,2028,53,-15.286754,0.0,0.0
R.A. Dickey,1245,2028,53,-15.291881,0.0,0.0
Rick Porcello,2717,2028,39,-12.688193,0.0,0.0
Danny Duffy,3542,2028,39,-12.688193,0.0,0.0
Carlos Frias,3547,2028,38,-12.451942,0.0,0.0
Jon Lester,4930,2028,44,-13.841517,0.0,0.0
Tony Abreu,5053,2028,43,-13.481172,0.0,0.0
Chris Tillman,5279,2028,40,-12.951876,0.0,0.0
Brad Peacock,5401,2028,40,-12.935711,0.0,0.0
Jair Jurrjens,5556,2028,42,-1.8393255,0.0,0.0
Jose Constanza,6003,2028,44,-12.616304,0.0,0.0
David Phelps,6316,2028,41,-13.196952,0.0,0.0
Stolmy Pimentel,6415,2028,38,-12.43399,0.0,0.0
Chase d'Arnaud,6652,2028,41,-14.048429,0.0,0.0
Miguel Gonzalez,7024,2028,44,-13.841517,0.0,0.0
Phil Hughes,7450,2028,42,-13.423045,0.0,0.0
Carlos Torres,7624,2028,45,-14.035395,0.0,0.0
David Holmberg,7725,2028,36,-11.803289,0.0,0.0
Matt Hague,7772,2028,42,-13.05348,0.0,0.0
Jaff Decker,7945,2028,38,-12.34494,0.0,0.0
Guillermo Quiroz,7989,2028,46,-14.447344,0.0,0.0
Nick Greenwood,8182,2028,40,-12.996308,0.0,0.0
Cord Phelps,8631,2028,41,-13.42642,0.0,0.0
Ali Solis,8848,2028,40,-12.960301,0.0,0.0
Garrett Richards,9784,2028,40,-12.951876,0.0,0.0
Kevin Slowey,9918,2028,44,-13.8220825,0.0,0.0
Lane Adams,10767,2028,38,-11.355308,0.0,0.0
Eric Jokisch,11157,2028,38,-12.451942,0.0,0.0
Aaron Altherr,11270,2028,37,-12.145901,0.0,0.0
Tommy Kahnle,11384,2028,38,-12.451942,0.0,0.0
Jose Quintana,11423,2028,39,-12.688193,0.0,0.0
Anthony Ranaudo,11424,2028,38,-12.451942,0.0,0.0
Rafael Montero,12760,2028,37,-12.145901,0.0,0.0
Eddie Butler,13453,2028,37,-12.145901,0.0,0.0
Matthew Clark,8793,2028,41,-13.457826,0.0,0.0
C.J. Cron,12546,2028,38,-12.821404,0.0,0.0
Kurt Suzuki,8259,2028,44,-13.954596,0.0,0.0
Eric Hosmer,3516,2028,38,-11.513888,0.0,0.0
Ryan Howard,2154,2028,48,-14.871205,0.0,0.0
Bobby Abreu,945,2028,54,-14.701859,0.0,0.0
Lyle Overbay,1617,2028,51,-14.732637,0.0,0.0
Grant Green,10053,2028,40,-12.711839,0.0,0.0
Alex Presley,5305,2028,42,-10.919614,0.0,0.0
Don Kelly,2216,2028,48,-12.613359,0.0,0.0
Gordon Beckham,9015,2028,41,-12.867241,0.0,0.0
Justin Smoak,9054,2028,41,-13.428607,0.0,0.0
Cole Gillespie,5888,2028,44,-11.638139,0.0,0.0
Donnie Murphy,4704,2028,45,-13.46507,0.0,0.0
Adam Duvall,10950,2028,39,-10.154797,0.0,0.0
Roger Bernadina,6421,2028,44,-12.265566,0.0,0.0
Jerry Sands,4016,2028,40,-13.180911,0.0,0.0
Koyie Hill,1829,2028,49,-14.772512,0.0,0.0
Tyler Pastornicky,6777,2028,38,-11.620239,0.0,0.0
Logan Schafer,7937,2028,41,-10.999052,0.0,0.0
Zelous Wheeler,8822,2028,41,-13.555676,0.0,0.0
Omar Quintanilla,6335,2028,46,-14.407678,0.0,0.0
Yorman Rodriguez,9922,2028,35,-12.437692,0.0,0.0
Jack Hannahan,3692,2028,48,-14.687918,0.0,0.0
John McDonald,395,2028,53,-14.998585,0.0,0.0
Taylor Teagarden,5199,2028,44,-13.8418045,0.0,0.0
Brent Morel,6402,2028,41,-11.94927,0.0,0.0
Sandy Leon,5273,2028,39,-12.987501,0.0,0.0
Rafael Furcal,88,2028,50,-13.755276,0.0,0.0
Jason Rogers,11773,2028,40,-12.996308,0.0,0.0
Brooks Conrad,3664,2028,48,-13.941684,0.0,0.0
Guilder Rodriguez,3412,2028,44,-13.299814,0.0,0.0
Zoilo Almonte,6732,2028,39,-7.6545835,0.0,0.0
Ryan Roberts,5653,2028,47,-14.438538,0.0,0.0
Darin Mastroianni,7316,2028,42,-11.382935,0.0,0.0
Irving Falu,6165,2028,45,-12.666342,0.0,0.0
Marco Scutaro,1555,2028,52,-14.764221,0.0,0.0
Yovani Gallardo,8173,2028,42,-13.423045,0.0,0.0
Tanner Roark,8753,2028,41,-13.218363,0.0,0.0
Julio Teheran,6797,2028,37,-12.097138,0.0,0.0
Lance Lynn,2520,2028,41,-13.196952,0.0,0.0
Eric Stults,8011,2028,48,-14.555543,0.0,0.0
Zack Wheeler,10310,2028,38,-12.43399,0.0,0.0
Alex Wood,13781,2028,37,-12.129495,0.0,0.0
Vance Worley,6435,2028,40,-12.951876,0.0,0.0
Juan Nicasio,7731,2028,41,-13.196952,0.0,0.0
Alex Guerrero,15670,2028,41,-11.543993,0.0,0.0
Cristhian Adames,6013,2028,36,-12.205624,0.0,0.0
Yusmeiro Petit,4020,2028,43,-13.6378765,0.0,0.0
Mike Fiers,7754,2028,43,-13.6378765,0.0,0.0
Christian Bergman,10925,2028,40,-12.996308,0.0,0.0
Ronny Cedeno,2179,2028,45,-13.776863,0.0,0.0
Carlos Villanueva,4138,2028,44,-13.841517,0.0,0.0
Alexi Casilla,5248,2028,43,-11.767856,0.0,0.0
Jenrry Mejia,8476,2028,38,-12.403917,0.0,0.0
Ryan Lavarnway,8879,2028,40,-13.336212,0.0,0.0
Carlos Gonzalez,7287,2028,42,-11.091668,0.0,0.0
Dan Johnson,2167,2028,48,-14.573655,0.0,0.0
Ryan Wheeler,9312,2028,39,-12.8021965,0.0,0.0
Andrew Brown,3837,2028,43,-13.723111,0.0,0.0
Cesar Hernandez,10556,2028,38,-11.106773,0.0,0.0
Chris Nelson,8175,2028,42,-11.816366,0.0,0.0
Miguel Olivo,1638,2028,49,-14.534891,0.0,0.0
Donald Lutz,10154,2028,39,-11.501888,0.0,0.0
Juan Centeno,7168,2028,38,-12.496554,0.0,0.0
Erisbel Arruebarrena,15809,2028,38,-10.747911,0.0,0.0
Caleb Gindl,5002,2028,39,-12.932959,0.0,0.0
Andrew Cashner,8782,2028,41,-12.81541,0.0,0.0
Kyle Parker,11763,2028,38,-12.172887,0.0,0.0
Maikel Franco,12179,2028,35,-9.9551735,0.0,0.0
Elliot Johnson,4751,2028,44,-11.208919,0.0,0.0
Jeff Francoeur,4792,2028,44,-12.559495,0.0,0.0
Xavier Paul,5963,2028,43,-13.780423,0.0,0.0
Jamie Romak,5552,2028,42,-13.465198,0.0,0.0
Nathan Eovaldi,9132,2028,38,-12.403917,0.0,0.0
Brad Glenn,7392,2028,41,-13.644156,0.0,0.0
Doug Fister,9425,2028,44,-13.841517,0.0,0.0
Roberto Hernandez,3273,2028,47,-14.39249,0.0,0.0
Matt Garza,3340,2028,44,-13.841517,0.0,0.0
Tim Hudson,921,2028,52,-15.149761,0.0,0.0
Charlie Morton,4676,2028,44,-13.841517,0.0,0.0
Dillon Gee,7396,2028,42,-13.423045,0.0,0.0
Brad Hand,9111,2028,38,-12.403917,0.0,0.0
Michael Wacha,14078,2028,36,-11.803289,0.0,0.0
Odrisamer Despaigne,16017,2028,41,-13.237641,0.0,0.0
Jake Peavy,1051,2028,47,-14.39249,0.0,0.0
Josh Rutledge,11167,2028,39,-9.323414,0.0,0.0
Prince Fielder,4613,2028,44,-14.179945,0.0,0.0
Ryan Ludwick,1260,2028,49,-14.694247,0.0,0.0
Grady Sizemore,2197,2028,45,-11.95291,0.0,0.0
Jay Bruce,9892,2028,41,-8.86429,0.0,0.0
Jose Tabata,2411,2028,39,-12.352772,0.0,0.0
Ryan Kalish,6962,2028,40,-9.643403,0.0,0.0
Mike Aviles,5986,2028,47,-9.07967,0.0,0.0
Logan Watkins,4875,2028,38,-9.444761,0.0,0.0
Josh Thole,9689,2028,41,-12.887347,0.0,0.0
Junior Lake,4672,2028,38,-7.6551657,0.0,0.0
Eric Fryer,8145,2028,42,-11.665997,0.0,0.0
John Buck,2041,2028,47,-14.308356,0.0,0.0
Roger Kieschnick,5225,2028,41,-11.848184,0.0,0.0
Mark Ellis,1443,2028,51,-12.70608,0.0,0.0
Alex Gonzalez,520,2028,51,-14.901319,0.0,0.0
Shane Robinson,4249,2028,43,-13.183028,0.0,0.0
Josh Satin,6788,2028,43,-14.042657,0.0,0.0
Michael Martinez,7358,2028,45,-14.120792,0.0,0.0
Tim Federowicz,8609,2028,40,-12.830256,0.0,0.0
Chris Dominguez,9718,2028,41,-13.316586,0.0,0.0
Aaron Harang,1451,2028,50,-14.856255,0.0,0.0
Wily Peralta,7738,2028,39,-12.688193,0.0,0.0
Tom Koehler,6570,2028,42,-13.423045,0.0,0.0
Edinson Volquez,3990,2028,44,-13.841517,0.0,0.0
Chase Anderson,6895,2028,40,-12.996308,0.0,0.0
Mark Trumbo,6876,2028,42,-12.775082,0.0,0.0
Josmil Pinto,6806,2028,39,-12.822966,0.0,0.0
Carlos Beltran,589,2028,51,-14.236312,0.0,0.0
Billy Butler,7399,2028,42,-13.734134,0.0,0.0
Aaron Hill,6104,2028,46,-13.056869,0.0,0.0
Mitch Moreland,3086,2028,42,-13.865824,0.0,0.0
Adrian Nieto,10294,2028,38,-12.500514,0.0,0.0
Anthony Recker,4063,2028,44,-12.713438,0.0,0.0
Reed Johnson,1702,2028,51,-14.840829,0.0,0.0
Kevin Frandsen,7528,2028,46,-14.372478,0.0,0.0
Mike Olt,10698,2028,39,-12.558392,0.0,0.0
Jason Giambi,818,2028,57,-16.022783,0.0,0.0
Jesus Guzman,3118,2028,44,-12.383876,0.0,0.0
Nick Ahmed,12147,2028,38,-12.068907,0.0,0.0
Brennan Boesch,914,2028,43,-9.828151,0.0,0.0
Juan Perez,5371,2028,41,-12.958798,0.0,0.0
Cameron Rupp,11146,2028,39,-13.019672,0.0,0.0
Daric Barton,5928,2028,42,-13.232719,0.0,0.0
Greg Dobbs,2158,2028,49,-14.871716,0.0,0.0
JB Shuck,6677,2028,41,-9.471725,0.0,0.0
Andy Wilkins,11251,2028,39,-11.600708,0.0,0.0
Eli Whiteside,3536,2028,48,-10.883241,0.0,0.0
Neftali Soto,5663,2028,39,-12.053137,0.0,0.0
Domingo Santana,10348,2028,35,-6.636543,0.0,0.0
Chris Colabello,13051,2028,44,-13.420297,0.0,0.0
Cody Ross,1760,2028,47,-14.207308,0.0,0.0
J.P. Arencibia,697,2028,42,-13.777915,0.0,0.0
Marc Krauss,7577,2028,40,-13.288568,0.0,0.0
Carlos Quentin,6274,2028,45,-14.473848,0.0,0.0
Rymer Liriano,4779,2028,37,-9.027767,0.0,0.0
Scott Hairston,1926,2028,48,-14.351505,0.0,0.0
Mike Carp,7480,2028,42,-13.34093,0.0,0.0
Ryan Goins,9807,2028,40,-13.1708,0.0,0.0
Carlos Pena,934,2028,50,-13.735515,0.0,0.0
Jesus Aguilar,11342,2028,38,-12.873108,0.0,0.0
Bartolo Colon,375,2028,55,-15.576497,0.0,0.0
Ryan Doumit,2113,2028,47,-14.205212,0.0,0.0
Christian Bethancourt,10028,2028,36,-10.895071,0.0,0.0
L.J. Hoes,6656,2028,38,-11.643781,0.0,0.0
Brendan Ryan,6073,2028,46,-13.704262,0.0,0.0
Jeff Bianchi,9958,2028,41,-13.228228,0.0,0.0
Dioner Navarro,3179,2028,44,-13.824109,0.0,0.0
Jason Kubel,2161,2028,46,-13.511252,0.0,0.0
Skip Schumaker,3704,2028,48,-13.905158,0.0,0.0
Stephen Drew,4251,2028,45,-13.899484,0.0,0.0
Chris Herrmann,9284,2028,40,-11.915782,0.0,0.0
Justin Maxwell,6827,2028,44,-12.647785,0.0,0.0
Dayan Viciedo,3917,2028,39,-12.937617,0.0,0.0
Jon Singleton,10441,2028,36,-10.109889,0.0,0.0
Alfonso Soriano,847,2028,52,-13.17585,0.0,0.0
Corey Hart,1945,2028,46,-13.515861,0.0,0.0
Oscar Taveras,11173,2028,36,-11.9555435,0.0,0.0
Will Middlebrooks,7002,2028,39,-12.421739,0.0,0.0
Alfredo Marte,5212,2028,39,-12.336431,0.0,0.0
Dan Uggla,3442,2028,48,-14.248449,0.0,0.0
Jayson Nix,3790,2028,45,-11.414304,0.0,0.0
Paul Konerko,242,2028,52,-15.418638,0.0,0.0
Nate Schierholtz,6201,2028,44,-12.339512,0.0,0.0
Tomas Telis,10067,2028,37,-8.674074,0.0,0.0
Charlie Culberson,3298,2028,39,-9.883559,0.0,0.0
Tony Gwynn,6141,2028,45,-11.85486,0.0,0.0
Domonic Brown,3154,2028,40,-11.802214,0.0,0.0
Jordan Pacheco,2677,2028,42,-13.787568,0.0,0.0
John Baker,4756,2028,47,-14.632532,0.0,0.0
Brett Hayes,4293,2028,44,-13.415476,0.0,0.0
Raul Ibanez,607,2028,56,-14.816631,0.0,0.0
Stefen Romero,11746,2028,39,-12.47242,0.0,0.0
A.J. Pierzynski,746,2028,51,-15.175422,0.0,0.0
Matt Dominguez,4903,2028,38,-12.662107,0.0,0.0
Alberto Callaspo,3336,2028,45,-14.202076,0.0,0.0
Ryan Raburn,2218,2028,47,-14.658842,0.0,0.0
Bryan Holaday,11287,2028,40,-12.633383,0.0,0.0
Tony Cruz,2802,2028,41,-12.858981,0.0,0.0
Kendrys Morales,8610,2028,45,-14.422693,0.0,0.0
Allen Craig,3433,2028,43,-13.586065,0.0,0.0
Gerald Laird,1698,2028,48,-14.767977,0.0,0.0
Nick Swisher,4599,2028,47,-14.499574,0.0,0.0
A.J. Ellis,5677,2028,47,-14.66356,0.0,0.0
Jarrod Saltalamacchia,5557,2028,43,-13.501665,0.0,0.0
Michael Choice,11376,2028,38,-12.601059,0.0,0.0
Mookie Betts,13611,2029,36,7.428409,34.08143615722656,8.119789123535156
Jose Ramirez,13510,2029,36,7.3569527,33.74567413330078,7.975614070892334
Arismendy Alcantara,10711,2029,37,6.5597596,32.08309555053711,7.6951398849487305
Gregory Polanco,12907,2029,37,6.343919,31.722551345825195,7.621497631072998
Mike Trout,10155,2029,37,6.3533516,31.552942276000977,7.539510726928711
Christian Yelich,11477,2029,37,6.2736206,31.471771240234375,7.535867691040039
Luis Sardinas,13153,2029,36,6.3626466,31.283754348754883,7.553581237792969
Terrance Gore,13658,2029,38,5.3481097,29.661325454711914,7.2193403244018555
Danny Santana,10322,2029,38,5.191592,29.323509216308594,7.139894008636475
Kolten Wong,12532,2029,38,5.1903534,29.262432098388672,7.119466781616211
Jonathan Villar,10071,2029,38,4.992735,28.93625259399414,7.061458110809326
Anthony Gose,5097,2029,38,5.05364,28.91521644592285,7.048849105834961
Jake Marisnick,11339,2029,38,4.974061,28.745283126831055,7.0263471603393555
Leury Garcia,5913,2029,38,4.968127,28.723154067993164,7.029064178466797
Rusney Castillo,17016,2029,41,5.071013,28.722814559936523,7.163572311401367
Cory Spangenberg,12294,2029,38,4.855563,28.587430953979492,6.989981174468994
Chris Taylor,13757,2029,38,4.615134,28.039756774902344,6.987028121948242
Eury Perez,10299,2029,39,4.2749863,27.526952743530273,6.842353820800781
Billy Hamilton,10199,2029,38,4.17316,27.291545867919922,6.840267181396484
Jean Segura,5933,2029,39,3.9174495,26.81461524963379,6.7427239418029785
Jose Altuve,5417,2029,39,3.7050514,26.39862060546875,6.707155227661133
Billy Burns,12701,2029,39,3.6370022,26.263404846191406,6.6992692947387695
James Jones,9767,2029,40,2.8356743,24.972213745117188,6.567445755004883
Elvis Andrus,8709,2029,40,2.596503,24.54700469970703,6.554308891296387
Starling Marte,9241,2029,40,2.4312794,24.28738784790039,6.5488433837890625
Matt den Dekker,11385,2029,41,1.6527601,23.094486236572266,6.445552825927734
Leonys Martin,11846,2029,41,1.2853613,22.559795379638672,6.426623344421387
Shawn O'Malley,9629,2029,41,1.2944072,22.543764114379883,6.434484481811523
Anthony Rendon,12861,2029,39,1.1014595,22.374378204345703,6.688747882843018
Ben Revere,4712,2029,41,0.7002427,21.70428466796875,6.391170978546143
Dee Strange-Gordon,8203,2029,41,0.2267612,21.097240447998047,6.329039096832275
Jordan Schafer,9883,2029,42,-0.3172756,20.249967575073242,6.124516010284424
Alcides Escobar,6310,2029,42,-0.51493573,20.026695251464844,6.067952632904053
Everth Cabrera,8155,2029,42,-0.5455712,19.951446533203125,6.055125713348389
Jason Kipnis,9776,2029,42,-0.6370522,19.88644790649414,6.028832912445068
Jimmy Paredes,5481,2029,40,-0.5863442,19.642343521118164,6.156440258026123
A.J. Pollock,9256,2029,41,-1.1351848,19.254817962646484,5.924601078033447
Charlie Blackmon,7859,2029,42,-1.2728161,19.09190559387207,5.7831196784973145
Jason Heyward,4940,2029,39,-0.57526183,18.5430850982666,6.010327339172363
Carlos Gomez,4881,2029,43,-1.7211334,18.2408447265625,5.487934589385986
James McCann,12859,2029,39,-0.63711315,18.193422317504883,5.933281421661377
Pedro Ciriaco,5278,2029,43,-1.8423853,18.090864181518555,5.4368577003479
Pedro Florimon,8385,2029,42,-1.898293,17.88910675048828,5.483537197113037
Desmond Jennings,1965,2029,42,-1.9975438,17.694766998291016,5.432413578033447
Lorenzo Cain,9077,2029,43,-2.1391518,17.678192138671875,5.302335262298584
Emilio Bonifacio,4054,2029,44,-2.252316,17.357851028442383,5.15071439743042
Eric Young Jr.,7158,2029,44,-2.3553157,17.19854164123535,5.099943161010742
Jarrod Dyson,4866,2029,44,-2.4797876,17.01039695739746,5.039834499359131
Antoan Richardson,209,2029,45,-2.8346517,16.367542266845703,4.769485950469971
Craig Gentry,9571,2029,45,-3.127042,15.872238159179688,4.6284661293029785
Jacoby Ellsbury,4727,2029,45,-3.3075433,15.512267112731934,4.539880752563477
Adam Eaton,11205,2029,40,-2.0064952,15.128191947937012,5.097823143005371
Drew Stubbs,9328,2029,44,-3.399247,14.939840316772461,4.52262020111084
Tony Campana,4964,2029,43,-3.2051857,14.647387504577637,4.588605880737305
Andrew McCutchen,9847,2029,42,-2.9791167,14.330705642700195,4.646183490753174
Javier Baez,12979,2029,36,-0.5578884,14.059348106384277,5.1940693855285645
Eduardo Nunez,6848,2029,42,-3.1011238,13.846400260925293,4.530222415924072
Brett Gardner,9927,2029,45,-4.0802474,13.52651309967041,4.080503463745117
Denard Span,8347,2029,45,-4.2353487,13.085999488830566,3.9787940979003906
Jose Reyes,1736,2029,46,-4.5181656,12.81311321258545,3.8048593997955322
Brian Dozier,9810,2029,42,-3.4630494,12.245057106018066,4.13491153717041
Michael Brantley,4106,2029,42,-3.5622282,11.870195388793945,4.037047863006592
Carl Crawford,1201,2029,47,-5.142138,11.403196334838867,3.3780627250671387
Rajai Davis,3708,2029,48,-5.663254,10.31622314453125,3.027089834213257
Angel Pagan,2918,2029,47,-5.502431,10.188394546508789,3.098365068435669
Brock Holt,9345,2029,41,-3.5868309,10.044156074523926,3.640305280685425
Alex Hassan,9959,2029,41,-3.2798457,9.441224098205566,3.5442445278167725
Christian Colon,11145,2029,40,-3.3320494,9.305514335632324,3.5147922039031982
Ian Desmond,6885,2029,43,-4.61777,8.77200698852539,3.099238634109497
Ezequiel Carrera,9048,2029,42,-4.26877,8.739307403564453,3.1718862056732178
Nyjer Morgan,4885,2029,48,-6.3323135,7.269106864929199,2.2953109741210938
Coco Crisp,1572,2029,49,-6.990721,6.07625675201416,1.9027206897735596
Kristopher Negron,5306,2029,43,-5.1014028,5.9549560546875,2.282597303390503
Sam Fuld,8254,2029,47,-6.4465427,5.951589107513428,2.013239622116089
Melvin Upton Jr.,5015,2029,44,-5.635937,5.325700283050537,2.0214786529541016
Dexter Fowler,4062,2029,43,-5.303304,5.169045925140381,2.039964437484741
Jimmy Rollins,971,2029,50,-7.5208287,5.044524669647217,1.5559474229812622
Chris Getz,3388,2029,45,-6.0308137,5.031675338745117,1.8727519512176514
Alejandro De Aza,3371,2029,45,-6.1680145,4.547788143157959,1.7279125452041626
Austin Jackson,9848,2029,42,-5.1023016,4.480515956878662,1.8891558647155762
Michael Bourn,6387,2029,46,-6.5607276,4.02880334854126,1.51841402053833
Juan Lagares,5384,2029,40,-4.63324,3.136522054672241,1.579287052154541
Josh Harrison,8202,2029,41,-5.1069083,2.6589064598083496,1.376680612564087
Ender Inciarte,4922,2029,38,-3.979775,2.607320547103882,1.4750328063964844
Jace Peterson,12325,2029,39,-4.433256,2.074201822280884,1.2794585227966309
Andrew Romine,1159,2029,43,-5.97619,1.7857396602630615,0.9934993386268616
Quintin Berry,9414,2029,44,-6.321705,1.6445151567459106,0.897894561290741
Nori Aoki,13075,2029,47,-7.4045973,1.449366807937622,0.6903177499771118
Jorge Polanco,13152,2029,35,-3.4610734,0.1162634789943695,0.5939015746116638
Buster Posey,9166,2029,42,-14.108306,0.0,0.0
Jonathan Lucroy,7870,2029,43,-13.571843,0.0,0.0
Giancarlo Stanton,4949,2029,39,-10.265409,0.0,0.0
Jose Bautista,1887,2029,48,-13.942218,0.0,0.0
Russell Martin,4616,2029,46,-13.38547,0.0,0.0
Adrian Beltre,639,2029,50,-15.314227,0.0,0.0
Josh Donaldson,5038,2029,43,-13.012073,0.0,0.0
Robinson Cano,3269,2029,46,-13.142892,0.0,0.0
Yasiel Puig,14225,2029,38,-6.7647443,0.0,0.0
Alex Gordon,5209,2029,45,-9.895438,0.0,0.0
Jose Abreu,15676,2029,42,-13.764723,0.0,0.0
Anthony Rizzo,3473,2029,39,-12.133317,0.0,0.0
Jayson Werth,1327,2029,50,-12.252308,0.0,0.0
Miguel Cabrera,1744,2029,46,-14.813759,0.0,0.0
Kyle Seager,9785,2029,41,-12.156513,0.0,0.0
Troy Tulowitzki,3531,2029,44,-13.898452,0.0,0.0
Yan Gomes,9627,2029,41,-13.721772,0.0,0.0
Rene Rivera,3648,2029,45,-14.842923,0.0,0.0
Ben Zobrist,7435,2029,48,-11.749862,0.0,0.0
Victor Martinez,393,2029,50,-14.94358,0.0,0.0
Adam Jones,6368,2029,43,-9.993945,0.0,0.0
Jhonny Peralta,1738,2029,47,-14.493161,0.0,0.0
Howie Kendrick,4229,2029,45,-11.817506,0.0,0.0
Steve Pearce,9957,2029,46,-12.6658945,0.0,0.0
Freddie Freeman,5361,2029,39,-12.487459,0.0,0.0
Todd Frazier,785,2029,43,-8.122409,0.0,0.0
Marcell Ozuna,10324,2029,38,-11.375247,0.0,0.0
Ian Kinsler,6195,2029,47,-7.985122,0.0,0.0
Paul Goldschmidt,9218,2029,41,-7.1664333,0.0,0.0
Erick Aybar,4082,2029,45,-9.017277,0.0,0.0
Neil Walker,7539,2029,43,-13.497799,0.0,0.0
Hunter Pence,8252,2029,46,-9.292356,0.0,0.0
Mike Zunino,13265,2029,38,-12.554174,0.0,0.0
Devin Mesoraco,5666,2029,41,-13.371184,0.0,0.0
Nelson Cruz,2434,2029,48,-14.421797,0.0,0.0
J.D. Martinez,6184,2029,41,-12.530074,0.0,0.0
Dustin Pedroia,8370,2029,45,-12.383496,0.0,0.0
Edwin Encarnacion,2151,2029,46,-13.923625,0.0,0.0
Justin Upton,5222,2029,41,-9.599614,0.0,0.0
Hanley Ramirez,8001,2029,45,-10.282045,0.0,0.0
Adrian Gonzalez,1908,2029,47,-15.0451975,0.0,0.0
Chase Utley,1679,2029,50,-11.779142,0.0,0.0
Evan Longoria,9368,2029,43,-13.111261,0.0,0.0
Yoenis Cespedes,13110,2029,43,-11.499948,0.0,0.0
Justin Turner,5235,2029,44,-13.142077,0.0,0.0
Juan Uribe,454,2029,50,-15.28158,0.0,0.0
Kole Calhoun,11200,2029,41,-11.429411,0.0,0.0
Trevor Plouffe,7462,2029,43,-13.961581,0.0,0.0
Matt Carpenter,8090,2029,43,-12.725827,0.0,0.0
Chase Headley,4720,2029,45,-13.076295,0.0,0.0
Pablo Sandoval,5409,2029,42,-14.197174,0.0,0.0
Alexei Ramirez,5133,2029,47,-8.159558,0.0,0.0
Miguel Montero,3364,2029,45,-14.566145,0.0,0.0
Matt Holliday,1873,2029,49,-14.616137,0.0,0.0
Starlin Castro,4579,2029,39,-11.673133,0.0,0.0
Luis Valbuena,4969,2029,43,-13.741131,0.0,0.0
Yadier Molina,7007,2029,46,-14.661655,0.0,0.0
Brian McCann,4810,2029,45,-14.825915,0.0,0.0
Lucas Duda,2502,2029,43,-13.58094,0.0,0.0
Melky Cabrera,4022,2029,44,-13.222432,0.0,0.0
Travis d'Arnaud,7739,2029,40,-13.582813,0.0,0.0
Tyler Flowers,9134,2029,43,-14.218887,0.0,0.0
J.J. Hardy,3797,2029,46,-15.0691595,0.0,0.0
Corey Dickerson,10762,2029,40,-11.241342,0.0,0.0
Scott Van Slyke,4365,2029,42,-12.894027,0.0,0.0
Kevin Kiermaier,11038,2029,39,-9.4979,0.0,0.0
Yasmani Grandal,11368,2029,40,-13.179346,0.0,0.0
Hank Conger,2505,2029,41,-13.694049,0.0,0.0
Seth Smith,7331,2029,46,-14.6067,0.0,0.0
Albert Pujols,1177,2029,49,-14.758254,0.0,0.0
Brandon Moss,4467,2029,45,-14.116032,0.0,0.0
Brandon Crawford,5343,2029,42,-12.715448,0.0,0.0
Nolan Arenado,9777,2029,38,-12.5851555,0.0,0.0
Evan Gattis,11003,2029,42,-14.257621,0.0,0.0
Eduardo Escobar,6153,2029,40,-12.137109,0.0,0.0
Matt Kemp,5631,2029,44,-12.1834755,0.0,0.0
Daniel Murphy,4316,2029,44,-9.169737,0.0,0.0
David Freese,9549,2029,46,-14.451114,0.0,0.0
Chris Coghlan,6878,2029,44,-11.976515,0.0,0.0
Justin Morneau,1737,2029,48,-15.187959,0.0,0.0
Carlos Santana,2396,2029,43,-13.4116125,0.0,0.0
Manny Machado,11493,2029,36,-11.591636,0.0,0.0
Nick Markakis,5930,2029,45,-14.118976,0.0,0.0
Daniel Nava,5450,2029,46,-13.16734,0.0,0.0
David Ortiz,745,2029,53,-16.075497,0.0,0.0
Derek Norris,6867,2029,40,-12.442157,0.0,0.0
Marlon Byrd,950,2029,51,-14.474943,0.0,0.0
Mike Napoli,3057,2029,47,-14.486187,0.0,0.0
Josh Reddick,3892,2029,42,-11.278799,0.0,0.0
Jason Castro,8722,2029,42,-13.329119,0.0,0.0
Christian Vazquez,9774,2029,38,-13.172014,0.0,0.0
Adam LaRoche,1904,2029,49,-15.110982,0.0,0.0
Chris Iannetta,8267,2029,46,-14.110193,0.0,0.0
Jordy Mercer,6547,2029,42,-13.393331,0.0,0.0
George Springer,12856,2029,39,-7.977002,0.0,0.0
Francisco Cervelli,5275,2029,43,-13.859953,0.0,0.0
Chris Carter,9911,2029,42,-13.1852255,0.0,0.0
Michael Saunders,9981,2029,42,-8.585778,0.0,0.0
Casey McGehee,6086,2029,46,-14.217758,0.0,0.0
Gregor Blanco,3123,2029,45,-9.11594,0.0,0.0
Asdrubal Cabrera,4962,2029,43,-11.837803,0.0,0.0
Matt Adams,9393,2029,40,-12.988928,0.0,0.0
Carlos Ruiz,2579,2029,50,-14.39459,0.0,0.0
Salvador Perez,7304,2029,39,-13.279827,0.0,0.0
Caleb Joseph,7087,2029,43,-14.208683,0.0,0.0
Adam Lind,8027,2029,45,-14.705685,0.0,0.0
Aramis Ramirez,1002,2029,51,-15.171374,0.0,0.0
Scooter Gennett,10339,2029,39,-11.983335,0.0,0.0
Conor Gillaspie,9009,2029,41,-13.088322,0.0,0.0
Jon Jay,5227,2029,44,-12.531135,0.0,0.0
Joe Mauer,1857,2029,46,-13.489767,0.0,0.0
Yangervis Solarte,5352,2029,41,-13.901814,0.0,0.0
Brandon Guyer,2636,2029,43,-9.210588,0.0,0.0
Jed Lowrie,4418,2029,45,-14.794015,0.0,0.0
Andrelton Simmons,10847,2029,39,-12.205755,0.0,0.0
Michael Cuddyer,1534,2029,50,-13.361095,0.0,0.0
Michael Morse,3035,2029,47,-15.182421,0.0,0.0
Travis Snider,2830,2029,41,-13.041724,0.0,0.0
Lonnie Chisenhall,7571,2029,40,-12.776509,0.0,0.0
Bryce Harper,11579,2029,36,-9.768437,0.0,0.0
Brett Lawrie,5247,2029,39,-11.249446,0.0,0.0
David Wright,3787,2029,46,-11.298413,0.0,0.0
Stephen Vogt,5000,2029,44,-13.334594,0.0,0.0
Colby Rasmus,9893,2029,42,-11.171864,0.0,0.0
Martin Prado,3312,2029,45,-13.810987,0.0,0.0
Matt Joyce,3353,2029,44,-12.876685,0.0,0.0
Chris Owings,10030,2029,37,-5.739715,0.0,0.0
Chris Stewart,3878,2029,47,-14.695895,0.0,0.0
Ruben Tejada,5519,2029,39,-12.713704,0.0,0.0
Ryan Hanigan,4952,2029,48,-15.122475,0.0,0.0
Khris Davis,9112,2029,41,-13.203897,0.0,0.0
Josh Willingham,2103,2029,50,-14.603322,0.0,0.0
Cliff Pennington,3395,2029,45,-8.875276,0.0,0.0
Collin Cowgill,7250,2029,43,-11.841488,0.0,0.0
Brandon Phillips,791,2029,48,-14.297032,0.0,0.0
Rickie Weeks Jr.,1849,2029,46,-13.429187,0.0,0.0
Madison Bumgarner,5524,2029,39,-13.070538,0.0,0.0
Marwin Gonzalez,5497,2029,40,-12.239266,0.0,0.0
Joe Panik,11936,2029,38,-11.249806,0.0,0.0
Martin Maldonado,6887,2029,42,-14.052187,0.0,0.0
Robinson Chirinos,3142,2029,45,-14.687501,0.0,0.0
Dustin Ackley,10099,2029,41,-9.771204,0.0,0.0
Alex Avila,7476,2029,42,-13.729694,0.0,0.0
Zack Cozart,2616,2029,43,-11.826699,0.0,0.0
Ryan Zimmerman,4220,2029,44,-14.185034,0.0,0.0
Juan Francisco,6978,2029,42,-13.835352,0.0,0.0
Curtis Granderson,4747,2029,48,-11.773215,0.0,0.0
David Lough,7215,2029,43,-10.327548,0.0,0.0
Carlos Corporan,5587,2029,45,-14.724957,0.0,0.0
Wilmer Flores,5827,2029,37,-11.947588,0.0,0.0
Brad Miller,12775,2029,39,-9.452634,0.0,0.0
Peter Bourjos,2578,2029,42,-8.757123,0.0,0.0
Kirk Nieuwenhuis,6400,2029,41,-9.257808,0.0,0.0
Ryan Braun,3410,2029,45,-11.344306,0.0,0.0
Torii Hunter,731,2029,53,-14.580672,0.0,0.0
Josh Hamilton,1875,2029,48,-13.69303,0.0,0.0
Enrique Hernandez,10472,2029,37,-10.4145355,0.0,0.0
Ichiro Suzuki,1101,2029,55,-11.549143,0.0,0.0
Darwin Barney,2430,2029,43,-12.81946,0.0,0.0
David Ross,1551,2029,52,-15.226072,0.0,0.0
David Peralta,2136,2029,41,-11.154258,0.0,0.0
Rougned Odor,12282,2029,35,-10.089871,0.0,0.0
Wilson Ramos,1433,2029,41,-13.64655,0.0,0.0
Andre Ethier,6265,2029,47,-14.32498,0.0,0.0
Mark Reynolds,7619,2029,45,-13.429779,0.0,0.0
Jake Smolinski,5408,2029,40,-12.628611,0.0,0.0
Delmon Young,2140,2029,43,-13.788922,0.0,0.0
Oswaldo Arcia,10306,2029,38,-12.322433,0.0,0.0
James Loney,4556,2029,45,-14.391966,0.0,0.0
Adam Rosales,9682,2029,46,-12.012951,0.0,0.0
Chris Davis,9272,2029,43,-13.157759,0.0,0.0
Travis Wood,9884,2029,42,-13.643012,0.0,0.0
Chris Young,3882,2029,45,-11.081144,0.0,0.0
Eugenio Suarez,12552,2029,37,-10.85345,0.0,0.0
Michael McKenry,9628,2029,44,-13.926648,0.0,0.0
Joey Votto,4314,2029,45,-14.143138,0.0,0.0
Andrew Susac,13132,2029,39,-11.090766,0.0,0.0
Brandon Belt,10264,2029,41,-12.498594,0.0,0.0
Logan Morrison,9205,2029,41,-12.758231,0.0,0.0
Donovan Solano,8623,2029,41,-13.191992,0.0,0.0
Zack Greinke,1943,2029,45,-14.081615,0.0,0.0
Jose Molina,25,2029,54,-15.284932,0.0,0.0
Jorge Soler,14221,2029,37,-10.555799,0.0,0.0
Mark Teixeira,1281,2029,49,-15.070833,0.0,0.0
Gerardo Parra,8553,2029,42,-10.788191,0.0,0.0
Ramon Santiago,1417,2029,49,-14.51018,0.0,0.0
Ryan Flaherty,7888,2029,42,-12.22569,0.0,0.0
Chris Heisey,3978,2029,44,-11.114235,0.0,0.0
Will Venable,211,2029,46,-9.79684,0.0,0.0
Alexi Amarista,9063,2029,40,-7.2101836,0.0,0.0
Drew Butera,3411,2029,45,-14.684673,0.0,0.0
Kevin Kouzmanoff,5995,2029,47,-14.970938,0.0,0.0
Matt Wieters,4298,2029,43,-13.995258,0.0,0.0
John Jaso,5887,2029,45,-13.809531,0.0,0.0
Ike Davis,8433,2029,42,-13.78174,0.0,0.0
Cody Asche,11997,2029,39,-12.923672,0.0,0.0
Tommy Medica,11147,2029,41,-10.16447,0.0,0.0
Roberto Perez,2900,2029,40,-13.483352,0.0,0.0
Robbie Grossman,5254,2029,39,-11.033604,0.0,0.0
Kelly Johnson,2234,2029,47,-13.623561,0.0,0.0
Chone Figgins,1580,2029,51,-10.149181,0.0,0.0
Danny Espinosa,9219,2029,42,-10.652257,0.0,0.0
Erik Kratz,4403,2029,49,-15.418815,0.0,0.0
Kyle Blanks,49,2029,42,-13.845248,0.0,0.0
Rafael Ynoa,2832,2029,41,-13.658706,0.0,0.0
Kennys Vargas,12101,2029,38,-12.2231455,0.0,0.0
Justin Ruggiano,7620,2029,47,-11.904355,0.0,0.0
David DeJesus,1825,2029,49,-14.22243,0.0,0.0
John Mayberry,3390,2029,45,-14.259636,0.0,0.0
Gregorio Petit,3812,2029,44,-13.704961,0.0,0.0
Travis Ishikawa,4793,2029,45,-14.144351,0.0,0.0
John Ryan Murphy,10346,2029,38,-11.341475,0.0,0.0
Yonder Alonso,2530,2029,42,-11.87163,0.0,0.0
Marcus Semien,12533,2029,38,-11.257801,0.0,0.0
Danny Valencia,6364,2029,44,-14.038032,0.0,0.0
Adeiny Hechavarria,10459,2029,40,-11.67166,0.0,0.0
Omar Infante,1609,2029,47,-12.171077,0.0,0.0
Abraham Almonte,5486,2029,40,-11.079315,0.0,0.0
Jose Lobaton,4243,2029,44,-14.570392,0.0,0.0
Mike Leake,10130,2029,41,-13.579394,0.0,0.0
Shelby Miller,10197,2029,38,-12.694439,0.0,0.0
Clayton Kershaw,2036,2029,41,-12.689578,0.0,0.0
Ben Paulsen,9741,2029,41,-14.01068,0.0,0.0
Eric Chavez,906,2029,51,-14.5659075,0.0,0.0
Adam Dunn,319,2029,49,-15.254709,0.0,0.0
Ryan Rua,12409,2029,39,-12.448382,0.0,0.0
Wilin Rosario,8002,2029,40,-13.313316,0.0,0.0
Shin-Soo Choo,3174,2029,46,-11.954067,0.0,0.0
Derek Dietrich,10542,2029,39,-8.282943,0.0,0.0
Nick Castellanos,11737,2029,37,-12.254644,0.0,0.0
Kevin Pillar,12434,2029,40,-11.489128,0.0,0.0
Eric Campbell,6938,2029,42,-13.145119,0.0,0.0
Yunel Escobar,4191,2029,46,-14.651996,0.0,0.0
Chris Johnson,1191,2029,44,-13.941461,0.0,0.0
Ryan Sweeney,6352,2029,44,-14.134232,0.0,0.0
Chris Gimenez,7324,2029,46,-14.047843,0.0,0.0
Mike Moustakas,4892,2029,40,-13.346228,0.0,0.0
Munenori Kawasaki,13047,2029,48,-14.14354,0.0,0.0
Wil Nieves,1556,2029,51,-15.07944,0.0,0.0
Brandon Hicks,4003,2029,43,-13.764731,0.0,0.0
Jonathan Schoop,11265,2029,37,-12.028749,0.0,0.0
Jacob deGrom,10954,2029,41,-13.606572,0.0,0.0
Adam Wainwright,2233,2029,47,-14.860953,0.0,0.0
Nick Evans,7595,2029,43,-14.108838,0.0,0.0
Pete Kozma,2539,2029,41,-10.6875,0.0,0.0
Garin Cecchini,11608,2029,38,-10.424908,0.0,0.0
Jemile Weeks,2498,2029,42,-6.455797,0.0,0.0
Jhoulys Chacin,2608,2029,41,-13.563741,0.0,0.0
Garrett Jones,2714,2029,48,-15.261261,0.0,0.0
Pedro Alvarez,2495,2029,42,-12.394921,0.0,0.0
Darin Ruf,9929,2029,42,-14.1979685,0.0,0.0
Alex Rios,2090,2029,48,-8.196911,0.0,0.0
Welington Castillo,3256,2029,42,-14.219174,0.0,0.0
Randal Grichuk,10243,2029,37,-12.283606,0.0,0.0
DJ LeMahieu,9874,2029,40,-9.013561,0.0,0.0
Brian Roberts,166,2029,51,-12.0157995,0.0,0.0
Jonny Gomes,1845,2029,48,-14.478739,0.0,0.0
Didi Gregorius,6012,2029,39,-5.4968147,0.0,0.0
Ramiro Pena,8841,2029,43,-13.218115,0.0,0.0
Maicer Izturis,2437,2029,48,-11.023007,0.0,0.0
Phil Gosselin,10953,2029,40,-11.019334,0.0,0.0
Clint Barmes,1830,2029,50,-14.702706,0.0,0.0
Cameron Maybin,5223,2029,42,-10.542283,0.0,0.0
Tyler Holt,11391,2029,40,-9.854408,0.0,0.0
Jordan Lyles,7593,2029,38,-12.694439,0.0,0.0
Jake Arrieta,4153,2029,43,-14.045902,0.0,0.0
Cole Hamels,4972,2029,45,-14.501533,0.0,0.0
Gerrit Cole,13125,2029,38,-12.7262745,0.0,0.0
Dan Haren,1757,2029,48,-15.038155,0.0,0.0
Tyson Ross,7872,2029,42,-13.812994,0.0,0.0
Carlos Rivero,1136,2029,41,-13.606572,0.0,0.0
Jose Pirela,5485,2029,39,-13.051972,0.0,0.0
George Kottaras,5506,2029,46,-14.13169,0.0,0.0
Gary Brown,11464,2029,40,-11.238174,0.0,0.0
Max Stassi,10059,2029,38,-12.878397,0.0,0.0
Marco Gonzales,15467,2029,37,-12.41142,0.0,0.0
Matt McBride,9373,2029,44,-13.585983,0.0,0.0
Andres Blanco,1907,2029,45,-14.755917,0.0,0.0
Scott Sizemore,2881,2029,44,-12.775148,0.0,0.0
Dalton Pompey,12797,2029,36,-10.389796,0.0,0.0
Justin Bour,9744,2029,41,-14.016119,0.0,0.0
Dilson Herrera,14335,2029,35,-12.179623,0.0,0.0
Sean Rodriguez,6589,2029,44,-13.4294405,0.0,0.0
Shane Victorino,1677,2029,48,-10.891019,0.0,0.0
Daniel Robertson,6266,2029,43,-10.41198,0.0,0.0
Tommy La Stella,12371,2029,40,-13.036996,0.0,0.0
Efren Navarro,9854,2029,43,-10.719414,0.0,0.0
Derek Jeter,826,2029,55,-14.26373,0.0,0.0
Joe Kelly,9761,2029,41,-11.650068,0.0,0.0
Jordan Danks,9187,2029,42,-8.115385,0.0,0.0
Nick Punto,1429,2029,51,-14.124479,0.0,0.0
Josh Wilson,2102,2029,48,-14.333036,0.0,0.0
Jaime Garcia,8137,2029,42,-13.812994,0.0,0.0
Jeff Mathis,3448,2029,46,-14.805381,0.0,0.0
Jackie Bradley Jr.,12984,2029,39,-10.777184,0.0,0.0
Cliff Lee,1636,2029,50,-14.78686,0.0,0.0
Jacob Turner,10185,2029,38,-12.694439,0.0,0.0
Josh Beckett,510,2029,49,-15.204984,0.0,0.0
Mike Minor,10021,2029,41,-13.563741,0.0,0.0
Jordan Zimmermann,4505,2029,43,-14.062551,0.0,0.0
Henderson Alvarez,5669,2029,39,-13.00514,0.0,0.0
Ian Kennedy,6986,2029,44,-14.281984,0.0,0.0
Buddy Carlyle,2010,2029,51,-15.525175,0.0,0.0
Brian Schlitter,3599,2029,43,-14.015778,0.0,0.0
Jeanmar Gomez,9033,2029,41,-13.563741,0.0,0.0
Gus Schlosser,12321,2029,40,-13.339186,0.0,0.0
Jeurys Familia,5114,2029,39,-13.00514,0.0,0.0
Zach McAllister,2895,2029,41,-13.563741,0.0,0.0
Clay Buchholz,3543,2029,44,-14.264642,0.0,0.0
Pedro Villarreal,9904,2029,41,-13.563741,0.0,0.0
Drew Hutchison,10732,2029,38,-12.711799,0.0,0.0
Robbie Ray,11486,2029,37,-12.41142,0.0,0.0
Nick Tepesch,11716,2029,40,-13.321859,0.0,0.0
Brad Penny,535,2029,51,-15.527503,0.0,0.0
Colby Lewis,1259,2029,49,-15.203866,0.0,0.0
Seth Maness,12235,2029,40,-13.321859,0.0,0.0
Donn Roach,10620,2029,39,-13.051972,0.0,0.0
Doug Bernier,4518,2029,49,-14.486051,0.0,0.0
Brandon Barnes,629,2029,43,-12.385839,0.0,0.0
Nolan Reimold,3441,2029,45,-12.679467,0.0,0.0
James Shields,7059,2029,47,-14.860953,0.0,0.0
Craig Stammen,7274,2029,45,-14.473427,0.0,0.0
Chris Parmelee,2554,2029,41,-13.541551,0.0,0.0
Endy Chavez,768,2029,51,-13.524042,0.0,0.0
Tyler Moore,7244,2029,42,-13.863748,0.0,0.0
Steve Tolleson,4450,2029,45,-14.133712,0.0,0.0
Justin Verlander,8700,2029,46,-14.672544,0.0,0.0
Daniel Corcino,9266,2029,38,-12.741984,0.0,0.0
Bud Norris,9492,2029,44,-14.264642,0.0,0.0
Tony Sanchez,6178,2029,41,-13.987894,0.0,0.0
Xander Bogaerts,12161,2029,36,-10.880259,0.0,0.0
Tyler Colvin,5310,2029,43,-13.382973,0.0,0.0
Willie Bloomquist,1066,2029,51,-13.844677,0.0,0.0
Jake Lamb,13329,2029,38,-10.515003,0.0,0.0
Kevin Correia,1767,2029,48,-15.009285,0.0,0.0
Carlos Peguero,8760,2029,42,-10.072703,0.0,0.0
Jordany Valdespin,5098,2029,41,-10.313244,0.0,0.0
Aaron Hicks,5297,2029,39,-6.270378,0.0,0.0
Matt Duffy,13836,2029,38,-11.857531,0.0,0.0
Johnny Giavotella,6740,2029,41,-12.005432,0.0,0.0
Ed Lucas,7532,2029,47,-14.1285095,0.0,0.0
Eric Sogard,7927,2029,43,-9.390863,0.0,0.0
Hector Sanchez,10289,2029,39,-12.697384,0.0,0.0
Wandy Rodriguez,2586,2029,50,-15.362576,0.0,0.0
Carlos Martinez,11682,2029,37,-12.3957205,0.0,0.0
Alex Cobb,6562,2029,41,-13.563741,0.0,0.0
Miguel Rojas,7802,2029,40,-13.54681,0.0,0.0
Jesus Sucre,5942,2029,41,-12.652934,0.0,0.0
Bronson Arroyo,978,2029,52,-15.659802,0.0,0.0
Tyler Matzek,10058,2029,38,-12.741984,0.0,0.0
Daisuke Matsuzaka,7775,2029,48,-15.038155,0.0,0.0
Jeff Samardzija,3254,2029,44,-14.264642,0.0,0.0
Edwin Jackson,1841,2029,45,-14.488259,0.0,0.0
Matt Cain,4732,2029,44,-14.280284,0.0,0.0
Jarred Cosart,10304,2029,39,-13.035024,0.0,0.0
Wade Miley,8779,2029,42,-13.812994,0.0,0.0
Hyun-Jin Ryu,14444,2029,42,-13.834758,0.0,0.0
Kyle Hendricks,12049,2029,39,-13.051972,0.0,0.0
A.J. Burnett,512,2029,52,-15.659802,0.0,0.0
David Buchanan,11176,2029,40,-13.339186,0.0,0.0
Stephen Strasburg,10131,2029,40,-13.313782,0.0,0.0
Jon Niese,4424,2029,42,-13.83151,0.0,0.0
Francisco Pena,8298,2029,39,-13.051972,0.0,0.0
Antonio Bastardo,8844,2029,43,-14.045902,0.0,0.0
J.J. Hoover,9037,2029,41,-13.563741,0.0,0.0
Audry Perez,9176,2029,40,-13.321859,0.0,0.0
Andrew Chafin,12988,2029,39,-13.051972,0.0,0.0
Joey Terdoslavich,10593,2029,40,-13.710345,0.0,0.0
Steven Moya,11854,2029,37,-12.41142,0.0,0.0
Jackson Williams,8524,2029,43,-14.390703,0.0,0.0
Clint Robinson,6908,2029,44,-14.563682,0.0,0.0
Josh Phegley,9308,2029,41,-13.815867,0.0,0.0
Nate Freiman,6582,2029,42,-14.254944,0.0,0.0
Bryce Brentz,10607,2029,40,-8.092369,0.0,0.0
Gaby Sanchez,3361,2029,45,-14.208494,0.0,0.0
Jason Lane,1397,2029,52,-15.640784,0.0,0.0
Tony Watson,3132,2029,44,-14.264642,0.0,0.0
David Huff,4257,2029,44,-14.264642,0.0,0.0
John Danks,6329,2029,44,-14.264642,0.0,0.0
Taylor Hill,12515,2029,40,-13.339186,0.0,0.0
Tyler Collins,12723,2029,39,-13.248623,0.0,0.0
Michael Taylor,2591,2029,43,-14.085333,0.0,0.0
Jesus Montero,5514,2029,39,-13.17503,0.0,0.0
Chris Dickerson,7095,2029,47,-11.585726,0.0,0.0
Nick Hundley,3376,2029,45,-14.337229,0.0,0.0
Matt Szczur,11255,2029,39,-11.564986,0.0,0.0
Steve Lombardozzi,5422,2029,40,-12.630131,0.0,0.0
Andrew Lambo,5386,2029,40,-13.497429,0.0,0.0
Cole Figueroa,8790,2029,42,-12.600166,0.0,0.0
Chris Denorfia,4400,2029,48,-12.166535,0.0,0.0
Anibal Sanchez,3284,2029,45,-14.473427,0.0,0.0
Zeke Spruill,3873,2029,39,-13.035024,0.0,0.0
Samuel Deduno,5285,2029,45,-14.473427,0.0,0.0
Yu Darvish,13074,2029,42,-13.812994,0.0,0.0
Jonathan Herrera,4182,2029,44,-13.4696245,0.0,0.0
Ehire Adrianza,8418,2029,39,-12.685604,0.0,0.0
Greg Garcia,10951,2029,39,-11.544188,0.0,0.0
Hernan Perez,5751,2029,38,-12.4553995,0.0,0.0
Tyler Thornburg,10688,2029,40,-13.294437,0.0,0.0
Robbie Ross Jr.,6819,2029,40,-13.294437,0.0,0.0
Dan Straily,9460,2029,40,-13.294437,0.0,0.0
Nick Tropeano,12385,2029,38,-12.741984,0.0,0.0
Hector Santiago,4026,2029,41,-13.563741,0.0,0.0
Bobby Wilson,6564,2029,46,-14.71385,0.0,0.0
Kyle Gibson,10123,2029,41,-13.588975,0.0,0.0
Dallas Beeler,11471,2029,40,-13.339186,0.0,0.0
Yordano Ventura,11855,2029,38,-12.7262745,0.0,0.0
Andy Parrino,3972,2029,43,-14.143745,0.0,0.0
Joc Pederson,11899,2029,37,-12.131929,0.0,0.0
Tucker Barnhart,10200,2029,38,-11.408456,0.0,0.0
Nick Franklin,10166,2029,38,-10.909901,0.0,0.0
Jonathan Diaz,4142,2029,44,-11.77963,0.0,0.0
Brett Anderson,8223,2029,41,-13.563741,0.0,0.0
Corey Kluber,2429,2029,43,-14.045902,0.0,0.0
Christian Friedrich,7942,2029,41,-13.571536,0.0,0.0
Chase Whitley,10982,2029,40,-13.339186,0.0,0.0
Felix Doubront,1478,2029,41,-13.563741,0.0,0.0
Justin Masterson,2038,2029,44,-14.264642,0.0,0.0
Ross Detwiler,2859,2029,43,-14.045902,0.0,0.0
C.J. Wilson,3580,2029,48,-15.038155,0.0,0.0
Jerome Williams,1137,2029,47,-14.860953,0.0,0.0
Jimmy Nelson,10547,2029,40,-13.321859,0.0,0.0
Homer Bailey,8362,2029,43,-14.045902,0.0,0.0
Josh Collmenter,7312,2029,43,-14.045902,0.0,0.0
Ryan Vogelsong,1011,2029,51,-15.512826,0.0,0.0
Kyle Kendrick,6230,2029,44,-14.264642,0.0,0.0
Jason Hammel,4538,2029,46,-14.672544,0.0,0.0
Randy Wolf,976,2029,52,-15.528645,0.0,0.0
Tim Stauffer,6432,2029,47,-14.860953,0.0,0.0
Tony Cingrani,12555,2029,39,-12.7694645,0.0,0.0
Brandon Cumpton,11366,2029,40,-13.321859,0.0,0.0
Anthony DeSclafani,13050,2029,39,-13.051972,0.0,0.0
Robbie Erlin,10354,2029,38,-12.7262745,0.0,0.0
John Lackey,1507,2029,50,-15.354167,0.0,0.0
Marco Estrada,1118,2029,45,-14.473427,0.0,0.0
Jason Bartlett,8219,2029,49,-8.035999,0.0,0.0
Jeff Kobernus,9591,2029,41,-12.8841915,0.0,0.0
Dallas Keuchel,9434,2029,41,-13.563741,0.0,0.0
Taylor Jordan,10466,2029,40,-13.321859,0.0,0.0
Jose Fernandez,11530,2029,36,-12.042234,0.0,0.0
Andrew Heaney,15423,2029,38,-12.741984,0.0,0.0
Blake Treinen,12572,2029,41,-13.606572,0.0,0.0
Tyler Lyons,11334,2029,41,-13.588975,0.0,0.0
Randall Delgado,5985,2029,39,-13.00514,0.0,0.0
Masahiro Tanaka,15764,2029,40,-13.339186,0.0,0.0
Jake Odorizzi,6397,2029,39,-13.00514,0.0,0.0
Hisashi Iwakuma,13048,2029,48,-15.038155,0.0,0.0
Paul Maholm,8678,2029,47,-14.860953,0.0,0.0
Jeremy Guthrie,2072,2029,50,-15.362576,0.0,0.0
Neftali Feliz,18,2029,41,-13.563741,0.0,0.0
Xavier Cedeno,36,2029,42,-13.812994,0.0,0.0
Erik Bedard,126,2029,50,-15.362576,0.0,0.0
Mark Buehrle,225,2029,50,-15.362576,0.0,0.0
Daniel McCutchen,263,2029,46,-14.655735,0.0,0.0
Kyle Farnsworth,278,2029,53,-15.80452,0.0,0.0
Blake Beavan,338,2029,40,-13.294437,0.0,0.0
CC Sabathia,404,2029,48,-15.038155,0.0,0.0
Fernando Rodney,494,2029,52,-15.659802,0.0,0.0
Jason Grilli,521,2029,52,-15.659802,0.0,0.0
Hector Ambriz,559,2029,45,-14.473427,0.0,0.0
Jeremy Affeldt,583,2029,50,-15.362576,0.0,0.0
Grant Balfour,718,2029,51,-15.512826,0.0,0.0
LaTroy Hawkins,729,2029,56,-16.241613,0.0,0.0
Bruce Chen,769,2029,52,-15.659802,0.0,0.0
Scott Downs,773,2029,53,-15.80452,0.0,0.0
Randy Choate,813,2029,53,-15.80452,0.0,0.0
Kris Johnson,886,2029,44,-14.284896,0.0,0.0
Scott Carroll,888,2029,44,-14.304227,0.0,0.0
Joe Beimel,979,2029,52,-15.697555,0.0,0.0
Aaron Thompson,999,2029,42,-13.800854,0.0,0.0
Rafael Soriano,1100,2029,49,-15.204984,0.0,0.0
Joe Nathan,1122,2029,54,-15.950635,0.0,0.0
Tommy Hunter,1157,2029,42,-13.812994,0.0,0.0
Adam Ottavino,1247,2029,43,-14.045902,0.0,0.0
Pedro Beato,1330,2029,42,-13.812994,0.0,0.0
Curtis Partch,1333,2029,42,-13.834758,0.0,0.0
Blake Wood,1345,2029,43,-14.027346,0.0,0.0
Evan Reed,1349,2029,43,-14.065994,0.0,0.0
Nick Hagadone,1351,2029,43,-14.045902,0.0,0.0
Charlie Furbush,1370,2029,43,-14.045902,0.0,0.0
Joaquin Benoit,1437,2029,51,-15.512826,0.0,0.0
Jon Edwards,1483,2029,41,-13.606572,0.0,0.0
Oliver Perez,1514,2029,47,-14.860953,0.0,0.0
Sean Doolittle,1581,2029,42,-13.812994,0.0,0.0
Francisco Rodriguez,1642,2029,47,-14.860953,0.0,0.0
Javier Lopez,1663,2029,51,-15.512826,0.0,0.0
Chris Capuano,1701,2029,50,-15.362576,0.0,0.0
Jose Valverde,1726,2029,51,-15.512826,0.0,0.0
Kevin Gregg,1793,2029,51,-15.512826,0.0,0.0
J.J. Putz,1795,2029,52,-15.659802,0.0,0.0
Neal Cotts,1797,2029,49,-15.164669,0.0,0.0
Humberto Quintero,1824,2029,49,-15.32856,0.0,0.0
Matt Belisle,1837,2029,49,-15.204984,0.0,0.0
Shawn Camp,1855,2029,53,-15.80452,0.0,0.0
Sean Burnett,1886,2029,46,-14.672544,0.0,0.0
Matt Moore,1890,2029,40,-13.294437,0.0,0.0
Jason Frasor,1906,2029,51,-15.512826,0.0,0.0
Matt Thornton,1918,2029,52,-15.659802,0.0,0.0
Frank Francisco,1933,2029,49,-15.204984,0.0,0.0
Mike Adams,1937,2029,50,-15.362576,0.0,0.0
Justin Germano,1938,2029,46,-14.672544,0.0,0.0
Raul Valdes,1953,2029,51,-15.512826,0.0,0.0
Ivan Nova,1994,2029,42,-13.812994,0.0,0.0
Matt Guerrier,2061,2029,50,-15.362576,0.0,0.0
Jose Veras,2063,2029,48,-15.038155,0.0,0.0
Heath Bell,2080,2029,51,-15.512826,0.0,0.0
Chad Qualls,2170,2029,50,-15.362576,0.0,0.0
Ronald Belisario,2203,2029,46,-14.672544,0.0,0.0
Blaine Boyer,2237,2029,47,-14.832665,0.0,0.0
Brandon Gomes,2267,2029,44,-14.264642,0.0,0.0
Joel Peralta,2332,2029,53,-15.80452,0.0,0.0
Anthony Varvaro,2385,2029,44,-14.264642,0.0,0.0
Hector Rondon,2391,2029,41,-13.588975,0.0,0.0
Cory Rasmus,2413,2029,41,-13.588975,0.0,0.0
Eric Surkamp,2540,2029,41,-13.547482,0.0,0.0
Joe Paterson,2565,2029,43,-14.045902,0.0,0.0
Scott Atchison,2642,2029,53,-15.80452,0.0,0.0
Brian Matusz,2646,2029,42,-13.812994,0.0,0.0
Corey Brown,2650,2029,43,-13.742418,0.0,0.0
Brett Cecil,2660,2029,42,-13.812994,0.0,0.0
Joba Chamberlain,2692,2029,43,-14.045902,0.0,0.0
Scott Rice,2743,2029,47,-14.871492,0.0,0.0
Carlos Marmol,2790,2029,46,-14.672544,0.0,0.0
Joe Savery,2835,2029,43,-14.045902,0.0,0.0
Drake Britton,2868,2029,40,-13.321859,0.0,0.0
Santiago Casilla,2873,2029,48,-15.038155,0.0,0.0
Luis Avilan,2882,2029,39,-13.00514,0.0,0.0
Juan Oviedo,2886,2029,47,-14.832665,0.0,0.0
Tommy Pham,2967,2029,41,-13.606572,0.0,0.0
Bruce Billings,3044,2029,43,-14.030264,0.0,0.0
Kenley Jansen,3096,2029,41,-13.563741,0.0,0.0
Max Scherzer,3137,2029,44,-14.264642,0.0,0.0
Tim Collins,3164,2029,39,-13.00514,0.0,0.0
David Price,3184,2029,43,-14.045902,0.0,0.0
Will Harris,3192,2029,44,-14.264642,0.0,0.0
Chris Young,3196,2029,50,-15.368712,0.0,0.0
Josh Stinson,3219,2029,41,-13.563741,0.0,0.0
Jean Machi,3220,2029,47,-14.860953,0.0,0.0
T.J. McFarland,3237,2029,40,-13.321859,0.0,0.0
Zack Britton,3240,2029,41,-13.563741,0.0,0.0
Ryan Rowland-Smith,3245,2029,46,-14.620585,0.0,0.0
Juan Gutierrez,3265,2029,45,-14.454134,0.0,0.0
Jordan Walden,3271,2029,41,-13.563741,0.0,0.0
Joe Smith,3281,2029,45,-14.473427,0.0,0.0
Nate Adcock,3282,2029,41,-13.537054,0.0,0.0
Hiroki Kuroda,3283,2029,54,-15.950635,0.0,0.0
Hector Noesi,3292,2029,42,-13.812994,0.0,0.0
Chris Hatcher,3299,2029,44,-14.264642,0.0,0.0
Darren O'Day,3321,2029,46,-14.672544,0.0,0.0
Cesar Ramos,3357,2029,45,-14.473427,0.0,0.0
Ubaldo Jimenez,3374,2029,45,-14.473427,0.0,0.0
Jumbo Diaz,3397,2029,45,-14.509628,0.0,0.0
Kevin Whelan,3462,2029,45,-14.455012,0.0,0.0
Andre Rienzo,3507,2029,40,-13.321859,0.0,0.0
Liam Hendriks,3548,2029,40,-13.294437,0.0,0.0
Jim Johnson,3656,2029,46,-14.672544,0.0,0.0
Logan Ondrusek,3677,2029,44,-14.264642,0.0,0.0
Brandon League,3731,2029,46,-14.672544,0.0,0.0
Cesar Jimenez,3762,2029,44,-14.245859,0.0,0.0
Felipe Paulino,3777,2029,45,-14.454444,0.0,0.0
Ricky Nolasco,3830,2029,46,-14.672544,0.0,0.0
Zach Duke,3840,2029,46,-14.672544,0.0,0.0
Brett Oberholtzer,3855,2029,39,-13.035024,0.0,0.0
Rubby de la Rosa,3862,2029,40,-13.294437,0.0,0.0
Ethan Martin,3877,2029,40,-13.321859,0.0,0.0
Casey Fien,3926,2029,45,-14.473427,0.0,0.0
David Carpenter,3959,2029,43,-14.045902,0.0,0.0
Edward Mujica,3970,2029,45,-14.473427,0.0,0.0
Allen Webster,3993,2029,39,-13.035024,0.0,0.0
Josh Outman,4004,2029,44,-14.264642,0.0,0.0
Eury De la Rosa,4055,2029,39,-13.035024,0.0,0.0
Brian Duensing,4064,2029,46,-14.672544,0.0,0.0
Pedro Strop,4070,2029,44,-14.264642,0.0,0.0
Junichi Tazawa,4079,2029,43,-14.045902,0.0,0.0
Erik Cordier,4086,2029,43,-14.086638,0.0,0.0
James Russell,4089,2029,43,-14.045902,0.0,0.0
Luke Gregerson,4090,2029,45,-14.473427,0.0,0.0
Derek Holland,4141,2029,42,-13.812994,0.0,0.0
Wilton Lopez,4227,2029,45,-14.473427,0.0,0.0
Jered Weaver,4235,2029,46,-14.672544,0.0,0.0
Brad Lincoln,4241,2029,44,-14.264642,0.0,0.0
Mark Melancon,4264,2029,44,-14.264642,0.0,0.0
Manny Parra,4279,2029,46,-14.672544,0.0,0.0
Matt Albers,4300,2029,46,-14.672544,0.0,0.0
Justin Wilson,4301,2029,41,-13.563741,0.0,0.0
Aaron Poreda,4313,2029,42,-13.773347,0.0,0.0
Kyle Drabek,4359,2029,41,-13.563741,0.0,0.0
Craig Breslow,4363,2029,48,-15.038155,0.0,0.0
Joe Saunders,4366,2029,48,-15.038155,0.0,0.0
Jeremy Hellickson,4371,2029,42,-13.812994,0.0,0.0
Brad Mills,4420,2029,44,-14.244488,0.0,0.0
Josh Wall,4436,2029,42,-13.812994,0.0,0.0
Pedro Hernandez,4578,2029,40,-13.294437,0.0,0.0
Matt Lindstrom,4604,2029,49,-15.204984,0.0,0.0
Bobby Korecky,4608,2029,49,-15.173886,0.0,0.0
Jason Pridie,4611,2029,45,-14.133297,0.0,0.0
Joe Thatcher,4620,2029,47,-14.860953,0.0,0.0
Sam LeCure,4664,2029,45,-14.473427,0.0,0.0
Pat Neshek,4682,2029,48,-15.038155,0.0,0.0
Jeff Francis,4684,2029,48,-15.038155,0.0,0.0
Nate Jones,4696,2029,43,-14.045902,0.0,0.0
Sergio Santos,4734,2029,45,-14.473427,0.0,0.0
Donnie Veal,4741,2029,44,-14.264642,0.0,0.0
Jonathan Broxton,4759,2029,45,-14.473427,0.0,0.0
Felix Hernandez,4772,2029,43,-14.045902,0.0,0.0
Matt Shoemaker,4776,2029,42,-13.834758,0.0,0.0
Vinnie Pestano,4782,2029,44,-14.264642,0.0,0.0
Rich Hill,4806,2029,49,-15.204984,0.0,0.0
Brandon Maurer,4878,2029,38,-12.7262745,0.0,0.0
Scott Kazmir,4897,2029,45,-14.454134,0.0,0.0
Justin De Fratus,4955,2029,41,-13.563741,0.0,0.0
Fernando Salas,4971,2029,44,-14.264642,0.0,0.0
Fernando Abad,4994,2029,43,-14.045902,0.0,0.0
Jake Diekman,5003,2029,42,-13.812994,0.0,0.0
Bo Schultz,5028,2029,43,-14.086638,0.0,0.0
Dale Thayer,5032,2029,48,-15.038155,0.0,0.0
Josh Fields,5070,2029,43,-14.065994,0.0,0.0
Evan Meek,5109,2029,46,-14.655735,0.0,0.0
Alfredo Aceves,5164,2029,46,-14.672544,0.0,0.0
C.C. Lee,5177,2029,42,-13.834758,0.0,0.0
Ernesto Frieri,5178,2029,43,-14.045902,0.0,0.0
Mike Pelfrey,5203,2029,45,-14.473427,0.0,0.0
Chris Perez,5213,2029,43,-14.045902,0.0,0.0
Wade LeBlanc,5221,2029,44,-14.264642,0.0,0.0
Blake Parker,5224,2029,44,-14.264642,0.0,0.0
Rudy Owens,5226,2029,41,-13.606572,0.0,0.0
Vin Mazzaro,5231,2029,42,-13.812994,0.0,0.0
Jose Alvarez,5358,2029,40,-13.321859,0.0,0.0
Phillippe Aumont,5362,2029,40,-13.294437,0.0,0.0
Michael Pineda,5372,2029,40,-13.291239,0.0,0.0
Jorge De Leon,5397,2029,41,-13.588975,0.0,0.0
Pedro Baez,5420,2029,41,-13.606572,0.0,0.0
Jesse Chavez,5448,2029,45,-14.473427,0.0,0.0
Arodys Vizcaino,5498,2029,38,-12.698958,0.0,0.0
Dana Eveland,5508,2029,45,-14.454444,0.0,0.0
Boone Logan,5525,2029,44,-14.264642,0.0,0.0
Maikel Cleto,5529,2029,40,-13.294437,0.0,0.0
Phil Coke,5535,2029,46,-14.672544,0.0,0.0
Matt Harrison,5551,2029,43,-14.045902,0.0,0.0
Tyler Clippard,5640,2029,44,-14.264642,0.0,0.0
Brooks Brown,5679,2029,44,-14.304227,0.0,0.0
Josh Lueke,5722,2029,44,-14.264642,0.0,0.0
Eric O'Flaherty,5746,2029,44,-14.264642,0.0,0.0
Jorge Rondon,5791,2029,41,-13.606572,0.0,0.0
Jason Motte,5861,2029,47,-14.84766,0.0,0.0
Danny Salazar,5867,2029,39,-13.035024,0.0,0.0
Gonzalez Germen,5876,2029,41,-13.588975,0.0,0.0
Darin Downs,5903,2029,44,-14.264642,0.0,0.0
Sean Marshall,5905,2029,46,-14.672544,0.0,0.0
Wesley Wright,5960,2029,44,-14.264642,0.0,0.0
Jonathan Papelbon,5975,2029,48,-15.038155,0.0,0.0
Francisley Bueno,5980,2029,48,-15.038155,0.0,0.0
Kelvin Herrera,6033,2029,39,-13.00514,0.0,0.0
Matt Pagnozzi,6046,2029,46,-14.4178915,0.0,0.0
Joe Wieland,6109,2029,39,-13.019886,0.0,0.0
Juan Jaime,6127,2029,41,-13.606572,0.0,0.0
Scott Baker,6176,2029,47,-14.844167,0.0,0.0
Dellin Betances,6216,2029,41,-13.547482,0.0,0.0
Tom Gorzelanny,6244,2029,46,-14.672544,0.0,0.0
Scott Feldman,6283,2029,46,-14.672544,0.0,0.0
Esmil Rogers,6317,2029,43,-14.045902,0.0,0.0
Al Alburquerque,6324,2029,43,-14.045902,0.0,0.0
Ryan Feierabend,6336,2029,43,-13.921761,0.0,0.0
Chris Archer,6345,2029,40,-13.325851,0.0,0.0
Henry Rodriguez,6371,2029,42,-13.812994,0.0,0.0
Trevor May,6398,2029,39,-13.051972,0.0,0.0
Jose Cisnero,6399,2029,40,-13.321859,0.0,0.0
Kevin Jepsen,6475,2029,44,-14.264642,0.0,0.0
Steve Cishek,6483,2029,43,-14.045902,0.0,0.0
Brian Wilson,6485,2029,47,-14.860953,0.0,0.0
Donnie Joseph,6491,2029,41,-13.588975,0.0,0.0
Blaine Hardy,6499,2029,42,-13.853529,0.0,0.0
Josh Zeid,6527,2029,42,-13.834758,0.0,0.0
Pat McCoy,6605,2029,40,-13.339186,0.0,0.0
Marc Rzepczynski,6612,2029,43,-14.045902,0.0,0.0
Pedro Figueroa,6616,2029,43,-14.045902,0.0,0.0
Brad Brach,6627,2029,43,-14.045902,0.0,0.0
Carlos Carrasco,6632,2029,42,-13.796103,0.0,0.0
Jim Henderson,6653,2029,46,-14.672544,0.0,0.0
Craig Kimbrel,6655,2029,41,-13.563741,0.0,0.0
Alex Colome,6661,2029,40,-13.321859,0.0,0.0
Luke Putkonen,6736,2029,43,-14.045902,0.0,0.0
Cesar Cabral,6741,2029,40,-13.321859,0.0,0.0
Andrew Miller,6785,2029,44,-14.264642,0.0,0.0
Sam Freeman,6832,2029,42,-13.812994,0.0,0.0
Jeff Manship,6865,2029,44,-14.264642,0.0,0.0
Martin Perez,6902,2029,38,-12.694439,0.0,0.0
Joakim Soria,6941,2029,45,-14.454134,0.0,0.0
Yohan Pino,6955,2029,45,-14.509628,0.0,0.0
Drew Storen,6983,2029,41,-13.563741,0.0,0.0
Luis Garcia,6984,2029,42,-13.834758,0.0,0.0
Ryan Pressly,7005,2029,40,-13.321859,0.0,0.0
Alex Torres,7038,2029,41,-13.547482,0.0,0.0
Eric Fornataro,7042,2029,41,-13.606572,0.0,0.0
Trevor Bell,7074,2029,42,-13.762847,0.0,0.0
John Lannan,7080,2029,44,-14.264642,0.0,0.0
Jonathan Pettibone,7106,2029,38,-12.7262745,0.0,0.0
Daniel Hudson,7146,2029,42,-13.805301,0.0,0.0
Chris Withrow,7161,2029,40,-13.321859,0.0,0.0
Ryan Mattheus,7169,2029,45,-14.473427,0.0,0.0
B.J. Rosenberg,7183,2029,43,-14.045902,0.0,0.0
Greg Holland,7196,2029,43,-14.045902,0.0,0.0
Nick Masset,7267,2029,47,-14.832665,0.0,0.0
Brad Ziegler,7293,2029,49,-15.204984,0.0,0.0
Preston Guilmet,7303,2029,41,-13.588975,0.0,0.0
Casey Janssen,7355,2029,47,-14.860953,0.0,0.0
Dan Otero,7385,2029,44,-14.264642,0.0,0.0
Javy Guerra,7407,2029,43,-14.045902,0.0,0.0
J.A. Happ,7410,2029,46,-14.672544,0.0,0.0
Austin Adams,7411,2029,42,-13.853529,0.0,0.0
Mark Lowe,7416,2029,46,-14.672544,0.0,0.0
Bradin Hagens,7422,2029,40,-13.339186,0.0,0.0
Wade Davis,7441,2029,43,-14.045902,0.0,0.0
Jim Miller,7458,2029,47,-14.860953,0.0,0.0
Anthony Swarzak,7466,2029,43,-14.045902,0.0,0.0
Ryan Webb,7474,2029,43,-14.045902,0.0,0.0
Scott Elbert,7489,2029,43,-14.023303,0.0,0.0
Tommy Layne,7501,2029,44,-14.264642,0.0,0.0
Evan Scribner,7525,2029,43,-14.045902,0.0,0.0
Collin McHugh,7531,2029,42,-13.812994,0.0,0.0
Lucas Harrell,7541,2029,44,-14.264642,0.0,0.0
Jake McGee,7550,2029,42,-13.812994,0.0,0.0
Jarrett Grube,7553,2029,47,-14.884221,0.0,0.0
Nick Vincent,7555,2029,42,-13.812994,0.0,0.0
Fernando Rodriguez,7558,2029,45,-14.454444,0.0,0.0
Tommy Milone,7608,2029,42,-13.812994,0.0,0.0
Chris Leroux,7645,2029,45,-14.473427,0.0,0.0
Neil Ramirez,7677,2029,40,-13.339186,0.0,0.0
Bobby LaFromboise,7758,2029,43,-14.065994,0.0,0.0
Yoslan Herrera,7759,2029,48,-14.970487,0.0,0.0
Shawn Kelley,7773,2029,45,-14.473427,0.0,0.0
Hunter Strickland,7836,2029,40,-13.339186,0.0,0.0
Jerry Blevins,7841,2029,45,-14.473427,0.0,0.0
Josh Lindblom,7882,2029,42,-13.812994,0.0,0.0
Matt Daley,7952,2029,47,-14.844167,0.0,0.0
Matt West,7980,2029,40,-13.339186,0.0,0.0
Anthony Bass,7982,2029,41,-13.45107,0.0,0.0
Ramon Ramirez,7986,2029,47,-14.860953,0.0,0.0
Paul Clemens,8037,2029,41,-13.588975,0.0,0.0
Glen Perkins,8041,2029,46,-14.672544,0.0,0.0
Jason Vargas,8044,2029,46,-14.672544,0.0,0.0
Will Smith,8048,2029,39,-13.00514,0.0,0.0
Dan Jennings,8073,2029,42,-13.812994,0.0,0.0
Stephen Fife,8077,2029,42,-13.812994,0.0,0.0
Bryan Shaw,8110,2029,41,-13.563741,0.0,0.0
Neil Wagner,8162,2029,45,-14.454134,0.0,0.0
Kevin Siegrist,8180,2029,39,-13.035024,0.0,0.0
Steven Wright,8185,2029,44,-14.284896,0.0,0.0
David Robertson,8241,2029,44,-14.264642,0.0,0.0
J.P. Howell,8245,2029,46,-14.672544,0.0,0.0
Billy Buckner,8253,2029,45,-14.436207,0.0,0.0
Huston Street,8258,2029,45,-14.473427,0.0,0.0
Casey Coleman,8270,2029,41,-13.537054,0.0,0.0
Tony Sipp,8280,2029,45,-14.473427,0.0,0.0
Lucas Luetge,8337,2029,42,-13.812994,0.0,0.0
Jared Burton,8346,2029,48,-15.038155,0.0,0.0
AJ Ramos,8350,2029,42,-13.812994,0.0,0.0
Troy Patton,8368,2029,43,-14.045902,0.0,0.0
Steve Geltz,8402,2029,41,-13.571536,0.0,0.0
Alfredo Figaro,8404,2029,44,-14.2291355,0.0,0.0
Bryan Price,8436,2029,42,-13.853529,0.0,0.0
Danny Farquhar,8501,2029,42,-13.796103,0.0,0.0
Jeff Beliveau,8504,2029,42,-13.812994,0.0,0.0
Michael Kohn,8505,2029,43,-14.027346,0.0,0.0
Rob Wooten,8532,2029,43,-14.065994,0.0,0.0
Justin Miller,8580,2029,42,-13.853529,0.0,0.0
Dustin McGowan,8600,2029,47,-14.844167,0.0,0.0
Wilking Rodriguez,8801,2029,39,-13.051972,0.0,0.0
Ryan Cook,8855,2029,42,-13.812994,0.0,0.0
David Martinez,8893,2029,41,-13.588975,0.0,0.0
Arquimedes Caminero,8992,2029,42,-13.834758,0.0,0.0
Adam Warren,9029,2029,41,-13.563741,0.0,0.0
John Axford,9059,2029,46,-14.672544,0.0,0.0
Kirby Yates,9073,2029,42,-13.853529,0.0,0.0
Zach Putnam,9080,2029,41,-13.563741,0.0,0.0
T.J. House,9121,2029,39,-13.051972,0.0,0.0
Charlie Leesman,9124,2029,42,-13.834758,0.0,0.0
Sean O'Sullivan,9137,2029,41,-13.547482,0.0,0.0
Lester Oliveros,9167,2029,41,-13.537054,0.0,0.0
Kyle Lobstein,9178,2029,39,-13.051972,0.0,0.0
Vic Black,9195,2029,41,-13.588975,0.0,0.0
Koji Uehara,9227,2029,54,-15.950635,0.0,0.0
Alex Wilson,9239,2029,42,-13.834758,0.0,0.0
David Carpenter,9244,2029,41,-13.563741,0.0,0.0
Ryan Dennick,9261,2029,42,-13.853529,0.0,0.0
Rob Scahill,9286,2029,42,-13.812994,0.0,0.0
Dylan Axelrod,9303,2029,43,-14.045902,0.0,0.0
Jared Hughes,9325,2029,43,-14.045902,0.0,0.0
Brandon Morrow,9346,2029,44,-14.264642,0.0,0.0
Josh Tomlin,9388,2029,44,-14.264642,0.0,0.0
John Holdzkom,9392,2029,41,-13.606572,0.0,0.0
Zac Rosscup,9419,2029,41,-13.588975,0.0,0.0
Ryan Buchter,9456,2029,42,-13.853529,0.0,0.0
George Kontos,9486,2029,44,-14.264642,0.0,0.0
Phil Irwin,9489,2029,42,-13.834758,0.0,0.0
Jeremy Jeffress,9490,2029,41,-13.563741,0.0,0.0
Jose Ortega,9651,2029,40,-13.294437,0.0,0.0
Louis Coleman,9720,2029,43,-14.045902,0.0,0.0
Burke Badenhop,9736,2029,46,-14.672544,0.0,0.0
Rex Brothers,9794,2029,41,-13.563741,0.0,0.0
Miles Mikolas,9803,2029,40,-13.294437,0.0,0.0
Sergio Romo,9817,2029,46,-14.672544,0.0,0.0
Chaz Roe,9866,2029,42,-13.834758,0.0,0.0
Bryan Anderson,9871,2029,42,-13.141386,0.0,0.0
Michael Kirkman,9877,2029,42,-13.812994,0.0,0.0
Chris Rusin,9895,2029,42,-13.812994,0.0,0.0
Bobby Parnell,9926,2029,44,-14.264642,0.0,0.0
Brandon Kintzler,9939,2029,44,-14.264642,0.0,0.0
Todd Redmond,9943,2029,44,-14.264642,0.0,0.0
Mike Dunn,9948,2029,44,-14.264642,0.0,0.0
Tom Wilhelmsen,9975,2029,45,-14.473427,0.0,0.0
Taylor Thompson,10019,2029,42,-13.853529,0.0,0.0
Ian Krol,10066,2029,38,-12.7262745,0.0,0.0
Caleb Thielbar,10078,2029,42,-13.834758,0.0,0.0
Keith Butler,10080,2029,40,-13.321859,0.0,0.0
Dane de la Rosa,10095,2029,46,-14.672544,0.0,0.0
Brad Boxberger,10133,2029,41,-13.563741,0.0,0.0
Aaron Crow,10149,2029,42,-13.812994,0.0,0.0
Jose Ramirez,10171,2029,39,-13.051972,0.0,0.0
Melvin Mercedes,10181,2029,38,-12.741984,0.0,0.0
Tyler Skaggs,10190,2029,37,-12.361855,0.0,0.0
Aroldis Chapman,10233,2029,41,-13.563741,0.0,0.0
Bryan Morris,10234,2029,42,-13.812994,0.0,0.0
Alexi Ogando,10261,2029,45,-14.473427,0.0,0.0
Justin Marks,10265,2029,41,-13.606572,0.0,0.0
Tanner Scheppers,10267,2029,42,-13.812994,0.0,0.0
Chris Heston,10302,2029,41,-13.606572,0.0,0.0
Roman Mendez,10307,2029,38,-12.741984,0.0,0.0
Erasmo Ramirez,10314,2029,39,-13.00514,0.0,0.0
Michael Tonkin,10315,2029,39,-13.035024,0.0,0.0
Chad Jenkins,10326,2029,41,-13.563741,0.0,0.0
Nick Christiani,10332,2029,41,-13.588975,0.0,0.0
Edwin Escobar,10337,2029,37,-12.41142,0.0,0.0
Aaron Loup,10343,2029,41,-13.563741,0.0,0.0
Carlos Contreras,10386,2029,38,-12.741984,0.0,0.0
Wilfredo Tovar,10416,2029,37,-12.541372,0.0,0.0
Shawn Tolleson,10481,2029,41,-13.563741,0.0,0.0
Yoervis Medina,10498,2029,40,-13.321859,0.0,0.0
Preston Claiborne,10500,2029,41,-13.588975,0.0,0.0
Mario Hollands,10504,2029,40,-13.339186,0.0,0.0
Jake Petricka,10534,2029,41,-13.588975,0.0,0.0
Daniel Webb,10558,2029,39,-13.035024,0.0,0.0
Addison Reed,10586,2029,40,-13.294437,0.0,0.0
Chad Bettis,10587,2029,40,-13.321859,0.0,0.0
Chris Sale,10603,2029,40,-13.294437,0.0,0.0
Seth Rosin,10606,2029,40,-13.339186,0.0,0.0
Stephen Pryor,10663,2029,39,-13.00514,0.0,0.0
Red Patterson,10710,2029,42,-13.853529,0.0,0.0
Trevor Rosenthal,10745,2029,39,-13.00514,0.0,0.0
Shane Greene,10756,2029,40,-13.339186,0.0,0.0
Josh Edgin,10796,2029,42,-13.812994,0.0,0.0
Jake Dunning,10803,2029,40,-13.321859,0.0,0.0
Mike Foltynewicz,10811,2029,37,-12.41142,0.0,0.0
Michael Mariot,10835,2029,40,-13.339186,0.0,0.0
Chasen Shreve,10855,2029,38,-12.741984,0.0,0.0
Jake Buchanan,10962,2029,39,-13.051972,0.0,0.0
Ben Rowen,10983,2029,40,-13.339186,0.0,0.0
C.J. Riefenhauser,11193,2029,39,-13.051972,0.0,0.0
Casey Sadler,11209,2029,38,-12.741984,0.0,0.0
Kevin Chapman,11240,2029,41,-13.588975,0.0,0.0
Aaron Barrett,11243,2029,41,-13.606572,0.0,0.0
Rob Rasmussen,11250,2029,40,-13.339186,0.0,0.0
Logan Darnell,11261,2029,40,-13.339186,0.0,0.0
Lisalverto Bonilla,11266,2029,39,-13.051972,0.0,0.0
Sean Nolin,11341,2029,39,-13.035024,0.0,0.0
A.J. Achter,11387,2029,40,-13.339186,0.0,0.0
Drew Pomeranz,11426,2029,40,-13.294437,0.0,0.0
Brandon Workman,11428,2029,40,-13.321859,0.0,0.0
Bryan Mitchell,11479,2029,38,-12.741984,0.0,0.0
Aaron Sanchez,11490,2029,36,-12.056585,0.0,0.0
Jose Dominguez,11571,2029,38,-12.7262745,0.0,0.0
Mike Kickham,11618,2029,40,-13.321859,0.0,0.0
Heath Hembree,11632,2029,40,-13.321859,0.0,0.0
Sam Dyson,11710,2029,41,-13.563741,0.0,0.0
Erik Goeddel,11712,2029,40,-13.339186,0.0,0.0
Justin Grimm,11720,2029,40,-13.294437,0.0,0.0
Kyle Ryan,11753,2029,37,-12.41142,0.0,0.0
Drew Smyly,11760,2029,40,-13.294437,0.0,0.0
Hector Neris,11804,2029,40,-13.339186,0.0,0.0
Steve Delabar,11827,2029,45,-14.473427,0.0,0.0
James Paxton,11828,2029,40,-13.321859,0.0,0.0
Taijuan Walker,11836,2029,36,-12.042234,0.0,0.0
Chris Martin,11847,2029,43,-14.086638,0.0,0.0
Brett Bochy,11867,2029,41,-13.606572,0.0,0.0
Scott Snodgress,12020,2029,39,-13.051972,0.0,0.0
Brian Flynn,12027,2029,39,-13.035024,0.0,0.0
Yimi Garcia,12095,2029,38,-12.741984,0.0,0.0
Matt Stites,12165,2029,39,-13.051972,0.0,0.0
Cody Allen,12183,2029,40,-13.294437,0.0,0.0
Aaron Brooks,12272,2029,39,-13.051972,0.0,0.0
Leonel Campos,12277,2029,41,-13.606572,0.0,0.0
Evan Marshall,12297,2029,39,-13.051972,0.0,0.0
Chris Bassitt,12304,2029,40,-13.339186,0.0,0.0
Kevin Quackenbush,12360,2029,40,-13.339186,0.0,0.0
Spencer Patton,12361,2029,41,-13.606572,0.0,0.0
Drew Rucinski,12499,2029,40,-13.339186,0.0,0.0
Erik Johnson,12520,2029,39,-13.035024,0.0,0.0
Nick Maronde,12530,2029,39,-13.00514,0.0,0.0
Nathan Karns,12638,2029,41,-13.588975,0.0,0.0
Roenis Elias,12673,2029,40,-13.339186,0.0,0.0
Phil Klein,12675,2029,40,-13.339186,0.0,0.0
Trevor Bauer,12703,2029,38,-12.694439,0.0,0.0
Nick Martinez,12730,2029,38,-12.741984,0.0,0.0
Sonny Gray,12768,2029,39,-13.035024,0.0,0.0
Jairo Diaz,12774,2029,38,-12.741984,0.0,0.0
Carter Capps,12803,2029,38,-12.694439,0.0,0.0
Matt Barnes,12863,2029,39,-13.051972,0.0,0.0
Alex Claudio,12890,2029,37,-12.41142,0.0,0.0
Ken Giles,12910,2029,38,-12.741984,0.0,0.0
Wei-Yin Chen,13071,2029,43,-14.045902,0.0,0.0
Frank Garces,13144,2029,39,-13.051972,0.0,0.0
Carson Smith,13172,2029,39,-13.051972,0.0,0.0
Danny Coulombe,13293,2029,39,-13.051972,0.0,0.0
Cam Bedrosian,13360,2029,37,-12.41142,0.0,0.0
Paco Rodriguez,13398,2029,38,-12.694439,0.0,0.0
R.J. Alvarez,13401,2029,38,-12.741984,0.0,0.0
Drew VerHagen,13424,2029,38,-12.741984,0.0,0.0
Marcus Stroman,13431,2029,38,-12.741984,0.0,0.0
Mike Morin,13442,2029,38,-12.741984,0.0,0.0
Daniel Norris,13475,2029,36,-12.056585,0.0,0.0
Sam Tuivailala,13485,2029,36,-12.056585,0.0,0.0
Chad Smith,13604,2029,39,-13.051972,0.0,0.0
Michael Roth,13736,2029,39,-13.035024,0.0,0.0
Dominic Leone,13763,2029,37,-12.41142,0.0,0.0
Ian Thomas,13881,2029,42,-13.853529,0.0,0.0
Kevin Gausman,14107,2029,38,-12.7262745,0.0,0.0
Shae Simmons,14200,2029,38,-12.741984,0.0,0.0
Dario Alvarez,14239,2029,40,-13.339186,0.0,0.0
Wei-Chung Wang,14382,2029,37,-12.41142,0.0,0.0
Kyuji Fujikawa,14443,2029,48,-15.041608,0.0,0.0
Buck Farmer,14814,2029,38,-12.741984,0.0,0.0
Corey Knebel,15010,2029,37,-12.41142,0.0,0.0
Kyle Crockett,15033,2029,37,-12.41142,0.0,0.0
Kendall Graveman,15514,2029,38,-12.741984,0.0,0.0
Miguel Gonzalez,15675,2029,42,-13.853529,0.0,0.0
Brandon Finnegan,16208,2029,36,-12.056585,0.0,0.0
Avisail Garcia,5760,2029,38,-10.977549,0.0,0.0
David Murphy,6035,2029,47,-14.31151,0.0,0.0
Jeff Baker,2073,2029,48,-15.137691,0.0,0.0
Zach Walters,10622,2029,39,-12.988996,0.0,0.0
Geovany Soto,3707,2029,46,-14.559827,0.0,0.0
Brad Snyder,6052,2029,47,-14.751665,0.0,0.0
Reid Brignac,8380,2029,43,-13.535292,0.0,0.0
Brayan Pena,3231,2029,47,-14.018428,0.0,0.0
Daniel Descalso,8392,2029,42,-12.793052,0.0,0.0
Xavier Nady,1658,2029,50,-15.692241,0.0,0.0
Michael A. Taylor,11489,2029,38,-15.013108,0.0,0.0
Adam Moore,9362,2029,45,-14.081375,0.0,0.0
Jake Goebbert,9431,2029,41,-10.82964,0.0,0.0
Elian Herrera,5432,2029,44,-12.331127,0.0,0.0
Steve Clevenger,9542,2029,43,-14.474564,0.0,0.0
Steven Souza Jr.,5667,2029,40,-13.712767,0.0,0.0
Chris Valaika,1165,2029,43,-13.758967,0.0,0.0
Dan Butler,9968,2029,42,-14.232937,0.0,0.0
Logan Forsythe,7185,2029,42,-13.245653,0.0,0.0
Wil Myers,10047,2029,38,-10.402479,0.0,0.0
Jedd Gyorko,10816,2029,40,-12.858888,0.0,0.0
J.T. Realmuto,11739,2029,38,-13.153233,0.0,0.0
Moises Sierra,6050,2029,40,-12.518436,0.0,0.0
Ian Stewart,5950,2029,44,-12.094346,0.0,0.0
Xavier Scruggs,7409,2029,41,-13.981669,0.0,0.0
Christian Walker,13419,2029,38,-9.507513,0.0,0.0
Joaquin Arias,3817,2029,44,-13.65487,0.0,0.0
Yolmer Sanchez,11602,2029,37,-11.196349,0.0,0.0
Jason Bourgeois,2225,2029,47,-13.570244,0.0,0.0
Andy Marte,3203,2029,45,-13.641831,0.0,0.0
Tuffy Gosewisch,5277,2029,45,-14.867344,0.0,0.0
Freddy Galvis,6609,2029,39,-11.02168,0.0,0.0
Austin Romine,5491,2029,40,-13.616785,0.0,0.0
Carlos Triunfel,193,2029,39,-12.954008,0.0,0.0
Dean Anna,8353,2029,42,-12.940992,0.0,0.0
Nate McLouth,3190,2029,47,-10.028048,0.0,0.0
Justin Sellers,4006,2029,43,-13.825767,0.0,0.0
Vince Belnome,8126,2029,41,-13.606572,0.0,0.0
Curt Casali,12510,2029,40,-13.645078,0.0,0.0
Raffy Lopez,12606,2029,41,-13.606572,0.0,0.0
Jim Adduci,6448,2029,44,-8.30269,0.0,0.0
Jake Elmore,7290,2029,42,-12.959578,0.0,0.0
Luis Jimenez,6341,2029,41,-12.569473,0.0,0.0
Danny Worth,198,2029,43,-13.492419,0.0,0.0
Hector Gomez,2264,2029,41,-11.277247,0.0,0.0
Jorge De La Rosa,2047,2029,48,-15.038155,0.0,0.0
Alfredo Simon,2155,2029,48,-15.038155,0.0,0.0
Johnny Cueto,6893,2029,43,-14.045902,0.0,0.0
Franklin Morales,5088,2029,43,-14.045902,0.0,0.0
Brandon McCarthy,4662,2029,45,-14.473427,0.0,0.0
Kyle Lohse,739,2029,50,-15.362576,0.0,0.0
Ervin Santana,3200,2029,46,-14.672544,0.0,0.0
Gio Gonzalez,7448,2029,43,-14.045902,0.0,0.0
Jeff Locke,2929,2029,41,-13.563741,0.0,0.0
Francisco Liriano,3201,2029,45,-14.473427,0.0,0.0
Trevor Cahill,6249,2029,41,-13.563741,0.0,0.0
Yohan Flande,5057,2029,43,-14.086638,0.0,0.0
Mat Latos,3815,2029,41,-13.580516,0.0,0.0
Gavin Floyd,3886,2029,46,-14.672544,0.0,0.0
Tim Lincecum,5705,2029,45,-14.473427,0.0,0.0
Mike Bolsinger,11137,2029,41,-13.606572,0.0,0.0
Brett Jackson,9632,2029,40,-13.144803,0.0,0.0
Tyler Chatwood,4338,2029,39,-13.00514,0.0,0.0
Jesse Hahn,13287,2029,39,-13.051972,0.0,0.0
Joey Butler,7799,2029,43,-13.828281,0.0,0.0
Vidal Nuno,9674,2029,41,-13.588975,0.0,0.0
Tsuyoshi Wada,13046,2029,48,-15.051761,0.0,0.0
Mike Baxter,4464,2029,44,-14.432513,0.0,0.0
David Hale,9756,2029,41,-13.588975,0.0,0.0
Jamey Wright,715,2029,54,-15.950635,0.0,0.0
R.A. Dickey,1245,2029,54,-15.955337,0.0,0.0
Rick Porcello,2717,2029,40,-13.294437,0.0,0.0
Danny Duffy,3542,2029,40,-13.294437,0.0,0.0
Carlos Frias,3547,2029,39,-13.051972,0.0,0.0
Jon Lester,4930,2029,45,-14.473427,0.0,0.0
Tony Abreu,5053,2029,44,-14.122173,0.0,0.0
Chris Tillman,5279,2029,41,-13.563741,0.0,0.0
Brad Peacock,5401,2029,41,-13.547482,0.0,0.0
Jair Jurrjens,5556,2029,43,-4.6031594,0.0,0.0
Jose Constanza,6003,2029,45,-13.276252,0.0,0.0
David Phelps,6316,2029,42,-13.812994,0.0,0.0
Stolmy Pimentel,6415,2029,39,-13.035024,0.0,0.0
Chase d'Arnaud,6652,2029,42,-15.475949,0.0,0.0
Miguel Gonzalez,7024,2029,45,-14.473427,0.0,0.0
Phil Hughes,7450,2029,43,-14.045902,0.0,0.0
Carlos Torres,7624,2029,46,-14.672544,0.0,0.0
David Holmberg,7725,2029,37,-12.3957205,0.0,0.0
Matt Hague,7772,2029,43,-13.692336,0.0,0.0
Jaff Decker,7945,2029,39,-12.947923,0.0,0.0
Guillermo Quiroz,7989,2029,47,-15.087343,0.0,0.0
Nick Greenwood,8182,2029,41,-13.606572,0.0,0.0
Cord Phelps,8631,2029,42,-14.048032,0.0,0.0
Ali Solis,8848,2029,41,-13.571536,0.0,0.0
Garrett Richards,9784,2029,41,-13.563741,0.0,0.0
Kevin Slowey,9918,2029,45,-14.454134,0.0,0.0
Lane Adams,10767,2029,39,-11.987536,0.0,0.0
Eric Jokisch,11157,2029,39,-13.051972,0.0,0.0
Aaron Altherr,11270,2029,38,-12.741984,0.0,0.0
Tommy Kahnle,11384,2029,39,-13.051972,0.0,0.0
Jose Quintana,11423,2029,40,-13.294437,0.0,0.0
Anthony Ranaudo,11424,2029,39,-13.051972,0.0,0.0
Rafael Montero,12760,2029,38,-12.741984,0.0,0.0
Eddie Butler,13453,2029,38,-12.741984,0.0,0.0
Matthew Clark,8793,2029,42,-14.071248,0.0,0.0
C.J. Cron,12546,2029,39,-13.4226,0.0,0.0
Kurt Suzuki,8259,2029,45,-14.589528,0.0,0.0
Eric Hosmer,3516,2029,39,-12.134172,0.0,0.0
Ryan Howard,2154,2029,49,-15.519513,0.0,0.0
Bobby Abreu,945,2029,55,-15.363565,0.0,0.0
Lyle Overbay,1617,2029,52,-15.391964,0.0,0.0
Grant Green,10053,2029,41,-13.354321,0.0,0.0
Alex Presley,5305,2029,43,-11.595757,0.0,0.0
Don Kelly,2216,2029,49,-13.284009,0.0,0.0
Gordon Beckham,9015,2029,42,-13.489955,0.0,0.0
Justin Smoak,9054,2029,42,-14.046996,0.0,0.0
Cole Gillespie,5888,2029,45,-12.314098,0.0,0.0
Donnie Murphy,4704,2029,46,-14.112328,0.0,0.0
Adam Duvall,10950,2029,40,-10.871917,0.0,0.0
Roger Bernadina,6421,2029,45,-12.920426,0.0,0.0
Jerry Sands,4016,2029,41,-13.794357,0.0,0.0
Koyie Hill,1829,2029,50,-15.424236,0.0,0.0
Tyler Pastornicky,6777,2029,39,-12.238624,0.0,0.0
Logan Schafer,7937,2029,42,-11.672323,0.0,0.0
Zelous Wheeler,8822,2029,42,-14.169575,0.0,0.0
Omar Quintanilla,6335,2029,47,-15.047445,0.0,0.0
Yorman Rodriguez,9922,2029,36,-13.106109,0.0,0.0
Jack Hannahan,3692,2029,49,-15.335731,0.0,0.0
John McDonald,395,2029,54,-15.66239,0.0,0.0
Taylor Teagarden,5199,2029,45,-14.476545,0.0,0.0
Brent Morel,6402,2029,42,-12.589441,0.0,0.0
Sandy Leon,5273,2029,40,-13.591942,0.0,0.0
Rafael Furcal,88,2029,51,-14.425416,0.0,0.0
Jason Rogers,11773,2029,41,-13.606572,0.0,0.0
Brooks Conrad,3664,2029,49,-14.604562,0.0,0.0
Guilder Rodriguez,3412,2029,45,-13.941203,0.0,0.0
Zoilo Almonte,6732,2029,40,-8.5316105,0.0,0.0
Ryan Roberts,5653,2029,48,-15.088153,0.0,0.0
Darin Mastroianni,7316,2029,43,-12.039375,0.0,0.0
Irving Falu,6165,2029,46,-13.320492,0.0,0.0
Marco Scutaro,1555,2029,53,-15.435698,0.0,0.0
Yovani Gallardo,8173,2029,43,-14.045902,0.0,0.0
Tanner Roark,8753,2029,42,-13.834758,0.0,0.0
Julio Teheran,6797,2029,38,-12.694439,0.0,0.0
Lance Lynn,2520,2029,42,-13.812994,0.0,0.0
Eric Stults,8011,2029,49,-15.204984,0.0,0.0
Zack Wheeler,10310,2029,39,-13.035024,0.0,0.0
Alex Wood,13781,2029,38,-12.7262745,0.0,0.0
Vance Worley,6435,2029,41,-13.563741,0.0,0.0
Juan Nicasio,7731,2029,42,-13.812994,0.0,0.0
Alex Guerrero,15670,2029,42,-12.205101,0.0,0.0
Cristhian Adames,6013,2029,37,-12.792876,0.0,0.0
Yusmeiro Petit,4020,2029,44,-14.264642,0.0,0.0
Mike Fiers,7754,2029,44,-14.264642,0.0,0.0
Christian Bergman,10925,2029,41,-13.606572,0.0,0.0
Ronny Cedeno,2179,2029,46,-14.417977,0.0,0.0
Carlos Villanueva,4138,2029,45,-14.473427,0.0,0.0
Alexi Casilla,5248,2029,44,-12.431765,0.0,0.0
Jenrry Mejia,8476,2029,39,-13.00514,0.0,0.0
Ryan Lavarnway,8879,2029,41,-13.945733,0.0,0.0
Carlos Gonzalez,7287,2029,43,-11.757399,0.0,0.0
Dan Johnson,2167,2029,49,-15.225035,0.0,0.0
Ryan Wheeler,9312,2029,40,-13.407741,0.0,0.0
Andrew Brown,3837,2029,44,-14.353168,0.0,0.0
Cesar Hernandez,10556,2029,39,-11.743982,0.0,0.0
Chris Nelson,8175,2029,43,-12.464256,0.0,0.0
Miguel Olivo,1638,2029,50,-15.190136,0.0,0.0
Donald Lutz,10154,2029,40,-12.139096,0.0,0.0
Juan Centeno,7168,2029,39,-13.105273,0.0,0.0
Erisbel Arruebarrena,15809,2029,39,-11.412238,0.0,0.0
Caleb Gindl,5002,2029,40,-13.537118,0.0,0.0
Andrew Cashner,8782,2029,42,-13.43712,0.0,0.0
Kyle Parker,11763,2029,39,-12.778447,0.0,0.0
Maikel Franco,12179,2029,36,-10.623559,0.0,0.0
Elliot Johnson,4751,2029,45,-11.908746,0.0,0.0
Jeff Francoeur,4792,2029,45,-13.223267,0.0,0.0
Xavier Paul,5963,2029,44,-14.407408,0.0,0.0
Jamie Romak,5552,2029,43,-14.086638,0.0,0.0
Nathan Eovaldi,9132,2029,39,-13.00514,0.0,0.0
Brad Glenn,7392,2029,42,-14.25815,0.0,0.0
Doug Fister,9425,2029,45,-14.473427,0.0,0.0
Roberto Hernandez,3273,2029,48,-15.038155,0.0,0.0
Matt Garza,3340,2029,45,-14.473427,0.0,0.0
Tim Hudson,921,2029,53,-15.81058,0.0,0.0
Charlie Morton,4676,2029,45,-14.473427,0.0,0.0
Dillon Gee,7396,2029,43,-14.045902,0.0,0.0
Brad Hand,9111,2029,39,-13.00514,0.0,0.0
Michael Wacha,14078,2029,37,-12.3957205,0.0,0.0
Odrisamer Despaigne,16017,2029,42,-13.853529,0.0,0.0
Jake Peavy,1051,2029,48,-15.038155,0.0,0.0
Josh Rutledge,11167,2029,40,-10.077923,0.0,0.0
Prince Fielder,4613,2029,45,-14.81713,0.0,0.0
Ryan Ludwick,1260,2029,50,-15.348337,0.0,0.0
Grady Sizemore,2197,2029,46,-12.62047,0.0,0.0
Jay Bruce,9892,2029,42,-9.640727,0.0,0.0
Jose Tabata,2411,2029,40,-12.967178,0.0,0.0
Ryan Kalish,6962,2029,41,-10.368242,0.0,0.0
Mike Aviles,5986,2029,48,-9.784423,0.0,0.0
Logan Watkins,4875,2029,39,-10.1896515,0.0,0.0
Josh Thole,9689,2029,42,-13.513034,0.0,0.0
Junior Lake,4672,2029,39,-8.550792,0.0,0.0
Eric Fryer,8145,2029,43,-12.323244,0.0,0.0
John Buck,2041,2029,48,-14.956113,0.0,0.0
Roger Kieschnick,5225,2029,42,-12.498386,0.0,0.0
Mark Ellis,1443,2029,52,-13.389388,0.0,0.0
Alex Gonzalez,520,2029,52,-15.557268,0.0,0.0
Shane Robinson,4249,2029,44,-13.817821,0.0,0.0
Josh Satin,6788,2029,44,-14.671159,0.0,0.0
Michael Martinez,7358,2029,46,-14.756714,0.0,0.0
Tim Federowicz,8609,2029,41,-13.443637,0.0,0.0
Chris Dominguez,9718,2029,42,-13.942629,0.0,0.0
Aaron Harang,1451,2029,51,-15.512826,0.0,0.0
Wily Peralta,7738,2029,40,-13.294437,0.0,0.0
Tom Koehler,6570,2029,43,-14.045902,0.0,0.0
Edinson Volquez,3990,2029,45,-14.473427,0.0,0.0
Chase Anderson,6895,2029,41,-13.606572,0.0,0.0
Mark Trumbo,6876,2029,43,-13.409284,0.0,0.0
Josmil Pinto,6806,2029,40,-13.431448,0.0,0.0
Carlos Beltran,589,2029,52,-14.895521,0.0,0.0
Billy Butler,7399,2029,43,-14.360159,0.0,0.0
Aaron Hill,6104,2029,47,-13.712313,0.0,0.0
Mitch Moreland,3086,2029,43,-14.489244,0.0,0.0
Adrian Nieto,10294,2029,39,-13.10378,0.0,0.0
Anthony Recker,4063,2029,45,-13.367295,0.0,0.0
Reed Johnson,1702,2029,52,-15.5030985,0.0,0.0
Kevin Frandsen,7528,2029,47,-15.0122,0.0,0.0
Mike Olt,10698,2029,40,-13.168658,0.0,0.0
Jason Giambi,818,2029,58,-16.67843,0.0,0.0
Jesus Guzman,3118,2029,45,-13.037143,0.0,0.0
Nick Ahmed,12147,2029,39,-12.681273,0.0,0.0
Brennan Boesch,914,2029,44,-10.547843,0.0,0.0
Juan Perez,5371,2029,42,-13.581155,0.0,0.0
Cameron Rupp,11146,2029,40,-13.629677,0.0,0.0
Daric Barton,5928,2029,43,-13.857928,0.0,0.0
Greg Dobbs,2158,2029,50,-15.521862,0.0,0.0
JB Shuck,6677,2029,42,-10.225051,0.0,0.0
Andy Wilkins,11251,2029,40,-12.23561,0.0,0.0
Eli Whiteside,3536,2029,49,-11.574839,0.0,0.0
Neftali Soto,5663,2029,40,-12.671549,0.0,0.0
Domingo Santana,10348,2029,36,-7.679094,0.0,0.0
Chris Colabello,13051,2029,45,-14.064064,0.0,0.0
Cody Ross,1760,2029,48,-14.858039,0.0,0.0
J.P. Arencibia,697,2029,43,-14.398287,0.0,0.0
Marc Krauss,7577,2029,41,-13.901572,0.0,0.0
Carlos Quentin,6274,2029,46,-15.111178,0.0,0.0
Rymer Liriano,4779,2029,38,-9.7544565,0.0,0.0
Scott Hairston,1926,2029,49,-15.003575,0.0,0.0
Mike Carp,7480,2029,43,-13.967527,0.0,0.0
Ryan Goins,9807,2029,41,-13.782322,0.0,0.0
Carlos Pena,934,2029,51,-14.390837,0.0,0.0
Jesus Aguilar,11342,2029,39,-13.471159,0.0,0.0
Bartolo Colon,375,2029,56,-16.241613,0.0,0.0
Ryan Doumit,2113,2029,48,-14.852066,0.0,0.0
Christian Bethancourt,10028,2029,37,-11.506392,0.0,0.0
L.J. Hoes,6656,2029,39,-12.260049,0.0,0.0
Brendan Ryan,6073,2029,47,-14.357425,0.0,0.0
Jeff Bianchi,9958,2029,42,-13.845788,0.0,0.0
Dioner Navarro,3179,2029,45,-14.460599,0.0,0.0
Jason Kubel,2161,2029,47,-14.1629505,0.0,0.0
Skip Schumaker,3704,2029,49,-14.561301,0.0,0.0
Stephen Drew,4251,2029,46,-14.539816,0.0,0.0
Chris Herrmann,9284,2029,41,-12.545376,0.0,0.0
Justin Maxwell,6827,2029,45,-13.311188,0.0,0.0
Dayan Viciedo,3917,2029,40,-13.543553,0.0,0.0
Jon Singleton,10441,2029,37,-10.7681265,0.0,0.0
Alfonso Soriano,847,2029,53,-13.8557,0.0,0.0
Corey Hart,1945,2029,47,-14.164593,0.0,0.0
Oscar Taveras,11173,2029,37,-12.548031,0.0,0.0
Will Middlebrooks,7002,2029,40,-13.036288,0.0,0.0
Alfredo Marte,5212,2029,40,-12.948692,0.0,0.0
Dan Uggla,3442,2029,49,-14.90547,0.0,0.0
Jayson Nix,3790,2029,46,-12.1013155,0.0,0.0
Paul Konerko,242,2029,53,-16.07306,0.0,0.0
Nate Schierholtz,6201,2029,45,-12.999127,0.0,0.0
Tomas Telis,10067,2029,38,-9.507513,0.0,0.0
Charlie Culberson,3298,2029,40,-10.602609,0.0,0.0
Tony Gwynn,6141,2029,46,-12.526052,0.0,0.0
Domonic Brown,3154,2029,41,-12.432609,0.0,0.0
Jordan Pacheco,2677,2029,43,-14.409094,0.0,0.0
John Baker,4756,2029,48,-15.277628,0.0,0.0
Brett Hayes,4293,2029,45,-14.054061,0.0,0.0
Raul Ibanez,607,2029,57,-15.470545,0.0,0.0
Stefen Romero,11746,2029,40,-13.088778,0.0,0.0
A.J. Pierzynski,746,2029,52,-15.830614,0.0,0.0
Matt Dominguez,4903,2029,39,-13.265078,0.0,0.0
Alberto Callaspo,3336,2029,46,-14.843067,0.0,0.0
Ryan Raburn,2218,2029,48,-15.302071,0.0,0.0
Bryan Holaday,11287,2029,41,-13.251899,0.0,0.0
Tony Cruz,2802,2029,42,-13.485074,0.0,0.0
Kendrys Morales,8610,2029,46,-15.061434,0.0,0.0
Allen Craig,3433,2029,44,-14.22164,0.0,0.0
Gerald Laird,1698,2029,49,-15.415965,0.0,0.0
Nick Swisher,4599,2029,48,-15.1433,0.0,0.0
A.J. Ellis,5677,2029,48,-15.310859,0.0,0.0
Jarrod Saltalamacchia,5557,2029,44,-14.131551,0.0,0.0
Michael Choice,11376,2029,39,-13.203797,0.0,0.0
