Player Name,Team,Status,WAR,Base_Value,Contract_Value,Surplus_Value
Bobby Witt Jr.,kc,Club,0.0494070361185685,532367.63,28000000.0,-27467632.37
Juan Soto,nym,,1.4505615898065156,15630001.24,51000000.0,-35369998.76
