Player Name,Team,Status,WAR,Base_Value,Contract_Value,Surplus_Value
Bobby Witt Jr.,kc,Opt-Out,2.6839764691404127,28165586.55,35707070.0,-7541483.45
Yoshinobu Yamamoto,lad,,-0.4,0.0,32166666.0,-32166666.0
Juan Soto,nym,,5.2890721038011685,70537133.6,51000000.0,19537133.6
Fernando Tatis Jr.,sd,,1.0515643091494031,9787928.3,36714295.0,-26926366.7
Julio Rodriguez,sea,,2.300523246977174,22811830.33,18000000.0,4811830.33
