Player Name,Team,Status,WAR,Base_Value,Contract_Value,Surplus_Value,IDfg,Age_bat,BB%_bat,K%_bat,AVG,OBP,SLG,wOBA,wRC+,EV,Off,BsR,Def,Age_pit,FIP,SIERA,K%_pit,BB%_pit,GB%,FB%,Stuff+,Location+,Pitching+,FBv
Bobby Witt Jr.,kc,Club,0.0494070361185685,532367.63,28000000.0,-27467632.37,25764.0,37.0,0.066081055,0.22014762,0.24625163,0.3048632,0.39685985,0.30602148,93.498055,89.97459,-1.5255825170656514,-4.644311534939334,-12.247135117650032,,,,,,,,,,,
Juan Soto,nym,,1.4505615898065156,15630001.24,51000000.0,-35369998.76,20123.0,38.0,0.08763713,0.19169265,0.26497042,0.33766407,0.43982515,0.33627272,115.39592,91.17458,13.968952365037874,-4.461261697579175,-14.193405210971832,,,,,,,,,,,
