Player Name,Team,Status,WAR,Base_Value,Contract_Value,Surplus_Value
Bobby Witt Jr.,kc,Club,0.7759793695992305,7583931.75,33000000.0,-25416068.25
Yoshinobu Yamamoto,lad,,-0.5,0.0,32166670.0,-32166670.0
Juan Soto,nym,,0.5351823163761155,5230533.6,51000000.0,-45769466.4
