Player Name,Team,Status,WAR,Base_Value,Contract_Value,Surplus_Value
Bobby Witt Jr.,kc,Club,0.7566779358648554,7765056.33,28000000.0,-20234943.67
Juan Soto,nym,,2.885362366707752,34152503.22,51000000.0,-16847496.78
