Player Name,Team,Status,WAR,Base_Value,Contract_Value,Surplus_Value,IDfg,Age_bat,BB%_bat,K%_bat,AVG,OBP,SLG,wOBA,wRC+,EV,Off,BsR,Def,Age_pit,FIP,SIERA,K%_pit,BB%_pit,GB%,FB%,Stuff+,Location+,Pitching+,FBv
Bobby Witt Jr.,kc,Club,0.7566779358648554,7765056.33,28000000.0,-20234943.67,25764.0,36.0,0.072526835,0.2063536,0.25703067,0.31890857,0.4219315,0.32054925,104.792534,90.64203,5.915469332439145,-4.46210534661077,-12.93913833796978,,,,,,,,,,,
Juan Soto,nym,,2.885362366707752,34152503.22,51000000.0,-16847496.78,20123.0,37.0,0.103915796,0.16677295,0.283933,0.3664439,0.48077706,0.3652609,135.78726,92.659294,28.816558058668928,-4.129725303500891,-15.311499685049055,,,,,,,,,,,
