Player Name,Team,Status,WAR,Base_Value,Contract_Value,Surplus_Value
Bobby Witt Jr.,kc,Club,1.676296835738005,16383065.45,33000000.0,-16616934.55
Yoshinobu Yamamoto,lad,,-0.5,0.0,32166670.0,-32166670.0
Juan Soto,nym,,4.324177649337454,55203453.58,51000000.0,4203453.58
