Player Name,Team,Status,WAR,Base_Value,Contract_Value,Surplus_Value,Age_bat,BB%_bat,K%_bat,AVG,OBP,SLG,wOBA,wRC+,EV,Off,BsR,Def,Age_pit,FIP,SIERA,K%_pit,BB%_pit,GB%,FB%,Stuff+,Location+,Pitching+,FBv
Bobby Witt Jr.,kc,Club,1.676296835738005,16383065.45,33000000.0,-16616934.55,35.0,0.0826535,0.18847121,0.27056974,0.33864233,0.4549528,0.3411743,120.4367,91.77537,16.479521809554683,-4.471253617666662,-14.48177732527256,,,,,,,,,,,
Yoshinobu Yamamoto,lad,,-0.5,0.0,32166670.0,-32166670.0,,,,,,,,,,,,,36.0,5.234938,5.342789,0.15679562,0.07656541,0.3871141,0.40653485,85.66723,101.57016,96.678345,89.728195
Juan Soto,nym,,4.324177649337454,55203453.58,51000000.0,4203453.58,36.0,0.11571932,0.1402729,0.29963946,0.3906657,0.5148928,0.39026368,151.57101,93.79807,41.62285876855617,-3.5342634026164887,-14.612872526049614,,,,,,,,,,,
