Player Name,Team,Status,WAR,Base_Value,Contract_Value,Surplus_Value
Bobby Witt Jr.,kc,Opt-Out,2.3662740150565047,23729839.52,35707070.0,-11977230.48
Yoshinobu Yamamoto,lad,,-0.4,0.0,32166666.0,-32166666.0
Juan Soto,nym,,2.690522070535422,28256975.94,51000000.0,-22743024.06
Fernando Tatis Jr.,sd,,3.564850045203084,40464302.85,36714295.0,3750007.85
Julio Rodriguez,sea,,4.430062594919844,54545865.34,18000000.0,36545865.34
