Player Name,Team,Status,WAR,Base_Value,Contract_Value,Surplus_Value,Age_bat,BB%_bat,K%_bat,AVG,OBP,SLG,wOBA,wRC+,EV,Off,BsR,Def,Age_pit,FIP,SIERA,K%_pit,BB%_pit,GB%,FB%,Stuff+,Location+,Pitching+,FBv
Bobby Witt Jr.,kc,Opt-Out,2.6839764691404127,28165586.55,35707070.0,-7541483.45,34.0,0.08984775,0.17308752,0.28253573,0.35390243,0.48587263,0.3597422,133.82545,92.83729,25.98990445602231,-3.971856369171292,-14.61629681289196,,,,,,,,,,,
Yoshinobu Yamamoto,lad,,-0.4,0.0,32166666.0,-32166666.0,,,,,,,,,,,,,35.0,5.148789,5.263073,0.15947334,0.07534636,0.39599866,0.39836153,85.433136,101.45516,96.54428,89.978195
Juan Soto,nym,,5.2890721038011685,70537133.6,51000000.0,19537133.6,35.0,0.12462539,0.12719053,0.30726042,0.4056599,0.53449667,0.4047746,159.90356,94.48093,49.05528611671634,-2.872528434963897,-13.25106918811798,,,,,,,,,,,
Fernando Tatis Jr.,sd,,1.0515643091494031,9787928.3,36714295.0,-26926366.7,35.0,0.08678198,0.21634561,0.2594599,0.33233073,0.44174996,0.33269724,114.38194,91.83751,12.1376120113745,-4.925953602651134,-15.8075463026762,,,,,,,,,,,
Julio Rodriguez,sea,,2.300523246977174,22811830.33,18000000.0,4811830.33,33.0,0.09248208,0.19283018,0.27805534,0.35159525,0.48514688,0.35731444,133.14201,93.3821,24.746419272771696,-4.41017069213558,-16.6923388838768,,,,,,,,,,,
