mlb_id,IDfg,name,year,value,value_type,label
434378,8700,Justin Verlander,2014,320439631,mlb_surplus,3.3 WAR
434378,8700,Justin Verlander,2015,357010607,mlb_surplus,3.1 WAR
434378,8700,Justin Verlander,2016,356070033,mlb_surplus,5.4 WAR
434378,8700,Justin Verlander,2017,323792676,mlb_surplus,4.1 WAR
434378,8700,Justin Verlander,2018,307328217,mlb_surplus,6.6 WAR
434378,8700,Justin Verlander,2019,318560740,mlb_surplus,6.4 WAR
434378,8700,Justin Verlander,2020,206949861,mlb_surplus,2.7 WAR
434378,8700,Justin Verlander,2023,170869620,mlb_surplus,3.4 WAR
434378,8700,Justin Verlander,2024,133282780,mlb_surplus,1.7 WAR
434378,8700,Justin Verlander,2025,157675532,mlb_surplus,2.2 WAR
434378,8700,Justin Verlander,2026,9841506,mlb_surplus,1.7 WAR
445276,3096,Kenley Jansen,2014,144401194,mlb_surplus,2.2 WAR
445276,3096,Kenley Jansen,2015,151714607,mlb_surplus,1.6 WAR
445276,3096,Kenley Jansen,2016,137654721,mlb_surplus,3.1 WAR
445276,3096,Kenley Jansen,2017,55411183,mlb_surplus,3.5 WAR
445276,3096,Kenley Jansen,2018,42899153,mlb_surplus,1.6 WAR
445276,3096,Kenley Jansen,2019,66344740,mlb_surplus,1.3 WAR
445276,3096,Kenley Jansen,2020,80105768,mlb_surplus,1.1 WAR
445276,3096,Kenley Jansen,2021,102677738,mlb_surplus,1.8 WAR
445276,3096,Kenley Jansen,2022,86693353,mlb_surplus,1.1 WAR
445276,3096,Kenley Jansen,2023,54828925,mlb_surplus,1.1 WAR
445276,3096,Kenley Jansen,2024,69016846,mlb_surplus,1.4 WAR
445276,3096,Kenley Jansen,2025,102219276,mlb_surplus,1.0 WAR
445276,3096,Kenley Jansen,2026,-1502306,mlb_surplus,0.9 WAR
455119,11847,Chris Martin,2015,102876573,mlb_surplus,1.1 WAR
455119,11847,Chris Martin,2016,94758646,mlb_surplus,1.0 WAR
455119,11847,Chris Martin,2017,91019468,mlb_surplus,0.9 WAR
455119,11847,Chris Martin,2019,109951509,mlb_surplus,1.1 WAR
455119,11847,Chris Martin,2020,109478486,mlb_surplus,0.7 WAR
455119,11847,Chris Martin,2021,130829755,mlb_surplus,0.8 WAR
455119,11847,Chris Martin,2022,126371676,mlb_surplus,1.6 WAR
455119,11847,Chris Martin,2023,93081941,mlb_surplus,1.5 WAR
455119,11847,Chris Martin,2024,99758047,mlb_surplus,1.2 WAR
455119,11847,Chris Martin,2025,143122012,mlb_surplus,1.1 WAR
455119,11847,Chris Martin,2026,6196308,mlb_surplus,1.1 WAR
467793,2396,Carlos Santana,2014,209440639,mlb_surplus,2.3 WAR
467793,2396,Carlos Santana,2015,200747968,mlb_surplus,2.1 WAR
467793,2396,Carlos Santana,2016,184699423,mlb_surplus,3.3 WAR
467793,2396,Carlos Santana,2017,148456205,mlb_surplus,2.9 WAR
467793,2396,Carlos Santana,2018,89591271,mlb_surplus,2.8 WAR
467793,2396,Carlos Santana,2019,91807963,mlb_surplus,4.8 WAR
467793,2396,Carlos Santana,2020,57123116,mlb_surplus,1.9 WAR
467793,2396,Carlos Santana,2021,95329803,mlb_surplus,3.1 WAR
467793,2396,Carlos Santana,2022,57217241,mlb_surplus,1.8 WAR
467793,2396,Carlos Santana,2023,48165363,mlb_surplus,2.0 WAR
467793,2396,Carlos Santana,2024,30289877,mlb_surplus,2.9 WAR
467793,2396,Carlos Santana,2025,-10252830,mlb_surplus,0.3 WAR
467793,2396,Carlos Santana,2026,-2000000,mlb_surplus,Trade Value
472610,6984,Luis Garcia,2014,40795827,mlb_surplus,0.6 WAR
472610,6984,Luis Garcia,2016,61425171,mlb_surplus,0.6 WAR
472610,6984,Luis Garcia,2017,58202719,mlb_surplus,1.3 WAR
472610,6984,Luis Garcia,2018,53027353,mlb_surplus,0.7 WAR
472610,6984,Luis Garcia,2019,70792404,mlb_surplus,0.7 WAR
472610,6984,Luis Garcia,2022,80639322,mlb_surplus,1.6 WAR
472610,6984,Luis Garcia,2023,64279691,mlb_surplus,0.7 WAR
472610,6984,Luis Garcia,2024,68894612,mlb_surplus,0.8 WAR
472610,6984,Luis Garcia,2025,100499397,mlb_surplus,0.7 WAR
472610,6984,Luis Garcia,2026,98760026,mlb_surplus,0.8 WAR
489446,9073,Kirby Yates,2015,111769797,mlb_surplus,0.9 WAR
489446,9073,Kirby Yates,2016,103823865,mlb_surplus,0.6 WAR
489446,9073,Kirby Yates,2017,97619098,mlb_surplus,0.6 WAR
489446,9073,Kirby Yates,2018,99232210,mlb_surplus,1.8 WAR
489446,9073,Kirby Yates,2019,124659313,mlb_surplus,3.4 WAR
489446,9073,Kirby Yates,2020,103235890,mlb_surplus,1.1 WAR
489446,9073,Kirby Yates,2024,120294734,mlb_surplus,1.9 WAR
489446,9073,Kirby Yates,2025,148481883,mlb_surplus,0.8 WAR
489446,9073,Kirby Yates,2026,4224933,mlb_surplus,1.0 WAR
500743,7802,Miguel Rojas,2015,118144365,mlb_surplus,0.7 WAR
500743,7802,Miguel Rojas,2016,121723991,mlb_surplus,1.1 WAR
500743,7802,Miguel Rojas,2017,115251362,mlb_surplus,1.5 WAR
500743,7802,Miguel Rojas,2018,105051270,mlb_surplus,1.4 WAR
500743,7802,Miguel Rojas,2019,102905208,mlb_surplus,1.6 WAR
500743,7802,Miguel Rojas,2020,90552750,mlb_surplus,2.1 WAR
500743,7802,Miguel Rojas,2021,81790919,mlb_surplus,2.1 WAR
500743,7802,Miguel Rojas,2022,74827716,mlb_surplus,2.0 WAR
500743,7802,Miguel Rojas,2023,72309396,mlb_surplus,2.0 WAR
500743,7802,Miguel Rojas,2024,45854221,mlb_surplus,2.8 WAR
500743,7802,Miguel Rojas,2025,18559218,mlb_surplus,1.5 WAR
500743,7802,Miguel Rojas,2026,-2620058,mlb_surplus,0.4 WAR
500779,11423,Jose Quintana,2014,283148882,mlb_surplus,4.8 WAR
500779,11423,Jose Quintana,2015,294300372,mlb_surplus,4.2 WAR
500779,11423,Jose Quintana,2016,256778111,mlb_surplus,4.9 WAR
500779,11423,Jose Quintana,2017,207585876,mlb_surplus,3.8 WAR
500779,11423,Jose Quintana,2018,177139740,mlb_surplus,2.7 WAR
500779,11423,Jose Quintana,2019,172397360,mlb_surplus,3.2 WAR
500779,11423,Jose Quintana,2020,155436524,mlb_surplus,1.8 WAR
500779,11423,Jose Quintana,2022,174399859,mlb_surplus,4.0 WAR
500779,11423,Jose Quintana,2026,2781516,mlb_surplus,1.0 WAR
502671,9218,Paul Goldschmidt,2014,494470218,mlb_surplus,4.3 WAR
502671,9218,Paul Goldschmidt,2015,462427348,mlb_surplus,7.2 WAR
502671,9218,Paul Goldschmidt,2016,396475374,mlb_surplus,4.9 WAR
502671,9218,Paul Goldschmidt,2017,357446908,mlb_surplus,5.3 WAR
502671,9218,Paul Goldschmidt,2018,314648548,mlb_surplus,4.7 WAR
502671,9218,Paul Goldschmidt,2019,141693346,mlb_surplus,3.0 WAR
502671,9218,Paul Goldschmidt,2020,109839091,mlb_surplus,2.8 WAR
502671,9218,Paul Goldschmidt,2021,108002461,mlb_surplus,4.8 WAR
502671,9218,Paul Goldschmidt,2022,79412977,mlb_surplus,6.8 WAR
502671,9218,Paul Goldschmidt,2023,5014821,mlb_surplus,3.4 WAR
502671,9218,Paul Goldschmidt,2024,1559057,mlb_surplus,2.0 WAR
502671,9218,Paul Goldschmidt,2025,-6104245,mlb_surplus,0.8 WAR
502671,9218,Paul Goldschmidt,2026,-4000000,mlb_surplus,Trade Value
506433,13074,Yu Darvish,2014,245796232,mlb_surplus,3.5 WAR
506433,13074,Yu Darvish,2015,262833350,mlb_surplus,3.5 WAR
506433,13074,Yu Darvish,2016,242374594,mlb_surplus,3.5 WAR
506433,13074,Yu Darvish,2017,220268246,mlb_surplus,3.6 WAR
506433,13074,Yu Darvish,2018,91836473,mlb_surplus,2.5 WAR
506433,13074,Yu Darvish,2019,117086899,mlb_surplus,2.3 WAR
506433,13074,Yu Darvish,2020,125648798,mlb_surplus,2.9 WAR
506433,13074,Yu Darvish,2021,132014771,mlb_surplus,2.7 WAR
506433,13074,Yu Darvish,2022,125683196,mlb_surplus,4.2 WAR
506433,13074,Yu Darvish,2023,23790056,mlb_surplus,2.4 WAR
506433,13074,Yu Darvish,2024,20743300,mlb_surplus,1.8 WAR
506433,13074,Yu Darvish,2025,52374284,mlb_surplus,1.3 WAR
506433,13074,Yu Darvish,2026,-15720254,mlb_surplus,1.1 WAR
514888,5417,Jose Altuve,2014,665486813,mlb_surplus,5.2 WAR
514888,5417,Jose Altuve,2015,634683823,mlb_surplus,4.4 WAR
514888,5417,Jose Altuve,2016,595590690,mlb_surplus,7.2 WAR
514888,5417,Jose Altuve,2017,512218786,mlb_surplus,7.7 WAR
514888,5417,Jose Altuve,2018,299673113,mlb_surplus,5.8 WAR
514888,5417,Jose Altuve,2019,263875607,mlb_surplus,5.0 WAR
514888,5417,Jose Altuve,2020,221222107,mlb_surplus,3.0 WAR
514888,5417,Jose Altuve,2021,214101264,mlb_surplus,5.2 WAR
514888,5417,Jose Altuve,2022,172409076,mlb_surplus,6.9 WAR
514888,5417,Jose Altuve,2023,97410166,mlb_surplus,4.1 WAR
514888,5417,Jose Altuve,2024,69392509,mlb_surplus,3.9 WAR
514888,5417,Jose Altuve,2025,-82259434,mlb_surplus,2.1 WAR
514888,5417,Jose Altuve,2026,-72207863,mlb_surplus,1.3 WAR
518585,7048,Fernando Cruz,2024,71493116,mlb_surplus,1.2 WAR
518585,7048,Fernando Cruz,2025,95434362,mlb_surplus,0.8 WAR
518585,7048,Fernando Cruz,2026,10979885,mlb_surplus,0.7 WAR
518595,7739,Travis d'Arnaud,2014,198689833,mlb_surplus,3.1 WAR
518595,7739,Travis d'Arnaud,2015,193499548,mlb_surplus,3.4 WAR
518595,7739,Travis d'Arnaud,2016,205448819,mlb_surplus,3.7 WAR
518595,7739,Travis d'Arnaud,2017,136772725,mlb_surplus,2.3 WAR
518595,7739,Travis d'Arnaud,2018,124977632,mlb_surplus,2.5 WAR
518595,7739,Travis d'Arnaud,2020,76070417,mlb_surplus,1.9 WAR
518595,7739,Travis d'Arnaud,2021,94813572,mlb_surplus,3.2 WAR
518595,7739,Travis d'Arnaud,2022,83803025,mlb_surplus,3.9 WAR
518595,7739,Travis d'Arnaud,2023,36708551,mlb_surplus,2.5 WAR
518595,7739,Travis d'Arnaud,2024,51583698,mlb_surplus,2.7 WAR
518595,7739,Travis d'Arnaud,2025,34812191,mlb_surplus,2.3 WAR
518595,7739,Travis d'Arnaud,2026,-6000000,mlb_surplus,Trade Value
518692,5361,Freddie Freeman,2014,553253720,mlb_surplus,4.5 WAR
518692,5361,Freddie Freeman,2015,561113296,mlb_surplus,3.3 WAR
518692,5361,Freddie Freeman,2016,549819759,mlb_surplus,6.4 WAR
518692,5361,Freddie Freeman,2017,496326009,mlb_surplus,4.5 WAR
518692,5361,Freddie Freeman,2018,467277273,mlb_surplus,4.6 WAR
518692,5361,Freddie Freeman,2019,437254253,mlb_surplus,4.4 WAR
518692,5361,Freddie Freeman,2020,418484181,mlb_surplus,4.1 WAR
518692,5361,Freddie Freeman,2021,430592503,mlb_surplus,7.0 WAR
518692,5361,Freddie Freeman,2022,188274409,mlb_surplus,6.8 WAR
518692,5361,Freddie Freeman,2023,119315430,mlb_surplus,7.7 WAR
518692,5361,Freddie Freeman,2024,31758541,mlb_surplus,4.2 WAR
518692,5361,Freddie Freeman,2026,-14782085,mlb_surplus,2.1 WAR
518876,11156,Merrill Kelly,2020,216585164,mlb_surplus,1.3 WAR
518876,11156,Merrill Kelly,2022,187214424,mlb_surplus,3.2 WAR
518876,11156,Merrill Kelly,2023,151097908,mlb_surplus,3.2 WAR
518876,11156,Merrill Kelly,2024,134847335,mlb_surplus,1.7 WAR
518876,11156,Merrill Kelly,2025,170632513,mlb_surplus,3.1 WAR
518876,11156,Merrill Kelly,2026,-5927643,mlb_surplus,1.8 WAR
519141,11426,Drew Pomeranz,2015,102394759,mlb_surplus,1.4 WAR
519141,11426,Drew Pomeranz,2016,94023817,mlb_surplus,3.0 WAR
519141,11426,Drew Pomeranz,2017,80703470,mlb_surplus,3.0 WAR
519141,11426,Drew Pomeranz,2018,56471912,mlb_surplus,2.3 WAR
519141,11426,Drew Pomeranz,2019,80267591,mlb_surplus,0.6 WAR
519141,11426,Drew Pomeranz,2020,64220673,mlb_surplus,0.8 WAR
519141,11426,Drew Pomeranz,2021,93698031,mlb_surplus,0.7 WAR
519141,11426,Drew Pomeranz,2022,102338732,mlb_surplus,0.9 WAR
519141,11426,Drew Pomeranz,2023,91653419,mlb_surplus,0.9 WAR
519141,11426,Drew Pomeranz,2026,2528502,mlb_surplus,0.8 WAR
519242,10603,Chris Sale,2014,506553422,mlb_surplus,5.0 WAR
519242,10603,Chris Sale,2015,626695622,mlb_surplus,5.6 WAR
519242,10603,Chris Sale,2016,576490390,mlb_surplus,5.3 WAR
519242,10603,Chris Sale,2017,528160080,mlb_surplus,7.7 WAR
519242,10603,Chris Sale,2018,434799444,mlb_surplus,6.2 WAR
519242,10603,Chris Sale,2019,520319097,mlb_surplus,4.4 WAR
519242,10603,Chris Sale,2020,436892704,mlb_surplus,3.5 WAR
519242,10603,Chris Sale,2021,473605689,mlb_surplus,3.5 WAR
519242,10603,Chris Sale,2022,459260357,mlb_surplus,3.1 WAR
519242,10603,Chris Sale,2024,464859802,mlb_surplus,6.4 WAR
519242,10603,Chris Sale,2025,462554227,mlb_surplus,4.3 WAR
519242,10603,Chris Sale,2026,39074867,mlb_surplus,4.1 WAR
519317,4949,Giancarlo Stanton,2014,294641107,mlb_surplus,6.8 WAR
519317,4949,Giancarlo Stanton,2015,-22078604,mlb_surplus,4.5 WAR
519317,4949,Giancarlo Stanton,2016,-15629574,mlb_surplus,4.9 WAR
519317,4949,Giancarlo Stanton,2017,-71362560,mlb_surplus,6.4 WAR
519317,4949,Giancarlo Stanton,2018,-75716151,mlb_surplus,4.4 WAR
519317,4949,Giancarlo Stanton,2019,-116416307,mlb_surplus,2.8 WAR
519317,4949,Giancarlo Stanton,2020,-93037216,mlb_surplus,3.5 WAR
519317,4949,Giancarlo Stanton,2021,-83149486,mlb_surplus,3.7 WAR
519317,4949,Giancarlo Stanton,2022,-102263099,mlb_surplus,1.9 WAR
519317,4949,Giancarlo Stanton,2023,-75818040,mlb_surplus,1.7 WAR
519317,4949,Giancarlo Stanton,2024,-70097668,mlb_surplus,0.8 WAR
519317,4949,Giancarlo Stanton,2025,-51247432,mlb_surplus,1.9 WAR
519317,4949,Giancarlo Stanton,2026,-30316262,mlb_surplus,0.5 WAR
521692,7304,Salvador Perez,2014,221278671,mlb_surplus,4.2 WAR
521692,7304,Salvador Perez,2015,165550235,mlb_surplus,3.2 WAR
521692,7304,Salvador Perez,2016,116923480,mlb_surplus,2.2 WAR
521692,7304,Salvador Perez,2017,104482001,mlb_surplus,2.3 WAR
521692,7304,Salvador Perez,2018,123475019,mlb_surplus,3.0 WAR
521692,7304,Salvador Perez,2019,138071733,mlb_surplus,3.8 WAR
521692,7304,Salvador Perez,2021,193286212,mlb_surplus,4.9 WAR
521692,7304,Salvador Perez,2022,78493363,mlb_surplus,4.3 WAR
521692,7304,Salvador Perez,2023,43088676,mlb_surplus,3.0 WAR
521692,7304,Salvador Perez,2024,6578633,mlb_surplus,3.3 WAR
521692,7304,Salvador Perez,2026,-20993790,mlb_surplus,0.6 WAR
542303,10324,Marcell Ozuna,2014,320219305,mlb_surplus,4.5 WAR
542303,10324,Marcell Ozuna,2015,297356357,mlb_surplus,3.7 WAR
542303,10324,Marcell Ozuna,2016,249059958,mlb_surplus,2.5 WAR
542303,10324,Marcell Ozuna,2017,230406203,mlb_surplus,5.6 WAR
542303,10324,Marcell Ozuna,2018,181511294,mlb_surplus,3.2 WAR
542303,10324,Marcell Ozuna,2019,162912302,mlb_surplus,3.2 WAR
542303,10324,Marcell Ozuna,2020,158638248,mlb_surplus,5.0 WAR
542303,10324,Marcell Ozuna,2021,147704428,mlb_surplus,4.6 WAR
542303,10324,Marcell Ozuna,2022,114941123,mlb_surplus,3.6 WAR
542303,10324,Marcell Ozuna,2023,85459636,mlb_surplus,3.2 WAR
542303,10324,Marcell Ozuna,2024,65084433,mlb_surplus,4.7 WAR
542303,10324,Marcell Ozuna,2025,18056097,mlb_surplus,2.4 WAR
542303,10324,Marcell Ozuna,2026,-4455521,mlb_surplus,0.7 WAR
542888,12857,Shawn Armstrong,2015,15000000,prospect,FV 45
542888,12857,Shawn Armstrong,2016,15000000,prospect,FV 45
542888,12857,Shawn Armstrong,2017,15000000,prospect,FV 45
542888,12857,Shawn Armstrong,2018,63030111,mlb_surplus,0.5 WAR
542888,12857,Shawn Armstrong,2020,96538427,mlb_surplus,0.6 WAR
542888,12857,Shawn Armstrong,2022,107365596,mlb_surplus,0.5 WAR
542888,12857,Shawn Armstrong,2023,96803692,mlb_surplus,1.3 WAR
542888,12857,Shawn Armstrong,2024,97476965,mlb_surplus,0.8 WAR
542888,12857,Shawn Armstrong,2025,136835413,mlb_surplus,1.4 WAR
542888,12857,Shawn Armstrong,2026,6597785,mlb_surplus,1.0 WAR
543037,13125,Gerrit Cole,2014,495275088,mlb_surplus,3.6 WAR
543037,13125,Gerrit Cole,2015,543241375,mlb_surplus,5.1 WAR
543037,13125,Gerrit Cole,2016,502490862,mlb_surplus,4.2 WAR
543037,13125,Gerrit Cole,2017,459533798,mlb_surplus,3.6 WAR
543037,13125,Gerrit Cole,2018,431180097,mlb_surplus,5.8 WAR
543037,13125,Gerrit Cole,2019,401596655,mlb_surplus,7.4 WAR
543037,13125,Gerrit Cole,2020,86981909,mlb_surplus,3.4 WAR
543037,13125,Gerrit Cole,2021,79701451,mlb_surplus,5.2 WAR
543037,13125,Gerrit Cole,2022,90456298,mlb_surplus,3.6 WAR
543037,13125,Gerrit Cole,2023,52243090,mlb_surplus,5.3 WAR
543037,13125,Gerrit Cole,2024,33825931,mlb_surplus,3.0 WAR
543037,13125,Gerrit Cole,2025,104025301,mlb_surplus,2.3 WAR
543037,13125,Gerrit Cole,2026,-32594827,mlb_surplus,2.5 WAR
543135,9132,Nathan Eovaldi,2014,266749015,mlb_surplus,3.0 WAR
543135,9132,Nathan Eovaldi,2015,314313436,mlb_surplus,3.1 WAR
543135,9132,Nathan Eovaldi,2016,292578683,mlb_surplus,2.9 WAR
543135,9132,Nathan Eovaldi,2019,251909775,mlb_surplus,2.1 WAR
543135,9132,Nathan Eovaldi,2020,239686348,mlb_surplus,0.9 WAR
543135,9132,Nathan Eovaldi,2021,260124623,mlb_surplus,5.7 WAR
543135,9132,Nathan Eovaldi,2022,227336306,mlb_surplus,2.9 WAR
543135,9132,Nathan Eovaldi,2023,174404904,mlb_surplus,2.3 WAR
543135,9132,Nathan Eovaldi,2024,172124731,mlb_surplus,2.6 WAR
543135,9132,Nathan Eovaldi,2025,111466077,mlb_surplus,3.7 WAR
543135,9132,Nathan Eovaldi,2026,-3242657,mlb_surplus,2.4 WAR
543243,12768,Sonny Gray,2014,416363506,mlb_surplus,3.5 WAR
543243,12768,Sonny Gray,2015,471909220,mlb_surplus,3.9 WAR
543243,12768,Sonny Gray,2016,430566715,mlb_surplus,3.1 WAR
543243,12768,Sonny Gray,2017,398796767,mlb_surplus,2.7 WAR
543243,12768,Sonny Gray,2018,376996209,mlb_surplus,2.2 WAR
543243,12768,Sonny Gray,2019,407444130,mlb_surplus,4.6 WAR
543243,12768,Sonny Gray,2020,354843829,mlb_surplus,2.4 WAR
543243,12768,Sonny Gray,2021,369059351,mlb_surplus,2.5 WAR
543243,12768,Sonny Gray,2022,354540342,mlb_surplus,2.4 WAR
543243,12768,Sonny Gray,2023,314074255,mlb_surplus,5.4 WAR
543243,12768,Sonny Gray,2024,191856974,mlb_surplus,3.8 WAR
543243,12768,Sonny Gray,2026,3350279,mlb_surplus,2.8 WAR
543309,5517,Kyle Higashioka,2019,220381309,mlb_surplus,4.3 WAR
543309,5517,Kyle Higashioka,2022,98958691,mlb_surplus,3.3 WAR
543309,5517,Kyle Higashioka,2023,46143920,mlb_surplus,2.2 WAR
543309,5517,Kyle Higashioka,2024,23270040,mlb_surplus,2.0 WAR
543309,5517,Kyle Higashioka,2025,26424814,mlb_surplus,1.5 WAR
543309,5517,Kyle Higashioka,2026,-6750000,mlb_surplus,Trade Value
543510,12859,James McCann,2014,15000000,prospect,FV 45
543510,12859,James McCann,2015,15000000,prospect,FV 45
543510,12859,James McCann,2016,39714409,mlb_surplus,0.6 WAR
543510,12859,James McCann,2017,53521424,mlb_surplus,1.6 WAR
543510,12859,James McCann,2018,77417886,mlb_surplus,2.9 WAR
543510,12859,James McCann,2019,45114434,mlb_surplus,2.6 WAR
543510,12859,James McCann,2020,23338978,mlb_surplus,2.2 WAR
543510,12859,James McCann,2021,6319261,mlb_surplus,2.1 WAR
543510,12859,James McCann,2022,3653700,mlb_surplus,1.4 WAR
543510,12859,James McCann,2023,42382072,mlb_surplus,2.6 WAR
543510,12859,James McCann,2024,28996656,mlb_surplus,2.9 WAR
543510,12859,James McCann,2026,-2677942,mlb_surplus,0.0 WAR
543685,12861,Anthony Rendon,2014,349064151,mlb_surplus,6.4 WAR
543685,12861,Anthony Rendon,2015,317880413,mlb_surplus,5.0 WAR
543685,12861,Anthony Rendon,2016,265971247,mlb_surplus,3.3 WAR
543685,12861,Anthony Rendon,2017,229134767,mlb_surplus,5.9 WAR
543685,12861,Anthony Rendon,2018,163084241,mlb_surplus,5.5 WAR
543685,12861,Anthony Rendon,2019,99164526,mlb_surplus,6.8 WAR
543685,12861,Anthony Rendon,2020,54189368,mlb_surplus,6.0 WAR
543685,12861,Anthony Rendon,2021,47426301,mlb_surplus,5.8 WAR
543685,12861,Anthony Rendon,2022,-102498414,mlb_surplus,2.7 WAR
543685,12861,Anthony Rendon,2023,-56539136,mlb_surplus,2.7 WAR
543685,12861,Anthony Rendon,2024,-5104818,mlb_surplus,3.1 WAR
543685,12861,Anthony Rendon,2025,-40741607,mlb_surplus,1.4 WAR
543685,12861,Anthony Rendon,2026,-30195026,mlb_surplus,Trade Value
543760,12533,Marcus Semien,2014,448867477,mlb_surplus,0.5 WAR
543760,12533,Marcus Semien,2015,547345642,mlb_surplus,1.8 WAR
543760,12533,Marcus Semien,2016,545368982,mlb_surplus,2.7 WAR
543760,12533,Marcus Semien,2017,531719946,mlb_surplus,2.7 WAR
543760,12533,Marcus Semien,2018,515222680,mlb_surplus,3.0 WAR
543760,12533,Marcus Semien,2019,537297503,mlb_surplus,6.5 WAR
543760,12533,Marcus Semien,2020,491096558,mlb_surplus,4.1 WAR
543760,12533,Marcus Semien,2021,469500537,mlb_surplus,6.0 WAR
543760,12533,Marcus Semien,2022,233892941,mlb_surplus,4.4 WAR
543760,12533,Marcus Semien,2023,189433320,mlb_surplus,6.5 WAR
543760,12533,Marcus Semien,2024,135136932,mlb_surplus,4.3 WAR
543760,12533,Marcus Semien,2025,226140914,mlb_surplus,2.6 WAR
543760,12533,Marcus Semien,2026,15121281,mlb_surplus,2.8 WAR
543807,12856,George Springer,2014,97929293,prospect,"FV 60, #21"
543807,12856,George Springer,2015,465981501,mlb_surplus,3.9 WAR
543807,12856,George Springer,2016,427680899,mlb_surplus,4.5 WAR
543807,12856,George Springer,2017,383466808,mlb_surplus,4.4 WAR
543807,12856,George Springer,2018,387227358,mlb_surplus,5.5 WAR
543807,12856,George Springer,2019,323987386,mlb_surplus,6.1 WAR
543807,12856,George Springer,2020,274484260,mlb_surplus,5.4 WAR
543807,12856,George Springer,2021,248602840,mlb_surplus,6.3 WAR
543807,12856,George Springer,2022,116181978,mlb_surplus,4.5 WAR
543807,12856,George Springer,2023,101840165,mlb_surplus,3.5 WAR
543807,12856,George Springer,2024,71869267,mlb_surplus,1.9 WAR
543807,12856,George Springer,2025,77528845,mlb_surplus,5.2 WAR
543807,12856,George Springer,2026,7943845,mlb_surplus,2.6 WAR
545361,10155,Mike Trout,2014,731025510,mlb_surplus,8.3 WAR
545361,10155,Mike Trout,2015,660141888,mlb_surplus,9.3 WAR
545361,10155,Mike Trout,2016,548626763,mlb_surplus,8.6 WAR
545361,10155,Mike Trout,2017,493276150,mlb_surplus,7.4 WAR
545361,10155,Mike Trout,2018,436183887,mlb_surplus,9.4 WAR
545361,10155,Mike Trout,2019,197373271,mlb_surplus,7.7 WAR
545361,10155,Mike Trout,2020,290614438,mlb_surplus,9.3 WAR
545361,10155,Mike Trout,2021,170952740,mlb_surplus,7.9 WAR
545361,10155,Mike Trout,2022,-121401968,mlb_surplus,6.0 WAR
545361,10155,Mike Trout,2023,-131474903,mlb_surplus,4.4 WAR
545361,10155,Mike Trout,2024,-97304970,mlb_surplus,4.7 WAR
545361,10155,Mike Trout,2025,100723131,mlb_surplus,5.5 WAR
545361,10155,Mike Trout,2026,-149643101,mlb_surplus,2.6 WAR
547179,14843,Michael Lorenzen,2014,30000000,prospect,FV 50
547179,14843,Michael Lorenzen,2015,30000000,prospect,FV 50
547179,14843,Michael Lorenzen,2016,81821969,mlb_surplus,0.6 WAR
547179,14843,Michael Lorenzen,2017,79611112,mlb_surplus,0.8 WAR
547179,14843,Michael Lorenzen,2018,76203319,mlb_surplus,0.9 WAR
547179,14843,Michael Lorenzen,2019,91089447,mlb_surplus,1.3 WAR
547179,14843,Michael Lorenzen,2020,91157402,mlb_surplus,0.7 WAR
547179,14843,Michael Lorenzen,2021,102274682,mlb_surplus,0.7 WAR
547179,14843,Michael Lorenzen,2022,95587063,mlb_surplus,1.0 WAR
547179,14843,Michael Lorenzen,2023,79422537,mlb_surplus,1.7 WAR
547179,14843,Michael Lorenzen,2024,78989239,mlb_surplus,1.2 WAR
547179,14843,Michael Lorenzen,2025,102221707,mlb_surplus,1.2 WAR
547179,14843,Michael Lorenzen,2026,-496660,mlb_surplus,0.8 WAR
547180,11579,Bryce Harper,2014,623925181,mlb_surplus,5.5 WAR
547180,11579,Bryce Harper,2015,568223079,mlb_surplus,9.3 WAR
547180,11579,Bryce Harper,2016,555941789,mlb_surplus,7.0 WAR
547180,11579,Bryce Harper,2017,452889027,mlb_surplus,4.5 WAR
547180,11579,Bryce Harper,2018,409030778,mlb_surplus,5.1 WAR
547180,11579,Bryce Harper,2019,101396887,mlb_surplus,4.7 WAR
547180,11579,Bryce Harper,2020,84520696,mlb_surplus,4.8 WAR
547180,11579,Bryce Harper,2021,180867196,mlb_surplus,6.8 WAR
547180,11579,Bryce Harper,2022,30973780,mlb_surplus,5.5 WAR
547180,11579,Bryce Harper,2023,-20709564,mlb_surplus,3.9 WAR
547180,11579,Bryce Harper,2024,-43361992,mlb_surplus,5.1 WAR
547180,11579,Bryce Harper,2025,-89635461,mlb_surplus,3.5 WAR
547180,11579,Bryce Harper,2026,-110259254,mlb_surplus,2.2 WAR
547184,12791,Michael Kelly,2025,93824512,mlb_surplus,0.6 WAR
547184,12791,Michael Kelly,2026,9806525,mlb_surplus,0.7 WAR
547973,10233,Aroldis Chapman,2014,160172074,mlb_surplus,2.8 WAR
547973,10233,Aroldis Chapman,2015,190910054,mlb_surplus,2.5 WAR
547973,10233,Aroldis Chapman,2016,168125605,mlb_surplus,2.7 WAR
547973,10233,Aroldis Chapman,2017,80975040,mlb_surplus,1.5 WAR
547973,10233,Aroldis Chapman,2018,87452288,mlb_surplus,1.8 WAR
547973,10233,Aroldis Chapman,2019,144480325,mlb_surplus,2.1 WAR
547973,10233,Aroldis Chapman,2020,154306993,mlb_surplus,1.3 WAR
547973,10233,Aroldis Chapman,2022,195028126,mlb_surplus,0.9 WAR
547973,10233,Aroldis Chapman,2023,186672164,mlb_surplus,1.7 WAR
547973,10233,Aroldis Chapman,2024,177598890,mlb_surplus,1.1 WAR
547973,10233,Aroldis Chapman,2025,231348458,mlb_surplus,2.6 WAR
547973,10233,Aroldis Chapman,2026,9633455,mlb_surplus,1.6 WAR
548384,10061,Brooks Raley,2021,99268043,mlb_surplus,0.8 WAR
548384,10061,Brooks Raley,2022,105403476,mlb_surplus,1.0 WAR
548384,10061,Brooks Raley,2023,81873886,mlb_surplus,1.0 WAR
548384,10061,Brooks Raley,2024,78676738,mlb_surplus,0.7 WAR
548384,10061,Brooks Raley,2026,3175376,mlb_surplus,0.9 WAR
552640,12828,Andrew Kittredge,2018,58186149,mlb_surplus,0.7 WAR
552640,12828,Andrew Kittredge,2019,78469647,mlb_surplus,0.6 WAR
552640,12828,Andrew Kittredge,2020,92990706,mlb_surplus,0.5 WAR
552640,12828,Andrew Kittredge,2022,101637646,mlb_surplus,0.8 WAR
552640,12828,Andrew Kittredge,2023,87263405,mlb_surplus,0.8 WAR
552640,12828,Andrew Kittredge,2025,126077731,mlb_surplus,0.8 WAR
553993,12552,Eugenio Suarez,2014,30000000,prospect,FV 50
553993,12552,Eugenio Suarez,2015,368073925,mlb_surplus,2.1 WAR
553993,12552,Eugenio Suarez,2016,351334872,mlb_surplus,2.1 WAR
553993,12552,Eugenio Suarez,2017,335063294,mlb_surplus,3.9 WAR
553993,12552,Eugenio Suarez,2018,261048856,mlb_surplus,4.4 WAR
553993,12552,Eugenio Suarez,2019,239738425,mlb_surplus,4.3 WAR
553993,12552,Eugenio Suarez,2020,192693531,mlb_surplus,2.4 WAR
553993,12552,Eugenio Suarez,2021,199447703,mlb_surplus,3.4 WAR
553993,12552,Eugenio Suarez,2026,-9844070,mlb_surplus,0.7 WAR
554340,12095,Yimi Garcia,2014,15000000,prospect,FV 45
554340,12095,Yimi Garcia,2015,15000000,prospect,FV 45
554340,12095,Yimi Garcia,2016,61178755,mlb_surplus,0.8 WAR
554340,12095,Yimi Garcia,2019,75859122,mlb_surplus,0.6 WAR
554340,12095,Yimi Garcia,2020,80921051,mlb_surplus,0.6 WAR
554340,12095,Yimi Garcia,2026,458192,mlb_surplus,0.9 WAR
554430,10310,Zack Wheeler,2014,527767317,mlb_surplus,2.2 WAR
554430,10310,Zack Wheeler,2015,644481754,mlb_surplus,2.1 WAR
554430,10310,Zack Wheeler,2016,629696787,mlb_surplus,2.1 WAR
554430,10310,Zack Wheeler,2018,600245665,mlb_surplus,4.4 WAR
554430,10310,Zack Wheeler,2019,629237179,mlb_surplus,5.1 WAR
554430,10310,Zack Wheeler,2020,476552111,mlb_surplus,2.1 WAR
554430,10310,Zack Wheeler,2021,504222006,mlb_surplus,7.3 WAR
554430,10310,Zack Wheeler,2022,425928487,mlb_surplus,4.2 WAR
554430,10310,Zack Wheeler,2023,387891218,mlb_surplus,5.9 WAR
554430,10310,Zack Wheeler,2024,362577050,mlb_surplus,5.4 WAR
554430,10310,Zack Wheeler,2025,224529741,mlb_surplus,4.0 WAR
554430,10310,Zack Wheeler,2026,-246955,mlb_surplus,3.3 WAR
571448,9777,Nolan Arenado,2014,561888349,mlb_surplus,2.9 WAR
571448,9777,Nolan Arenado,2015,542631526,mlb_surplus,4.5 WAR
571448,9777,Nolan Arenado,2016,499102887,mlb_surplus,6.0 WAR
571448,9777,Nolan Arenado,2017,424434398,mlb_surplus,5.8 WAR
571448,9777,Nolan Arenado,2018,372916139,mlb_surplus,6.0 WAR
571448,9777,Nolan Arenado,2019,91145212,mlb_surplus,6.1 WAR
571448,9777,Nolan Arenado,2020,49278443,mlb_surplus,3.3 WAR
571448,9777,Nolan Arenado,2021,46928858,mlb_surplus,4.3 WAR
571448,9777,Nolan Arenado,2022,28840664,mlb_surplus,7.2 WAR
571448,9777,Nolan Arenado,2023,-40801427,mlb_surplus,2.7 WAR
571448,9777,Nolan Arenado,2024,-35337566,mlb_surplus,3.2 WAR
571448,9777,Nolan Arenado,2025,9232637,mlb_surplus,0.9 WAR
571448,9777,Nolan Arenado,2026,0,mlb_surplus,0.8 WAR
571510,15440,Matthew Boyd,2015,15000000,prospect,FV 45
571510,15440,Matthew Boyd,2016,201060781,mlb_surplus,1.2 WAR
571510,15440,Matthew Boyd,2017,193302185,mlb_surplus,2.1 WAR
571510,15440,Matthew Boyd,2018,179179219,mlb_surplus,2.2 WAR
571510,15440,Matthew Boyd,2019,191574041,mlb_surplus,3.2 WAR
571510,15440,Matthew Boyd,2020,170353387,mlb_surplus,1.2 WAR
571510,15440,Matthew Boyd,2026,8963259,mlb_surplus,2.0 WAR
571771,10472,Enrique Hernandez,2015,208814040,mlb_surplus,4.3 WAR
571771,10472,Enrique Hernandez,2016,124421336,mlb_surplus,3.0 WAR
571771,10472,Enrique Hernandez,2017,97192843,mlb_surplus,2.3 WAR
571771,10472,Enrique Hernandez,2018,114368253,mlb_surplus,3.5 WAR
571771,10472,Enrique Hernandez,2019,88180200,mlb_surplus,2.9 WAR
571771,10472,Enrique Hernandez,2020,74458780,mlb_surplus,3.5 WAR
571771,10472,Enrique Hernandez,2021,44679211,mlb_surplus,3.7 WAR
571771,10472,Enrique Hernandez,2026,-4500000,mlb_surplus,Trade Value
571927,13361,Steven Matz,2014,30000000,prospect,FV 50
571927,13361,Steven Matz,2015,82020202,prospect,"FV 60, #66"
571927,13361,Steven Matz,2016,100050505,prospect,"FV 60, #15"
571927,13361,Steven Matz,2017,155199468,mlb_surplus,2.5 WAR
571927,13361,Steven Matz,2018,112427340,mlb_surplus,1.6 WAR
571927,13361,Steven Matz,2019,118219767,mlb_surplus,1.9 WAR
571927,13361,Steven Matz,2020,105524392,mlb_surplus,0.9 WAR
571927,13361,Steven Matz,2022,55837306,mlb_surplus,1.0 WAR
571927,13361,Steven Matz,2023,52004390,mlb_surplus,2.0 WAR
571927,13361,Steven Matz,2024,48652682,mlb_surplus,0.6 WAR
571927,13361,Steven Matz,2026,0,mlb_surplus,0.8 WAR
571945,9803,Miles Mikolas,2015,222148907,mlb_surplus,2.0 WAR
571945,9803,Miles Mikolas,2016,210491189,mlb_surplus,2.0 WAR
571945,9803,Miles Mikolas,2019,205572706,mlb_surplus,2.3 WAR
571945,9803,Miles Mikolas,2020,129046453,mlb_surplus,1.3 WAR
571945,9803,Miles Mikolas,2021,158492124,mlb_surplus,1.3 WAR
571945,9803,Miles Mikolas,2022,164706575,mlb_surplus,2.8 WAR
571945,9803,Miles Mikolas,2023,109584668,mlb_surplus,3.0 WAR
571945,9803,Miles Mikolas,2024,105706744,mlb_surplus,1.9 WAR
571945,9803,Miles Mikolas,2025,151758218,mlb_surplus,1.3 WAR
571945,9803,Miles Mikolas,2026,4743099,mlb_surplus,0.8 WAR
571946,10197,Shelby Miller,2014,110788673,mlb_surplus,2.6 WAR
571946,10197,Shelby Miller,2015,102017031,mlb_surplus,3.4 WAR
571946,10197,Shelby Miller,2016,84926262,mlb_surplus,2.7 WAR
571946,10197,Shelby Miller,2017,69033598,mlb_surplus,1.9 WAR
571946,10197,Shelby Miller,2024,72404933,mlb_surplus,0.1 WAR
571946,10197,Shelby Miller,2025,113589116,mlb_surplus,0.6 WAR
571948,13346,Hoby Milner,2018,61243340,mlb_surplus,0.6 WAR
571948,13346,Hoby Milner,2022,100393770,mlb_surplus,0.7 WAR
571948,13346,Hoby Milner,2023,87822810,mlb_surplus,1.0 WAR
571948,13346,Hoby Milner,2024,89384748,mlb_surplus,0.9 WAR
571948,13346,Hoby Milner,2025,127422915,mlb_surplus,1.0 WAR
571948,13346,Hoby Milner,2026,5766113,mlb_surplus,1.1 WAR
571970,13301,Max Muncy,2014,15000000,prospect,FV 45
571970,13301,Max Muncy,2015,16666667,prospect,"FV 45, #78"
571970,13301,Max Muncy,2016,334571064,mlb_surplus,6yr ctrl
571970,13301,Max Muncy,2017,366908733,mlb_surplus,2.5 WAR
571970,13301,Max Muncy,2019,337296853,mlb_surplus,4.4 WAR
571970,13301,Max Muncy,2020,340870690,mlb_surplus,4.5 WAR
571970,13301,Max Muncy,2021,319741009,mlb_surplus,4.5 WAR
571970,13301,Max Muncy,2022,309579802,mlb_surplus,4.3 WAR
571970,13301,Max Muncy,2023,260727882,mlb_surplus,3.8 WAR
571970,13301,Max Muncy,2024,225378463,mlb_surplus,3.5 WAR
571970,13301,Max Muncy,2025,308960455,mlb_surplus,2.9 WAR
571970,13301,Max Muncy,2026,62966453,mlb_surplus,3.2 WAR
572233,13419,Christian Walker,2014,30000000,prospect,FV 50
572233,13419,Christian Walker,2015,15000000,prospect,FV 45
572233,13419,Christian Walker,2016,15000000,prospect,FV 45
572233,13419,Christian Walker,2017,15000000,prospect,FV 45
572233,13419,Christian Walker,2020,162846045,mlb_surplus,2.0 WAR
572233,13419,Christian Walker,2021,152156652,mlb_surplus,1.9 WAR
572233,13419,Christian Walker,2022,135962810,mlb_surplus,3.9 WAR
572233,13419,Christian Walker,2023,89842101,mlb_surplus,3.9 WAR
572233,13419,Christian Walker,2024,38240942,mlb_surplus,3.1 WAR
572233,13419,Christian Walker,2025,-38363317,mlb_surplus,1.6 WAR
572233,13419,Christian Walker,2026,-37498424,mlb_surplus,0.4 WAR
572955,13435,Pierce Johnson,2014,30000000,prospect,"FV 50, #100"
572955,13435,Pierce Johnson,2015,30000000,prospect,FV 50
572955,13435,Pierce Johnson,2016,15000000,prospect,FV 45
572955,13435,Pierce Johnson,2017,15000000,prospect,FV 45
572955,13435,Pierce Johnson,2019,65297546,mlb_surplus,0.5 WAR
572955,13435,Pierce Johnson,2020,70765938,mlb_surplus,0.5 WAR
572955,13435,Pierce Johnson,2021,87857917,mlb_surplus,0.8 WAR
572955,13435,Pierce Johnson,2022,84787305,mlb_surplus,0.7 WAR
572955,13435,Pierce Johnson,2024,68949547,mlb_surplus,0.7 WAR
572955,13435,Pierce Johnson,2025,111706572,mlb_surplus,0.7 WAR
572955,13435,Pierce Johnson,2026,1962695,mlb_surplus,0.9 WAR
573124,13449,Taylor Rogers,2015,15000000,prospect,FV 45
573124,13449,Taylor Rogers,2016,15000000,prospect,FV 45
573124,13449,Taylor Rogers,2017,76847043,mlb_surplus,0.9 WAR
573124,13449,Taylor Rogers,2018,70978666,mlb_surplus,1.8 WAR
573124,13449,Taylor Rogers,2019,79550485,mlb_surplus,2.1 WAR
573124,13449,Taylor Rogers,2020,69293826,mlb_surplus,0.9 WAR
573124,13449,Taylor Rogers,2021,77708158,mlb_surplus,1.5 WAR
573124,13449,Taylor Rogers,2022,65168331,mlb_surplus,1.1 WAR
573124,13449,Taylor Rogers,2023,45731120,mlb_surplus,1.0 WAR
573124,13449,Taylor Rogers,2024,51924585,mlb_surplus,0.9 WAR
573124,13449,Taylor Rogers,2025,91823665,mlb_surplus,0.8 WAR
573124,13449,Taylor Rogers,2026,4146961,mlb_surplus,0.8 WAR
573204,10078,Caleb Thielbar,2014,53027700,mlb_surplus,0.9 WAR
573204,10078,Caleb Thielbar,2015,72376049,mlb_surplus,0.9 WAR
573204,10078,Caleb Thielbar,2021,101188281,mlb_surplus,0.8 WAR
573204,10078,Caleb Thielbar,2022,99324925,mlb_surplus,1.6 WAR
573204,10078,Caleb Thielbar,2023,85552656,mlb_surplus,1.1 WAR
573204,10078,Caleb Thielbar,2024,85316334,mlb_surplus,0.9 WAR
573204,10078,Caleb Thielbar,2025,116832227,mlb_surplus,1.1 WAR
573204,10078,Caleb Thielbar,2026,3542802,mlb_surplus,0.9 WAR
573262,14854,Mike Yastrzemski,2015,15000000,prospect,FV 45
573262,14854,Mike Yastrzemski,2016,15000000,prospect,FV 45
573262,14854,Mike Yastrzemski,2020,108692256,mlb_surplus,1.9 WAR
573262,14854,Mike Yastrzemski,2021,104770989,mlb_surplus,2.8 WAR
573262,14854,Mike Yastrzemski,2022,75496312,mlb_surplus,1.7 WAR
573262,14854,Mike Yastrzemski,2023,85752387,mlb_surplus,3.6 WAR
573262,14854,Mike Yastrzemski,2024,45512385,mlb_surplus,1.7 WAR
573262,14854,Mike Yastrzemski,2025,26905366,mlb_surplus,2.3 WAR
573262,14854,Mike Yastrzemski,2026,-8681954,mlb_surplus,0.9 WAR
575929,11609,Willson Contreras,2016,62626263,prospect,"FV 55, #50"
575929,11609,Willson Contreras,2017,226385171,mlb_surplus,2.3 WAR
575929,11609,Willson Contreras,2018,267826538,mlb_surplus,4.1 WAR
575929,11609,Willson Contreras,2019,212618555,mlb_surplus,2.8 WAR
575929,11609,Willson Contreras,2020,193760334,mlb_surplus,3.3 WAR
575929,11609,Willson Contreras,2021,190804652,mlb_surplus,4.7 WAR
575929,11609,Willson Contreras,2022,140785913,mlb_surplus,3.9 WAR
575929,11609,Willson Contreras,2023,125818640,mlb_surplus,4.6 WAR
575929,11609,Willson Contreras,2024,99306150,mlb_surplus,4.5 WAR
575929,11609,Willson Contreras,2025,52538412,mlb_surplus,3.9 WAR
575929,11609,Willson Contreras,2026,-31585168,mlb_surplus,1.1 WAR
579328,20633,Yusei Kikuchi,2020,146470053,mlb_surplus,1.1 WAR
579328,20633,Yusei Kikuchi,2021,177068737,mlb_surplus,1.1 WAR
579328,20633,Yusei Kikuchi,2022,153677120,mlb_surplus,0.5 WAR
579328,20633,Yusei Kikuchi,2023,152797132,mlb_surplus,2.6 WAR
579328,20633,Yusei Kikuchi,2024,146232588,mlb_surplus,3.6 WAR
579328,20633,Yusei Kikuchi,2025,107510688,mlb_surplus,2.5 WAR
579328,20633,Yusei Kikuchi,2026,-24007797,mlb_surplus,1.1 WAR
592094,11861,Jason Adam,2014,15000000,prospect,FV 45
592094,11861,Jason Adam,2019,92172685,mlb_surplus,0.4 WAR
592094,11861,Jason Adam,2020,97374120,mlb_surplus,0.4 WAR
592094,11861,Jason Adam,2023,92930817,mlb_surplus,0.9 WAR
592094,11861,Jason Adam,2024,95709742,mlb_surplus,1.3 WAR
592094,11861,Jason Adam,2025,127071818,mlb_surplus,1.2 WAR
592094,11861,Jason Adam,2026,3135846,mlb_surplus,1.1 WAR
592122,11850,Tyler Austin,2014,15000000,prospect,FV 45
592122,11850,Tyler Austin,2015,15000000,prospect,FV 45
592122,11850,Tyler Austin,2017,-5813269,mlb_surplus,6yr ctrl
592122,11850,Tyler Austin,2018,15000000,prospect,FV 45
592122,11850,Tyler Austin,2026,-1250000,mlb_surplus,Trade Value
592206,11737,Nick Castellanos,2014,128636364,prospect,"FV 65, #15"
592206,11737,Nick Castellanos,2015,125055627,mlb_surplus,1.1 WAR
592206,11737,Nick Castellanos,2016,118818561,mlb_surplus,2.3 WAR
592206,11737,Nick Castellanos,2017,100561746,mlb_surplus,2.1 WAR
592206,11737,Nick Castellanos,2018,126084423,mlb_surplus,4.1 WAR
592206,11737,Nick Castellanos,2019,72811727,mlb_surplus,2.9 WAR
592206,11737,Nick Castellanos,2020,17807469,mlb_surplus,2.4 WAR
592206,11737,Nick Castellanos,2021,54015864,mlb_surplus,3.7 WAR
592206,11737,Nick Castellanos,2022,-62624566,mlb_surplus,2.0 WAR
592206,11737,Nick Castellanos,2023,-67777037,mlb_surplus,1.3 WAR
592206,11737,Nick Castellanos,2024,-59017499,mlb_surplus,0.2 WAR
592206,11737,Nick Castellanos,2025,-38634551,mlb_surplus,0.2 WAR
592206,11737,Nick Castellanos,2026,-780000,mlb_surplus,Trade Value
592332,14107,Kevin Gausman,2014,404167669,mlb_surplus,2.0 WAR
592332,14107,Kevin Gausman,2015,531833007,mlb_surplus,3.0 WAR
592332,14107,Kevin Gausman,2016,468275067,mlb_surplus,3.1 WAR
592332,14107,Kevin Gausman,2017,455153876,mlb_surplus,2.6 WAR
592332,14107,Kevin Gausman,2018,430689557,mlb_surplus,2.3 WAR
592332,14107,Kevin Gausman,2019,451595266,mlb_surplus,1.5 WAR
592332,14107,Kevin Gausman,2020,453694636,mlb_surplus,1.6 WAR
592332,14107,Kevin Gausman,2021,457368395,mlb_surplus,5.0 WAR
592332,14107,Kevin Gausman,2022,304508332,mlb_surplus,5.5 WAR
592332,14107,Kevin Gausman,2023,245478873,mlb_surplus,5.3 WAR
592332,14107,Kevin Gausman,2024,211921962,mlb_surplus,3.5 WAR
592332,14107,Kevin Gausman,2025,280632684,mlb_surplus,4.1 WAR
592332,14107,Kevin Gausman,2026,11323904,mlb_surplus,2.8 WAR
592450,15640,Aaron Judge,2014,30000000,prospect,FV 50
592450,15640,Aaron Judge,2015,81313131,prospect,"FV 60, #68"
592450,15640,Aaron Judge,2016,67424242,prospect,"FV 55, #31"
592450,15640,Aaron Judge,2017,1224874211,mlb_surplus,8.7 WAR
592450,15640,Aaron Judge,2018,1187269504,mlb_surplus,6.3 WAR
592450,15640,Aaron Judge,2019,1165539479,mlb_surplus,5.2 WAR
592450,15640,Aaron Judge,2020,1113816201,mlb_surplus,5.0 WAR
592450,15640,Aaron Judge,2021,1053295515,mlb_surplus,5.5 WAR
592450,15640,Aaron Judge,2022,987624432,mlb_surplus,11.1 WAR
592450,15640,Aaron Judge,2023,524569347,mlb_surplus,8.1 WAR
592450,15640,Aaron Judge,2024,438849620,mlb_surplus,11.3 WAR
592450,15640,Aaron Judge,2025,274537932,mlb_surplus,10.1 WAR
592450,15640,Aaron Judge,2026,131232949,mlb_surplus,8.0 WAR
592518,11493,Manny Machado,2014,612167708,mlb_surplus,4.2 WAR
592518,11493,Manny Machado,2015,657744025,mlb_surplus,6.6 WAR
592518,11493,Manny Machado,2016,596348234,mlb_surplus,5.7 WAR
592518,11493,Manny Machado,2017,543837892,mlb_surplus,4.5 WAR
592518,11493,Manny Machado,2018,498948083,mlb_surplus,7.2 WAR
592518,11493,Manny Machado,2019,192825262,mlb_surplus,4.5 WAR
592518,11493,Manny Machado,2020,174378789,mlb_surplus,4.4 WAR
592518,11493,Manny Machado,2021,178802249,mlb_surplus,5.3 WAR
592518,11493,Manny Machado,2022,165949767,mlb_surplus,7.1 WAR
592518,11493,Manny Machado,2023,-111741089,mlb_surplus,3.4 WAR
592518,11493,Manny Machado,2024,-120026538,mlb_surplus,3.5 WAR
592518,11493,Manny Machado,2025,-127495263,mlb_surplus,3.8 WAR
592518,11493,Manny Machado,2026,-194104319,mlb_surplus,3.1 WAR
592626,11899,Joc Pederson,2014,92626263,prospect,"FV 60, #36"
592626,11899,Joc Pederson,2015,100757576,prospect,"FV 60, #13"
592626,11899,Joc Pederson,2016,226091304,mlb_surplus,4.3 WAR
592626,11899,Joc Pederson,2017,161206095,mlb_surplus,3.7 WAR
592626,11899,Joc Pederson,2018,145414403,mlb_surplus,3.7 WAR
592626,11899,Joc Pederson,2019,92290376,mlb_surplus,2.8 WAR
592626,11899,Joc Pederson,2020,71127175,mlb_surplus,1.6 WAR
592626,11899,Joc Pederson,2021,88944607,mlb_surplus,3.0 WAR
592626,11899,Joc Pederson,2022,58621877,mlb_surplus,2.4 WAR
592626,11899,Joc Pederson,2023,29757461,mlb_surplus,1.5 WAR
592626,11899,Joc Pederson,2024,37379293,mlb_surplus,3.0 WAR
592626,11899,Joc Pederson,2025,-9708408,mlb_surplus,2.2 WAR
592626,11899,Joc Pederson,2026,-18500000,mlb_surplus,Trade Value
592662,11486,Robbie Ray,2014,30454545,prospect,"FV 50, #97"
592662,11486,Robbie Ray,2015,30000000,prospect,FV 50
592662,11486,Robbie Ray,2016,230750431,mlb_surplus,3.5 WAR
592662,11486,Robbie Ray,2017,213905627,mlb_surplus,3.7 WAR
592662,11486,Robbie Ray,2018,160839023,mlb_surplus,2.5 WAR
592662,11486,Robbie Ray,2019,158035828,mlb_surplus,1.9 WAR
592662,11486,Robbie Ray,2020,146688429,mlb_surplus,1.7 WAR
592662,11486,Robbie Ray,2021,154052808,mlb_surplus,3.8 WAR
592662,11486,Robbie Ray,2022,9417626,mlb_surplus,1.6 WAR
592662,11486,Robbie Ray,2023,10770031,mlb_surplus,0.5 WAR
592662,11486,Robbie Ray,2026,-13245248,mlb_surplus,1.2 WAR
592663,11739,J.T. Realmuto,2014,30000000,prospect,FV 50
592663,11739,J.T. Realmuto,2015,57575758,prospect,"FV 55, #70"
592663,11739,J.T. Realmuto,2016,445838079,mlb_surplus,4.0 WAR
592663,11739,J.T. Realmuto,2017,400123016,mlb_surplus,4.5 WAR
592663,11739,J.T. Realmuto,2018,355159534,mlb_surplus,4.7 WAR
592663,11739,J.T. Realmuto,2019,306248810,mlb_surplus,5.9 WAR
592663,11739,J.T. Realmuto,2020,268160262,mlb_surplus,4.9 WAR
592663,11739,J.T. Realmuto,2021,146458597,mlb_surplus,4.6 WAR
592663,11739,J.T. Realmuto,2022,77373485,mlb_surplus,6.7 WAR
592663,11739,J.T. Realmuto,2023,112067001,mlb_surplus,4.9 WAR
592663,11739,J.T. Realmuto,2024,55704151,mlb_surplus,3.8 WAR
592663,11739,J.T. Realmuto,2025,31770967,mlb_surplus,3.4 WAR
592663,11739,J.T. Realmuto,2026,-33319904,mlb_surplus,1.2 WAR
592773,15947,Ryne Stanek,2014,15000000,prospect,FV 45
592773,15947,Ryne Stanek,2015,15000000,prospect,FV 45
592773,15947,Ryne Stanek,2016,30000000,prospect,FV 50
592773,15947,Ryne Stanek,2017,15000000,prospect,FV 45
592773,15947,Ryne Stanek,2018,38184696,mlb_surplus,1.2 WAR
592773,15947,Ryne Stanek,2019,49048560,mlb_surplus,0.7 WAR
592773,15947,Ryne Stanek,2020,51376119,mlb_surplus,0.5 WAR
592773,15947,Ryne Stanek,2022,60365303,mlb_surplus,0.9 WAR
592773,15947,Ryne Stanek,2023,50215528,mlb_surplus,0.6 WAR
592773,15947,Ryne Stanek,2024,56321878,mlb_surplus,0.5 WAR
592773,15947,Ryne Stanek,2025,92603669,mlb_surplus,0.5 WAR
592773,15947,Ryne Stanek,2026,1527185,mlb_surplus,0.7 WAR
592779,16727,Brock Stewart,2017,30000000,prospect,FV 50
592779,16727,Brock Stewart,2018,43746390,mlb_surplus,0.4 WAR
592779,16727,Brock Stewart,2024,83433841,mlb_surplus,0.4 WAR
592779,16727,Brock Stewart,2025,127101461,mlb_surplus,0.7 WAR
592779,16727,Brock Stewart,2026,10003966,mlb_surplus,0.8 WAR
592791,11674,Jameson Taillon,2014,90858586,prospect,"FV 60, #41"
592791,11674,Jameson Taillon,2015,94393939,prospect,"FV 60, #31"
592791,11674,Jameson Taillon,2016,61616162,prospect,"FV 55, #54"
592791,11674,Jameson Taillon,2017,201200854,mlb_surplus,3.1 WAR
592791,11674,Jameson Taillon,2018,182254485,mlb_surplus,3.6 WAR
592791,11674,Jameson Taillon,2019,177248270,mlb_surplus,2.9 WAR
592791,11674,Jameson Taillon,2020,147422401,mlb_surplus,2.4 WAR
592791,11674,Jameson Taillon,2021,139020838,mlb_surplus,2.4 WAR
592791,11674,Jameson Taillon,2022,120655540,mlb_surplus,2.4 WAR
592791,11674,Jameson Taillon,2023,37053907,mlb_surplus,1.6 WAR
592791,11674,Jameson Taillon,2024,40976753,mlb_surplus,2.3 WAR
592791,11674,Jameson Taillon,2025,51498268,mlb_surplus,1.2 WAR
592791,11674,Jameson Taillon,2026,-12785433,mlb_surplus,0.7 WAR
592836,11836,Taijuan Walker,2014,130909091,prospect,"FV 65, #10"
592836,11836,Taijuan Walker,2016,182078807,mlb_surplus,2.4 WAR
592836,11836,Taijuan Walker,2017,130732832,mlb_surplus,2.9 WAR
592836,11836,Taijuan Walker,2018,113701805,mlb_surplus,1.9 WAR
592836,11836,Taijuan Walker,2021,70883938,mlb_surplus,1.5 WAR
592836,11836,Taijuan Walker,2022,68325400,mlb_surplus,2.7 WAR
592836,11836,Taijuan Walker,2023,-1918528,mlb_surplus,2.4 WAR
592836,11836,Taijuan Walker,2024,-5759011,mlb_surplus,1.0 WAR
592836,11836,Taijuan Walker,2025,11914577,mlb_surplus,0.5 WAR
592836,11836,Taijuan Walker,2026,-17271161,mlb_surplus,0.1 WAR
592885,11477,Christian Yelich,2014,473185016,mlb_surplus,4.1 WAR
592885,11477,Christian Yelich,2015,485479017,mlb_surplus,4.2 WAR
592885,11477,Christian Yelich,2016,416563244,mlb_surplus,5.3 WAR
592885,11477,Christian Yelich,2017,379226983,mlb_surplus,4.0 WAR
592885,11477,Christian Yelich,2018,420272181,mlb_surplus,7.7 WAR
592885,11477,Christian Yelich,2019,346984416,mlb_surplus,6.6 WAR
592885,11477,Christian Yelich,2020,124184178,mlb_surplus,6.0 WAR
592885,11477,Christian Yelich,2021,110787055,mlb_surplus,6.5 WAR
592885,11477,Christian Yelich,2022,2703105,mlb_surplus,3.8 WAR
592885,11477,Christian Yelich,2023,-17383695,mlb_surplus,3.8 WAR
592885,11477,Christian Yelich,2024,-27667417,mlb_surplus,3.0 WAR
592885,11477,Christian Yelich,2026,-55107974,mlb_surplus,1.3 WAR
593428,12161,Xander Bogaerts,2014,179393939,prospect,"FV 70, #2"
593428,12161,Xander Bogaerts,2015,552897023,mlb_surplus,4.6 WAR
593428,12161,Xander Bogaerts,2016,506333142,mlb_surplus,3.7 WAR
593428,12161,Xander Bogaerts,2017,482649524,mlb_surplus,4.5 WAR
593428,12161,Xander Bogaerts,2018,449105873,mlb_surplus,4.6 WAR
593428,12161,Xander Bogaerts,2019,434492202,mlb_surplus,6.0 WAR
593428,12161,Xander Bogaerts,2020,425246418,mlb_surplus,4.4 WAR
593428,12161,Xander Bogaerts,2021,396884830,mlb_surplus,4.1 WAR
593428,12161,Xander Bogaerts,2022,362150096,mlb_surplus,6.0 WAR
593428,12161,Xander Bogaerts,2023,-25183492,mlb_surplus,4.6 WAR
593428,12161,Xander Bogaerts,2024,-47461760,mlb_surplus,2.1 WAR
593428,12161,Xander Bogaerts,2025,56110094,mlb_surplus,3.2 WAR
593428,12161,Xander Bogaerts,2026,-71059812,mlb_surplus,2.7 WAR
593871,13152,Jorge Polanco,2014,30000000,prospect,FV 50
593871,13152,Jorge Polanco,2015,50000000,prospect,FV 55
593871,13152,Jorge Polanco,2016,50757576,prospect,"FV 55, #97"
593871,13152,Jorge Polanco,2017,236697120,mlb_surplus,1.9 WAR
593871,13152,Jorge Polanco,2018,225681094,mlb_surplus,2.6 WAR
593871,13152,Jorge Polanco,2019,184868786,mlb_surplus,3.3 WAR
593871,13152,Jorge Polanco,2020,203052573,mlb_surplus,2.5 WAR
593871,13152,Jorge Polanco,2021,186748879,mlb_surplus,4.0 WAR
593871,13152,Jorge Polanco,2022,158118969,mlb_surplus,2.8 WAR
593871,13152,Jorge Polanco,2023,159048142,mlb_surplus,3.4 WAR
593871,13152,Jorge Polanco,2024,108317756,mlb_surplus,2.6 WAR
593871,13152,Jorge Polanco,2025,121257732,mlb_surplus,2.6 WAR
593871,13152,Jorge Polanco,2026,-5185222,mlb_surplus,1.9 WAR
593958,13164,Eduardo Rodriguez,2014,34848485,prospect,"FV 50, #68"
593958,13164,Eduardo Rodriguez,2015,52777778,prospect,"FV 55, #89"
593958,13164,Eduardo Rodriguez,2016,261015776,mlb_surplus,2.8 WAR
593958,13164,Eduardo Rodriguez,2017,236117261,mlb_surplus,2.6 WAR
593958,13164,Eduardo Rodriguez,2018,215318800,mlb_surplus,2.6 WAR
593958,13164,Eduardo Rodriguez,2019,246635230,mlb_surplus,3.6 WAR
593958,13164,Eduardo Rodriguez,2020,226430360,mlb_surplus,2.7 WAR
593958,13164,Eduardo Rodriguez,2021,232783974,mlb_surplus,3.8 WAR
593958,13164,Eduardo Rodriguez,2022,192868015,mlb_surplus,2.9 WAR
593958,13164,Eduardo Rodriguez,2023,136768461,mlb_surplus,3.1 WAR
593958,13164,Eduardo Rodriguez,2024,104555841,mlb_surplus,2.0 WAR
593958,13164,Eduardo Rodriguez,2025,178102708,mlb_surplus,1.7 WAR
593958,13164,Eduardo Rodriguez,2026,-9024487,mlb_surplus,1.4 WAR
593974,14295,Wandy Peralta,2018,35213019,mlb_surplus,0.7 WAR
593974,14295,Wandy Peralta,2019,45969182,mlb_surplus,0.6 WAR
593974,14295,Wandy Peralta,2020,46504702,mlb_surplus,0.3 WAR
593974,14295,Wandy Peralta,2021,58772877,mlb_surplus,0.4 WAR
593974,14295,Wandy Peralta,2022,57424806,mlb_surplus,1.0 WAR
593974,14295,Wandy Peralta,2023,47136390,mlb_surplus,0.5 WAR
593974,14295,Wandy Peralta,2024,40217360,mlb_surplus,0.4 WAR
593974,14295,Wandy Peralta,2025,77071409,mlb_surplus,0.5 WAR
594580,14874,Sam Moll,2014,15000000,prospect,FV 45
594580,14874,Sam Moll,2015,18863636,prospect,"FV 45, #49"
594580,14874,Sam Moll,2016,15000000,prospect,FV 45
594580,14874,Sam Moll,2017,15000000,prospect,FV 45
594580,14874,Sam Moll,2018,15000000,prospect,FV 45
594580,14874,Sam Moll,2023,63431025,mlb_surplus,1.1 WAR
594580,14874,Sam Moll,2024,64050470,mlb_surplus,0.7 WAR
594580,14874,Sam Moll,2025,99452056,mlb_surplus,0.8 WAR
594580,14874,Sam Moll,2026,8306242,mlb_surplus,0.8 WAR
594798,10954,Jacob deGrom,2014,15000000,prospect,FV 45
594798,10954,Jacob deGrom,2015,600980690,mlb_surplus,5.2 WAR
594798,10954,Jacob deGrom,2016,556368328,mlb_surplus,3.7 WAR
594798,10954,Jacob deGrom,2017,520497181,mlb_surplus,4.6 WAR
594798,10954,Jacob deGrom,2018,474459801,mlb_surplus,9.4 WAR
594798,10954,Jacob deGrom,2019,363107015,mlb_surplus,7.5 WAR
594798,10954,Jacob deGrom,2020,286066477,mlb_surplus,3.6 WAR
594798,10954,Jacob deGrom,2021,303645490,mlb_surplus,5.4 WAR
594798,10954,Jacob deGrom,2022,328588837,mlb_surplus,4.7 WAR
594798,10954,Jacob deGrom,2023,148271417,mlb_surplus,4.2 WAR
594798,10954,Jacob deGrom,2024,230737035,mlb_surplus,5.0 WAR
594798,10954,Jacob deGrom,2026,-5952910,mlb_surplus,2.8 WAR
595014,12572,Blake Treinen,2014,15000000,prospect,FV 45
595014,12572,Blake Treinen,2015,105689291,mlb_surplus,0.9 WAR
595014,12572,Blake Treinen,2016,101564631,mlb_surplus,0.9 WAR
595014,12572,Blake Treinen,2017,94785209,mlb_surplus,1.4 WAR
595014,12572,Blake Treinen,2018,86332659,mlb_surplus,3.6 WAR
595014,12572,Blake Treinen,2019,82093475,mlb_surplus,1.1 WAR
595014,12572,Blake Treinen,2020,76468984,mlb_surplus,0.6 WAR
595014,12572,Blake Treinen,2021,90188254,mlb_surplus,1.9 WAR
595014,12572,Blake Treinen,2022,85037922,mlb_surplus,0.8 WAR
595014,12572,Blake Treinen,2025,97891049,mlb_surplus,0.9 WAR
595014,12572,Blake Treinen,2026,-6401101,mlb_surplus,0.8 WAR
595345,13580,Steven Okert,2015,15000000,prospect,FV 45
595345,13580,Steven Okert,2016,15000000,prospect,FV 45
595345,13580,Steven Okert,2017,15000000,prospect,FV 45
595345,13580,Steven Okert,2018,53804387,mlb_surplus,0.6 WAR
595345,13580,Steven Okert,2022,95030398,mlb_surplus,0.5 WAR
595345,13580,Steven Okert,2023,84262135,mlb_surplus,0.5 WAR
595345,13580,Steven Okert,2024,90315472,mlb_surplus,0.6 WAR
595345,13580,Steven Okert,2025,129599242,mlb_surplus,1.6 WAR
595345,13580,Steven Okert,2026,4931893,mlb_surplus,0.8 WAR
595777,10815,Jurickson Profar,2014,187033336,mlb_surplus,1.3 WAR
595777,10815,Jurickson Profar,2017,141328601,mlb_surplus,1.0 WAR
595777,10815,Jurickson Profar,2018,143817723,mlb_surplus,2.2 WAR
595777,10815,Jurickson Profar,2019,158925453,mlb_surplus,3.3 WAR
595777,10815,Jurickson Profar,2020,137452288,mlb_surplus,3.8 WAR
595777,10815,Jurickson Profar,2021,166273784,mlb_surplus,3.7 WAR
595777,10815,Jurickson Profar,2022,109488105,mlb_surplus,2.5 WAR
595777,10815,Jurickson Profar,2023,90027474,mlb_surplus,1.7 WAR
595777,10815,Jurickson Profar,2024,80585564,mlb_surplus,4.3 WAR
595777,10815,Jurickson Profar,2025,-10578468,mlb_surplus,1.7 WAR
595777,10815,Jurickson Profar,2026,-17472984,mlb_surplus,0.9 WAR
595879,12979,Javier Baez,2014,132272727,prospect,"FV 65, #7"
595879,12979,Javier Baez,2015,274931054,mlb_surplus,0.4 WAR
595879,12979,Javier Baez,2016,262952084,mlb_surplus,2.6 WAR
595879,12979,Javier Baez,2017,248411066,mlb_surplus,3.1 WAR
595879,12979,Javier Baez,2018,214575713,mlb_surplus,5.8 WAR
595879,12979,Javier Baez,2019,158053599,mlb_surplus,5.6 WAR
595879,12979,Javier Baez,2020,107910784,mlb_surplus,3.4 WAR
595879,12979,Javier Baez,2021,73411251,mlb_surplus,4.1 WAR
595879,12979,Javier Baez,2026,-47898297,mlb_surplus,0.0 WAR
595978,12976,Austin Hedges,2014,96868687,prospect,"FV 60, #24"
595978,12976,Austin Hedges,2015,62373737,prospect,"FV 55, #51"
595978,12976,Austin Hedges,2016,93064912,mlb_surplus,6yr ctrl
595978,12976,Austin Hedges,2018,57404401,mlb_surplus,2.8 WAR
595978,12976,Austin Hedges,2019,33592902,mlb_surplus,1.4 WAR
595978,12976,Austin Hedges,2020,39942212,mlb_surplus,1.0 WAR
595978,12976,Austin Hedges,2021,58096786,mlb_surplus,2.2 WAR
595978,12976,Austin Hedges,2022,27487249,mlb_surplus,0.6 WAR
595978,12976,Austin Hedges,2023,22394332,mlb_surplus,1.0 WAR
595978,12976,Austin Hedges,2024,18768601,mlb_surplus,0.8 WAR
595978,12976,Austin Hedges,2025,12992292,mlb_surplus,1.2 WAR
595978,12976,Austin Hedges,2026,320807,mlb_surplus,0.6 WAR
596001,13619,Jakob Junis,2017,15000000,prospect,FV 45
596001,13619,Jakob Junis,2018,88518188,mlb_surplus,1.6 WAR
596001,13619,Jakob Junis,2019,99197962,mlb_surplus,1.5 WAR
596001,13619,Jakob Junis,2020,100784296,mlb_surplus,1.1 WAR
596001,13619,Jakob Junis,2022,92311137,mlb_surplus,1.3 WAR
596001,13619,Jakob Junis,2023,76229464,mlb_surplus,0.8 WAR
596001,13619,Jakob Junis,2024,76487551,mlb_surplus,0.8 WAR
596001,13619,Jakob Junis,2025,112690897,mlb_surplus,0.8 WAR
596001,13619,Jakob Junis,2026,7884442,mlb_surplus,0.9 WAR
596019,12916,Francisco Lindor,2014,130909091,prospect,"FV 65, #10"
596019,12916,Francisco Lindor,2015,133636364,prospect,"FV 65, #4"
596019,12916,Francisco Lindor,2016,931388382,mlb_surplus,5.2 WAR
596019,12916,Francisco Lindor,2017,887984296,mlb_surplus,5.8 WAR
596019,12916,Francisco Lindor,2018,845146743,mlb_surplus,7.8 WAR
596019,12916,Francisco Lindor,2019,897740953,mlb_surplus,6.7 WAR
596019,12916,Francisco Lindor,2020,800417164,mlb_surplus,4.3 WAR
596019,12916,Francisco Lindor,2021,808224913,mlb_surplus,4.8 WAR
596019,12916,Francisco Lindor,2022,430737560,mlb_surplus,6.4 WAR
596019,12916,Francisco Lindor,2023,353023845,mlb_surplus,5.5 WAR
596019,12916,Francisco Lindor,2024,334121728,mlb_surplus,7.7 WAR
596019,12916,Francisco Lindor,2026,117648854,mlb_surplus,5.0 WAR
596112,13594,Robert Stephenson,2014,98636364,prospect,"FV 60, #19"
596112,13594,Robert Stephenson,2015,69191919,prospect,"FV 55, #24"
596112,13594,Robert Stephenson,2016,66414141,prospect,"FV 55, #35"
596112,13594,Robert Stephenson,2017,53282828,prospect,"FV 55, #87"
596112,13594,Robert Stephenson,2018,17568668,mlb_surplus,0.4 WAR
596112,13594,Robert Stephenson,2020,11732344,mlb_surplus,0.5 WAR
596112,13594,Robert Stephenson,2022,7109718,mlb_surplus,0.8 WAR
596112,13594,Robert Stephenson,2023,4352378,mlb_surplus,1.0 WAR
596112,13594,Robert Stephenson,2024,-10081152,mlb_surplus,0.6 WAR
596112,13594,Robert Stephenson,2025,-4659703,mlb_surplus,0.6 WAR
596112,13594,Robert Stephenson,2026,-11000000,mlb_surplus,Trade Value
596115,12564,Trevor Story,2014,15000000,prospect,FV 45
596115,12564,Trevor Story,2015,30000000,prospect,FV 50
596115,12564,Trevor Story,2016,30000000,prospect,FV 50
596115,12564,Trevor Story,2017,313701025,mlb_surplus,5.1 WAR
596115,12564,Trevor Story,2018,232560959,mlb_surplus,4.7 WAR
596115,12564,Trevor Story,2019,197692437,mlb_surplus,6.0 WAR
596115,12564,Trevor Story,2020,121917280,mlb_surplus,3.8 WAR
596115,12564,Trevor Story,2021,106081064,mlb_surplus,3.6 WAR
596115,12564,Trevor Story,2022,72766372,mlb_surplus,4.0 WAR
596115,12564,Trevor Story,2023,-35770402,mlb_surplus,2.0 WAR
596115,12564,Trevor Story,2024,-10865012,mlb_surplus,1.7 WAR
596115,12564,Trevor Story,2025,-22117684,mlb_surplus,3.0 WAR
596115,12564,Trevor Story,2026,-42690795,mlb_surplus,0.8 WAR
596117,18067,Garrett Stubbs,2017,15000000,prospect,FV 45
596117,18067,Garrett Stubbs,2018,15000000,prospect,FV 45
596117,18067,Garrett Stubbs,2019,15000000,prospect,FV 45
596117,18067,Garrett Stubbs,2023,-7237499,mlb_surplus,4yr ctrl
596117,18067,Garrett Stubbs,2024,-6517499,mlb_surplus,0.2 WAR
596117,18067,Garrett Stubbs,2026,0,mlb_surplus,Trade Value
596133,16918,Luke Weaver,2015,30000000,prospect,FV 50
596133,16918,Luke Weaver,2016,50000000,prospect,FV 55
596133,16918,Luke Weaver,2017,58080808,prospect,"FV 55, #68"
596133,16918,Luke Weaver,2019,174310637,mlb_surplus,2.0 WAR
596133,16918,Luke Weaver,2020,176659895,mlb_surplus,2.6 WAR
596133,16918,Luke Weaver,2021,161468056,mlb_surplus,2.1 WAR
596133,16918,Luke Weaver,2022,132959636,mlb_surplus,1.7 WAR
596133,16918,Luke Weaver,2023,99325453,mlb_surplus,0.7 WAR
596133,16918,Luke Weaver,2024,106886481,mlb_surplus,1.0 WAR
596133,16918,Luke Weaver,2025,150880537,mlb_surplus,0.6 WAR
596133,16918,Luke Weaver,2026,-3717579,mlb_surplus,0.9 WAR
596142,11442,Gary Sanchez,2014,63383838,prospect,"FV 55, #47"
596142,11442,Gary Sanchez,2015,30000000,prospect,FV 50
596142,11442,Gary Sanchez,2016,60353535,prospect,"FV 55, #59"
596142,11442,Gary Sanchez,2017,303256895,mlb_surplus,5.6 WAR
596142,11442,Gary Sanchez,2018,307083138,mlb_surplus,6.2 WAR
596142,11442,Gary Sanchez,2019,256520229,mlb_surplus,6.3 WAR
596142,11442,Gary Sanchez,2020,144813570,mlb_surplus,4.7 WAR
596142,11442,Gary Sanchez,2021,110456907,mlb_surplus,5.2 WAR
596142,11442,Gary Sanchez,2022,50823721,mlb_surplus,3.8 WAR
596142,11442,Gary Sanchez,2026,-1750000,mlb_surplus,Trade Value
601713,15454,Nick Pivetta,2015,15000000,prospect,FV 45
601713,15454,Nick Pivetta,2016,15000000,prospect,FV 45
601713,15454,Nick Pivetta,2017,30000000,prospect,FV 50
601713,15454,Nick Pivetta,2018,241466064,mlb_surplus,2.8 WAR
601713,15454,Nick Pivetta,2019,247625461,mlb_surplus,2.1 WAR
601713,15454,Nick Pivetta,2020,208588373,mlb_surplus,0.5 WAR
601713,15454,Nick Pivetta,2022,200704509,mlb_surplus,1.9 WAR
601713,15454,Nick Pivetta,2023,178806337,mlb_surplus,1.9 WAR
601713,15454,Nick Pivetta,2024,168101052,mlb_surplus,2.0 WAR
601713,15454,Nick Pivetta,2025,141451404,mlb_surplus,3.7 WAR
601713,15454,Nick Pivetta,2026,2519908,mlb_surplus,2.0 WAR
605130,14993,Scott Barlow,2020,81750083,mlb_surplus,0.7 WAR
605130,14993,Scott Barlow,2021,91271964,mlb_surplus,2.2 WAR
605130,14993,Scott Barlow,2022,72005716,mlb_surplus,0.9 WAR
605130,14993,Scott Barlow,2023,59424252,mlb_surplus,1.0 WAR
605130,14993,Scott Barlow,2024,58965983,mlb_surplus,0.9 WAR
605130,14993,Scott Barlow,2025,96753930,mlb_surplus,0.7 WAR
605130,14993,Scott Barlow,2026,4711821,mlb_surplus,0.8 WAR
605135,12304,Chris Bassitt,2014,15000000,prospect,FV 45
605135,12304,Chris Bassitt,2015,15000000,prospect,FV 45
605135,12304,Chris Bassitt,2016,207519996,mlb_surplus,0.8 WAR
605135,12304,Chris Bassitt,2020,201310979,mlb_surplus,1.3 WAR
605135,12304,Chris Bassitt,2021,206582800,mlb_surplus,3.3 WAR
605135,12304,Chris Bassitt,2022,168640611,mlb_surplus,2.8 WAR
605135,12304,Chris Bassitt,2023,77272715,mlb_surplus,2.6 WAR
605135,12304,Chris Bassitt,2024,77492653,mlb_surplus,2.3 WAR
605135,12304,Chris Bassitt,2025,116293769,mlb_surplus,2.4 WAR
605135,12304,Chris Bassitt,2026,-6156549,mlb_surplus,1.3 WAR
605137,13145,Josh Bell,2014,79191919,prospect,"FV 60, #74"
605137,13145,Josh Bell,2015,66666667,prospect,"FV 55, #34"
605137,13145,Josh Bell,2016,62878788,prospect,"FV 55, #49"
605137,13145,Josh Bell,2017,117614140,mlb_surplus,2.5 WAR
605137,13145,Josh Bell,2018,83382033,mlb_surplus,1.6 WAR
605137,13145,Josh Bell,2019,73687160,mlb_surplus,3.1 WAR
605137,13145,Josh Bell,2020,54359075,mlb_surplus,2.4 WAR
605137,13145,Josh Bell,2021,37501144,mlb_surplus,2.2 WAR
605137,13145,Josh Bell,2022,22217963,mlb_surplus,2.8 WAR
605137,13145,Josh Bell,2023,-16288558,mlb_surplus,1.2 WAR
605137,13145,Josh Bell,2024,-9459344,mlb_surplus,0.8 WAR
605137,13145,Josh Bell,2025,-5591583,mlb_surplus,0.1 WAR
605137,13145,Josh Bell,2026,-5750000,mlb_surplus,Trade Value
605141,13611,Mookie Betts,2014,107272727,prospect,"FV 65, #62"
605141,13611,Mookie Betts,2015,960980944,mlb_surplus,6.3 WAR
605141,13611,Mookie Betts,2016,893601301,mlb_surplus,7.4 WAR
605141,13611,Mookie Betts,2017,792107928,mlb_surplus,5.0 WAR
605141,13611,Mookie Betts,2018,738287255,mlb_surplus,10.2 WAR
605141,13611,Mookie Betts,2019,714061666,mlb_surplus,7.0 WAR
605141,13611,Mookie Betts,2020,744374702,mlb_surplus,7.5 WAR
605141,13611,Mookie Betts,2021,290062342,mlb_surplus,6.1 WAR
605141,13611,Mookie Betts,2022,239962918,mlb_surplus,6.0 WAR
605141,13611,Mookie Betts,2023,178610510,mlb_surplus,7.6 WAR
605141,13611,Mookie Betts,2024,109324074,mlb_surplus,4.5 WAR
605141,13611,Mookie Betts,2026,58739057,mlb_surplus,4.3 WAR
605170,14968,Victor Caratini,2014,30000000,prospect,FV 50
605170,14968,Victor Caratini,2015,15000000,prospect,FV 45
605170,14968,Victor Caratini,2016,15000000,prospect,FV 45
605170,14968,Victor Caratini,2017,30000000,prospect,FV 50
605170,14968,Victor Caratini,2018,30000000,prospect,FV 50
605170,14968,Victor Caratini,2019,60260500,mlb_surplus,1.2 WAR
605170,14968,Victor Caratini,2020,56102808,mlb_surplus,1.3 WAR
605170,14968,Victor Caratini,2021,80309923,mlb_surplus,2.6 WAR
605170,14968,Victor Caratini,2022,55210539,mlb_surplus,1.9 WAR
605170,14968,Victor Caratini,2023,57219732,mlb_surplus,3.6 WAR
605170,14968,Victor Caratini,2024,28399829,mlb_surplus,2.1 WAR
605170,14968,Victor Caratini,2025,395755,mlb_surplus,0.8 WAR
605170,14968,Victor Caratini,2026,-10500000,mlb_surplus,Trade Value
605280,13649,Clay Holmes,2014,15000000,prospect,FV 45
605280,13649,Clay Holmes,2015,15000000,prospect,FV 45
605280,13649,Clay Holmes,2016,15000000,prospect,FV 45
605280,13649,Clay Holmes,2017,15000000,prospect,FV 45
605280,13649,Clay Holmes,2018,15000000,prospect,FV 45
605280,13649,Clay Holmes,2019,7000000,prospect,FV 40
605280,13649,Clay Holmes,2020,169479982,mlb_surplus,0.5 WAR
605280,13649,Clay Holmes,2022,191115888,mlb_surplus,1.2 WAR
605280,13649,Clay Holmes,2023,165790492,mlb_surplus,1.6 WAR
605280,13649,Clay Holmes,2024,168099703,mlb_surplus,1.2 WAR
605280,13649,Clay Holmes,2025,217104594,mlb_surplus,1.9 WAR
605280,13649,Clay Holmes,2026,8647284,mlb_surplus,1.9 WAR
605288,12718,Adrian Houser,2015,15000000,prospect,FV 45
605288,12718,Adrian Houser,2016,15000000,prospect,FV 45
605288,12718,Adrian Houser,2019,15000000,prospect,FV 45
605288,12718,Adrian Houser,2020,186156018,mlb_surplus,0.6 WAR
605288,12718,Adrian Houser,2021,239126339,mlb_surplus,1.9 WAR
605288,12718,Adrian Houser,2022,207819573,mlb_surplus,1.3 WAR
605288,12718,Adrian Houser,2023,186613163,mlb_surplus,1.7 WAR
605288,12718,Adrian Houser,2024,187140845,mlb_surplus,1.2 WAR
605288,12718,Adrian Houser,2026,17344381,mlb_surplus,1.6 WAR
605397,12970,Joe Musgrove,2015,30000000,prospect,FV 50
605397,12970,Joe Musgrove,2016,50000000,prospect,FV 55
605397,12970,Joe Musgrove,2017,235352317,mlb_surplus,2.3 WAR
605397,12970,Joe Musgrove,2018,208493198,mlb_surplus,2.3 WAR
605397,12970,Joe Musgrove,2019,222506322,mlb_surplus,3.5 WAR
605397,12970,Joe Musgrove,2020,192800639,mlb_surplus,2.3 WAR
605397,12970,Joe Musgrove,2021,185310465,mlb_surplus,2.7 WAR
605397,12970,Joe Musgrove,2022,159799822,mlb_surplus,3.4 WAR
605397,12970,Joe Musgrove,2023,61950264,mlb_surplus,2.4 WAR
605397,12970,Joe Musgrove,2024,63350551,mlb_surplus,2.3 WAR
605397,12970,Joe Musgrove,2025,82351494,mlb_surplus,1.9 WAR
605397,12970,Joe Musgrove,2026,846871,mlb_surplus,2.0 WAR
605400,16149,Aaron Nola,2015,92272727,prospect,"FV 60, #37"
605400,16149,Aaron Nola,2016,448914142,mlb_surplus,2.7 WAR
605400,16149,Aaron Nola,2017,430671080,mlb_surplus,4.3 WAR
605400,16149,Aaron Nola,2018,390394191,mlb_surplus,5.0 WAR
605400,16149,Aaron Nola,2019,359552554,mlb_surplus,3.5 WAR
605400,16149,Aaron Nola,2020,343493790,mlb_surplus,2.7 WAR
605400,16149,Aaron Nola,2021,360070302,mlb_surplus,4.7 WAR
605400,16149,Aaron Nola,2022,314414588,mlb_surplus,6.3 WAR
605400,16149,Aaron Nola,2023,206817578,mlb_surplus,3.8 WAR
605400,16149,Aaron Nola,2024,35725747,mlb_surplus,3.1 WAR
605400,16149,Aaron Nola,2025,93450663,mlb_surplus,2.2 WAR
605400,16149,Aaron Nola,2026,-42158280,mlb_surplus,1.8 WAR
605447,16122,Jordan Romano,2017,15000000,prospect,FV 45
605447,16122,Jordan Romano,2018,15000000,prospect,FV 45
605447,16122,Jordan Romano,2020,88458877,mlb_surplus,0.4 WAR
605447,16122,Jordan Romano,2022,94483973,mlb_surplus,1.5 WAR
605447,16122,Jordan Romano,2023,78009286,mlb_surplus,1.2 WAR
605447,16122,Jordan Romano,2024,75869114,mlb_surplus,0.8 WAR
605447,16122,Jordan Romano,2026,4669804,mlb_surplus,0.8 WAR
605483,13543,Blake Snell,2014,15000000,prospect,FV 45
605483,13543,Blake Snell,2015,50000000,prospect,FV 55
605483,13543,Blake Snell,2016,100404040,prospect,"FV 60, #14"
605483,13543,Blake Snell,2017,446923876,mlb_surplus,2.5 WAR
605483,13543,Blake Snell,2018,420874483,mlb_surplus,4.8 WAR
605483,13543,Blake Snell,2019,522949622,mlb_surplus,2.9 WAR
605483,13543,Blake Snell,2020,561956079,mlb_surplus,2.7 WAR
605483,13543,Blake Snell,2021,627113415,mlb_surplus,2.4 WAR
605483,13543,Blake Snell,2022,614047357,mlb_surplus,3.6 WAR
605483,13543,Blake Snell,2023,542869305,mlb_surplus,4.1 WAR
605483,13543,Blake Snell,2024,502051893,mlb_surplus,3.1 WAR
605483,13543,Blake Snell,2026,156963631,mlb_surplus,3.8 WAR
605488,17677,Jeffrey Springs,2019,127368879,mlb_surplus,0.6 WAR
605488,17677,Jeffrey Springs,2020,130112287,mlb_surplus,0.5 WAR
605488,17677,Jeffrey Springs,2021,143813243,mlb_surplus,0.6 WAR
605488,17677,Jeffrey Springs,2022,141461917,mlb_surplus,3.1 WAR
605488,17677,Jeffrey Springs,2023,81823036,mlb_surplus,1.0 WAR
605488,17677,Jeffrey Springs,2026,5724917,mlb_surplus,1.6 WAR
605540,16162,Brandon Woodruff,2015,15000000,prospect,FV 45
605540,16162,Brandon Woodruff,2017,50000000,prospect,FV 55
605540,16162,Brandon Woodruff,2018,51010101,prospect,"FV 55, #96"
605540,16162,Brandon Woodruff,2019,314585436,mlb_surplus,3.8 WAR
605540,16162,Brandon Woodruff,2020,328704357,mlb_surplus,2.9 WAR
605540,16162,Brandon Woodruff,2021,317341004,mlb_surplus,4.7 WAR
605540,16162,Brandon Woodruff,2022,272546696,mlb_surplus,3.6 WAR
605540,16162,Brandon Woodruff,2023,227262152,mlb_surplus,3.2 WAR
605540,16162,Brandon Woodruff,2024,205738616,mlb_surplus,2.7 WAR
605540,16162,Brandon Woodruff,2025,237426107,mlb_surplus,2.8 WAR
605540,16162,Brandon Woodruff,2026,9737677,mlb_surplus,2.6 WAR
606192,13066,Teoscar Hernandez,2014,30000000,prospect,FV 50
606192,13066,Teoscar Hernandez,2015,15000000,prospect,FV 45
606192,13066,Teoscar Hernandez,2016,30000000,prospect,FV 50
606192,13066,Teoscar Hernandez,2017,162273702,mlb_surplus,0.2 WAR
606192,13066,Teoscar Hernandez,2018,161498582,mlb_surplus,0.9 WAR
606192,13066,Teoscar Hernandez,2019,156363779,mlb_surplus,1.3 WAR
606192,13066,Teoscar Hernandez,2020,147395664,mlb_surplus,1.5 WAR
606192,13066,Teoscar Hernandez,2021,132543703,mlb_surplus,4.0 WAR
606192,13066,Teoscar Hernandez,2026,-31631115,mlb_surplus,Trade Value
606303,14332,Joel Payamps,2022,80979130,mlb_surplus,0.6 WAR
606303,14332,Joel Payamps,2023,70382830,mlb_surplus,1.2 WAR
606303,14332,Joel Payamps,2024,70136311,mlb_surplus,0.6 WAR
606303,14332,Joel Payamps,2025,106121107,mlb_surplus,0.7 WAR
606303,14332,Joel Payamps,2026,4701729,mlb_surplus,0.8 WAR
606466,13613,Ketel Marte,2014,15000000,prospect,FV 45
606466,13613,Ketel Marte,2015,50000000,prospect,FV 55
606466,13613,Ketel Marte,2016,566184221,mlb_surplus,1.7 WAR
606466,13613,Ketel Marte,2017,536609861,mlb_surplus,1.1 WAR
606466,13613,Ketel Marte,2018,572775504,mlb_surplus,3.6 WAR
606466,13613,Ketel Marte,2019,581857146,mlb_surplus,6.3 WAR
606466,13613,Ketel Marte,2020,563894882,mlb_surplus,3.8 WAR
606466,13613,Ketel Marte,2021,507994354,mlb_surplus,2.4 WAR
606466,13613,Ketel Marte,2022,502135894,mlb_surplus,3.6 WAR
606466,13613,Ketel Marte,2023,392099648,mlb_surplus,4.3 WAR
606466,13613,Ketel Marte,2024,355632799,mlb_surplus,6.3 WAR
606466,13613,Ketel Marte,2025,291002208,mlb_surplus,4.6 WAR
606466,13613,Ketel Marte,2026,133657087,mlb_surplus,4.5 WAR
606996,19646,Kyle Hart,2026,5085337,mlb_surplus,0.6 WAR
607043,12927,Brandon Nimmo,2014,50000000,prospect,FV 55
607043,12927,Brandon Nimmo,2015,102727273,prospect,"FV 65, #72"
607043,12927,Brandon Nimmo,2016,30000000,prospect,FV 50
607043,12927,Brandon Nimmo,2017,325026220,mlb_surplus,1.1 WAR
607043,12927,Brandon Nimmo,2018,318489454,mlb_surplus,5.1 WAR
607043,12927,Brandon Nimmo,2019,278495466,mlb_surplus,2.7 WAR
607043,12927,Brandon Nimmo,2020,259897140,mlb_surplus,2.7 WAR
607043,12927,Brandon Nimmo,2021,236807016,mlb_surplus,3.2 WAR
607043,12927,Brandon Nimmo,2022,203303915,mlb_surplus,5.5 WAR
607043,12927,Brandon Nimmo,2023,-13888584,mlb_surplus,4.2 WAR
607043,12927,Brandon Nimmo,2024,-47858262,mlb_surplus,3.0 WAR
607043,12927,Brandon Nimmo,2025,-35828995,mlb_surplus,3.1 WAR
607043,12927,Brandon Nimmo,2026,-86685962,mlb_surplus,1.3 WAR
607067,12317,Colin Rea,2016,30000000,prospect,FV 50
607067,12317,Colin Rea,2017,140741739,mlb_surplus,2.3 WAR
607067,12317,Colin Rea,2018,117143130,mlb_surplus,2.1 WAR
607067,12317,Colin Rea,2024,96692262,mlb_surplus,0.8 WAR
607067,12317,Colin Rea,2025,126326126,mlb_surplus,1.9 WAR
607067,12317,Colin Rea,2026,5281201,mlb_surplus,1.0 WAR
607074,16137,Carlos Rodon,2015,100404040,prospect,"FV 60, #14"
607074,16137,Carlos Rodon,2016,344413468,mlb_surplus,2.7 WAR
607074,16137,Carlos Rodon,2017,329540707,mlb_surplus,2.5 WAR
607074,16137,Carlos Rodon,2018,292266297,mlb_surplus,2.0 WAR
607074,16137,Carlos Rodon,2019,298751280,mlb_surplus,1.5 WAR
607074,16137,Carlos Rodon,2020,297746677,mlb_surplus,1.7 WAR
607074,16137,Carlos Rodon,2026,-34826611,mlb_surplus,1.8 WAR
607192,14374,Tyler Glasnow,2014,87323232,prospect,"FV 60, #51"
607192,14374,Tyler Glasnow,2015,130000000,prospect,"FV 65, #12"
607192,14374,Tyler Glasnow,2016,101818182,prospect,"FV 60, #10"
607192,14374,Tyler Glasnow,2017,102171717,prospect,"FV 60, #9"
607192,14374,Tyler Glasnow,2018,296428590,mlb_surplus,1.6 WAR
607192,14374,Tyler Glasnow,2019,357952757,mlb_surplus,2.3 WAR
607192,14374,Tyler Glasnow,2020,381075466,mlb_surplus,1.8 WAR
607192,14374,Tyler Glasnow,2021,393785733,mlb_surplus,2.6 WAR
607192,14374,Tyler Glasnow,2022,381312359,mlb_surplus,3.0 WAR
607192,14374,Tyler Glasnow,2024,357096769,mlb_surplus,3.9 WAR
607192,14374,Tyler Glasnow,2025,421879210,mlb_surplus,3.5 WAR
607192,14374,Tyler Glasnow,2026,13119604,mlb_surplus,2.8 WAR
607200,17425,Erick Fedde,2015,30000000,prospect,FV 50
607200,17425,Erick Fedde,2016,55555556,prospect,"FV 55, #78"
607200,17425,Erick Fedde,2017,60101010,prospect,"FV 55, #60"
607200,17425,Erick Fedde,2018,30000000,prospect,FV 50
607200,17425,Erick Fedde,2019,135737505,mlb_surplus,2.0 WAR
607200,17425,Erick Fedde,2020,68742620,mlb_surplus,0.3 WAR
607200,17425,Erick Fedde,2022,82719087,mlb_surplus,0.9 WAR
607200,17425,Erick Fedde,2024,66931206,mlb_surplus,3.4 WAR
607200,17425,Erick Fedde,2025,67845379,mlb_surplus,1.0 WAR
607200,17425,Erick Fedde,2026,540966,mlb_surplus,0.3 WAR
607208,16252,Trea Turner,2015,83434343,prospect,"FV 60, #62"
607208,16252,Trea Turner,2016,101464646,prospect,"FV 60, #11"
607208,16252,Trea Turner,2017,750668695,mlb_surplus,6.0 WAR
607208,16252,Trea Turner,2018,664245237,mlb_surplus,5.8 WAR
607208,16252,Trea Turner,2019,640256545,mlb_surplus,5.3 WAR
607208,16252,Trea Turner,2020,578125991,mlb_surplus,4.1 WAR
607208,16252,Trea Turner,2021,534010590,mlb_surplus,7.1 WAR
607208,16252,Trea Turner,2022,437600751,mlb_surplus,6.4 WAR
607208,16252,Trea Turner,2023,85513239,mlb_surplus,4.8 WAR
607208,16252,Trea Turner,2024,46906810,mlb_surplus,4.0 WAR
607208,16252,Trea Turner,2025,23579275,mlb_surplus,6.7 WAR
607208,16252,Trea Turner,2026,-57996343,mlb_surplus,3.7 WAR
607259,12730,Nick Martinez,2014,15000000,prospect,FV 45
607259,12730,Nick Martinez,2015,128016463,mlb_surplus,1.3 WAR
607259,12730,Nick Martinez,2016,119238782,mlb_surplus,1.0 WAR
607259,12730,Nick Martinez,2018,94411045,mlb_surplus,0.0 WAR
607259,12730,Nick Martinez,2019,115148578,mlb_surplus,0.0 WAR
607259,12730,Nick Martinez,2023,106874268,mlb_surplus,1.4 WAR
607259,12730,Nick Martinez,2024,101392430,mlb_surplus,3.4 WAR
607259,12730,Nick Martinez,2025,101344424,mlb_surplus,2.1 WAR
607259,12730,Nick Martinez,2026,-1855495,mlb_surplus,0.8 WAR
607455,14706,Anthony Banda,2015,15000000,prospect,FV 45
607455,14706,Anthony Banda,2016,30000000,prospect,FV 50
607455,14706,Anthony Banda,2017,30000000,prospect,FV 50
607455,14706,Anthony Banda,2018,30000000,prospect,FV 50
607455,14706,Anthony Banda,2019,15000000,prospect,FV 45
607455,14706,Anthony Banda,2022,60076785,mlb_surplus,0.5 WAR
607455,14706,Anthony Banda,2023,49692405,mlb_surplus,0.5 WAR
607455,14706,Anthony Banda,2025,87394307,mlb_surplus,0.5 WAR
607455,14706,Anthony Banda,2026,4265957,mlb_surplus,0.6 WAR
607481,16258,Aaron Bummer,2017,15000000,prospect,FV 45
607481,16258,Aaron Bummer,2018,69132012,mlb_surplus,0.8 WAR
607481,16258,Aaron Bummer,2019,92971136,mlb_surplus,1.3 WAR
607481,16258,Aaron Bummer,2020,88227189,mlb_surplus,0.7 WAR
607481,16258,Aaron Bummer,2022,103644907,mlb_surplus,0.9 WAR
607481,16258,Aaron Bummer,2023,90764993,mlb_surplus,0.8 WAR
607481,16258,Aaron Bummer,2024,97599359,mlb_surplus,1.1 WAR
607481,16258,Aaron Bummer,2025,126349205,mlb_surplus,1.0 WAR
607481,16258,Aaron Bummer,2026,1188601,mlb_surplus,1.1 WAR
607536,16256,Kyle Freeland,2015,60101010,prospect,"FV 55, #60"
607536,16256,Kyle Freeland,2016,30000000,prospect,FV 50
607536,16256,Kyle Freeland,2017,30000000,prospect,FV 50
607536,16256,Kyle Freeland,2018,217854911,mlb_surplus,3.8 WAR
607536,16256,Kyle Freeland,2019,258416803,mlb_surplus,2.5 WAR
607536,16256,Kyle Freeland,2020,245610302,mlb_surplus,1.6 WAR
607536,16256,Kyle Freeland,2021,280153550,mlb_surplus,1.9 WAR
607536,16256,Kyle Freeland,2022,211798816,mlb_surplus,2.5 WAR
607536,16256,Kyle Freeland,2023,186029528,mlb_surplus,1.8 WAR
607536,16256,Kyle Freeland,2024,197251496,mlb_surplus,1.2 WAR
607536,16256,Kyle Freeland,2025,286090992,mlb_surplus,2.5 WAR
607536,16256,Kyle Freeland,2026,5791472,mlb_surplus,2.0 WAR
607625,12447,Seth Lugo,2016,15000000,prospect,FV 45
607625,12447,Seth Lugo,2017,166867007,mlb_surplus,1.7 WAR
607625,12447,Seth Lugo,2018,169439455,mlb_surplus,1.6 WAR
607625,12447,Seth Lugo,2019,161926894,mlb_surplus,2.3 WAR
607625,12447,Seth Lugo,2020,151465842,mlb_surplus,0.8 WAR
607625,12447,Seth Lugo,2021,160117837,mlb_surplus,0.8 WAR
607625,12447,Seth Lugo,2022,156405767,mlb_surplus,0.7 WAR
607625,12447,Seth Lugo,2023,133534142,mlb_surplus,2.9 WAR
607625,12447,Seth Lugo,2024,87450085,mlb_surplus,4.7 WAR
607625,12447,Seth Lugo,2025,110746378,mlb_surplus,2.5 WAR
607625,12447,Seth Lugo,2026,-28491248,mlb_surplus,0.9 WAR
608032,14542,Carlos Estevez,2016,15000000,prospect,FV 45
608032,14542,Carlos Estevez,2017,78028469,mlb_surplus,1.0 WAR
608032,14542,Carlos Estevez,2018,67789795,mlb_surplus,0.9 WAR
608032,14542,Carlos Estevez,2019,84259884,mlb_surplus,0.9 WAR
608032,14542,Carlos Estevez,2020,85454981,mlb_surplus,0.8 WAR
608032,14542,Carlos Estevez,2021,94849198,mlb_surplus,0.7 WAR
608032,14542,Carlos Estevez,2022,92879664,mlb_surplus,0.8 WAR
608032,14542,Carlos Estevez,2026,-2600675,mlb_surplus,0.9 WAR
608070,13510,Jose Ramirez,2014,30000000,prospect,FV 50
608070,13510,Jose Ramirez,2015,867626439,mlb_surplus,2.5 WAR
608070,13510,Jose Ramirez,2016,846817263,mlb_surplus,5.0 WAR
608070,13510,Jose Ramirez,2017,785468295,mlb_surplus,7.0 WAR
608070,13510,Jose Ramirez,2018,719385440,mlb_surplus,7.6 WAR
608070,13510,Jose Ramirez,2019,727564963,mlb_surplus,5.3 WAR
608070,13510,Jose Ramirez,2020,689133476,mlb_surplus,5.4 WAR
608070,13510,Jose Ramirez,2021,646552984,mlb_surplus,6.4 WAR
608070,13510,Jose Ramirez,2026,40757714,mlb_surplus,4.0 WAR
608324,17678,Alex Bregman,2016,125454545,prospect,"FV 65, #22"
608324,17678,Alex Bregman,2017,603042078,mlb_surplus,4.7 WAR
608324,17678,Alex Bregman,2018,572906778,mlb_surplus,7.9 WAR
608324,17678,Alex Bregman,2019,524421004,mlb_surplus,8.3 WAR
608324,17678,Alex Bregman,2020,349655737,mlb_surplus,4.5 WAR
608324,17678,Alex Bregman,2021,317073737,mlb_surplus,3.8 WAR
608324,17678,Alex Bregman,2022,294282142,mlb_surplus,5.4 WAR
608324,17678,Alex Bregman,2023,242173257,mlb_surplus,4.4 WAR
608324,17678,Alex Bregman,2024,206761267,mlb_surplus,4.2 WAR
608324,17678,Alex Bregman,2026,9488509,mlb_surplus,2.9 WAR
608331,13743,Max Fried,2014,64393939,prospect,"FV 55, #43"
608331,13743,Max Fried,2015,30000000,prospect,FV 50
608331,13743,Max Fried,2016,30000000,prospect,FV 50
608331,13743,Max Fried,2017,30000000,prospect,FV 50
608331,13743,Max Fried,2018,54292929,prospect,"FV 55, #83"
608331,13743,Max Fried,2020,492458014,mlb_surplus,2.3 WAR
608331,13743,Max Fried,2021,505396363,mlb_surplus,4.4 WAR
608331,13743,Max Fried,2022,455383907,mlb_surplus,4.9 WAR
608331,13743,Max Fried,2023,387717006,mlb_surplus,3.4 WAR
608331,13743,Max Fried,2024,365159953,mlb_surplus,3.4 WAR
608331,13743,Max Fried,2025,203863828,mlb_surplus,4.8 WAR
608331,13743,Max Fried,2026,32184346,mlb_surplus,3.3 WAR
608348,13620,Carson Kelly,2014,30000000,prospect,FV 50
608348,13620,Carson Kelly,2015,15000000,prospect,FV 45
608348,13620,Carson Kelly,2016,30000000,prospect,FV 50
608348,13620,Carson Kelly,2017,65404040,prospect,"FV 55, #39"
608348,13620,Carson Kelly,2018,353951938,mlb_surplus,3.9 WAR
608348,13620,Carson Kelly,2020,236190589,mlb_surplus,3.4 WAR
608348,13620,Carson Kelly,2021,172063380,mlb_surplus,2.2 WAR
608348,13620,Carson Kelly,2022,200639018,mlb_surplus,4.0 WAR
608348,13620,Carson Kelly,2023,147547724,mlb_surplus,3.2 WAR
608348,13620,Carson Kelly,2024,104273117,mlb_surplus,1.8 WAR
608348,13620,Carson Kelly,2025,79236336,mlb_surplus,2.6 WAR
608348,13620,Carson Kelly,2026,33037714,mlb_surplus,2.3 WAR
608369,13624,Corey Seager,2014,120000000,prospect,"FV 65, #34"
608369,13624,Corey Seager,2015,176363636,prospect,"FV 70, #7"
608369,13624,Corey Seager,2016,997832425,mlb_surplus,7.9 WAR
608369,13624,Corey Seager,2017,739411981,mlb_surplus,6.2 WAR
608369,13624,Corey Seager,2018,698285412,mlb_surplus,6.5 WAR
608369,13624,Corey Seager,2019,736214850,mlb_surplus,6.0 WAR
608369,13624,Corey Seager,2020,646074415,mlb_surplus,4.7 WAR
608369,13624,Corey Seager,2021,661392128,mlb_surplus,6.5 WAR
608369,13624,Corey Seager,2022,273541163,mlb_surplus,4.6 WAR
608369,13624,Corey Seager,2023,264445360,mlb_surplus,6.4 WAR
608369,13624,Corey Seager,2024,220360918,mlb_surplus,5.9 WAR
608369,13624,Corey Seager,2025,274243720,mlb_surplus,5.3 WAR
608369,13624,Corey Seager,2026,102244001,mlb_surplus,5.5 WAR
608372,35321,Tomoyuki Sugano,2026,-793140,mlb_surplus,0.6 WAR
608379,14078,Michael Wacha,2014,201451920,mlb_surplus,1.6 WAR
608379,14078,Michael Wacha,2015,332679354,mlb_surplus,3.3 WAR
608379,14078,Michael Wacha,2016,277865482,mlb_surplus,2.7 WAR
608379,14078,Michael Wacha,2017,256714904,mlb_surplus,2.7 WAR
608379,14078,Michael Wacha,2018,234450754,mlb_surplus,2.7 WAR
608379,14078,Michael Wacha,2019,252167598,mlb_surplus,2.1 WAR
608379,14078,Michael Wacha,2020,257343020,mlb_surplus,1.0 WAR
608379,14078,Michael Wacha,2021,275006549,mlb_surplus,1.1 WAR
608379,14078,Michael Wacha,2022,262674862,mlb_surplus,1.5 WAR
608379,14078,Michael Wacha,2023,218384618,mlb_surplus,2.6 WAR
608379,14078,Michael Wacha,2024,196491940,mlb_surplus,3.3 WAR
608379,14078,Michael Wacha,2025,204554133,mlb_surplus,3.6 WAR
608379,14078,Michael Wacha,2026,13435168,mlb_surplus,2.0 WAR
608566,15038,German Marquez,2016,50000000,prospect,FV 55
608566,15038,German Marquez,2017,56818182,prospect,"FV 55, #73"
608566,15038,German Marquez,2018,207975788,mlb_surplus,4.8 WAR
608566,15038,German Marquez,2019,289570668,mlb_surplus,3.6 WAR
608566,15038,German Marquez,2020,262281932,mlb_surplus,3.0 WAR
608566,15038,German Marquez,2021,295768037,mlb_surplus,4.0 WAR
608566,15038,German Marquez,2026,8625859,mlb_surplus,1.1 WAR
608650,13932,Dietrich Enns,2026,11055864,mlb_surplus,0.9 WAR
608701,13770,Rob Refsnyder,2015,30000000,prospect,FV 50
608701,13770,Rob Refsnyder,2016,30000000,prospect,FV 50
608701,13770,Rob Refsnyder,2017,100204105,mlb_surplus,2.7 WAR
608701,13770,Rob Refsnyder,2018,125621847,mlb_surplus,3.3 WAR
608701,13770,Rob Refsnyder,2019,73653792,mlb_surplus,3.4 WAR
608701,13770,Rob Refsnyder,2023,30329778,mlb_surplus,1.6 WAR
608701,13770,Rob Refsnyder,2024,23928428,mlb_surplus,1.4 WAR
608701,13770,Rob Refsnyder,2025,7093201,mlb_surplus,1.0 WAR
608701,13770,Rob Refsnyder,2026,-5651295,mlb_surplus,0.1 WAR
608718,13942,Brent Suter,2018,45169288,mlb_surplus,1.4 WAR
608718,13942,Brent Suter,2019,73736157,mlb_surplus,1.3 WAR
608718,13942,Brent Suter,2021,63849771,mlb_surplus,0.6 WAR
608718,13942,Brent Suter,2022,59939107,mlb_surplus,0.6 WAR
608718,13942,Brent Suter,2023,52384675,mlb_surplus,1.3 WAR
608718,13942,Brent Suter,2024,61845899,mlb_surplus,1.0 WAR
608718,13942,Brent Suter,2025,83222710,mlb_surplus,0.6 WAR
608718,13942,Brent Suter,2026,3885051,mlb_surplus,0.7 WAR
609280,15878,Miguel Andujar,2014,15000000,prospect,FV 45
609280,15878,Miguel Andujar,2015,15000000,prospect,FV 45
609280,15878,Miguel Andujar,2017,50000000,prospect,FV 55
609280,15878,Miguel Andujar,2018,58838384,prospect,"FV 55, #65"
609280,15878,Miguel Andujar,2019,68885686,mlb_surplus,1.5 WAR
609280,15878,Miguel Andujar,2022,11339403,mlb_surplus,0.3 WAR
609280,15878,Miguel Andujar,2024,6947929,mlb_surplus,0.5 WAR
609280,15878,Miguel Andujar,2025,5746895,mlb_surplus,1.1 WAR
609280,15878,Miguel Andujar,2026,-1500000,mlb_surplus,Trade Value
620443,15905,Luis Torrens,2014,30303030,prospect,"FV 50, #98"
620443,15905,Luis Torrens,2015,15000000,prospect,FV 45
620443,15905,Luis Torrens,2016,30000000,prospect,FV 50
620443,15905,Luis Torrens,2018,283268098,mlb_surplus,2.9 WAR
620443,15905,Luis Torrens,2021,255459693,mlb_surplus,2.5 WAR
620443,15905,Luis Torrens,2022,243436058,mlb_surplus,2.9 WAR
620443,15905,Luis Torrens,2023,193627546,mlb_surplus,2.4 WAR
620443,15905,Luis Torrens,2025,167408232,mlb_surplus,3.1 WAR
620443,15905,Luis Torrens,2026,34447867,mlb_surplus,2.9 WAR
621020,18314,Dansby Swanson,2016,131818182,prospect,"FV 65, #8"
621020,18314,Dansby Swanson,2017,451122458,mlb_surplus,2.1 WAR
621020,18314,Dansby Swanson,2018,458274988,mlb_surplus,3.0 WAR
621020,18314,Dansby Swanson,2019,481220476,mlb_surplus,2.3 WAR
621020,18314,Dansby Swanson,2020,501454665,mlb_surplus,4.1 WAR
621020,18314,Dansby Swanson,2021,511763901,mlb_surplus,4.2 WAR
621020,18314,Dansby Swanson,2022,470165928,mlb_surplus,6.6 WAR
621020,18314,Dansby Swanson,2023,187669710,mlb_surplus,4.8 WAR
621020,18314,Dansby Swanson,2024,173751365,mlb_surplus,4.2 WAR
621020,18314,Dansby Swanson,2025,333025686,mlb_surplus,4.0 WAR
621020,18314,Dansby Swanson,2026,16916465,mlb_surplus,3.2 WAR
621043,14162,Carlos Correa,2014,175757576,prospect,"FV 70, #8"
621043,14162,Carlos Correa,2015,178787879,prospect,"FV 70, #3"
621043,14162,Carlos Correa,2016,581136129,mlb_surplus,5.0 WAR
621043,14162,Carlos Correa,2017,544604899,mlb_surplus,5.9 WAR
621043,14162,Carlos Correa,2018,481490252,mlb_surplus,5.9 WAR
621043,14162,Carlos Correa,2019,389051885,mlb_surplus,3.9 WAR
621043,14162,Carlos Correa,2020,371465712,mlb_surplus,5.8 WAR
621043,14162,Carlos Correa,2021,317139686,mlb_surplus,6.3 WAR
621043,14162,Carlos Correa,2022,182609091,mlb_surplus,5.0 WAR
621043,14162,Carlos Correa,2023,13644321,mlb_surplus,3.6 WAR
621043,14162,Carlos Correa,2024,9052074,mlb_surplus,4.2 WAR
621043,14162,Carlos Correa,2025,17949840,mlb_surplus,2.6 WAR
621043,14162,Carlos Correa,2026,-25883579,mlb_surplus,2.4 WAR
621051,20353,Steven Wilson,2021,7000000,prospect,FV 40
621051,20353,Steven Wilson,2022,7000000,prospect,FV 40
621051,20353,Steven Wilson,2023,52313961,mlb_surplus,0.7 WAR
621051,20353,Steven Wilson,2024,52076891,mlb_surplus,0.6 WAR
621051,20353,Steven Wilson,2025,90829659,mlb_surplus,0.4 WAR
621051,20353,Steven Wilson,2026,2249110,mlb_surplus,0.6 WAR
621053,19481,Tyler Ferguson,2025,99965485,mlb_surplus,0.9 WAR
621053,19481,Tyler Ferguson,2026,19957503,mlb_surplus,0.9 WAR
621107,13774,Zach Eflin,2014,44545455,prospect,"FV 50, #4"
621107,13774,Zach Eflin,2015,30000000,prospect,FV 50
621107,13774,Zach Eflin,2016,15000000,prospect,FV 45
621107,13774,Zach Eflin,2017,205677065,mlb_surplus,1.4 WAR
621107,13774,Zach Eflin,2018,196743041,mlb_surplus,2.2 WAR
621107,13774,Zach Eflin,2019,237917436,mlb_surplus,1.7 WAR
621107,13774,Zach Eflin,2020,232115332,mlb_surplus,1.5 WAR
621107,13774,Zach Eflin,2021,259945824,mlb_surplus,1.8 WAR
621107,13774,Zach Eflin,2022,246659665,mlb_surplus,1.9 WAR
621107,13774,Zach Eflin,2023,183142195,mlb_surplus,4.9 WAR
621107,13774,Zach Eflin,2024,177829699,mlb_surplus,3.0 WAR
621107,13774,Zach Eflin,2025,224583392,mlb_surplus,2.3 WAR
621107,13774,Zach Eflin,2026,4465201,mlb_surplus,1.3 WAR
621112,14739,Paul Blackburn,2014,15000000,prospect,FV 45
621112,14739,Paul Blackburn,2017,15000000,prospect,FV 45
621112,14739,Paul Blackburn,2018,77544754,mlb_surplus,1.6 WAR
621112,14739,Paul Blackburn,2019,87504985,mlb_surplus,1.7 WAR
621112,14739,Paul Blackburn,2023,65949650,mlb_surplus,1.5 WAR
621112,14739,Paul Blackburn,2024,66679482,mlb_surplus,1.7 WAR
621112,14739,Paul Blackburn,2025,73048109,mlb_surplus,1.2 WAR
621112,14739,Paul Blackburn,2026,2212396,mlb_surplus,0.6 WAR
621121,14120,Lance McCullers Jr.,2014,62121212,prospect,"FV 55, #52"
621121,14120,Lance McCullers Jr.,2015,30000000,prospect,FV 50
621121,14120,Lance McCullers Jr.,2016,221461048,mlb_surplus,3.2 WAR
621121,14120,Lance McCullers Jr.,2017,195815606,mlb_surplus,3.3 WAR
621121,14120,Lance McCullers Jr.,2018,171304746,mlb_surplus,3.3 WAR
621121,14120,Lance McCullers Jr.,2019,189899652,mlb_surplus,3.1 WAR
621121,14120,Lance McCullers Jr.,2020,176853758,mlb_surplus,3.1 WAR
621121,14120,Lance McCullers Jr.,2021,330246571,mlb_surplus,3.2 WAR
621121,14120,Lance McCullers Jr.,2022,201726547,mlb_surplus,2.7 WAR
621121,14120,Lance McCullers Jr.,2023,152786684,mlb_surplus,2.2 WAR
621121,14120,Lance McCullers Jr.,2024,161643801,mlb_surplus,2.2 WAR
621121,14120,Lance McCullers Jr.,2026,-15745759,mlb_surplus,0.3 WAR
621237,17780,Jose Alvarado,2018,87052213,mlb_surplus,2.1 WAR
621237,17780,Jose Alvarado,2019,100339973,mlb_surplus,1.0 WAR
621237,17780,Jose Alvarado,2020,103074778,mlb_surplus,0.9 WAR
621237,17780,Jose Alvarado,2022,111468594,mlb_surplus,1.7 WAR
621237,17780,Jose Alvarado,2026,1041125,mlb_surplus,1.1 WAR
621242,14710,Edwin Diaz,2014,34696970,prospect,"FV 50, #69"
621242,14710,Edwin Diaz,2015,30000000,prospect,FV 50
621242,14710,Edwin Diaz,2016,30000000,prospect,FV 50
621242,14710,Edwin Diaz,2017,175583788,mlb_surplus,1.3 WAR
621242,14710,Edwin Diaz,2018,160291587,mlb_surplus,3.5 WAR
621242,14710,Edwin Diaz,2019,157922478,mlb_surplus,1.1 WAR
621242,14710,Edwin Diaz,2020,157589505,mlb_surplus,0.9 WAR
621242,14710,Edwin Diaz,2021,172186423,mlb_surplus,2.1 WAR
621242,14710,Edwin Diaz,2023,127816160,mlb_surplus,1.2 WAR
621242,14710,Edwin Diaz,2026,-27594949,mlb_surplus,1.4 WAR
621244,14168,Jose Berrios,2014,73535354,prospect,"FV 60, #90"
621244,14168,Jose Berrios,2015,94040404,prospect,"FV 60, #32"
621244,14168,Jose Berrios,2016,98636364,prospect,"FV 60, #19"
621244,14168,Jose Berrios,2017,233765529,mlb_surplus,2.7 WAR
621244,14168,Jose Berrios,2018,213512536,mlb_surplus,3.1 WAR
621244,14168,Jose Berrios,2019,213822843,mlb_surplus,4.4 WAR
621244,14168,Jose Berrios,2020,177431114,mlb_surplus,2.3 WAR
621244,14168,Jose Berrios,2021,180054236,mlb_surplus,4.0 WAR
621244,14168,Jose Berrios,2026,-46472413,mlb_surplus,0.8 WAR
621345,18655,A.J. Minter,2017,15000000,prospect,FV 45
621345,18655,A.J. Minter,2018,56513803,mlb_surplus,1.4 WAR
621345,18655,A.J. Minter,2019,47768014,mlb_surplus,1.0 WAR
621345,18655,A.J. Minter,2020,44913421,mlb_surplus,0.8 WAR
621345,18655,A.J. Minter,2021,40888045,mlb_surplus,1.3 WAR
621345,18655,A.J. Minter,2022,31834464,mlb_surplus,2.0 WAR
621345,18655,A.J. Minter,2023,16247779,mlb_surplus,1.4 WAR
621345,18655,A.J. Minter,2024,5091285,mlb_surplus,1.1 WAR
621345,18655,A.J. Minter,2025,-7263719,mlb_surplus,0.9 WAR
621345,18655,A.J. Minter,2026,-11000000,mlb_surplus,Trade Value
621381,13799,Matt Strahm,2016,30000000,prospect,FV 50
621381,13799,Matt Strahm,2017,128313622,mlb_surplus,1.1 WAR
621381,13799,Matt Strahm,2018,114105135,mlb_surplus,0.8 WAR
621381,13799,Matt Strahm,2019,142235010,mlb_surplus,1.5 WAR
621381,13799,Matt Strahm,2020,144456197,mlb_surplus,0.7 WAR
621381,13799,Matt Strahm,2021,159298034,mlb_surplus,0.6 WAR
621381,13799,Matt Strahm,2023,132857022,mlb_surplus,2.0 WAR
621381,13799,Matt Strahm,2024,138464415,mlb_surplus,2.1 WAR
621381,13799,Matt Strahm,2025,158848539,mlb_surplus,1.5 WAR
621381,13799,Matt Strahm,2026,4658945,mlb_surplus,1.3 WAR
621383,16990,Tanner Banks,2023,78233885,mlb_surplus,0.8 WAR
621383,16990,Tanner Banks,2024,81183125,mlb_surplus,1.1 WAR
621383,16990,Tanner Banks,2025,112516829,mlb_surplus,0.8 WAR
621383,16990,Tanner Banks,2026,15828473,mlb_surplus,0.9 WAR
621438,13675,Tyrone Taylor,2014,30000000,prospect,FV 50
621438,13675,Tyrone Taylor,2015,30000000,prospect,FV 50
621438,13675,Tyrone Taylor,2016,15000000,prospect,FV 45
621438,13675,Tyrone Taylor,2019,7000000,prospect,FV 40
621438,13675,Tyrone Taylor,2022,113928739,mlb_surplus,2.1 WAR
621438,13675,Tyrone Taylor,2023,117122334,mlb_surplus,2.3 WAR
621438,13675,Tyrone Taylor,2024,83928102,mlb_surplus,1.2 WAR
621438,13675,Tyrone Taylor,2025,121068863,mlb_surplus,0.9 WAR
621438,13675,Tyrone Taylor,2026,9108432,mlb_surplus,1.3 WAR
621439,14161,Byron Buxton,2014,180000000,prospect,"FV 75, #1"
621439,14161,Byron Buxton,2015,180000000,prospect,"FV 70, #1"
621439,14161,Byron Buxton,2016,424397877,mlb_surplus,1.9 WAR
621439,14161,Byron Buxton,2017,410793177,mlb_surplus,4.4 WAR
621439,14161,Byron Buxton,2018,367544249,mlb_surplus,4yr ctrl
621439,14161,Byron Buxton,2019,405774022,mlb_surplus,3.1 WAR
621439,14161,Byron Buxton,2020,385854625,mlb_surplus,2.4 WAR
621439,14161,Byron Buxton,2021,368733803,mlb_surplus,4.1 WAR
621439,14161,Byron Buxton,2022,306379178,mlb_surplus,5.5 WAR
621439,14161,Byron Buxton,2023,268011774,mlb_surplus,4.6 WAR
621439,14161,Byron Buxton,2024,215618802,mlb_surplus,3.7 WAR
621439,14161,Byron Buxton,2025,183259922,mlb_surplus,5.0 WAR
621439,14161,Byron Buxton,2026,81025621,mlb_surplus,4.1 WAR
621493,17548,Taylor Ward,2016,30000000,prospect,FV 50
621493,17548,Taylor Ward,2017,15000000,prospect,FV 45
621493,17548,Taylor Ward,2018,30000000,prospect,FV 50
621493,17548,Taylor Ward,2019,186338181,mlb_surplus,2.1 WAR
621493,17548,Taylor Ward,2021,134936506,mlb_surplus,0.9 WAR
621493,17548,Taylor Ward,2022,129700040,mlb_surplus,3.7 WAR
621493,17548,Taylor Ward,2023,91521438,mlb_surplus,1.9 WAR
621493,17548,Taylor Ward,2024,70863026,mlb_surplus,2.8 WAR
621493,17548,Taylor Ward,2025,41214661,mlb_surplus,2.9 WAR
621493,17548,Taylor Ward,2026,0,mlb_surplus,1.2 WAR
621566,14344,Matt Olson,2014,50000000,prospect,FV 55
621566,14344,Matt Olson,2015,34090909,prospect,"FV 50, #73"
621566,14344,Matt Olson,2016,30000000,prospect,"FV 50, #100"
621566,14344,Matt Olson,2017,30000000,prospect,FV 50
621566,14344,Matt Olson,2018,434109732,mlb_surplus,4.5 WAR
621566,14344,Matt Olson,2019,380810656,mlb_surplus,3.8 WAR
621566,14344,Matt Olson,2020,344422602,mlb_surplus,2.7 WAR
621566,14344,Matt Olson,2021,312827132,mlb_surplus,5.0 WAR
621566,14344,Matt Olson,2022,103865438,mlb_surplus,3.5 WAR
621566,14344,Matt Olson,2023,84478326,mlb_surplus,6.6 WAR
621566,14344,Matt Olson,2024,13946482,mlb_surplus,2.9 WAR
621566,14344,Matt Olson,2025,783286,mlb_surplus,4.7 WAR
621566,14344,Matt Olson,2026,-48773430,mlb_surplus,2.3 WAR
622491,15689,Luis Castillo,2017,50000000,prospect,FV 55
622491,15689,Luis Castillo,2018,289987657,mlb_surplus,2.6 WAR
622491,15689,Luis Castillo,2019,281672290,mlb_surplus,3.8 WAR
622491,15689,Luis Castillo,2020,246943713,mlb_surplus,2.6 WAR
622491,15689,Luis Castillo,2021,228831015,mlb_surplus,4.0 WAR
622491,15689,Luis Castillo,2022,186850873,mlb_surplus,3.7 WAR
622491,15689,Luis Castillo,2023,87944531,mlb_surplus,3.3 WAR
622491,15689,Luis Castillo,2024,42567957,mlb_surplus,2.3 WAR
622491,15689,Luis Castillo,2025,45355926,mlb_surplus,2.6 WAR
622491,15689,Luis Castillo,2026,-21730182,mlb_surplus,1.5 WAR
622554,19249,Seranthony Dominguez,2018,15000000,prospect,FV 45
622554,19249,Seranthony Dominguez,2019,87612441,mlb_surplus,1.1 WAR
622554,19249,Seranthony Dominguez,2020,79472449,mlb_surplus,0.9 WAR
622554,19249,Seranthony Dominguez,2021,89594739,mlb_surplus,0.9 WAR
622554,19249,Seranthony Dominguez,2023,70689873,mlb_surplus,0.9 WAR
622554,19249,Seranthony Dominguez,2024,72777351,mlb_surplus,0.6 WAR
622554,19249,Seranthony Dominguez,2026,-3881714,mlb_surplus,0.8 WAR
622608,15488,Antonio Senzatela,2015,30000000,prospect,FV 50
622608,15488,Antonio Senzatela,2016,30000000,prospect,FV 50
622608,15488,Antonio Senzatela,2017,30000000,prospect,FV 50
622608,15488,Antonio Senzatela,2018,62125905,mlb_surplus,0.9 WAR
622608,15488,Antonio Senzatela,2019,71392327,mlb_surplus,0.8 WAR
622608,15488,Antonio Senzatela,2020,89295116,mlb_surplus,1.8 WAR
622608,15488,Antonio Senzatela,2021,82140353,mlb_surplus,3.0 WAR
622608,15488,Antonio Senzatela,2022,112448467,mlb_surplus,2.5 WAR
622608,15488,Antonio Senzatela,2023,87614594,mlb_surplus,2.3 WAR
622608,15488,Antonio Senzatela,2026,-9128731,mlb_surplus,0.4 WAR
622663,15890,Luis Severino,2014,50000000,prospect,FV 55
622663,15890,Luis Severino,2015,97222222,prospect,"FV 60, #23"
622663,15890,Luis Severino,2016,282126457,mlb_surplus,2.1 WAR
622663,15890,Luis Severino,2017,228785910,mlb_surplus,5.6 WAR
622663,15890,Luis Severino,2018,261270054,mlb_surplus,5.3 WAR
622663,15890,Luis Severino,2019,291279432,mlb_surplus,3.3 WAR
622663,15890,Luis Severino,2023,209616842,mlb_surplus,2.8 WAR
622663,15890,Luis Severino,2024,198902741,mlb_surplus,2.1 WAR
622663,15890,Luis Severino,2025,201125561,mlb_surplus,2.5 WAR
622663,15890,Luis Severino,2026,-21571198,mlb_surplus,1.4 WAR
622761,17273,Jorge Mateo,2015,50000000,prospect,FV 55
622761,17273,Jorge Mateo,2016,67676768,prospect,"FV 55, #30"
622761,17273,Jorge Mateo,2017,63383838,prospect,"FV 55, #47"
622761,17273,Jorge Mateo,2018,34242424,prospect,"FV 50, #72"
622761,17273,Jorge Mateo,2019,30000000,prospect,FV 50
622761,17273,Jorge Mateo,2022,52162271,mlb_surplus,2.8 WAR
622761,17273,Jorge Mateo,2023,32983587,mlb_surplus,1.6 WAR
622761,17273,Jorge Mateo,2024,32893785,mlb_surplus,2.0 WAR
622761,17273,Jorge Mateo,2025,23117524,mlb_surplus,1.7 WAR
622761,17273,Jorge Mateo,2026,-1000000,mlb_surplus,Trade Value
623149,13892,Paul Sewald,2018,50101624,mlb_surplus,0.7 WAR
623149,13892,Paul Sewald,2019,71082550,mlb_surplus,0.6 WAR
623149,13892,Paul Sewald,2020,78818247,mlb_surplus,0.6 WAR
623149,13892,Paul Sewald,2022,94115100,mlb_surplus,0.9 WAR
623149,13892,Paul Sewald,2023,72269701,mlb_surplus,0.8 WAR
623149,13892,Paul Sewald,2024,74357726,mlb_surplus,0.8 WAR
623149,13892,Paul Sewald,2025,117414560,mlb_surplus,0.8 WAR
623149,13892,Paul Sewald,2026,5026781,mlb_surplus,0.8 WAR
623168,13897,Tyler Heineman,2023,100724450,mlb_surplus,1.9 WAR
623168,13897,Tyler Heineman,2026,40587418,mlb_surplus,2.5 WAR
623211,6107,Huascar Brazoban,2023,47976133,mlb_surplus,0.7 WAR
623211,6107,Huascar Brazoban,2024,47928870,mlb_surplus,0.6 WAR
623211,6107,Huascar Brazoban,2025,78212456,mlb_surplus,0.7 WAR
623211,6107,Huascar Brazoban,2026,4402500,mlb_surplus,0.6 WAR
623352,14212,Josh Hader,2014,30000000,prospect,FV 50
623352,14212,Josh Hader,2015,30000000,prospect,FV 50
623352,14212,Josh Hader,2016,59848485,prospect,"FV 55, #61"
623352,14212,Josh Hader,2017,65656566,prospect,"FV 55, #38"
623352,14212,Josh Hader,2018,136384911,mlb_surplus,2.6 WAR
623352,14212,Josh Hader,2019,138522903,mlb_surplus,2.3 WAR
623352,14212,Josh Hader,2020,125168459,mlb_surplus,1.0 WAR
623352,14212,Josh Hader,2021,136217076,mlb_surplus,2.6 WAR
623352,14212,Josh Hader,2022,109372163,mlb_surplus,1.1 WAR
623352,14212,Josh Hader,2023,88222597,mlb_surplus,1.7 WAR
623352,14212,Josh Hader,2024,2804938,mlb_surplus,1.1 WAR
623352,14212,Josh Hader,2025,55062965,mlb_surplus,1.1 WAR
623352,14212,Josh Hader,2026,-30617373,mlb_surplus,1.0 WAR
623437,15145,Justin Topa,2024,71549943,mlb_surplus,0.8 WAR
623437,15145,Justin Topa,2026,8580021,mlb_surplus,0.9 WAR
623454,15130,Drew Anderson,2017,15000000,prospect,FV 45
623454,15130,Drew Anderson,2018,15000000,prospect,FV 45
623454,15130,Drew Anderson,2026,-7000000,mlb_surplus,Trade Value
623474,17556,Jimmy Herget,2017,15000000,prospect,FV 45
623474,17556,Jimmy Herget,2018,15000000,prospect,FV 45
623474,17556,Jimmy Herget,2019,7000000,prospect,FV 40
623474,17556,Jimmy Herget,2021,127903045,mlb_surplus,0.4 WAR
623474,17556,Jimmy Herget,2022,125844982,mlb_surplus,1.6 WAR
623474,17556,Jimmy Herget,2023,107720422,mlb_surplus,0.9 WAR
623474,17556,Jimmy Herget,2024,109868736,mlb_surplus,0.6 WAR
623474,17556,Jimmy Herget,2026,18679524,mlb_surplus,1.3 WAR
623993,14551,Anthony Santander,2017,15000000,prospect,FV 45
623993,14551,Anthony Santander,2018,15000000,prospect,FV 45
623993,14551,Anthony Santander,2019,110292258,mlb_surplus,1.4 WAR
623993,14551,Anthony Santander,2020,94724098,mlb_surplus,1.3 WAR
623993,14551,Anthony Santander,2021,101973972,mlb_surplus,2.4 WAR
623993,14551,Anthony Santander,2022,80560175,mlb_surplus,2.6 WAR
623993,14551,Anthony Santander,2023,54015623,mlb_surplus,2.5 WAR
623993,14551,Anthony Santander,2024,27217939,mlb_surplus,3.2 WAR
623993,14551,Anthony Santander,2026,-39567471,mlb_surplus,0.1 WAR
624133,17277,Ranger Suarez,2018,30000000,prospect,FV 50
624133,17277,Ranger Suarez,2019,30000000,prospect,FV 50
624133,17277,Ranger Suarez,2020,355478741,mlb_surplus,0.5 WAR
624133,17277,Ranger Suarez,2022,351828337,mlb_surplus,2.3 WAR
624133,17277,Ranger Suarez,2023,312850842,mlb_surplus,2.4 WAR
624133,17277,Ranger Suarez,2026,25255990,mlb_surplus,2.8 WAR
624413,19251,Pete Alonso,2017,30000000,prospect,FV 50
624413,19251,Pete Alonso,2018,50000000,prospect,FV 55
624413,19251,Pete Alonso,2019,62373737,prospect,"FV 55, #51"
624413,19251,Pete Alonso,2020,251444736,mlb_surplus,3.2 WAR
624413,19251,Pete Alonso,2021,220639165,mlb_surplus,3.5 WAR
624413,19251,Pete Alonso,2022,177303028,mlb_surplus,3.8 WAR
624413,19251,Pete Alonso,2023,131320613,mlb_surplus,2.8 WAR
624413,19251,Pete Alonso,2024,103602123,mlb_surplus,2.7 WAR
624413,19251,Pete Alonso,2025,38753792,mlb_surplus,3.6 WAR
624413,19251,Pete Alonso,2026,-109084657,mlb_surplus,2.0 WAR
624431,16725,Jose Trevino,2016,15000000,prospect,FV 45
624431,16725,Jose Trevino,2017,15000000,prospect,FV 45
624431,16725,Jose Trevino,2018,15000000,prospect,FV 45
624431,16725,Jose Trevino,2019,7000000,prospect,FV 40
624431,16725,Jose Trevino,2020,68250867,mlb_surplus,0.2 WAR
624431,16725,Jose Trevino,2021,132212322,mlb_surplus,2.7 WAR
624431,16725,Jose Trevino,2022,84668407,mlb_surplus,3.8 WAR
624431,16725,Jose Trevino,2023,33731854,mlb_surplus,1.4 WAR
624431,16725,Jose Trevino,2024,31984083,mlb_surplus,2.0 WAR
624431,16725,Jose Trevino,2025,33510717,mlb_surplus,1.6 WAR
624431,16725,Jose Trevino,2026,-9172545,mlb_surplus,0.2 WAR
624522,19795,Keegan Thompson,2018,15000000,prospect,FV 45
624522,19795,Keegan Thompson,2019,15000000,prospect,FV 45
624522,19795,Keegan Thompson,2020,15000000,prospect,FV 45
624522,19795,Keegan Thompson,2022,58006604,mlb_surplus,0.8 WAR
624522,19795,Keegan Thompson,2023,45795832,mlb_surplus,0.4 WAR
624522,19795,Keegan Thompson,2024,51391175,mlb_surplus,0.4 WAR
624522,19795,Keegan Thompson,2025,93013409,mlb_surplus,0.4 WAR
624522,19795,Keegan Thompson,2026,2129824,mlb_surplus,0.5 WAR
624585,14221,Jorge Soler,2014,62878788,prospect,"FV 55, #49"
624585,14221,Jorge Soler,2015,222006802,mlb_surplus,4.4 WAR
624585,14221,Jorge Soler,2016,61656596,mlb_surplus,0.9 WAR
624585,14221,Jorge Soler,2017,74081507,mlb_surplus,1.5 WAR
624585,14221,Jorge Soler,2018,70927349,mlb_surplus,1.5 WAR
624585,14221,Jorge Soler,2019,60916451,mlb_surplus,3.5 WAR
624585,14221,Jorge Soler,2020,54556142,mlb_surplus,1.9 WAR
624585,14221,Jorge Soler,2021,45462962,mlb_surplus,2.4 WAR
624585,14221,Jorge Soler,2022,12224524,mlb_surplus,2.1 WAR
624585,14221,Jorge Soler,2023,3942707,mlb_surplus,1.9 WAR
624585,14221,Jorge Soler,2024,-27379091,mlb_surplus,1.1 WAR
624585,14221,Jorge Soler,2025,-16906934,mlb_surplus,1.2 WAR
624585,14221,Jorge Soler,2026,-13000000,mlb_surplus,Trade Value
624641,17022,Edmundo Sosa,2015,30000000,prospect,FV 50
624641,17022,Edmundo Sosa,2016,30000000,prospect,FV 50
624641,17022,Edmundo Sosa,2017,15000000,prospect,FV 45
624641,17022,Edmundo Sosa,2018,15000000,prospect,FV 45
624641,17022,Edmundo Sosa,2019,15000000,prospect,FV 45
624641,17022,Edmundo Sosa,2020,7000000,prospect,FV 40
624641,17022,Edmundo Sosa,2022,117255826,mlb_surplus,2.7 WAR
624641,17022,Edmundo Sosa,2023,102734016,mlb_surplus,2.8 WAR
624641,17022,Edmundo Sosa,2024,33599820,mlb_surplus,1.9 WAR
624641,17022,Edmundo Sosa,2025,35211302,mlb_surplus,2.2 WAR
624641,17022,Edmundo Sosa,2026,-4146222,mlb_surplus,0.1 WAR
625643,16400,Reynaldo Lopez,2015,30000000,prospect,FV 50
625643,16400,Reynaldo Lopez,2016,50000000,prospect,FV 55
625643,16400,Reynaldo Lopez,2017,63888889,prospect,"FV 55, #45"
625643,16400,Reynaldo Lopez,2018,169266513,mlb_surplus,2.4 WAR
625643,16400,Reynaldo Lopez,2019,111362182,mlb_surplus,2.4 WAR
625643,16400,Reynaldo Lopez,2020,86034247,mlb_surplus,1.1 WAR
625643,16400,Reynaldo Lopez,2021,67716981,mlb_surplus,0.7 WAR
625643,16400,Reynaldo López,2026,-14000000,mlb_surplus,Trade Value
628451,18819,Andy Ibanez,2016,30000000,prospect,FV 50
628451,18819,Andy Ibanez,2017,15000000,prospect,FV 45
628451,18819,Andy Ibanez,2022,32720739,mlb_surplus,1.9 WAR
628451,18819,Andy Ibanez,2023,26086230,mlb_surplus,1.6 WAR
628451,18819,Andy Ibanez,2024,1492528,mlb_surplus,0.8 WAR
628451,18819,Andy Ibanez,2025,6544138,mlb_surplus,0.5 WAR
628451,18819,Andy Ibanez,2026,-1200000,mlb_surplus,Trade Value
628452,17130,Raisel Iglesias,2016,227978857,mlb_surplus,3.2 WAR
628452,17130,Raisel Iglesias,2017,121905859,mlb_surplus,2.0 WAR
628452,17130,Raisel Iglesias,2018,110803222,mlb_surplus,1.0 WAR
628452,17130,Raisel Iglesias,2019,125333262,mlb_surplus,1.2 WAR
628452,17130,Raisel Iglesias,2020,135592168,mlb_surplus,1.1 WAR
628452,17130,Raisel Iglesias,2021,156479937,mlb_surplus,2.0 WAR
628452,17130,Raisel Iglesias,2022,88146360,mlb_surplus,1.5 WAR
628452,17130,Raisel Iglesias,2023,81228543,mlb_surplus,1.1 WAR
628452,17130,Raisel Iglesias,2024,97027514,mlb_surplus,1.6 WAR
628452,17130,Raisel Iglesias,2025,146423135,mlb_surplus,1.1 WAR
628452,17130,Raisel Iglesias,2026,-4133519,mlb_surplus,1.2 WAR
630105,18036,Jake Cronenworth,2021,445373792,mlb_surplus,6.4 WAR
630105,18036,Jake Cronenworth,2022,309341242,mlb_surplus,4.6 WAR
630105,18036,Jake Cronenworth,2023,214311798,mlb_surplus,2.9 WAR
630105,18036,Jake Cronenworth,2024,124054794,mlb_surplus,2.1 WAR
630105,18036,Jake Cronenworth,2025,219840512,mlb_surplus,2.9 WAR
630105,18036,Jake Cronenworth,2026,33768412,mlb_surplus,2.4 WAR
640448,15009,Kyle Finnegan,2021,79524367,mlb_surplus,0.6 WAR
640448,15009,Kyle Finnegan,2022,74334937,mlb_surplus,0.6 WAR
640448,15009,Kyle Finnegan,2023,65907289,mlb_surplus,0.6 WAR
640448,15009,Kyle Finnegan,2024,68672321,mlb_surplus,0.5 WAR
640448,15009,Kyle Finnegan,2025,104306851,mlb_surplus,1.2 WAR
640448,15009,Kyle Finnegan,2026,-4168347,mlb_surplus,0.7 WAR
640451,15507,Hunter Harvey,2014,70000000,prospect,FV 60
640451,15507,Hunter Harvey,2015,64898990,prospect,"FV 55, #41"
640451,15507,Hunter Harvey,2016,32272727,prospect,"FV 50, #85"
640451,15507,Hunter Harvey,2017,30000000,prospect,FV 50
640451,15507,Hunter Harvey,2018,30000000,prospect,FV 50
640451,15507,Hunter Harvey,2019,15000000,prospect,FV 45
640451,15507,Hunter Harvey,2023,17450856,mlb_surplus,1.3 WAR
640451,15507,Hunter Harvey,2024,8128466,mlb_surplus,0.9 WAR
640451,15507,Hunter Harvey,2025,3408381,mlb_surplus,0.9 WAR
640451,15507,Hunter Harvey,2026,-6000000,mlb_surplus,Trade Value
640455,15873,Sean Manaea,2014,50000000,prospect,FV 55
640455,15873,Sean Manaea,2015,36666667,prospect,"FV 50, #56"
640455,15873,Sean Manaea,2016,58080808,prospect,"FV 55, #68"
640455,15873,Sean Manaea,2017,173557421,mlb_surplus,2.2 WAR
640455,15873,Sean Manaea,2018,157310932,mlb_surplus,2.1 WAR
640455,15873,Sean Manaea,2019,150682873,mlb_surplus,1.7 WAR
640455,15873,Sean Manaea,2021,157946951,mlb_surplus,3.5 WAR
640455,15873,Sean Manaea,2022,123255450,mlb_surplus,2.0 WAR
640455,15873,Sean Manaea,2023,83506131,mlb_surplus,1.6 WAR
640455,15873,Sean Manaea,2024,79135119,mlb_surplus,2.8 WAR
640455,15873,Sean Manaea,2026,-27917822,mlb_surplus,0.8 WAR
640902,19802,Jhonny Pereda,2019,7000000,prospect,FV 40
640902,19802,Jhonny Pereda,2026,0,mlb_surplus,Trade Value
641154,17085,Pablo Lopez,2017,15000000,prospect,FV 45
641154,17085,Pablo Lopez,2018,15000000,prospect,FV 45
641154,17085,Pablo Lopez,2019,342199349,mlb_surplus,1.9 WAR
641154,17085,Pablo Lopez,2020,339987989,mlb_surplus,1.9 WAR
641154,17085,Pablo Lopez,2021,353514140,mlb_surplus,2.4 WAR
641154,17085,Pablo Lopez,2022,333991085,mlb_surplus,3.0 WAR
641154,17085,Pablo Lopez,2023,291306309,mlb_surplus,4.6 WAR
641154,17085,Pablo Lopez,2026,19175068,mlb_surplus,2.6 WAR
641302,17735,Tyler Alexander,2016,15000000,prospect,FV 45
641302,17735,Tyler Alexander,2017,15000000,prospect,FV 45
641302,17735,Tyler Alexander,2018,15000000,prospect,FV 45
641302,17735,Tyler Alexander,2022,69068472,mlb_surplus,0.6 WAR
641302,17735,Tyler Alexander,2023,56913294,mlb_surplus,0.4 WAR
641302,17735,Tyler Alexander,2024,61128883,mlb_surplus,0.4 WAR
641302,17735,Tyler Alexander,2025,91084258,mlb_surplus,1.3 WAR
641302,17735,Tyler Alexander,2026,4495610,mlb_surplus,0.7 WAR
641329,19804,Bryan Baker,2023,88743752,mlb_surplus,1.0 WAR
641329,19804,Bryan Baker,2024,89278048,mlb_surplus,0.9 WAR
641329,19804,Bryan Baker,2025,129625487,mlb_surplus,0.8 WAR
641329,19804,Bryan Baker,2026,18110380,mlb_surplus,0.9 WAR
641343,15194,Jake Bauers,2015,15000000,prospect,FV 45
641343,15194,Jake Bauers,2016,50000000,prospect,FV 55
641343,15194,Jake Bauers,2017,56313131,prospect,"FV 55, #75"
641343,15194,Jake Bauers,2018,59090909,prospect,"FV 55, #64"
641343,15194,Jake Bauers,2019,102611435,mlb_surplus,2.2 WAR
641343,15194,Jake Bauers,2020,17609910,mlb_surplus,0.3 WAR
641343,15194,Jake Bauers,2022,26785789,mlb_surplus,0.5 WAR
641343,15194,Jake Bauers,2024,11160658,mlb_surplus,0.7 WAR
641343,15194,Jake Bauers,2025,82036592,mlb_surplus,0.8 WAR
641343,15194,Jake Bauers,2026,0,mlb_surplus,0.4 WAR
641355,15998,Cody Bellinger,2014,15000000,prospect,FV 45
641355,15998,Cody Bellinger,2015,30000000,prospect,FV 50
641355,15998,Cody Bellinger,2016,50000000,prospect,FV 55
641355,15998,Cody Bellinger,2017,100757576,prospect,"FV 60, #13"
641355,15998,Cody Bellinger,2018,447345254,mlb_surplus,4.0 WAR
641355,15998,Cody Bellinger,2019,449090587,mlb_surplus,7.8 WAR
641355,15998,Cody Bellinger,2020,442199768,mlb_surplus,6.4 WAR
641355,15998,Cody Bellinger,2021,385039970,mlb_surplus,6.6 WAR
641355,15998,Cody Bellinger,2022,267179089,mlb_surplus,5.3 WAR
641355,15998,Cody Bellinger,2023,199250320,mlb_surplus,4.4 WAR
641355,15998,Cody Bellinger,2024,80344361,mlb_surplus,2.1 WAR
641355,15998,Cody Bellinger,2025,84963164,mlb_surplus,4.9 WAR
641355,15998,Cody Bellinger,2026,-94439052,mlb_surplus,2.5 WAR
641401,21205,Connor Brogdon,2022,69453317,mlb_surplus,0.6 WAR
641401,21205,Connor Brogdon,2023,63194356,mlb_surplus,0.7 WAR
641401,21205,Connor Brogdon,2024,62774485,mlb_surplus,0.6 WAR
641401,21205,Connor Brogdon,2026,3496944,mlb_surplus,0.6 WAR
641487,15491,J.P. Crawford,2014,70000000,prospect,FV 60
641487,15491,J.P. Crawford,2015,125909091,prospect,"FV 65, #21"
641487,15491,J.P. Crawford,2016,133181818,prospect,"FV 65, #5"
641487,15491,J.P. Crawford,2017,73484848,prospect,"FV 55, #7"
641487,15491,J.P. Crawford,2018,292349431,mlb_surplus,3.0 WAR
641487,15491,J.P. Crawford,2019,276499303,mlb_surplus,1.1 WAR
641487,15491,J.P. Crawford,2020,299300687,mlb_surplus,2.8 WAR
641487,15491,J.P. Crawford,2021,320859284,mlb_surplus,3.4 WAR
641487,15491,J.P. Crawford,2022,216786565,mlb_surplus,2.2 WAR
641487,15491,J.P. Crawford,2023,207035603,mlb_surplus,4.9 WAR
641487,15491,J.P. Crawford,2024,169386724,mlb_surplus,2.9 WAR
641487,15491,J.P. Crawford,2025,287170033,mlb_surplus,3.5 WAR
641487,15491,J.P. Crawford,2026,16064671,mlb_surplus,2.4 WAR
641555,20084,J.C. Escarra,2026,78795774,mlb_surplus,2.5 WAR
641584,19260,Jake Fraley,2017,15000000,prospect,FV 45
641584,19260,Jake Fraley,2020,30000000,prospect,FV 50
641584,19260,Jake Fraley,2022,100493463,mlb_surplus,2.4 WAR
641584,19260,Jake Fraley,2023,18171169,mlb_surplus,1.3 WAR
641584,19260,Jake Fraley,2024,35201821,mlb_surplus,1.8 WAR
641584,19260,Jake Fraley,2025,-1529396,mlb_surplus,0.3 WAR
641584,19260,Jake Fraley,2026,-3000000,mlb_surplus,Trade Value
641656,19261,Ian Hamilton,2018,15000000,prospect,FV 45
641656,19261,Ian Hamilton,2019,7000000,prospect,FV 40
641656,19261,Ian Hamilton,2024,68188250,mlb_surplus,0.8 WAR
641656,19261,Ian Hamilton,2025,103595412,mlb_surplus,0.9 WAR
641656,19261,Ian Hamilton,2026,5625092,mlb_surplus,0.8 WAR
641680,16930,Jonah Heim,2015,15000000,prospect,FV 45
641680,16930,Jonah Heim,2016,15000000,prospect,FV 45
641680,16930,Jonah Heim,2019,15000000,prospect,FV 45
641680,16930,Jonah Heim,2020,15000000,prospect,FV 45
641680,16930,Jonah Heim,2022,186494078,mlb_surplus,3.3 WAR
641680,16930,Jonah Heim,2023,100827384,mlb_surplus,4.0 WAR
641680,16930,Jonah Heim,2024,75696768,mlb_surplus,2.7 WAR
641680,16930,Jonah Heim,2025,34937313,mlb_surplus,1.9 WAR
641680,16930,Jonah Heim,2026,7331844,mlb_surplus,1.0 WAR
641743,20387,Anthony Kay,2017,15000000,prospect,FV 45
641743,20387,Anthony Kay,2018,30000000,prospect,FV 50
641743,20387,Anthony Kay,2019,30000000,prospect,FV 50
641743,20387,Anthony Kay,2026,-10000000,mlb_surplus,Trade Value
641745,15734,Brad Keller,2016,15000000,prospect,FV 45
641745,15734,Brad Keller,2017,15000000,prospect,FV 45
641745,15734,Brad Keller,2019,88351480,mlb_surplus,2.2 WAR
641745,15734,Brad Keller,2020,127668536,mlb_surplus,2.3 WAR
641745,15734,Brad Keller,2021,118627203,mlb_surplus,2.2 WAR
641745,15734,Brad Keller,2022,97844534,mlb_surplus,1.8 WAR
641745,15734,Brad Keller,2023,59552771,mlb_surplus,0.5 WAR
641745,15734,Brad Keller,2025,107237864,mlb_surplus,1.3 WAR
641745,15734,Brad Keller,2026,-11796425,mlb_surplus,0.6 WAR
641755,18297,Tyler Kinley,2020,64025283,mlb_surplus,0.4 WAR
641755,18297,Tyler Kinley,2021,79838944,mlb_surplus,0.7 WAR
641755,18297,Tyler Kinley,2022,76577463,mlb_surplus,0.9 WAR
641755,18297,Tyler Kinley,2023,67605426,mlb_surplus,0.8 WAR
641755,18297,Tyler Kinley,2024,70567228,mlb_surplus,0.8 WAR
641755,18297,Tyler Kinley,2025,104663350,mlb_surplus,0.9 WAR
641755,18297,Tyler Kinley,2026,4221143,mlb_surplus,0.7 WAR
641778,19316,Eric Lauer,2017,30000000,prospect,FV 50
641778,19316,Eric Lauer,2018,30000000,prospect,FV 50
641778,19316,Eric Lauer,2019,142545078,mlb_surplus,2.2 WAR
641778,19316,Eric Lauer,2020,142046968,mlb_surplus,1.9 WAR
641778,19316,Eric Lauer,2022,119754317,mlb_surplus,1.7 WAR
641778,19316,Eric Lauer,2023,87742212,mlb_surplus,1.4 WAR
641778,19316,Eric Lauer,2026,-35300,mlb_surplus,0.6 WAR
641816,16358,Tyler Mahle,2016,30000000,prospect,FV 50
641816,16358,Tyler Mahle,2017,50000000,prospect,FV 55
641816,16358,Tyler Mahle,2018,54040404,prospect,"FV 55, #84"
641816,16358,Tyler Mahle,2019,229196970,mlb_surplus,1.8 WAR
641816,16358,Tyler Mahle,2020,231467058,mlb_surplus,1.7 WAR
641816,16358,Tyler Mahle,2021,248922707,mlb_surplus,3.5 WAR
641816,16358,Tyler Mahle,2022,215007409,mlb_surplus,2.3 WAR
641816,16358,Tyler Mahle,2023,179807673,mlb_surplus,2.3 WAR
641816,16358,Tyler Mahle,2026,14198736,mlb_surplus,2.1 WAR
641857,15112,Ryan McMahon,2014,33030303,prospect,"FV 50, #80"
641857,15112,Ryan McMahon,2015,50000000,prospect,FV 55
641857,15112,Ryan McMahon,2016,37878788,prospect,"FV 50, #48"
641857,15112,Ryan McMahon,2017,50000000,prospect,FV 55
641857,15112,Ryan McMahon,2018,64898990,prospect,"FV 55, #41"
641857,15112,Ryan McMahon,2019,177069482,mlb_surplus,0.8 WAR
641857,15112,Ryan McMahon,2020,192030482,mlb_surplus,1.4 WAR
641857,15112,Ryan McMahon,2021,208349671,mlb_surplus,2.5 WAR
641857,15112,Ryan McMahon,2022,124968373,mlb_surplus,3.1 WAR
641857,15112,Ryan McMahon,2023,99057700,mlb_surplus,2.7 WAR
641857,15112,Ryan McMahon,2024,105193929,mlb_surplus,2.7 WAR
641857,15112,Ryan McMahon,2025,222478016,mlb_surplus,1.9 WAR
641857,15112,Ryan McMahon,2026,99685,mlb_surplus,1.7 WAR
641927,21224,Bailey Ober,2022,199052536,mlb_surplus,1.5 WAR
641927,21224,Bailey Ober,2023,185841497,mlb_surplus,2.5 WAR
641927,21224,Bailey Ober,2024,176710225,mlb_surplus,3.0 WAR
641927,21224,Bailey Ober,2025,225198971,mlb_surplus,2.2 WAR
641927,21224,Bailey Ober,2026,16459418,mlb_surplus,1.4 WAR
641933,15711,Tyler O'Neill,2014,15000000,prospect,FV 45
641933,15711,Tyler O'Neill,2015,15000000,prospect,FV 45
641933,15711,Tyler O'Neill,2016,50000000,prospect,FV 55
641933,15711,Tyler O'Neill,2017,66161616,prospect,"FV 55, #36"
641933,15711,Tyler O'Neill,2018,51515152,prospect,"FV 55, #94"
641933,15711,Tyler O'Neill,2019,117013768,mlb_surplus,1.3 WAR
641933,15711,Tyler O'Neill,2020,106944743,mlb_surplus,0.3 WAR
641933,15711,Tyler O'Neill,2021,106834983,mlb_surplus,5.3 WAR
641933,15711,Tyler O'Neill,2022,56614895,mlb_surplus,2.1 WAR
641933,15711,Tyler O'Neill,2023,50534588,mlb_surplus,3.1 WAR
641933,15711,Tyler O'Neill,2024,22133788,mlb_surplus,2.6 WAR
641933,15711,Tyler O'Neill,2025,-41580089,mlb_surplus,0.9 WAR
641933,15711,Tyler O'Neill,2026,-32811100,mlb_surplus,0.1 WAR
641941,14771,Emilio Pagan,2018,70671492,mlb_surplus,0.8 WAR
641941,14771,Emilio Pagan,2019,92754933,mlb_surplus,1.5 WAR
641941,14771,Emilio Pagan,2020,92106912,mlb_surplus,0.7 WAR
641941,14771,Emilio Pagan,2021,104121365,mlb_surplus,0.7 WAR
641941,14771,Emilio Pagan,2022,102372787,mlb_surplus,0.6 WAR
641941,14771,Emilio Pagan,2026,-2647908,mlb_surplus,0.9 WAR
642100,17170,Gabe Speier,2023,94956734,mlb_surplus,0.7 WAR
642100,17170,Gabe Speier,2024,101792287,mlb_surplus,0.7 WAR
642100,17170,Gabe Speier,2025,144521538,mlb_surplus,1.7 WAR
642100,17170,Gabe Speier,2026,13117768,mlb_surplus,1.1 WAR
642121,15256,Cole Sulser,2021,68668315,mlb_surplus,1.5 WAR
642121,15256,Cole Sulser,2022,61213812,mlb_surplus,0.6 WAR
642121,15256,Cole Sulser,2023,52866639,mlb_surplus,0.7 WAR
642121,15256,Cole Sulser,2026,4419038,mlb_surplus,0.6 WAR
642201,19346,Eli White,2019,7000000,prospect,FV 40
642201,19346,Eli White,2022,2840100,mlb_surplus,0.7 WAR
642201,19346,Eli White,2023,1460956,mlb_surplus,0.4 WAR
642201,19346,Eli White,2026,0,mlb_surplus,Trade Value
642207,15816,Devin Williams,2014,30000000,prospect,FV 50
642207,15816,Devin Williams,2015,30000000,prospect,FV 50
642207,15816,Devin Williams,2016,30000000,prospect,FV 50
642207,15816,Devin Williams,2017,15000000,prospect,FV 45
642207,15816,Devin Williams,2021,153313866,mlb_surplus,1.4 WAR
642207,15816,Devin Williams,2022,143045957,mlb_surplus,2.2 WAR
642207,15816,Devin Williams,2023,115807474,mlb_surplus,1.8 WAR
642207,15816,Devin Williams,2024,107480176,mlb_surplus,1.1 WAR
642207,15816,Devin Williams,2025,143494333,mlb_surplus,1.4 WAR
642207,15816,Devin Williams,2026,1450596,mlb_surplus,1.4 WAR
642232,16502,Ryan Yarbrough,2015,15000000,prospect,FV 45
642232,16502,Ryan Yarbrough,2016,15000000,prospect,FV 45
642232,16502,Ryan Yarbrough,2017,15000000,prospect,FV 45
642232,16502,Ryan Yarbrough,2018,15000000,prospect,FV 45
642232,16502,Ryan Yarbrough,2019,59185204,mlb_surplus,2.6 WAR
642232,16502,Ryan Yarbrough,2020,42895287,mlb_surplus,1.0 WAR
642232,16502,Ryan Yarbrough,2021,72342885,mlb_surplus,1.7 WAR
642232,16502,Ryan Yarbrough,2022,32688798,mlb_surplus,0.5 WAR
642232,16502,Ryan Yarbrough,2023,25757834,mlb_surplus,0.9 WAR
642232,16502,Ryan Yarbrough,2024,24368935,mlb_surplus,0.4 WAR
642232,16502,Ryan Yarbrough,2025,45815717,mlb_surplus,0.3 WAR
642232,16502,Ryan Yarbrough,2026,-1313822,mlb_surplus,0.2 WAR
642239,15094,Rob Zastryzny,2015,19848485,prospect,"FV 45, #36"
642239,15094,Rob Zastryzny,2017,15000000,prospect,FV 45
642239,15094,Rob Zastryzny,2024,63612029,mlb_surplus,0.6 WAR
642239,15094,Rob Zastryzny,2026,12044006,mlb_surplus,0.8 WAR
642397,19677,Gregory Soto,2018,15000000,prospect,FV 45
642397,19677,Gregory Soto,2019,7000000,prospect,FV 40
642397,19677,Gregory Soto,2020,70000513,mlb_surplus,0.3 WAR
642397,19677,Gregory Soto,2021,85984349,mlb_surplus,0.4 WAR
642397,19677,Gregory Soto,2022,84551622,mlb_surplus,0.6 WAR
642397,19677,Gregory Soto,2023,73534089,mlb_surplus,0.9 WAR
642397,19677,Gregory Soto,2024,76569337,mlb_surplus,0.7 WAR
642397,19677,Gregory Soto,2025,115025542,mlb_surplus,0.7 WAR
642397,19677,Gregory Soto,2026,499342,mlb_surplus,0.9 WAR
642547,18679,Freddy Peralta,2016,15000000,prospect,FV 45
642547,18679,Freddy Peralta,2017,30000000,prospect,FV 50
642547,18679,Freddy Peralta,2018,50000000,prospect,FV 55
642547,18679,Freddy Peralta,2019,324992716,mlb_surplus,1.6 WAR
642547,18679,Freddy Peralta,2020,316392858,mlb_surplus,0.9 WAR
642547,18679,Freddy Peralta,2021,332068782,mlb_surplus,3.8 WAR
642547,18679,Freddy Peralta,2022,307712714,mlb_surplus,2.6 WAR
642547,18679,Freddy Peralta,2023,282301547,mlb_surplus,3.1 WAR
642547,18679,Freddy Peralta,2024,252759131,mlb_surplus,2.7 WAR
642547,18679,Freddy Peralta,2025,261071396,mlb_surplus,3.6 WAR
642547,18679,Freddy Peralta,2026,19463072,mlb_surplus,2.3 WAR
642585,20666,Felix Bautista,2022,7000000,prospect,FV 40
642585,20666,Felix Bautista,2023,100342725,mlb_surplus,2.8 WAR
642585,20666,Felix Bautista,2024,80629016,mlb_surplus,1.0 WAR
642585,20666,Felix Bautista,2025,117862753,mlb_surplus,1.0 WAR
642585,20666,Felix Bautista,2026,10986880,mlb_surplus,1.0 WAR
642701,17878,Dennis Santana,2017,30000000,prospect,FV 50
642701,17878,Dennis Santana,2018,50000000,prospect,FV 55
642701,17878,Dennis Santana,2019,30000000,prospect,FV 50
642701,17878,Dennis Santana,2022,103564852,mlb_surplus,0.7 WAR
642701,17878,Dennis Santana,2023,91898356,mlb_surplus,0.6 WAR
642701,17878,Dennis Santana,2025,132454777,mlb_surplus,1.2 WAR
642701,17878,Dennis Santana,2026,6573802,mlb_surplus,1.1 WAR
642708,15518,Amed Rosario,2014,30000000,prospect,FV 50
642708,15518,Amed Rosario,2015,50000000,prospect,FV 55
642708,15518,Amed Rosario,2016,77424242,prospect,"FV 60, #79"
642708,15518,Amed Rosario,2017,133181818,prospect,"FV 65, #5"
642708,15518,Amed Rosario,2018,92614519,mlb_surplus,0.4 WAR
642708,15518,Amed Rosario,2019,118300469,mlb_surplus,1.9 WAR
642708,15518,Amed Rosario,2020,105346689,mlb_surplus,2.6 WAR
642708,15518,Amed Rosario,2021,70450407,mlb_surplus,2.8 WAR
642708,15518,Amed Rosario,2022,47822155,mlb_surplus,3.1 WAR
642708,15518,Amed Rosario,2023,29335739,mlb_surplus,3.1 WAR
642708,15518,Amed Rosario,2024,32000470,mlb_surplus,2.7 WAR
642708,15518,Amed Rosario,2025,19672681,mlb_surplus,1.2 WAR
642708,15518,Amed Rosario,2026,-2037204,mlb_surplus,0.1 WAR
642715,15986,Willy Adames,2015,55808081,prospect,"FV 55, #77"
642715,15986,Willy Adames,2016,54797980,prospect,"FV 55, #81"
642715,15986,Willy Adames,2017,69949495,prospect,"FV 55, #21"
642715,15986,Willy Adames,2018,69696970,prospect,"FV 55, #22"
642715,15986,Willy Adames,2019,513263255,mlb_surplus,3.3 WAR
642715,15986,Willy Adames,2020,518953538,mlb_surplus,2.3 WAR
642715,15986,Willy Adames,2021,561368445,mlb_surplus,3.1 WAR
642715,15986,Willy Adames,2022,527282208,mlb_surplus,4.4 WAR
642715,15986,Willy Adames,2023,436652135,mlb_surplus,3.4 WAR
642715,15986,Willy Adames,2024,428743392,mlb_surplus,4.8 WAR
642715,15986,Willy Adames,2025,418500255,mlb_surplus,4.0 WAR
642715,15986,Willy Adames,2026,64836909,mlb_surplus,4.0 WAR
642759,18341,Julian Fernández,2026,0,mlb_surplus,Trade Value
642851,15271,Austin Wynns,2018,15000000,prospect,FV 45
642851,15271,Austin Wynns,2019,103111206,mlb_surplus,2.5 WAR
642851,15271,Austin Wynns,2020,78883400,mlb_surplus,2.2 WAR
642851,15271,Austin Wynns,2022,25925480,mlb_surplus,1.4 WAR
642851,15271,Austin Wynns,2023,4927871,mlb_surplus,0.1 WAR
642851,15271,Austin Wynns,2024,7050267,mlb_surplus,0.4 WAR
642851,15271,Austin Wynns,2026,0,mlb_surplus,Trade Value
643217,17901,Andrew Benintendi,2016,124090909,prospect,"FV 65, #25"
643217,17901,Andrew Benintendi,2017,94976781,mlb_surplus,1.9 WAR
643217,17901,Andrew Benintendi,2018,147892445,mlb_surplus,4.4 WAR
643217,17901,Andrew Benintendi,2019,145294778,mlb_surplus,4.0 WAR
643217,17901,Andrew Benintendi,2020,73325256,mlb_surplus,3.0 WAR
643217,17901,Andrew Benintendi,2022,12294980,mlb_surplus,2.0 WAR
643217,17901,Andrew Benintendi,2023,-51898726,mlb_surplus,1.1 WAR
643217,17901,Andrew Benintendi,2024,-25704888,mlb_surplus,1.7 WAR
643217,17901,Andrew Benintendi,2025,-31540725,mlb_surplus,0.9 WAR
643217,17901,Andrew Benintendi,2026,-31537332,mlb_surplus,0.1 WAR
643289,16530,Mauricio Dubon,2015,15000000,prospect,FV 45
643289,16530,Mauricio Dubon,2016,30000000,prospect,FV 50
643289,16530,Mauricio Dubon,2017,30000000,prospect,FV 50
643289,16530,Mauricio Dubon,2018,15000000,prospect,FV 45
643289,16530,Mauricio Dubon,2019,30000000,prospect,FV 50
643289,16530,Mauricio Dubon,2020,55292199,mlb_surplus,0.8 WAR
643289,16530,Mauricio Dubon,2021,82848205,mlb_surplus,2.1 WAR
643289,16530,Mauricio Dubon,2022,53916794,mlb_surplus,0.6 WAR
643289,16530,Mauricio Dubon,2023,59674574,mlb_surplus,2.1 WAR
643289,16530,Mauricio Dubon,2024,36471779,mlb_surplus,1.1 WAR
643289,16530,Mauricio Dubon,2026,0,mlb_surplus,0.7 WAR
643376,16535,Danny Jansen,2015,15000000,prospect,FV 45
643376,16535,Danny Jansen,2016,15000000,prospect,FV 45
643376,16535,Danny Jansen,2017,15000000,prospect,FV 45
643376,16535,Danny Jansen,2018,50000000,prospect,FV 55
643376,16535,Danny Jansen,2019,152129415,mlb_surplus,2.5 WAR
643376,16535,Danny Jansen,2020,233992654,mlb_surplus,4.0 WAR
643376,16535,Danny Jansen,2021,264692838,mlb_surplus,5.3 WAR
643376,16535,Danny Jansen,2022,152878128,mlb_surplus,4.4 WAR
643376,16535,Danny Jansen,2023,128026261,mlb_surplus,4.8 WAR
643376,16535,Danny Jansen,2024,67866224,mlb_surplus,3.8 WAR
643376,16535,Danny Jansen,2025,79576937,mlb_surplus,3.4 WAR
643376,16535,Danny Jansen,2026,2964752,mlb_surplus,1.3 WAR
643377,20253,Griffin Jax,2017,15000000,prospect,FV 45
643377,20253,Griffin Jax,2019,15000000,prospect,FV 45
643377,20253,Griffin Jax,2022,158125426,mlb_surplus,0.9 WAR
643377,20253,Griffin Jax,2023,141698796,mlb_surplus,1.2 WAR
643377,20253,Griffin Jax,2024,142789865,mlb_surplus,2.6 WAR
643377,20253,Griffin Jax,2025,164689772,mlb_surplus,1.7 WAR
643377,20253,Griffin Jax,2026,17664994,mlb_surplus,1.4 WAR
643396,16512,Isiah Kiner-Falefa,2018,15000000,prospect,FV 45
643396,16512,Isiah Kiner-Falefa,2019,91398530,mlb_surplus,1.8 WAR
643396,16512,Isiah Kiner-Falefa,2020,68266904,mlb_surplus,1.5 WAR
643396,16512,Isiah Kiner-Falefa,2021,54443904,mlb_surplus,1.6 WAR
643396,16512,Isiah Kiner-Falefa,2022,61573698,mlb_surplus,2.0 WAR
643396,16512,Isiah Kiner-Falefa,2023,46700366,mlb_surplus,2.5 WAR
643396,16512,Isiah Kiner-Falefa,2024,25664916,mlb_surplus,2.1 WAR
643396,16512,Isiah Kiner-Falefa,2025,4534109,mlb_surplus,1.3 WAR
643396,16512,Isiah Kiner-Falefa,2026,-6000000,mlb_surplus,Trade Value
643410,15551,Mark Leiter Jr.,2018,57057314,mlb_surplus,0.5 WAR
643410,15551,Mark Leiter Jr.,2019,84953407,mlb_surplus,0.4 WAR
643410,15551,Mark Leiter Jr.,2020,92630156,mlb_surplus,0.4 WAR
643410,15551,Mark Leiter Jr.,2023,96162463,mlb_surplus,0.6 WAR
643410,15551,Mark Leiter Jr.,2024,104475276,mlb_surplus,1.1 WAR
643410,15551,Mark Leiter Jr.,2025,145105206,mlb_surplus,0.7 WAR
643410,15551,Mark Leiter Jr.,2026,7121814,mlb_surplus,1.1 WAR
643446,15362,Jeff McNeil,2019,297739565,mlb_surplus,4.8 WAR
643446,15362,Jeff McNeil,2020,213072410,mlb_surplus,2.7 WAR
643446,15362,Jeff McNeil,2021,203306115,mlb_surplus,1.8 WAR
643446,15362,Jeff McNeil,2022,188183289,mlb_surplus,5.5 WAR
643446,15362,Jeff McNeil,2023,68470819,mlb_surplus,2.4 WAR
643446,15362,Jeff McNeil,2024,60178450,mlb_surplus,1.3 WAR
643446,15362,Jeff McNeil,2025,103307300,mlb_surplus,2.1 WAR
643446,15362,Jeff McNeil,2026,-518285,mlb_surplus,1.5 WAR
643511,15541,Tyler Rogers,2020,97503211,mlb_surplus,0.8 WAR
643511,15541,Tyler Rogers,2021,109176302,mlb_surplus,1.3 WAR
643511,15541,Tyler Rogers,2022,101694314,mlb_surplus,0.8 WAR
643511,15541,Tyler Rogers,2023,89215770,mlb_surplus,0.9 WAR
643511,15541,Tyler Rogers,2024,90929408,mlb_surplus,0.7 WAR
643511,15541,Tyler Rogers,2025,129481852,mlb_surplus,1.3 WAR
643511,15541,Tyler Rogers,2026,-7879370,mlb_surplus,1.0 WAR
645261,18684,Sandy Alcantara,2016,30000000,prospect,FV 50
645261,18684,Sandy Alcantara,2017,30000000,prospect,FV 50
645261,18684,Sandy Alcantara,2018,30000000,prospect,FV 50
645261,18684,Sandy Alcantara,2019,30000000,prospect,FV 50
645261,18684,Sandy Alcantara,2020,339689131,mlb_surplus,1.3 WAR
645261,18684,Sandy Alcantara,2021,373914642,mlb_surplus,4.0 WAR
645261,18684,Sandy Alcantara,2022,301053905,mlb_surplus,5.9 WAR
645261,18684,Sandy Alcantara,2023,249958600,mlb_surplus,3.1 WAR
645261,18684,Sandy Alcantara,2024,214357675,mlb_surplus,2.5 WAR
645261,18684,Sandy Alcantara,2025,292638261,mlb_surplus,2.5 WAR
645261,18684,Sandy Alcantara,2026,7478465,mlb_surplus,2.1 WAR
645277,16556,Ozzie Albies,2015,50000000,prospect,FV 55
645277,16556,Ozzie Albies,2016,95101010,prospect,"FV 60, #29"
645277,16556,Ozzie Albies,2017,72474747,prospect,"FV 55, #11"
645277,16556,Ozzie Albies,2018,464910654,mlb_surplus,5.6 WAR
645277,16556,Ozzie Albies,2019,371270731,mlb_surplus,4.2 WAR
645277,16556,Ozzie Albies,2020,354862448,mlb_surplus,3.9 WAR
645277,16556,Ozzie Albies,2021,217392413,mlb_surplus,3.7 WAR
645277,16556,Ozzie Albies,2022,279653893,mlb_surplus,3.8 WAR
645277,16556,Ozzie Albies,2023,166066270,mlb_surplus,4.1 WAR
645277,16556,Ozzie Albies,2024,166605300,mlb_surplus,2.9 WAR
645277,16556,Ozzie Albies,2025,151437837,mlb_surplus,2.7 WAR
645277,16556,Ozzie Albies,2026,25653254,mlb_surplus,1.9 WAR
645302,18363,Victor Robles,2015,30000000,prospect,FV 50
645302,18363,Victor Robles,2016,83080808,prospect,"FV 60, #63"
645302,18363,Victor Robles,2017,102525253,prospect,"FV 60, #8"
645302,18363,Victor Robles,2018,132727273,prospect,"FV 65, #6"
645302,18363,Victor Robles,2019,133636364,prospect,"FV 65, #4"
645302,18363,Victor Robles,2020,153491460,mlb_surplus,2.9 WAR
645302,18363,Victor Robles,2021,77271319,mlb_surplus,1.4 WAR
645302,18363,Victor Robles,2022,71329421,mlb_surplus,2.5 WAR
645302,18363,Victor Robles,2023,33220736,mlb_surplus,0.5 WAR
645302,18363,Victor Robles,2024,32754179,mlb_surplus,3.1 WAR
645302,18363,Victor Robles,2025,38838083,mlb_surplus,1.9 WAR
645302,18363,Victor Robles,2026,-5125000,mlb_surplus,Trade Value
646240,17350,Rafael Devers,2014,31666667,prospect,"FV 50, #89"
646240,17350,Rafael Devers,2015,71414141,prospect,"FV 60, #96"
646240,17350,Rafael Devers,2016,70959596,prospect,"FV 55, #17"
646240,17350,Rafael Devers,2017,99343434,prospect,"FV 60, #17"
646240,17350,Rafael Devers,2018,411106402,mlb_surplus,0.9 WAR
646240,17350,Rafael Devers,2019,421063355,mlb_surplus,6.5 WAR
646240,17350,Rafael Devers,2020,355871057,mlb_surplus,3.8 WAR
646240,17350,Rafael Devers,2021,318069149,mlb_surplus,4.2 WAR
646240,17350,Rafael Devers,2022,278730984,mlb_surplus,5.0 WAR
646240,17350,Rafael Devers,2023,214655953,mlb_surplus,3.8 WAR
646240,17350,Rafael Devers,2024,-41860662,mlb_surplus,4.6 WAR
646240,17350,Rafael Devers,2026,-143288409,mlb_surplus,2.9 WAR
647304,18839,Josh Naylor,2016,50000000,prospect,FV 55
647304,18839,Josh Naylor,2017,30000000,prospect,FV 50
647304,18839,Josh Naylor,2018,30000000,prospect,FV 50
647304,18839,Josh Naylor,2019,50000000,prospect,FV 55
647304,18839,Josh Naylor,2020,184075547,mlb_surplus,0.1 WAR
647304,18839,Josh Naylor,2021,191972403,mlb_surplus,1.4 WAR
647304,18839,Josh Naylor,2022,182761976,mlb_surplus,1.9 WAR
647304,18839,Josh Naylor,2023,165605540,mlb_surplus,2.7 WAR
647304,18839,Josh Naylor,2024,137043708,mlb_surplus,2.3 WAR
647304,18839,Josh Naylor,2025,107775966,mlb_surplus,3.1 WAR
647304,18839,Josh Naylor,2026,-12466365,mlb_surplus,2.5 WAR
647315,20185,Zach Pop,2022,15582047,mlb_surplus,0.6 WAR
647315,20185,Zach Pop,2023,19181223,mlb_surplus,0.8 WAR
647315,20185,Zach Pop,2025,2680464,mlb_surplus,0.5 WAR
647315,20185,Zach Pop,2026,-900000,mlb_surplus,Trade Value
647336,18383,Michael Soroka,2016,50000000,prospect,FV 55
647336,18383,Michael Soroka,2017,55555556,prospect,"FV 55, #78"
647336,18383,Michael Soroka,2018,94393939,prospect,"FV 60, #31"
647336,18383,Michael Soroka,2019,69191919,prospect,"FV 55, #24"
647336,18383,Michael Soroka,2020,156736460,mlb_surplus,2.7 WAR
647336,18383,Michael Soroka,2025,107065915,mlb_surplus,1.1 WAR
647336,18383,Michael Soroka,2026,-1505359,mlb_surplus,0.6 WAR
650333,18568,Luis Arraez,2017,15000000,prospect,FV 45
650333,18568,Luis Arraez,2018,15000000,prospect,FV 45
650333,18568,Luis Arraez,2019,15000000,prospect,FV 45
650333,18568,Luis Arraez,2020,137409672,mlb_surplus,2.5 WAR
650333,18568,Luis Arraez,2021,195262700,mlb_surplus,4.2 WAR
650333,18568,Luis Arraez,2022,105731547,mlb_surplus,2.7 WAR
650333,18568,Luis Arraez,2023,54836347,mlb_surplus,3.4 WAR
650333,18568,Luis Arraez,2024,49134437,mlb_surplus,2.8 WAR
650333,18568,Luis Arraez,2025,-1553662,mlb_surplus,0.9 WAR
650333,18568,Luis Arraez,2026,-7827713,mlb_surplus,0.6 WAR
650402,16997,Gleyber Torres,2014,15000000,prospect,FV 45
650402,16997,Gleyber Torres,2015,50000000,prospect,FV 55
650402,16997,Gleyber Torres,2016,68181818,prospect,"FV 55, #28"
650402,16997,Gleyber Torres,2017,134090909,prospect,"FV 65, #3"
650402,16997,Gleyber Torres,2018,133181818,prospect,"FV 65, #5"
650402,16997,Gleyber Torres,2019,333600554,mlb_surplus,3.4 WAR
650402,16997,Gleyber Torres,2020,331961457,mlb_surplus,3.1 WAR
650402,16997,Gleyber Torres,2021,327348586,mlb_surplus,3.3 WAR
650402,16997,Gleyber Torres,2022,297453640,mlb_surplus,3.7 WAR
650402,16997,Gleyber Torres,2023,241679732,mlb_surplus,3.7 WAR
650402,16997,Gleyber Torres,2024,219732062,mlb_surplus,3.6 WAR
650402,16997,Gleyber Torres,2025,213907446,mlb_surplus,2.6 WAR
650402,16997,Gleyber Torres,2026,13494903,mlb_surplus,2.8 WAR
650489,17338,Willi Castro,2015,15000000,prospect,FV 45
650489,17338,Willi Castro,2016,15000000,prospect,FV 45
650489,17338,Willi Castro,2017,30000000,prospect,FV 50
650489,17338,Willi Castro,2018,30000000,prospect,FV 50
650489,17338,Willi Castro,2019,30000000,prospect,FV 50
650489,17338,Willi Castro,2020,76393836,mlb_surplus,1.2 WAR
650489,17338,Willi Castro,2021,71857378,mlb_surplus,0.7 WAR
650489,17338,Willi Castro,2022,72820263,mlb_surplus,0.8 WAR
650489,17338,Willi Castro,2023,72088926,mlb_surplus,2.5 WAR
650489,17338,Willi Castro,2024,38069592,mlb_surplus,2.9 WAR
650489,17338,Willi Castro,2025,37639144,mlb_surplus,2.8 WAR
650490,16578,Yandy Diaz,2016,15000000,prospect,FV 45
650490,16578,Yandy Diaz,2017,30000000,prospect,FV 50
650490,16578,Yandy Diaz,2018,281887986,mlb_surplus,3.6 WAR
650490,16578,Yandy Diaz,2019,204373870,mlb_surplus,1.5 WAR
650490,16578,Yandy Diaz,2020,233413524,mlb_surplus,3.4 WAR
650490,16578,Yandy Diaz,2021,186099509,mlb_surplus,1.7 WAR
650490,16578,Yandy Diaz,2022,175349800,mlb_surplus,3.9 WAR
650556,16609,Bryan Abreu,2019,15000000,prospect,FV 45
650556,16609,Bryan Abreu,2020,30000000,prospect,FV 50
650556,16609,Bryan Abreu,2022,132541985,mlb_surplus,1.4 WAR
650556,16609,Bryan Abreu,2023,113098042,mlb_surplus,1.5 WAR
650556,16609,Bryan Abreu,2024,109095961,mlb_surplus,1.0 WAR
650556,16609,Bryan Abreu,2025,143708542,mlb_surplus,2.2 WAR
650556,16609,Bryan Abreu,2026,6856657,mlb_surplus,1.3 WAR
650633,19853,Michael King,2019,15000000,prospect,FV 45
650633,19853,Michael King,2022,256622623,mlb_surplus,1.7 WAR
650633,19853,Michael King,2023,231114781,mlb_surplus,2.2 WAR
650633,19853,Michael King,2024,220844214,mlb_surplus,3.9 WAR
650633,19853,Michael King,2025,266812285,mlb_surplus,3.0 WAR
650633,19853,Michael King,2026,7784773,mlb_surplus,2.4 WAR
650644,19479,Aaron Civale,2017,30000000,prospect,FV 50
650644,19479,Aaron Civale,2018,15000000,prospect,FV 45
650644,19479,Aaron Civale,2019,7000000,prospect,FV 40
650644,19479,Aaron Civale,2020,139866851,mlb_surplus,2.0 WAR
650644,19479,Aaron Civale,2021,151106429,mlb_surplus,2.2 WAR
650644,19479,Aaron Civale,2022,103698723,mlb_surplus,1.3 WAR
650644,19479,Aaron Civale,2023,101293748,mlb_surplus,2.6 WAR
650644,19479,Aaron Civale,2024,82812290,mlb_surplus,1.9 WAR
650644,19479,Aaron Civale,2025,89508182,mlb_surplus,1.1 WAR
650644,19479,Aaron Civale,2026,-848133,mlb_surplus,0.7 WAR
650859,19858,Luis Rengifo,2019,30000000,prospect,FV 50
650859,19858,Luis Rengifo,2020,175521548,mlb_surplus,2.7 WAR
650859,19858,Luis Rengifo,2021,188364304,mlb_surplus,3.1 WAR
650859,19858,Luis Rengifo,2022,169835669,mlb_surplus,2.6 WAR
650859,19858,Luis Rengifo,2023,92365279,mlb_surplus,1.7 WAR
650859,19858,Luis Rengifo,2024,89466674,mlb_surplus,2.8 WAR
650859,19858,Luis Rengifo,2025,120689555,mlb_surplus,1.3 WAR
650859,19858,Luis Rengifo,2026,4215850,mlb_surplus,0.8 WAR
650911,20778,Cristopher Sanchez,2020,15000000,prospect,FV 45
650911,20778,Cristopher Sanchez,2021,15000000,prospect,FV 45
650911,20778,Cristopher Sanchez,2022,7000000,prospect,FV 40
650911,20778,Cristopher Sanchez,2023,490696406,mlb_surplus,1.8 WAR
650911,20778,Cristopher Sanchez,2024,490993582,mlb_surplus,4.7 WAR
650911,20778,Cristopher Sanchez,2025,509714350,mlb_surplus,6.4 WAR
650911,20778,Cristopher Sanchez,2026,175611436,mlb_surplus,3.7 WAR
650968,18848,Yohel Pozo,2022,12402301,mlb_surplus,5yr ctrl
650968,18848,Yohel Pozo,2026,9873669,mlb_surplus,1.1 WAR
655316,19455,Andruw Monasterio,2024,54261179,mlb_surplus,1.9 WAR
655316,19455,Andruw Monasterio,2025,96723924,mlb_surplus,1.6 WAR
655316,19455,Andruw Monasterio,2026,0,mlb_surplus,0.1 WAR
656234,21267,Jake Bird,2023,65352008,mlb_surplus,1.5 WAR
656234,21267,Jake Bird,2024,62471092,mlb_surplus,0.8 WAR
656234,21267,Jake Bird,2025,95619270,mlb_surplus,0.8 WAR
656234,21267,Jake Bird,2026,8685079,mlb_surplus,0.6 WAR
656271,17968,Brock Burke,2019,30000000,prospect,FV 50
656271,17968,Brock Burke,2023,66522373,mlb_surplus,0.6 WAR
656271,17968,Brock Burke,2024,70330134,mlb_surplus,0.6 WAR
656271,17968,Brock Burke,2025,107816025,mlb_surplus,0.6 WAR
656271,17968,Brock Burke,2026,4728324,mlb_surplus,0.8 WAR
656288,19867,Griffin Canning,2018,50000000,prospect,FV 55
656288,19867,Griffin Canning,2019,59343434,prospect,"FV 55, #63"
656288,19867,Griffin Canning,2020,226083802,mlb_surplus,2.1 WAR
656288,19867,Griffin Canning,2021,240495427,mlb_surplus,2.0 WAR
656288,19867,Griffin Canning,2022,201123561,mlb_surplus,1.5 WAR
656288,19867,Griffin Canning,2023,165961628,mlb_surplus,1.8 WAR
656288,19867,Griffin Canning,2024,164492381,mlb_surplus,1.7 WAR
656288,19867,Griffin Canning,2025,218500037,mlb_surplus,0.9 WAR
656288,19867,Griffin Canning,2026,8999514,mlb_surplus,1.1 WAR
656302,18525,Dylan Cease,2015,44393939,prospect,"FV 50, #5"
656302,18525,Dylan Cease,2016,50000000,prospect,FV 55
656302,18525,Dylan Cease,2017,55808081,prospect,"FV 55, #77"
656302,18525,Dylan Cease,2018,59848485,prospect,"FV 55, #61"
656302,18525,Dylan Cease,2019,69949495,prospect,"FV 55, #21"
656302,18525,Dylan Cease,2020,486574062,mlb_surplus,1.6 WAR
656302,18525,Dylan Cease,2021,519855979,mlb_surplus,4.7 WAR
656302,18525,Dylan Cease,2022,460822444,mlb_surplus,4.4 WAR
656302,18525,Dylan Cease,2023,386228725,mlb_surplus,3.6 WAR
656302,18525,Dylan Cease,2024,360726688,mlb_surplus,4.7 WAR
656302,18525,Dylan Cease,2025,379272139,mlb_surplus,3.4 WAR
656302,18525,Dylan Cease,2026,18624133,mlb_surplus,2.8 WAR
656305,16505,Matt Chapman,2015,30000000,prospect,FV 50
656305,16505,Matt Chapman,2016,50000000,prospect,FV 55
656305,16505,Matt Chapman,2017,50000000,prospect,"FV 55, #100"
656305,16505,Matt Chapman,2018,473752281,mlb_surplus,6.4 WAR
656305,16505,Matt Chapman,2019,447331429,mlb_surplus,5.4 WAR
656305,16505,Matt Chapman,2020,412397765,mlb_surplus,4.1 WAR
656305,16505,Matt Chapman,2021,407364658,mlb_surplus,4.1 WAR
656305,16505,Matt Chapman,2022,351296203,mlb_surplus,3.9 WAR
656305,16505,Matt Chapman,2023,302613343,mlb_surplus,3.1 WAR
656305,16505,Matt Chapman,2024,243567004,mlb_surplus,5.4 WAR
656305,16505,Matt Chapman,2025,223920766,mlb_surplus,3.7 WAR
656305,16505,Matt Chapman,2026,-17373218,mlb_surplus,2.6 WAR
656427,17479,Jack Flaherty,2015,50000000,prospect,FV 55
656427,17479,Jack Flaherty,2016,55050505,prospect,"FV 55, #80"
656427,17479,Jack Flaherty,2017,50000000,prospect,FV 55
656427,17479,Jack Flaherty,2018,65656566,prospect,"FV 55, #38"
656427,17479,Jack Flaherty,2019,336975028,mlb_surplus,4.9 WAR
656427,17479,Jack Flaherty,2020,305872416,mlb_surplus,2.3 WAR
656427,17479,Jack Flaherty,2021,302511288,mlb_surplus,2.1 WAR
656427,17479,Jack Flaherty,2022,278756789,mlb_surplus,2.0 WAR
656427,17479,Jack Flaherty,2023,246098791,mlb_surplus,1.8 WAR
656427,17479,Jack Flaherty,2024,233400370,mlb_surplus,3.3 WAR
656427,17479,Jack Flaherty,2025,246932058,mlb_surplus,2.5 WAR
656457,17964,Tyler Gilbert,2026,7913706,mlb_surplus,0.6 WAR
656464,19876,Kevin Ginkel,2019,7000000,prospect,FV 40
656464,19876,Kevin Ginkel,2020,99525678,mlb_surplus,0.8 WAR
656464,19876,Kevin Ginkel,2021,110895993,mlb_surplus,0.6 WAR
656464,19876,Kevin Ginkel,2022,104505500,mlb_surplus,0.5 WAR
656464,19876,Kevin Ginkel,2023,95206128,mlb_surplus,1.3 WAR
656464,19876,Kevin Ginkel,2024,94856180,mlb_surplus,1.3 WAR
656464,19876,Kevin Ginkel,2025,131852618,mlb_surplus,1.0 WAR
656464,19876,Kevin Ginkel,2026,7856810,mlb_surplus,1.1 WAR
656484,19877,Tristan Gray,2019,15000000,prospect,FV 45
656484,19877,Tristan Gray,2026,0,mlb_surplus,Trade Value
656492,16432,Foster Griffin,2015,30000000,prospect,FV 50
656492,16432,Foster Griffin,2016,15000000,prospect,FV 45
656492,16432,Foster Griffin,2017,15000000,prospect,FV 45
656492,16432,Foster Griffin,2018,15000000,prospect,FV 45
656492,16432,Foster Griffin,2026,-5500000,mlb_surplus,Trade Value
656529,18548,Sam Hentges,2018,30000000,prospect,FV 50
656529,18548,Sam Hentges,2019,15000000,prospect,FV 45
656529,18548,Sam Hentges,2020,7000000,prospect,FV 40
656529,18548,Sam Hentges,2022,92257072,mlb_surplus,1.0 WAR
656529,18548,Sam Hentges,2023,83554421,mlb_surplus,1.1 WAR
656529,18548,Sam Hentges,2024,87440345,mlb_surplus,0.9 WAR
656529,18548,Sam Hentges,2025,125796836,mlb_surplus,0.8 WAR
656529,18548,Sam Hentges,2026,7344159,mlb_surplus,1.0 WAR
656537,16947,Derek Hill,2015,30000000,prospect,FV 50
656537,16947,Derek Hill,2016,30000000,prospect,FV 50
656537,16947,Derek Hill,2017,15000000,prospect,FV 45
656537,16947,Derek Hill,2018,15000000,prospect,FV 45
656537,16947,Derek Hill,2020,7000000,prospect,FV 40
656537,16947,Derek Hill,2022,37065627,mlb_surplus,0.7 WAR
656537,16947,Derek Hill,2023,2473815,mlb_surplus,3yr ctrl
656537,16947,Derek Hill,2025,731314,mlb_surplus,0.7 WAR
656537,16947,Derek Hill,2026,0,mlb_surplus,Trade Value
656546,17432,Jeff Hoffman,2015,53282828,prospect,"FV 55, #87"
656546,17432,Jeff Hoffman,2016,62121212,prospect,"FV 55, #52"
656546,17432,Jeff Hoffman,2017,64141414,prospect,"FV 55, #44"
656546,17432,Jeff Hoffman,2018,67496807,mlb_surplus,0.6 WAR
656546,17432,Jeff Hoffman,2020,115541257,mlb_surplus,1.1 WAR
656546,17432,Jeff Hoffman,2021,110611916,mlb_surplus,0.4 WAR
656546,17432,Jeff Hoffman,2022,107215347,mlb_surplus,0.2 WAR
656546,17432,Jeff Hoffman,2024,96211615,mlb_surplus,2.0 WAR
656546,17432,Jeff Hoffman,2025,100163349,mlb_surplus,0.9 WAR
656546,17432,Jeff Hoffman,2026,-10862685,mlb_surplus,0.8 WAR
656550,16944,Grant Holmes,2015,51262626,prospect,"FV 55, #95"
656550,16944,Grant Holmes,2016,59595960,prospect,"FV 55, #62"
656550,16944,Grant Holmes,2017,32272727,prospect,"FV 50, #85"
656550,16944,Grant Holmes,2018,15000000,prospect,FV 45
656550,16944,Grant Holmes,2019,15000000,prospect,FV 45
656550,16944,Grant Holmes,2020,15000000,prospect,FV 45
656550,16944,Grant Holmes,2025,203345330,mlb_surplus,1.0 WAR
656550,16944,Grant Holmes,2026,53466076,mlb_surplus,2.5 WAR
656577,17276,Alex Jackson,2015,68181818,prospect,"FV 55, #28"
656577,17276,Alex Jackson,2016,30909091,prospect,"FV 50, #94"
656577,17276,Alex Jackson,2017,15000000,prospect,FV 45
656577,17276,Alex Jackson,2018,15000000,prospect,FV 45
656577,17276,Alex Jackson,2019,7000000,prospect,FV 40
656577,17276,Alex Jackson,2020,7000000,prospect,FV 40
656577,17276,Alex Jackson,2022,826895,mlb_surplus,5yr ctrl
656577,17276,Alex Jackson,2025,5746895,mlb_surplus,1.1 WAR
656577,17276,Alex Jackson,2026,0,mlb_surplus,Trade Value
656605,17594,Mitch Keller,2015,15000000,prospect,FV 45
656605,17594,Mitch Keller,2016,50000000,prospect,FV 55
656605,17594,Mitch Keller,2017,63131313,prospect,"FV 55, #48"
656605,17594,Mitch Keller,2018,99696970,prospect,"FV 60, #16"
656605,17594,Mitch Keller,2019,70454545,prospect,"FV 55, #19"
656605,17594,Mitch Keller,2020,306784836,mlb_surplus,2.7 WAR
656605,17594,Mitch Keller,2022,277919629,mlb_surplus,2.1 WAR
656605,17594,Mitch Keller,2023,237667952,mlb_surplus,3.2 WAR
656605,17594,Mitch Keller,2024,168342430,mlb_surplus,2.3 WAR
656605,17594,Mitch Keller,2025,230599668,mlb_surplus,2.5 WAR
656605,17594,Mitch Keller,2026,8725190,mlb_surplus,2.0 WAR
656638,19883,Alex Lange,2018,30000000,prospect,FV 50
656638,19883,Alex Lange,2019,7000000,prospect,FV 40
656638,19883,Alex Lange,2022,16942857,mlb_surplus,0.7 WAR
656638,19883,Alex Lange,2023,16275383,mlb_surplus,0.7 WAR
656638,19883,Alex Lange,2024,11208854,mlb_surplus,0.7 WAR
656638,19883,Alex Lange,2025,10640833,mlb_surplus,0.7 WAR
656638,19883,Alex Lange,2026,-900000,mlb_surplus,Trade Value
656641,21306,Jacob Latz,2025,94464383,mlb_surplus,1.3 WAR
656641,21306,Jacob Latz,2026,7048073,mlb_surplus,0.6 WAR
656716,19392,Zach McKinstry,2020,15000000,prospect,FV 45
656716,19392,Zach McKinstry,2022,166295589,mlb_surplus,0.9 WAR
656716,19392,Zach McKinstry,2023,156655810,mlb_surplus,1.5 WAR
656716,19392,Zach McKinstry,2024,157319838,mlb_surplus,1.3 WAR
656716,19392,Zach McKinstry,2025,280203989,mlb_surplus,3.2 WAR
656716,19392,Zach McKinstry,2026,13016333,mlb_surplus,1.4 WAR
656730,17722,Trevor Megill,2022,112575647,mlb_surplus,0.6 WAR
656730,17722,Trevor Megill,2023,99040563,mlb_surplus,0.8 WAR
656730,17722,Trevor Megill,2024,103101328,mlb_surplus,1.0 WAR
656730,17722,Trevor Megill,2025,141170318,mlb_surplus,1.6 WAR
656730,17722,Trevor Megill,2026,11736751,mlb_surplus,1.1 WAR
656756,16511,Jordan Montgomery,2016,15000000,prospect,FV 45
656756,16511,Jordan Montgomery,2017,30000000,prospect,FV 50
656756,16511,Jordan Montgomery,2018,220500690,mlb_surplus,2.1 WAR
656756,16511,Jordan Montgomery,2019,262213875,mlb_surplus,2.1 WAR
656756,16511,Jordan Montgomery,2022,246254867,mlb_surplus,2.8 WAR
656756,16511,Jordan Montgomery,2023,200814321,mlb_surplus,4.2 WAR
656756,16511,Jordan Montgomery,2024,192249582,mlb_surplus,2.3 WAR
656756,16511,Jordan Montgomery,2025,248212286,mlb_surplus,1.7 WAR
656756,16511,Jordan Montgomery,2026,18042126,mlb_surplus,1.8 WAR
656775,17929,Cedric Mullins,2017,30000000,prospect,FV 50
656775,17929,Cedric Mullins,2018,30000000,prospect,FV 50
656775,17929,Cedric Mullins,2019,199046532,mlb_surplus,0.3 WAR
656775,17929,Cedric Mullins,2020,279857081,mlb_surplus,1.6 WAR
656775,17929,Cedric Mullins,2021,206051279,mlb_surplus,6.0 WAR
656775,17929,Cedric Mullins,2022,133007711,mlb_surplus,3.7 WAR
656775,17929,Cedric Mullins,2023,80438354,mlb_surplus,1.8 WAR
656775,17929,Cedric Mullins,2024,73593270,mlb_surplus,2.1 WAR
656775,17929,Cedric Mullins,2025,101495893,mlb_surplus,1.6 WAR
656775,17929,Cedric Mullins,2026,2824794,mlb_surplus,1.0 WAR
656794,16943,Sean Newcomb,2015,81666667,prospect,"FV 60, #67"
656794,16943,Sean Newcomb,2016,69949495,prospect,"FV 55, #21"
656794,16943,Sean Newcomb,2017,55050505,prospect,"FV 55, #80"
656794,16943,Sean Newcomb,2018,129049234,mlb_surplus,1.8 WAR
656794,16943,Sean Newcomb,2019,119489854,mlb_surplus,1.7 WAR
656794,16943,Sean Newcomb,2020,73758343,mlb_surplus,0.5 WAR
656794,16943,Sean Newcomb,2022,84384289,mlb_surplus,0.5 WAR
656794,16943,Sean Newcomb,2026,2142459,mlb_surplus,0.8 WAR
656811,16442,Ryan O'Hearn,2016,15000000,prospect,FV 45
656811,16442,Ryan O'Hearn,2017,15000000,prospect,FV 45
656811,16442,Ryan O'Hearn,2018,15000000,prospect,FV 45
656811,16442,Ryan O'Hearn,2019,71410757,mlb_surplus,0.2 WAR
656811,16442,Ryan O'Hearn,2020,93595767,mlb_surplus,1.2 WAR
656811,16442,Ryan O'Hearn,2021,86561498,mlb_surplus,1.2 WAR
656811,16442,Ryan O'Hearn,2022,78631680,mlb_surplus,0.8 WAR
656811,16442,Ryan O'Hearn,2023,78638085,mlb_surplus,1.5 WAR
656811,16442,Ryan O'Hearn,2024,59954768,mlb_surplus,1.6 WAR
656811,16442,Ryan O'Hearn,2025,43068929,mlb_surplus,3.0 WAR
656811,16442,Ryan O'Hearn,2026,-14865346,mlb_surplus,1.3 WAR
656848,20827,Michael Petersen,2025,85709865,mlb_surplus,0.5 WAR
656848,20827,Michael Petersen,2026,12523503,mlb_surplus,0.6 WAR
656849,20302,David Peterson,2018,30000000,prospect,FV 50
656849,20302,David Peterson,2019,30000000,prospect,FV 50
656849,20302,David Peterson,2021,275109716,mlb_surplus,1.2 WAR
656849,20302,David Peterson,2022,266665828,mlb_surplus,1.5 WAR
656849,20302,David Peterson,2023,234676698,mlb_surplus,1.1 WAR
656849,20302,David Peterson,2024,244219589,mlb_surplus,1.9 WAR
656849,20302,David Peterson,2025,331743874,mlb_surplus,3.1 WAR
656849,20302,David Peterson,2026,19041911,mlb_surplus,2.3 WAR
656876,25385,Drew Rasmussen,2022,253915321,mlb_surplus,3.0 WAR
656876,25385,Drew Rasmussen,2023,247726734,mlb_surplus,3.0 WAR
656876,25385,Drew Rasmussen,2024,229359839,mlb_surplus,2.9 WAR
656876,25385,Drew Rasmussen,2025,252078773,mlb_surplus,2.5 WAR
656876,25385,Drew Rasmussen,2026,46065441,mlb_surplus,2.5 WAR
656941,16478,Kyle Schwarber,2015,113181818,prospect,"FV 65, #49"
656941,16478,Kyle Schwarber,2016,423709380,mlb_surplus,4.9 WAR
656941,16478,Kyle Schwarber,2018,313958005,mlb_surplus,4.0 WAR
656941,16478,Kyle Schwarber,2019,275688643,mlb_surplus,3.5 WAR
656941,16478,Kyle Schwarber,2020,254579561,mlb_surplus,3.7 WAR
656941,16478,Kyle Schwarber,2021,241721769,mlb_surplus,4.1 WAR
656941,16478,Kyle Schwarber,2022,149409143,mlb_surplus,3.1 WAR
656941,16478,Kyle Schwarber,2023,147494219,mlb_surplus,3.2 WAR
656941,16478,Kyle Schwarber,2024,130109072,mlb_surplus,3.3 WAR
656941,16478,Kyle Schwarber,2025,109766458,mlb_surplus,4.9 WAR
656941,16478,Kyle Schwarber,2026,-90779023,mlb_surplus,2.7 WAR
656945,17586,Tanner Scott,2015,15000000,prospect,FV 45
656945,17586,Tanner Scott,2016,15000000,prospect,FV 45
656945,17586,Tanner Scott,2017,30000000,prospect,FV 50
656945,17586,Tanner Scott,2018,30000000,prospect,FV 50
656945,17586,Tanner Scott,2019,133785822,mlb_surplus,1.3 WAR
656945,17586,Tanner Scott,2020,117349375,mlb_surplus,0.9 WAR
656945,17586,Tanner Scott,2021,117551306,mlb_surplus,0.6 WAR
656945,17586,Tanner Scott,2022,113919344,mlb_surplus,0.6 WAR
656945,17586,Tanner Scott,2023,102459602,mlb_surplus,2.8 WAR
656945,17586,Tanner Scott,2024,80598791,mlb_surplus,1.6 WAR
656945,17586,Tanner Scott,2026,-19835704,mlb_surplus,0.9 WAR
656976,19892,Pavin Smith,2018,31363636,prospect,"FV 50, #91"
656976,19892,Pavin Smith,2019,7000000,prospect,FV 40
656976,19892,Pavin Smith,2020,15000000,prospect,FV 45
656976,19892,Pavin Smith,2022,11945674,mlb_surplus,0.5 WAR
656976,19892,Pavin Smith,2023,24517436,mlb_surplus,1.3 WAR
656976,19892,Pavin Smith,2024,70628310,mlb_surplus,2.5 WAR
656976,19892,Pavin Smith,2025,95435800,mlb_surplus,3.5 WAR
656976,19892,Pavin Smith,2026,0,mlb_surplus,0.6 WAR
656986,21345,Bennett Sousa,2022,7000000,prospect,FV 40
656986,21345,Bennett Sousa,2023,73481577,mlb_surplus,0.5 WAR
656986,21345,Bennett Sousa,2026,18416156,mlb_surplus,0.9 WAR
657006,17312,Justin Steele,2015,15000000,prospect,FV 45
657006,17312,Justin Steele,2016,15000000,prospect,FV 45
657006,17312,Justin Steele,2018,30000000,prospect,FV 50
657006,17312,Justin Steele,2019,15000000,prospect,FV 45
657006,17312,Justin Steele,2020,7000000,prospect,FV 40
657006,17312,Justin Steele,2022,127083843,mlb_surplus,2.5 WAR
657006,17312,Justin Steele,2023,129411842,mlb_surplus,4.8 WAR
657006,17312,Justin Steele,2024,110051081,mlb_surplus,3.0 WAR
657006,17312,Justin Steele,2025,75182275,mlb_surplus,2.7 WAR
657006,17312,Justin Steele,2026,0,mlb_surplus,Trade Value
657041,16939,Lane Thomas,2015,15000000,prospect,FV 45
657041,16939,Lane Thomas,2016,15000000,prospect,FV 45
657041,16939,Lane Thomas,2019,15000000,prospect,FV 45
657041,16939,Lane Thomas,2022,98823725,mlb_surplus,2.9 WAR
657041,16939,Lane Thomas,2023,39122199,mlb_surplus,2.9 WAR
657041,16939,Lane Thomas,2024,9969279,mlb_surplus,1.4 WAR
657041,16939,Lane Thomas,2025,31479771,mlb_surplus,1.2 WAR
657041,16939,Lane Thomas,2026,-4707299,mlb_surplus,0.1 WAR
657044,16647,Ryan Thompson,2021,78803603,mlb_surplus,0.7 WAR
657044,16647,Ryan Thompson,2022,76803919,mlb_surplus,0.6 WAR
657044,16647,Ryan Thompson,2023,67723344,mlb_surplus,0.8 WAR
657044,16647,Ryan Thompson,2024,68293996,mlb_surplus,0.9 WAR
657044,16647,Ryan Thompson,2025,102677652,mlb_surplus,0.8 WAR
657044,16647,Ryan Thompson,2026,2954849,mlb_surplus,0.8 WAR
657097,19274,Jacob Webb,2019,7000000,prospect,FV 40
657097,19274,Jacob Webb,2020,58540018,mlb_surplus,0.6 WAR
657097,19274,Jacob Webb,2022,63486428,mlb_surplus,0.6 WAR
657097,19274,Jacob Webb,2023,56647524,mlb_surplus,0.6 WAR
657097,19274,Jacob Webb,2024,58469744,mlb_surplus,0.7 WAR
657097,19274,Jacob Webb,2025,91716583,mlb_surplus,0.6 WAR
657097,19274,Jacob Webb,2026,7339544,mlb_surplus,0.7 WAR
657136,19896,Connor Wong,2018,15000000,prospect,FV 45
657136,19896,Connor Wong,2019,7000000,prospect,FV 40
657136,19896,Connor Wong,2020,15000000,prospect,FV 45
657136,19896,Connor Wong,2021,7000000,prospect,FV 40
657136,19896,Connor Wong,2024,3303926,mlb_surplus,1.1 WAR
657136,19896,Connor Wong,2026,0,mlb_surplus,Trade Value
657277,17995,Logan Webb,2019,30000000,prospect,FV 50
657277,17995,Logan Webb,2021,637759278,mlb_surplus,4.4 WAR
657277,17995,Logan Webb,2022,582221618,mlb_surplus,4.2 WAR
657277,17995,Logan Webb,2023,508680174,mlb_surplus,4.9 WAR
657277,17995,Logan Webb,2024,397840052,mlb_surplus,4.4 WAR
657277,17995,Logan Webb,2025,447519480,mlb_surplus,5.5 WAR
657277,17995,Logan Webb,2026,81688277,mlb_surplus,3.9 WAR
657424,17381,Matt Gage,2026,11642535,mlb_surplus,0.8 WAR
657514,16835,Brennan Bernardino,2024,78949099,mlb_surplus,0.9 WAR
657514,16835,Brennan Bernardino,2025,112694836,mlb_surplus,0.8 WAR
657514,16835,Brennan Bernardino,2026,18203291,mlb_surplus,1.0 WAR
657571,19349,Caleb Ferguson,2018,30000000,prospect,FV 50
657571,19349,Caleb Ferguson,2019,87087282,mlb_surplus,0.7 WAR
657571,19349,Caleb Ferguson,2020,86357477,mlb_surplus,0.5 WAR
657571,19349,Caleb Ferguson,2021,99399382,mlb_surplus,0.5 WAR
657571,19349,Caleb Ferguson,2022,96669141,mlb_surplus,0.5 WAR
657571,19349,Caleb Ferguson,2023,86941734,mlb_surplus,1.3 WAR
657571,19349,Caleb Ferguson,2024,87375636,mlb_surplus,0.7 WAR
657571,19349,Caleb Ferguson,2025,128298092,mlb_surplus,0.8 WAR
657571,19349,Caleb Ferguson,2026,5689184,mlb_surplus,1.1 WAR
657612,16814,Tim Hill,2019,42694282,mlb_surplus,0.7 WAR
657612,16814,Tim Hill,2020,44519150,mlb_surplus,0.7 WAR
657612,16814,Tim Hill,2021,51553258,mlb_surplus,0.6 WAR
657612,16814,Tim Hill,2022,45659509,mlb_surplus,0.5 WAR
657612,16814,Tim Hill,2023,39193376,mlb_surplus,0.7 WAR
657612,16814,Tim Hill,2024,41900019,mlb_surplus,0.5 WAR
657612,16814,Tim Hill,2025,77004650,mlb_surplus,0.5 WAR
657612,16814,Tim Hill,2026,672090,mlb_surplus,0.5 WAR
657649,27517,Jared Koenig,2025,109394469,mlb_surplus,0.9 WAR
657649,27517,Jared Koenig,2026,14925674,mlb_surplus,0.9 WAR
657656,17128,Ramon Laureano,2017,15000000,prospect,FV 45
657656,17128,Ramon Laureano,2018,15000000,prospect,FV 45
657656,17128,Ramon Laureano,2019,245571566,mlb_surplus,4.4 WAR
657656,17128,Ramon Laureano,2020,167792466,mlb_surplus,3.4 WAR
657656,17128,Ramon Laureano,2021,198651041,mlb_surplus,4.2 WAR
657656,17128,Ramon Laureano,2022,127478022,mlb_surplus,3.2 WAR
657656,17128,Ramon Laureano,2023,81425937,mlb_surplus,2.4 WAR
657656,17128,Ramon Laureano,2026,5849149,mlb_surplus,1.3 WAR
657746,21390,Joe Ryan,2022,50757576,prospect,"FV 55, #97"
657746,21390,Joe Ryan,2023,226431133,mlb_surplus,2.4 WAR
657746,21390,Joe Ryan,2024,210518972,mlb_surplus,3.1 WAR
657746,21390,Joe Ryan,2025,214476355,mlb_surplus,3.1 WAR
657746,21390,Joe Ryan,2026,32152025,mlb_surplus,2.2 WAR
657757,19901,Gavin Sheets,2018,30000000,prospect,FV 50
657757,19901,Gavin Sheets,2019,15000000,prospect,FV 45
657757,19901,Gavin Sheets,2020,15000000,prospect,FV 45
657757,19901,Gavin Sheets,2021,15000000,prospect,FV 45
657757,19901,Gavin Sheets,2022,26293168,mlb_surplus,1.4 WAR
657757,19901,Gavin Sheets,2023,6127636,mlb_surplus,0.5 WAR
657757,19901,Gavin Sheets,2024,4004054,mlb_surplus,4yr ctrl
657757,19901,Gavin Sheets,2025,4744054,mlb_surplus,1.3 WAR
657757,19901,Gavin Sheets,2026,0,mlb_surplus,0.0 WAR
660162,17232,Yoan Moncada,2015,90000000,prospect,FV 65
660162,17232,Yoan Moncada,2016,132272727,prospect,"FV 65, #7"
660162,17232,Yoan Moncada,2017,134545455,prospect,"FV 65, #2"
660162,17232,Yoan Moncada,2018,171432891,mlb_surplus,2.3 WAR
660162,17232,Yoan Moncada,2019,125435411,mlb_surplus,5.2 WAR
660162,17232,Yoan Moncada,2020,22575883,mlb_surplus,2.0 WAR
660162,17232,Yoan Moncada,2021,31507636,mlb_surplus,3.7 WAR
660162,17232,Yoan Moncada,2026,-4000000,mlb_surplus,Trade Value
660271,19755,Shohei Ohtani,2019,1406387944,mlb_surplus,2.8 WAR
660271,19755,Shohei Ohtani,2020,1409927142,mlb_surplus,2.3 WAR
660271,19755,Shohei Ohtani,2021,1411677682,mlb_surplus,8.0 WAR
660271,19755,Shohei Ohtani,2022,1296614412,mlb_surplus,9.2 WAR
660271,19755,Shohei Ohtani,2023,1129094074,mlb_surplus,8.9 WAR
660271,19755,Shohei Ohtani,2024,324503158,mlb_surplus,8.9 WAR
660271,19755,Shohei Ohtani,2026,474785714,mlb_surplus,9.5 WAR
660604,19524,Alan Rangel,2022,7000000,prospect,FV 40
660604,19524,Alan Rangel,2023,7000000,prospect,FV 40
660604,19524,Alan Rangel,2026,6883333,mlb_surplus,Trade Value
660644,20536,Vidal Brujan,2018,30000000,prospect,FV 50
660644,20536,Vidal Brujan,2019,50000000,prospect,FV 55
660644,20536,Vidal Brujan,2020,63888889,prospect,"FV 55, #45"
660644,20536,Vidal Brujan,2021,62626263,prospect,"FV 55, #50"
660644,20536,Vidal Brujan,2022,55808081,prospect,"FV 55, #77"
660644,20536,Vidal Brujan,2023,23494460,mlb_surplus,0.8 WAR
660644,20536,Vidal Brujan,2026,-850000,mlb_surplus,Trade Value
660670,18401,Ronald Acuna Jr.,2016,15000000,prospect,FV 45
660670,18401,Ronald Acuna Jr.,2017,70000000,prospect,FV 60
660670,18401,Ronald Acuna Jr.,2018,179393939,prospect,"FV 70, #2"
660670,18401,Ronald Acuna Jr.,2019,561234110,mlb_surplus,5.0 WAR
660670,18401,Ronald Acuna Jr.,2020,611446770,mlb_surplus,6.7 WAR
660670,18401,Ronald Acuna Jr.,2021,559582722,mlb_surplus,8.3 WAR
660670,18401,Ronald Acuna Jr.,2022,457859456,mlb_surplus,7.6 WAR
660670,18401,Ronald Acuna Jr.,2023,366900961,mlb_surplus,9.2 WAR
660670,18401,Ronald Acuna Jr.,2026,88274124,mlb_surplus,4.3 WAR
660688,19610,Keibert Ruiz,2017,50000000,prospect,FV 55
660688,19610,Keibert Ruiz,2018,62121212,prospect,"FV 55, #52"
660688,19610,Keibert Ruiz,2019,66161616,prospect,"FV 55, #36"
660688,19610,Keibert Ruiz,2020,56818182,prospect,"FV 55, #73"
660688,19610,Keibert Ruiz,2021,61111111,prospect,"FV 55, #56"
660688,19610,Keibert Ruiz,2022,166744983,mlb_surplus,2.7 WAR
660688,19610,Keibert Ruiz,2023,436337217,mlb_surplus,4.1 WAR
660688,19610,Keibert Ruiz,2024,307811322,mlb_surplus,3.5 WAR
660688,19610,Keibert Ruiz,2025,266234174,mlb_surplus,3.1 WAR
660688,19610,Keibert Ruiz,2026,0,mlb_surplus,Trade Value
660761,19911,Jose Suarez,2015,7000000,prospect,FV 40
660761,19911,Jose Suarez,2016,15000000,prospect,FV 45
660761,19911,Jose Suarez,2018,30000000,prospect,FV 50
660761,19911,Jose Suarez,2019,15000000,prospect,FV 45
660761,19911,Jose Suarez,2020,25708957,mlb_surplus,0.0 WAR
660761,19911,Jose Suarez,2022,12669027,mlb_surplus,1.6 WAR
660761,19911,Jose Suarez,2023,28128474,mlb_surplus,1.7 WAR
660761,19911,José Suarez,2026,0,mlb_surplus,Trade Value
660787,21420,Yerry De Los Santos,2023,65811426,mlb_surplus,0.7 WAR
660787,21420,Yerry De Los Santos,2024,68810436,mlb_surplus,0.7 WAR
660787,21420,Yerry De Los Santos,2025,107641356,mlb_surplus,0.7 WAR
660787,21420,Yerry De Los Santos,2026,13335996,mlb_surplus,0.8 WAR
660813,20367,Brusdar Graterol,2018,50000000,prospect,FV 55
660813,20367,Brusdar Graterol,2019,58080808,prospect,"FV 55, #68"
660813,20367,Brusdar Graterol,2021,23561194,mlb_surplus,0.6 WAR
660813,20367,Brusdar Graterol,2022,24310851,mlb_surplus,0.8 WAR
660813,20367,Brusdar Graterol,2023,22663543,mlb_surplus,1.4 WAR
660813,20367,Brusdar Graterol,2024,13439603,mlb_surplus,0.9 WAR
660813,20367,Brusdar Graterol,2026,0,mlb_surplus,Trade Value
660821,19913,Jesus Sanchez,2017,50000000,prospect,FV 55
660821,19913,Jesus Sanchez,2018,60858586,prospect,"FV 55, #57"
660821,19913,Jesus Sanchez,2019,65404040,prospect,"FV 55, #39"
660821,19913,Jesus Sanchez,2020,55050505,prospect,"FV 55, #80"
660821,19913,Jesus Sanchez,2021,50000000,prospect,FV 55
660821,19913,Jesus Sanchez,2022,81741999,mlb_surplus,1.2 WAR
660821,19913,Jesus Sanchez,2023,112136809,mlb_surplus,2.8 WAR
660821,19913,Jesus Sanchez,2024,64086917,mlb_surplus,1.7 WAR
660821,19913,Jesus Sanchez,2025,62459106,mlb_surplus,2.0 WAR
660821,19913,Jesus Sanchez,2026,13479262,mlb_surplus,1.5 WAR
660825,20997,Eduard Bazardo,2025,109985669,mlb_surplus,0.5 WAR
660825,20997,Eduard Bazardo,2026,11824232,mlb_surplus,0.7 WAR
660844,21009,Leo Rivas,2018,15000000,prospect,FV 45
660844,21009,Leo Rivas,2019,7000000,prospect,FV 40
660844,21009,Leo Rivas,2025,341956087,mlb_surplus,0.8 WAR
660844,21009,Leo Rivas,2026,62473744,mlb_surplus,2.1 WAR
660853,18403,Enyel De Los Santos,2016,30000000,prospect,FV 50
660853,18403,Enyel De Los Santos,2017,30000000,prospect,FV 50
660853,18403,Enyel De Los Santos,2018,30000000,prospect,FV 50
660853,18403,Enyel De Los Santos,2019,30000000,prospect,FV 50
660853,18403,Enyel De Los Santos,2022,75370682,mlb_surplus,1.0 WAR
660853,18403,Enyel De Los Santos,2023,64173528,mlb_surplus,0.7 WAR
660853,18403,Enyel De Los Santos,2024,66840404,mlb_surplus,0.7 WAR
660853,18403,Enyel De Los Santos,2025,102090146,mlb_surplus,0.5 WAR
660853,18403,Enyel De Los Santos,2026,5168942,mlb_surplus,0.8 WAR
661388,20503,William Contreras,2018,30000000,prospect,FV 50
661388,20503,William Contreras,2019,30000000,prospect,FV 50
661388,20503,William Contreras,2020,30000000,prospect,FV 50
661388,20503,William Contreras,2022,518942036,mlb_surplus,3.8 WAR
661388,20503,William Contreras,2023,483298172,mlb_surplus,5.8 WAR
661388,20503,William Contreras,2024,396713240,mlb_surplus,5.5 WAR
661388,20503,William Contreras,2025,326092779,mlb_surplus,4.7 WAR
661388,20503,William Contreras,2026,105423512,mlb_surplus,4.6 WAR
661395,21029,Jhoan Duran,2017,15000000,prospect,FV 45
661395,21029,Jhoan Duran,2018,15000000,prospect,FV 45
661395,21029,Jhoan Duran,2019,30000000,prospect,FV 50
661395,21029,Jhoan Duran,2020,30000000,prospect,FV 50
661395,21029,Jhoan Duran,2021,50000000,prospect,FV 55
661395,21029,Jhoan Duran,2022,30000000,prospect,FV 50
661395,21029,Jhoan Duran,2023,125276873,mlb_surplus,1.1 WAR
661395,21029,Jhoan Duran,2024,126620272,mlb_surplus,1.2 WAR
661395,21029,Jhoan Duran,2025,166561636,mlb_surplus,2.1 WAR
661395,21029,Jhoan Duran,2026,13293828,mlb_surplus,1.4 WAR
661563,21052,Luis Gil,2019,30000000,prospect,FV 50
661563,21052,Luis Gil,2020,30000000,prospect,FV 50
661563,21052,Luis Gil,2021,50000000,prospect,FV 55
661563,21052,Luis Gil,2022,30000000,prospect,FV 50
661563,21052,Luis Gil,2023,15000000,prospect,FV 45
661563,21052,Luis Gil,2025,220176014,mlb_surplus,1.2 WAR
661563,21052,Luis Gil,2026,13723276,mlb_surplus,0.9 WAR
662139,19918,Daulton Varsho,2018,30000000,prospect,FV 50
662139,19918,Daulton Varsho,2019,50000000,prospect,FV 55
662139,19918,Daulton Varsho,2021,375324271,mlb_surplus,4.0 WAR
662139,19918,Daulton Varsho,2022,321610349,mlb_surplus,4.3 WAR
662139,19918,Daulton Varsho,2023,244598473,mlb_surplus,2.4 WAR
662139,19918,Daulton Varsho,2024,230313278,mlb_surplus,3.1 WAR
662139,19918,Daulton Varsho,2025,276495279,mlb_surplus,2.8 WAR
662139,19918,Daulton Varsho,2026,21872848,mlb_surplus,2.7 WAR
662253,20373,Andres Munoz,2020,139588956,mlb_surplus,1.0 WAR
662253,20373,Andres Munoz,2021,147736210,mlb_surplus,1.0 WAR
662253,20373,Andres Munoz,2023,114122102,mlb_surplus,1.2 WAR
662253,20373,Andres Munoz,2024,112696945,mlb_surplus,1.0 WAR
662253,20373,Andres Munoz,2025,148694427,mlb_surplus,1.9 WAR
662253,20373,Andres Munoz,2026,11950769,mlb_surplus,1.3 WAR
663158,30115,Robert Suarez,2023,62422802,mlb_surplus,0.9 WAR
663158,30115,Robert Suarez,2024,72872123,mlb_surplus,0.9 WAR
663158,30115,Robert Suarez,2025,117900113,mlb_surplus,1.9 WAR
663158,30115,Robert Suarez,2026,-17314105,mlb_surplus,1.0 WAR
663330,18872,Jahmai Jones,2016,30000000,prospect,FV 50
663330,18872,Jahmai Jones,2017,30000000,prospect,FV 50
663330,18872,Jahmai Jones,2018,31060606,prospect,"FV 50, #93"
663330,18872,Jahmai Jones,2019,15000000,prospect,FV 45
663330,18872,Jahmai Jones,2020,15000000,prospect,FV 45
663330,18872,Jahmai Jones,2022,479604,mlb_surplus,6yr ctrl
663330,18872,Jahmai Jones,2026,0,mlb_surplus,Trade Value
663362,25550,Matt Waldron,2025,55509288,mlb_surplus,1.4 WAR
663362,25550,Matt Waldron,2026,0,mlb_surplus,Trade Value
663368,19921,Blake Perkins,2016,15000000,prospect,FV 45
663368,19921,Blake Perkins,2017,15000000,prospect,FV 45
663368,19921,Blake Perkins,2018,15000000,prospect,FV 45
663368,19921,Blake Perkins,2019,7000000,prospect,FV 40
663368,19921,Blake Perkins,2024,137474706,mlb_surplus,1.6 WAR
663368,19921,Blake Perkins,2025,323622415,mlb_surplus,1.9 WAR
663368,19921,Blake Perkins,2026,19986089,mlb_surplus,1.1 WAR
663372,21446,Ryan Feltner,2019,7000000,prospect,FV 40
663372,21446,Ryan Feltner,2020,7000000,prospect,FV 40
663372,21446,Ryan Feltner,2021,7000000,prospect,FV 40
663372,21446,Ryan Feltner,2022,7000000,prospect,FV 40
663372,21446,Ryan Feltner,2023,251677002,mlb_surplus,2.3 WAR
663372,21446,Ryan Feltner,2024,255909506,mlb_surplus,2.5 WAR
663372,21446,Ryan Feltner,2025,348719014,mlb_surplus,2.4 WAR
663372,21446,Ryan Feltner,2026,46611054,mlb_surplus,2.3 WAR
663436,21448,Davis Martin,2025,284473404,mlb_surplus,1.9 WAR
663436,21448,Davis Martin,2026,25831569,mlb_surplus,1.3 WAR
663457,21454,Lars Nootbaar,2022,139206116,mlb_surplus,2.6 WAR
663457,21454,Lars Nootbaar,2023,160247834,mlb_surplus,3.4 WAR
663457,21454,Lars Nootbaar,2024,198067161,mlb_surplus,4.4 WAR
663457,21454,Lars Nootbaar,2025,129634788,mlb_surplus,3.5 WAR
663457,21454,Lars Nootbaar,2026,27709233,mlb_surplus,2.1 WAR
663460,21455,Kris Bubic,2019,30000000,prospect,FV 50
663460,21455,Kris Bubic,2020,30000000,prospect,FV 50
663460,21455,Kris Bubic,2021,371343874,mlb_surplus,1.8 WAR
663460,21455,Kris Bubic,2022,317273151,mlb_surplus,0.6 WAR
663460,21455,Kris Bubic,2023,308084760,mlb_surplus,1.4 WAR
663460,21455,Kris Bubic,2025,400001440,mlb_surplus,3.3 WAR
663460,21455,Kris Bubic,2026,30338574,mlb_surplus,2.9 WAR
663485,21461,Cole Sands,2020,15000000,prospect,FV 45
663485,21461,Cole Sands,2021,15000000,prospect,FV 45
663485,21461,Cole Sands,2022,7000000,prospect,FV 40
663485,21461,Cole Sands,2024,94351561,mlb_surplus,1.5 WAR
663485,21461,Cole Sands,2025,127857691,mlb_surplus,0.9 WAR
663485,21461,Cole Sands,2026,20622819,mlb_surplus,1.1 WAR
663538,21479,Nico Hoerner,2019,50000000,prospect,"FV 55, #100"
663538,21479,Nico Hoerner,2020,546437362,mlb_surplus,3.8 WAR
663538,21479,Nico Hoerner,2021,512444925,mlb_surplus,3.1 WAR
663538,21479,Nico Hoerner,2022,487359249,mlb_surplus,4.3 WAR
663538,21479,Nico Hoerner,2023,419145635,mlb_surplus,4.5 WAR
663538,21479,Nico Hoerner,2024,352293664,mlb_surplus,3.9 WAR
663538,21479,Nico Hoerner,2025,367071262,mlb_surplus,4.8 WAR
663538,21479,Nico Hoerner,2026,42650599,mlb_surplus,3.9 WAR
663542,19924,Bryan Hudson,2016,30000000,prospect,FV 50
663542,19924,Bryan Hudson,2017,15000000,prospect,FV 45
663542,19924,Bryan Hudson,2018,15000000,prospect,FV 45
663542,19924,Bryan Hudson,2025,109669466,mlb_surplus,0.8 WAR
663542,19924,Bryan Hudson,2026,13671849,mlb_surplus,0.8 WAR
663554,20492,Casey Mize,2019,127727273,prospect,"FV 65, #17"
663554,20492,Casey Mize,2020,132272727,prospect,"FV 65, #7"
663554,20492,Casey Mize,2022,199163144,mlb_surplus,1.0 WAR
663554,20492,Casey Mize,2025,256202367,mlb_surplus,2.4 WAR
663554,20492,Casey Mize,2026,12615348,mlb_surplus,1.8 WAR
663556,21483,Shane McClanahan,2019,30000000,prospect,FV 50
663556,21483,Shane McClanahan,2020,50000000,prospect,FV 55
663556,21483,Shane McClanahan,2022,189408892,mlb_surplus,3.6 WAR
663556,21483,Shane McClanahan,2023,172651373,mlb_surplus,3.2 WAR
663556,21483,Shane McClanahan,2024,109750472,mlb_surplus,2.7 WAR
663556,21483,Shane McClanahan,2025,79957554,mlb_surplus,2.7 WAR
663556,21483,Shane McClanahan,2026,0,mlb_surplus,Trade Value
663558,20422,Jovani Morán,2022,7000000,prospect,FV 40
663558,20422,Jovani Moran,2023,46451397,mlb_surplus,1.2 WAR
663558,20422,Jovani Moran,2024,19487818,mlb_surplus,1.1 WAR
663558,20422,Jovani Moran,2025,20325635,mlb_surplus,1.1 WAR
663558,20422,Jovani Morán,2026,0,mlb_surplus,Trade Value
663559,20070,Bailey Falter,2022,166333284,mlb_surplus,0.7 WAR
663559,20070,Bailey Falter,2023,198572816,mlb_surplus,2.1 WAR
663559,20070,Bailey Falter,2024,155302834,mlb_surplus,1.7 WAR
663559,20070,Bailey Falter,2025,260027227,mlb_surplus,1.4 WAR
663559,20070,Bailey Falter,2026,10086886,mlb_surplus,0.8 WAR
663568,21487,Stephen Kolek,2024,7000000,prospect,FV 40
663568,21487,Stephen Kolek,2025,325348821,mlb_surplus,1.7 WAR
663568,21487,Stephen Kolek,2026,36034205,mlb_surplus,2.3 WAR
663574,19926,Tony Santillan,2016,30000000,prospect,FV 50
663574,19926,Tony Santillan,2017,30000000,prospect,FV 50
663574,19926,Tony Santillan,2018,30000000,prospect,FV 50
663574,19926,Tony Santillan,2019,30000000,prospect,FV 50
663574,19926,Tony Santillan,2020,30000000,prospect,FV 50
663574,19926,Tony Santillan,2021,15000000,prospect,FV 45
663574,19926,Tony Santillan,2022,93310208,mlb_surplus,0.7 WAR
663574,19926,Tony Santillan,2023,80704606,mlb_surplus,0.7 WAR
663574,19926,Tony Santillan,2025,122061448,mlb_surplus,1.1 WAR
663574,19926,Tony Santillan,2026,18732328,mlb_surplus,1.1 WAR
663584,21489,Hayden Senger,2022,7000000,prospect,FV 40
663584,21489,Hayden Senger,2026,24858231,mlb_surplus,1.0 WAR
663586,18360,Austin Riley,2016,30000000,prospect,FV 50
663586,18360,Austin Riley,2017,30000000,prospect,FV 50
663586,18360,Austin Riley,2018,50757576,prospect,"FV 55, #97"
663586,18360,Austin Riley,2019,65656566,prospect,"FV 55, #38"
663586,18360,Austin Riley,2020,317480753,mlb_surplus,1.5 WAR
663586,18360,Austin Riley,2021,320034377,mlb_surplus,5.1 WAR
663586,18360,Austin Riley,2022,238982805,mlb_surplus,5.9 WAR
663586,18360,Austin Riley,2023,-7198268,mlb_surplus,5.2 WAR
663586,18360,Austin Riley,2024,-22195396,mlb_surplus,3.9 WAR
663586,18360,Austin Riley,2025,-2720237,mlb_surplus,3.8 WAR
663586,18360,Austin Riley,2026,-96188014,mlb_surplus,2.4 WAR
663604,21496,Brandon Lockridge,2020,7000000,prospect,FV 40
663604,21496,Brandon Lockridge,2021,15000000,prospect,FV 45
663604,21496,Brandon Lockridge,2022,7000000,prospect,FV 40
663604,21496,Brandon Lockridge,2026,0,mlb_surplus,Trade Value
663616,21501,Trevor Larnach,2019,50000000,prospect,FV 55
663616,21501,Trevor Larnach,2020,54797980,prospect,"FV 55, #81"
663616,21501,Trevor Larnach,2022,17041478,mlb_surplus,0.7 WAR
663616,21501,Trevor Larnach,2023,19250814,mlb_surplus,0.7 WAR
663616,21501,Trevor Larnach,2024,22480059,mlb_surplus,1.4 WAR
663616,21501,Trevor Larnach,2025,27494766,mlb_surplus,1.9 WAR
663616,21501,Trevor Larnach,2026,0,mlb_surplus,0.7 WAR
663623,21504,Jake Irvin,2020,7000000,prospect,FV 40
663623,21504,Jake Irvin,2021,7000000,prospect,FV 40
663623,21504,Jake Irvin,2023,7000000,prospect,FV 40
663623,21504,Jake Irvin,2024,129702517,mlb_surplus,1.8 WAR
663623,21504,Jake Irvin,2025,225421704,mlb_surplus,1.0 WAR
663623,21504,Jake Irvin,2026,3610613,mlb_surplus,0.2 WAR
663624,18373,Ryan Mountcastle,2016,15000000,prospect,FV 45
663624,18373,Ryan Mountcastle,2017,30000000,prospect,FV 50
663624,18373,Ryan Mountcastle,2018,50505051,prospect,"FV 55, #98"
663624,18373,Ryan Mountcastle,2019,57323232,prospect,"FV 55, #71"
663624,18373,Ryan Mountcastle,2020,51767677,prospect,"FV 55, #93"
663624,18373,Ryan Mountcastle,2021,39078013,mlb_surplus,0.8 WAR
663624,18373,Ryan Mountcastle,2022,34181395,mlb_surplus,1.7 WAR
663624,18373,Ryan Mountcastle,2023,65520272,mlb_surplus,2.3 WAR
663624,18373,Ryan Mountcastle,2024,55561158,mlb_surplus,2.8 WAR
663624,18373,Ryan Mountcastle,2025,17781889,mlb_surplus,1.6 WAR
663624,18373,Ryan Mountcastle,2026,0,mlb_surplus,Trade Value
663647,18577,Ke'Bryan Hayes,2016,30000000,prospect,FV 50
663647,18577,Ke'Bryan Hayes,2017,30000000,prospect,FV 50
663647,18577,Ke'Bryan Hayes,2018,50000000,prospect,FV 55
663647,18577,Ke'Bryan Hayes,2019,63636364,prospect,"FV 55, #46"
663647,18577,Ke'Bryan Hayes,2020,64898990,prospect,"FV 55, #41"
663647,18577,Ke'Bryan Hayes,2021,154017021,mlb_surplus,3.3 WAR
663647,18577,Ke'Bryan Hayes,2022,128477703,mlb_surplus,3.7 WAR
663647,18577,Ke'Bryan Hayes,2023,123062261,mlb_surplus,3.2 WAR
663647,18577,Ke'Bryan Hayes,2024,63782888,mlb_surplus,2.7 WAR
663647,18577,Ke'Bryan Hayes,2025,76372841,mlb_surplus,1.9 WAR
663647,18577,Ke'Bryan Hayes,2026,0,mlb_surplus,1.2 WAR
663656,18345,Kyle Tucker,2016,56565657,prospect,"FV 55, #74"
663656,18345,Kyle Tucker,2017,92979798,prospect,"FV 60, #35"
663656,18345,Kyle Tucker,2018,99343434,prospect,"FV 60, #17"
663656,18345,Kyle Tucker,2019,657646665,mlb_surplus,3.7 WAR
663656,18345,Kyle Tucker,2020,618907759,mlb_surplus,2.1 WAR
663656,18345,Kyle Tucker,2021,604736407,mlb_surplus,4.9 WAR
663656,18345,Kyle Tucker,2022,539113932,mlb_surplus,5.1 WAR
663656,18345,Kyle Tucker,2023,475405110,mlb_surplus,4.9 WAR
663656,18345,Kyle Tucker,2024,435157550,mlb_surplus,5.4 WAR
663656,18345,Kyle Tucker,2025,376945358,mlb_surplus,5.3 WAR
663656,18345,Kyle Tucker,2026,51870314,mlb_surplus,4.6 WAR
663687,21520,Hogan Harris,2019,7000000,prospect,FV 40
663687,21520,Hogan Harris,2020,7000000,prospect,FV 40
663687,21520,Hogan Harris,2021,7000000,prospect,FV 40
663687,21520,Hogan Harris,2023,7000000,prospect,FV 40
663687,21520,Hogan Harris,2025,98126349,mlb_surplus,0.6 WAR
663687,21520,Hogan Harris,2026,11438758,mlb_surplus,0.8 WAR
663697,21523,Jonathan India,2019,61868687,prospect,"FV 55, #53"
663697,21523,Jonathan India,2020,30000000,prospect,FV 50
663697,21523,Jonathan India,2022,159791093,mlb_surplus,3.3 WAR
663697,21523,Jonathan India,2023,106914065,mlb_surplus,1.8 WAR
663697,21523,Jonathan India,2024,128909808,mlb_surplus,3.3 WAR
663697,21523,Jonathan India,2025,121803543,mlb_surplus,3.6 WAR
663697,21523,Jonathan India,2026,7262746,mlb_surplus,1.5 WAR
663698,21524,Joey Bart,2019,69696970,prospect,"FV 55, #22"
663698,21524,Joey Bart,2020,100404040,prospect,"FV 60, #14"
663698,21524,Joey Bart,2021,97519314,mlb_surplus,0.3 WAR
663698,21524,Joey Bart,2022,67424242,prospect,"FV 55, #31"
663698,21524,Joey Bart,2023,88203225,mlb_surplus,0.5 WAR
663698,21524,Joey Bart,2024,84804640,mlb_surplus,1.3 WAR
663698,21524,Joey Bart,2025,90897743,mlb_surplus,2.5 WAR
663698,21524,Joey Bart,2026,25771673,mlb_surplus,1.7 WAR
663704,21527,James McArthur,2022,15000000,prospect,FV 45
663704,21527,James McArthur,2024,77886551,mlb_surplus,0.9 WAR
663704,21527,James McArthur,2025,112317425,mlb_surplus,0.8 WAR
663704,21527,James McArthur,2026,17681293,mlb_surplus,0.9 WAR
663728,21534,Cal Raleigh,2019,30000000,prospect,FV 50
663728,21534,Cal Raleigh,2020,30000000,prospect,FV 50
663728,21534,Cal Raleigh,2021,30000000,prospect,FV 50
663728,21534,Cal Raleigh,2022,643415782,mlb_surplus,4.2 WAR
663728,21534,Cal Raleigh,2023,585082359,mlb_surplus,4.3 WAR
663728,21534,Cal Raleigh,2024,530720444,mlb_surplus,5.4 WAR
663728,21534,Cal Raleigh,2025,380115484,mlb_surplus,9.1 WAR
663728,21534,Cal Raleigh,2026,193259393,mlb_surplus,5.8 WAR
663738,21537,Daniel Lynch IV,2019,50000000,prospect,FV 55
663738,21537,Daniel Lynch IV,2020,59848485,prospect,"FV 55, #61"
663738,21537,Daniel Lynch IV,2021,67929293,prospect,"FV 55, #29"
663738,21537,Daniel Lynch IV,2022,114306851,mlb_surplus,1.9 WAR
663738,21537,Daniel Lynch IV,2023,97449621,mlb_surplus,1.8 WAR
663738,21537,Daniel Lynch IV,2024,72309072,mlb_surplus,1.1 WAR
663738,21537,Daniel Lynch IV,2025,75678243,mlb_surplus,0.4 WAR
663738,21537,Daniel Lynch IV,2026,3615754,mlb_surplus,0.5 WAR
663743,21538,Nick Fortes,2022,7000000,prospect,FV 40
663743,21538,Nick Fortes,2023,271368050,mlb_surplus,4.1 WAR
663743,21538,Nick Fortes,2024,159105650,mlb_surplus,3.0 WAR
663743,21538,Nick Fortes,2025,49756913,mlb_surplus,1.6 WAR
663743,21538,Nick Fortes,2026,0,mlb_surplus,0.3 WAR
663757,18564,Trent Grisham,2016,54292929,prospect,"FV 55, #83"
663757,18564,Trent Grisham,2017,30000000,prospect,FV 50
663757,18564,Trent Grisham,2018,15000000,prospect,FV 45
663757,18564,Trent Grisham,2019,30000000,prospect,FV 50
663757,18564,Trent Grisham,2020,318666714,mlb_surplus,3.1 WAR
663757,18564,Trent Grisham,2021,452709865,mlb_surplus,5.6 WAR
663757,18564,Trent Grisham,2022,287434194,mlb_surplus,3.4 WAR
663757,18564,Trent Grisham,2023,240166851,mlb_surplus,3.3 WAR
663757,18564,Trent Grisham,2024,222893193,mlb_surplus,3.7 WAR
663757,18564,Trent Grisham,2025,230996770,mlb_surplus,3.2 WAR
663757,18564,Trent Grisham,2026,12998253,mlb_surplus,2.8 WAR
663767,21544,Chase Shugart,2026,16471333,mlb_surplus,0.8 WAR
663773,26304,Bryan Hoeing,2024,6351861,mlb_surplus,0.6 WAR
663773,26304,Bryan Hoeing,2025,7894238,mlb_surplus,0.5 WAR
663773,26304,Bryan Hoeing,2026,0,mlb_surplus,Trade Value
663776,19447,Patrick Sandoval,2019,15000000,prospect,FV 45
663776,19447,Patrick Sandoval,2022,339951932,mlb_surplus,3.7 WAR
663776,19447,Patrick Sandoval,2023,293171663,mlb_surplus,2.7 WAR
663776,19447,Patrick Sandoval,2024,274703359,mlb_surplus,2.2 WAR
663776,19447,Patrick Sandoval,2025,368612539,mlb_surplus,2.6 WAR
663776,19447,Patrick Sandoval,2026,21412871,mlb_surplus,2.8 WAR
663795,21546,Justin Hagenman,2026,0,mlb_surplus,Trade Value
663804,21549,Jackson Kowar,2019,30000000,prospect,FV 50
663804,21549,Jackson Kowar,2020,30000000,prospect,FV 50
663804,21549,Jackson Kowar,2021,50000000,prospect,FV 55
663804,21549,Jackson Kowar,2024,49608286,mlb_surplus,0.1 WAR
663804,21549,Jackson Kowar,2025,92530210,mlb_surplus,0.2 WAR
663804,21549,Jackson Kowar,2026,2804999,mlb_surplus,0.2 WAR
663837,21558,Matt Vierling,2022,103300408,mlb_surplus,1.7 WAR
663837,21558,Matt Vierling,2023,157060216,mlb_surplus,2.9 WAR
663837,21558,Matt Vierling,2024,79004485,mlb_surplus,2.3 WAR
663837,21558,Matt Vierling,2025,112323961,mlb_surplus,2.3 WAR
663837,21558,Matt Vierling,2026,12440257,mlb_surplus,1.3 WAR
663853,21562,Romy Gonzalez,2022,15000000,prospect,FV 45
663853,21562,Romy Gonzalez,2023,7454217,mlb_surplus,4yr ctrl
663853,21562,Romy Gonzalez,2024,13440855,mlb_surplus,0.6 WAR
663853,21562,Romy Gonzalez,2025,8873499,mlb_surplus,1.5 WAR
663853,21562,Romy Gonzalez,2026,0,mlb_surplus,Trade Value
663855,19618,Jordan Hicks,2017,15000000,prospect,FV 45
663855,19618,Jordan Hicks,2018,30000000,prospect,FV 50
663855,19618,Jordan Hicks,2019,61255340,mlb_surplus,0.7 WAR
663855,19618,Jordan Hicks,2020,63777707,mlb_surplus,0.7 WAR
663855,19618,Jordan Hicks,2021,74241716,mlb_surplus,0.7 WAR
663855,19618,Jordan Hicks,2023,60603181,mlb_surplus,1.1 WAR
663855,19618,Jordan Hicks,2024,30080463,mlb_surplus,0.9 WAR
663855,19618,Jordan Hicks,2025,72007106,mlb_surplus,0.7 WAR
663855,19618,Jordan Hicks,2026,-13092037,mlb_surplus,0.8 WAR
663878,20160,Nate Pearson,2018,50000000,prospect,FV 55
663878,20160,Nate Pearson,2019,78484848,prospect,"FV 60, #76"
663878,20160,Nate Pearson,2020,131818182,prospect,"FV 65, #8"
663878,20160,Nate Pearson,2021,72727273,prospect,"FV 55, #10"
663878,20160,Nate Pearson,2024,3249712,mlb_surplus,0.4 WAR
663878,20160,Nate Pearson,2025,1953931,mlb_surplus,0.5 WAR
663878,20160,Nate Pearson,2026,-1350000,mlb_surplus,Trade Value
663886,17988,Tyler Stephenson,2016,30000000,prospect,FV 50
663886,17988,Tyler Stephenson,2017,30000000,prospect,FV 50
663886,17988,Tyler Stephenson,2018,30000000,prospect,FV 50
663886,17988,Tyler Stephenson,2019,30000000,prospect,FV 50
663886,17988,Tyler Stephenson,2020,50000000,prospect,FV 55
663886,17988,Tyler Stephenson,2022,56162311,mlb_surplus,1.5 WAR
663886,17988,Tyler Stephenson,2023,73136469,mlb_surplus,2.3 WAR
663886,17988,Tyler Stephenson,2024,76483546,mlb_surplus,3.1 WAR
663886,17988,Tyler Stephenson,2025,48532642,mlb_surplus,2.9 WAR
663886,17988,Tyler Stephenson,2026,-1471787,mlb_surplus,0.7 WAR
663893,21574,Brendon Little,2018,30000000,prospect,FV 50
663893,21574,Brendon Little,2019,7000000,prospect,FV 40
663893,21574,Brendon Little,2020,7000000,prospect,FV 40
663893,21574,Brendon Little,2025,101842240,mlb_surplus,1.3 WAR
663893,21574,Brendon Little,2026,11345795,mlb_surplus,0.8 WAR
663903,25377,Brady Singer,2019,61616162,prospect,"FV 55, #54"
663903,25377,Brady Singer,2021,323789033,mlb_surplus,2.1 WAR
663903,25377,Brady Singer,2022,306996974,mlb_surplus,3.0 WAR
663903,25377,Brady Singer,2023,261216502,mlb_surplus,2.6 WAR
663903,25377,Brady Singer,2024,249811171,mlb_surplus,2.5 WAR
663903,25377,Brady Singer,2025,308410945,mlb_surplus,2.9 WAR
663903,25377,Brady Singer,2026,14241143,mlb_surplus,2.3 WAR
663941,21584,Tristan Beck,2019,15000000,prospect,FV 45
663941,21584,Tristan Beck,2020,15000000,prospect,FV 45
663941,21584,Tristan Beck,2021,7000000,prospect,FV 40
663941,21584,Tristan Beck,2024,58979554,mlb_surplus,0.7 WAR
663941,21584,Tristan Beck,2026,10722843,mlb_surplus,0.8 WAR
663947,26231,Tyler Holton,2024,80277046,mlb_surplus,1.5 WAR
663947,26231,Tyler Holton,2025,106775161,mlb_surplus,0.8 WAR
663947,26231,Tyler Holton,2026,12545265,mlb_surplus,0.8 WAR
663967,21587,César Salazar,2026,0,mlb_surplus,Trade Value
663968,26202,Jake Mangum,2022,7000000,prospect,FV 40
663968,26202,Jake Mangum,2026,0,mlb_surplus,Trade Value
663969,20629,Tyler Phillips,2018,30000000,prospect,FV 50
663969,20629,Tyler Phillips,2019,30000000,prospect,FV 50
663969,20629,Tyler Phillips,2026,13168039,mlb_surplus,0.6 WAR
663978,20099,Chris Paddack,2016,30000000,prospect,FV 50
663978,20099,Chris Paddack,2017,15000000,prospect,FV 45
663978,20099,Chris Paddack,2018,50000000,prospect,FV 55
663978,20099,Chris Paddack,2019,66666667,prospect,"FV 55, #34"
663978,20099,Chris Paddack,2020,203351341,mlb_surplus,2.1 WAR
663978,20099,Chris Paddack,2021,222275836,mlb_surplus,2.0 WAR
663978,20099,Chris Paddack,2022,207470837,mlb_surplus,2.1 WAR
663978,20099,Chris Paddack,2025,278903483,mlb_surplus,2.0 WAR
663978,20099,Chris Paddack,2026,5173444,mlb_surplus,1.0 WAR
663992,19337,Richard Lovelady,2018,15000000,prospect,FV 45
663992,19337,Richard Lovelady,2019,15000000,prospect,FV 45
663992,19337,Richard Lovelady,2020,12139254,mlb_surplus,0.5 WAR
663992,19337,Richard Lovelady,2022,4897214,mlb_surplus,0.5 WAR
663992,19337,Richard Lovelady,2023,14882507,mlb_surplus,0.6 WAR
663992,19337,Richard Lovelady,2024,2338638,mlb_surplus,0.6 WAR
663992,19337,Richard Lovelady,2025,7414901,mlb_surplus,0.7 WAR
663992,19337,Richard Lovelady,2026,-1000000,mlb_surplus,Trade Value
664023,17919,Ian Happ,2016,56060606,prospect,"FV 55, #76"
664023,17919,Ian Happ,2017,68181818,prospect,"FV 55, #28"
664023,17919,Ian Happ,2018,324477318,mlb_surplus,3.9 WAR
664023,17919,Ian Happ,2019,252038804,mlb_surplus,2.2 WAR
664023,17919,Ian Happ,2020,248306966,mlb_surplus,2.5 WAR
664023,17919,Ian Happ,2021,238607768,mlb_surplus,4.0 WAR
664023,17919,Ian Happ,2022,201062614,mlb_surplus,3.7 WAR
664023,17919,Ian Happ,2023,156365730,mlb_surplus,3.3 WAR
664023,17919,Ian Happ,2024,67665140,mlb_surplus,3.6 WAR
664023,17919,Ian Happ,2025,57190303,mlb_surplus,3.4 WAR
664023,17919,Ian Happ,2026,4986206,mlb_surplus,2.1 WAR
664040,18882,Brandon Lowe,2018,30000000,prospect,FV 50
664040,18882,Brandon Lowe,2019,215028568,mlb_surplus,3.2 WAR
664040,18882,Brandon Lowe,2020,162523408,mlb_surplus,2.2 WAR
664040,18882,Brandon Lowe,2021,186746870,mlb_surplus,4.5 WAR
664040,18882,Brandon Lowe,2022,167499204,mlb_surplus,4.6 WAR
664040,18882,Brandon Lowe,2023,107524513,mlb_surplus,3.2 WAR
664040,18882,Brandon Lowe,2024,84854138,mlb_surplus,3.2 WAR
664040,18882,Brandon Lowe,2025,59363897,mlb_surplus,2.7 WAR
664040,18882,Brandon Lowe,2026,6591617,mlb_surplus,1.7 WAR
664056,18030,Harrison Bader,2016,50000000,prospect,FV 55
664056,18030,Harrison Bader,2017,50000000,prospect,FV 55
664056,18030,Harrison Bader,2018,196080555,mlb_surplus,3.7 WAR
664056,18030,Harrison Bader,2019,135155284,mlb_surplus,1.5 WAR
664056,18030,Harrison Bader,2020,176285690,mlb_surplus,3.2 WAR
664056,18030,Harrison Bader,2021,136983852,mlb_surplus,3.2 WAR
664056,18030,Harrison Bader,2022,84247126,mlb_surplus,1.4 WAR
664056,18030,Harrison Bader,2023,83557840,mlb_surplus,1.6 WAR
664056,18030,Harrison Bader,2024,77658202,mlb_surplus,2.3 WAR
664056,18030,Harrison Bader,2025,58456417,mlb_surplus,3.2 WAR
664059,18054,Sam Haggerty,2022,31301504,mlb_surplus,1.6 WAR
664059,18054,Sam Haggerty,2023,-6820594,mlb_surplus,0.1 WAR
664059,18054,Sam Haggerty,2024,24613550,mlb_surplus,1.4 WAR
664059,18054,Sam Haggerty,2026,-1250000,mlb_surplus,Trade Value
664074,17920,Cody Ponce,2016,30000000,prospect,FV 50
664074,17920,Cody Ponce,2017,15000000,prospect,FV 45
664074,17920,Cody Ponce,2018,15000000,prospect,FV 45
664074,17920,Cody Ponce,2022,3336875,mlb_surplus,0.4 WAR
664074,17920,Cody Ponce,2023,4901232,mlb_surplus,0.5 WAR
664074,17920,Cody Ponce,2026,-30000000,mlb_surplus,Trade Value
664076,17897,Garrett Cleavinger,2016,15000000,prospect,FV 45
664076,17897,Garrett Cleavinger,2017,15000000,prospect,FV 45
664076,17897,Garrett Cleavinger,2022,87006690,mlb_surplus,0.4 WAR
664076,17897,Garrett Cleavinger,2023,77343619,mlb_surplus,0.5 WAR
664076,17897,Garrett Cleavinger,2025,128058823,mlb_surplus,0.7 WAR
664076,17897,Garrett Cleavinger,2026,9601171,mlb_surplus,0.9 WAR
664126,17998,Pete Fairbanks,2020,98972812,mlb_surplus,0.6 WAR
664126,17998,Pete Fairbanks,2021,113746456,mlb_surplus,1.0 WAR
664126,17998,Pete Fairbanks,2022,107532250,mlb_surplus,1.2 WAR
664126,17998,Pete Fairbanks,2023,87143568,mlb_surplus,1.3 WAR
664126,17998,Pete Fairbanks,2024,90043213,mlb_surplus,1.0 WAR
664126,17998,Pete Fairbanks,2025,129366631,mlb_surplus,1.0 WAR
664126,17998,Pete Fairbanks,2026,-3316255,mlb_surplus,1.1 WAR
664141,17578,JT Brubaker,2019,7000000,prospect,FV 40
664141,17578,JT Brubaker,2021,137406602,mlb_surplus,2.2 WAR
664141,17578,JT Brubaker,2022,96828799,mlb_surplus,1.9 WAR
664141,17578,JT Brubaker,2023,86140351,mlb_surplus,2.0 WAR
664141,17578,JT Brubaker,2024,75093615,mlb_surplus,2.0 WAR
664141,17578,JT Brubaker,2026,2766854,mlb_surplus,0.6 WAR
664199,17611,Taylor Clarke,2016,30000000,prospect,FV 50
664199,17611,Taylor Clarke,2017,30000000,prospect,FV 50
664199,17611,Taylor Clarke,2018,15000000,prospect,FV 45
664199,17611,Taylor Clarke,2019,15000000,prospect,FV 45
664199,17611,Taylor Clarke,2020,58517523,mlb_surplus,0.2 WAR
664199,17611,Taylor Clarke,2022,73290896,mlb_surplus,0.7 WAR
664199,17611,Taylor Clarke,2023,63251591,mlb_surplus,0.5 WAR
664199,17611,Taylor Clarke,2024,68873490,mlb_surplus,0.5 WAR
664199,17611,Taylor Clarke,2025,104705097,mlb_surplus,0.5 WAR
664199,17611,Taylor Clarke,2026,4340300,mlb_surplus,0.7 WAR
664208,18064,Phil Maton,2016,15000000,prospect,FV 45
664208,18064,Phil Maton,2018,54963628,mlb_surplus,0.6 WAR
664208,18064,Phil Maton,2019,77516901,mlb_surplus,0.5 WAR
664208,18064,Phil Maton,2020,83720497,mlb_surplus,0.7 WAR
664208,18064,Phil Maton,2021,98542913,mlb_surplus,0.6 WAR
664208,18064,Phil Maton,2022,97075075,mlb_surplus,0.8 WAR
664208,18064,Phil Maton,2023,84669102,mlb_surplus,0.7 WAR
664208,18064,Phil Maton,2024,90594662,mlb_surplus,0.7 WAR
664208,18064,Phil Maton,2025,132967462,mlb_surplus,1.5 WAR
664208,18064,Phil Maton,2026,5212229,mlb_surplus,0.9 WAR
664285,17295,Framber Valdez,2017,15000000,prospect,FV 45
664285,17295,Framber Valdez,2018,15000000,prospect,FV 45
664285,17295,Framber Valdez,2019,30000000,prospect,FV 50
664285,17295,Framber Valdez,2020,409288549,mlb_surplus,2.0 WAR
664285,17295,Framber Valdez,2021,417691796,mlb_surplus,2.0 WAR
664285,17295,Framber Valdez,2022,404274338,mlb_surplus,4.4 WAR
664285,17295,Framber Valdez,2023,329154645,mlb_surplus,4.4 WAR
664285,17295,Framber Valdez,2024,290623284,mlb_surplus,3.7 WAR
664285,17295,Framber Valdez,2025,347687817,mlb_surplus,4.0 WAR
664285,17295,Framber Valdez,2026,-6440444,mlb_surplus,2.8 WAR
664299,17606,Cristian Javier,2018,15000000,prospect,FV 45
664299,17606,Cristian Javier,2021,87949581,mlb_surplus,1.3 WAR
664299,17606,Cristian Javier,2022,60608013,mlb_surplus,3.4 WAR
664299,17606,Cristian Javier,2023,69154686,mlb_surplus,2.2 WAR
664299,17606,Cristian Javier,2024,24847842,mlb_surplus,1.5 WAR
664299,17606,Cristian Javier,2025,8991860,mlb_surplus,1.6 WAR
664299,17606,Cristian Javier,2026,-42800000,mlb_surplus,Trade Value
664353,18413,Jose Urquidy,2022,30823377,mlb_surplus,1.5 WAR
664353,18413,Jose Urquidy,2023,10915803,mlb_surplus,1.1 WAR
664353,18413,Jose Urquidy,2024,-1838143,mlb_surplus,0.4 WAR
664353,18413,Jose Urquidy,2025,-1677626,mlb_surplus,0.4 WAR
664353,18413,José Urquidy,2026,-1500000,mlb_surplus,Trade Value
664702,17620,Myles Straw,2018,15000000,prospect,FV 45
664702,17620,Myles Straw,2019,15000000,prospect,FV 45
664702,17620,Myles Straw,2020,198298588,mlb_surplus,3.5 WAR
664702,17620,Myles Straw,2021,125392240,mlb_surplus,3.1 WAR
664702,17620,Myles Straw,2022,113645264,mlb_surplus,2.1 WAR
664702,17620,Myles Straw,2023,127677006,mlb_surplus,2.3 WAR
664702,17620,Myles Straw,2024,57622044,mlb_surplus,1.8 WAR
664702,17620,Myles Straw,2026,-3496627,mlb_surplus,0.6 WAR
664728,21614,Kyle Isbel,2019,30000000,prospect,FV 50
664728,21614,Kyle Isbel,2020,30000000,prospect,FV 50
664728,21614,Kyle Isbel,2021,30000000,prospect,FV 50
664728,21614,Kyle Isbel,2022,51821924,mlb_surplus,0.5 WAR
664728,21614,Kyle Isbel,2023,49468824,mlb_surplus,1.1 WAR
664728,21614,Kyle Isbel,2024,54578927,mlb_surplus,1.7 WAR
664728,21614,Kyle Isbel,2025,37826939,mlb_surplus,1.1 WAR
664728,21614,Kyle Isbel,2026,12615660,mlb_surplus,1.2 WAR
664744,21131,Jose Espada,2016,15000000,prospect,FV 45
664744,21131,Jose Espada,2026,0,mlb_surplus,Trade Value
664747,21132,Alexis Diaz,2023,76084605,mlb_surplus,1.7 WAR
664747,21132,Alexis Diaz,2024,66071382,mlb_surplus,1.0 WAR
664747,21132,Alexis Diaz,2025,96122755,mlb_surplus,0.8 WAR
664747,21132,Alexis Diaz,2026,2932948,mlb_surplus,0.5 WAR
664761,21618,Alec Bohm,2019,60353535,prospect,"FV 55, #59"
664761,21618,Alec Bohm,2021,205182565,mlb_surplus,3.1 WAR
664761,21618,Alec Bohm,2022,182446562,mlb_surplus,3.1 WAR
664761,21618,Alec Bohm,2023,156355107,mlb_surplus,2.8 WAR
664761,21618,Alec Bohm,2024,141365213,mlb_surplus,3.4 WAR
664761,21618,Alec Bohm,2025,113460500,mlb_surplus,3.3 WAR
664761,21618,Alec Bohm,2026,11212409,mlb_surplus,1.9 WAR
664770,18123,Nathan Lukes,2025,72816047,mlb_surplus,1.9 WAR
664770,18123,Nathan Lukes,2026,9190469,mlb_surplus,1.3 WAR
664849,18439,Danny Young,2025,28985380,mlb_surplus,0.8 WAR
664849,18439,Danny Young,2026,-925000,mlb_surplus,Trade Value
664854,18138,Ryan Helsley,2018,30000000,prospect,FV 50
664854,18138,Ryan Helsley,2019,30000000,prospect,FV 50
664854,18138,Ryan Helsley,2020,119616156,mlb_surplus,0.5 WAR
664854,18138,Ryan Helsley,2022,130509547,mlb_surplus,2.0 WAR
664854,18138,Ryan Helsley,2023,105098006,mlb_surplus,1.5 WAR
664854,18138,Ryan Helsley,2024,102261841,mlb_surplus,2.3 WAR
664854,18138,Ryan Helsley,2025,119692443,mlb_surplus,1.0 WAR
664854,18138,Ryan Helsley,2026,-9190919,mlb_surplus,1.1 WAR
664875,17639,Justin Lawrence,2019,15000000,prospect,FV 45
664875,17639,Justin Lawrence,2022,81039838,mlb_surplus,0.8 WAR
664875,17639,Justin Lawrence,2023,74263463,mlb_surplus,1.2 WAR
664875,17639,Justin Lawrence,2024,70642998,mlb_surplus,1.0 WAR
664875,17639,Justin Lawrence,2025,100911964,mlb_surplus,0.8 WAR
664875,17639,Justin Lawrence,2026,7288045,mlb_surplus,0.7 WAR
664983,21622,Jake McCarthy,2019,15000000,prospect,FV 45
664983,21622,Jake McCarthy,2022,47924934,mlb_surplus,2.2 WAR
664983,21622,Jake McCarthy,2023,63714036,mlb_surplus,0.7 WAR
664983,21622,Jake McCarthy,2024,87764487,mlb_surplus,3.0 WAR
664983,21622,Jake McCarthy,2025,91805557,mlb_surplus,2.2 WAR
664983,21622,Jake McCarthy,2026,0,mlb_surplus,Trade Value
664991,21623,Grant Wolfram,2026,26924453,mlb_surplus,0.8 WAR
665019,20572,Kody Clemens,2019,15000000,prospect,FV 45
665019,20572,Kody Clemens,2020,15000000,prospect,FV 45
665019,20572,Kody Clemens,2021,15000000,prospect,FV 45
665019,20572,Kody Clemens,2022,15000000,prospect,FV 45
665019,20572,Kody Clemens,2023,66463897,mlb_surplus,1.6 WAR
665019,20572,Kody Clemens,2024,3157683,mlb_surplus,5yr ctrl
665019,20572,Kody Clemens,2025,20938847,mlb_surplus,1.3 WAR
665019,20572,Kody Clemens,2026,0,mlb_surplus,Trade Value
665052,21626,Griffin Conine,2019,15000000,prospect,FV 45
665052,21626,Griffin Conine,2020,15000000,prospect,FV 45
665052,21626,Griffin Conine,2021,15000000,prospect,FV 45
665052,21626,Griffin Conine,2022,7000000,prospect,FV 40
665052,21626,Griffin Conine,2026,0,mlb_surplus,Trade Value
665152,19350,Dean Kremer,2019,30000000,prospect,FV 50
665152,19350,Dean Kremer,2020,30000000,prospect,FV 50
665152,19350,Dean Kremer,2022,214799566,mlb_surplus,1.8 WAR
665152,19350,Dean Kremer,2023,179544474,mlb_surplus,1.6 WAR
665152,19350,Dean Kremer,2024,184400257,mlb_surplus,1.4 WAR
665152,19350,Dean Kremer,2025,248646439,mlb_surplus,2.6 WAR
665152,19350,Dean Kremer,2026,19983028,mlb_surplus,1.6 WAR
665161,21636,Jeremy Pena,2019,15000000,prospect,FV 45
665161,21636,Jeremy Pena,2020,15000000,prospect,FV 45
665161,21636,Jeremy Pena,2021,30000000,prospect,FV 50
665161,21636,Jeremy Pena,2022,50000000,prospect,FV 55
665161,21636,Jeremy Pena,2023,414926415,mlb_surplus,2.7 WAR
665161,21636,Jeremy Pena,2024,401313798,mlb_surplus,2.8 WAR
665161,21636,Jeremy Pena,2025,423506065,mlb_surplus,5.7 WAR
665161,21636,Jeremy Pena,2026,78019220,mlb_surplus,4.1 WAR
665487,19709,Fernando Tatis Jr.,2017,50000000,prospect,FV 55
665487,19709,Fernando Tatis Jr.,2018,175757576,prospect,"FV 70, #8"
665487,19709,Fernando Tatis Jr.,2019,179393939,prospect,"FV 70, #2"
665487,19709,Fernando Tatis Jr.,2020,771398318,mlb_surplus,4.1 WAR
665487,19709,Fernando Tatis Jr.,2021,1050751381,mlb_surplus,8.1 WAR
665487,19709,Fernando Tatis Jr.,2022,501600855,mlb_surplus,6.6 WAR
665487,19709,Fernando Tatis Jr.,2024,343357850,mlb_surplus,6.0 WAR
665487,19709,Fernando Tatis Jr.,2025,322777382,mlb_surplus,6.1 WAR
665487,19709,Fernando Tatis Jr.,2026,135688372,mlb_surplus,5.4 WAR
665489,19611,Vladimir Guerrero Jr.,2016,30000000,prospect,FV 50
665489,19611,Vladimir Guerrero Jr.,2017,93333333,prospect,"FV 60, #34"
665489,19611,Vladimir Guerrero Jr.,2018,178787879,prospect,"FV 70, #3"
665489,19611,Vladimir Guerrero Jr.,2020,546034221,mlb_surplus,2.6 WAR
665489,19611,Vladimir Guerrero Jr.,2021,520945035,mlb_surplus,6.3 WAR
665489,19611,Vladimir Guerrero Jr.,2022,462826723,mlb_surplus,4.2 WAR
665489,19611,Vladimir Guerrero Jr.,2023,404996048,mlb_surplus,2.8 WAR
665489,19611,Vladimir Guerrero Jr.,2024,373529772,mlb_surplus,5.3 WAR
665489,19611,Vladimir Guerrero Jr.,2025,289925731,mlb_surplus,3.9 WAR
665489,19611,Vladimir Guerrero Jr.,2026,-233510695,mlb_surplus,3.8 WAR
665561,21646,Rafael Marchan,2019,15000000,prospect,FV 45
665561,21646,Rafael Marchan,2020,30000000,prospect,FV 50
665561,21646,Rafael Marchan,2021,30000000,prospect,FV 50
665561,21646,Rafael Marchan,2026,22490089,mlb_surplus,1.2 WAR
665622,21649,Luis Medina,2018,30000000,prospect,FV 50
665622,21649,Luis Medina,2019,15000000,prospect,FV 45
665622,21649,Luis Medina,2020,15000000,prospect,FV 45
665622,21649,Luis Medina,2021,30000000,prospect,FV 50
665622,21649,Luis Medina,2022,30000000,prospect,FV 50
665622,21649,Luis Medina,2023,7000000,prospect,FV 40
665622,21649,Luis Medina,2024,233049583,mlb_surplus,0.4 WAR
665622,21649,Luis Medina,2025,362212937,mlb_surplus,2.0 WAR
665622,21649,Luis Medina,2026,41912684,mlb_surplus,2.1 WAR
665645,21656,Kervin Castro,2021,7000000,prospect,FV 40
665645,21656,Kervin Castro,2022,7000000,prospect,FV 40
665645,21656,Kervin Castro,2026,0,mlb_surplus,Trade Value
665660,21662,Elvis Alvarado,2023,7000000,prospect,FV 40
665660,21662,Elvis Alvarado,2026,20171794,mlb_surplus,0.9 WAR
665665,19754,Reiver Sanmartin,2020,7000000,prospect,FV 40
665665,19754,Reiver Sanmartin,2022,7000000,prospect,FV 40
665665,19754,Reiver Sanmartin,2023,20496930,mlb_surplus,0.7 WAR
665665,19754,Reiver Sanmartin,2026,0,mlb_surplus,Trade Value
665742,20123,Juan Soto,2016,15000000,prospect,FV 45
665742,20123,Juan Soto,2017,50000000,prospect,FV 55
665742,20123,Juan Soto,2018,122272727,prospect,"FV 65, #29"
665742,20123,Juan Soto,2019,1089392472,mlb_surplus,5.4 WAR
665742,20123,Juan Soto,2020,1117011236,mlb_surplus,6.1 WAR
665742,20123,Juan Soto,2021,1129206073,mlb_surplus,7.1 WAR
665742,20123,Juan Soto,2022,1043119371,mlb_surplus,7.3 WAR
665742,20123,Juan Soto,2023,913110461,mlb_surplus,6.6 WAR
665742,20123,Juan Soto,2024,845406420,mlb_surplus,8.3 WAR
665742,20123,Juan Soto,2025,130575750,mlb_surplus,7.6 WAR
665742,20123,Juan Soto,2026,154580066,mlb_surplus,6.7 WAR
665750,18900,Leody Taveras,2016,30000000,prospect,FV 50
665750,18900,Leody Taveras,2017,61363636,prospect,"FV 55, #55"
665750,18900,Leody Taveras,2018,66666667,prospect,"FV 55, #34"
665750,18900,Leody Taveras,2019,30000000,prospect,FV 50
665750,18900,Leody Taveras,2020,30000000,prospect,FV 50
665750,18900,Leody Taveras,2021,161616955,mlb_surplus,2.5 WAR
665750,18900,Leody Taveras,2022,246961051,mlb_surplus,3.9 WAR
665750,18900,Leody Taveras,2023,64202077,mlb_surplus,2.5 WAR
665750,18900,Leody Taveras,2024,108647877,mlb_surplus,2.1 WAR
665750,18900,Leody Taveras,2025,126561988,mlb_surplus,2.2 WAR
665750,18900,Leody Taveras,2026,2399823,mlb_surplus,0.6 WAR
665795,21690,Edward Cabrera,2017,15000000,prospect,FV 45
665795,21690,Edward Cabrera,2018,30000000,prospect,FV 50
665795,21690,Edward Cabrera,2019,50000000,prospect,FV 55
665795,21690,Edward Cabrera,2020,54040404,prospect,"FV 55, #84"
665795,21690,Edward Cabrera,2021,58333333,prospect,"FV 55, #67"
665795,21690,Edward Cabrera,2022,66666667,prospect,"FV 55, #34"
665795,21690,Edward Cabrera,2023,187264985,mlb_surplus,1.1 WAR
665795,21690,Edward Cabrera,2024,193472123,mlb_surplus,0.6 WAR
665795,21690,Edward Cabrera,2025,255332121,mlb_surplus,2.0 WAR
665795,21690,Edward Cabrera,2026,33689907,mlb_surplus,1.6 WAR
665804,21693,Miguel Amaya,2018,50000000,prospect,FV 55
665804,21693,Miguel Amaya,2019,51515152,prospect,"FV 55, #94"
665804,21693,Miguel Amaya,2020,51515152,prospect,"FV 55, #94"
665804,21693,Miguel Amaya,2021,31818182,prospect,"FV 50, #88"
665804,21693,Miguel Amaya,2022,15000000,prospect,FV 45
665804,21693,Miguel Amaya,2023,15000000,prospect,FV 45
665804,21693,Miguel Amaya,2024,214408151,mlb_surplus,3.0 WAR
665804,21693,Miguel Amaya,2025,207255923,mlb_surplus,3.2 WAR
665804,21693,Miguel Amaya,2026,37912365,mlb_surplus,2.6 WAR
665828,21707,Oswaldo Cabrera,2022,15000000,prospect,FV 45
665828,21707,Oswaldo Cabrera,2023,123135990,mlb_surplus,2.6 WAR
665828,21707,Oswaldo Cabrera,2024,82818850,mlb_surplus,1.6 WAR
665828,21707,Oswaldo Cabrera,2025,153079688,mlb_surplus,1.3 WAR
665828,21707,Oswaldo Cabrera,2026,8205799,mlb_surplus,0.4 WAR
665833,21711,Oneil Cruz,2017,15000000,prospect,FV 45
665833,21711,Oneil Cruz,2018,30000000,prospect,FV 50
665833,21711,Oneil Cruz,2019,51010101,prospect,"FV 55, #96"
665833,21711,Oneil Cruz,2020,59090909,prospect,"FV 55, #64"
665833,21711,Oneil Cruz,2021,59343434,prospect,"FV 55, #63"
665833,21711,Oneil Cruz,2022,68686869,prospect,"FV 55, #26"
665833,21711,Oneil Cruz,2023,270678385,mlb_surplus,1.8 WAR
665833,21711,Oneil Cruz,2025,387442990,mlb_surplus,2.6 WAR
665833,21711,Oneil Cruz,2026,71080482,mlb_surplus,3.0 WAR
665839,21716,Enmanuel Valdez,2023,15000000,prospect,FV 45
665839,21716,Enmanuel Valdez,2024,21117974,mlb_surplus,0.8 WAR
665839,21716,Enmanuel Valdez,2025,98016875,mlb_surplus,2.5 WAR
665839,21716,Enmanuel Valdez,2026,7200000,mlb_surplus,0.3 WAR
665862,20454,Jazz Chisholm Jr.,2017,15000000,prospect,FV 45
665862,20454,Jazz Chisholm Jr.,2019,60101010,prospect,"FV 55, #60"
665862,20454,Jazz Chisholm Jr.,2020,58585859,prospect,"FV 55, #66"
665862,20454,Jazz Chisholm Jr.,2022,431653407,mlb_surplus,2.5 WAR
665862,20454,Jazz Chisholm Jr.,2023,402567180,mlb_surplus,4.0 WAR
665862,20454,Jazz Chisholm Jr.,2024,382603884,mlb_surplus,4.0 WAR
665862,20454,Jazz Chisholm Jr.,2025,471762642,mlb_surplus,4.4 WAR
665862,20454,Jazz Chisholm Jr.,2026,46721717,mlb_surplus,4.0 WAR
665871,21741,Javier Assad,2018,15000000,prospect,FV 45
665871,21741,Javier Assad,2024,108575256,mlb_surplus,1.0 WAR
665871,21741,Javier Assad,2025,218258745,mlb_surplus,0.9 WAR
665871,21741,Javier Assad,2026,14482329,mlb_surplus,1.0 WAR
665877,21746,Jose Fermin,2019,7000000,prospect,FV 40
665877,21746,Jose Fermin,2025,101119140,mlb_surplus,2.3 WAR
665877,21746,Jose Fermin,2026,0,mlb_surplus,Trade Value
665923,21780,Esteury Ruiz,2023,30000000,prospect,FV 50
665923,21780,Esteury Ruiz,2024,99472760,mlb_surplus,1.2 WAR
665923,21780,Esteury Ruiz,2026,10300000,mlb_surplus,Trade Value
665926,19950,Andres Gimenez,2016,15000000,prospect,FV 45
665926,19950,Andres Gimenez,2017,30000000,prospect,FV 50
665926,19950,Andres Gimenez,2018,50000000,prospect,FV 55
665926,19950,Andres Gimenez,2019,60606061,prospect,"FV 55, #58"
665926,19950,Andres Gimenez,2021,504916331,mlb_surplus,3.3 WAR
665926,19950,Andres Gimenez,2022,444382856,mlb_surplus,6.1 WAR
665926,19950,Andres Gimenez,2023,331202903,mlb_surplus,3.8 WAR
665926,19950,Andres Gimenez,2024,316764031,mlb_surplus,2.8 WAR
665926,19950,Andres Gimenez,2025,433894174,mlb_surplus,3.0 WAR
665926,19950,Andres Gimenez,2026,60311787,mlb_surplus,2.6 WAR
665953,21797,Andres Chaparro,2025,25450114,mlb_surplus,1.2 WAR
665953,21797,Andres Chaparro,2026,0,mlb_surplus,Trade Value
665966,19722,Carlos Narvaez,2026,51662355,mlb_surplus,2.5 WAR
666018,21837,Jonathan Aranda,2023,71413470,mlb_surplus,0.7 WAR
666018,21837,Jonathan Aranda,2024,61096778,mlb_surplus,0.4 WAR
666018,21837,Jonathan Aranda,2025,59083319,mlb_surplus,2.5 WAR
666018,21837,Jonathan Aranda,2026,18944190,mlb_surplus,2.0 WAR
666023,21840,Freddy Fermin,2024,120771378,mlb_surplus,3.1 WAR
666023,21840,Freddy Fermin,2025,40626792,mlb_surplus,1.7 WAR
666023,21840,Freddy Fermin,2026,0,mlb_surplus,1.0 WAR
666126,21842,Carlos Cortes,2019,15000000,prospect,FV 45
666126,21842,Carlos Cortes,2020,7000000,prospect,FV 40
666126,21842,Carlos Cortes,2021,15000000,prospect,FV 45
666126,21842,Carlos Cortes,2022,15000000,prospect,FV 45
666126,21842,Carlos Cortes,2026,0,mlb_surplus,Trade Value
666129,21844,Braxton Garrett,2017,38636364,prospect,"FV 50, #43"
666129,21844,Braxton Garrett,2018,30000000,prospect,FV 50
666129,21844,Braxton Garrett,2019,30000000,prospect,FV 50
666129,21844,Braxton Garrett,2020,30000000,prospect,FV 50
666129,21844,Braxton Garrett,2021,15000000,prospect,FV 45
666129,21844,Braxton Garrett,2022,7000000,prospect,FV 40
666129,21844,Braxton Garrett,2023,272368577,mlb_surplus,3.1 WAR
666129,21844,Braxton Garrett,2024,254805719,mlb_surplus,2.5 WAR
666129,21844,Braxton Garrett,2025,313342446,mlb_surplus,2.4 WAR
666129,21844,Braxton Garrett,2026,56100725,mlb_surplus,2.5 WAR
666134,20529,Nolan Jones,2018,50000000,prospect,FV 55
666134,20529,Nolan Jones,2019,58333333,prospect,"FV 55, #67"
666134,20529,Nolan Jones,2020,64646465,prospect,"FV 55, #42"
666134,20529,Nolan Jones,2021,66161616,prospect,"FV 55, #36"
666134,20529,Nolan Jones,2022,30000000,prospect,FV 50
666134,20529,Nolan Jones,2023,55678413,mlb_surplus,3.7 WAR
666134,20529,Nolan Jones,2024,78580782,mlb_surplus,2.6 WAR
666134,20529,Nolan Jones,2025,30705946,mlb_surplus,1.2 WAR
666134,20529,Nolan Jones,2026,0,mlb_surplus,Trade Value
666139,19953,Josh Lowe,2017,30000000,prospect,FV 50
666139,19953,Josh Lowe,2018,30000000,prospect,FV 50
666139,19953,Josh Lowe,2019,15000000,prospect,FV 45
666139,19953,Josh Lowe,2022,62626263,prospect,"FV 55, #50"
666139,19953,Josh Lowe,2023,42163461,mlb_surplus,3.4 WAR
666139,19953,Josh Lowe,2024,56876788,mlb_surplus,2.1 WAR
666139,19953,Josh Lowe,2025,466666,mlb_surplus,0.5 WAR
666139,19953,Josh Lowe,2026,0,mlb_surplus,Trade Value
666142,21846,Cole Ragans,2017,30000000,prospect,FV 50
666142,21846,Cole Ragans,2018,30000000,prospect,FV 50
666142,21846,Cole Ragans,2019,30000000,prospect,FV 50
666142,21846,Cole Ragans,2024,449826696,mlb_surplus,4.9 WAR
666142,21846,Cole Ragans,2025,476767823,mlb_surplus,3.1 WAR
666142,21846,Cole Ragans,2026,98629242,mlb_surplus,3.3 WAR
666149,26208,Tyler Fitzgerald,2020,7000000,prospect,FV 40
666149,26208,Tyler Fitzgerald,2024,7000000,prospect,FV 40
666149,26208,Tyler Fitzgerald,2025,88373480,mlb_surplus,0.1 WAR
666149,26208,Tyler Fitzgerald,2026,2846667,mlb_surplus,0.3 WAR
666152,27531,David Hamilton,2021,15000000,prospect,FV 45
666152,27531,David Hamilton,2023,7000000,prospect,FV 40
666152,27531,David Hamilton,2024,7000000,prospect,FV 40
666152,27531,David Hamilton,2025,306537120,mlb_surplus,1.2 WAR
666152,27531,David Hamilton,2026,2240000,mlb_surplus,0.2 WAR
666157,26378,Nick Lodolo,2020,63131313,prospect,"FV 55, #48"
666157,26378,Nick Lodolo,2021,60606061,prospect,"FV 55, #58"
666157,26378,Nick Lodolo,2022,64646465,prospect,"FV 55, #42"
666157,26378,Nick Lodolo,2023,273933763,mlb_surplus,2.6 WAR
666157,26378,Nick Lodolo,2024,250926483,mlb_surplus,2.5 WAR
666157,26378,Nick Lodolo,2025,289119177,mlb_surplus,2.8 WAR
666157,26378,Nick Lodolo,2026,43787087,mlb_surplus,2.5 WAR
666158,19955,Gavin Lux,2018,50000000,prospect,FV 55
666158,19955,Gavin Lux,2019,103636364,prospect,"FV 65, #70"
666158,19955,Gavin Lux,2020,295606246,mlb_surplus,4.0 WAR
666158,19955,Gavin Lux,2022,207451763,mlb_surplus,2.7 WAR
666158,19955,Gavin Lux,2023,86691555,mlb_surplus,1.6 WAR
666158,19955,Gavin Lux,2025,160896889,mlb_surplus,1.8 WAR
666158,19955,Gavin Lux,2026,8887765,mlb_surplus,1.4 WAR
666160,19956,Mickey Moniak,2017,70454545,prospect,"FV 55, #19"
666160,19956,Mickey Moniak,2018,31818182,prospect,"FV 50, #88"
666160,19956,Mickey Moniak,2019,15000000,prospect,FV 45
666160,19956,Mickey Moniak,2020,15000000,prospect,FV 45
666160,19956,Mickey Moniak,2021,15000000,prospect,FV 45
666160,19956,Mickey Moniak,2023,13092591,mlb_surplus,1.8 WAR
666160,19956,Mickey Moniak,2024,-3476120,mlb_surplus,0.1 WAR
666160,19956,Mickey Moniak,2025,2295567,mlb_surplus,0.6 WAR
666160,19956,Mickey Moniak,2026,0,mlb_surplus,Trade Value
666163,20287,Ben Rortvedt,2017,15000000,prospect,FV 45
666163,20287,Ben Rortvedt,2018,15000000,prospect,FV 45
666163,20287,Ben Rortvedt,2019,7000000,prospect,FV 40
666163,20287,Ben Rortvedt,2020,7000000,prospect,FV 40
666163,20287,Ben Rortvedt,2022,167719687,mlb_surplus,2.0 WAR
666163,20287,Ben Rortvedt,2024,202198118,mlb_surplus,4.2 WAR
666163,20287,Ben Rortvedt,2025,48018586,mlb_surplus,1.1 WAR
666163,20287,Ben Rortvedt,2026,-1250000,mlb_surplus,Trade Value
666171,25420,Ryan Zeferjahn,2026,17583250,mlb_surplus,0.7 WAR
666176,20220,Jo Adell,2018,83434343,prospect,"FV 60, #62"
666176,20220,Jo Adell,2019,129090909,prospect,"FV 65, #14"
666176,20220,Jo Adell,2021,73718557,mlb_surplus,0.2 WAR
666176,20220,Jo Adell,2022,96899825,mlb_surplus,5yr ctrl
666176,20220,Jo Adell,2023,69616231,mlb_surplus,0.2 WAR
666176,20220,Jo Adell,2025,102637819,mlb_surplus,1.2 WAR
666176,20220,Jo Adell,2026,6560076,mlb_surplus,0.4 WAR
666181,21853,Will Benson,2017,30000000,prospect,FV 50
666181,21853,Will Benson,2018,15000000,prospect,FV 45
666181,21853,Will Benson,2019,15000000,prospect,FV 45
666181,21853,Will Benson,2024,-4467723,mlb_surplus,5yr ctrl
666181,21853,Will Benson,2025,45008506,mlb_surplus,4yr ctrl
666181,21853,Will Benson,2026,0,mlb_surplus,Trade Value
666182,19612,Bo Bichette,2018,100404040,prospect,"FV 60, #14"
666182,19612,Bo Bichette,2019,101464646,prospect,"FV 60, #11"
666182,19612,Bo Bichette,2020,447662412,mlb_surplus,1.7 WAR
666182,19612,Bo Bichette,2021,490507748,mlb_surplus,4.9 WAR
666182,19612,Bo Bichette,2022,421983591,mlb_surplus,4.8 WAR
666182,19612,Bo Bichette,2023,316198363,mlb_surplus,3.9 WAR
666182,19612,Bo Bichette,2024,304202686,mlb_surplus,4.0 WAR
666182,19612,Bo Bichette,2025,286556442,mlb_surplus,3.8 WAR
666182,19612,Bo Bichette,2026,-7069162,mlb_surplus,3.4 WAR
666200,19959,Jesus Luzardo,2017,30000000,prospect,FV 50
666200,19959,Jesus Luzardo,2018,84141414,prospect,"FV 60, #60"
666200,19959,Jesus Luzardo,2019,72222222,prospect,"FV 55, #12"
666200,19959,Jesus Luzardo,2022,485797504,mlb_surplus,2.3 WAR
666200,19959,Jesus Luzardo,2023,454486244,mlb_surplus,3.8 WAR
666200,19959,Jesus Luzardo,2024,438351442,mlb_surplus,2.5 WAR
666200,19959,Jesus Luzardo,2026,36928061,mlb_surplus,3.6 WAR
666201,26410,Alek Manoah,2020,30000000,prospect,FV 50
666201,26410,Alek Manoah,2022,154233977,mlb_surplus,3.9 WAR
666201,26410,Alek Manoah,2023,123161022,mlb_surplus,2.5 WAR
666201,26410,Alek Manoah,2024,32784601,mlb_surplus,1.2 WAR
666201,26410,Alek Manoah,2026,-1950000,mlb_surplus,Trade Value
666214,19962,Joey Wentz,2017,50000000,prospect,FV 55
666214,19962,Joey Wentz,2018,30000000,prospect,FV 50
666214,19962,Joey Wentz,2019,30000000,prospect,FV 50
666214,19962,Joey Wentz,2020,30000000,prospect,FV 50
666214,19962,Joey Wentz,2021,15000000,prospect,FV 45
666214,19962,Joey Wentz,2022,7000000,prospect,FV 40
666214,19962,Joey Wentz,2023,30000000,prospect,FV 50
666214,19962,Joey Wentz,2024,54667385,mlb_surplus,0.4 WAR
666214,19962,Joey Wentz,2025,93624696,mlb_surplus,1.1 WAR
666214,19962,Joey Wentz,2026,4735878,mlb_surplus,0.6 WAR
666277,21863,George Soriano,2022,7000000,prospect,FV 40
666277,21863,George Soriano,2023,7000000,prospect,FV 40
666277,21863,George Soriano,2024,57031620,mlb_surplus,0.7 WAR
666277,21863,George Soriano,2025,93221520,mlb_surplus,0.5 WAR
666277,21863,George Soriano,2026,7300013,mlb_surplus,0.6 WAR
666310,21865,Bo Naylor,2019,30000000,prospect,FV 50
666310,21865,Bo Naylor,2020,30000000,prospect,FV 50
666310,21865,Bo Naylor,2021,30000000,prospect,FV 50
666310,21865,Bo Naylor,2022,50000000,prospect,FV 55
666310,21865,Bo Naylor,2023,59090909,prospect,"FV 55, #64"
666310,21865,Bo Naylor,2024,359304699,mlb_surplus,3.9 WAR
666310,21865,Bo Naylor,2025,243518970,mlb_surplus,2.3 WAR
666310,21865,Bo Naylor,2026,47590280,mlb_surplus,2.5 WAR
666374,25756,Matt Brash,2022,50505051,prospect,"FV 55, #98"
666374,25756,Matt Brash,2023,117147268,mlb_surplus,2.0 WAR
666374,25756,Matt Brash,2024,90071248,mlb_surplus,1.0 WAR
666374,25756,Matt Brash,2025,124737418,mlb_surplus,1.0 WAR
666374,25756,Matt Brash,2026,20846917,mlb_surplus,1.1 WAR
666397,27534,Edouard Julien,2023,50000000,prospect,FV 55
666397,27534,Edouard Julien,2024,57467341,mlb_surplus,2.0 WAR
666397,27534,Edouard Julien,2025,60679416,mlb_surplus,1.6 WAR
666397,27534,Edouard Julien,2026,5500000,mlb_surplus,Trade Value
666464,21871,Jerar Encarnacion,2020,15000000,prospect,FV 45
666464,21871,Jerar Encarnacion,2021,7000000,prospect,FV 40
666464,21871,Jerar Encarnacion,2022,15000000,prospect,FV 45
666464,21871,Jerar Encarnacion,2023,-8551583,mlb_surplus,5yr ctrl
666464,21871,Jerar Encarnacion,2025,2426569,mlb_surplus,0.6 WAR
666464,21871,Jerar Encarnacion,2026,0,mlb_surplus,Trade Value
666624,21897,Christopher Morel,2019,15000000,prospect,FV 45
666624,21897,Christopher Morel,2020,15000000,prospect,FV 45
666624,21897,Christopher Morel,2021,15000000,prospect,FV 45
666624,21897,Christopher Morel,2022,7000000,prospect,FV 40
666624,21897,Christopher Morel,2023,138338074,mlb_surplus,2.8 WAR
666624,21897,Christopher Morel,2024,149344672,mlb_surplus,3.5 WAR
666624,21897,Christopher Morel,2025,77316186,mlb_surplus,2.0 WAR
666624,21897,Christopher Morel,2026,-2000000,mlb_surplus,Trade Value
666661,21924,Juan Morillo,2026,33635174,mlb_surplus,1.0 WAR
666711,21951,Joel Peguero,2026,26454578,mlb_surplus,0.8 WAR
666808,21992,Camilo Doval,2019,7000000,prospect,FV 40
666808,21992,Camilo Doval,2020,7000000,prospect,FV 40
666808,21992,Camilo Doval,2022,107384994,mlb_surplus,1.2 WAR
666808,21992,Camilo Doval,2023,91586713,mlb_surplus,1.9 WAR
666808,21992,Camilo Doval,2024,84957272,mlb_surplus,1.0 WAR
666808,21992,Camilo Doval,2025,118077205,mlb_surplus,1.0 WAR
666808,21992,Camilo Doval,2026,10034829,mlb_surplus,1.1 WAR
666969,19287,Adolis Garcia,2022,99824160,mlb_surplus,3.2 WAR
666969,19287,Adolis Garcia,2023,68534999,mlb_surplus,4.7 WAR
666969,19287,Adolis Garcia,2024,34571034,mlb_surplus,3.1 WAR
666969,19287,Adolis Garcia,2026,-8049052,mlb_surplus,0.3 WAR
666971,19238,Lourdes Gurriel Jr.,2019,100903790,mlb_surplus,1.8 WAR
666971,19238,Lourdes Gurriel Jr.,2020,85572001,mlb_surplus,1.5 WAR
666971,19238,Lourdes Gurriel Jr.,2021,73926264,mlb_surplus,1.7 WAR
666971,19238,Lourdes Gurriel Jr.,2022,65130305,mlb_surplus,2.0 WAR
666971,19238,Lourdes Gurriel Jr.,2023,47508849,mlb_surplus,2.0 WAR
666971,19238,Lourdes Gurriel Jr.,2024,-7865814,mlb_surplus,2.1 WAR
666971,19238,Lourdes Gurriel Jr.,2025,-14570382,mlb_surplus,0.9 WAR
666971,19238,Lourdes Gurriel Jr.,2026,-9912632,mlb_surplus,0.5 WAR
666974,25911,Yennier Cano,2024,67857725,mlb_surplus,0.7 WAR
666974,25911,Yennier Cano,2025,103741150,mlb_surplus,0.7 WAR
666974,25911,Yennier Cano,2026,12777934,mlb_surplus,0.8 WAR
667297,19178,Tommy Nance,2022,76026683,mlb_surplus,0.6 WAR
667297,19178,Tommy Nance,2023,67678650,mlb_surplus,0.6 WAR
667297,19178,Tommy Nance,2024,70856765,mlb_surplus,0.6 WAR
667297,19178,Tommy Nance,2025,105478215,mlb_surplus,0.8 WAR
667297,19178,Tommy Nance,2026,14305046,mlb_surplus,0.8 WAR
667463,22051,John King,2022,51179022,mlb_surplus,0.5 WAR
667463,22051,John King,2023,43914567,mlb_surplus,0.7 WAR
667463,22051,John King,2024,45296952,mlb_surplus,0.6 WAR
667463,22051,John King,2025,74299553,mlb_surplus,0.6 WAR
667463,22051,John King,2026,2464048,mlb_surplus,0.5 WAR
667472,22054,Dane Myers,2024,5862193,mlb_surplus,0.8 WAR
667472,22054,Dane Myers,2025,-4006461,mlb_surplus,0.2 WAR
667472,22054,Dane Myers,2026,2986667,mlb_surplus,0.1 WAR
667670,19627,Brent Rooker,2018,30000000,prospect,FV 50
667670,19627,Brent Rooker,2019,30000000,prospect,FV 50
667670,19627,Brent Rooker,2020,15000000,prospect,FV 45
667670,19627,Brent Rooker,2022,137642572,mlb_surplus,0.8 WAR
667670,19627,Brent Rooker,2024,111740399,mlb_surplus,5.1 WAR
667670,19627,Brent Rooker,2025,-11335402,mlb_surplus,2.4 WAR
667670,19627,Brent Rooker,2026,0,mlb_surplus,1.6 WAR
667755,22100,Jose Soriano,2018,15000000,prospect,FV 45
667755,22100,Jose Soriano,2019,15000000,prospect,FV 45
667755,22100,Jose Soriano,2020,15000000,prospect,FV 45
667755,22100,Jose Soriano,2023,7000000,prospect,FV 40
667755,22100,Jose Soriano,2024,342501486,mlb_surplus,1.7 WAR
667755,22100,Jose Soriano,2025,447038650,mlb_surplus,3.0 WAR
667755,22100,Jose Soriano,2026,79139276,mlb_surplus,2.8 WAR
668227,19290,Randy Arozarena,2017,30000000,prospect,FV 50
668227,19290,Randy Arozarena,2018,30000000,prospect,FV 50
668227,19290,Randy Arozarena,2019,15000000,prospect,FV 45
668227,19290,Randy Arozarena,2020,15000000,prospect,FV 45
668227,19290,Randy Arozarena,2021,164139411,mlb_surplus,3.9 WAR
668227,19290,Randy Arozarena,2022,120252017,mlb_surplus,2.7 WAR
668227,19290,Randy Arozarena,2023,92527178,mlb_surplus,3.1 WAR
668227,19290,Randy Arozarena,2024,59622571,mlb_surplus,2.1 WAR
668227,19290,Randy Arozarena,2025,39721907,mlb_surplus,2.9 WAR
668227,19290,Randy Arozarena,2026,-6876962,mlb_surplus,1.0 WAR
668390,22113,Cole Winn,2019,31666667,prospect,"FV 50, #89"
668390,22113,Cole Winn,2020,30000000,prospect,FV 50
668390,22113,Cole Winn,2021,50000000,prospect,FV 55
668390,22113,Cole Winn,2022,37878788,prospect,"FV 50, #48"
668390,22113,Cole Winn,2023,7000000,prospect,FV 40
668390,22113,Cole Winn,2026,16923321,mlb_surplus,0.8 WAR
668670,19452,Jake Rogers,2017,30000000,prospect,FV 50
668670,19452,Jake Rogers,2018,15000000,prospect,FV 45
668670,19452,Jake Rogers,2019,30000000,prospect,FV 50
668670,19452,Jake Rogers,2020,97133918,mlb_surplus,6yr ctrl
668670,19452,Jake Rogers,2022,91158913,mlb_surplus,5yr ctrl
668670,19452,Jake Rogers,2024,88768736,mlb_surplus,2.2 WAR
668670,19452,Jake Rogers,2025,102091039,mlb_surplus,2.8 WAR
668670,19452,Jake Rogers,2026,11152862,mlb_surplus,1.4 WAR
668674,19360,Lucas Erceg,2017,30000000,prospect,FV 50
668674,19360,Lucas Erceg,2018,30000000,prospect,FV 50
668674,19360,Lucas Erceg,2019,15000000,prospect,FV 45
668674,19360,Lucas Erceg,2024,95512764,mlb_surplus,1.7 WAR
668674,19360,Lucas Erceg,2025,124645067,mlb_surplus,1.0 WAR
668674,19360,Lucas Erceg,2026,19300543,mlb_surplus,1.1 WAR
668678,19291,Zac Gallen,2017,15000000,prospect,FV 45
668678,19291,Zac Gallen,2018,15000000,prospect,FV 45
668678,19291,Zac Gallen,2019,30000000,prospect,FV 50
668678,19291,Zac Gallen,2020,338499814,mlb_surplus,1.9 WAR
668678,19291,Zac Gallen,2021,358092323,mlb_surplus,2.2 WAR
668678,19291,Zac Gallen,2022,338445191,mlb_surplus,4.2 WAR
668678,19291,Zac Gallen,2023,280625057,mlb_surplus,5.2 WAR
668678,19291,Zac Gallen,2024,229834321,mlb_surplus,3.1 WAR
668678,19291,Zac Gallen,2025,264714383,mlb_surplus,2.9 WAR
668678,19291,Zac Gallen,2026,8573273,mlb_surplus,2.1 WAR
668709,26368,JJ Bleday,2020,68181818,prospect,"FV 55, #28"
668709,26368,JJ Bleday,2021,70202020,prospect,"FV 55, #20"
668709,26368,JJ Bleday,2022,34696970,prospect,"FV 50, #69"
668709,26368,JJ Bleday,2023,132626579,mlb_surplus,2.1 WAR
668709,26368,JJ Bleday,2024,66274793,mlb_surplus,3.2 WAR
668709,26368,JJ Bleday,2025,49868287,mlb_surplus,1.6 WAR
668709,26368,JJ Bleday,2026,-1400000,mlb_surplus,Trade Value
668715,26323,Spencer Steer,2022,30000000,prospect,FV 50
668715,26323,Spencer Steer,2023,59896981,mlb_surplus,2.0 WAR
668715,26323,Spencer Steer,2024,27268392,mlb_surplus,1.6 WAR
668715,26323,Spencer Steer,2025,61542916,mlb_surplus,1.7 WAR
668715,26323,Spencer Steer,2026,0,mlb_surplus,0.1 WAR
668723,22165,Ryan Vilade,2018,30000000,prospect,FV 50
668723,22165,Ryan Vilade,2019,30000000,prospect,FV 50
668723,22165,Ryan Vilade,2020,30000000,prospect,FV 50
668723,22165,Ryan Vilade,2021,30000000,prospect,FV 50
668723,22165,Ryan Vilade,2022,7000000,prospect,FV 40
668723,22165,Ryan Vilade,2026,0,mlb_surplus,Trade Value
668731,22168,Akil Baddoo,2017,15000000,prospect,FV 45
668731,22168,Akil Baddoo,2018,15000000,prospect,FV 45
668731,22168,Akil Baddoo,2019,15000000,prospect,FV 45
668731,22168,Akil Baddoo,2022,116522461,mlb_surplus,2.3 WAR
668731,22168,Akil Baddoo,2023,72849158,mlb_surplus,1.7 WAR
668731,22168,Akil Baddoo,2024,51589285,mlb_surplus,1.5 WAR
668731,22168,Akil Baddoo,2025,56812706,mlb_surplus,3.4 WAR
668731,22168,Akil Baddoo,2026,-1250000,mlb_surplus,Trade Value
668800,19514,Andrew Knizner,2018,30000000,prospect,FV 50
668800,19514,Andrew Knizner,2019,30000000,prospect,FV 50
668800,19514,Andrew Knizner,2022,99337346,mlb_surplus,2.6 WAR
668800,19514,Andrew Knizner,2023,58508158,mlb_surplus,1.7 WAR
668800,19514,Andrew Knizner,2024,22860951,mlb_surplus,1.2 WAR
668800,19514,Andrew Knizner,2026,2364030,mlb_surplus,0.5 WAR
668804,19326,Bryan Reynolds,2017,30000000,prospect,FV 50
668804,19326,Bryan Reynolds,2018,30000000,prospect,FV 50
668804,19326,Bryan Reynolds,2019,30000000,prospect,FV 50
668804,19326,Bryan Reynolds,2020,192371408,mlb_surplus,2.3 WAR
668804,19326,Bryan Reynolds,2021,172431120,mlb_surplus,6.3 WAR
668804,19326,Bryan Reynolds,2022,149729687,mlb_surplus,4.0 WAR
668804,19326,Bryan Reynolds,2023,70300546,mlb_surplus,2.7 WAR
668804,19326,Bryan Reynolds,2024,58606841,mlb_surplus,3.9 WAR
668804,19326,Bryan Reynolds,2025,-10893561,mlb_surplus,2.8 WAR
668804,19326,Bryan Reynolds,2026,-64188012,mlb_surplus,1.1 WAR
668834,22176,Easton McGee,2026,0,mlb_surplus,Trade Value
668881,22182,Hunter Greene,2018,97929293,prospect,"FV 60, #21"
668881,22182,Hunter Greene,2019,67424242,prospect,"FV 55, #31"
668881,22182,Hunter Greene,2020,61868687,prospect,"FV 55, #53"
668881,22182,Hunter Greene,2021,57575758,prospect,"FV 55, #70"
668881,22182,Hunter Greene,2022,69696970,prospect,"FV 55, #22"
668881,22182,Hunter Greene,2023,428377689,mlb_surplus,2.3 WAR
668881,22182,Hunter Greene,2024,416615430,mlb_surplus,3.7 WAR
668881,22182,Hunter Greene,2025,484742677,mlb_surplus,2.9 WAR
668881,22182,Hunter Greene,2026,109576571,mlb_surplus,3.1 WAR
668885,27462,Austin Martin,2021,69696970,prospect,"FV 55, #22"
668885,27462,Austin Martin,2022,18636364,prospect,"FV 45, #52"
668885,27462,Austin Martin,2023,7000000,prospect,FV 40
668885,27462,Austin Martin,2024,15000000,prospect,FV 45
668885,27462,Austin Martin,2025,124420249,mlb_surplus,1.5 WAR
668885,27462,Austin Martin,2026,30050239,mlb_surplus,1.7 WAR
668901,22184,Mark Vientos,2018,15000000,prospect,FV 45
668901,22184,Mark Vientos,2019,30000000,prospect,FV 50
668901,22184,Mark Vientos,2022,30000000,prospect,FV 50
668901,22184,Mark Vientos,2023,15000000,prospect,FV 45
668901,22184,Mark Vientos,2024,226981026,mlb_surplus,2.9 WAR
668901,22184,Mark Vientos,2025,317606963,mlb_surplus,2.0 WAR
668901,22184,Mark Vientos,2026,39543065,mlb_surplus,1.5 WAR
668904,20437,Royce Lewis,2018,98282828,prospect,"FV 60, #20"
668904,20437,Royce Lewis,2019,103585859,prospect,"FV 60, #5"
668904,20437,Royce Lewis,2020,102171717,prospect,"FV 60, #9"
668904,20437,Royce Lewis,2021,70959596,prospect,"FV 55, #17"
668904,20437,Royce Lewis,2022,63636364,prospect,"FV 55, #46"
668904,20437,Royce Lewis,2023,63888889,prospect,"FV 55, #45"
668904,20437,Royce Lewis,2024,184677564,mlb_surplus,3.0 WAR
668904,20437,Royce Lewis,2025,196684072,mlb_surplus,2.5 WAR
668904,20437,Royce Lewis,2026,42208045,mlb_surplus,2.1 WAR
668909,30122,Gavin Williams,2022,50000000,prospect,FV 55
668909,30122,Gavin Williams,2023,64646465,prospect,"FV 55, #42"
668909,30122,Gavin Williams,2024,168739405,mlb_surplus,1.8 WAR
668909,30122,Gavin Williams,2025,313086076,mlb_surplus,2.3 WAR
668909,30122,Gavin Williams,2026,24916317,mlb_surplus,1.5 WAR
668930,22186,Brice Turang,2019,50000000,prospect,FV 55
668930,22186,Brice Turang,2020,30000000,prospect,FV 50
668930,22186,Brice Turang,2021,51262626,prospect,"FV 55, #95"
668930,22186,Brice Turang,2022,30000000,prospect,FV 50
668930,22186,Brice Turang,2023,30000000,prospect,FV 50
668930,22186,Brice Turang,2024,374981536,mlb_surplus,2.6 WAR
668930,22186,Brice Turang,2025,474613657,mlb_surplus,4.4 WAR
668930,22186,Brice Turang,2026,107515079,mlb_surplus,3.4 WAR
668933,27552,Graham Ashcraft,2021,30000000,prospect,FV 50
668933,27552,Graham Ashcraft,2022,30000000,prospect,FV 50
668933,27552,Graham Ashcraft,2023,145575859,mlb_surplus,2.2 WAR
668933,27552,Graham Ashcraft,2024,114699227,mlb_surplus,1.8 WAR
668933,27552,Graham Ashcraft,2025,135208707,mlb_surplus,1.6 WAR
668933,27552,Graham Ashcraft,2026,11884912,mlb_surplus,0.8 WAR
668939,26288,Adley Rutschman,2020,133636364,prospect,"FV 65, #4"
668939,26288,Adley Rutschman,2021,134545455,prospect,"FV 65, #2"
668939,26288,Adley Rutschman,2022,179393939,prospect,"FV 70, #2"
668939,26288,Adley Rutschman,2023,408354465,mlb_surplus,5.5 WAR
668939,26288,Adley Rutschman,2024,399520541,mlb_surplus,5.9 WAR
668939,26288,Adley Rutschman,2025,245871802,mlb_surplus,4.0 WAR
668939,26288,Adley Rutschman,2026,76460988,mlb_surplus,4.0 WAR
668941,19574,JoJo Romero,2017,15000000,prospect,FV 45
668941,19574,JoJo Romero,2018,30000000,prospect,FV 50
668941,19574,JoJo Romero,2019,15000000,prospect,FV 45
668941,19574,JoJo Romero,2020,15000000,prospect,FV 45
668941,19574,JoJo Romero,2023,73794039,mlb_surplus,1.2 WAR
668941,19574,JoJo Romero,2024,72456760,mlb_surplus,0.7 WAR
668941,19574,JoJo Romero,2025,110436220,mlb_surplus,0.9 WAR
668941,19574,JoJo Romero,2026,3373106,mlb_surplus,0.9 WAR
668952,25867,Ryan Kreidler,2021,15000000,prospect,FV 45
668952,25867,Ryan Kreidler,2022,15000000,prospect,FV 45
668952,25867,Ryan Kreidler,2023,100548617,mlb_surplus,1.4 WAR
668952,25867,Ryan Kreidler,2026,10550000,mlb_surplus,Trade Value
668964,22191,Tobias Myers,2018,15000000,prospect,FV 45
668964,22191,Tobias Myers,2019,15000000,prospect,FV 45
668964,22191,Tobias Myers,2022,15000000,prospect,FV 45
668964,22191,Tobias Myers,2025,173625392,mlb_surplus,2.0 WAR
668964,22191,Tobias Myers,2026,20831545,mlb_surplus,0.8 WAR
668970,25427,Gavin Hollowell,2021,7000000,prospect,FV 40
668970,25427,Gavin Hollowell,2022,7000000,prospect,FV 40
668970,25427,Gavin Hollowell,2023,7000000,prospect,FV 40
668970,25427,Gavin Hollowell,2024,20011557,mlb_surplus,0.6 WAR
668970,25427,Gavin Hollowell,2026,6066667,mlb_surplus,Trade Value
668984,25921,Casey Legumina,2026,8594493,mlb_surplus,0.7 WAR
669003,27555,Garrett Mitchell,2021,59090909,prospect,"FV 55, #64"
669003,27555,Garrett Mitchell,2022,30000000,prospect,FV 50
669003,27555,Garrett Mitchell,2023,30000000,prospect,FV 50
669003,27555,Garrett Mitchell,2024,213238595,mlb_surplus,1.9 WAR
669003,27555,Garrett Mitchell,2025,450104915,mlb_surplus,0.8 WAR
669003,27555,Garrett Mitchell,2026,32893521,mlb_surplus,2.0 WAR
669004,22197,MJ Melendez,2018,30000000,prospect,FV 50
669004,22197,MJ Melendez,2019,15000000,prospect,FV 45
669004,22197,MJ Melendez,2020,15000000,prospect,FV 45
669004,22197,MJ Melendez,2021,50000000,prospect,FV 55
669004,22197,MJ Melendez,2022,62373737,prospect,"FV 55, #51"
669004,22197,MJ Melendez,2023,122404928,mlb_surplus,2.3 WAR
669004,22197,MJ Melendez,2024,37758358,mlb_surplus,1.4 WAR
669004,22197,MJ Melendez,2025,55728924,mlb_surplus,1.7 WAR
669004,22197,MJ Melendez,2026,-1500000,mlb_surplus,Trade Value
669016,20202,Brandon Marsh,2017,30000000,prospect,FV 50
669016,20202,Brandon Marsh,2018,50000000,prospect,FV 55
669016,20202,Brandon Marsh,2019,30000000,prospect,FV 50
669016,20202,Brandon Marsh,2020,55303030,prospect,"FV 55, #79"
669016,20202,Brandon Marsh,2021,62121212,prospect,"FV 55, #52"
669016,20202,Brandon Marsh,2022,223613364,mlb_surplus,2.2 WAR
669016,20202,Brandon Marsh,2023,188077518,mlb_surplus,3.5 WAR
669016,20202,Brandon Marsh,2024,163381534,mlb_surplus,2.3 WAR
669016,20202,Brandon Marsh,2025,260115579,mlb_surplus,2.4 WAR
669016,20202,Brandon Marsh,2026,22766731,mlb_surplus,1.8 WAR
669020,22200,Ryan Rolison,2019,50000000,prospect,FV 55
669020,22200,Ryan Rolison,2020,30000000,prospect,FV 50
669020,22200,Ryan Rolison,2021,50000000,prospect,FV 55
669020,22200,Ryan Rolison,2022,15000000,prospect,FV 45
669020,22200,Ryan Rolison,2023,7000000,prospect,FV 40
669020,22200,Ryan Rolison,2026,7806039,mlb_surplus,0.7 WAR
669022,22201,MacKenzie Gore,2018,98636364,prospect,"FV 60, #19"
669022,22201,MacKenzie Gore,2019,128636364,prospect,"FV 65, #15"
669022,22201,MacKenzie Gore,2020,133181818,prospect,"FV 65, #5"
669022,22201,MacKenzie Gore,2021,73737374,prospect,"FV 55, #6"
669022,22201,MacKenzie Gore,2022,53535354,prospect,"FV 55, #86"
669022,22201,MacKenzie Gore,2023,363130254,mlb_surplus,2.2 WAR
669022,22201,MacKenzie Gore,2024,372438873,mlb_surplus,3.2 WAR
669022,22201,MacKenzie Gore,2025,422325554,mlb_surplus,2.9 WAR
669022,22201,MacKenzie Gore,2026,44945588,mlb_surplus,2.5 WAR
669062,26252,Erik Miller,2020,15000000,prospect,FV 45
669062,26252,Erik Miller,2021,15000000,prospect,FV 45
669062,26252,Erik Miller,2022,7000000,prospect,FV 40
669062,26252,Erik Miller,2024,7000000,prospect,FV 40
669062,26252,Erik Miller,2025,112863788,mlb_surplus,1.1 WAR
669062,26252,Erik Miller,2026,22991099,mlb_surplus,1.0 WAR
669065,26151,Kyle Stowers,2020,15000000,prospect,FV 45
669065,26151,Kyle Stowers,2021,30000000,prospect,FV 50
669065,26151,Kyle Stowers,2022,30000000,prospect,FV 50
669065,26151,Kyle Stowers,2023,157543112,mlb_surplus,3.0 WAR
669065,26151,Kyle Stowers,2025,97925810,mlb_surplus,4.0 WAR
669065,26151,Kyle Stowers,2026,25387920,mlb_surplus,2.1 WAR
669084,22207,DL Hall,2018,30000000,prospect,FV 50
669084,22207,DL Hall,2019,52525253,prospect,"FV 55, #90"
669084,22207,DL Hall,2020,57828283,prospect,"FV 55, #69"
669084,22207,DL Hall,2021,57828283,prospect,"FV 55, #69"
669084,22207,DL Hall,2022,52525253,prospect,"FV 55, #90"
669084,22207,DL Hall,2023,30454545,prospect,"FV 50, #97"
669084,22207,DL Hall,2024,73785368,mlb_surplus,0.8 WAR
669084,22207,DL Hall,2026,18236121,mlb_surplus,0.9 WAR
669093,22210,Jeremiah Estrada,2018,15000000,prospect,FV 45
669093,22210,Jeremiah Estrada,2023,7000000,prospect,FV 40
669093,22210,Jeremiah Estrada,2025,124681454,mlb_surplus,1.0 WAR
669093,22210,Jeremiah Estrada,2026,20455127,mlb_surplus,1.1 WAR
669127,25816,Shea Langeliers,2020,57575758,prospect,"FV 55, #70"
669127,25816,Shea Langeliers,2021,57070707,prospect,"FV 55, #72"
669127,25816,Shea Langeliers,2022,60353535,prospect,"FV 55, #59"
669127,25816,Shea Langeliers,2023,200506737,mlb_surplus,0.7 WAR
669127,25816,Shea Langeliers,2024,190511924,mlb_surplus,2.0 WAR
669127,25816,Shea Langeliers,2025,174115066,mlb_surplus,3.9 WAR
669127,25816,Shea Langeliers,2026,71244199,mlb_surplus,3.1 WAR
669134,22217,Luis Campusano,2018,15000000,prospect,FV 45
669134,22217,Luis Campusano,2019,50000000,prospect,FV 55
669134,22217,Luis Campusano,2020,62626263,prospect,"FV 55, #50"
669134,22217,Luis Campusano,2021,63888889,prospect,"FV 55, #45"
669134,22217,Luis Campusano,2022,64141414,prospect,"FV 55, #44"
669134,22217,Luis Campusano,2024,180585497,mlb_surplus,3.6 WAR
669134,22217,Luis Campusano,2025,132801886,mlb_surplus,3.0 WAR
669134,22217,Luis Campusano,2026,0,mlb_surplus,Trade Value
669160,19716,Dustin May,2017,15000000,prospect,FV 45
669160,19716,Dustin May,2018,50000000,prospect,FV 55
669160,19716,Dustin May,2019,57828283,prospect,"FV 55, #69"
669160,19716,Dustin May,2021,276287565,mlb_surplus,2.1 WAR
669160,19716,Dustin May,2024,211994488,mlb_surplus,2.1 WAR
669160,19716,Dustin May,2025,277453424,mlb_surplus,2.1 WAR
669160,19716,Dustin May,2026,7955902,mlb_surplus,1.7 WAR
669165,27514,Kyle Hurt,2024,15000000,prospect,FV 45
669165,27514,Kyle Hurt,2026,14800000,mlb_surplus,Trade Value
669194,26253,Ryne Nelson,2020,15000000,prospect,FV 45
669194,26253,Ryne Nelson,2021,30000000,prospect,FV 50
669194,26253,Ryne Nelson,2022,30000000,prospect,FV 50
669194,26253,Ryne Nelson,2023,30000000,prospect,FV 50
669194,26253,Ryne Nelson,2024,108602437,mlb_surplus,2.2 WAR
669194,26253,Ryne Nelson,2025,139434311,mlb_surplus,2.1 WAR
669194,26253,Ryne Nelson,2026,11387469,mlb_surplus,0.8 WAR
669199,19222,Lake Bachar,2026,23196431,mlb_surplus,0.9 WAR
669200,22232,Mason McCoy,2018,15000000,prospect,FV 45
669200,22232,Mason McCoy,2026,0,mlb_surplus,Trade Value
669208,29547,Ryan Bliss,2022,7000000,prospect,FV 40
669208,29547,Ryan Bliss,2024,15000000,prospect,FV 45
669208,29547,Ryan Bliss,2025,106394938,mlb_surplus,2.1 WAR
669208,29547,Ryan Bliss,2026,12800000,mlb_surplus,Trade Value
669211,19362,Keegan Akin,2017,30000000,prospect,FV 50
669211,19362,Keegan Akin,2018,30000000,prospect,FV 50
669211,19362,Keegan Akin,2019,30000000,prospect,FV 50
669211,19362,Keegan Akin,2020,30000000,prospect,FV 50
669211,19362,Keegan Akin,2022,78942295,mlb_surplus,0.5 WAR
669211,19362,Keegan Akin,2023,70106883,mlb_surplus,0.6 WAR
669211,19362,Keegan Akin,2024,74269174,mlb_surplus,1.4 WAR
669211,19362,Keegan Akin,2025,103610213,mlb_surplus,0.7 WAR
669211,19362,Keegan Akin,2026,3304257,mlb_surplus,0.8 WAR
669221,19352,Sean Murphy,2018,50000000,prospect,FV 55
669221,19352,Sean Murphy,2019,63888889,prospect,"FV 55, #45"
669221,19352,Sean Murphy,2021,354853084,mlb_surplus,4.6 WAR
669221,19352,Sean Murphy,2022,312579676,mlb_surplus,5.2 WAR
669221,19352,Sean Murphy,2023,214768431,mlb_surplus,5.0 WAR
669221,19352,Sean Murphy,2024,279791666,mlb_surplus,5.5 WAR
669221,19352,Sean Murphy,2025,172174430,mlb_surplus,3.7 WAR
669221,19352,Sean Murphy,2026,43532222,mlb_surplus,3.1 WAR
669224,27562,Austin Wells,2021,30000000,prospect,FV 50
669224,27562,Austin Wells,2022,51010101,prospect,"FV 55, #96"
669224,27562,Austin Wells,2023,30000000,prospect,FV 50
669224,27562,Austin Wells,2024,694391146,mlb_surplus,6.9 WAR
669224,27562,Austin Wells,2025,510232356,mlb_surplus,5.8 WAR
669224,27562,Austin Wells,2026,86326336,mlb_surplus,3.6 WAR
669234,29606,Justyn-Henry Malloy,2023,15000000,prospect,FV 45
669234,29606,Justyn-Henry Malloy,2024,15000000,prospect,FV 45
669234,29606,Justyn-Henry Malloy,2025,5044489,mlb_surplus,6yr ctrl
669234,29606,Justyn-Henry Malloy,2026,8850000,mlb_surplus,Trade Value
669236,22239,Jeremiah Jackson,2019,30000000,prospect,FV 50
669236,22239,Jeremiah Jackson,2020,30000000,prospect,FV 50
669236,22239,Jeremiah Jackson,2022,15000000,prospect,FV 45
669236,22239,Jeremiah Jackson,2023,7000000,prospect,FV 40
669236,22239,Jeremiah Jackson,2026,5880000,mlb_surplus,Trade Value
669242,19470,Tommy Edman,2018,15000000,prospect,FV 45
669242,19470,Tommy Edman,2019,15000000,prospect,FV 45
669242,19470,Tommy Edman,2020,370755598,mlb_surplus,6.2 WAR
669242,19470,Tommy Edman,2021,242798120,mlb_surplus,3.3 WAR
669242,19470,Tommy Edman,2022,232421879,mlb_surplus,5.4 WAR
669242,19470,Tommy Edman,2023,170486537,mlb_surplus,3.7 WAR
669242,19470,Tommy Edman,2024,144091881,mlb_surplus,3.3 WAR
669242,19470,Tommy Edman,2026,-2895294,mlb_surplus,0.9 WAR
669257,19197,Will Smith,2017,30000000,prospect,FV 50
669257,19197,Will Smith,2018,50000000,prospect,FV 55
669257,19197,Will Smith,2019,50000000,prospect,FV 55
669257,19197,Will Smith,2020,386841306,mlb_surplus,3.5 WAR
669257,19197,Will Smith,2021,451606097,mlb_surplus,6.5 WAR
669257,19197,Will Smith,2022,355114549,mlb_surplus,5.3 WAR
669257,19197,Will Smith,2023,299180413,mlb_surplus,4.8 WAR
669257,19197,Will Smith,2024,252662880,mlb_surplus,4.7 WAR
669257,19197,Will Smith,2026,68288765,mlb_surplus,4.1 WAR
669276,19996,Dylan Lee,2023,98077045,mlb_surplus,1.0 WAR
669276,19996,Dylan Lee,2024,99080620,mlb_surplus,0.9 WAR
669276,19996,Dylan Lee,2025,145306675,mlb_surplus,0.8 WAR
669276,19996,Dylan Lee,2026,15802487,mlb_surplus,1.0 WAR
669302,22250,Logan Gilbert,2019,50000000,prospect,FV 55
669302,22250,Logan Gilbert,2020,65656566,prospect,"FV 55, #38"
669302,22250,Logan Gilbert,2022,316463638,mlb_surplus,3.0 WAR
669302,22250,Logan Gilbert,2023,274774161,mlb_surplus,3.0 WAR
669302,22250,Logan Gilbert,2024,250167105,mlb_surplus,4.0 WAR
669302,22250,Logan Gilbert,2025,246415883,mlb_surplus,2.6 WAR
669302,22250,Logan Gilbert,2026,27651609,mlb_surplus,2.3 WAR
669326,29524,Bryce Teodosio,2026,0,mlb_surplus,Trade Value
669330,20000,Tyler Wells,2022,20878481,mlb_surplus,1.0 WAR
669330,20000,Tyler Wells,2023,65063701,mlb_surplus,2.0 WAR
669330,20000,Tyler Wells,2024,14033910,mlb_surplus,0.9 WAR
669330,20000,Tyler Wells,2026,0,mlb_surplus,Trade Value
669357,22263,Nolan Gorman,2019,59848485,prospect,"FV 55, #61"
669357,22263,Nolan Gorman,2020,63383838,prospect,"FV 55, #47"
669357,22263,Nolan Gorman,2021,65656566,prospect,"FV 55, #38"
669357,22263,Nolan Gorman,2022,66919192,prospect,"FV 55, #33"
669357,22263,Nolan Gorman,2023,199249769,mlb_surplus,2.9 WAR
669357,22263,Nolan Gorman,2024,231281100,mlb_surplus,3.3 WAR
669357,22263,Nolan Gorman,2025,255818934,mlb_surplus,2.1 WAR
669357,22263,Nolan Gorman,2026,18203505,mlb_surplus,1.0 WAR
669358,22264,Shane Baz,2018,58333333,prospect,"FV 55, #67"
669358,22264,Shane Baz,2019,50000000,prospect,FV 55
669358,22264,Shane Baz,2020,52777778,prospect,"FV 55, #89"
669358,22264,Shane Baz,2021,52777778,prospect,"FV 55, #89"
669358,22264,Shane Baz,2022,101111111,prospect,"FV 60, #12"
669358,22264,Shane Baz,2025,342781964,mlb_surplus,2.1 WAR
669358,22264,Shane Baz,2026,50069145,mlb_surplus,2.1 WAR
669364,22266,Xavier Edwards,2019,50000000,prospect,FV 55
669364,22266,Xavier Edwards,2020,57070707,prospect,"FV 55, #72"
669364,22266,Xavier Edwards,2021,54040404,prospect,"FV 55, #84"
669364,22266,Xavier Edwards,2022,15000000,prospect,FV 45
669364,22266,Xavier Edwards,2023,30000000,prospect,FV 50
669364,22266,Xavier Edwards,2024,231984939,mlb_surplus,2.2 WAR
669364,22266,Xavier Edwards,2025,274843908,mlb_surplus,2.5 WAR
669364,22266,Xavier Edwards,2026,52713275,mlb_surplus,2.3 WAR
669369,20002,Bryce Johnson,2025,22141941,mlb_surplus,1.3 WAR
669369,20002,Bryce Johnson,2026,0,mlb_surplus,Trade Value
669371,27570,Cole Henry,2021,15000000,prospect,FV 45
669371,27570,Cole Henry,2022,30000000,prospect,FV 50
669371,27570,Cole Henry,2023,7000000,prospect,FV 40
669371,27570,Cole Henry,2024,7000000,prospect,FV 40
669371,27570,Cole Henry,2026,16585099,mlb_surplus,0.6 WAR
669372,27889,J.T. Ginn,2022,30000000,prospect,FV 50
669372,27889,J.T. Ginn,2023,7000000,prospect,FV 40
669372,27889,J.T. Ginn,2026,8881013,mlb_surplus,0.8 WAR
669373,22267,Tarik Skubal,2019,50000000,prospect,FV 55
669373,22267,Tarik Skubal,2020,63636364,prospect,"FV 55, #46"
669373,22267,Tarik Skubal,2022,750267285,mlb_surplus,2.9 WAR
669373,22267,Tarik Skubal,2023,671186348,mlb_surplus,3.3 WAR
669373,22267,Tarik Skubal,2024,671660799,mlb_surplus,6.0 WAR
669373,22267,Tarik Skubal,2025,707388411,mlb_surplus,6.6 WAR
669373,22267,Tarik Skubal,2026,32139657,mlb_surplus,4.4 WAR
669387,27572,Carmen Mlodzinski,2021,30000000,prospect,FV 50
669387,27572,Carmen Mlodzinski,2022,15000000,prospect,FV 45
669387,27572,Carmen Mlodzinski,2023,7000000,prospect,FV 40
669387,27572,Carmen Mlodzinski,2024,95508514,mlb_surplus,0.7 WAR
669387,27572,Carmen Mlodzinski,2025,137312774,mlb_surplus,1.6 WAR
669387,27572,Carmen Mlodzinski,2026,20535991,mlb_surplus,1.1 WAR
669394,22275,Jake Burger,2018,30000000,prospect,FV 50
669394,22275,Jake Burger,2019,15000000,prospect,FV 45
669394,22275,Jake Burger,2020,15000000,prospect,FV 45
669394,22275,Jake Burger,2021,30000000,prospect,FV 50
669394,22275,Jake Burger,2022,30000000,prospect,FV 50
669394,22275,Jake Burger,2023,30322912,mlb_surplus,2.3 WAR
669394,22275,Jake Burger,2024,85383306,mlb_surplus,3.0 WAR
669394,22275,Jake Burger,2025,40512124,mlb_surplus,1.8 WAR
669394,22275,Jake Burger,2026,0,mlb_surplus,Trade Value
669397,22277,Nick Allen,2018,15000000,prospect,FV 45
669397,22277,Nick Allen,2019,30000000,prospect,FV 50
669397,22277,Nick Allen,2020,30000000,prospect,FV 50
669397,22277,Nick Allen,2021,30000000,prospect,FV 50
669397,22277,Nick Allen,2022,30000000,prospect,FV 50
669397,22277,Nick Allen,2023,44964497,mlb_surplus,0.4 WAR
669397,22277,Nick Allen,2024,47067690,mlb_surplus,0.0 WAR
669397,22277,Nick Allen,2025,142054521,mlb_surplus,0.7 WAR
669397,22277,Nick Allen,2026,0,mlb_surplus,Trade Value
669432,22286,Trevor Rogers,2018,30000000,prospect,FV 50
669432,22286,Trevor Rogers,2020,30000000,prospect,FV 50
669432,22286,Trevor Rogers,2022,353730115,mlb_surplus,3.0 WAR
669432,22286,Trevor Rogers,2023,297054227,mlb_surplus,2.8 WAR
669432,22286,Trevor Rogers,2025,330629296,mlb_surplus,3.3 WAR
669432,22286,Trevor Rogers,2026,24138613,mlb_surplus,2.5 WAR
669438,22288,Mason Englert,2019,15000000,prospect,FV 45
669438,22288,Mason Englert,2023,7000000,prospect,FV 40
669438,22288,Mason Englert,2024,65389130,mlb_surplus,0.4 WAR
669438,22288,Mason Englert,2026,12877431,mlb_surplus,0.7 WAR
669456,19427,Shane Bieber,2017,30000000,prospect,FV 50
669456,19427,Shane Bieber,2018,50000000,prospect,FV 55
669456,19427,Shane Bieber,2019,231239798,mlb_surplus,5.4 WAR
669456,19427,Shane Bieber,2020,174310811,mlb_surplus,3.1 WAR
669456,19427,Shane Bieber,2021,157306723,mlb_surplus,3.4 WAR
669456,19427,Shane Bieber,2022,118460188,mlb_surplus,4.8 WAR
669456,19427,Shane Bieber,2023,71425090,mlb_surplus,3.7 WAR
669456,19427,Shane Bieber,2024,21110723,mlb_surplus,2.8 WAR
669456,19427,Shane Bieber,2026,-16000000,mlb_surplus,Trade Value
669461,22294,Matthew Liberatore,2019,61363636,prospect,"FV 55, #55"
669461,22294,Matthew Liberatore,2020,60606061,prospect,"FV 55, #58"
669461,22294,Matthew Liberatore,2021,65909091,prospect,"FV 55, #37"
669461,22294,Matthew Liberatore,2022,64393939,prospect,"FV 55, #43"
669461,22294,Matthew Liberatore,2023,50000000,prospect,FV 55
669461,22294,Matthew Liberatore,2024,230741559,mlb_surplus,0.4 WAR
669461,22294,Matthew Liberatore,2025,338154597,mlb_surplus,1.8 WAR
669461,22294,Matthew Liberatore,2026,62596486,mlb_surplus,2.0 WAR
669467,26108,Andre Pallante,2020,7000000,prospect,FV 40
669467,26108,Andre Pallante,2022,15000000,prospect,FV 45
669467,26108,Andre Pallante,2023,166432157,mlb_surplus,0.6 WAR
669467,26108,Andre Pallante,2024,188705517,mlb_surplus,1.8 WAR
669467,26108,Andre Pallante,2025,291469634,mlb_surplus,0.7 WAR
669467,26108,Andre Pallante,2026,28376125,mlb_surplus,1.6 WAR
669477,27577,Casey Schmitt,2021,15000000,prospect,FV 45
669477,27577,Casey Schmitt,2022,30000000,prospect,FV 50
669477,27577,Casey Schmitt,2023,50000000,prospect,FV 55
669477,27577,Casey Schmitt,2024,209407199,mlb_surplus,2.4 WAR
669477,27577,Casey Schmitt,2025,213376540,mlb_surplus,0.7 WAR
669477,27577,Casey Schmitt,2026,38744685,mlb_surplus,1.5 WAR
669620,25582,Brady Basso,2024,7000000,prospect,FV 40
669620,25582,Brady Basso,2026,6580000,mlb_surplus,Trade Value
669622,19742,Anthony Bender,2022,85387665,mlb_surplus,0.8 WAR
669622,19742,Anthony Bender,2023,71429683,mlb_surplus,0.8 WAR
669622,19742,Anthony Bender,2024,74575231,mlb_surplus,0.9 WAR
669622,19742,Anthony Bender,2025,111077510,mlb_surplus,0.8 WAR
669622,19742,Anthony Bender,2026,8268360,mlb_surplus,0.9 WAR
669684,26214,Chris Murphy,2020,15000000,prospect,FV 45
669684,26214,Chris Murphy,2021,30000000,prospect,FV 50
669684,26214,Chris Murphy,2022,15000000,prospect,FV 45
669684,26214,Chris Murphy,2023,15000000,prospect,FV 45
669684,26214,Chris Murphy,2024,70736661,mlb_surplus,0.8 WAR
669684,26214,Chris Murphy,2025,108961161,mlb_surplus,0.8 WAR
669684,26214,Chris Murphy,2026,14417402,mlb_surplus,0.9 WAR
669701,26396,Josh Smith,2020,15000000,prospect,FV 45
669701,26396,Josh Smith,2021,30000000,prospect,FV 50
669701,26396,Josh Smith,2022,30000000,prospect,FV 50
669701,26396,Josh Smith,2023,140204179,mlb_surplus,2.9 WAR
669701,26396,Josh Smith,2024,101337273,mlb_surplus,2.9 WAR
669701,26396,Josh Smith,2025,54912884,mlb_surplus,2.0 WAR
669701,26396,Josh Smith,2026,16412350,mlb_surplus,0.9 WAR
669704,26191,Kade Strowd,2026,28240581,mlb_surplus,0.9 WAR
669707,25807,Jared Triolo,2022,15000000,prospect,FV 45
669707,25807,Jared Triolo,2023,30000000,prospect,FV 50
669707,25807,Jared Triolo,2024,231218688,mlb_surplus,2.3 WAR
669707,25807,Jared Triolo,2025,404394344,mlb_surplus,2.5 WAR
669707,25807,Jared Triolo,2026,46774850,mlb_surplus,2.4 WAR
669711,20375,Greg Weissert,2024,71605583,mlb_surplus,0.6 WAR
669711,20375,Greg Weissert,2025,112135820,mlb_surplus,0.8 WAR
669711,20375,Greg Weissert,2026,16287700,mlb_surplus,0.9 WAR
669713,27581,Hayden Wesneski,2021,15000000,prospect,FV 45
669713,27581,Hayden Wesneski,2022,30000000,prospect,FV 50
669713,27581,Hayden Wesneski,2023,30000000,prospect,FV 50
669713,27581,Hayden Wesneski,2024,102591973,mlb_surplus,0.5 WAR
669713,27581,Hayden Wesneski,2025,182999569,mlb_surplus,0.5 WAR
669713,27581,Hayden Wesneski,2026,27199963,mlb_surplus,1.1 WAR
669720,19363,Austin Hays,2017,50000000,prospect,FV 55
669720,19363,Austin Hays,2018,41666667,prospect,"FV 50, #23"
669720,19363,Austin Hays,2019,30000000,prospect,FV 50
669720,19363,Austin Hays,2020,100317545,mlb_surplus,2.0 WAR
669720,19363,Austin Hays,2021,72771414,mlb_surplus,1.8 WAR
669720,19363,Austin Hays,2022,73042474,mlb_surplus,2.4 WAR
669720,19363,Austin Hays,2023,44832019,mlb_surplus,2.7 WAR
669720,19363,Austin Hays,2024,11598815,mlb_surplus,0.8 WAR
669720,19363,Austin Hays,2025,7141538,mlb_surplus,1.2 WAR
669720,19363,Austin Hays,2026,-3763377,mlb_surplus,0.2 WAR
669724,22304,Brenan Hanifee,2017,15000000,prospect,FV 45
669724,22304,Brenan Hanifee,2018,15000000,prospect,FV 45
669724,22304,Brenan Hanifee,2019,15000000,prospect,FV 45
669724,22304,Brenan Hanifee,2025,113021096,mlb_surplus,0.8 WAR
669724,22304,Brenan Hanifee,2026,16184392,mlb_surplus,0.9 WAR
669743,19296,Alex Call,2017,15000000,prospect,FV 45
669743,19296,Alex Call,2023,12311061,mlb_surplus,0.6 WAR
669743,19296,Alex Call,2024,82397572,mlb_surplus,2.1 WAR
669743,19296,Alex Call,2025,-1505767,mlb_surplus,0.9 WAR
669743,19296,Alex Call,2026,0,mlb_surplus,Trade Value
669854,19407,Ronel Blanco,2024,36340034,mlb_surplus,2.2 WAR
669854,19407,Ronel Blanco,2025,22051482,mlb_surplus,0.6 WAR
669854,19407,Ronel Blanco,2026,0,mlb_surplus,0.3 WAR
669920,19666,Jason Alexander,2023,23634205,mlb_surplus,0.4 WAR
669920,19666,Jason Alexander,2024,25562923,mlb_surplus,0.3 WAR
669920,19666,Jason Alexander,2026,0,mlb_surplus,0.3 WAR
669923,25436,George Kirby,2020,30151515,prospect,"FV 50, #99"
669923,25436,George Kirby,2021,52272727,prospect,"FV 55, #91"
669923,25436,George Kirby,2022,67171717,prospect,"FV 55, #32"
669923,25436,George Kirby,2023,338825701,mlb_surplus,4.2 WAR
669923,25436,George Kirby,2024,303633744,mlb_surplus,4.1 WAR
669923,25436,George Kirby,2025,321179842,mlb_surplus,2.8 WAR
669923,25436,George Kirby,2026,56759927,mlb_surplus,2.7 WAR
669947,19205,Jesse Scholtens,2024,5875359,mlb_surplus,0.4 WAR
669947,19205,Jesse Scholtens,2025,4500262,mlb_surplus,0.4 WAR
669947,19205,Jesse Scholtens,2026,0,mlb_surplus,Trade Value
670036,19330,Matt Festa,2018,15000000,prospect,FV 45
670036,19330,Matt Festa,2019,7000000,prospect,FV 40
670036,19330,Matt Festa,2020,73084699,mlb_surplus,0.3 WAR
670036,19330,Matt Festa,2021,88638967,mlb_surplus,0.3 WAR
670036,19330,Matt Festa,2023,75192596,mlb_surplus,0.4 WAR
670036,19330,Matt Festa,2025,126120780,mlb_surplus,0.8 WAR
670036,19330,Matt Festa,2026,19224337,mlb_surplus,0.9 WAR
670042,19354,Luke Raley,2018,15000000,prospect,FV 45
670042,19354,Luke Raley,2019,15000000,prospect,FV 45
670042,19354,Luke Raley,2022,40140834,mlb_surplus,6yr ctrl
670042,19354,Luke Raley,2023,40080834,mlb_surplus,2.3 WAR
670042,19354,Luke Raley,2024,16889544,mlb_surplus,2.3 WAR
670042,19354,Luke Raley,2025,-6600216,mlb_surplus,0.2 WAR
670042,19354,Luke Raley,2026,0,mlb_surplus,Trade Value
670059,22361,Colin Holderman,2023,62181204,mlb_surplus,0.9 WAR
670059,22361,Colin Holderman,2024,64747614,mlb_surplus,0.8 WAR
670059,22361,Colin Holderman,2025,100379323,mlb_surplus,0.7 WAR
670059,22361,Colin Holderman,2026,5118095,mlb_surplus,0.8 WAR
670102,20548,Bowden Francis,2022,15000000,prospect,FV 45
670102,20548,Bowden Francis,2024,40780163,mlb_surplus,1.0 WAR
670102,20548,Bowden Francis,2025,45469228,mlb_surplus,0.6 WAR
670102,20548,Bowden Francis,2026,0,mlb_surplus,0.3 WAR
670156,20017,Miles Mastrobuoni,2024,142525789,mlb_surplus,2.0 WAR
670156,20017,Miles Mastrobuoni,2025,269980598,mlb_surplus,2.3 WAR
670156,20017,Miles Mastrobuoni,2026,24201099,mlb_surplus,1.4 WAR
670167,20020,John Schreiber,2021,93943556,mlb_surplus,0.5 WAR
670167,20020,John Schreiber,2023,74757188,mlb_surplus,1.0 WAR
670167,20020,John Schreiber,2024,74286041,mlb_surplus,1.1 WAR
670167,20020,John Schreiber,2025,107862881,mlb_surplus,0.9 WAR
670167,20020,John Schreiber,2026,3265554,mlb_surplus,0.8 WAR
670183,27583,Garrett Acton,2026,0,mlb_surplus,Trade Value
670224,26374,Kameron Misner,2020,30000000,prospect,FV 50
670224,26374,Kameron Misner,2021,15000000,prospect,FV 45
670224,26374,Kameron Misner,2022,15000000,prospect,FV 45
670224,26374,Kameron Misner,2023,7000000,prospect,FV 40
670224,26374,Kameron Misner,2024,7000000,prospect,FV 40
670224,26374,Kameron Misner,2026,5156667,mlb_surplus,Trade Value
670231,26284,John Rave,2026,0,mlb_surplus,Trade Value
670242,26466,Matt Wallner,2020,15000000,prospect,FV 45
670242,26466,Matt Wallner,2021,15000000,prospect,FV 45
670242,26466,Matt Wallner,2022,30000000,prospect,FV 50
670242,26466,Matt Wallner,2023,30000000,prospect,FV 50
670242,26466,Matt Wallner,2024,28174191,mlb_surplus,2.0 WAR
670242,26466,Matt Wallner,2025,5914795,mlb_surplus,1.4 WAR
670242,26466,Matt Wallner,2026,2700000,mlb_surplus,Trade Value
670280,19569,David Bednar,2018,15000000,prospect,FV 45
670280,19569,David Bednar,2022,145976632,mlb_surplus,1.4 WAR
670280,19569,David Bednar,2023,128051631,mlb_surplus,2.3 WAR
670280,19569,David Bednar,2024,116065084,mlb_surplus,1.1 WAR
670280,19569,David Bednar,2025,155482483,mlb_surplus,2.0 WAR
670280,19569,David Bednar,2026,2303807,mlb_surplus,1.2 WAR
670329,20023,Rico Garcia,2019,7000000,prospect,FV 40
670329,20023,Rico Garcia,2026,3809307,mlb_surplus,0.6 WAR
670541,19556,Yordan Alvarez,2017,30000000,prospect,FV 50
670541,19556,Yordan Alvarez,2018,50000000,prospect,FV 55
670541,19556,Yordan Alvarez,2019,89797980,prospect,"FV 60, #44"
670541,19556,Yordan Alvarez,2020,556031742,mlb_surplus,5.2 WAR
670541,19556,Yordan Alvarez,2022,443072458,mlb_surplus,6.4 WAR
670541,19556,Yordan Alvarez,2023,410974666,mlb_surplus,6.9 WAR
670541,19556,Yordan Alvarez,2024,324177229,mlb_surplus,6.7 WAR
670541,19556,Yordan Alvarez,2025,209467177,mlb_surplus,4.7 WAR
670541,19556,Yordan Alvarez,2026,69382964,mlb_surplus,4.3 WAR
670623,20036,Isaac Paredes,2017,15000000,prospect,FV 45
670623,20036,Isaac Paredes,2018,15000000,prospect,FV 45
670623,20036,Isaac Paredes,2019,30000000,prospect,FV 50
670623,20036,Isaac Paredes,2020,30000000,prospect,FV 50
670623,20036,Isaac Paredes,2021,316650873,mlb_surplus,6yr ctrl
670623,20036,Isaac Paredes,2022,317221373,mlb_surplus,2.4 WAR
670623,20036,Isaac Paredes,2023,280914481,mlb_surplus,4.2 WAR
670623,20036,Isaac Paredes,2024,239093292,mlb_surplus,3.4 WAR
670623,20036,Isaac Paredes,2025,240453815,mlb_surplus,2.5 WAR
670623,20036,Isaac Paredes,2026,37419403,mlb_surplus,2.5 WAR
670764,22458,Taylor Walls,2019,15000000,prospect,FV 45
670764,22458,Taylor Walls,2020,15000000,prospect,FV 45
670764,22458,Taylor Walls,2022,227433081,mlb_surplus,2.4 WAR
670764,22458,Taylor Walls,2023,199506130,mlb_surplus,3.1 WAR
670764,22458,Taylor Walls,2024,170045723,mlb_surplus,2.3 WAR
670764,22458,Taylor Walls,2025,362628698,mlb_surplus,1.9 WAR
670770,19522,TJ Friedl,2017,15000000,prospect,FV 45
670770,19522,TJ Friedl,2018,15000000,prospect,FV 45
670770,19522,TJ Friedl,2019,15000000,prospect,FV 45
670770,19522,TJ Friedl,2020,15000000,prospect,FV 45
670770,19522,TJ Friedl,2021,15000000,prospect,FV 45
670770,19522,TJ Friedl,2022,7000000,prospect,FV 40
670770,19522,TJ Friedl,2023,145048064,mlb_surplus,4.1 WAR
670770,19522,TJ Friedl,2024,92281105,mlb_surplus,0.6 WAR
670770,19522,TJ Friedl,2025,139898127,mlb_surplus,2.9 WAR
670770,19522,TJ Friedl,2026,25621748,mlb_surplus,1.5 WAR
670912,22487,Johan Oviedo,2017,15000000,prospect,FV 45
670912,22487,Johan Oviedo,2018,15000000,prospect,FV 45
670912,22487,Johan Oviedo,2019,15000000,prospect,FV 45
670912,22487,Johan Oviedo,2020,15000000,prospect,FV 45
670912,22487,Johan Oviedo,2022,200340634,mlb_surplus,1.1 WAR
670912,22487,Johan Oviedo,2023,146648868,mlb_surplus,1.8 WAR
670912,22487,Johan Oviedo,2024,188789136,mlb_surplus,1.5 WAR
670912,22487,Johan Oviedo,2025,269263259,mlb_surplus,1.6 WAR
670912,22487,Johan Oviedo,2026,19096061,mlb_surplus,1.3 WAR
670955,20539,Edwin Uceta,2019,15000000,prospect,FV 45
670955,20539,Edwin Uceta,2020,15000000,prospect,FV 45
670955,20539,Edwin Uceta,2025,126539561,mlb_surplus,0.9 WAR
670955,20539,Edwin Uceta,2026,20882932,mlb_surplus,1.0 WAR
670970,20039,Adrian Morejon,2017,50000000,prospect,FV 55
670970,20039,Adrian Morejon,2018,62626263,prospect,"FV 55, #50"
670970,20039,Adrian Morejon,2019,37727273,prospect,"FV 50, #49"
670970,20039,Adrian Morejon,2023,118937069,mlb_surplus,0.5 WAR
670970,20039,Adrian Morejon,2025,166349188,mlb_surplus,2.2 WAR
670970,20039,Adrian Morejon,2026,8949237,mlb_surplus,1.3 WAR
670990,19444,Yohan Ramirez,2021,52217534,mlb_surplus,0.2 WAR
670990,19444,Yohan Ramirez,2022,51032087,mlb_surplus,5yr ctrl
670990,19444,Yohan Ramirez,2023,52957165,mlb_surplus,0.5 WAR
670990,19444,Yohan Ramirez,2024,56030607,mlb_surplus,0.4 WAR
670990,19444,Yohan Ramirez,2025,96765700,mlb_surplus,0.5 WAR
670990,19444,Yohan Ramirez,2026,9297690,mlb_surplus,0.6 WAR
671056,20599,Ivan Herrera,2019,30000000,prospect,FV 50
671056,20599,Ivan Herrera,2020,30000000,prospect,FV 50
671056,20599,Ivan Herrera,2021,30000000,prospect,FV 50
671056,20599,Ivan Herrera,2022,30000000,prospect,FV 50
671056,20599,Ivan Herrera,2023,15000000,prospect,FV 45
671056,20599,Ivan Herrera,2025,506726481,mlb_surplus,5.5 WAR
671056,20599,Ivan Herrera,2026,141648073,mlb_surplus,5.0 WAR
671096,29911,Andrew Abbott,2022,30000000,prospect,FV 50
671096,29911,Andrew Abbott,2023,50000000,prospect,FV 55
671096,29911,Andrew Abbott,2024,256188775,mlb_surplus,2.3 WAR
671096,29911,Andrew Abbott,2025,305695411,mlb_surplus,3.9 WAR
671096,29911,Andrew Abbott,2026,52045835,mlb_surplus,2.4 WAR
671106,27589,Logan Allen,2020,15000000,prospect,FV 45
671106,27589,Logan Allen,2021,30000000,prospect,FV 50
671106,27589,Logan Allen,2022,30000000,prospect,FV 50
671106,27589,Logan Allen,2023,30000000,prospect,FV 50
671106,27589,Logan Allen,2024,210670768,mlb_surplus,1.9 WAR
671106,27589,Logan Allen,2025,287912834,mlb_surplus,1.7 WAR
671106,27589,Logan Allen,2026,32394766,mlb_surplus,1.5 WAR
671109,27590,Jake Eder,2021,30000000,prospect,FV 50
671109,27590,Jake Eder,2022,30000000,prospect,FV 50
671109,27590,Jake Eder,2023,30000000,prospect,FV 50
671109,27590,Jake Eder,2024,7000000,prospect,FV 40
671109,27590,Jake Eder,2026,6790000,mlb_surplus,Trade Value
671111,25589,Sammy Peralta,2024,19745970,mlb_surplus,0.6 WAR
671111,25589,Sammy Peralta,2026,0,mlb_surplus,Trade Value
671131,26215,Jackson Rutledge,2021,30000000,prospect,FV 50
671131,26215,Jackson Rutledge,2022,15000000,prospect,FV 45
671131,26215,Jackson Rutledge,2023,15000000,prospect,FV 45
671131,26215,Jackson Rutledge,2024,7000000,prospect,FV 40
671131,26215,Jackson Rutledge,2026,5248069,mlb_surplus,0.5 WAR
671212,29608,Joe Boyle,2021,7000000,prospect,FV 40
671212,29608,Joe Boyle,2022,15000000,prospect,FV 45
671212,29608,Joe Boyle,2024,15000000,prospect,FV 45
671212,29608,Joe Boyle,2026,13550000,mlb_surplus,Trade Value
671213,22514,Triston Casas,2019,50000000,prospect,FV 55
671213,22514,Triston Casas,2020,55808081,prospect,"FV 55, #77"
671213,22514,Triston Casas,2021,64141414,prospect,"FV 55, #44"
671213,22514,Triston Casas,2022,71212121,prospect,"FV 55, #16"
671213,22514,Triston Casas,2023,64011609,mlb_surplus,1.9 WAR
671213,22514,Triston Casas,2024,62156366,mlb_surplus,2.2 WAR
671213,22514,Triston Casas,2025,8767502,mlb_surplus,1.1 WAR
671213,22514,Triston Casas,2026,11342593,mlb_surplus,0.4 WAR
671218,22515,Heliot Ramos,2018,59343434,prospect,"FV 55, #63"
671218,22515,Heliot Ramos,2019,52020202,prospect,"FV 55, #92"
671218,22515,Heliot Ramos,2020,58838384,prospect,"FV 55, #65"
671218,22515,Heliot Ramos,2021,54797980,prospect,"FV 55, #81"
671218,22515,Heliot Ramos,2022,15000000,prospect,FV 45
671218,22515,Heliot Ramos,2023,7000000,prospect,FV 40
671218,22515,Heliot Ramos,2025,67291943,mlb_surplus,1.5 WAR
671218,22515,Heliot Ramos,2026,9323847,mlb_surplus,0.6 WAR
671221,20505,Drew Waters,2018,50000000,prospect,FV 55
671221,20505,Drew Waters,2019,53535354,prospect,"FV 55, #86"
671221,20505,Drew Waters,2020,68686869,prospect,"FV 55, #26"
671221,20505,Drew Waters,2021,66414141,prospect,"FV 55, #35"
671221,20505,Drew Waters,2022,15000000,prospect,FV 45
671221,20505,Drew Waters,2023,-2809652,mlb_surplus,0.9 WAR
671221,20505,Drew Waters,2024,71990851,mlb_surplus,1.1 WAR
671221,20505,Drew Waters,2026,9200000,mlb_surplus,Trade Value
671277,20391,Luis Garcia Jr.,2017,30000000,prospect,FV 50
671277,20391,Luis Garcia Jr.,2018,50000000,prospect,FV 55
671277,20391,Luis Garcia Jr.,2019,56313131,prospect,"FV 55, #75"
671277,20391,Luis Garcia Jr.,2021,280248690,mlb_surplus,0.6 WAR
671277,20391,Luis Garcia Jr.,2022,278857242,mlb_surplus,1.1 WAR
671277,20391,Luis Garcia Jr.,2023,254577903,mlb_surplus,0.8 WAR
671277,20391,Luis Garcia Jr.,2024,266738057,mlb_surplus,3.0 WAR
671277,20391,Luis Garcia Jr.,2025,327146782,mlb_surplus,2.6 WAR
671277,20391,Luis Garcia Jr.,2026,31080852,mlb_surplus,2.2 WAR
671286,22530,Johnathan Rodriguez,2018,15000000,prospect,FV 45
671286,22530,Johnathan Rodriguez,2024,15000000,prospect,FV 45
671286,22530,Johnathan Rodriguez,2026,0,mlb_surplus,Trade Value
671289,22532,Tyler Freeman,2018,15000000,prospect,FV 45
671289,22532,Tyler Freeman,2019,50000000,prospect,FV 55
671289,22532,Tyler Freeman,2020,51262626,prospect,"FV 55, #95"
671289,22532,Tyler Freeman,2021,50757576,prospect,"FV 55, #97"
671289,22532,Tyler Freeman,2022,31818182,prospect,"FV 50, #88"
671289,22532,Tyler Freeman,2023,66647303,mlb_surplus,0.2 WAR
671289,22532,Tyler Freeman,2024,121769240,mlb_surplus,2.2 WAR
671289,22532,Tyler Freeman,2025,161204471,mlb_surplus,3.2 WAR
671289,22532,Tyler Freeman,2026,0,mlb_surplus,0.2 WAR
671305,22533,Michel Otañez,2020,7000000,prospect,FV 40
671305,22533,Michel Otañez,2021,7000000,prospect,FV 40
671305,22533,Michel Otanez,2025,50502266,mlb_surplus,1.2 WAR
671305,22533,Michel Otañez,2026,0,mlb_surplus,Trade Value
671655,22541,George Valera,2018,30000000,prospect,FV 50
671655,22541,George Valera,2019,30000000,prospect,FV 50
671655,22541,George Valera,2020,30000000,prospect,FV 50
671655,22541,George Valera,2021,50000000,prospect,FV 55
671655,22541,George Valera,2022,63383838,prospect,"FV 55, #47"
671655,22541,George Valera,2023,37424242,prospect,"FV 50, #51"
671655,22541,George Valera,2024,7000000,prospect,FV 40
671655,22541,George Valera,2026,6626667,mlb_surplus,Trade Value
671732,22542,Lawrence Butler,2023,30000000,prospect,FV 50
671732,22542,Lawrence Butler,2024,153963649,mlb_surplus,3.1 WAR
671732,22542,Lawrence Butler,2025,94284875,mlb_surplus,2.4 WAR
671732,22542,Lawrence Butler,2026,0,mlb_surplus,1.6 WAR
671737,22543,Taj Bradley,2020,15000000,prospect,FV 45
671737,22543,Taj Bradley,2021,30000000,prospect,FV 50
671737,22543,Taj Bradley,2022,56565657,prospect,"FV 55, #74"
671737,22543,Taj Bradley,2023,70202020,prospect,"FV 55, #20"
671737,22543,Taj Bradley,2024,344196380,mlb_surplus,1.7 WAR
671737,22543,Taj Bradley,2025,436141428,mlb_surplus,1.9 WAR
671737,22543,Taj Bradley,2026,65932741,mlb_surplus,2.1 WAR
671739,25931,Michael Harris II,2020,15000000,prospect,FV 45
671739,25931,Michael Harris II,2021,50000000,prospect,FV 55
671739,25931,Michael Harris II,2022,58838384,prospect,"FV 55, #65"
671739,25931,Michael Harris II,2023,448684436,mlb_surplus,4.3 WAR
671739,25931,Michael Harris II,2024,552262506,mlb_surplus,5.2 WAR
671739,25931,Michael Harris II,2025,602755342,mlb_surplus,5.0 WAR
671739,25931,Michael Harris II,2026,247943513,mlb_surplus,3.5 WAR
671922,27867,Cade Smith,2024,7000000,prospect,FV 40
671922,27867,Cade Smith,2025,202032377,mlb_surplus,2.7 WAR
671922,27867,Cade Smith,2026,49268728,mlb_surplus,1.7 WAR
671976,30063,Tristan Peters,2023,15000000,prospect,FV 45
671976,30063,Tristan Peters,2026,14800000,mlb_surplus,Trade Value
672012,29949,Tyler Black,2022,30000000,prospect,FV 50
672012,29949,Tyler Black,2023,50000000,prospect,FV 55
672012,29949,Tyler Black,2024,38181818,prospect,"FV 50, #46"
672012,29949,Tyler Black,2025,7000000,prospect,FV 40
672012,29949,Tyler Black,2026,6463333,mlb_surplus,Trade Value
672016,29858,Denzel Clarke,2022,30000000,prospect,FV 50
672016,29858,Denzel Clarke,2023,30000000,prospect,FV 50
672016,29858,Denzel Clarke,2024,15000000,prospect,FV 45
672016,29858,Denzel Clarke,2026,12650000,mlb_surplus,Trade Value
672275,27478,Patrick Bailey,2021,30000000,prospect,FV 50
672275,27478,Patrick Bailey,2022,15000000,prospect,FV 45
672275,27478,Patrick Bailey,2023,15000000,prospect,FV 45
672275,27478,Patrick Bailey,2024,434746217,mlb_surplus,4.3 WAR
672275,27478,Patrick Bailey,2025,401154689,mlb_surplus,4.2 WAR
672275,27478,Patrick Bailey,2026,114778125,mlb_surplus,4.6 WAR
672282,27468,Reid Detmers,2022,69949495,prospect,"FV 55, #21"
672282,27468,Reid Detmers,2023,183772010,mlb_surplus,2.4 WAR
672282,27468,Reid Detmers,2024,168776488,mlb_surplus,2.3 WAR
672282,27468,Reid Detmers,2025,194393583,mlb_surplus,2.1 WAR
672282,27468,Reid Detmers,2026,13892187,mlb_surplus,0.9 WAR
672356,22563,Gabriel Arias,2017,30000000,prospect,FV 50
672356,22563,Gabriel Arias,2018,30000000,prospect,FV 50
672356,22563,Gabriel Arias,2019,15000000,prospect,FV 45
672356,22563,Gabriel Arias,2020,30000000,prospect,FV 50
672356,22563,Gabriel Arias,2021,50000000,prospect,FV 55
672356,22563,Gabriel Arias,2022,34090909,prospect,"FV 50, #73"
672356,22563,Gabriel Arias,2023,30000000,prospect,FV 50
672356,22563,Gabriel Arias,2024,211742542,mlb_surplus,1.7 WAR
672356,22563,Gabriel Arias,2025,369885732,mlb_surplus,1.1 WAR
672356,22563,Gabriel Arias,2026,27914870,mlb_surplus,1.3 WAR
672386,22581,Alejandro Kirk,2019,30000000,prospect,FV 50
672386,22581,Alejandro Kirk,2020,30000000,prospect,FV 50
672386,22581,Alejandro Kirk,2022,743414668,mlb_surplus,6.2 WAR
672386,22581,Alejandro Kirk,2023,598119566,mlb_surplus,4.8 WAR
672386,22581,Alejandro Kirk,2024,532713760,mlb_surplus,3.5 WAR
672386,22581,Alejandro Kirk,2025,492249246,mlb_surplus,4.7 WAR
672386,22581,Alejandro Kirk,2026,297023847,mlb_surplus,5.8 WAR
672456,22630,Keider Montero,2022,7000000,prospect,FV 40
672456,22630,Keider Montero,2024,15000000,prospect,FV 45
672456,22630,Keider Montero,2025,133593994,mlb_surplus,1.3 WAR
672456,22630,Keider Montero,2026,14410804,mlb_surplus,0.5 WAR
672515,22664,Gabriel Moreno,2019,30000000,prospect,FV 50
672515,22664,Gabriel Moreno,2020,30000000,prospect,FV 50
672515,22664,Gabriel Moreno,2021,50000000,prospect,FV 55
672515,22664,Gabriel Moreno,2022,102878788,prospect,"FV 60, #7"
672515,22664,Gabriel Moreno,2023,388135734,mlb_surplus,2.3 WAR
672515,22664,Gabriel Moreno,2024,360249254,mlb_surplus,2.5 WAR
672515,22664,Gabriel Moreno,2025,337854618,mlb_surplus,3.5 WAR
672515,22664,Gabriel Moreno,2026,149638933,mlb_surplus,5.1 WAR
672580,22715,Maikel Garcia,2022,30000000,prospect,FV 50
672580,22715,Maikel Garcia,2023,30000000,prospect,FV 50
672580,22715,Maikel Garcia,2024,426769751,mlb_surplus,3.1 WAR
672580,22715,Maikel Garcia,2025,482780685,mlb_surplus,5.6 WAR
672580,22715,Maikel Garcia,2026,188743040,mlb_surplus,3.7 WAR
672582,22717,Angel Zerpa,2021,15000000,prospect,FV 45
672582,22717,Angel Zerpa,2022,15000000,prospect,FV 45
672582,22717,Angel Zerpa,2023,15000000,prospect,FV 45
672582,22717,Angel Zerpa,2024,68370967,mlb_surplus,0.6 WAR
672582,22717,Angel Zerpa,2025,109524445,mlb_surplus,0.6 WAR
672582,22717,Angel Zerpa,2026,13668537,mlb_surplus,0.8 WAR
672640,19608,Otto Lopez,2020,15000000,prospect,FV 45
672640,19608,Otto Lopez,2021,30000000,prospect,FV 50
672640,19608,Otto Lopez,2022,15000000,prospect,FV 45
672640,19608,Otto Lopez,2023,15000000,prospect,FV 45
672640,19608,Otto Lopez,2025,456662874,mlb_surplus,2.6 WAR
672640,19608,Otto Lopez,2026,90536228,mlb_surplus,3.4 WAR
672642,22766,Steward Berroa,2026,0,mlb_surplus,Trade Value
672695,22799,Geraldo Perdomo,2019,30000000,prospect,FV 50
672695,22799,Geraldo Perdomo,2020,54545455,prospect,"FV 55, #82"
672695,22799,Geraldo Perdomo,2021,33333333,prospect,"FV 50, #78"
672695,22799,Geraldo Perdomo,2022,30000000,prospect,FV 50
672695,22799,Geraldo Perdomo,2023,711566942,mlb_surplus,2.3 WAR
672695,22799,Geraldo Perdomo,2024,733012317,mlb_surplus,2.0 WAR
672695,22799,Geraldo Perdomo,2025,922969167,mlb_surplus,7.1 WAR
672695,22799,Geraldo Perdomo,2026,319306526,mlb_surplus,4.8 WAR
672724,22823,Oswald Peraza,2021,50000000,prospect,FV 55
672724,22823,Oswald Peraza,2022,60101010,prospect,"FV 55, #60"
672724,22823,Oswald Peraza,2023,62121212,prospect,"FV 55, #52"
672724,22823,Oswald Peraza,2024,239574139,mlb_surplus,3.0 WAR
672724,22823,Oswald Peraza,2026,24848485,mlb_surplus,Trade Value
672761,22857,Wenceel Perez,2019,30000000,prospect,FV 50
672761,22857,Wenceel Perez,2020,15000000,prospect,FV 45
672761,22857,Wenceel Perez,2021,15000000,prospect,FV 45
672761,22857,Wenceel Perez,2023,7000000,prospect,FV 40
672761,22857,Wenceel Perez,2024,7000000,prospect,FV 40
672761,22857,Wenceel Perez,2025,83813542,mlb_surplus,1.7 WAR
672761,22857,Wenceel Perez,2026,28752509,mlb_surplus,1.2 WAR
672782,22872,Yoendrys Gomez,2019,30000000,prospect,FV 50
672782,22872,Yoendrys Gomez,2020,30000000,prospect,FV 50
672782,22872,Yoendrys Gomez,2021,30000000,prospect,FV 50
672782,22872,Yoendrys Gomez,2022,30000000,prospect,FV 50
672782,22872,Yoendrys Gomez,2023,7000000,prospect,FV 40
672782,22872,Yoendrys Gomez,2024,7000000,prospect,FV 40
672782,22872,Yoendrys Gomez,2026,7228076,mlb_surplus,0.5 WAR
672820,22896,Lenyn Sosa,2020,7000000,prospect,FV 40
672820,22896,Lenyn Sosa,2021,7000000,prospect,FV 40
672820,22896,Lenyn Sosa,2022,30000000,prospect,FV 50
672820,22896,Lenyn Sosa,2023,15000000,prospect,FV 45
672820,22896,Lenyn Sosa,2024,201557451,mlb_surplus,2.4 WAR
672820,22896,Lenyn Sosa,2025,161959869,mlb_surplus,2.2 WAR
672820,22896,Lenyn Sosa,2026,41043443,mlb_surplus,1.7 WAR
672841,22915,Carlos Vargas,2020,15000000,prospect,FV 45
672841,22915,Carlos Vargas,2021,7000000,prospect,FV 40
672841,22915,Carlos Vargas,2023,7000000,prospect,FV 40
672841,22915,Carlos Vargas,2026,5339909,mlb_surplus,0.5 WAR
672860,22932,Prelander Berroa,2023,7000000,prospect,FV 40
672860,22932,Prelander Berroa,2024,7000000,prospect,FV 40
672860,22932,Prelander Berroa,2025,128598992,mlb_surplus,1.0 WAR
672860,22932,Prelander Berroa,2026,11681363,mlb_surplus,1.1 WAR
673237,23003,Yainer Diaz,2022,30000000,prospect,FV 50
673237,23003,Yainer Diaz,2023,50000000,prospect,FV 55
673237,23003,Yainer Diaz,2024,197607838,mlb_surplus,3.0 WAR
673237,23003,Yainer Diaz,2025,157668389,mlb_surplus,1.7 WAR
673237,23003,Yainer Diaz,2026,70141364,mlb_surplus,2.9 WAR
673357,20043,Luis Robert Jr.,2018,68181818,prospect,"FV 55, #28"
673357,20043,Luis Robert Jr.,2021,409581424,mlb_surplus,4.5 WAR
673357,20043,Luis Robert Jr.,2022,354055072,mlb_surplus,4.6 WAR
673357,20043,Luis Robert Jr.,2023,293113416,mlb_surplus,4.9 WAR
673357,20043,Luis Robert Jr.,2024,222425265,mlb_surplus,3.2 WAR
673357,20043,Luis Robert Jr.,2025,282290401,mlb_surplus,1.7 WAR
673357,20043,Luis Robert Jr.,2026,12703028,mlb_surplus,2.4 WAR
673490,27506,Ha-seong Kim,2022,287673875,mlb_surplus,3.6 WAR
673490,27506,Ha-seong Kim,2023,245203156,mlb_surplus,4.2 WAR
673490,27506,Ha-seong Kim,2024,209059389,mlb_surplus,2.6 WAR
673490,27506,Ha-seong Kim,2025,365945238,mlb_surplus,3.1 WAR
673490,27506,Ha-seong Kim,2026,3932728,mlb_surplus,2.1 WAR
673513,33826,Yuki Matsui,2025,83566579,mlb_surplus,0.8 WAR
673513,33826,Yuki Matsui,2026,-952806,mlb_surplus,0.7 WAR
673540,31838,Kodai Senga,2024,126754426,mlb_surplus,2.4 WAR
673540,31838,Kodai Senga,2026,32250071,mlb_surplus,2.4 WAR
673548,30116,Seiya Suzuki,2023,71811931,mlb_surplus,3.1 WAR
673548,30116,Seiya Suzuki,2024,53321718,mlb_surplus,3.5 WAR
673548,30116,Seiya Suzuki,2025,26983358,mlb_surplus,2.6 WAR
673548,30116,Seiya Suzuki,2026,-1151205,mlb_surplus,1.7 WAR
673929,29950,Jordan Leasure,2024,7000000,prospect,FV 40
673929,29950,Jordan Leasure,2025,101217748,mlb_surplus,0.5 WAR
673929,29950,Jordan Leasure,2026,17414295,mlb_surplus,0.6 WAR
673962,26299,Josh Jung,2020,61363636,prospect,"FV 55, #55"
673962,26299,Josh Jung,2021,59595960,prospect,"FV 55, #62"
673962,26299,Josh Jung,2022,67929293,prospect,"FV 55, #29"
673962,26299,Josh Jung,2023,56341686,mlb_surplus,2.8 WAR
673962,26299,Josh Jung,2024,42094729,mlb_surplus,1.9 WAR
673962,26299,Josh Jung,2025,18570384,mlb_surplus,1.7 WAR
673962,26299,Josh Jung,2026,0,mlb_surplus,0.7 WAR
674003,27597,Cody Bradford,2022,7000000,prospect,FV 40
674003,27597,Cody Bradford,2023,7000000,prospect,FV 40
674003,27597,Cody Bradford,2024,177279750,mlb_surplus,1.5 WAR
674003,27597,Cody Bradford,2025,257846363,mlb_surplus,1.9 WAR
674003,27597,Cody Bradford,2026,25256227,mlb_surplus,2.0 WAR
674370,23150,Osvaldo Bido,2024,56416826,mlb_surplus,1.4 WAR
674370,23150,Osvaldo Bido,2025,86031941,mlb_surplus,0.7 WAR
674370,23150,Osvaldo Bido,2026,5224349,mlb_surplus,0.6 WAR
674384,23162,Eduarniel Nunez,2025,7000000,prospect,FV 40
674384,23162,Eduarniel Núñez,2026,6766667,mlb_surplus,Trade Value
674444,23165,Steven Cruz,2023,7000000,prospect,FV 40
674444,23165,Steven Cruz,2026,12046843,mlb_surplus,0.8 WAR
674841,29914,Andrew Alvarez,2026,0,mlb_surplus,Trade Value
675512,31807,Troy Melton,2023,15000000,prospect,FV 45
675512,31807,Troy Melton,2024,15000000,prospect,FV 45
675512,31807,Troy Melton,2026,16849869,mlb_surplus,0.7 WAR
675848,23237,Juan Mejia,2026,47265836,mlb_surplus,1.3 WAR
675911,27498,Spencer Strider,2021,15000000,prospect,FV 45
675911,27498,Spencer Strider,2022,30000000,prospect,FV 50
675911,27498,Spencer Strider,2023,344973326,mlb_surplus,5.5 WAR
675911,27498,Spencer Strider,2024,494571597,mlb_surplus,4.4 WAR
675911,27498,Spencer Strider,2026,69147768,mlb_surplus,2.9 WAR
675919,20333,Nick Raquet,2018,15000000,prospect,FV 45
675919,20333,Nick Raquet,2019,15000000,prospect,FV 45
675919,20333,Nick Raquet,2026,0,mlb_surplus,Trade Value
676059,27815,Jordan Westburg,2022,50000000,prospect,FV 55
676059,27815,Jordan Westburg,2023,56565657,prospect,"FV 55, #74"
676059,27815,Jordan Westburg,2024,234267644,mlb_surplus,2.8 WAR
676059,27815,Jordan Westburg,2025,283234551,mlb_surplus,4.0 WAR
676059,27815,Jordan Westburg,2026,70199223,mlb_surplus,3.0 WAR
676083,23301,Janson Junk,2022,15000000,prospect,FV 45
676083,23301,Janson Junk,2023,15000000,prospect,FV 45
676083,23301,Janson Junk,2026,14752091,mlb_surplus,0.8 WAR
676106,27470,Emerson Hancock,2021,67424242,prospect,"FV 55, #31"
676106,27470,Emerson Hancock,2022,32727273,prospect,"FV 50, #82"
676106,27470,Emerson Hancock,2023,30000000,prospect,FV 50
676106,27470,Emerson Hancock,2024,15000000,prospect,FV 45
676106,27470,Emerson Hancock,2025,75864496,mlb_surplus,0.6 WAR
676106,27470,Emerson Hancock,2026,13738324,mlb_surplus,0.3 WAR
676130,23313,Jose Butto,2020,7000000,prospect,FV 40
676130,23313,Jose Butto,2021,15000000,prospect,FV 45
676130,23313,Jose Butto,2022,15000000,prospect,FV 45
676130,23313,Jose Butto,2023,15000000,prospect,FV 45
676130,23313,Jose Butto,2025,108065351,mlb_surplus,0.6 WAR
676130,23313,Jose Butto,2026,15327120,mlb_surplus,0.9 WAR
676254,20423,Ryan Walker,2024,104279726,mlb_surplus,1.7 WAR
676254,20423,Ryan Walker,2025,136956609,mlb_surplus,0.9 WAR
676254,20423,Ryan Walker,2026,21520788,mlb_surplus,1.1 WAR
676263,30249,Jack Dreyer,2026,41182629,mlb_surplus,1.2 WAR
676272,27483,Bobby Miller,2021,50000000,prospect,FV 55
676272,27483,Bobby Miller,2022,60858586,prospect,"FV 55, #57"
676272,27483,Bobby Miller,2023,96868687,prospect,"FV 60, #24"
676272,27483,Bobby Miller,2024,172767133,mlb_surplus,2.7 WAR
676272,27483,Bobby Miller,2025,110626081,mlb_surplus,2.2 WAR
676272,27483,Bobby Miller,2026,84921549,mlb_surplus,Trade Value
676282,23335,Joey Cantillo,2020,30000000,prospect,FV 50
676282,23335,Joey Cantillo,2021,15000000,prospect,FV 45
676282,23335,Joey Cantillo,2023,15000000,prospect,FV 45
676282,23335,Joey Cantillo,2024,15000000,prospect,FV 45
676282,23335,Joey Cantillo,2026,17507017,mlb_surplus,0.9 WAR
676356,26365,Jonny DeLuca,2023,15000000,prospect,FV 45
676356,26365,Jonny DeLuca,2025,45940505,mlb_surplus,1.0 WAR
676356,26365,Jonny DeLuca,2026,7450000,mlb_surplus,Trade Value
676391,20352,Ernie Clement,2018,15000000,prospect,FV 45
676391,20352,Ernie Clement,2019,7000000,prospect,FV 40
676391,20352,Ernie Clement,2022,126229563,mlb_surplus,1.9 WAR
676391,20352,Ernie Clement,2023,139320878,mlb_surplus,3.0 WAR
676391,20352,Ernie Clement,2025,76484594,mlb_surplus,3.2 WAR
676391,20352,Ernie Clement,2026,17068772,mlb_surplus,1.7 WAR
676395,23363,Robert Garcia,2024,89557192,mlb_surplus,1.5 WAR
676395,23363,Robert Garcia,2025,121862970,mlb_surplus,0.8 WAR
676395,23363,Robert Garcia,2026,18019902,mlb_surplus,1.0 WAR
676428,30133,Brant Hurter,2023,15000000,prospect,FV 45
676428,30133,Brant Hurter,2024,15000000,prospect,FV 45
676428,30133,Brant Hurter,2026,25026325,mlb_surplus,1.0 WAR
676439,23372,Hunter Feduccia,2026,32062249,mlb_surplus,1.4 WAR
676440,30134,Tanner Bibee,2023,58838384,prospect,"FV 55, #65"
676440,30134,Tanner Bibee,2024,267002080,mlb_surplus,3.3 WAR
676440,30134,Tanner Bibee,2025,295096384,mlb_surplus,2.8 WAR
676440,30134,Tanner Bibee,2026,68521230,mlb_surplus,2.2 WAR
676467,31312,Colton Gordon,2023,15000000,prospect,FV 45
676467,31312,Colton Gordon,2024,15000000,prospect,FV 45
676467,31312,Colton Gordon,2026,15303633,mlb_surplus,0.6 WAR
676475,27615,Alec Burleson,2021,15000000,prospect,FV 45
676475,27615,Alec Burleson,2022,50000000,prospect,FV 55
676475,27615,Alec Burleson,2023,52272727,prospect,"FV 55, #91"
676475,27615,Alec Burleson,2024,119167244,mlb_surplus,2.7 WAR
676475,27615,Alec Burleson,2025,60131436,mlb_surplus,2.1 WAR
676475,27615,Alec Burleson,2026,24520430,mlb_surplus,1.4 WAR
676477,20191,Garrett Whitlock,2019,7000000,prospect,FV 40
676477,20191,Garrett Whitlock,2022,137539792,mlb_surplus,1.4 WAR
676477,20191,Garrett Whitlock,2023,107618216,mlb_surplus,1.0 WAR
676477,20191,Garrett Whitlock,2024,112485750,mlb_surplus,0.9 WAR
676477,20191,Garrett Whitlock,2026,8233356,mlb_surplus,1.2 WAR
676508,30085,Ben Casparius,2026,25747136,mlb_surplus,1.0 WAR
676510,23381,Nolan Hoffman,2019,7000000,prospect,FV 40
676510,23381,Nolan Hoffman,2026,0,mlb_surplus,Trade Value
676534,20116,Calvin Faucher,2023,66493807,mlb_surplus,0.6 WAR
676534,20116,Calvin Faucher,2024,70059372,mlb_surplus,1.3 WAR
676534,20116,Calvin Faucher,2025,103161017,mlb_surplus,0.8 WAR
676534,20116,Calvin Faucher,2026,11478120,mlb_surplus,0.8 WAR
676571,23394,PJ Poulin,2026,27651012,mlb_surplus,0.9 WAR
676572,23395,Eric Wagaman,2025,12332287,mlb_surplus,0.6 WAR
676572,23395,Eric Wagaman,2026,0,mlb_surplus,Trade Value
676609,23401,Jose Caballero,2024,113394964,mlb_surplus,1.9 WAR
676609,23401,Jose Caballero,2025,112044178,mlb_surplus,2.0 WAR
676609,23401,Jose Caballero,2026,0,mlb_surplus,0.2 WAR
676617,20348,Riley O'Brien,2020,15000000,prospect,FV 45
676617,20348,Riley O'Brien,2021,7000000,prospect,FV 40
676617,20348,Riley O'Brien,2026,12021635,mlb_surplus,0.8 WAR
676661,23426,Max Lazar,2026,15724917,mlb_surplus,0.7 WAR
676664,23429,JP Sears,2022,15000000,prospect,FV 45
676664,23429,JP Sears,2023,83821753,mlb_surplus,0.6 WAR
676664,23429,JP Sears,2024,107377585,mlb_surplus,1.2 WAR
676664,23429,JP Sears,2025,170871139,mlb_surplus,0.8 WAR
676664,23429,JP Sears,2026,3746635,mlb_surplus,0.4 WAR
676684,19769,Will Vest,2022,121870938,mlb_surplus,0.4 WAR
676684,19769,Will Vest,2023,110892856,mlb_surplus,1.2 WAR
676684,19769,Will Vest,2024,110905333,mlb_surplus,1.2 WAR
676684,19769,Will Vest,2025,147951213,mlb_surplus,1.8 WAR
676684,19769,Will Vest,2026,13609378,mlb_surplus,1.2 WAR
676694,20308,Jake Meyers,2022,202672944,mlb_surplus,2.6 WAR
676694,20308,Jake Meyers,2023,163616397,mlb_surplus,1.1 WAR
676694,20308,Jake Meyers,2024,159206014,mlb_surplus,1.9 WAR
676694,20308,Jake Meyers,2025,154005141,mlb_surplus,2.3 WAR
676694,20308,Jake Meyers,2026,42514208,mlb_surplus,2.6 WAR
676702,23455,Hunter Stratton,2025,97918504,mlb_surplus,0.7 WAR
676702,23455,Hunter Stratton,2026,11596674,mlb_surplus,0.8 WAR
676710,20531,Kutter Crawford,2019,7000000,prospect,FV 40
676710,20531,Kutter Crawford,2022,7000000,prospect,FV 40
676710,20531,Kutter Crawford,2023,167533172,mlb_surplus,2.4 WAR
676710,20531,Kutter Crawford,2024,159568115,mlb_surplus,1.8 WAR
676710,20531,Kutter Crawford,2025,214276629,mlb_surplus,1.7 WAR
676710,20531,Kutter Crawford,2026,32606415,mlb_surplus,1.8 WAR
676724,20404,Jared Young,2026,0,mlb_surplus,Trade Value
676742,23479,Cam Sanders,2026,0,mlb_surplus,Trade Value
676755,20385,Isaac Mattson,2026,16684099,mlb_surplus,0.9 WAR
676760,23488,Ron Marinaccio,2022,7000000,prospect,FV 40
676760,23488,Ron Marinaccio,2023,30085918,mlb_surplus,1.0 WAR
676760,23488,Ron Marinaccio,2024,16347257,mlb_surplus,0.7 WAR
676760,23488,Ron Marinaccio,2025,7921076,mlb_surplus,0.5 WAR
676760,23488,Ron Marinaccio,2026,0,mlb_surplus,Trade Value
676775,23499,Keaton Winn,2023,15000000,prospect,FV 45
676775,23499,Keaton Winn,2024,15000000,prospect,FV 45
676775,23499,Keaton Winn,2025,79062870,mlb_surplus,1.8 WAR
676775,23499,Keaton Winn,2026,13600000,mlb_surplus,Trade Value
676879,23550,Aaron Ashby,2019,30000000,prospect,FV 50
676879,23550,Aaron Ashby,2020,30000000,prospect,FV 50
676879,23550,Aaron Ashby,2021,30000000,prospect,FV 50
676879,23550,Aaron Ashby,2022,30000000,prospect,FV 50
676879,23550,Aaron Ashby,2023,81185571,mlb_surplus,0.7 WAR
676879,23550,Aaron Ashby,2024,76849043,mlb_surplus,0.7 WAR
676879,23550,Aaron Ashby,2026,4834673,mlb_surplus,1.0 WAR
676914,23565,Davis Schneider,2023,15000000,prospect,FV 45
676914,23565,Davis Schneider,2024,187306981,mlb_surplus,2.0 WAR
676914,23565,Davis Schneider,2025,332804677,mlb_surplus,2.5 WAR
676914,23565,Davis Schneider,2026,33783167,mlb_surplus,1.8 WAR
676917,27473,Cade Cavalli,2021,50505051,prospect,"FV 55, #98"
676917,27473,Cade Cavalli,2022,65404040,prospect,"FV 55, #39"
676917,27473,Cade Cavalli,2023,36363636,prospect,"FV 50, #58"
676917,27473,Cade Cavalli,2024,15000000,prospect,FV 45
676917,27473,Cade Cavalli,2026,23897130,mlb_surplus,1.9 WAR
676962,23590,Ben Brown,2023,50000000,prospect,FV 55
676962,23590,Ben Brown,2024,30000000,prospect,FV 50
676962,23590,Ben Brown,2025,126455066,mlb_surplus,1.1 WAR
676962,23590,Ben Brown,2026,28894993,mlb_surplus,1.0 WAR
676974,27474,Max Meyer,2021,68181818,prospect,"FV 55, #28"
676974,27474,Max Meyer,2022,66414141,prospect,"FV 55, #35"
676974,27474,Max Meyer,2023,35000000,prospect,"FV 50, #67"
676974,27474,Max Meyer,2024,50000000,prospect,FV 55
676974,27474,Max Meyer,2025,273856709,mlb_surplus,1.2 WAR
676974,27474,Max Meyer,2026,40855821,mlb_surplus,1.2 WAR
676979,27463,Garrett Crochet,2022,644316985,mlb_surplus,1.1 WAR
676979,27463,Garrett Crochet,2023,591720849,mlb_surplus,1.2 WAR
676979,27463,Garrett Crochet,2025,697775231,mlb_surplus,5.8 WAR
676979,27463,Garrett Crochet,2026,145036447,mlb_surplus,4.1 WAR
677008,31166,Heston Kjerstad,2021,34848485,prospect,"FV 50, #68"
677008,31166,Heston Kjerstad,2022,30000000,prospect,FV 50
677008,31166,Heston Kjerstad,2023,55050505,prospect,"FV 55, #80"
677008,31166,Heston Kjerstad,2024,67171717,prospect,"FV 55, #32"
677008,31166,Heston Kjerstad,2025,1448077,mlb_surplus,6yr ctrl
677008,31166,Heston Kjerstad,2026,43437710,mlb_surplus,Trade Value
677053,25942,Andrew Nardi,2024,80456218,mlb_surplus,0.7 WAR
677053,25942,Andrew Nardi,2025,124638092,mlb_surplus,0.8 WAR
677053,25942,Andrew Nardi,2026,19942025,mlb_surplus,1.0 WAR
677161,20349,Zack Kelly,2023,7000000,prospect,FV 40
677161,20349,Zack Kelly,2025,102675144,mlb_surplus,0.6 WAR
677161,20349,Zack Kelly,2026,13260137,mlb_surplus,0.8 WAR
677347,26420,Kyren Paris,2022,15000000,prospect,FV 45
677347,26420,Kyren Paris,2023,15000000,prospect,FV 45
677347,26420,Kyren Paris,2024,15000000,prospect,FV 45
677347,26420,Kyren Paris,2026,11000000,mlb_surplus,Trade Value
677587,23690,Brayan Rocchio,2019,30000000,prospect,FV 50
677587,23690,Brayan Rocchio,2020,30000000,prospect,FV 50
677587,23690,Brayan Rocchio,2021,30000000,prospect,FV 50
677587,23690,Brayan Rocchio,2022,54040404,prospect,"FV 55, #84"
677587,23690,Brayan Rocchio,2023,56313131,prospect,"FV 55, #75"
677587,23690,Brayan Rocchio,2024,220388046,mlb_surplus,1.1 WAR
677587,23690,Brayan Rocchio,2025,402368575,mlb_surplus,0.8 WAR
677587,23690,Brayan Rocchio,2026,33793443,mlb_surplus,0.7 WAR
677588,23691,Jose Tena,2020,15000000,prospect,FV 45
677588,23691,Jose Tena,2021,30000000,prospect,FV 50
677588,23691,Jose Tena,2022,15000000,prospect,FV 45
677588,23691,Jose Tena,2023,15000000,prospect,FV 45
677588,23691,Jose Tena,2024,7000000,prospect,FV 40
677588,23691,Jose Tena,2025,291509877,mlb_surplus,1.0 WAR
677588,23691,Jose Tena,2026,26832450,mlb_surplus,1.3 WAR
677592,23695,Everson Pereira,2018,15000000,prospect,FV 45
677592,23695,Everson Pereira,2019,30000000,prospect,FV 50
677592,23695,Everson Pereira,2020,15000000,prospect,FV 45
677592,23695,Everson Pereira,2021,15000000,prospect,FV 45
677592,23695,Everson Pereira,2022,30000000,prospect,FV 50
677592,23695,Everson Pereira,2023,50000000,prospect,FV 55
677592,23695,Everson Pereira,2024,155971748,mlb_surplus,1.1 WAR
677592,23695,Everson Pereira,2026,12500000,mlb_surplus,Trade Value
677594,23697,Julio Rodriguez,2018,30000000,prospect,FV 50
677594,23697,Julio Rodriguez,2019,15000000,prospect,FV 45
677594,23697,Julio Rodriguez,2020,98989899,prospect,"FV 60, #18"
677594,23697,Julio Rodriguez,2021,133181818,prospect,"FV 65, #5"
677594,23697,Julio Rodriguez,2022,178787879,prospect,"FV 70, #3"
677594,23697,Julio Rodriguez,2023,740125523,mlb_surplus,5.8 WAR
677594,23697,Julio Rodriguez,2024,698393948,mlb_surplus,4.3 WAR
677594,23697,Julio Rodriguez,2025,797709674,mlb_surplus,5.7 WAR
677594,23697,Julio Rodriguez,2026,417829938,mlb_surplus,5.3 WAR
677595,23698,Ronny Mauricio,2018,30000000,prospect,FV 50
677595,23698,Ronny Mauricio,2019,50000000,prospect,FV 55
677595,23698,Ronny Mauricio,2020,59595960,prospect,"FV 55, #62"
677595,23698,Ronny Mauricio,2021,58585859,prospect,"FV 55, #66"
677595,23698,Ronny Mauricio,2022,33333333,prospect,"FV 50, #78"
677595,23698,Ronny Mauricio,2023,50000000,prospect,FV 55
677595,23698,Ronny Mauricio,2024,231495254,mlb_surplus,1.9 WAR
677595,23698,Ronny Mauricio,2026,29325811,mlb_surplus,1.3 WAR
677649,23733,Ezequiel Duran,2020,7000000,prospect,FV 40
677649,23733,Ezequiel Duran,2021,30000000,prospect,FV 50
677649,23733,Ezequiel Duran,2022,54292929,prospect,"FV 55, #83"
677649,23733,Ezequiel Duran,2023,14715252,mlb_surplus,1.4 WAR
677649,23733,Ezequiel Duran,2024,35673992,mlb_surplus,0.9 WAR
677649,23733,Ezequiel Duran,2025,80289405,mlb_surplus,4yr ctrl
677649,23733,Ezequiel Duran,2026,0,mlb_surplus,0.2 WAR
677800,23772,Wilyer Abreu,2023,7000000,prospect,FV 40
677800,23772,Wilyer Abreu,2024,117912097,mlb_surplus,3.1 WAR
677800,23772,Wilyer Abreu,2025,81742275,mlb_surplus,2.4 WAR
677800,23772,Wilyer Abreu,2026,32118814,mlb_surplus,1.9 WAR
677865,23779,Justin Bruihl,2022,14635179,mlb_surplus,0.5 WAR
677865,23779,Justin Bruihl,2023,15158995,mlb_surplus,0.5 WAR
677865,23779,Justin Bruihl,2024,5051410,mlb_surplus,0.6 WAR
677865,23779,Justin Bruihl,2026,0,mlb_surplus,Trade Value
677870,23782,Leonardo Jimenez,2018,15000000,prospect,FV 45
677870,23782,Leonardo Jimenez,2019,15000000,prospect,FV 45
677870,23782,Leonardo Jimenez,2020,15000000,prospect,FV 45
677870,23782,Leonardo Jimenez,2021,15000000,prospect,FV 45
677870,23782,Leonardo Jimenez,2022,30000000,prospect,FV 50
677870,23782,Leonardo Jimenez,2023,15000000,prospect,FV 45
677870,23782,Leo Jimenez,2025,72670663,mlb_surplus,1.7 WAR
677870,23782,Leonardo Jimenez,2026,0,mlb_surplus,Trade Value
677942,23789,Blaze Alexander,2019,15000000,prospect,FV 45
677942,23789,Blaze Alexander,2020,15000000,prospect,FV 45
677942,23789,Blaze Alexander,2021,15000000,prospect,FV 45
677942,23789,Blaze Alexander,2022,15000000,prospect,FV 45
677942,23789,Blaze Alexander,2023,15000000,prospect,FV 45
677942,23789,Blaze Alexander,2024,15000000,prospect,FV 45
677942,23789,Blaze Alexander,2025,117371209,mlb_surplus,1.0 WAR
677942,23789,Blaze Alexander,2026,9223252,mlb_surplus,Trade Value
677944,27500,Slade Cecconi,2021,30000000,prospect,FV 50
677944,27500,Slade Cecconi,2022,30000000,prospect,FV 50
677944,27500,Slade Cecconi,2023,15000000,prospect,FV 45
677944,27500,Slade Cecconi,2024,15000000,prospect,FV 45
677944,27500,Slade Cecconi,2025,268070538,mlb_surplus,0.7 WAR
677944,27500,Slade Cecconi,2026,28520630,mlb_surplus,1.3 WAR
677950,23792,Alek Thomas,2019,50000000,prospect,FV 55
677950,23792,Alek Thomas,2020,62878788,prospect,"FV 55, #49"
677950,23792,Alek Thomas,2021,55050505,prospect,"FV 55, #80"
677950,23792,Alek Thomas,2022,98989899,prospect,"FV 60, #18"
677950,23792,Alek Thomas,2023,215391949,mlb_surplus,2.2 WAR
677950,23792,Alek Thomas,2024,234871141,mlb_surplus,2.8 WAR
677950,23792,Alek Thomas,2025,413059305,mlb_surplus,4.8 WAR
677950,23792,Alek Thomas,2026,28940109,mlb_surplus,1.2 WAR
677951,25764,Bobby Witt Jr.,2020,101818182,prospect,"FV 60, #10"
677951,25764,Bobby Witt Jr.,2021,132272727,prospect,"FV 65, #7"
677951,25764,Bobby Witt Jr.,2022,180000000,prospect,"FV 70, #1"
677951,25764,Bobby Witt Jr.,2023,1240710092,mlb_surplus,5.9 WAR
677951,25764,Bobby Witt Jr.,2024,966898602,mlb_surplus,10.5 WAR
677951,25764,Bobby Witt Jr.,2025,1069007036,mlb_surplus,8.0 WAR
677951,25764,Bobby Witt Jr.,2026,480127464,mlb_surplus,8.0 WAR
677952,23793,Braxton Ashcraft,2019,15000000,prospect,FV 45
677952,23793,Braxton Ashcraft,2020,15000000,prospect,FV 45
677952,23793,Braxton Ashcraft,2021,15000000,prospect,FV 45
677952,23793,Braxton Ashcraft,2024,50000000,prospect,FV 55
677952,23793,Braxton Ashcraft,2026,48572953,mlb_surplus,1.2 WAR
677955,30250,Jaden Hill,2022,30000000,prospect,FV 50
677955,30250,Jaden Hill,2023,7000000,prospect,FV 40
677955,30250,Jaden Hill,2024,7000000,prospect,FV 40
677955,30250,Jaden Hill,2026,19487290,mlb_surplus,1.0 WAR
677956,27493,Rece Hinds,2020,30000000,prospect,FV 50
677956,27493,Rece Hinds,2021,30000000,prospect,FV 50
677956,27493,Rece Hinds,2022,15000000,prospect,FV 45
677956,27493,Rece Hinds,2023,15000000,prospect,FV 45
677956,27493,Rece Hinds,2024,15000000,prospect,FV 45
677956,27493,Rece Hinds,2026,13050000,mlb_surplus,Trade Value
677958,31843,Kumar Rocker,2023,30000000,prospect,FV 50
677958,31843,Kumar Rocker,2024,50000000,prospect,FV 55
677958,31843,Kumar Rocker,2026,57419752,mlb_surplus,2.0 WAR
677960,23796,Ryan Weathers,2019,31060606,prospect,"FV 50, #93"
677960,23796,Ryan Weathers,2020,30000000,prospect,FV 50
677960,23796,Ryan Weathers,2022,195682931,mlb_surplus,0.3 WAR
677960,23796,Ryan Weathers,2024,197090690,mlb_surplus,1.1 WAR
677960,23796,Ryan Weathers,2025,285990820,mlb_surplus,1.4 WAR
677960,23796,Ryan Weathers,2026,41228438,mlb_surplus,1.5 WAR
677961,27481,Cole Wilcox,2021,30000000,prospect,FV 50
677961,27481,Cole Wilcox,2022,15000000,prospect,FV 45
677961,27481,Cole Wilcox,2023,15000000,prospect,FV 45
677961,27481,Cole Wilcox,2024,15000000,prospect,FV 45
677961,27481,Cole Wilcox,2026,14950000,mlb_surplus,Trade Value
678009,23800,Parker Meadows,2019,30000000,prospect,FV 50
678009,23800,Parker Meadows,2020,30000000,prospect,FV 50
678009,23800,Parker Meadows,2021,15000000,prospect,FV 45
678009,23800,Parker Meadows,2022,15000000,prospect,FV 45
678009,23800,Parker Meadows,2023,15000000,prospect,FV 45
678009,23800,Parker Meadows,2024,471627844,mlb_surplus,4.9 WAR
678009,23800,Parker Meadows,2025,407148918,mlb_surplus,3.0 WAR
678009,23800,Parker Meadows,2026,41566462,mlb_surplus,2.0 WAR
678011,23802,Anthony Seigler,2019,30000000,prospect,FV 50
678011,23802,Anthony Seigler,2020,15000000,prospect,FV 45
678011,23802,Anthony Seigler,2026,54956107,mlb_surplus,1.2 WAR
678020,33294,Seth Halvorsen,2026,26306028,mlb_surplus,1.0 WAR
678022,31468,Jack Perkins,2024,15000000,prospect,FV 45
678022,31468,Jack Perkins,2026,14400000,mlb_surplus,Trade Value
678024,30105,Mike Vasil,2022,15000000,prospect,FV 45
678024,30105,Mike Vasil,2023,30000000,prospect,FV 50
678024,30105,Mike Vasil,2024,7000000,prospect,FV 40
678024,30105,Mike Vasil,2026,18231523,mlb_surplus,0.8 WAR
678226,20271,Daysbel Hernandez,2020,15000000,prospect,FV 45
678226,20271,Daysbel Hernandez,2021,7000000,prospect,FV 40
678226,20271,Daysbel Hernandez,2025,98205621,mlb_surplus,0.9 WAR
678226,20271,Daysbel Hernandez,2026,13175277,mlb_surplus,0.9 WAR
678246,20178,Miguel Vargas,2019,15000000,prospect,FV 45
678246,20178,Miguel Vargas,2020,30000000,prospect,FV 50
678246,20178,Miguel Vargas,2021,30000000,prospect,FV 50
678246,20178,Miguel Vargas,2022,51515152,prospect,"FV 55, #94"
678246,20178,Miguel Vargas,2023,65909091,prospect,"FV 55, #37"
678246,20178,Miguel Vargas,2024,229420318,mlb_surplus,2.5 WAR
678246,20178,Miguel Vargas,2025,230657448,mlb_surplus,2.1 WAR
678246,20178,Miguel Vargas,2026,41057013,mlb_surplus,1.8 WAR
678391,23917,Jorbit Vivas,2022,15000000,prospect,FV 45
678391,23917,Jorbit Vivas,2023,30000000,prospect,FV 50
678391,23917,Jorbit Vivas,2024,7000000,prospect,FV 40
678391,23917,Jorbit Vivas,2026,6323333,mlb_surplus,Trade Value
678394,23920,Brayan Bello,2019,7000000,prospect,FV 40
678394,23920,Brayan Bello,2020,15000000,prospect,FV 45
678394,23920,Brayan Bello,2021,30000000,prospect,FV 50
678394,23920,Brayan Bello,2022,50000000,prospect,FV 55
678394,23920,Brayan Bello,2023,326198977,mlb_surplus,3.3 WAR
678394,23920,Brayan Bello,2024,266965092,mlb_surplus,2.9 WAR
678394,23920,Brayan Bello,2025,343350545,mlb_surplus,2.4 WAR
678394,23920,Brayan Bello,2026,45586124,mlb_surplus,2.2 WAR
678489,23968,Jorge Barrosa,2019,7000000,prospect,FV 40
678489,23968,Jorge Barrosa,2023,15000000,prospect,FV 45
678489,23968,Jorge Barrosa,2024,15000000,prospect,FV 45
678489,23968,Jorge Barrosa,2026,12950000,mlb_surplus,Trade Value
678554,23986,Curtis Mead,2022,50000000,prospect,FV 55
678554,23986,Curtis Mead,2023,66919192,prospect,"FV 55, #33"
678554,23986,Curtis Mead,2024,65653450,mlb_surplus,0.2 WAR
678554,23986,Curtis Mead,2025,120433907,mlb_surplus,0.1 WAR
678554,23986,Curtis Mead,2026,33033472,mlb_surplus,0.3 WAR
678606,24017,Jose A. Ferrer,2023,7000000,prospect,FV 40
678606,24017,Jose A. Ferrer,2024,90427627,mlb_surplus,0.6 WAR
678606,24017,Jose A. Ferrer,2025,133155875,mlb_surplus,1.4 WAR
678606,24017,Jose A. Ferrer,2026,19991056,mlb_surplus,1.1 WAR
678662,24064,Ezequiel Tovar,2020,15000000,prospect,FV 45
678662,24064,Ezequiel Tovar,2021,15000000,prospect,FV 45
678662,24064,Ezequiel Tovar,2022,50000000,prospect,FV 55
678662,24064,Ezequiel Tovar,2023,68939394,prospect,"FV 55, #25"
678662,24064,Ezequiel Tovar,2024,176090885,mlb_surplus,3.7 WAR
678662,24064,Ezequiel Tovar,2025,181525216,mlb_surplus,1.1 WAR
678662,24064,Ezequiel Tovar,2026,48106179,mlb_surplus,1.8 WAR
678821,24203,Luis Peralta,2026,24851686,mlb_surplus,1.0 WAR
678882,24262,Ceddanne Rafaela,2022,50000000,prospect,FV 55
678882,24262,Ceddanne Rafaela,2023,53535354,prospect,"FV 55, #86"
678882,24262,Ceddanne Rafaela,2024,195047229,mlb_surplus,1.0 WAR
678882,24262,Ceddanne Rafaela,2025,221391821,mlb_surplus,3.8 WAR
678882,24262,Ceddanne Rafaela,2026,62087645,mlb_surplus,1.2 WAR
678906,24282,Kai-Wei Teng,2020,15000000,prospect,FV 45
678906,24282,Kai-Wei Teng,2021,7000000,prospect,FV 40
678906,24282,Kai-Wei Teng,2024,7000000,prospect,FV 40
678906,24282,Kai-Wei Teng,2026,6720000,mlb_surplus,Trade Value
679032,24336,Johan Rojas,2020,15000000,prospect,FV 45
679032,24336,Johan Rojas,2021,30000000,prospect,FV 50
679032,24336,Johan Rojas,2022,30000000,prospect,FV 50
679032,24336,Johan Rojas,2023,30000000,prospect,FV 50
679032,24336,Johan Rojas,2024,128807629,mlb_surplus,1.1 WAR
679032,24336,Johan Rojas,2025,295956481,mlb_surplus,1.0 WAR
679032,24336,Johan Rojas,2026,16539694,mlb_surplus,0.4 WAR
679358,27626,Eric Orze,2022,7000000,prospect,FV 40
679358,27626,Eric Orze,2026,19173986,mlb_surplus,0.8 WAR
679529,27465,Spencer Torkelson,2021,134090909,prospect,"FV 65, #3"
679529,27465,Spencer Torkelson,2022,133636364,prospect,"FV 65, #4"
679529,27465,Spencer Torkelson,2023,84831085,mlb_surplus,1.3 WAR
679529,27465,Spencer Torkelson,2024,89766917,mlb_surplus,1.7 WAR
679529,27465,Spencer Torkelson,2025,65068005,mlb_surplus,2.3 WAR
679529,27465,Spencer Torkelson,2026,24329430,mlb_surplus,1.4 WAR
679775,29615,Kyle Backhus,2026,25538801,mlb_surplus,0.8 WAR
679822,27501,Justin Foscue,2021,50000000,prospect,FV 55
679822,27501,Justin Foscue,2022,52777778,prospect,"FV 55, #89"
679822,27501,Justin Foscue,2023,30000000,prospect,FV 50
679822,27501,Justin Foscue,2024,30000000,prospect,FV 50
679822,27501,Justin Foscue,2026,28100000,mlb_surplus,Trade Value
679845,27630,Nick Loftin,2021,30000000,prospect,FV 50
679845,27630,Nick Loftin,2022,30000000,prospect,FV 50
679845,27630,Nick Loftin,2023,15000000,prospect,FV 45
679845,27630,Nick Loftin,2024,30000000,prospect,FV 50
679845,27630,Nick Loftin,2025,309893295,mlb_surplus,3.7 WAR
679845,27630,Nick Loftin,2026,26252644,mlb_surplus,1.2 WAR
679883,24452,Luinder Avila,2023,7000000,prospect,FV 40
679883,24452,Luinder Avila,2025,15000000,prospect,FV 45
679883,24452,Luinder Avila,2026,14350000,mlb_surplus,Trade Value
680118,19779,Dairon Blanco,2019,7000000,prospect,FV 40
680118,19779,Dairon Blanco,2024,17086544,mlb_surplus,1.4 WAR
680118,19779,Dairon Blanco,2025,-7578159,mlb_surplus,0.3 WAR
680118,19779,Dairon Blanco,2026,0,mlb_surplus,Trade Value
680474,24488,Max Schuemann,2024,7000000,prospect,FV 40
680474,24488,Max Schuemann,2025,348394074,mlb_surplus,2.2 WAR
680474,24488,Max Schuemann,2026,48517574,mlb_surplus,2.1 WAR
680570,24492,Grayson Rodriguez,2019,50000000,prospect,FV 55
680570,24492,Grayson Rodriguez,2020,66161616,prospect,"FV 55, #36"
680570,24492,Grayson Rodriguez,2021,95808081,prospect,"FV 60, #27"
680570,24492,Grayson Rodriguez,2022,103232323,prospect,"FV 60, #6"
680570,24492,Grayson Rodriguez,2023,102878788,prospect,"FV 60, #7"
680570,24492,Grayson Rodriguez,2024,370782590,mlb_surplus,2.5 WAR
680570,24492,Grayson Rodriguez,2025,437601559,mlb_surplus,2.6 WAR
680570,24492,Grayson Rodriguez,2026,79812779,mlb_surplus,2.7 WAR
680573,24494,Simeon Woods Richardson,2019,30000000,prospect,FV 50
680573,24494,Simeon Woods Richardson,2020,50757576,prospect,"FV 55, #97"
680573,24494,Simeon Woods Richardson,2021,53535354,prospect,"FV 55, #86"
680573,24494,Simeon Woods Richardson,2022,30000000,prospect,FV 50
680573,24494,Simeon Woods Richardson,2023,15000000,prospect,FV 45
680573,24494,Simeon Woods Richardson,2024,7000000,prospect,FV 40
680573,24494,Simeon Woods Richardson,2025,358059556,mlb_surplus,2.3 WAR
680573,24494,Simeon Woods Richardson,2026,59148731,mlb_surplus,2.3 WAR
680574,29695,Matt McLain,2022,53282828,prospect,"FV 55, #87"
680574,29695,Matt McLain,2023,50000000,prospect,FV 55
680574,29695,Matt McLain,2024,241738209,mlb_surplus,3.5 WAR
680574,29695,Matt McLain,2026,51412445,mlb_surplus,2.1 WAR
680604,26117,Blas Castaño,2026,0,mlb_surplus,Trade Value
680684,31318,Gunnar Hoglund,2022,30000000,prospect,FV 50
680684,31318,Gunnar Hoglund,2023,7000000,prospect,FV 40
680684,31318,Gunnar Hoglund,2024,15000000,prospect,FV 45
680684,31318,Gunnar Hoglund,2025,15000000,prospect,FV 45
680684,31318,Gunnar Hoglund,2026,14700000,mlb_surplus,Trade Value
680686,24580,Josiah Gray,2019,50000000,prospect,FV 55
680686,24580,Josiah Gray,2020,58333333,prospect,"FV 55, #67"
680686,24580,Josiah Gray,2021,60858586,prospect,"FV 55, #57"
680686,24580,Josiah Gray,2022,52111724,mlb_surplus,0.6 WAR
680686,24580,Josiah Gray,2023,15833728,mlb_surplus,1.6 WAR
680686,24580,Josiah Gray,2024,-5885323,mlb_surplus,0.0 WAR
680686,24580,Josiah Gray,2026,0,mlb_surplus,Trade Value
680694,24586,Kyle Bradish,2020,7000000,prospect,FV 40
680694,24586,Kyle Bradish,2021,30000000,prospect,FV 50
680694,24586,Kyle Bradish,2022,30000000,prospect,FV 50
680694,24586,Kyle Bradish,2023,147937122,mlb_surplus,3.9 WAR
680694,24586,Kyle Bradish,2024,111722852,mlb_surplus,2.3 WAR
680694,24586,Kyle Bradish,2025,103625986,mlb_surplus,2.4 WAR
680694,24586,Kyle Bradish,2026,0,mlb_surplus,Trade Value
680700,24589,Richie Palacios,2019,15000000,prospect,FV 45
680700,24589,Richie Palacios,2022,15000000,prospect,FV 45
680700,24589,Richie Palacios,2023,12673150,mlb_surplus,0.4 WAR
680700,24589,Richie Palacios,2024,5646365,mlb_surplus,1.3 WAR
680700,24589,Richie Palacios,2025,120411487,mlb_surplus,3.2 WAR
680700,24589,Richard Palacios,2026,0,mlb_surplus,Trade Value
680702,24591,Joey Gerber,2019,7000000,prospect,FV 40
680702,24591,Joey Gerber,2020,15000000,prospect,FV 45
680702,24591,Joey Gerber,2021,10224050,mlb_surplus,0.4 WAR
680702,24591,Joey Gerber,2022,9470473,mlb_surplus,0.3 WAR
680702,24591,Joey Gerber,2026,0,mlb_surplus,Trade Value
680718,24598,Addison Barger,2023,15000000,prospect,FV 45
680718,24598,Addison Barger,2024,15000000,prospect,FV 45
680718,24598,Addison Barger,2025,268575185,mlb_surplus,2.2 WAR
680718,24598,Addison Barger,2026,45673513,mlb_surplus,1.7 WAR
680728,29554,Adrian Del Castillo,2022,15000000,prospect,FV 45
680728,29554,Adrian Del Castillo,2025,-7890926,mlb_surplus,0.3 WAR
680728,29554,Adrian Del Castillo,2026,0,mlb_surplus,Trade Value
680730,27636,Mitchell Parker,2022,7000000,prospect,FV 40
680730,27636,Mitchell Parker,2023,7000000,prospect,FV 40
680730,27636,Mitchell Parker,2024,7000000,prospect,FV 40
680730,27636,Mitchell Parker,2025,369902883,mlb_surplus,2.5 WAR
680730,27636,Mitchell Parker,2026,73807170,mlb_surplus,2.2 WAR
680732,29878,Sean Burke,2022,15000000,prospect,FV 45
680732,29878,Sean Burke,2023,15000000,prospect,FV 45
680732,29878,Sean Burke,2024,7000000,prospect,FV 40
680732,29878,Sean Burke,2026,7839850,mlb_surplus,0.7 WAR
680736,31204,Justin Wrobleski,2024,30000000,prospect,FV 50
680736,31204,Justin Wrobleski,2026,25593211,mlb_surplus,0.7 WAR
680737,24605,Michael Helman,2019,7000000,prospect,FV 40
680737,24605,Michael Helman,2026,0,mlb_surplus,Trade Value
680742,24607,Jonathan Bowlan,2019,15000000,prospect,FV 45
680742,24607,Jonathan Bowlan,2020,30000000,prospect,FV 50
680742,24607,Jonathan Bowlan,2021,30000000,prospect,FV 50
680742,24607,Jonathan Bowlan,2022,15000000,prospect,FV 45
680742,24607,Jonathan Bowlan,2023,15000000,prospect,FV 45
680742,24607,Jonathan Bowlan,2026,14657157,mlb_surplus,0.8 WAR
680744,30140,Ty Madden,2022,30000000,prospect,FV 50
680744,30140,Ty Madden,2023,30000000,prospect,FV 50
680744,30140,Ty Madden,2024,15000000,prospect,FV 45
680744,30140,Ty Madden,2025,15000000,prospect,FV 45
680744,30140,Ty Madden,2026,14700000,mlb_surplus,Trade Value
680755,24609,Braydon Fisher,2019,15000000,prospect,FV 45
680755,24609,Braydon Fisher,2026,44512880,mlb_surplus,1.2 WAR
680757,24610,Steven Kwan,2022,15000000,prospect,FV 45
680757,24610,Steven Kwan,2023,202138493,mlb_surplus,3.0 WAR
680757,24610,Steven Kwan,2024,174502355,mlb_surplus,4.2 WAR
680757,24610,Steven Kwan,2025,113830752,mlb_surplus,3.2 WAR
680757,24610,Steven Kwan,2026,30644283,mlb_surplus,2.2 WAR
680767,24614,Victor Vodnik,2020,15000000,prospect,FV 45
680767,24614,Victor Vodnik,2021,15000000,prospect,FV 45
680767,24614,Victor Vodnik,2022,15000000,prospect,FV 45
680767,24614,Victor Vodnik,2023,7000000,prospect,FV 40
680767,24614,Victor Vodnik,2024,7000000,prospect,FV 40
680767,24614,Victor Vodnik,2025,147501575,mlb_surplus,1.0 WAR
680767,24614,Victor Vodnik,2026,23193653,mlb_surplus,1.1 WAR
680776,24617,Jarren Duran,2019,30000000,prospect,FV 50
680776,24617,Jarren Duran,2020,30000000,prospect,FV 50
680776,24617,Jarren Duran,2021,50000000,prospect,FV 55
680776,24617,Jarren Duran,2022,213352360,mlb_surplus,6yr ctrl
680776,24617,Jarren Duran,2023,219296638,mlb_surplus,2.5 WAR
680776,24617,Jarren Duran,2024,187312332,mlb_surplus,6.8 WAR
680776,24617,Jarren Duran,2025,121877395,mlb_surplus,3.9 WAR
680776,24617,Jarren Duran,2026,15702269,mlb_surplus,1.6 WAR
680777,24618,Ryan Jeffers,2019,30000000,prospect,FV 50
680777,24618,Ryan Jeffers,2020,30000000,prospect,FV 50
680777,24618,Ryan Jeffers,2022,142522332,mlb_surplus,2.7 WAR
680777,24618,Ryan Jeffers,2023,163452790,mlb_surplus,3.3 WAR
680777,24618,Ryan Jeffers,2024,101665520,mlb_surplus,2.9 WAR
680777,24618,Ryan Jeffers,2025,86655594,mlb_surplus,2.7 WAR
680777,24618,Ryan Jeffers,2026,17886817,mlb_surplus,2.1 WAR
680779,29617,Henry Davis,2022,69191919,prospect,"FV 55, #24"
680779,29617,Henry Davis,2023,60858586,prospect,"FV 55, #57"
680779,29617,Henry Davis,2024,79793318,mlb_surplus,6yr ctrl
680779,29617,Henry Davis,2025,173031508,mlb_surplus,2.6 WAR
680779,29617,Henry Davis,2026,25355822,mlb_surplus,Trade Value
680862,24641,Willie MacIver,2019,7000000,prospect,FV 40
680862,24641,Willie MacIver,2026,0,mlb_surplus,Trade Value
680869,29766,Zack Gelof,2022,50000000,prospect,FV 55
680869,29766,Zack Gelof,2023,50000000,prospect,FV 55
680869,29766,Zack Gelof,2024,178478119,mlb_surplus,3.0 WAR
680869,29766,Zack Gelof,2025,106070155,mlb_surplus,2.4 WAR
680869,29766,Zack Gelof,2026,10500000,mlb_surplus,0.0 WAR
680880,30002,Grant Holman,2025,106043365,mlb_surplus,0.7 WAR
680880,30002,Grant Holman,2026,18496233,mlb_surplus,0.8 WAR
680891,30106,Jack Neely,2024,7000000,prospect,FV 40
680891,30106,Jack Neely,2025,7000000,prospect,FV 40
680891,30106,Jack Neely,2026,6860000,mlb_surplus,Trade Value
680951,30142,Doug Nikhazy,2022,15000000,prospect,FV 45
680951,30142,Doug Nikhazy,2023,7000000,prospect,FV 40
680951,30142,Doug Nikhazy,2026,6953333,mlb_surplus,Trade Value
680977,24679,Brendan Donovan,2022,15000000,prospect,FV 45
680977,24679,Brendan Donovan,2023,375700670,mlb_surplus,2.9 WAR
680977,24679,Brendan Donovan,2024,353788931,mlb_surplus,3.2 WAR
680977,24679,Brendan Donovan,2025,376189738,mlb_surplus,2.9 WAR
680977,24679,Brendan Donovan,2026,83599294,mlb_surplus,4.2 WAR
681006,25957,Josh Simpson,2023,7000000,prospect,FV 40
681006,25957,Josh Simpson,2024,7000000,prospect,FV 40
681006,25957,Josh Simpson,2026,8066975,mlb_surplus,0.6 WAR
681035,30107,Christian Scott,2022,7000000,prospect,FV 40
681035,30107,Christian Scott,2024,50000000,prospect,FV 55
681035,30107,Christian Scott,2025,262762301,mlb_surplus,1.6 WAR
681035,30107,Christian Scott,2026,50277051,mlb_surplus,1.7 WAR
681082,26294,Bryson Stott,2020,53535354,prospect,"FV 55, #86"
681082,26294,Bryson Stott,2021,50000000,prospect,FV 55
681082,26294,Bryson Stott,2022,63888889,prospect,"FV 55, #45"
681082,26294,Bryson Stott,2023,259984914,mlb_surplus,4.1 WAR
681082,26294,Bryson Stott,2024,219023034,mlb_surplus,2.0 WAR
681082,26294,Bryson Stott,2025,279082069,mlb_surplus,3.1 WAR
681082,26294,Bryson Stott,2026,43850370,mlb_surplus,2.7 WAR
681151,26482,Jayden Murray,2026,0,mlb_surplus,Trade Value
681168,24710,Luis Curvelo,2026,27356607,mlb_surplus,0.8 WAR
681190,24719,Randy Vasquez,2022,15000000,prospect,FV 45
681190,24719,Randy Vasquez,2023,15000000,prospect,FV 45
681190,24719,Randy Vasquez,2024,15000000,prospect,FV 45
681190,24719,Randy Vasquez,2025,245381230,mlb_surplus,1.4 WAR
681190,24719,Randy Vasquez,2026,16783865,mlb_surplus,0.9 WAR
681217,30074,Chase Silseth,2022,30000000,prospect,FV 50
681217,30074,Chase Silseth,2023,30000000,prospect,FV 50
681217,30074,Chase Silseth,2024,17519605,mlb_surplus,0.4 WAR
681217,30074,Chase Silseth,2026,26500000,mlb_surplus,Trade Value
681293,29921,Spencer Arrighetti,2022,15000000,prospect,FV 45
681293,29921,Spencer Arrighetti,2023,30000000,prospect,FV 50
681293,29921,Spencer Arrighetti,2024,30000000,prospect,FV 50
681293,29921,Spencer Arrighetti,2025,376478022,mlb_surplus,2.0 WAR
681293,29921,Spencer Arrighetti,2026,69764737,mlb_surplus,1.9 WAR
681297,29591,Colton Cowser,2022,58585859,prospect,"FV 55, #66"
681297,29591,Colton Cowser,2023,91212121,prospect,"FV 60, #40"
681297,29591,Colton Cowser,2024,288385205,mlb_surplus,3.8 WAR
681297,29591,Colton Cowser,2025,165672970,mlb_surplus,1.7 WAR
681297,29591,Colton Cowser,2026,27512008,mlb_surplus,1.2 WAR
681343,31687,Shane Smith,2026,100433093,mlb_surplus,2.2 WAR
681347,24728,Mike Burrows,2021,15000000,prospect,FV 45
681347,24728,Mike Burrows,2022,30000000,prospect,FV 50
681347,24728,Mike Burrows,2023,15000000,prospect,FV 45
681347,24728,Mike Burrows,2024,15000000,prospect,FV 45
681347,24728,Mike Burrows,2026,46688066,mlb_surplus,2.4 WAR
681351,24729,Logan O'Hoppe,2021,15000000,prospect,FV 45
681351,24729,Logan O'Hoppe,2022,50000000,prospect,FV 55
681351,24729,Logan O'Hoppe,2023,61868687,prospect,"FV 55, #53"
681351,24729,Logan O'Hoppe,2024,304185561,mlb_surplus,4.6 WAR
681351,24729,Logan O'Hoppe,2025,176066129,mlb_surplus,3.9 WAR
681351,24729,Logan O'Hoppe,2026,14445474,mlb_surplus,0.9 WAR
681393,29592,Connor Norby,2022,30000000,prospect,FV 50
681393,29592,Connor Norby,2023,30000000,prospect,FV 50
681393,29592,Connor Norby,2024,30000000,prospect,FV 50
681393,29592,Connor Norby,2025,92884885,mlb_surplus,1.0 WAR
681393,29592,Connor Norby,2026,25715456,mlb_surplus,0.9 WAR
681402,24737,Gus Varland,2019,7000000,prospect,FV 40
681402,24737,Gus Varland,2023,7000000,prospect,FV 40
681402,24737,Gus Varland,2024,58459257,mlb_surplus,0.5 WAR
681402,24737,Gus Varland,2025,97892139,mlb_surplus,0.6 WAR
681402,24737,Gus Varland,2026,9646331,mlb_surplus,0.7 WAR
681432,28036,Luke Little,2024,15000000,prospect,FV 45
681432,28036,Luke Little,2025,31684890,mlb_surplus,0.9 WAR
681432,28036,Luke Little,2026,13050000,mlb_surplus,Trade Value
681460,31394,Brooks Baldwin,2024,15000000,prospect,FV 45
681460,31394,Brooks Baldwin,2025,73957170,mlb_surplus,0.6 WAR
681460,31394,Brooks Baldwin,2026,8200000,mlb_surplus,Trade Value
681481,25961,Kerry Carpenter,2023,75099585,mlb_surplus,1.9 WAR
681481,25961,Kerry Carpenter,2024,57248892,mlb_surplus,2.4 WAR
681481,25961,Kerry Carpenter,2025,70790907,mlb_surplus,2.9 WAR
681481,25961,Kerry Carpenter,2026,13707230,mlb_surplus,1.2 WAR
681508,24759,Mickey Gasper,2026,0,mlb_surplus,Trade Value
681517,24763,Kyle Leahy,2025,120456359,mlb_surplus,1.4 WAR
681517,24763,Kyle Leahy,2026,16559603,mlb_surplus,0.9 WAR
681546,24770,James Outman,2022,30000000,prospect,FV 50
681546,24770,James Outman,2023,30000000,prospect,FV 50
681546,24770,James Outman,2024,72011792,mlb_surplus,2.3 WAR
681546,24770,James Outman,2025,93754896,mlb_surplus,3.3 WAR
681546,24770,James Outman,2026,3300000,mlb_surplus,Trade Value
681624,24816,Andy Pages,2020,30000000,prospect,FV 50
681624,24816,Andy Pages,2021,50000000,prospect,FV 55
681624,24816,Andy Pages,2022,58080808,prospect,"FV 55, #68"
681624,24816,Andy Pages,2023,32878788,prospect,"FV 50, #81"
681624,24816,Andy Pages,2024,50000000,prospect,FV 55
681624,24816,Andy Pages,2025,352241292,mlb_surplus,4.1 WAR
681624,24816,Andy Pages,2026,109154921,mlb_surplus,3.0 WAR
681676,24862,Ryan Fernandez,2024,7000000,prospect,FV 40
681676,24862,Ryan Fernandez,2025,108779142,mlb_surplus,0.9 WAR
681676,24862,Ryan Fernandez,2026,20739065,mlb_surplus,0.9 WAR
681715,24878,Heriberto Hernandez,2020,15000000,prospect,FV 45
681715,24878,Heriberto Hernandez,2021,30000000,prospect,FV 50
681715,24878,Heriberto Hernandez,2022,15000000,prospect,FV 45
681715,24878,Heriberto Hernandez,2023,15000000,prospect,FV 45
681715,24878,Heriberto Hernandez,2026,47240217,mlb_surplus,1.7 WAR
681751,24914,Lazaro Estrada,2025,7000000,prospect,FV 40
681751,24914,Lazaro Estrada,2026,6953333,mlb_surplus,Trade Value
681799,24930,Ethan Roberts,2022,7000000,prospect,FV 40
681799,24930,Ethan Roberts,2025,10517731,mlb_surplus,0.6 WAR
681799,24930,Ethan Roberts,2026,0,mlb_surplus,Trade Value
681807,24934,David Fry,2024,7295589,mlb_surplus,1.7 WAR
681807,24934,David Fry,2025,50423598,mlb_surplus,2.6 WAR
681807,24934,David Fry,2026,0,mlb_surplus,Trade Value
681810,24937,Austin Warren,2022,22738159,mlb_surplus,0.8 WAR
681810,24937,Austin Warren,2026,0,mlb_surplus,Trade Value
681867,24975,Cooper Criswell,2025,10890502,mlb_surplus,0.5 WAR
681867,24975,Cooper Criswell,2026,-800000,mlb_surplus,Trade Value
681870,24978,Erik Sabrowski,2026,22030041,mlb_surplus,1.0 WAR
681892,24993,Kody Funderburk,2024,7000000,prospect,FV 40
681892,24993,Kody Funderburk,2025,107001486,mlb_surplus,0.8 WAR
681892,24993,Kody Funderburk,2026,13959574,mlb_surplus,0.9 WAR
681895,24995,Evan Sisk,2026,32937213,mlb_surplus,1.0 WAR
681909,25005,Justin Dean,2021,7000000,prospect,FV 40
681909,25005,Justin Dean,2026,0,mlb_surplus,Trade Value
681911,25007,Alex Vesia,2022,100094638,mlb_surplus,1.5 WAR
681911,25007,Alex Vesia,2023,79264180,mlb_surplus,0.8 WAR
681911,25007,Alex Vesia,2024,82774073,mlb_surplus,1.1 WAR
681911,25007,Alex Vesia,2025,118077155,mlb_surplus,1.0 WAR
681916,30145,Dylan Smith,2022,15000000,prospect,FV 45
681916,30145,Dylan Smith,2023,7000000,prospect,FV 40
681916,30145,Dylan Smith,2024,7000000,prospect,FV 40
681916,30145,Dylan Smith,2025,7000000,prospect,FV 40
681916,30145,Dylan Smith,2026,6836667,mlb_surplus,Trade Value
681982,20546,Grant Anderson,2024,59057116,mlb_surplus,0.5 WAR
681982,20546,Grant Anderson,2025,96155744,mlb_surplus,0.4 WAR
681982,20546,Grant Anderson,2026,9289666,mlb_surplus,0.6 WAR
681987,25055,Nate Eaton,2023,164143172,mlb_surplus,3.5 WAR
681987,25055,Nate Eaton,2026,0,mlb_surplus,Trade Value
682052,25098,Jacob Lopez,2024,15000000,prospect,FV 45
682052,25098,Jacob Lopez,2026,32686215,mlb_surplus,2.3 WAR
682120,25139,Tim Herrin,2024,64577101,mlb_surplus,1.0 WAR
682120,25139,Tim Herrin,2025,97946213,mlb_surplus,0.8 WAR
682120,25139,Tim Herrin,2026,10514893,mlb_surplus,0.7 WAR
682144,25158,Jayvien Sandridge,2026,0,mlb_surplus,Trade Value
682177,25180,Daniel Schneemann,2025,287650580,mlb_surplus,1.3 WAR
682177,25180,Daniel Schneemann,2026,21594224,mlb_surplus,0.7 WAR
682227,25463,Brandon Williamson,2020,30000000,prospect,FV 50
682227,25463,Brandon Williamson,2021,30000000,prospect,FV 50
682227,25463,Brandon Williamson,2022,30000000,prospect,FV 50
682227,25463,Brandon Williamson,2023,30000000,prospect,FV 50
682227,25463,Brandon Williamson,2024,84301765,mlb_surplus,1.8 WAR
682227,25463,Brandon Williamson,2026,27300000,mlb_surplus,Trade Value
682243,29837,Bryce Miller,2022,30000000,prospect,FV 50
682243,29837,Bryce Miller,2023,50505051,prospect,"FV 55, #98"
682243,29837,Bryce Miller,2024,214081791,mlb_surplus,2.7 WAR
682243,29837,Bryce Miller,2025,299284193,mlb_surplus,2.0 WAR
682243,29837,Bryce Miller,2026,45476127,mlb_surplus,1.4 WAR
682254,29770,Mason Montgomery,2023,15000000,prospect,FV 45
682254,29770,Mason Montgomery,2024,15000000,prospect,FV 45
682254,29770,Mason Montgomery,2026,51415015,mlb_surplus,1.5 WAR
682274,25215,Yaramil Hiraldo,2026,26429712,mlb_surplus,0.8 WAR
682610,25311,Roddery Muñoz,2023,7000000,prospect,FV 40
682610,25311,Roddery Munoz,2025,-6140923,mlb_surplus,5yr ctrl
682610,25311,Roddery Muñoz,2026,6370000,mlb_surplus,Trade Value
682622,26517,Noelvi Marte,2019,15000000,prospect,FV 45
682622,26517,Noelvi Marte,2020,30000000,prospect,FV 50
682622,26517,Noelvi Marte,2021,70000000,prospect,FV 60
682622,26517,Noelvi Marte,2022,72474747,prospect,"FV 55, #11"
682622,26517,Noelvi Marte,2023,67929293,prospect,"FV 55, #29"
682622,26517,Noelvi Marte,2024,208634983,mlb_surplus,2.1 WAR
682622,26517,Noelvi Marte,2025,216600246,mlb_surplus,1.1 WAR
682622,26517,Noelvi Marte,2026,39717718,mlb_surplus,0.8 WAR
682626,26121,Francisco Alvarez,2019,30000000,prospect,FV 50
682626,26121,Francisco Alvarez,2020,59343434,prospect,"FV 55, #63"
682626,26121,Francisco Alvarez,2021,88383838,prospect,"FV 60, #48"
682626,26121,Francisco Alvarez,2022,130909091,prospect,"FV 65, #10"
682626,26121,Francisco Alvarez,2023,134090909,prospect,"FV 65, #3"
682626,26121,Francisco Alvarez,2024,425895912,mlb_surplus,3.5 WAR
682626,26121,Francisco Alvarez,2025,377119608,mlb_surplus,2.7 WAR
682626,26121,Francisco Alvarez,2026,107375039,mlb_surplus,3.2 WAR
682634,25971,Kevin Alcántara,2020,30000000,prospect,FV 50
682634,25971,Kevin Alcántara,2021,15000000,prospect,FV 45
682634,25971,Kevin Alcántara,2022,50000000,prospect,FV 55
682634,25971,Kevin Alcántara,2023,53282828,prospect,"FV 55, #87"
682634,25971,Kevin Alcántara,2024,58838384,prospect,"FV 55, #65"
682634,25971,Kevin Alcántara,2025,30000000,prospect,FV 50
682634,25971,Kevin Alcántara,2026,28700000,mlb_surplus,Trade Value
682641,26467,Luis Matos,2020,30000000,prospect,FV 50
682641,26467,Luis Matos,2021,50000000,prospect,FV 55
682641,26467,Luis Matos,2022,35606061,prospect,"FV 50, #63"
682641,26467,Luis Matos,2023,50000000,prospect,FV 55
682641,26467,Luis Matos,2024,105403479,mlb_surplus,1.3 WAR
682641,26467,Luis Matos,2025,95558019,mlb_surplus,1.2 WAR
682641,26467,Luis Matos,2026,20333333,mlb_surplus,Trade Value
682657,26540,Angel Martinez,2020,15000000,prospect,FV 45
682657,26540,Angel Martinez,2021,30000000,prospect,FV 50
682657,26540,Angel Martinez,2022,30000000,prospect,FV 50
682657,26540,Angel Martinez,2023,15000000,prospect,FV 45
682657,26540,Angel Martinez,2024,30000000,prospect,FV 50
682657,26540,Angel Martinez,2025,215610041,mlb_surplus,1.0 WAR
682657,26540,Angel Martinez,2026,14514020,mlb_surplus,0.3 WAR
682663,26546,Agustin Ramirez,2024,50000000,prospect,FV 55
682663,26546,Agustin Ramirez,2026,128554298,mlb_surplus,2.7 WAR
682668,26548,Luisangel Acuna,2020,15000000,prospect,FV 45
682668,26548,Luisangel Acuna,2021,30000000,prospect,FV 50
682668,26548,Luisangel Acuna,2022,30000000,prospect,FV 50
682668,26548,Luisangel Acuna,2023,57323232,prospect,"FV 55, #71"
682668,26548,Luisangel Acuna,2024,17575758,prospect,"FV 45, #66"
682668,26548,Luisangel Acuna,2026,0,mlb_surplus,Trade Value
682729,26599,Jonatan Clase,2020,7000000,prospect,FV 40
682729,26599,Jonatan Clase,2021,15000000,prospect,FV 45
682729,26599,Jonatan Clase,2022,15000000,prospect,FV 45
682729,26599,Jonatan Clase,2023,30000000,prospect,FV 50
682729,26599,Jonatan Clase,2024,15000000,prospect,FV 45
682729,26599,Jonatan Clase,2026,12000000,mlb_surplus,Trade Value
682790,26641,Wikelman Gonzalez,2022,15000000,prospect,FV 45
682790,26641,Wikelman Gonzalez,2023,15000000,prospect,FV 45
682790,26641,Wikelman Gonzalez,2026,44940052,mlb_surplus,1.2 WAR
682825,25620,Luis Mey,2026,28242703,mlb_surplus,0.8 WAR
682829,26668,Elly De La Cruz,2022,78484848,prospect,"FV 60, #76"
682829,26668,Elly De La Cruz,2023,130909091,prospect,"FV 65, #10"
682829,26668,Elly De La Cruz,2024,734763079,mlb_surplus,6.6 WAR
682829,26668,Elly De La Cruz,2025,948051442,mlb_surplus,4.3 WAR
682829,26668,Elly De La Cruz,2026,150680232,mlb_surplus,4.5 WAR
682842,25327,Abner Uribe,2021,7000000,prospect,FV 40
682842,25327,Abner Uribe,2022,7000000,prospect,FV 40
682842,25327,Abner Uribe,2023,15000000,prospect,FV 45
682842,25327,Abner Uribe,2024,100894143,mlb_surplus,1.1 WAR
682842,25327,Abner Uribe,2026,21087743,mlb_surplus,1.1 WAR
682848,25332,Endy Rodríguez,2020,15000000,prospect,FV 45
682848,25332,Endy Rodríguez,2021,15000000,prospect,FV 45
682848,25332,Endy Rodríguez,2022,50000000,prospect,FV 55
682848,25332,Endy Rodríguez,2023,61363636,prospect,"FV 55, #55"
682848,25332,Endy Rodriguez,2024,188872912,mlb_surplus,3.6 WAR
682848,25332,Endy Rodríguez,2026,46022727,mlb_surplus,Trade Value
682928,25768,CJ Abrams,2020,68939394,prospect,"FV 55, #25"
682928,25768,CJ Abrams,2021,102525253,prospect,"FV 60, #8"
682928,25768,CJ Abrams,2022,102171717,prospect,"FV 60, #9"
682928,25768,CJ Abrams,2023,439079669,mlb_surplus,2.3 WAR
682928,25768,CJ Abrams,2024,531391614,mlb_surplus,3.7 WAR
682928,25768,CJ Abrams,2025,647492166,mlb_surplus,4.0 WAR
682928,25768,CJ Abrams,2026,102629631,mlb_surplus,3.3 WAR
682985,25976,Riley Greene,2020,94393939,prospect,"FV 60, #31"
682985,25976,Riley Greene,2021,97929293,prospect,"FV 60, #21"
682985,25976,Riley Greene,2022,133181818,prospect,"FV 65, #5"
682985,25976,Riley Greene,2023,205615086,mlb_surplus,2.7 WAR
682985,25976,Riley Greene,2024,209740273,mlb_surplus,3.9 WAR
682985,25976,Riley Greene,2025,171099221,mlb_surplus,4.0 WAR
682985,25976,Riley Greene,2026,44492923,mlb_surplus,2.3 WAR
682988,31396,Tyler Locklear,2023,15000000,prospect,FV 45
682988,31396,Tyler Locklear,2024,30000000,prospect,FV 50
682988,31396,Tyler Locklear,2026,25300000,mlb_surplus,Trade Value
682989,31533,Victor Mederos,2023,7000000,prospect,FV 40
682989,31533,Victor Mederos,2024,7000000,prospect,FV 40
682989,31533,Victor Mederos,2026,6720000,mlb_surplus,Trade Value
682990,25977,Quinn Priester,2020,30000000,prospect,FV 50
682990,25977,Quinn Priester,2021,62373737,prospect,"FV 55, #51"
682990,25977,Quinn Priester,2022,61616162,prospect,"FV 55, #54"
682990,25977,Quinn Priester,2023,60101010,prospect,"FV 55, #60"
682990,25977,Quinn Priester,2024,192839528,mlb_surplus,1.3 WAR
682990,25977,Quinn Priester,2026,42417149,mlb_surplus,1.6 WAR
682995,33174,Hunter Barco,2023,15000000,prospect,FV 45
682995,33174,Hunter Barco,2024,30000000,prospect,FV 50
682995,33174,Hunter Barco,2025,55555556,prospect,"FV 55, #78"
682995,33174,Hunter Barco,2026,55185185,mlb_surplus,Trade Value
682997,27497,Tyler Callihan,2020,30000000,prospect,FV 50
682997,27497,Tyler Callihan,2021,15000000,prospect,FV 45
682997,27497,Tyler Callihan,2022,15000000,prospect,FV 45
682997,27497,Tyler Callihan,2025,7000000,prospect,FV 40
682997,27497,Tyler Callihan,2026,6906667,mlb_surplus,Trade Value
682998,25878,Corbin Carroll,2020,53030303,prospect,"FV 55, #88"
682998,25878,Corbin Carroll,2021,63383838,prospect,"FV 55, #47"
682998,25878,Corbin Carroll,2022,126818182,prospect,"FV 65, #19"
682998,25878,Corbin Carroll,2023,758911064,mlb_surplus,5.3 WAR
682998,25878,Corbin Carroll,2024,751569411,mlb_surplus,4.3 WAR
682998,25878,Corbin Carroll,2025,861081856,mlb_surplus,6.5 WAR
682998,25878,Corbin Carroll,2026,384872976,mlb_surplus,5.6 WAR
683002,26289,Gunnar Henderson,2020,30000000,prospect,FV 50
683002,26289,Gunnar Henderson,2021,50000000,prospect,FV 55
683002,26289,Gunnar Henderson,2022,106363636,prospect,"FV 65, #64"
683002,26289,Gunnar Henderson,2023,788206025,mlb_surplus,4.7 WAR
683002,26289,Gunnar Henderson,2024,768964986,mlb_surplus,7.9 WAR
683002,26289,Gunnar Henderson,2025,929872335,mlb_surplus,5.3 WAR
683002,26289,Gunnar Henderson,2026,158356874,mlb_surplus,4.7 WAR
683004,30146,Jack Leiter,2022,70959596,prospect,"FV 55, #17"
683004,30146,Jack Leiter,2023,33333333,prospect,"FV 50, #78"
683004,30146,Jack Leiter,2024,30000000,prospect,FV 50
683004,30146,Jack Leiter,2026,72206814,mlb_surplus,2.1 WAR
683011,27647,Anthony Volpe,2020,30000000,prospect,FV 50
683011,27647,Anthony Volpe,2021,50000000,prospect,FV 55
683011,27647,Anthony Volpe,2022,102525253,prospect,"FV 60, #8"
683011,27647,Anthony Volpe,2023,103585859,prospect,"FV 60, #5"
683011,27647,Anthony Volpe,2024,483661227,mlb_surplus,4.0 WAR
683011,27647,Anthony Volpe,2025,578770974,mlb_surplus,2.6 WAR
683011,27647,Anthony Volpe,2026,65322666,mlb_surplus,2.1 WAR
683083,25979,Nasim Nunez,2020,15000000,prospect,FV 45
683083,25979,Nasim Nunez,2021,15000000,prospect,FV 45
683083,25979,Nasim Nunez,2022,7000000,prospect,FV 40
683083,25979,Nasim Nunez,2023,7000000,prospect,FV 40
683083,25979,Nasim Nunez,2024,7000000,prospect,FV 40
683083,25979,Nasim Nunez,2025,633691051,mlb_surplus,0.8 WAR
683083,25979,Nasim Nunez,2026,56554344,mlb_surplus,0.9 WAR
683090,25980,Matthew Lugo,2020,15000000,prospect,FV 45
683090,25980,Matthew Lugo,2021,15000000,prospect,FV 45
683090,25980,Matthew Lugo,2022,15000000,prospect,FV 45
683090,25980,Matthew Lugo,2023,15000000,prospect,FV 45
683090,25980,Matthew Lugo,2026,13450000,mlb_surplus,Trade Value
683146,26123,Brett Baty,2020,52020202,prospect,"FV 55, #92"
683146,26123,Brett Baty,2021,51767677,prospect,"FV 55, #93"
683146,26123,Brett Baty,2022,68434343,prospect,"FV 55, #27"
683146,26123,Brett Baty,2023,97929293,prospect,"FV 60, #21"
683146,26123,Brett Baty,2024,221933484,mlb_surplus,1.8 WAR
683146,26123,Brett Baty,2025,334618598,mlb_surplus,2.3 WAR
683146,26123,Brett Baty,2026,52582330,mlb_surplus,2.2 WAR
683155,26257,Joey Estes,2022,15000000,prospect,FV 45
683155,26257,Joey Estes,2023,15000000,prospect,FV 45
683155,26257,Joey Estes,2024,15000000,prospect,FV 45
683155,26257,Joey Estes,2025,57642198,mlb_surplus,1.1 WAR
683155,26257,Joey Estes,2026,13500000,mlb_surplus,Trade Value
683175,27649,Connor Phillips,2021,30000000,prospect,FV 50
683175,27649,Connor Phillips,2022,15000000,prospect,FV 45
683175,27649,Connor Phillips,2023,50000000,prospect,FV 55
683175,27649,Connor Phillips,2024,34545455,prospect,"FV 50, #70"
683175,27649,Connor Phillips,2026,30279425,mlb_surplus,0.8 WAR
683227,25629,Cody Freeman,2026,3418636,mlb_surplus,Trade Value
683232,25376,Nick Mears,2022,79595071,mlb_surplus,0.4 WAR
683232,25376,Nick Mears,2024,75507354,mlb_surplus,0.8 WAR
683232,25376,Nick Mears,2025,113976234,mlb_surplus,0.6 WAR
683232,25376,Nick Mears,2026,10526647,mlb_surplus,0.9 WAR
683357,27496,Owen Caissie,2021,30000000,prospect,FV 50
683357,27496,Owen Caissie,2022,30000000,prospect,FV 50
683357,27496,Owen Caissie,2023,50000000,prospect,FV 55
683357,27496,Owen Caissie,2024,63383838,prospect,"FV 55, #47"
683357,27496,Owen Caissie,2025,63383838,prospect,"FV 55, #47"
683357,27496,Owen Caissie,2026,60848485,mlb_surplus,Trade Value
683409,26790,Angel Chivilli,2025,112319175,mlb_surplus,0.8 WAR
683409,26790,Angel Chivilli,2026,18722702,mlb_surplus,0.7 WAR
683618,26944,Edgardo Henriquez,2026,23562559,mlb_surplus,0.9 WAR
683734,26197,Andrew Vaughn,2020,99696970,prospect,"FV 60, #16"
683734,26197,Andrew Vaughn,2022,110897394,mlb_surplus,2.5 WAR
683734,26197,Andrew Vaughn,2023,31455479,mlb_surplus,0.8 WAR
683734,26197,Andrew Vaughn,2024,25770675,mlb_surplus,0.6 WAR
683734,26197,Andrew Vaughn,2025,25242170,mlb_surplus,0.9 WAR
683734,26197,Andrew Vaughn,2026,174510,mlb_surplus,0.9 WAR
683737,26319,Michael Busch,2020,30000000,prospect,FV 50
683737,26319,Michael Busch,2021,50000000,prospect,FV 55
683737,26319,Michael Busch,2022,58333333,prospect,"FV 55, #67"
683737,26319,Michael Busch,2023,61616162,prospect,"FV 55, #54"
683737,26319,Michael Busch,2024,107366089,mlb_surplus,2.2 WAR
683737,26319,Michael Busch,2025,78844062,mlb_surplus,3.5 WAR
683737,26319,Michael Busch,2026,26580600,mlb_surplus,1.5 WAR
683748,25999,Victor Mesa Jr.,2020,15000000,prospect,FV 45
683748,25999,Victor Mesa Jr.,2021,15000000,prospect,FV 45
683748,25999,Victor Mesa Jr.,2022,15000000,prospect,FV 45
683748,25999,Victor Mesa Jr.,2023,15000000,prospect,FV 45
683748,25999,Victor Mesa Jr.,2024,15000000,prospect,FV 45
683748,25999,Victor Mesa Jr.,2025,7000000,prospect,FV 40
683748,25999,Victor Mesa Jr.,2026,6626667,mlb_surplus,Trade Value
683766,27653,Christian Koss,2022,15000000,prospect,FV 45
683766,27653,Christian Koss,2026,15587671,mlb_surplus,0.9 WAR
683769,25636,Hunter Gaddis,2023,7000000,prospect,FV 40
683769,25636,Hunter Gaddis,2025,112993275,mlb_surplus,0.8 WAR
683769,25636,Hunter Gaddis,2026,14013788,mlb_surplus,0.8 WAR
684007,33829,Shota Imanaga,2025,44765393,mlb_surplus,2.1 WAR
684007,33829,Shota Imanaga,2026,-4174292,mlb_surplus,1.7 WAR
684974,33248,Craig Yoho,2025,15000000,prospect,FV 45
684974,33248,Craig Yoho,2026,14600000,mlb_surplus,Trade Value
685126,27668,Brandon Eisert,2026,19940076,mlb_surplus,0.8 WAR
685299,27669,Tanner Gordon,2023,7000000,prospect,FV 40
685299,27669,Tanner Gordon,2026,34030613,mlb_surplus,1.9 WAR
685326,30004,McCade Brown,2022,7000000,prospect,FV 40
685326,30004,McCade Brown,2023,7000000,prospect,FV 40
685326,30004,McCade Brown,2026,6836667,mlb_surplus,Trade Value
685801,26259,Hunter Bigge,2025,29844718,mlb_surplus,0.9 WAR
685801,26259,Hunter Bigge,2026,0,mlb_surplus,Trade Value
686217,29622,Sal Frelick,2022,57575758,prospect,"FV 55, #70"
686217,29622,Sal Frelick,2023,67676768,prospect,"FV 55, #30"
686217,29622,Sal Frelick,2024,234875018,mlb_surplus,3.3 WAR
686217,29622,Sal Frelick,2025,137069192,mlb_surplus,3.6 WAR
686217,29622,Sal Frelick,2026,36385249,mlb_surplus,1.7 WAR
686218,29839,Emmet Sheehan,2023,50000000,prospect,FV 55
686218,29839,Emmet Sheehan,2024,312566135,mlb_surplus,1.7 WAR
686218,29839,Emmet Sheehan,2025,379461340,mlb_surplus,2.1 WAR
686218,29839,Emmet Sheehan,2026,56544487,mlb_surplus,2.3 WAR
686228,27271,Juan Burgos,2026,0,mlb_surplus,Trade Value
686452,25643,Drew Millas,2022,7000000,prospect,FV 40
686452,25643,Drew Millas,2023,7000000,prospect,FV 40
686452,25643,Drew Millas,2024,7000000,prospect,FV 40
686452,25643,Drew Millas,2026,5856667,mlb_surplus,Trade Value
686469,27676,Vinnie Pasquantino,2022,50000000,prospect,FV 55
686469,27676,Vinnie Pasquantino,2023,63477421,mlb_surplus,2.2 WAR
686469,27676,Vinnie Pasquantino,2024,72699879,mlb_surplus,2.4 WAR
686469,27676,Vinnie Pasquantino,2025,51133049,mlb_surplus,1.9 WAR
686469,27676,Vinnie Pasquantino,2026,4400890,mlb_surplus,0.9 WAR
686475,25779,Tyler Tolbert,2026,0,mlb_surplus,Trade Value
686527,26438,Dominic Canzone,2023,15000000,prospect,FV 45
686527,26438,Dominic Canzone,2024,99131428,mlb_surplus,2.5 WAR
686527,26438,Dominic Canzone,2025,39134111,mlb_surplus,1.8 WAR
686527,26438,Dominic Canzone,2026,13548664,mlb_surplus,1.2 WAR
686555,25477,Isaac Collins,2026,23612772,mlb_surplus,1.1 WAR
686563,31730,Jonathan Cannon,2023,15000000,prospect,FV 45
686563,31730,Jonathan Cannon,2024,15000000,prospect,FV 45
686563,31730,Jonathan Cannon,2025,146220065,mlb_surplus,1.6 WAR
686563,31730,Jonathan Cannon,2026,14622421,mlb_surplus,0.5 WAR
686580,25648,Justin Slaten,2021,7000000,prospect,FV 40
686580,25648,Justin Slaten,2024,7000000,prospect,FV 40
686580,25648,Justin Slaten,2025,137412218,mlb_surplus,1.1 WAR
686580,25648,Justin Slaten,2026,31810364,mlb_surplus,1.2 WAR
686610,27681,Ken Waldichuk,2021,30000000,prospect,FV 50
686610,27681,Ken Waldichuk,2022,50000000,prospect,FV 55
686610,27681,Ken Waldichuk,2023,56060606,prospect,"FV 55, #76"
686610,27681,Ken Waldichuk,2024,9737140,mlb_surplus,0.4 WAR
686610,27681,Ken Waldichuk,2025,6456422,mlb_surplus,0.4 WAR
686610,27681,Ken Waldichuk,2026,48212121,mlb_surplus,Trade Value
686611,33541,Dylan Crews,2024,102878788,prospect,"FV 60, #7"
686611,33541,Dylan Crews,2025,520756445,mlb_surplus,3.9 WAR
686611,33541,Dylan Crews,2026,92548221,mlb_surplus,1.5 WAR
686613,25880,Hunter Brown,2021,30000000,prospect,FV 50
686613,25880,Hunter Brown,2022,50000000,prospect,FV 55
686613,25880,Hunter Brown,2023,64393939,prospect,"FV 55, #43"
686613,25880,Hunter Brown,2024,427315369,mlb_surplus,3.2 WAR
686613,25880,Hunter Brown,2025,479576600,mlb_surplus,4.6 WAR
686613,25880,Hunter Brown,2026,86507648,mlb_surplus,3.0 WAR
686654,25651,Ty Adcock,2021,7000000,prospect,FV 40
686654,25651,Ty Adcock,2024,7000000,prospect,FV 40
686654,25651,Ty Adcock,2026,6580000,mlb_surplus,Trade Value
686668,25479,Brenton Doyle,2020,15000000,prospect,FV 45
686668,25479,Brenton Doyle,2021,30000000,prospect,FV 50
686668,25479,Brenton Doyle,2022,15000000,prospect,FV 45
686668,25479,Brenton Doyle,2023,15000000,prospect,FV 45
686668,25479,Brenton Doyle,2024,97818081,mlb_surplus,3.6 WAR
686668,25479,Brenton Doyle,2025,173535980,mlb_surplus,3.7 WAR
686668,25479,Brenton Doyle,2026,17476324,mlb_surplus,1.3 WAR
686676,25543,Korey Lee,2021,30000000,prospect,FV 50
686676,25543,Korey Lee,2022,15000000,prospect,FV 45
686676,25543,Korey Lee,2023,15000000,prospect,FV 45
686676,25543,Korey Lee,2024,202284637,mlb_surplus,2.2 WAR
686676,25543,Korey Lee,2025,-7958199,mlb_surplus,0.2 WAR
686676,25543,Korey Lee,2026,5650000,mlb_surplus,Trade Value
686681,27684,Michael Massey,2022,30000000,prospect,FV 50
686681,27684,Michael Massey,2023,171233915,mlb_surplus,3.3 WAR
686681,27684,Michael Massey,2024,164134802,mlb_surplus,3.3 WAR
686681,27684,Michael Massey,2025,80413037,mlb_surplus,2.5 WAR
686681,27684,Michael Massey,2026,1813749,mlb_surplus,0.7 WAR
686701,29863,Ryan Bergert,2023,15000000,prospect,FV 45
686701,29863,Ryan Bergert,2024,7000000,prospect,FV 40
686701,29863,Ryan Bergert,2026,8408611,mlb_surplus,0.9 WAR
686751,26020,Seth Johnson,2020,15000000,prospect,FV 45
686751,26020,Seth Johnson,2021,15000000,prospect,FV 45
686751,26020,Seth Johnson,2022,30000000,prospect,FV 50
686751,26020,Seth Johnson,2023,15000000,prospect,FV 45
686751,26020,Seth Johnson,2024,15000000,prospect,FV 45
686751,26020,Seth Johnson,2026,14450000,mlb_surplus,Trade Value
686752,26221,Ryan Pepiot,2020,15000000,prospect,FV 45
686752,26221,Ryan Pepiot,2021,50000000,prospect,FV 55
686752,26221,Ryan Pepiot,2022,50000000,prospect,FV 55
686752,26221,Ryan Pepiot,2023,34545455,prospect,"FV 50, #70"
686752,26221,Ryan Pepiot,2025,141694607,mlb_surplus,2.0 WAR
686752,26221,Ryan Pepiot,2026,36416344,mlb_surplus,1.6 WAR
686753,26260,Drey Jameson,2020,15000000,prospect,FV 45
686753,26260,Drey Jameson,2021,15000000,prospect,FV 45
686753,26260,Drey Jameson,2022,30000000,prospect,FV 50
686753,26260,Drey Jameson,2023,30000000,prospect,FV 50
686753,26260,Drey Jameson,2024,16075721,mlb_surplus,0.7 WAR
686753,26260,Drey Jameson,2025,12894416,mlb_surplus,0.7 WAR
686753,26260,Drey Jameson,2026,27800000,mlb_surplus,Trade Value
686765,25483,Nick Sogard,2025,74467823,mlb_surplus,2.5 WAR
686765,25483,Nick Sogard,2026,0,mlb_surplus,Trade Value
686780,25782,Pedro Pages,2024,15000000,prospect,FV 45
686780,25782,Pedro Pages,2025,67278946,mlb_surplus,1.6 WAR
686780,25782,Pedro Pages,2026,20689284,mlb_surplus,0.9 WAR
686790,26448,Trevor McDonald,2020,7000000,prospect,FV 40
686790,26448,Trevor McDonald,2023,7000000,prospect,FV 40
686790,26448,Trevor McDonald,2024,15000000,prospect,FV 45
686790,26448,Trevor McDonald,2025,7000000,prospect,FV 40
686790,26448,Trevor McDonald,2026,6906667,mlb_surplus,Trade Value
686796,26270,Blake Walston,2020,30000000,prospect,FV 50
686796,26270,Blake Walston,2021,30000000,prospect,FV 50
686796,26270,Blake Walston,2022,30151515,prospect,"FV 50, #99"
686796,26270,Blake Walston,2023,7000000,prospect,FV 40
686796,26270,Blake Walston,2024,7000000,prospect,FV 40
686796,26270,Blake Walston,2026,6836667,mlb_surplus,Trade Value
686797,31595,Brooks Lee,2023,67424242,prospect,"FV 55, #31"
686797,31595,Brooks Lee,2024,98989899,prospect,"FV 60, #18"
686797,31595,Brooks Lee,2025,238109178,mlb_surplus,1.5 WAR
686797,31595,Brooks Lee,2026,63079844,mlb_surplus,0.9 WAR
686799,27688,Jack Kochanowicz,2020,15000000,prospect,FV 45
686799,27688,Jack Kochanowicz,2022,15000000,prospect,FV 45
686799,27688,Jack Kochanowicz,2024,7000000,prospect,FV 40
686799,27688,Jack Kochanowicz,2025,258280442,mlb_surplus,1.6 WAR
686799,27688,Jack Kochanowicz,2026,14888062,mlb_surplus,0.8 WAR
686823,25660,Will Brennan,2023,30000000,prospect,FV 50
686823,25660,Will Brennan,2024,54702962,mlb_surplus,1.6 WAR
686823,25660,Will Brennan,2025,8549966,mlb_surplus,1.0 WAR
686823,25660,Will Brennan,2026,2293000,mlb_surplus,Trade Value
686894,27690,Joey Wiemer,2022,50000000,prospect,"FV 55, #100"
686894,27690,Joey Wiemer,2023,52525253,prospect,"FV 55, #90"
686894,27690,Joey Wiemer,2024,108201967,mlb_surplus,2.4 WAR
686894,27690,Joey Wiemer,2026,21010101,mlb_surplus,Trade Value
686930,31741,Mason Barnett,2023,15000000,prospect,FV 45
686930,31741,Mason Barnett,2024,15000000,prospect,FV 45
686930,31741,Mason Barnett,2025,15000000,prospect,FV 45
686930,31741,Mason Barnett,2026,14750000,mlb_surplus,Trade Value
686948,31539,Drake Baldwin,2023,7000000,prospect,FV 40
686948,31539,Drake Baldwin,2024,30000000,prospect,FV 50
686948,31539,Drake Baldwin,2026,120148241,mlb_surplus,4.5 WAR
686973,27691,Louie Varland,2022,15000000,prospect,FV 45
686973,27691,Louie Varland,2023,15000000,prospect,FV 45
686973,27691,Louie Varland,2024,75781470,mlb_surplus,0.6 WAR
686973,27691,Louie Varland,2025,115030098,mlb_surplus,1.2 WAR
686973,27691,Louie Varland,2026,13737483,mlb_surplus,0.8 WAR
686993,27694,Justin Sterner,2026,27517541,mlb_surplus,1.0 WAR
687064,27819,Brandon Young,2026,65306212,mlb_surplus,1.6 WAR
687075,33850,Brandon Sproat,2024,50000000,prospect,FV 55
687075,33850,Brandon Sproat,2025,30000000,prospect,FV 50
687075,33850,Brandon Sproat,2026,29600000,mlb_surplus,Trade Value
687093,26031,Vaughn Grissom,2020,7000000,prospect,FV 40
687093,26031,Vaughn Grissom,2021,15000000,prospect,FV 45
687093,26031,Vaughn Grissom,2022,50000000,prospect,FV 55
687093,26031,Vaughn Grissom,2023,174359227,mlb_surplus,2.7 WAR
687093,26031,Vaughn Grissom,2024,118014905,mlb_surplus,0.6 WAR
687093,26031,Vaughn Grissom,2025,178137400,mlb_surplus,2.6 WAR
687093,26031,Vaughn Grissom,2026,0,mlb_surplus,Trade Value
687134,26419,Bradley Blalock,2024,7000000,prospect,FV 40
687134,26419,Bradley Blalock,2026,14667910,mlb_surplus,0.8 WAR
687209,31610,Zach Maxwell,2024,15000000,prospect,FV 45
687209,31610,Zach Maxwell,2025,7000000,prospect,FV 40
687209,31610,Zach Maxwell,2026,6813333,mlb_surplus,Trade Value
687221,31382,Dalton Rushing,2023,50000000,prospect,FV 55
687221,31382,Dalton Rushing,2024,56313131,prospect,"FV 55, #75"
687221,31382,Dalton Rushing,2026,49074868,mlb_surplus,Trade Value
687223,31612,Carson Palmquist,2023,15000000,prospect,FV 45
687223,31612,Carson Palmquist,2024,15000000,prospect,FV 45
687223,31612,Carson Palmquist,2025,15000000,prospect,FV 45
687223,31612,Carson Palmquist,2026,14550000,mlb_surplus,Trade Value
687231,26224,Darell Hernaiz,2020,7000000,prospect,FV 40
687231,26224,Darell Hernaiz,2023,15000000,prospect,FV 45
687231,26224,Darell Hernaiz,2024,15000000,prospect,FV 45
687231,26224,Darell Hernaiz,2025,422647172,mlb_surplus,1.7 WAR
687231,26224,Darell Hernaiz,2026,39213597,mlb_surplus,1.9 WAR
687263,31347,Zach Neto,2023,52777778,prospect,"FV 55, #89"
687263,31347,Zach Neto,2024,417787022,mlb_surplus,3.5 WAR
687263,31347,Zach Neto,2025,490192323,mlb_surplus,3.2 WAR
687263,31347,Zach Neto,2026,116892052,mlb_surplus,3.6 WAR
687330,25679,Kevin Kelly,2024,79764955,mlb_surplus,0.9 WAR
687330,25679,Kevin Kelly,2025,117756479,mlb_surplus,0.9 WAR
687330,25679,Kevin Kelly,2026,16437559,mlb_surplus,0.8 WAR
687363,31349,Victor Scott II,2023,30000000,prospect,FV 50
687363,31349,Victor Scott II,2024,30000000,prospect,FV 50
687363,31349,Victor Scott II,2025,412619582,mlb_surplus,1.7 WAR
687363,31349,Victor Scott II,2026,57863880,mlb_surplus,1.5 WAR
687377,26247,Orlando Ribalta,2026,10123542,mlb_surplus,0.5 WAR
687396,27702,Brent Headrick,2023,7000000,prospect,FV 40
687396,27702,Brent Headrick,2026,9338031,mlb_surplus,0.7 WAR
687401,25493,Joey Ortiz,2022,15000000,prospect,FV 45
687401,25493,Joey Ortiz,2023,50252525,prospect,"FV 55, #99"
687401,25493,Joey Ortiz,2024,59343434,prospect,"FV 55, #63"
687401,25493,Joey Ortiz,2025,374457955,mlb_surplus,2.8 WAR
687401,25493,Joey Ortiz,2026,53660746,mlb_surplus,2.3 WAR
687462,26477,Spencer Horwitz,2022,15000000,prospect,FV 45
687462,26477,Spencer Horwitz,2023,15000000,prospect,FV 45
687462,26477,Spencer Horwitz,2024,15000000,prospect,FV 45
687462,26477,Spencer Horwitz,2025,31992384,mlb_surplus,1.7 WAR
687462,26477,Spencer Horwitz,2026,13535802,mlb_surplus,1.2 WAR
687473,26440,Ryan Gusto,2026,14918827,mlb_surplus,0.7 WAR
687515,31855,Colby Thomas,2023,7000000,prospect,FV 40
687515,31855,Colby Thomas,2024,15000000,prospect,FV 45
687515,31855,Colby Thomas,2026,12550000,mlb_surplus,Trade Value
687529,25690,Grant McCray,2020,7000000,prospect,FV 40
687529,25690,Grant McCray,2021,7000000,prospect,FV 40
687529,25690,Grant McCray,2022,30000000,prospect,FV 50
687529,25690,Grant McCray,2023,30000000,prospect,FV 50
687529,25690,Grant McCray,2024,15000000,prospect,FV 45
687529,25690,Grant McCray,2026,12050000,mlb_surplus,Trade Value
687551,31545,Drew Gilbert,2023,50000000,prospect,FV 55
687551,31545,Drew Gilbert,2024,61868687,prospect,"FV 55, #53"
687551,31545,Drew Gilbert,2026,54490303,mlb_surplus,Trade Value
687597,31431,Jordan Beck,2023,50000000,prospect,FV 55
687597,31431,Jordan Beck,2024,54797980,prospect,"FV 55, #81"
687597,31431,Jordan Beck,2025,28229062,mlb_surplus,0.9 WAR
687597,31431,Jordan Beck,2026,17718013,mlb_surplus,Trade Value
687606,25501,Paxton Schultz,2026,0,mlb_surplus,Trade Value
687637,31695,Dylan Beavers,2023,30000000,prospect,FV 50
687637,31695,Dylan Beavers,2024,15000000,prospect,FV 45
687637,31695,Dylan Beavers,2025,54292929,prospect,"FV 55, #83"
687637,31695,Dylan Beavers,2026,65395029,mlb_surplus,2.9 WAR
687765,27707,Mitch Spence,2024,7000000,prospect,FV 40
687765,27707,Mitch Spence,2025,84002354,mlb_surplus,0.6 WAR
687765,27707,Mitch Spence,2026,10375802,mlb_surplus,0.7 WAR
687830,26048,Sawyer Gipson-Long,2024,7000000,prospect,FV 40
687830,26048,Sawyer Gipson-Long,2026,6720000,mlb_surplus,Trade Value
687847,26353,Marc Church,2023,7000000,prospect,FV 40
687847,26353,Marc Church,2024,7000000,prospect,FV 40
687847,26353,Marc Church,2025,7000000,prospect,FV 40
687847,26353,Marc Church,2026,6860000,mlb_surplus,Trade Value
687849,25703,Zak Kent,2022,7000000,prospect,FV 40
687849,25703,Zak Kent,2023,7000000,prospect,FV 40
687849,25703,Zak Kent,2026,6720000,mlb_surplus,Trade Value
687859,26143,Troy Johnston,2022,7000000,prospect,FV 40
687859,26143,Troy Johnston,2023,7000000,prospect,FV 40
687859,26143,Troy Johnston,2024,7000000,prospect,FV 40
687859,26143,Troy Johnston,2026,5973333,mlb_surplus,Trade Value
687863,26413,Porter Hodge,2023,7000000,prospect,FV 40
687863,26413,Porter Hodge,2024,7000000,prospect,FV 40
687863,26413,Porter Hodge,2025,127410567,mlb_surplus,1.1 WAR
687863,26413,Porter Hodge,2026,26848887,mlb_surplus,1.0 WAR
687888,26056,Brandon Walter,2022,30000000,prospect,FV 50
687888,26056,Brandon Walter,2023,7000000,prospect,FV 40
687888,26056,Brandon Walter,2026,14062776,mlb_surplus,2.1 WAR
687911,25890,Bryan King,2025,123795976,mlb_surplus,0.9 WAR
687911,25890,Bryan King,2026,26155533,mlb_surplus,1.0 WAR
687924,30031,Julian Aguiar,2024,15000000,prospect,FV 45
687924,30031,Julian Aguiar,2025,15000000,prospect,FV 45
687924,30031,Julian Aguiar,2026,14650000,mlb_surplus,Trade Value
687931,31676,Carson Whisenhunt,2023,50000000,prospect,FV 55
687931,31676,Carson Whisenhunt,2024,32575758,prospect,"FV 50, #83"
687931,31676,Carson Whisenhunt,2025,30000000,prospect,FV 50
687931,31676,Carson Whisenhunt,2026,29500000,mlb_surplus,Trade Value
687952,30011,Christian Encarnacion-Strand,2022,15000000,prospect,FV 45
687952,30011,Christian Encarnacion-Strand,2023,50000000,prospect,FV 55
687952,30011,Christian Encarnacion-Strand,2024,47313397,mlb_surplus,2.1 WAR
687952,30011,Christian Encarnacion-Strand,2025,86823559,mlb_surplus,2.7 WAR
687952,30011,Christian Encarnacion-Strand,2026,28666667,mlb_surplus,Trade Value
688107,29812,Robert Gasser,2022,15000000,prospect,FV 45
688107,29812,Robert Gasser,2023,30000000,prospect,FV 50
688107,29812,Robert Gasser,2024,30000000,prospect,FV 50
688107,29812,Robert Gasser,2025,15000000,prospect,FV 45
688107,29812,Robert Gasser,2026,14650000,mlb_surplus,Trade Value
688158,31616,David Morgan,2026,33525219,mlb_surplus,1.0 WAR
688297,31261,Chris Roycroft,2025,93410468,mlb_surplus,0.7 WAR
688297,31261,Chris Roycroft,2026,13519979,mlb_surplus,0.7 WAR
688363,31363,Graham Pauley,2024,7000000,prospect,FV 40
688363,31363,Graham Pauley,2026,18387083,mlb_surplus,1.5 WAR
688642,31552,Zach Agnos,2026,31943446,mlb_surplus,0.9 WAR
688760,25714,Blaine Crim,2026,0,mlb_surplus,Trade Value
689017,27487,Landon Knack,2021,30000000,prospect,FV 50
689017,27487,Landon Knack,2022,30000000,prospect,FV 50
689017,27487,Landon Knack,2023,30000000,prospect,FV 50
689017,27487,Landon Knack,2024,15000000,prospect,FV 45
689017,27487,Landon Knack,2025,57481077,mlb_surplus,1.5 WAR
689017,27487,Landon Knack,2026,13750000,mlb_surplus,Trade Value
689041,31793,Rhylan Thomas,2024,7000000,prospect,FV 40
689041,31793,Rhylan Thomas,2025,7000000,prospect,FV 40
689041,31793,Rhylan Thomas,2026,6930000,mlb_surplus,Trade Value
689147,31776,Orion Kerkering,2023,15000000,prospect,FV 45
689147,31776,Orion Kerkering,2024,30000000,prospect,FV 50
689147,31776,Orion Kerkering,2025,141411962,mlb_surplus,1.2 WAR
689147,31776,Orion Kerkering,2026,23214633,mlb_surplus,1.2 WAR
689172,27735,Brett Wisely,2023,7000000,prospect,FV 40
689172,27735,Brett Wisely,2024,-5516950,mlb_surplus,0.6 WAR
689172,27735,Brett Wisely,2026,3080000,mlb_surplus,Trade Value
689200,31661,Jacob Melton,2023,30000000,prospect,FV 50
689200,31661,Jacob Melton,2024,50000000,prospect,FV 55
689200,31661,Jacob Melton,2025,30000000,prospect,FV 50
689200,31661,Jacob Melton,2026,26800000,mlb_surplus,Trade Value
689225,26079,Beau Brieske,2022,15000000,prospect,FV 45
689225,26079,Beau Brieske,2023,74138890,mlb_surplus,1.2 WAR
689225,26079,Beau Brieske,2024,57439467,mlb_surplus,0.8 WAR
689225,26079,Beau Brieske,2025,94659136,mlb_surplus,0.6 WAR
689225,26079,Beau Brieske,2026,4290073,mlb_surplus,0.7 WAR
689254,31553,Mason Fluharty,2026,40584614,mlb_surplus,1.1 WAR
689266,29928,Dylan Dodd,2022,15000000,prospect,FV 45
689266,29928,Dylan Dodd,2023,15000000,prospect,FV 45
689266,29928,Dylan Dodd,2024,7000000,prospect,FV 40
689266,29928,Dylan Dodd,2026,5710884,mlb_surplus,0.4 WAR
689414,29844,Liam Hicks,2026,0,mlb_surplus,0.2 WAR
689672,31967,Drew Thorpe,2023,50000000,prospect,FV 55
689672,31967,Drew Thorpe,2024,53787879,prospect,"FV 55, #85"
689672,31967,Drew Thorpe,2026,52174242,mlb_surplus,Trade Value
689690,29628,Alek Jacob,2023,7000000,prospect,FV 40
689690,29628,Alek Jacob,2024,7000000,prospect,FV 40
689690,29628,Alek Jacob,2026,10191612,mlb_surplus,0.8 WAR
689958,33834,Andrew Walters,2024,7000000,prospect,FV 40
689958,33834,Andrew Walters,2025,7000000,prospect,FV 40
689958,33834,Andrew Walters,2026,6743333,mlb_surplus,Trade Value
689981,29514,River Ryan,2023,30000000,prospect,FV 50
689981,29514,River Ryan,2024,30000000,prospect,FV 50
689981,29514,River Ryan,2025,30000000,prospect,FV 50
689981,29514,River Ryan,2026,29600000,mlb_surplus,Trade Value
690022,31500,Ryan Ritter,2024,15000000,prospect,FV 45
690022,31500,Ryan Ritter,2026,12000000,mlb_surplus,Trade Value
690291,31437,Jace Jung,2023,54292929,prospect,"FV 55, #83"
690291,31437,Jace Jung,2024,60101010,prospect,"FV 55, #60"
690291,31437,Jace Jung,2025,-7030904,mlb_surplus,6yr ctrl
690291,31437,Jace Jung,2026,49082492,mlb_surplus,Trade Value
690544,27753,Bailey Horn,2025,14686828,mlb_surplus,0.5 WAR
690544,27753,Bailey Horn,2026,0,mlb_surplus,Trade Value
690829,31461,Ben Joyce,2023,15000000,prospect,FV 45
690829,31461,Ben Joyce,2024,15000000,prospect,FV 45
690829,31461,Ben Joyce,2025,21422184,mlb_surplus,0.7 WAR
690829,31461,Ben Joyce,2026,12600000,mlb_surplus,Trade Value
690916,30160,Richard Fitts,2023,15000000,prospect,FV 45
690916,30160,Richard Fitts,2024,15000000,prospect,FV 45
690916,30160,Richard Fitts,2026,28773055,mlb_surplus,1.9 WAR
690924,29704,Braxton Fulford,2026,0,mlb_surplus,Trade Value
690925,27494,Clayton Beeter,2021,30000000,prospect,FV 50
690925,27494,Clayton Beeter,2022,30000000,prospect,FV 50
690925,27494,Clayton Beeter,2023,15000000,prospect,FV 45
690925,27494,Clayton Beeter,2024,7000000,prospect,FV 40
690925,27494,Clayton Beeter,2026,19216805,mlb_surplus,1.2 WAR
690928,30240,Hunter Dobbins,2024,7000000,prospect,FV 40
690928,30240,Hunter Dobbins,2026,32098975,mlb_surplus,2.5 WAR
690953,27756,Mick Abel,2021,56313131,prospect,"FV 55, #75"
690953,27756,Mick Abel,2022,54797980,prospect,"FV 55, #81"
690953,27756,Mick Abel,2023,63131313,prospect,"FV 55, #48"
690953,27756,Mick Abel,2024,37727273,prospect,"FV 50, #49"
690953,27756,Mick Abel,2026,36343939,mlb_surplus,Trade Value
690976,31665,Alex Freeland,2023,7000000,prospect,FV 40
690976,31665,Alex Freeland,2025,63888889,prospect,"FV 55, #45"
690976,31665,Alex Freeland,2026,57712963,mlb_surplus,Trade Value
690984,27931,Petey Halpin,2021,15000000,prospect,FV 45
690984,27931,Petey Halpin,2022,15000000,prospect,FV 45
690984,27931,Petey Halpin,2023,7000000,prospect,FV 40
690984,27931,Petey Halpin,2024,7000000,prospect,FV 40
690984,27931,Petey Halpin,2026,6860000,mlb_surplus,Trade Value
690986,27758,Kyle Harrison,2021,50000000,prospect,FV 55
690986,27758,Kyle Harrison,2022,56313131,prospect,"FV 55, #75"
690986,27758,Kyle Harrison,2023,70707071,prospect,"FV 55, #18"
690986,27758,Kyle Harrison,2024,69444444,prospect,"FV 55, #23"
690986,27758,Kyle Harrison,2025,110025463,mlb_surplus,1.8 WAR
690986,27758,Kyle Harrison,2026,59722222,mlb_surplus,Trade Value
690987,27482,Robert Hassell III,2021,59848485,prospect,"FV 55, #61"
690987,27482,Robert Hassell III,2022,65909091,prospect,"FV 55, #37"
690987,27482,Robert Hassell III,2023,39848485,prospect,"FV 50, #35"
690987,27482,Robert Hassell III,2024,15000000,prospect,FV 45
690987,27482,Robert Hassell III,2026,11742440,mlb_surplus,Trade Value
690990,31872,Cade Horton,2023,50000000,prospect,FV 55
690990,31872,Cade Horton,2024,68686869,prospect,"FV 55, #26"
690990,31872,Cade Horton,2026,88856166,mlb_surplus,2.4 WAR
690993,27899,Colt Keith,2021,15000000,prospect,FV 45
690993,27899,Colt Keith,2022,30000000,prospect,FV 50
690993,27899,Colt Keith,2023,50000000,prospect,FV 55
690993,27899,Colt Keith,2024,69696970,prospect,"FV 55, #22"
690993,27899,Colt Keith,2025,464648108,mlb_surplus,2.1 WAR
690993,27899,Colt Keith,2026,176950903,mlb_surplus,2.6 WAR
690997,33703,Nolan McLean,2024,15000000,prospect,FV 45
690997,33703,Nolan McLean,2025,101464646,prospect,"FV 60, #11"
690997,33703,Nolan McLean,2026,107357321,mlb_surplus,2.3 WAR
691016,27467,Tyler Soderstrom,2021,50000000,prospect,FV 55
691016,27467,Tyler Soderstrom,2022,61111111,prospect,"FV 55, #56"
691016,27467,Tyler Soderstrom,2023,65404040,prospect,"FV 55, #39"
691016,27467,Tyler Soderstrom,2024,133733201,mlb_surplus,0.3 WAR
691016,27467,Tyler Soderstrom,2025,132365509,mlb_surplus,3.4 WAR
691016,27467,Tyler Soderstrom,2026,15478974,mlb_surplus,1.4 WAR
691019,33549,Kyle Teel,2024,65151515,prospect,"FV 55, #40"
691019,33549,Kyle Teel,2026,103708809,mlb_surplus,3.9 WAR
691023,27475,Jordan Walker,2021,50000000,prospect,FV 55
691023,27475,Jordan Walker,2022,94747475,prospect,"FV 60, #30"
691023,27475,Jordan Walker,2023,103939394,prospect,"FV 60, #4"
691023,27475,Jordan Walker,2024,82294074,mlb_surplus,1.4 WAR
691023,27475,Jordan Walker,2025,65038910,mlb_surplus,1.4 WAR
691023,27475,Jordan Walker,2026,7275758,mlb_surplus,Trade Value
691026,27479,Masyn Winn,2021,30000000,prospect,FV 50
691026,27479,Masyn Winn,2022,50000000,prospect,FV 55
691026,27479,Masyn Winn,2023,62626263,prospect,"FV 55, #50"
691026,27479,Masyn Winn,2024,475559320,mlb_surplus,3.6 WAR
691026,27479,Masyn Winn,2025,634772102,mlb_surplus,3.5 WAR
691026,27479,Masyn Winn,2026,99963797,mlb_surplus,3.1 WAR
691172,27765,Yosver Zulueta,2021,7000000,prospect,FV 40
691172,27765,Yosver Zulueta,2022,30000000,prospect,FV 50
691172,27765,Yosver Zulueta,2023,15000000,prospect,FV 45
691172,27765,Yosver Zulueta,2024,15000000,prospect,FV 45
691172,27765,Yosver Zulueta,2026,14050000,mlb_surplus,Trade Value
691176,28080,Jasson Dominguez,2021,67171717,prospect,"FV 55, #32"
691176,28080,Jasson Dominguez,2022,59848485,prospect,"FV 55, #61"
691176,28080,Jasson Dominguez,2023,63383838,prospect,"FV 55, #47"
691176,28080,Jasson Dominguez,2024,90858586,prospect,"FV 60, #41"
691176,28080,Jasson Dominguez,2026,0,mlb_surplus,0.1 WAR
691182,27962,Adael Amador,2020,7000000,prospect,FV 40
691182,27962,Adael Amador,2021,15000000,prospect,FV 45
691182,27962,Adael Amador,2022,50000000,prospect,FV 55
691182,27962,Adael Amador,2023,58080808,prospect,"FV 55, #68"
691182,27962,Adael Amador,2024,40909091,prospect,"FV 50, #28"
691182,27962,Adael Amador,2026,35139839,mlb_surplus,Trade Value
691373,28142,Jhostynxon Garcia,2025,53787879,prospect,"FV 55, #85"
691373,28142,Jhostynxon Garcia,2026,52891414,mlb_surplus,Trade Value
691406,28163,Junior Caminero,2022,15000000,prospect,FV 45
691406,28163,Junior Caminero,2023,70000000,prospect,FV 60
691406,28163,Junior Caminero,2024,133636364,prospect,"FV 65, #4"
691406,28163,Junior Caminero,2025,634379797,mlb_surplus,4.6 WAR
691406,28163,Junior Caminero,2026,107234651,mlb_surplus,2.9 WAR
691441,27974,Cristian Mena,2023,15000000,prospect,FV 45
691441,27974,Cristian Mena,2024,15000000,prospect,FV 45
691441,27974,Cristian Mena,2025,15000000,prospect,FV 45
691441,27974,Cristian Mena,2026,14800000,mlb_surplus,Trade Value
691548,27407,Rolddy Munoz,2025,7000000,prospect,FV 40
691548,27407,Rolddy Muñoz,2026,6930000,mlb_surplus,Trade Value
691587,27768,Eury Perez,2021,30000000,prospect,FV 50
691587,27768,Eury Perez,2022,90858586,prospect,"FV 60, #41"
691587,27768,Eury Perez,2023,100757576,prospect,"FV 60, #13"
691587,27768,Eury Perez,2024,399867638,mlb_surplus,2.1 WAR
691587,27768,Eury Perez,2025,545394649,mlb_surplus,2.2 WAR
691587,27768,Eury Perez,2026,73419772,mlb_surplus,2.5 WAR
691594,28253,Javier Sanoja,2024,15000000,prospect,FV 45
691594,28253,Javier Sanoja,2026,19300034,mlb_surplus,0.5 WAR
691718,27769,Pete Crow-Armstrong,2022,50000000,prospect,FV 55
691718,27769,Pete Crow-Armstrong,2023,95454545,prospect,"FV 60, #28"
691718,27769,Pete Crow-Armstrong,2024,71212121,prospect,"FV 55, #16"
691718,27769,Pete Crow-Armstrong,2025,962080474,mlb_surplus,5.4 WAR
691718,27769,Pete Crow-Armstrong,2026,158125457,mlb_surplus,4.6 WAR
691720,33252,Kyle Karros,2024,15000000,prospect,FV 45
691720,33252,Kyle Karros,2026,13218700,mlb_surplus,Trade Value
691723,28312,Coby Mayo,2022,30000000,prospect,FV 50
691723,28312,Coby Mayo,2023,50000000,prospect,FV 55
691723,28312,Coby Mayo,2024,94747475,prospect,"FV 60, #30"
691723,28312,Coby Mayo,2026,62533333,mlb_surplus,Trade Value
691728,27770,Zac Veen,2021,61868687,prospect,"FV 55, #53"
691728,27770,Zac Veen,2022,66161616,prospect,"FV 55, #36"
691728,27770,Zac Veen,2023,68434343,prospect,"FV 55, #27"
691728,27770,Zac Veen,2024,50000000,prospect,FV 55
691728,27770,Zac Veen,2025,15000000,prospect,FV 45
691728,27770,Zac Veen,2026,14400000,mlb_surplus,Trade Value
691769,33821,Philip Abner,2026,0,mlb_surplus,Trade Value
691777,29779,Max Muncy,2022,30000000,prospect,FV 50
691777,29779,Max Muncy,2023,15000000,prospect,FV 45
691777,29779,Max Muncy,2024,15000000,prospect,FV 45
691777,29779,Max Muncy,2026,-17000000,mlb_surplus,Trade Value
691781,29993,Brady House,2022,37727273,prospect,"FV 50, #49"
691781,29993,Brady House,2023,50000000,prospect,FV 55
691781,29993,Brady House,2024,63131313,prospect,"FV 55, #48"
691781,29993,Brady House,2026,58722621,mlb_surplus,0.3 WAR
691783,29976,Jordan Lawlar,2022,97222222,prospect,"FV 60, #23"
691783,29976,Jordan Lawlar,2023,101464646,prospect,"FV 60, #11"
691783,29976,Jordan Lawlar,2024,101464646,prospect,"FV 60, #11"
691783,29976,Jordan Lawlar,2026,87259596,mlb_surplus,Trade Value
691785,29668,Marcelo Mayer,2022,100404040,prospect,"FV 60, #14"
691785,29668,Marcelo Mayer,2023,102171717,prospect,"FV 60, #9"
691785,29668,Marcelo Mayer,2024,100050505,prospect,"FV 60, #15"
691785,29668,Marcelo Mayer,2026,85376431,mlb_surplus,Trade Value
691799,33927,Grant Taylor,2024,30000000,prospect,FV 50
691799,33927,Grant Taylor,2026,55267841,mlb_surplus,1.7 WAR
691907,28344,Tsung-Che Cheng,2023,15000000,prospect,FV 45
691907,28344,Tsung-Che Cheng,2024,7000000,prospect,FV 40
691907,28344,Tsung-Che Cheng,2026,6930000,mlb_surplus,Trade Value
691951,26443,Samuel Aldegheri,2024,15000000,prospect,FV 45
691951,26443,Samuel Aldegheri,2025,15000000,prospect,FV 45
691951,26443,Samuel Aldegheri,2026,0,mlb_surplus,Trade Value
692024,26463,Alex Carrillo,2026,0,mlb_surplus,Trade Value
692030,27984,Jose Corniell,2024,15000000,prospect,FV 45
692030,27984,Jose Corniell,2025,15000000,prospect,FV 45
692030,27984,Jose Corniell,2026,14950000,mlb_surplus,Trade Value
692216,33704,C.J. Kayfus,2026,29008015,mlb_surplus,0.5 WAR
692225,33644,Kristian Campbell,2026,0,mlb_surplus,Trade Value
693304,27490,Nick Gonzales,2021,64393939,prospect,"FV 55, #43"
693304,27490,Nick Gonzales,2022,70202020,prospect,"FV 55, #20"
693304,27490,Nick Gonzales,2023,30000000,prospect,FV 50
693304,27490,Nick Gonzales,2024,78863194,mlb_surplus,1.8 WAR
693304,27490,Nick Gonzales,2025,110497065,mlb_surplus,1.6 WAR
693304,27490,Nick Gonzales,2026,25572718,mlb_surplus,1.2 WAR
693307,27464,Dillon Dingler,2021,50000000,prospect,FV 55
693307,27464,Dillon Dingler,2022,15000000,prospect,FV 45
693307,27464,Dillon Dingler,2023,15000000,prospect,FV 45
693307,27464,Dillon Dingler,2024,15000000,prospect,FV 45
693307,27464,Dillon Dingler,2025,220481659,mlb_surplus,4.1 WAR
693307,27464,Dillon Dingler,2026,61751294,mlb_surplus,3.3 WAR
693312,27775,Kyle Nicolas,2021,15000000,prospect,FV 45
693312,27775,Kyle Nicolas,2022,15000000,prospect,FV 45
693312,27775,Kyle Nicolas,2023,7000000,prospect,FV 40
693312,27775,Kyle Nicolas,2024,7000000,prospect,FV 40
693312,27775,Kyle Nicolas,2025,113588109,mlb_surplus,0.8 WAR
693312,27775,Kyle Nicolas,2026,15065344,mlb_surplus,0.9 WAR
693313,30084,Carson Seymour,2023,7000000,prospect,FV 40
693313,30084,Carson Seymour,2024,7000000,prospect,FV 40
693313,30084,Carson Seymour,2026,8532957,mlb_surplus,0.5 WAR
693409,30163,César Prieto,2022,15000000,prospect,FV 45
693409,30163,César Prieto,2023,15000000,prospect,FV 45
693409,30163,César Prieto,2024,7000000,prospect,FV 40
693409,30163,César Prieto,2026,6930000,mlb_surplus,Trade Value
693433,30279,Bryan Woo,2023,50000000,prospect,FV 55
693433,30279,Bryan Woo,2024,297463927,mlb_surplus,2.2 WAR
693433,30279,Bryan Woo,2025,323011702,mlb_surplus,3.6 WAR
693433,30279,Bryan Woo,2026,63492519,mlb_surplus,2.4 WAR
693645,32095,Cameron Schlittler,2026,110523538,mlb_surplus,2.1 WAR
693821,27779,Bryce Elder,2021,15000000,prospect,FV 45
693821,27779,Bryce Elder,2022,30000000,prospect,FV 50
693821,27779,Bryce Elder,2023,231848189,mlb_surplus,2.2 WAR
693821,27779,Bryce Elder,2024,221858769,mlb_surplus,1.9 WAR
693821,27779,Bryce Elder,2025,328308749,mlb_surplus,1.9 WAR
693821,27779,Bryce Elder,2026,43424620,mlb_surplus,1.8 WAR
693855,27932,Ian Seymour,2021,15000000,prospect,FV 45
693855,27932,Ian Seymour,2022,15000000,prospect,FV 45
693855,27932,Ian Seymour,2023,15000000,prospect,FV 45
693855,27932,Ian Seymour,2024,15000000,prospect,FV 45
693855,27932,Ian Seymour,2026,19936099,mlb_surplus,1.1 WAR
694037,27914,Daniel Palencia,2022,15000000,prospect,FV 45
694037,27914,Daniel Palencia,2023,15000000,prospect,FV 45
694037,27914,Daniel Palencia,2024,79930917,mlb_surplus,0.8 WAR
694037,27914,Daniel Palencia,2026,16365514,mlb_surplus,0.9 WAR
694175,27781,Pedro León,2021,30000000,prospect,FV 50
694175,27781,Pedro León,2022,30000000,prospect,FV 50
694175,27781,Pedro León,2023,7000000,prospect,FV 40
694175,27781,Pedro León,2024,7000000,prospect,FV 40
694175,27781,Pedro León,2026,6836667,mlb_surplus,Trade Value
694192,28806,Jackson Chourio,2021,15000000,prospect,FV 45
694192,28806,Jackson Chourio,2022,70000000,prospect,FV 60
694192,28806,Jackson Chourio,2023,131818182,prospect,"FV 65, #8"
694192,28806,Jackson Chourio,2024,134545455,prospect,"FV 65, #2"
694192,28806,Jackson Chourio,2025,808279028,mlb_surplus,3.3 WAR
694192,28806,Jackson Chourio,2026,383735426,mlb_surplus,3.8 WAR
694203,28816,Denzer Guzman,2021,15000000,prospect,FV 45
694203,28816,Denzer Guzman,2022,30000000,prospect,FV 50
694203,28816,Denzer Guzman,2023,15000000,prospect,FV 45
694203,28816,Denzer Guzman,2024,15000000,prospect,FV 45
694203,28816,Denzer Guzman,2025,15000000,prospect,FV 45
694203,28816,Denzer Guzman,2026,14350000,mlb_surplus,Trade Value
694208,28820,Moises Ballesteros,2023,30000000,prospect,FV 50
694208,28820,Moises Ballesteros,2024,50000000,prospect,FV 55
694208,28820,Moises Ballesteros,2025,61868687,prospect,"FV 55, #53"
694208,28820,Moisés Ballesteros,2026,57744108,mlb_surplus,Trade Value
694212,28824,Samuel Basallo,2021,15000000,prospect,FV 45
694212,28824,Samuel Basallo,2022,30000000,prospect,FV 50
694212,28824,Samuel Basallo,2023,50000000,prospect,FV 55
694212,28824,Samuel Basallo,2024,99343434,prospect,"FV 60, #17"
694212,28824,Samuel Basallo,2025,102878788,prospect,"FV 60, #7"
694212,28824,Samuel Basallo,2026,153057970,mlb_surplus,2.6 WAR
694297,27782,Brandon Pfaadt,2022,50000000,prospect,FV 55
694297,27782,Brandon Pfaadt,2023,60353535,prospect,"FV 55, #59"
694297,27782,Brandon Pfaadt,2024,232697449,mlb_surplus,3.1 WAR
694297,27782,Brandon Pfaadt,2025,328143738,mlb_surplus,1.8 WAR
694297,27782,Brandon Pfaadt,2026,61267242,mlb_surplus,1.9 WAR
694335,29629,Matt Svanson,2026,40317161,mlb_surplus,1.2 WAR
694361,27787,Will Klein,2021,15000000,prospect,FV 45
694361,27787,Will Klein,2022,15000000,prospect,FV 45
694361,27787,Will Klein,2023,7000000,prospect,FV 40
694361,27787,Will Klein,2024,15000000,prospect,FV 45
694361,27787,Will Klein,2026,13900000,mlb_surplus,Trade Value
694362,29487,Blake Dunn,2024,15000000,prospect,FV 45
694362,29487,Blake Dunn,2026,12550000,mlb_surplus,Trade Value
694374,29571,Tim Tawa,2026,8826382,mlb_surplus,0.3 WAR
694376,27789,Shay Whitcomb,2022,7000000,prospect,FV 40
694376,27789,Shay Whitcomb,2026,0,mlb_surplus,Trade Value
694377,27504,Nick Yorke,2021,50000000,prospect,FV 55
694377,27504,Nick Yorke,2022,36818182,prospect,"FV 50, #55"
694377,27504,Nick Yorke,2023,30000000,prospect,FV 50
694377,27504,Nick Yorke,2024,30000000,prospect,FV 50
694377,27504,Nick Yorke,2025,15000000,prospect,FV 45
694377,27504,Nick Yorke,2026,13350000,mlb_surplus,Trade Value
694384,33189,Nolan Schanuel,2024,98714814,mlb_surplus,1.2 WAR
694384,33189,Nolan Schanuel,2025,89236710,mlb_surplus,1.4 WAR
694384,33189,Nolan Schanuel,2026,38419036,mlb_surplus,1.2 WAR
694388,29630,Joey Loperfido,2023,15000000,prospect,FV 45
694388,29630,Joey Loperfido,2024,15000000,prospect,FV 45
694388,29630,Joey Loperfido,2025,-4339954,mlb_surplus,0.7 WAR
694388,29630,Joey Loperfido,2026,8900000,mlb_surplus,Trade Value
694462,33527,Hurston Waldrep,2024,31515152,prospect,"FV 50, #90"
694462,33527,Hurston Waldrep,2026,48954194,mlb_surplus,2.5 WAR
694477,30113,Chad Patrick,2026,137699900,mlb_surplus,2.7 WAR
694497,27790,Evan Carter,2021,30000000,prospect,FV 50
694497,27790,Evan Carter,2022,50000000,prospect,FV 55
694497,27790,Evan Carter,2023,90858586,prospect,"FV 60, #41"
694497,27790,Evan Carter,2024,438092180,mlb_surplus,2.4 WAR
694497,27790,Evan Carter,2025,658769218,mlb_surplus,4.1 WAR
694497,27790,Evan Carter,2026,110335376,mlb_surplus,2.4 WAR
694646,29866,Chayce McDermott,2022,15000000,prospect,FV 45
694646,29866,Chayce McDermott,2023,15000000,prospect,FV 45
694646,29866,Chayce McDermott,2024,30000000,prospect,FV 50
694646,29866,Chayce McDermott,2026,29500000,mlb_surplus,Trade Value
694671,33333,Wyatt Langford,2024,132727273,prospect,"FV 65, #6"
694671,33333,Wyatt Langford,2025,435000436,mlb_surplus,4.1 WAR
694671,33333,Wyatt Langford,2026,126426881,mlb_surplus,3.1 WAR
694728,33280,Brice Matthews,2024,30000000,prospect,FV 50
694728,33280,Brice Matthews,2025,51767677,prospect,"FV 55, #93"
694728,33280,Brice Matthews,2026,49524411,mlb_surplus,Trade Value
694738,30076,Landen Roupp,2023,15000000,prospect,FV 45
694738,30076,Landen Roupp,2024,15000000,prospect,FV 45
694738,30076,Landen Roupp,2025,382865905,mlb_surplus,1.1 WAR
694738,30076,Landen Roupp,2026,61051781,mlb_surplus,2.6 WAR
694813,27792,Gavin Stone,2022,50000000,prospect,FV 55
694813,27792,Gavin Stone,2023,61111111,prospect,"FV 55, #56"
694813,27792,Gavin Stone,2024,30000000,prospect,FV 50
694813,27792,Gavin Stone,2025,294084714,mlb_surplus,1.5 WAR
694813,27792,Gavin Stone,2026,32263864,mlb_surplus,1.6 WAR
694819,31623,Jacob Misiorowski,2023,50000000,prospect,FV 55
694819,31623,Jacob Misiorowski,2024,66919192,prospect,"FV 55, #33"
694819,31623,Jacob Misiorowski,2026,80591286,mlb_surplus,2.0 WAR
694918,31701,Blade Tidwell,2023,30000000,prospect,FV 50
694918,31701,Blade Tidwell,2024,30000000,prospect,FV 50
694918,31701,Blade Tidwell,2025,15000000,prospect,FV 45
694918,31701,Blade Tidwell,2026,14800000,mlb_surplus,Trade Value
694973,33677,Paul Skenes,2024,134090909,prospect,"FV 65, #3"
694973,33677,Paul Skenes,2025,945878411,mlb_surplus,6.5 WAR
694973,33677,Paul Skenes,2026,206889330,mlb_surplus,4.5 WAR
695076,33876,Rhett Lowder,2024,66666667,prospect,"FV 55, #34"
695076,33876,Rhett Lowder,2025,55050505,prospect,"FV 55, #80"
695076,33876,Rhett Lowder,2026,53949495,mlb_surplus,Trade Value
695238,29634,Will Wagner,2023,7000000,prospect,FV 40
695238,29634,Will Wagner,2024,7000000,prospect,FV 40
695238,29634,Will Wagner,2025,385511957,mlb_surplus,3.7 WAR
695238,29634,Will Wagner,2026,24619116,mlb_surplus,2.3 WAR
695243,31757,Mason Miller,2023,30000000,prospect,FV 50
695243,31757,Mason Miller,2024,30000000,prospect,FV 50
695243,31757,Mason Miller,2025,167129092,mlb_surplus,2.0 WAR
695243,31757,Mason Miller,2026,33299695,mlb_surplus,1.5 WAR
695257,29573,Billy Cook,2026,0,mlb_surplus,Trade Value
695336,27883,Thomas Saggese,2022,15000000,prospect,FV 45
695336,27883,Thomas Saggese,2023,15000000,prospect,FV 45
695336,27883,Thomas Saggese,2024,30000000,prospect,FV 50
695336,27883,Thomas Saggese,2026,20000000,mlb_surplus,Trade Value
695391,29788,Brett Harris,2023,15000000,prospect,FV 45
695391,29788,Brett Harris,2024,15000000,prospect,FV 45
695391,29788,Brett Harris,2025,161104780,mlb_surplus,2.6 WAR
695391,29788,Brett Harris,2026,11600000,mlb_surplus,Trade Value
695418,31972,Brad Lord,2026,25749989,mlb_surplus,0.8 WAR
695445,29574,Chase Lee,2026,31054987,mlb_surplus,0.9 WAR
695505,35333,Chase Burns,2026,0,mlb_surplus,Trade Value
695506,35041,Jac Caglianone,2026,58679823,mlb_surplus,0.5 WAR
695534,30170,Chase Petty,2022,30000000,prospect,FV 50
695534,30170,Chase Petty,2023,30000000,prospect,FV 50
695534,30170,Chase Petty,2024,30303030,prospect,"FV 50, #98"
695534,30170,Chase Petty,2025,30000000,prospect,FV 50
695534,30170,Chase Petty,2026,29700000,mlb_surplus,Trade Value
695578,29518,James Wood,2022,50000000,prospect,FV 55
695578,29518,James Wood,2023,99343434,prospect,"FV 60, #17"
695578,29518,James Wood,2024,129090909,prospect,"FV 65, #14"
695578,29518,James Wood,2025,343014624,mlb_surplus,3.3 WAR
695578,29518,James Wood,2026,93916603,mlb_surplus,2.3 WAR
695600,29478,Carter Jensen,2022,15000000,prospect,FV 45
695600,29478,Carter Jensen,2023,15000000,prospect,FV 45
695600,29478,Carter Jensen,2024,30000000,prospect,FV 50
695600,29478,Carter Jensen,2025,65404040,prospect,"FV 55, #39"
695600,29478,Carter Jensen,2026,61043771,mlb_surplus,Trade Value
695657,29712,Colson Montgomery,2022,50000000,prospect,FV 55
695657,29712,Colson Montgomery,2023,91919192,prospect,"FV 60, #38"
695657,29712,Colson Montgomery,2024,72979798,prospect,"FV 55, #9"
695657,29712,Colson Montgomery,2026,129426587,mlb_surplus,5.2 WAR
695670,29958,Harry Ford,2022,51767677,prospect,"FV 55, #93"
695670,29958,Harry Ford,2023,62878788,prospect,"FV 55, #49"
695670,29958,Harry Ford,2024,65656566,prospect,"FV 55, #38"
695670,29958,Harry Ford,2025,64646465,prospect,"FV 55, #42"
695670,29958,Harry Ford,2026,62922559,mlb_surplus,Trade Value
695681,34979,Christian Moore,2026,36332810,mlb_surplus,0.2 WAR
695734,29995,Daylen Lile,2022,15000000,prospect,FV 45
695734,29995,Daylen Lile,2023,30000000,prospect,FV 50
695734,29995,Daylen Lile,2024,15000000,prospect,FV 45
695734,29995,Daylen Lile,2026,65457999,mlb_surplus,2.7 WAR
696030,27915,Alejandro Osuna,2023,7000000,prospect,FV 40
696030,27915,Alejandro Osuna,2026,35188426,mlb_surplus,2.0 WAR
696100,29715,Hunter Goodman,2022,15000000,prospect,FV 45
696100,29715,Hunter Goodman,2023,15000000,prospect,FV 45
696100,29715,Hunter Goodman,2024,118420496,mlb_surplus,0.8 WAR
696100,29715,Hunter Goodman,2025,113374170,mlb_surplus,3.4 WAR
696100,29715,Hunter Goodman,2026,31476924,mlb_surplus,1.6 WAR
696131,30171,Mason Black,2023,30000000,prospect,FV 50
696131,30171,Mason Black,2024,15000000,prospect,FV 45
696131,30171,Mason Black,2025,7000000,prospect,FV 40
696131,30171,Mason Black,2026,6766667,mlb_surplus,Trade Value
696136,30094,Jordan Wicks,2022,30000000,prospect,FV 50
696136,30094,Jordan Wicks,2023,30000000,prospect,FV 50
696136,30094,Jordan Wicks,2024,30000000,prospect,FV 50
696136,30094,Jordan Wicks,2025,71158041,mlb_surplus,1.5 WAR
696136,30094,Jordan Wicks,2026,27400000,mlb_surplus,Trade Value
696147,29754,Sam Bachman,2022,30000000,prospect,FV 50
696147,29754,Sam Bachman,2023,30000000,prospect,FV 50
696147,29754,Sam Bachman,2026,22429314,mlb_surplus,0.9 WAR
696149,29868,Bubba Chandler,2022,15000000,prospect,FV 45
696149,29868,Bubba Chandler,2023,30000000,prospect,FV 50
696149,29868,Bubba Chandler,2024,72474747,prospect,"FV 60, #93"
696149,29868,Bubba Chandler,2025,100404040,prospect,"FV 60, #14"
696149,29868,Bubba Chandler,2026,98061279,mlb_surplus,Trade Value
696270,35325,Ryan Johnson,2025,51010101,prospect,"FV 55, #96"
696270,35325,Ryan Johnson,2026,48629630,mlb_surplus,Trade Value
696285,29931,Jacob Young,2024,344228386,mlb_surplus,2.7 WAR
696285,29931,Jacob Young,2025,469182674,mlb_surplus,1.7 WAR
696285,29931,Jacob Young,2026,69917206,mlb_surplus,2.2 WAR
697812,30016,Joe Rock,2022,15000000,prospect,FV 45
697812,30016,Joe Rock,2023,15000000,prospect,FV 45
697812,30016,Joe Rock,2024,7000000,prospect,FV 40
697812,30016,Joe Rock,2026,6930000,mlb_surplus,Trade Value
699134,29107,Bradgley Rodriguez,2025,15000000,prospect,FV 45
699134,29107,Bradgley Rodriguez,2026,14650000,mlb_surplus,Trade Value
699625,31354,Jimmy Crooks,2023,15000000,prospect,FV 45
699625,31354,Jimmy Crooks,2024,15000000,prospect,FV 45
699625,31354,Jimmy Crooks,2025,30000000,prospect,FV 50
699625,31354,Jimmy Crooks,2026,28500000,mlb_surplus,Trade Value
700187,31883,Troy Taylor,2024,7000000,prospect,FV 40
700187,31883,Troy Taylor,2025,26491353,mlb_surplus,0.7 WAR
700187,31883,Troy Taylor,2026,6323333,mlb_surplus,Trade Value
700241,29869,Michael McGreevy,2022,30000000,prospect,FV 50
700241,29869,Michael McGreevy,2023,15000000,prospect,FV 45
700241,29869,Michael McGreevy,2024,15000000,prospect,FV 45
700241,29869,Michael McGreevy,2026,41904319,mlb_surplus,2.2 WAR
700242,29575,Trey Sweeney,2022,30000000,prospect,FV 50
700242,29575,Trey Sweeney,2023,15000000,prospect,FV 45
700242,29575,Trey Sweeney,2024,7000000,prospect,FV 40
700242,29575,Trey Sweeney,2025,291764283,mlb_surplus,1.5 WAR
700242,29575,Trey Sweeney,2026,10870428,mlb_surplus,0.2 WAR
700246,30038,Carson Williams,2022,50000000,prospect,FV 55
700246,30038,Carson Williams,2023,57070707,prospect,"FV 55, #72"
700246,30038,Carson Williams,2024,98282828,prospect,"FV 60, #20"
700246,30038,Carson Williams,2025,62626263,prospect,"FV 55, #50"
700246,30038,Carson Williams,2026,55946128,mlb_surplus,Trade Value
700249,30055,Cade Povich,2023,15000000,prospect,FV 45
700249,30055,Cade Povich,2024,30000000,prospect,FV 50
700249,30055,Cade Povich,2025,359123400,mlb_surplus,2.0 WAR
700249,30055,Cade Povich,2026,77734494,mlb_surplus,2.2 WAR
700250,29576,Ben Rice,2024,15000000,prospect,FV 45
700250,29576,Ben Rice,2025,224560580,mlb_surplus,3.3 WAR
700250,29576,Ben Rice,2026,70109487,mlb_surplus,3.1 WAR
700270,29271,Yilber Díaz,2023,15000000,prospect,FV 45
700270,29271,Yilber Díaz,2024,30000000,prospect,FV 50
700270,29271,Yilber Díaz,2026,29200000,mlb_surplus,Trade Value
700337,28022,Edgar Quero,2022,30000000,prospect,FV 50
700337,28022,Edgar Quero,2023,50000000,prospect,FV 55
700337,28022,Edgar Quero,2024,50000000,prospect,FV 55
700337,28022,Edgar Quero,2026,35106416,mlb_surplus,0.3 WAR
700363,29960,AJ Smith-Shawver,2022,15000000,prospect,FV 45
700363,29960,AJ Smith-Shawver,2023,50000000,prospect,FV 55
700363,29960,AJ Smith-Shawver,2024,57828283,prospect,"FV 55, #69"
700363,29960,AJ Smith-Shawver,2026,54744108,mlb_surplus,Trade Value
700669,29519,Gordon Graceffo,2022,50000000,prospect,FV 55
700669,29519,Gordon Graceffo,2023,33181818,prospect,"FV 50, #79"
700669,29519,Gordon Graceffo,2024,15000000,prospect,FV 45
700669,29519,Gordon Graceffo,2026,17033586,mlb_surplus,0.9 WAR
700932,29794,Kyle Manzardo,2022,30000000,prospect,FV 50
700932,29794,Kyle Manzardo,2023,56818182,prospect,"FV 55, #73"
700932,29794,Kyle Manzardo,2024,60353535,prospect,"FV 55, #59"
700932,29794,Kyle Manzardo,2025,14946379,mlb_surplus,1.2 WAR
700932,29794,Kyle Manzardo,2026,21123737,mlb_surplus,Trade Value
701305,31562,Zach Dezenzo,2024,15000000,prospect,FV 45
701305,31562,Zach Dezenzo,2026,12350000,mlb_surplus,Trade Value
701350,31812,Roman Anthony,2023,50000000,prospect,FV 55
701350,31812,Roman Anthony,2024,96868687,prospect,"FV 60, #24"
701350,31812,Roman Anthony,2026,122371043,mlb_surplus,4.1 WAR
701358,35108,Cam Smith,2026,49545879,mlb_surplus,0.9 WAR
701398,31505,Sal Stewart,2023,30000000,prospect,FV 50
701398,31505,Sal Stewart,2024,50000000,prospect,FV 55
701398,31505,Sal Stewart,2025,67424242,prospect,"FV 55, #31"
701398,31505,Sal Stewart,2026,63378788,mlb_surplus,Trade Value
701487,30179,Pierson Ohl,2026,0,mlb_surplus,Trade Value
701519,30180,Travis Adams,2026,18170689,mlb_surplus,0.6 WAR
701538,29490,Jackson Merrill,2022,50000000,prospect,FV 55
701538,29490,Jackson Merrill,2023,98636364,prospect,"FV 60, #19"
701538,29490,Jackson Merrill,2024,101111111,prospect,"FV 60, #12"
701538,29490,Jackson Merrill,2025,1319492129,mlb_surplus,6.8 WAR
701538,29490,Jackson Merrill,2026,767463946,mlb_surplus,6.2 WAR
701542,30182,Will Warren,2023,30000000,prospect,FV 50
701542,30182,Will Warren,2024,30000000,prospect,FV 50
701542,30182,Will Warren,2026,88502698,mlb_surplus,2.4 WAR
701552,29542,Andre Granillo,2023,7000000,prospect,FV 40
701552,29542,Andre Granillo,2024,7000000,prospect,FV 40
701552,29542,Andre Granillo,2026,6673333,mlb_surplus,Trade Value
701581,30056,David Festa,2023,15000000,prospect,FV 45
701581,30056,David Festa,2024,50000000,prospect,FV 55
701581,30056,David Festa,2025,427703118,mlb_surplus,2.7 WAR
701581,30056,David Festa,2026,79618917,mlb_surplus,2.6 WAR
701656,31475,Logan Henderson,2022,7000000,prospect,FV 40
701656,31475,Logan Henderson,2023,15000000,prospect,FV 45
701656,31475,Logan Henderson,2024,15000000,prospect,FV 45
701656,31475,Logan Henderson,2025,50000000,prospect,FV 55
701656,31475,Logan Henderson,2026,49166667,mlb_surplus,Trade Value
701675,31357,Nathan Church,2025,15000000,prospect,FV 45
701675,31357,Nathan Church,2026,13650000,mlb_surplus,Trade Value
701762,35110,Nick Kurtz,2026,130927967,mlb_surplus,3.1 WAR
702056,35456,Trey Yesavage,2025,68686869,prospect,"FV 55, #26"
702056,35456,Trey Yesavage,2026,68000000,mlb_surplus,Trade Value
702070,30184,Noah Cameron,2023,7000000,prospect,FV 40
702070,30184,Noah Cameron,2024,15000000,prospect,FV 45
702070,30184,Noah Cameron,2026,39141106,mlb_surplus,1.8 WAR
702176,31564,Alan Roden,2024,15000000,prospect,FV 45
702176,31564,Alan Roden,2026,12250000,mlb_surplus,Trade Value
702284,31680,Cole Young,2023,50000000,prospect,FV 55
702284,31680,Cole Young,2024,65909091,prospect,"FV 55, #37"
702284,31680,Cole Young,2026,79215833,mlb_surplus,1.5 WAR
702332,29646,Caleb Durbin,2026,52155892,mlb_surplus,1.5 WAR
702352,30226,Spencer Bivens,2025,82373267,mlb_surplus,0.6 WAR
702352,30226,Spencer Bivens,2026,13371521,mlb_surplus,0.7 WAR
702616,31781,Jackson Holliday,2023,173333333,prospect,"FV 70, #12"
702616,31781,Jackson Holliday,2024,135000000,prospect,"FV 65, #1"
702616,31781,Jackson Holliday,2025,642494174,mlb_surplus,1.2 WAR
702616,31781,Jackson Holliday,2026,129873422,mlb_surplus,2.6 WAR
702674,31508,Caden Dana,2023,15000000,prospect,FV 45
702674,31508,Caden Dana,2024,50000000,prospect,FV 55
702674,31508,Caden Dana,2026,48333333,mlb_surplus,Trade Value
702752,33980,Jonathan Pintaro,2025,7000000,prospect,FV 40
702752,33980,Jonathan Pintaro,2026,6976667,mlb_surplus,Trade Value
702795,29521,Ryan Loutos,2023,7000000,prospect,FV 40
702795,29521,Ryan Loutos,2026,6650000,mlb_surplus,Trade Value
800048,31986,Parker Messick,2023,15000000,prospect,FV 45
800048,31986,Parker Messick,2024,15000000,prospect,FV 45
800048,31986,Parker Messick,2025,15000000,prospect,FV 45
800048,31986,Parker Messick,2026,14650000,mlb_surplus,Trade Value
800049,31900,Adam Mazur,2023,30000000,prospect,FV 50
800049,31900,Adam Mazur,2024,15000000,prospect,FV 45
800049,31900,Adam Mazur,2026,14300000,mlb_surplus,Trade Value
800311,30661,Didier Fuentes,2025,15000000,prospect,FV 45
800311,30661,Didier Fuentes,2026,14800000,mlb_surplus,Trade Value
801139,35466,Payton Tolle,2025,68181818,prospect,"FV 55, #28"
801139,35466,Payton Tolle,2026,66590909,mlb_surplus,Trade Value
801403,33482,Chase Dollander,2024,62121212,prospect,"FV 55, #52"
801403,33482,Chase Dollander,2026,85507440,mlb_surplus,2.4 WAR
801434,31571,Paul Gervase,2026,0,mlb_surplus,Trade Value
802415,31912,Chandler Simpson,2023,15000000,prospect,FV 45
802415,31912,Chandler Simpson,2024,30000000,prospect,FV 50
802415,31912,Chandler Simpson,2026,19100000,mlb_surplus,0.5 WAR
802419,31989,Thomas Harrington,2023,30000000,prospect,FV 50
802419,31989,Thomas Harrington,2024,50000000,prospect,FV 55
802419,31989,Thomas Harrington,2025,15000000,prospect,FV 45
802419,31989,Thomas Harrington,2026,14850000,mlb_surplus,Trade Value
802686,31913,Hayden Harris,2025,7000000,prospect,FV 40
802686,31913,Hayden Harris,2026,6930000,mlb_surplus,Trade Value
804636,32157,Jonah Tong,2025,63636364,prospect,"FV 55, #46"
804636,32157,Jonah Tong,2026,62575758,mlb_surplus,Trade Value
804668,31991,Rafael Flores,2025,15000000,prospect,FV 45
804668,31991,Rafael Flores Jr.,2026,14650000,mlb_surplus,Trade Value
805123,31764,AJ Blubaugh,2024,15000000,prospect,FV 45
805123,31764,AJ Blubaugh,2025,15000000,prospect,FV 45
805123,31764,AJ Blubaugh,2026,14450000,mlb_surplus,Trade Value
805249,31792,Otto Kemp,2026,6717969,mlb_surplus,0.2 WAR
805299,33568,Brandyn Garcia,2025,7000000,prospect,FV 40
805299,33568,Brandyn Garcia,2026,6673333,mlb_surplus,Trade Value
805300,31370,Jakob Marsee,2023,15000000,prospect,FV 45
805300,31370,Jakob Marsee,2024,7000000,prospect,FV 40
805300,31370,Jakob Marsee,2026,50696723,mlb_surplus,4.6 WAR
805367,31580,Chase Meidroth,2023,7000000,prospect,FV 40
805367,31580,Chase Meidroth,2024,15000000,prospect,FV 45
805367,31580,Chase Meidroth,2026,60290725,mlb_surplus,2.3 WAR
805373,31765,Nacho Alvarez Jr.,2023,15000000,prospect,FV 45
805373,31765,Nacho Alvarez Jr.,2024,30000000,prospect,FV 50
805373,31765,Nacho Alvarez Jr.,2026,25192380,mlb_surplus,Trade Value
805427,32026,Drew Sommers,2026,0,mlb_surplus,Trade Value
805673,31827,Zebby Matthews,2024,50000000,prospect,FV 55
805673,31827,Zebby Matthews,2026,64195167,mlb_surplus,2.0 WAR
805779,33266,Jacob Wilson,2024,58080808,prospect,"FV 55, #68"
805779,33266,Jacob Wilson,2025,186293254,mlb_surplus,3.5 WAR
805779,33266,Jacob Wilson,2026,51398621,mlb_surplus,1.7 WAR
805811,33390,Bryce Eldridge,2024,51010101,prospect,"FV 55, #96"
805811,33390,Bryce Eldridge,2025,101111111,prospect,"FV 60, #12"
805811,33390,Bryce Eldridge,2026,97740741,mlb_surplus,Trade Value
805904,31583,Zach Cole,2024,15000000,prospect,FV 45
805904,31583,Zach Cole,2025,7000000,prospect,FV 40
805904,31583,Zach Cole,2026,6650000,mlb_surplus,Trade Value
806185,31635,Hayden Birdsong,2023,15000000,prospect,FV 45
806185,31635,Hayden Birdsong,2024,50000000,prospect,FV 55
806185,31635,Hayden Birdsong,2025,158142945,mlb_surplus,0.9 WAR
806185,31635,Hayden Birdsong,2026,44169399,mlb_surplus,0.7 WAR
806188,31815,Cade Gibson,2026,29263729,mlb_surplus,0.9 WAR
806960,32227,Luis Morales,2023,30000000,prospect,FV 50
806960,32227,Luis Morales,2024,30000000,prospect,FV 50
806960,32227,Luis Morales,2026,42836988,mlb_surplus,2.0 WAR
807712,33321,Luke Keaschall,2024,50000000,prospect,FV 55
807712,33321,Luke Keaschall,2026,66309305,mlb_surplus,3.1 WAR
807713,33322,Matt Shaw,2024,61616162,prospect,"FV 55, #54"
807713,33322,Matt Shaw,2026,75269232,mlb_surplus,1.6 WAR
807799,31837,Masataka Yoshida,2024,-61794469,mlb_surplus,0.9 WAR
807799,31837,Masataka Yoshida,2025,-53051881,mlb_surplus,0.2 WAR
807799,31837,Masataka Yoshida,2026,-37200000,mlb_surplus,Trade Value
808967,33825,Yoshinobu Yamamoto,2025,314903818,mlb_surplus,5.0 WAR
808967,33825,Yoshinobu Yamamoto,2026,82598416,mlb_surplus,3.7 WAR
808975,35322,Hyeseong Kim,2026,-8166667,mlb_surplus,Trade Value
808982,33824,Jung Hoo Lee,2025,221153013,mlb_surplus,2.4 WAR
808982,33824,Jung Hoo Lee,2026,14204218,mlb_surplus,2.5 WAR
810938,33197,Ben Williamson,2024,15000000,prospect,FV 45
810938,33197,Ben Williamson,2026,10750000,mlb_surplus,Trade Value
813349,33666,Connelly Early,2025,30000000,prospect,FV 50
813349,33666,Connelly Early,2026,29600000,mlb_surplus,Trade Value
814005,33168,Jake Bloss,2024,30000000,prospect,FV 50
814005,33168,Jake Bloss,2025,15000000,prospect,FV 45
814005,33168,Jake Bloss,2026,14850000,mlb_surplus,Trade Value
815083,33628,Mitch Farris,2026,0,mlb_surplus,Trade Value
820862,33908,Jose Fermin,2026,8718406,mlb_surplus,0.7 WAR
