mlbam_id,player_name,team_id,team_name,jersey_number,position_code,position_name,position_type,status,roster_type,last_updated,fg_id,first_name,last_name,mapped_name
642851,Austin Wynns,133,Athletics,29,2,Catcher,Catcher,A,40-man,2026-01-28 14:55:21,15271.0,Robert,Wynns,Robert Wynns
804556,Braden Nett,133,Athletics,,1,Pitcher,Pitcher,A,40-man,2026-01-28 14:55:21,,Braden,Nett,Braden Nett
669620,Brady Basso,133,Athletics,66,1,Pitcher,Pitcher,A,40-man,2026-01-28 14:55:21,25582.0,Brady,Basso,Brady Basso
667670,Brent Rooker,133,Athletics,25,9,Outfielder,Outfielder,A,40-man,2026-01-28 14:55:21,19627.0,Terry,Rooker,Terry Rooker
695391,Brett Harris,133,Athletics,11,5,Third Base,Infielder,A,40-man,2026-01-28 14:55:21,29788.0,Brett,Harris,Brett Harris
666126,Carlos Cortes,133,Athletics,26,7,Outfielder,Outfielder,A,40-man,2026-01-28 14:55:21,21842.0,Carlos,Cortes,Carlos Cortes
800018,Chen Zhong-Ao Zhuang,133,Athletics,,1,Pitcher,Pitcher,A,40-man,2026-01-28 14:55:21,,Chen,Zhuang,Chen Zhuang
687515,Colby Thomas,133,Athletics,32,9,Outfielder,Outfielder,A,40-man,2026-01-28 14:55:21,31855.0,Colby,Thomas,Colby Thomas
687231,Darell Hernaiz,133,Athletics,2,5,Third Base,Infielder,A,40-man,2026-01-28 14:55:21,26224.0,Darell,Hernaiz,Darell Hernaiz
672016,Denzel Clarke,133,Athletics,1,8,Outfielder,Outfielder,A,40-man,2026-01-28 14:55:21,29858.0,Denzel,Clarke,Denzel Clarke
674384,Eduarniel Núñez,133,Athletics,54,1,Pitcher,Pitcher,A,40-man,2026-01-28 14:55:21,23162.0,Eduarniel,Núñez,Eduarniel Núñez
665660,Elvis Alvarado,133,Athletics,61,1,Pitcher,Pitcher,A,40-man,2026-01-28 14:55:21,21662.0,Elvis,Alvarado,Elvis Alvarado
680880,Grant Holman,133,Athletics,67,1,Pitcher,Pitcher,A,40-man,2026-01-28 14:55:21,30002.0,Grant,Holman,Grant Holman
680684,Gunnar Hoglund,133,Athletics,53,1,Pitcher,Pitcher,A,40-man,2026-01-28 14:55:21,31318.0,Gunnar,Hoglund,Gunnar Hoglund
692013,Henry Baez,133,Athletics,,1,Pitcher,Pitcher,A,40-man,2026-01-28 14:55:21,,Henry,Baez,Henry Baez
663687,Hogan Harris,133,Athletics,36,1,Pitcher,Pitcher,A,40-man,2026-01-28 14:55:21,21520.0,Hogan,Harris,Hogan Harris
669372,J.T. Ginn,133,Athletics,70,1,Pitcher,Pitcher,A,40-man,2026-01-28 14:55:21,27889.0,John,Ginn,John Ginn
678022,Jack Perkins,133,Athletics,50,1,Pitcher,Pitcher,A,40-man,2026-01-28 14:55:21,31468.0,Jackson,Perkins,Jackson Perkins
682052,Jacob Lopez,133,Athletics,57,1,Pitcher,Pitcher,A,40-man,2026-01-28 14:55:21,25098.0,Jacob,Lopez,Jacob Lopez
805779,Jacob Wilson,133,Athletics,5,6,Shortstop,Infielder,A,40-man,2026-01-28 14:55:21,33266.0,Jacob,Wilson,Jacob Wilson
643446,Jeff McNeil,133,Athletics,22,4,Second Base,Infielder,A,40-man,2026-01-28 14:55:21,15362.0,Jeffrey,McNeil,Jeffrey McNeil
605488,Jeffrey Springs,133,Athletics,59,1,Pitcher,Pitcher,A,40-man,2026-01-28 14:55:21,17677.0,Jeffrey,Springs,Jeffrey Springs
683155,Joey Estes,133,Athletics,68,1,Pitcher,Pitcher,A,40-man,2026-01-28 14:55:21,26257.0,Joseph,Estes,Joseph Estes
678577,Junior Perez,133,Athletics,,8,Outfielder,Outfielder,A,40-man,2026-01-28 14:55:21,,Junior,Perez,Junior Perez
686993,Justin Sterner,133,Athletics,60,1,Pitcher,Pitcher,A,40-man,2026-01-28 14:55:21,27694.0,Justin,Sterner,Justin Sterner
671732,Lawrence Butler,133,Athletics,4,9,Outfielder,Outfielder,A,40-man,2026-01-28 14:55:21,22542.0,Lawrence,Butler,Lawrence Butler
665622,Luis Medina,133,Athletics,46,1,Pitcher,Pitcher,A,40-man,2026-01-28 14:55:21,21649.0,Luis,Medina,Luis Medina
806960,Luis Morales,133,Athletics,58,1,Pitcher,Pitcher,A,40-man,2026-01-28 14:55:21,32227.0,Luis,Morales,Luis Morales
622663,Luis Severino,133,Athletics,40,1,Pitcher,Pitcher,A,40-man,2026-01-28 14:55:21,15890.0,Luis,Severino,Luis Severino
643410,Mark Leiter Jr.,133,Athletics,,1,Pitcher,Pitcher,A,40-man,2026-01-28 14:55:21,15551.0,Mark,Leiter,Mark Leiter
686930,Mason Barnett,133,Athletics,63,1,Pitcher,Pitcher,A,40-man,2026-01-28 14:55:21,31741.0,Mason,Barnett,Mason Barnett
691777,Max Muncy,133,Athletics,10,5,Third Base,Infielder,A,40-man,2026-01-28 14:55:21,29779.0,Maxwell,Muncy,Maxwell Muncy
680474,Max Schuemann,133,Athletics,12,5,Third Base,Infielder,A,40-man,2026-01-28 14:55:21,24488.0,Maxwell,Schuemann,Maxwell Schuemann
547184,Michael Kelly,133,Athletics,49,1,Pitcher,Pitcher,A,40-man,2026-01-28 14:55:21,12791.0,Michael,Kelly,Michael Kelly
687765,Mitch Spence,133,Athletics,28,1,Pitcher,Pitcher,A,40-man,2026-01-28 14:55:21,27707.0,Mitch,Spence,Mitch Spence
701762,Nick Kurtz,133,Athletics,16,3,First Base,Infielder,A,40-man,2026-01-28 14:55:21,35110.0,Nicholas,Kurtz,Nicholas Kurtz
669127,Shea Langeliers,133,Athletics,23,2,Catcher,Catcher,A,40-man,2026-01-28 14:55:21,25816.0,Shea,Langeliers,Shea Langeliers
621053,Tyler Ferguson,133,Athletics,44,1,Pitcher,Pitcher,A,40-man,2026-01-28 14:55:21,19481.0,Tyler,Ferguson,Tyler Ferguson
691016,Tyler Soderstrom,133,Athletics,21,7,Outfielder,Outfielder,A,40-man,2026-01-28 14:55:21,27467.0,Tyler,Soderstrom,Tyler Soderstrom
680869,Zack Gelof,133,Athletics,20,4,Second Base,Infielder,A,40-man,2026-01-28 14:55:21,29766.0,Zachary,Gelof,Zachary Gelof
699008,Antwone Kelly,134,Pittsburgh Pirates,89,1,Pitcher,Pitcher,A,40-man,2026-01-28 14:55:21,,Antwone,Kelly,Antwone Kelly
695257,Billy Cook,134,Pittsburgh Pirates,25,O,Outfield,Outfielder,A,40-man,2026-01-28 14:55:21,29573.0,William,Cook,William Cook
684049,Brandan Bidois,134,Pittsburgh Pirates,77,1,Pitcher,Pitcher,A,40-man,2026-01-28 14:55:21,,Brandan,Bidois,Brandan Bidois
664040,Brandon Lowe,134,Pittsburgh Pirates,,4,Second Base,Infielder,A,40-man,2026-01-28 14:55:21,18882.0,Brandon,Lowe,Brandon Lowe
677952,Braxton Ashcraft,134,Pittsburgh Pirates,67,1,Pitcher,Pitcher,A,40-man,2026-01-28 14:55:21,23793.0,Braxton,Ashcraft,Braxton Ashcraft
668804,Bryan Reynolds,134,Pittsburgh Pirates,10,9,Outfielder,Outfielder,A,40-man,2026-01-28 14:55:21,19326.0,Bryan,Reynolds,Bryan Reynolds
696149,Bubba Chandler,134,Pittsburgh Pirates,57,1,Pitcher,Pitcher,A,40-man,2026-01-28 14:55:21,29868.0,Roy,Chandler,Roy Chandler
676742,Cam Sanders,134,Pittsburgh Pirates,64,1,Pitcher,Pitcher,A,40-man,2026-01-28 14:55:21,23479.0,Cam,Sanders,Cam Sanders
669387,Carmen Mlodzinski,134,Pittsburgh Pirates,50,1,Pitcher,Pitcher,A,40-man,2026-01-28 14:55:21,27572.0,Carmen,Mlodzinski,Carmen Mlodzinski
642701,Dennis Santana,134,Pittsburgh Pirates,60,1,Pitcher,Pitcher,A,40-man,2026-01-28 14:55:21,17878.0,Dennis,Santana,Dennis Santana
682848,Endy Rodríguez,134,Pittsburgh Pirates,5,3,First Base,Infielder,A,40-man,2026-01-28 14:55:21,25332.0,Endy,Rodríguez,Endy Rodríguez
665839,Enmanuel Valdez,134,Pittsburgh Pirates,47,3,First Base,Infielder,A,40-man,2026-01-28 14:55:21,21716.0,Enmanuel,Valdez,Enmanuel Valdez
699013,Esmerlyn Valdez,134,Pittsburgh Pirates,85,O,Outfield,Outfielder,A,40-man,2026-01-28 14:55:21,,Esmerlyn,Valdez,Esmerlyn Valdez
681895,Evan Sisk,134,Pittsburgh Pirates,48,1,Pitcher,Pitcher,A,40-man,2026-01-28 14:55:21,24995.0,Samuel,Sisk,Samuel Sisk
642397,Gregory Soto,134,Pittsburgh Pirates,31,1,Pitcher,Pitcher,A,40-man,2026-01-28 14:55:21,19677.0,Gregory,Soto,Gregory Soto
680779,Henry Davis,134,Pittsburgh Pirates,32,2,Catcher,Catcher,A,40-man,2026-01-28 14:55:21,29617.0,Henry,Davis,Henry Davis
682995,Hunter Barco,134,Pittsburgh Pirates,45,1,Pitcher,Pitcher,A,40-man,2026-01-28 14:55:21,33174.0,Hunter,Barco,Hunter Barco
676755,Isaac Mattson,134,Pittsburgh Pirates,72,1,Pitcher,Pitcher,A,40-man,2026-01-28 14:55:21,20385.0,Isaac,Mattson,Isaac Mattson
687394,Jack Brannigan,134,Pittsburgh Pirates,,6,Shortstop,Infielder,A,40-man,2026-01-28 14:55:21,,Jack,Brannigan,Jack Brannigan
669261,Jack Suwinski,134,Pittsburgh Pirates,65,9,Outfielder,Outfielder,A,40-man,2026-01-28 14:55:21,22244.0,Jack,Suwinski,Jack Suwinski
663968,Jake Mangum,134,Pittsburgh Pirates,,7,Outfielder,Outfielder,A,40-man,2026-01-28 14:55:21,26202.0,Jake,Mangum,Jake Mangum
683003,Jared Jones,134,Pittsburgh Pirates,37,1,Pitcher,Pitcher,A,40-man,2026-01-28 14:55:21,27863.0,Jared,Jones,Jared Jones
669707,Jared Triolo,134,Pittsburgh Pirates,19,6,Shortstop,Infielder,A,40-man,2026-01-28 14:55:21,25807.0,Jared,Triolo,Jared Triolo
691373,Jhostynxon Garcia,134,Pittsburgh Pirates,34,8,Outfielder,Outfielder,A,40-man,2026-01-28 14:55:21,28142.0,Jhostynxon,Garcia,Jhostynxon Garcia
663698,Joey Bart,134,Pittsburgh Pirates,14,2,Catcher,Catcher,A,40-man,2026-01-28 14:55:21,21524.0,Joseph,Bart,Joseph Bart
664875,Justin Lawrence,134,Pittsburgh Pirates,61,1,Pitcher,Pitcher,A,40-man,2026-01-28 14:55:21,17639.0,Justin,Lawrence,Justin Lawrence
693312,Kyle Nicolas,134,Pittsburgh Pirates,66,1,Pitcher,Pitcher,A,40-man,2026-01-28 14:55:21,27775.0,Kyle,Nicolas,Kyle Nicolas
682254,Mason Montgomery,134,Pittsburgh Pirates,,1,Pitcher,Pitcher,A,40-man,2026-01-28 14:55:21,29770.0,Mason,Montgomery,Mason Montgomery
656605,Mitch Keller,134,Pittsburgh Pirates,23,1,Pitcher,Pitcher,A,40-man,2026-01-28 14:55:21,17594.0,Mitch,Keller,Mitch Keller
693304,Nick Gonzales,134,Pittsburgh Pirates,3,4,Second Base,Infielder,A,40-man,2026-01-28 14:55:21,27490.0,Nicholas,Gonzales,Nicholas Gonzales
694377,Nick Yorke,134,Pittsburgh Pirates,38,4,Second Base,Infielder,A,40-man,2026-01-28 14:55:21,27504.0,Nicholas,Yorke,Nicholas Yorke
665833,Oneil Cruz,134,Pittsburgh Pirates,15,8,Outfielder,Outfielder,A,40-man,2026-01-28 14:55:21,21711.0,Oneil,Cruz,Oneil Cruz
694973,Paul Skenes,134,Pittsburgh Pirates,30,1,Pitcher,Pitcher,A,40-man,2026-01-28 14:55:21,33677.0,Paul,Skenes,Paul Skenes
804668,Rafael Flores Jr.,134,Pittsburgh Pirates,43,2,Catcher,Catcher,A,40-man,2026-01-28 14:55:21,31991.0,Rafael,Flores,Rafael Flores
689877,Ryan Harbin,134,Pittsburgh Pirates,84,1,Pitcher,Pitcher,A,40-man,2026-01-28 14:55:21,,Ryan,Harbin,Ryan Harbin
656811,Ryan O'Hearn,134,Pittsburgh Pirates,29,3,First Base,Infielder,A,40-man,2026-01-28 14:55:21,16442.0,Ryan,O'Hearn,Ryan O'Hearn
687462,Spencer Horwitz,134,Pittsburgh Pirates,2,3,First Base,Infielder,A,40-man,2026-01-28 14:55:21,26477.0,Spencer,Horwitz,Spencer Horwitz
802419,Thomas Harrington,134,Pittsburgh Pirates,78,1,Pitcher,Pitcher,A,40-man,2026-01-28 14:55:21,31989.0,Tom,Harrington,Tom Harrington
696062,Wilber Dotel,134,Pittsburgh Pirates,86,1,Pitcher,Pitcher,A,40-man,2026-01-28 14:55:21,,Wilber,Dotel,Wilber Dotel
670990,Yohan Ramírez,134,Pittsburgh Pirates,49,1,Pitcher,Pitcher,A,40-man,2026-01-28 14:55:21,19444.0,Yohan,Ramírez,Yohan Ramírez
670970,Adrian Morejon,135,San Diego Padres,50,1,Pitcher,Pitcher,A,40-man,2026-01-28 14:55:21,20039.0,Adrian,Morejon,Adrian Morejon
689690,Alek Jacob,135,San Diego Padres,37,1,Pitcher,Pitcher,A,40-man,2026-01-28 14:55:21,29628.0,Alek,Jacob,Alek Jacob
699134,Bradgley Rodriguez,135,San Diego Padres,72,1,Pitcher,Pitcher,A,40-man,2026-01-28 14:55:21,29107.0,Bradgley,Rodriguez,Bradgley Rodriguez
663773,Bryan Hoeing,135,San Diego Padres,78,1,Pitcher,Pitcher,A,40-man,2026-01-28 14:55:21,26304.0,Bryan,Hoeing,Bryan Hoeing
669369,Bryce Johnson,135,San Diego Padres,29,8,Outfielder,Outfielder,A,40-man,2026-01-28 14:55:21,20002.0,Bryce,Johnson,Bryce Johnson
670897,Daison Acosta,135,San Diego Padres,,1,Pitcher,Pitcher,A,40-man,2026-01-28 14:55:21,,Daison,Acosta,Daison Acosta
688158,David Morgan,135,San Diego Padres,66,1,Pitcher,Pitcher,A,40-man,2026-01-28 14:55:21,31616.0,David,Morgan,David Morgan
665487,Fernando Tatis Jr.,135,San Diego Padres,23,9,Outfielder,Outfielder,A,40-man,2026-01-28 14:55:21,19709.0,Fernando,Tatis,Fernando Tatis
666023,Freddy Fermin,135,San Diego Padres,54,2,Catcher,Catcher,A,40-man,2026-01-28 14:55:21,21840.0,Freddy,Fermin,Freddy Fermin
678184,Garrett Hawkins,135,San Diego Padres,,1,Pitcher,Pitcher,A,40-man,2026-01-28 14:55:21,,Garrett,Hawkins,Garrett Hawkins
657757,Gavin Sheets,135,San Diego Padres,30,7,Outfielder,Outfielder,A,40-man,2026-01-28 14:55:21,19901.0,Gavin,Sheets,Gavin Sheets
676664,JP Sears,135,San Diego Padres,38,1,Pitcher,Pitcher,A,40-man,2026-01-28 14:55:21,23429.0,John,Sears,John Sears
701538,Jackson Merrill,135,San Diego Padres,3,8,Outfielder,Outfielder,A,40-man,2026-01-28 14:55:21,29490.0,Jackson,Merrill,Jackson Merrill
630105,Jake Cronenworth,135,San Diego Padres,9,4,Second Base,Infielder,A,40-man,2026-01-28 14:55:21,18036.0,Jacob,Cronenworth,Jacob Cronenworth
592094,Jason Adam,135,San Diego Padres,40,1,Pitcher,Pitcher,A,40-man,2026-01-28 14:55:21,11861.0,Jason,Adam,Jason Adam
669093,Jeremiah Estrada,135,San Diego Padres,56,1,Pitcher,Pitcher,A,40-man,2026-01-28 14:55:21,22210.0,Jeremiah,Estrada,Jeremiah Estrada
666745,Jhony Brito,135,San Diego Padres,76,1,Pitcher,Pitcher,A,40-man,2026-01-28 14:55:21,25386.0,Jhony,Brito,Jhony Brito
605397,Joe Musgrove,135,San Diego Padres,44,1,Pitcher,Pitcher,A,40-man,2026-01-28 14:55:21,12970.0,Joseph,Musgrove,Joseph Musgrove
606996,Kyle Hart,135,San Diego Padres,68,1,Pitcher,Pitcher,A,40-man,2026-01-28 14:55:21,19646.0,Kyle,Hart,Kyle Hart
669134,Luis Campusano,135,San Diego Padres,12,2,Catcher,Catcher,A,40-man,2026-01-28 14:55:21,22217.0,Luis,Campusano,Luis Campusano
592518,Manny Machado,135,San Diego Padres,13,5,Third Base,Infielder,A,40-man,2026-01-28 14:55:21,11493.0,Manuel,Machado,Manuel Machado
669200,Mason McCoy,135,San Diego Padres,18,4,Second Base,Infielder,A,40-man,2026-01-28 14:55:21,22232.0,Mason,McCoy,Mason McCoy
695243,Mason Miller,135,San Diego Padres,22,1,Pitcher,Pitcher,A,40-man,2026-01-28 14:55:21,31757.0,Mason,Miller,Mason Miller
663362,Matt Waldron,135,San Diego Padres,61,1,Pitcher,Pitcher,A,40-man,2026-01-28 14:55:21,25550.0,Matthew,Waldron,Matthew Waldron
650633,Michael King,135,San Diego Padres,34,1,Pitcher,Pitcher,A,40-man,2026-01-28 14:55:21,19853.0,Michael,King,Michael King
700280,Miguel Mendez,135,San Diego Padres,,1,Pitcher,Pitcher,A,40-man,2026-01-28 14:55:21,,Miguel,Mendez,Miguel Mendez
601713,Nick Pivetta,135,San Diego Padres,27,1,Pitcher,Pitcher,A,40-man,2026-01-28 14:55:21,15454.0,Nicholas,Pivetta,Nicholas Pivetta
657656,Ramón Laureano,135,San Diego Padres,5,9,Outfielder,Outfielder,A,40-man,2026-01-28 14:55:21,17128.0,Ramón,Laureano,Ramón Laureano
681190,Randy Vásquez,135,San Diego Padres,98,1,Pitcher,Pitcher,A,40-man,2026-01-28 14:55:21,24719.0,Randy,Vásquez,Randy Vásquez
676760,Ron Marinaccio,135,San Diego Padres,97,1,Pitcher,Pitcher,A,40-man,2026-01-28 14:55:21,23488.0,Ronald,Marinaccio,Ronald Marinaccio
823550,Sung-Mun Song,135,San Diego Padres,,5,Third Base,Infielder,A,40-man,2026-01-28 14:55:21,,Sung-Mun,Song,Sung-Mun Song
672359,Tirso Ornelas,135,San Diego Padres,21,7,Outfielder,Outfielder,A,40-man,2026-01-28 14:55:21,22566.0,Tirso,Ornelas,Tirso Ornelas
686654,Ty Adcock,135,San Diego Padres,,1,Pitcher,Pitcher,A,40-man,2026-01-28 14:55:21,25651.0,Tyler,Adcock,Tyler Adcock
593974,Wandy Peralta,135,San Diego Padres,58,1,Pitcher,Pitcher,A,40-man,2026-01-28 14:55:21,14295.0,Wandy,Peralta,Wandy Peralta
695238,Will Wagner,135,San Diego Padres,24,5,Third Base,Infielder,A,40-man,2026-01-28 14:55:21,29634.0,William,Wagner,William Wagner
593428,Xander Bogaerts,135,San Diego Padres,2,6,Shortstop,Infielder,A,40-man,2026-01-28 14:55:21,12161.0,Xander,Bogaerts,Xander Bogaerts
506433,Yu Darvish,135,San Diego Padres,11,1,Pitcher,Pitcher,A,40-man,2026-01-28 14:55:21,13074.0,Yu,Darvish,Yu Darvish
673513,Yuki Matsui,135,San Diego Padres,1,1,Pitcher,Pitcher,A,40-man,2026-01-28 14:55:21,33826.0,Yuki,Matsui,Yuki Matsui
695380,Alex Hoppe,136,Seattle Mariners,48,1,Pitcher,Pitcher,A,40-man,2026-01-28 14:55:21,,Alex,Hoppe,Alex Hoppe
662253,Andrés Muñoz,136,Seattle Mariners,75,1,Pitcher,Pitcher,A,40-man,2026-01-28 14:55:21,20373.0,Andrés,Muñoz,Andrés Muñoz
668800,Andrew Knizner,136,Seattle Mariners,25,2,Catcher,Catcher,A,40-man,2026-01-28 14:55:21,19514.0,Andrew,Knizner,Andrew Knizner
810938,Ben Williamson,136,Seattle Mariners,9,5,Third Base,Infielder,A,40-man,2026-01-28 14:55:21,33197.0,Benjamin,Williamson,Benjamin Williamson
680604,Blas Castaño,136,Seattle Mariners,62,1,Pitcher,Pitcher,A,40-man,2026-01-28 14:55:21,26117.0,Blas,Castano,Blas Castano
693433,Bryan Woo,136,Seattle Mariners,22,1,Pitcher,Pitcher,A,40-man,2026-01-28 14:55:21,30279.0,Bryan,Woo,Bryan Woo
682243,Bryce Miller,136,Seattle Mariners,50,1,Pitcher,Pitcher,A,40-man,2026-01-28 14:55:21,29837.0,Bryce,Miller,Bryce Miller
663728,Cal Raleigh,136,Seattle Mariners,29,2,Catcher,Catcher,A,40-man,2026-01-28 14:55:21,21534.0,Caleb,Raleigh,Caleb Raleigh
672841,Carlos Vargas,136,Seattle Mariners,54,1,Pitcher,Pitcher,A,40-man,2026-01-28 14:55:21,22915.0,Carlos ,Vargas,Carlos  Vargas
668984,Casey Legumina,136,Seattle Mariners,64,1,Pitcher,Pitcher,A,40-man,2026-01-28 14:55:21,25921.0,Casey,Legumina,Casey Legumina
677961,Cole Wilcox,136,Seattle Mariners,43,1,Pitcher,Pitcher,A,40-man,2026-01-28 14:55:21,27481.0,Mitchell,Wilcox,Mitchell Wilcox
702284,Cole Young,136,Seattle Mariners,2,4,Second Base,Infielder,A,40-man,2026-01-28 14:55:21,31680.0,Cole,Young,Cole Young
681867,Cooper Criswell,136,Seattle Mariners,,1,Pitcher,Pitcher,A,40-man,2026-01-28 14:55:21,24975.0,Cooper,Criswell,Cooper Criswell
682445,Domingo Gonzalez,136,Seattle Mariners,46,1,Pitcher,Pitcher,A,40-man,2026-01-28 14:55:21,,Domingo,Gonzalez,Domingo Gonzalez
686527,Dominic Canzone,136,Seattle Mariners,8,9,Outfielder,Outfielder,A,40-man,2026-01-28 14:55:21,26438.0,Dominic,Canzone,Dominic Canzone
660825,Eduard Bazardo,136,Seattle Mariners,83,1,Pitcher,Pitcher,A,40-man,2026-01-28 14:55:21,20997.0,Eduard,Bazardo,Eduard Bazardo
676106,Emerson Hancock,136,Seattle Mariners,26,1,Pitcher,Pitcher,A,40-man,2026-01-28 14:55:21,27470.0,Emerson,Hancock,Emerson Hancock
642100,Gabe Speier,136,Seattle Mariners,55,1,Pitcher,Pitcher,A,40-man,2026-01-28 14:55:21,17170.0,Gabriel,Speier,Gabriel Speier
669923,George Kirby,136,Seattle Mariners,68,1,Pitcher,Pitcher,A,40-man,2026-01-28 14:55:21,25436.0,George,Kirby,George Kirby
641487,J.P. Crawford,136,Seattle Mariners,3,6,Shortstop,Infielder,A,40-man,2026-01-28 14:55:21,15491.0,John,Crawford,John Crawford
640902,Jhonny Pereda,136,Seattle Mariners,,2,Catcher,Catcher,A,40-man,2026-01-28 14:55:21,19802.0,Jhonny,Pereda,Jhonny Pereda
678606,Jose A. Ferrer,136,Seattle Mariners,45,1,Pitcher,Pitcher,A,40-man,2026-01-28 14:55:21,24017.0,Jose,Ferrer,Jose Ferrer
647304,Josh Naylor,136,Seattle Mariners,12,3,First Base,Infielder,A,40-man,2026-01-28 14:55:21,18839.0,Joshua-Douglas,Naylor,Joshua-Douglas Naylor
677594,Julio Rodríguez,136,Seattle Mariners,44,8,Outfielder,Outfielder,A,40-man,2026-01-28 14:55:21,23697.0,Julio,Rodríguez,Julio Rodríguez
660844,Leo Rivas,136,Seattle Mariners,76,4,Second Base,Infielder,A,40-man,2026-01-28 14:55:21,21009.0,Leonardo,Rivas,Leonardo Rivas
688138,Logan Evans,136,Seattle Mariners,23,1,Pitcher,Pitcher,A,40-man,2026-01-28 14:55:21,33699.0,Logan,Evans,Logan Evans
669302,Logan Gilbert,136,Seattle Mariners,36,1,Pitcher,Pitcher,A,40-man,2026-01-28 14:55:21,22250.0,Logan,Gilbert,Logan Gilbert
622491,Luis Castillo,136,Seattle Mariners,58,1,Pitcher,Pitcher,A,40-man,2026-01-28 14:55:21,15689.0,Luis,Castillo,Luis Castillo
670042,Luke Raley,136,Seattle Mariners,20,9,Outfielder,Outfielder,A,40-man,2026-01-28 14:55:21,19354.0,Lucas,Raley,Lucas Raley
666374,Matt Brash,136,Seattle Mariners,47,1,Pitcher,Pitcher,A,40-man,2026-01-28 14:55:21,25756.0,Matthew,Brash,Matthew Brash
670156,Miles Mastrobuoni,136,Seattle Mariners,21,5,Third Base,Infielder,A,40-man,2026-01-28 14:55:21,20017.0,Miles,Mastrobuoni,Miles Mastrobuoni
668227,Randy Arozarena,136,Seattle Mariners,56,7,Outfielder,Outfielder,A,40-man,2026-01-28 14:55:21,19290.0,Randy,Arozarena,Randy Arozarena
689041,Rhylan Thomas,136,Seattle Mariners,31,7,Outfielder,Outfielder,A,40-man,2026-01-28 14:55:21,31793.0,Rhylan,Thomas,Rhylan Thomas
608701,Rob Refsnyder,136,Seattle Mariners,30,9,Outfielder,Outfielder,A,40-man,2026-01-28 14:55:21,13770.0,Robert,Refsnyder,Robert Refsnyder
673662,Robinson Ortiz,136,Seattle Mariners,49,1,Pitcher,Pitcher,A,40-man,2026-01-28 14:55:21,,Robinson,Ortiz,Robinson Ortiz
669208,Ryan Bliss,136,Seattle Mariners,1,4,Second Base,Infielder,A,40-man,2026-01-28 14:55:21,29547.0,Ryan,Bliss,Ryan Bliss
702795,Ryan Loutos,136,Seattle Mariners,52,1,Pitcher,Pitcher,A,40-man,2026-01-28 14:55:21,29521.0,Ryan,Loutos,Ryan Loutos
700187,Troy Taylor,136,Seattle Mariners,59,1,Pitcher,Pitcher,A,40-man,2026-01-28 14:55:21,31883.0,Troy,Taylor,Troy Taylor
645302,Victor Robles,136,Seattle Mariners,10,9,Outfielder,Outfielder,A,40-man,2026-01-28 14:55:21,18363.0,Victor,Robles,Victor Robles
691172,Yosver Zulueta,136,Seattle Mariners,,1,Pitcher,Pitcher,A,40-man,2026-01-28 14:55:21,27765.0,Yosver,Zulueta,Yosver Zulueta
605288,Adrian Houser,137,San Francisco Giants,12,1,Pitcher,Pitcher,A,40-man,2026-01-28 14:55:21,12718.0,Adrian,Houser,Adrian Houser
694918,Blade Tidwell,137,San Francisco Giants,,1,Pitcher,Pitcher,A,40-man,2026-01-28 14:55:21,31701.0,Janzen,Tidwell,Janzen Tidwell
805811,Bryce Eldridge,137,San Francisco Giants,8,3,First Base,Infielder,A,40-man,2026-01-28 14:55:21,33390.0,Bryson,Eldridge,Bryson Eldridge
693313,Carson Seymour,137,San Francisco Giants,77,1,Pitcher,Pitcher,A,40-man,2026-01-28 14:55:21,30084.0,Carson,Seymour,Carson Seymour
687931,Carson Whisenhunt,137,San Francisco Giants,88,1,Pitcher,Pitcher,A,40-man,2026-01-28 14:55:21,31676.0,Carson,Whisenhunt,Carson Whisenhunt
669477,Casey Schmitt,137,San Francisco Giants,10,5,Third Base,Infielder,A,40-man,2026-01-28 14:55:21,27577.0,Casey,Schmitt,Casey Schmitt
683766,Christian Koss,137,San Francisco Giants,50,4,Second Base,Infielder,A,40-man,2026-01-28 14:55:21,27653.0,Christian,Koss,Christian Koss
691740,Daniel Susac,137,San Francisco Giants,,2,Catcher,Catcher,A,40-man,2026-01-28 14:55:21,,Daniel,Susac,Daniel Susac
687551,Drew Gilbert,137,San Francisco Giants,1,8,Outfielder,Outfielder,A,40-man,2026-01-28 14:55:21,31545.0,Andrew,Gilbert,Andrew Gilbert
669062,Erik Miller,137,San Francisco Giants,68,1,Pitcher,Pitcher,A,40-man,2026-01-28 14:55:21,26252.0,Erik,Miller,Erik Miller
687529,Grant McCray,137,San Francisco Giants,58,8,Outfielder,Outfielder,A,40-man,2026-01-28 14:55:21,25690.0,Grant,McCray,Grant McCray
806185,Hayden Birdsong,137,San Francisco Giants,60,1,Pitcher,Pitcher,A,40-man,2026-01-28 14:55:21,31635.0,Hayden,Birdsong,Hayden Birdsong
671218,Heliot Ramos,137,San Francisco Giants,17,7,Outfielder,Outfielder,A,40-man,2026-01-28 14:55:21,22515.0,Heliot,Ramos,Heliot Ramos
664141,JT Brubaker,137,San Francisco Giants,34,1,Pitcher,Pitcher,A,40-man,2026-01-28 14:55:21,17578.0,Jonathan,Brubaker,Jonathan Brubaker
671345,Jason Foley,137,San Francisco Giants,64,1,Pitcher,Pitcher,A,40-man,2026-01-28 14:55:21,19531.0,Jason,Foley,Jason Foley
666464,Jerar Encarnacion,137,San Francisco Giants,19,9,Outfielder,Outfielder,A,40-man,2026-01-28 14:55:21,21871.0,Jerar,Encarnacion,Jerar Encarnacion
683679,Jesus Rodriguez,137,San Francisco Giants,,2,Catcher,Catcher,A,40-man,2026-01-28 14:55:21,,Jesus,Rodriguez,Jesus Rodriguez
666711,Joel Peguero,137,San Francisco Giants,63,1,Pitcher,Pitcher,A,40-man,2026-01-28 14:55:21,21951.0,Joel,Peguero,Joel Peguero
676130,José Buttó,137,San Francisco Giants,70,1,Pitcher,Pitcher,A,40-man,2026-01-28 14:55:21,23313.0,José,Buttó,José Buttó
808982,Jung Hoo Lee,137,San Francisco Giants,51,8,Outfielder,Outfielder,A,40-man,2026-01-28 14:55:21,33824.0,Jung Hoo,Lee,Jung Hoo Lee
678906,Kai-Wei Teng,137,San Francisco Giants,66,1,Pitcher,Pitcher,A,40-man,2026-01-28 14:55:21,24282.0,Kai-Wei,Teng,Kai-Wei Teng
676775,Keaton Winn,137,San Francisco Giants,67,1,Pitcher,Pitcher,A,40-man,2026-01-28 14:55:21,23499.0,Keaton,Winn,Keaton Winn
694738,Landen Roupp,137,San Francisco Giants,65,1,Pitcher,Pitcher,A,40-man,2026-01-28 14:55:21,30076.0,Landen,Roupp,Landen Roupp
657277,Logan Webb,137,San Francisco Giants,62,1,Pitcher,Pitcher,A,40-man,2026-01-28 14:55:21,17995.0,Logan,Webb,Logan Webb
682641,Luis Matos,137,San Francisco Giants,29,9,Outfielder,Outfielder,A,40-man,2026-01-28 14:55:21,26467.0,Luis,Matos,Luis Matos
656305,Matt Chapman,137,San Francisco Giants,26,5,Third Base,Infielder,A,40-man,2026-01-28 14:55:21,16505.0,Matt,Chapman,Matt Chapman
657424,Matt Gage,137,San Francisco Giants,93,1,Pitcher,Pitcher,A,40-man,2026-01-28 14:55:21,17381.0,Matthew,Gage,Matthew Gage
672275,Patrick Bailey,137,San Francisco Giants,14,2,Catcher,Catcher,A,40-man,2026-01-28 14:55:21,27478.0,Patrick,Bailey,Patrick Bailey
646240,Rafael Devers,137,San Francisco Giants,16,10,Designated Hitter,Hitter,A,40-man,2026-01-28 14:55:21,17350.0,Rafael,Devers,Rafael Devers
678495,Randy Rodríguez,137,San Francisco Giants,73,1,Pitcher,Pitcher,A,40-man,2026-01-28 14:55:21,23974.0,Randy,Rodríguez,Randy Rodríguez
665665,Reiver Sanmartin,137,San Francisco Giants,,1,Pitcher,Pitcher,A,40-man,2026-01-28 14:55:21,19754.0,Reiver,Sanmartin,Reiver Sanmartin
592662,Robbie Ray,137,San Francisco Giants,38,1,Pitcher,Pitcher,A,40-man,2026-01-28 14:55:21,11486.0,Robert,Ray,Robert Ray
676254,Ryan Walker,137,San Francisco Giants,74,1,Pitcher,Pitcher,A,40-man,2026-01-28 14:55:21,20423.0,Ryan,Walker,Ryan Walker
656529,Sam Hentges,137,San Francisco Giants,,1,Pitcher,Pitcher,A,40-man,2026-01-28 14:55:21,18548.0,Sam,Hentges,Sam Hentges
702352,Spencer Bivens,137,San Francisco Giants,76,1,Pitcher,Pitcher,A,40-man,2026-01-28 14:55:21,30226.0,Spencer,Bivens,Spencer Bivens
686790,Trevor McDonald,137,San Francisco Giants,72,1,Pitcher,Pitcher,A,40-man,2026-01-28 14:55:21,26448.0,Trevor,McDonald,Trevor McDonald
663941,Tristan Beck,137,San Francisco Giants,43,1,Pitcher,Pitcher,A,40-man,2026-01-28 14:55:21,21584.0,Tristan,Beck,Tristan Beck
666149,Tyler Fitzgerald,137,San Francisco Giants,49,4,Second Base,Infielder,A,40-man,2026-01-28 14:55:21,26208.0,Tyler,Fitzgerald,Tyler Fitzgerald
641816,Tyler Mahle,137,San Francisco Giants,54,1,Pitcher,Pitcher,A,40-man,2026-01-28 14:55:21,16358.0,Tyler,Mahle,Tyler Mahle
642715,Willy Adames,137,San Francisco Giants,2,6,Shortstop,Infielder,A,40-man,2026-01-28 14:55:21,15986.0,Willy,Adames,Willy Adames
676475,Alec Burleson,138,St. Louis Cardinals,41,3,First Base,Infielder,A,40-man,2026-01-28 14:55:21,27615.0,Alec,Burleson,Alec Burleson
701552,Andre Granillo,138,St. Louis Cardinals,65,1,Pitcher,Pitcher,A,40-man,2026-01-28 14:55:21,29542.0,Andre,Granillo,Andre Granillo
669467,Andre Pallante,138,St. Louis Cardinals,53,1,Pitcher,Pitcher,A,40-man,2026-01-28 14:55:21,26108.0,Neil,Pallante,Neil Pallante
680977,Brendan Donovan,138,St. Louis Cardinals,33,4,Second Base,Infielder,A,40-man,2026-01-28 14:55:21,24679.0,Brendan,Donovan,Brendan Donovan
663494,Bryan Torres,138,St. Louis Cardinals,39,O,Outfield,Outfielder,A,40-man,2026-01-28 14:55:21,,Bryan,Torres,Bryan Torres
802408,Brycen Mautz,138,St. Louis Cardinals,52,1,Pitcher,Pitcher,A,40-man,2026-01-28 14:55:21,,Brycen,Mautz,Brycen Mautz
693409,César Prieto,138,St. Louis Cardinals,31,4,Second Base,Infielder,A,40-man,2026-01-28 14:55:21,30163.0,Cesar,Prieto,Cesar Prieto
688297,Chris Roycroft,138,St. Louis Cardinals,58,1,Pitcher,Pitcher,A,40-man,2026-01-28 14:55:21,31261.0,Chris,Roycroft,Chris Roycroft
687309,Cooper Hjerpe,138,St. Louis Cardinals,56,1,Pitcher,Pitcher,A,40-man,2026-01-28 14:55:21,,Cooper,Hjerpe,Cooper Hjerpe
669160,Dustin May,138,St. Louis Cardinals,3,1,Pitcher,Pitcher,A,40-man,2026-01-28 14:55:21,19716.0,Dustin,May,Dustin May
700669,Gordon Graceffo,138,St. Louis Cardinals,44,1,Pitcher,Pitcher,A,40-man,2026-01-28 14:55:21,29519.0,Gordon,Graceffo,Gordon Graceffo
690928,Hunter Dobbins,138,St. Louis Cardinals,40,1,Pitcher,Pitcher,A,40-man,2026-01-28 14:55:21,30240.0,Hunter,Dobbins,Hunter Dobbins
671056,Iván Herrera,138,St. Louis Cardinals,48,2,Catcher,Catcher,A,40-man,2026-01-28 14:55:21,20599.0,Ivan,Herrera,Ivan Herrera
699625,Jimmy Crooks,138,St. Louis Cardinals,8,2,Catcher,Catcher,A,40-man,2026-01-28 14:55:21,31354.0,James,Crooks,James Crooks
668941,JoJo Romero,138,St. Louis Cardinals,59,1,Pitcher,Pitcher,A,40-man,2026-01-28 14:55:21,19574.0,Joseph,Romero,Joseph Romero
691023,Jordan Walker,138,St. Louis Cardinals,18,9,Outfielder,Outfielder,A,40-man,2026-01-28 14:55:21,27475.0,Jordan,Walker,Jordan Walker
665877,José Fermín,138,St. Louis Cardinals,15,4,Second Base,Infielder,A,40-man,2026-01-28 14:55:21,21746.0,José,Fermín,José Fermín
695491,Joshua Baez,138,St. Louis Cardinals,22,9,Outfielder,Outfielder,A,40-man,2026-01-28 14:55:21,,Joshua,Baez,Joshua Baez
677865,Justin Bruihl,138,St. Louis Cardinals,47,1,Pitcher,Pitcher,A,40-man,2026-01-28 14:55:21,23779.0,Justin,Bruihl,Justin Bruihl
681517,Kyle Leahy,138,St. Louis Cardinals,62,1,Pitcher,Pitcher,A,40-man,2026-01-28 14:55:21,24763.0,Kyle,Leahy,Kyle Leahy
663457,Lars Nootbaar,138,St. Louis Cardinals,21,7,Outfielder,Outfielder,A,40-man,2026-01-28 14:55:21,21454.0,Lars,Nootbaar,Lars Nootbaar
699024,Leonardo Bernal,138,St. Louis Cardinals,13,2,Catcher,Catcher,A,40-man,2026-01-28 14:55:21,,Leonardo,Bernal,Leonardo Bernal
691026,Masyn Winn,138,St. Louis Cardinals,0,6,Shortstop,Infielder,A,40-man,2026-01-28 14:55:21,27479.0,Masyn,Winn,Masyn Winn
690155,Matt Pushard,138,St. Louis Cardinals,67,1,Pitcher,Pitcher,A,40-man,2026-01-28 14:55:21,,Matthew,Pushard,Matthew Pushard
694335,Matt Svanson,138,St. Louis Cardinals,49,1,Pitcher,Pitcher,A,40-man,2026-01-28 14:55:21,29629.0,Matthew,Svanson,Matthew Svanson
669461,Matthew Liberatore,138,St. Louis Cardinals,32,1,Pitcher,Pitcher,A,40-man,2026-01-28 14:55:21,22294.0,Matthew,Liberatore,Matthew Liberatore
700241,Michael McGreevy,138,St. Louis Cardinals,36,1,Pitcher,Pitcher,A,40-man,2026-01-28 14:55:21,29869.0,Michael,McGreevy,Michael McGreevy
701675,Nathan Church,138,St. Louis Cardinals,27,7,Outfielder,Outfielder,A,40-man,2026-01-28 14:55:21,31357.0,Nathan,Church,Nathan Church
675919,Nick Raquet,138,St. Louis Cardinals,70,1,Pitcher,Pitcher,A,40-man,2026-01-28 14:55:21,20333.0,Nick,Raquet,Nick Raquet
669357,Nolan Gorman,138,St. Louis Cardinals,16,4,Second Base,Infielder,A,40-man,2026-01-28 14:55:21,22263.0,Nolan,Gorman,Nolan Gorman
686780,Pedro Pagés,138,St. Louis Cardinals,43,2,Catcher,Catcher,A,40-man,2026-01-28 14:55:21,25782.0,Pedro,Pagés,Pedro Pagés
690916,Richard Fitts,138,St. Louis Cardinals,35,1,Pitcher,Pitcher,A,40-man,2026-01-28 14:55:21,30160.0,Richard,Fitts,Richard Fitts
676617,Riley O'Brien,138,St. Louis Cardinals,61,1,Pitcher,Pitcher,A,40-man,2026-01-28 14:55:21,20348.0,Riley,O'Brien,Riley O'Brien
681676,Ryan Fernandez,138,St. Louis Cardinals,64,1,Pitcher,Pitcher,A,40-man,2026-01-28 14:55:21,24862.0,Ryan,Fernandez,Ryan Fernandez
592773,Ryne Stanek,138,St. Louis Cardinals,55,1,Pitcher,Pitcher,A,40-man,2026-01-28 14:55:21,15947.0,Ryne,Stanek,Ryne Stanek
694358,Tekoah Roby,138,St. Louis Cardinals,38,1,Pitcher,Pitcher,A,40-man,2026-01-28 14:55:21,,Tekoah,Roby,Tekoah Roby
695336,Thomas Saggese,138,St. Louis Cardinals,25,4,Second Base,Infielder,A,40-man,2026-01-28 14:55:21,27883.0,Thomas,Saggese,Thomas Saggese
693311,Tink Hence,138,St. Louis Cardinals,30,1,Pitcher,Pitcher,A,40-man,2026-01-28 14:55:21,,Markevian,Hence,Markevian Hence
687363,Victor Scott II,138,St. Louis Cardinals,11,8,Outfielder,Outfielder,A,40-man,2026-01-28 14:55:21,31349.0,Victor,Scott,Victor Scott
650968,Yohel Pozo,138,St. Louis Cardinals,63,2,Catcher,Catcher,A,40-man,2026-01-28 14:55:21,18848.0,Yohel,Pozo,Yohel Pozo
702047,Alex Cook,139,Tampa Bay Rays,,1,Pitcher,Pitcher,A,40-man,2026-01-28 14:55:21,,Alexander,Cook,Alexander Cook
689172,Brett Wisely,139,Tampa Bay Rays,0,4,Second Base,Infielder,A,40-man,2026-01-28 14:55:21,27735.0,Brett,Wisely,Brett Wisely
641329,Bryan Baker,139,Tampa Bay Rays,47,1,Pitcher,Pitcher,A,40-man,2026-01-28 14:55:21,19804.0,Bryan,Baker,Bryan Baker
700246,Carson Williams,139,Tampa Bay Rays,7,6,Shortstop,Infielder,A,40-man,2026-01-28 14:55:21,30038.0,Carson,Williams,Carson Williams
656775,Cedric Mullins,139,Tampa Bay Rays,31,8,Outfielder,Outfielder,A,40-man,2026-01-28 14:55:21,17929.0,Boyce,Mullins,Boyce Mullins
802415,Chandler Simpson,139,Tampa Bay Rays,14,8,Outfielder,Outfielder,A,40-man,2026-01-28 14:55:21,31912.0,Chandler,Simpson,Chandler Simpson
642121,Cole Sulser,139,Tampa Bay Rays,71,1,Pitcher,Pitcher,A,40-man,2026-01-28 14:55:21,15256.0,Cole,Sulser,Cole Sulser
681371,Dominic Keegan,139,Tampa Bay Rays,,2,Catcher,Catcher,A,40-man,2026-01-28 14:55:21,,Dominic,Keegan,Dominic Keegan
656876,Drew Rasmussen,139,Tampa Bay Rays,57,1,Pitcher,Pitcher,A,40-man,2026-01-28 14:55:21,25385.0,Drew,Rasmussen,Drew Rasmussen
670955,Edwin Uceta,139,Tampa Bay Rays,63,1,Pitcher,Pitcher,A,40-man,2026-01-28 14:55:21,20539.0,Edwin,Uceta,Edwin Uceta
664076,Garrett Cleavinger,139,Tampa Bay Rays,60,1,Pitcher,Pitcher,A,40-man,2026-01-28 14:55:21,17897.0,Garrett,Cleavinger,Garrett Cleavinger
666158,Gavin Lux,139,Tampa Bay Rays,11,7,Outfielder,Outfielder,A,40-man,2026-01-28 14:55:21,19955.0,Gavin,Lux,Gavin Lux
643377,Griffin Jax,139,Tampa Bay Rays,22,1,Pitcher,Pitcher,A,40-man,2026-01-28 14:55:21,20253.0,James,Jax,James Jax
685801,Hunter Bigge,139,Tampa Bay Rays,43,1,Pitcher,Pitcher,A,40-man,2026-01-28 14:55:21,26259.0,Hunter,Bigge,Hunter Bigge
676439,Hunter Feduccia,139,Tampa Bay Rays,30,2,Catcher,Catcher,A,40-man,2026-01-28 14:55:21,23372.0,Hunter,Feduccia,Hunter Feduccia
693855,Ian Seymour,139,Tampa Bay Rays,61,1,Pitcher,Pitcher,A,40-man,2026-01-28 14:55:21,27932.0,Ian,Seymour,Ian Seymour
689200,Jacob Melton,139,Tampa Bay Rays,29,7,Outfielder,Outfielder,A,40-man,2026-01-28 14:55:21,31661.0,Jacob,Melton,Jacob Melton
699130,Jadher Areinamo,139,Tampa Bay Rays,,4,Second Base,Infielder,A,40-man,2026-01-28 14:55:21,,Jadher,Areinamo,Jadher Areinamo
641584,Jake Fraley,139,Tampa Bay Rays,17,9,Outfielder,Outfielder,A,40-man,2026-01-28 14:55:21,19260.0,Jake,Fraley,Jake Fraley
669947,Jesse Scholtens,139,Tampa Bay Rays,65,1,Pitcher,Pitcher,A,40-man,2026-01-28 14:55:21,19205.0,Jesse,Scholtens,Jesse Scholtens
671212,Joe Boyle,139,Tampa Bay Rays,36,1,Pitcher,Pitcher,A,40-man,2026-01-28 14:55:21,29608.0,Joseph,Boyle,Joseph Boyle
697812,Joe Rock,139,Tampa Bay Rays,68,1,Pitcher,Pitcher,A,40-man,2026-01-28 14:55:21,30016.0,Joseph,Rock,Joseph Rock
666018,Jonathan Aranda,139,Tampa Bay Rays,8,3,First Base,Infielder,A,40-man,2026-01-28 14:55:21,21837.0,Jonathan,Aranda,Jonathan Aranda
676356,Jonny DeLuca,139,Tampa Bay Rays,21,8,Outfielder,Outfielder,A,40-man,2026-01-28 14:55:21,26365.0,Jonathan,DeLuca,Jonathan DeLuca
691406,Junior Caminero,139,Tampa Bay Rays,13,5,Third Base,Infielder,A,40-man,2026-01-28 14:55:21,28163.0,Junior,Caminero,Junior Caminero
669234,Justyn-Henry Malloy,139,Tampa Bay Rays,55,9,Outfielder,Outfielder,A,40-man,2026-01-28 14:55:21,29606.0,Justyn-Henry,Malloy,Justyn-Henry Malloy
686610,Ken Waldichuk,139,Tampa Bay Rays,58,1,Pitcher,Pitcher,A,40-man,2026-01-28 14:55:21,27681.0,Kenneth,Waldichuk,Kenneth Waldichuk
687330,Kevin Kelly,139,Tampa Bay Rays,49,1,Pitcher,Pitcher,A,40-man,2026-01-28 14:55:21,25679.0,Kevin,Kelly,Kevin Kelly
655889,Manuel Rodríguez,139,Tampa Bay Rays,39,1,Pitcher,Pitcher,A,40-man,2026-01-28 14:55:21,20794.0,Manuel,Rodríguez,Manuel Rodríguez
669438,Mason Englert,139,Tampa Bay Rays,59,1,Pitcher,Pitcher,A,40-man,2026-01-28 14:55:21,22288.0,Mason,Englert,Mason Englert
663743,Nick Fortes,139,Tampa Bay Rays,40,2,Catcher,Catcher,A,40-man,2026-01-28 14:55:21,21538.0,Nicholas,Fortes,Nicholas Fortes
680700,Richie Palacios,139,Tampa Bay Rays,1,7,Outfielder,Outfielder,A,40-man,2026-01-28 14:55:21,24589.0,Richard,Palacios,Richard Palacios
686752,Ryan Pepiot,139,Tampa Bay Rays,44,1,Pitcher,Pitcher,A,40-man,2026-01-28 14:55:21,26221.0,Ryan,Pepiot,Ryan Pepiot
668723,Ryan Vilade,139,Tampa Bay Rays,,9,Outfielder,Outfielder,A,40-man,2026-01-28 14:55:21,22165.0,Ryan,Vilade,Ryan Vilade
663556,Shane McClanahan,139,Tampa Bay Rays,18,1,Pitcher,Pitcher,A,40-man,2026-01-28 14:55:21,21483.0,Shane,McClanahan,Shane McClanahan
571927,Steven Matz,139,Tampa Bay Rays,,1,Pitcher,Pitcher,A,40-man,2026-01-28 14:55:21,13361.0,Steven,Matz,Steven Matz
621051,Steven Wilson,139,Tampa Bay Rays,24,1,Pitcher,Pitcher,A,40-man,2026-01-28 14:55:21,20353.0,Steven,Wilson,Steven Wilson
670764,Taylor Walls,139,Tampa Bay Rays,6,6,Shortstop,Infielder,A,40-man,2026-01-28 14:55:21,22458.0,Taylor,Walls,Taylor Walls
650490,Yandy Díaz,139,Tampa Bay Rays,2,3,First Base,Infielder,A,40-man,2026-01-28 14:55:21,16578.0,Yandy,Díaz,Yandy Díaz
672782,Yoendrys Gómez,139,Tampa Bay Rays,94,1,Pitcher,Pitcher,A,40-man,2026-01-28 14:55:21,22872.0,Yoendrys,Gómez,Yoendrys Gómez
696030,Alejandro Osuna,140,Texas Rangers,19,7,Outfielder,Outfielder,A,40-man,2026-01-28 14:55:21,27915.0,Tadeo,Osuna,Tadeo Osuna
664747,Alexis Díaz,140,Texas Rangers,,1,Pitcher,Pitcher,A,40-man,2026-01-28 14:55:21,21132.0,Alexis,Díaz,Alexis Díaz
607043,Brandon Nimmo,140,Texas Rangers,24,7,Outfielder,Outfielder,A,40-man,2026-01-28 14:55:21,12927.0,Brandon,Nimmo,Brandon Nimmo
691945,Carter Baumler,140,Texas Rangers,,1,Pitcher,Pitcher,A,40-man,2026-01-28 14:55:21,,Carter,Baumler,Carter Baumler
455119,Chris Martin,140,Texas Rangers,,1,Pitcher,Pitcher,A,40-man,2026-01-28 14:55:21,11847.0,Christopher,Martin,Christopher Martin
674003,Cody Bradford,140,Texas Rangers,61,1,Pitcher,Pitcher,A,40-man,2026-01-28 14:55:21,27597.0,Cody,Bradford,Cody Bradford
683227,Cody Freeman,140,Texas Rangers,39,5,Third Base,Infielder,A,40-man,2026-01-28 14:55:21,25629.0,Cody,Freeman,Cody Freeman
668390,Cole Winn,140,Texas Rangers,60,1,Pitcher,Pitcher,A,40-man,2026-01-28 14:55:21,22113.0,Cole,Winn,Cole Winn
608369,Corey Seager,140,Texas Rangers,5,6,Shortstop,Infielder,A,40-man,2026-01-28 14:55:21,13624.0,Corey,Seager,Corey Seager
643376,Danny Jansen,140,Texas Rangers,,2,Catcher,Catcher,A,40-man,2026-01-28 14:55:21,16535.0,Daniel,Jansen,Daniel Jansen
699314,David Davalillo,140,Texas Rangers,,1,Pitcher,Pitcher,A,40-man,2026-01-28 14:55:21,,David,Davalillo,David Davalillo
693713,Emiliano Teodo,140,Texas Rangers,82,1,Pitcher,Pitcher,A,40-man,2026-01-28 14:55:21,,Emiliano,Teodo,Emiliano Teodo
694497,Evan Carter,140,Texas Rangers,32,8,Outfielder,Outfielder,A,40-man,2026-01-28 14:55:21,27790.0,Evan,Carter,Evan Carter
677649,Ezequiel Duran,140,Texas Rangers,20,6,Shortstop,Infielder,A,40-man,2026-01-28 14:55:21,23733.0,Ezequiel,Duran,Ezequiel Duran
683004,Jack Leiter,140,Texas Rangers,35,1,Pitcher,Pitcher,A,40-man,2026-01-28 14:55:21,30146.0,Jack,Leiter,Jack Leiter
656641,Jacob Latz,140,Texas Rangers,67,1,Pitcher,Pitcher,A,40-man,2026-01-28 14:55:21,21306.0,Jacob,Latz,Jacob Latz
594798,Jacob deGrom,140,Texas Rangers,48,1,Pitcher,Pitcher,A,40-man,2026-01-28 14:55:21,10954.0,Jacob,deGrom,Jacob deGrom
669394,Jake Burger,140,Texas Rangers,21,3,First Base,Infielder,A,40-man,2026-01-28 14:55:21,22275.0,Jacob,Burger,Jacob Burger
596001,Jakob Junis,140,Texas Rangers,,1,Pitcher,Pitcher,A,40-man,2026-01-28 14:55:21,13619.0,Jakob,Junis,Jakob Junis
592626,Joc Pederson,140,Texas Rangers,4,3,First Base,Infielder,A,40-man,2026-01-28 14:55:21,11899.0,Joc,Pederson,Joc Pederson
692030,Jose Corniell,140,Texas Rangers,59,1,Pitcher,Pitcher,A,40-man,2026-01-28 14:55:21,27984.0,Jose,Corniell,Jose Corniell
673962,Josh Jung,140,Texas Rangers,6,5,Third Base,Infielder,A,40-man,2026-01-28 14:55:21,26299.0,Joshua,Jung,Joshua Jung
669701,Josh Smith,140,Texas Rangers,8,6,Shortstop,Infielder,A,40-man,2026-01-28 14:55:21,26396.0,Josh,Smith,Josh Smith
679822,Justin Foscue,140,Texas Rangers,56,3,First Base,Infielder,A,40-man,2026-01-28 14:55:21,27501.0,Justin,Foscue,Justin Foscue
677958,Kumar Rocker,140,Texas Rangers,80,1,Pitcher,Pitcher,A,40-man,2026-01-28 14:55:21,31843.0,Kumar,Rocker,Kumar Rocker
543309,Kyle Higashioka,140,Texas Rangers,11,2,Catcher,Catcher,A,40-man,2026-01-28 14:55:21,5517.0,Kyle,Higashioka,Kyle Higashioka
699214,Leandro Lopez,140,Texas Rangers,,1,Pitcher,Pitcher,A,40-man,2026-01-28 14:55:21,,Leandro,Lopez,Leandro Lopez
681168,Luis Curvelo,140,Texas Rangers,57,1,Pitcher,Pitcher,A,40-man,2026-01-28 14:55:21,24710.0,Luis,Curvelo,Luis Curvelo
669022,MacKenzie Gore,140,Texas Rangers,1,1,Pitcher,Pitcher,A,40-man,2026-01-28 14:55:21,22201.0,MacKenzie,Gore,MacKenzie Gore
687847,Marc Church,140,Texas Rangers,30,1,Pitcher,Pitcher,A,40-man,2026-01-28 14:55:21,26353.0,Marc,Church,Marc Church
680737,Michael Helman,140,Texas Rangers,24,8,Outfielder,Outfielder,A,40-man,2026-01-28 14:55:21,24605.0,Michael,Helman,Michael Helman
671305,Michel Otañez,140,Texas Rangers,,1,Pitcher,Pitcher,A,40-man,2026-01-28 14:55:21,22533.0,Michel,Otañez,Michel Otañez
543135,Nathan Eovaldi,140,Texas Rangers,17,1,Pitcher,Pitcher,A,40-man,2026-01-28 14:55:21,9132.0,Nathan,Eovaldi,Nathan Eovaldi
676395,Robert Garcia,140,Texas Rangers,62,1,Pitcher,Pitcher,A,40-man,2026-01-28 14:55:21,23363.0,Robert,Garcia,Robert Garcia
664059,Sam Haggerty,140,Texas Rangers,0,8,Outfielder,Outfielder,A,40-man,2026-01-28 14:55:21,18054.0,Samuel,Haggerty,Samuel Haggerty
641302,Tyler Alexander,140,Texas Rangers,13,1,Pitcher,Pitcher,A,40-man,2026-01-28 14:55:21,17735.0,Tyler,Alexander,Tyler Alexander
680862,Willie MacIver,140,Texas Rangers,,2,Catcher,Catcher,A,40-man,2026-01-28 14:55:21,24641.0,William,MacIver,William MacIver
692437,Winston Santos,140,Texas Rangers,84,1,Pitcher,Pitcher,A,40-man,2026-01-28 14:55:21,,Winston,Santos,Winston Santos
694671,Wyatt Langford,140,Texas Rangers,36,7,Outfielder,Outfielder,A,40-man,2026-01-28 14:55:21,33333.0,Wyatt,Langford,Wyatt Langford
687849,Zak Kent,140,Texas Rangers,,1,Pitcher,Pitcher,A,40-man,2026-01-28 14:55:21,25703.0,Zachary,Kent,Zachary Kent
671936,Adam Macko,141,Toronto Blue Jays,64,1,Pitcher,Pitcher,A,40-man,2026-01-28 14:55:21,,Adam,Macko,Adam Macko
680718,Addison Barger,141,Toronto Blue Jays,47,5,Third Base,Infielder,A,40-man,2026-01-28 14:55:21,24598.0,Addison,Barger,Addison Barger
672386,Alejandro Kirk,141,Toronto Blue Jays,30,2,Catcher,Catcher,A,40-man,2026-01-28 14:55:21,22581.0,Alejandro,Kirk,Alejandro Kirk
665926,Andrés Giménez,141,Toronto Blue Jays,0,4,Second Base,Infielder,A,40-man,2026-01-28 14:55:21,19950.0,Andrés,Giménez,Andrés Giménez
682785,Angel Bastardo,141,Toronto Blue Jays,66,1,Pitcher,Pitcher,A,40-man,2026-01-28 14:55:21,,Angel,Bastardo,Angel Bastardo
623993,Anthony Santander,141,Toronto Blue Jays,25,9,Outfielder,Outfielder,A,40-man,2026-01-28 14:55:21,14551.0,Anthony,Santander,Anthony Santander
670102,Bowden Francis,141,Toronto Blue Jays,44,1,Pitcher,Pitcher,A,40-man,2026-01-28 14:55:21,20548.0,Robert,Francis,Robert Francis
678218,Brandon Valenzuela,141,Toronto Blue Jays,,2,Catcher,Catcher,A,40-man,2026-01-28 14:55:21,,Brandon,Valenzuela,Brandon Valenzuela
680755,Braydon Fisher,141,Toronto Blue Jays,63,1,Pitcher,Pitcher,A,40-man,2026-01-28 14:55:21,24609.0,Braydon,Fisher,Braydon Fisher
663893,Brendon Little,141,Toronto Blue Jays,54,1,Pitcher,Pitcher,A,40-man,2026-01-28 14:55:21,21574.0,Brendon,Little,Brendon Little
695445,Chase Lee,141,Toronto Blue Jays,,1,Pitcher,Pitcher,A,40-man,2026-01-28 14:55:21,29574.0,Chase,Lee,Chase Lee
664074,Cody Ponce,141,Toronto Blue Jays,37,1,Pitcher,Pitcher,A,40-man,2026-01-28 14:55:21,17920.0,Cody,Ponce,Cody Ponce
662139,Daulton Varsho,141,Toronto Blue Jays,5,8,Outfielder,Outfielder,A,40-man,2026-01-28 14:55:21,19918.0,Daulton,Varsho,Daulton Varsho
676914,Davis Schneider,141,Toronto Blue Jays,36,7,Outfielder,Outfielder,A,40-man,2026-01-28 14:55:21,23565.0,Davis,Schneider,Davis Schneider
656302,Dylan Cease,141,Toronto Blue Jays,,1,Pitcher,Pitcher,A,40-man,2026-01-28 14:55:21,18525.0,Dylan,Cease,Dylan Cease
641778,Eric Lauer,141,Toronto Blue Jays,56,1,Pitcher,Pitcher,A,40-man,2026-01-28 14:55:21,19316.0,Eric,Lauer,Eric Lauer
676391,Ernie Clement,141,Toronto Blue Jays,22,5,Third Base,Infielder,A,40-man,2026-01-28 14:55:21,20352.0,Ernie,Clement,Ernie Clement
543807,George Springer,141,Toronto Blue Jays,4,9,Outfielder,Outfielder,A,40-man,2026-01-28 14:55:21,12856.0,George,Springer,George Springer
814005,Jake Bloss,141,Toronto Blue Jays,28,1,Pitcher,Pitcher,A,40-man,2026-01-28 14:55:21,33168.0,John,Bloss,John Bloss
656546,Jeff Hoffman,141,Toronto Blue Jays,23,1,Pitcher,Pitcher,A,40-man,2026-01-28 14:55:21,17432.0,Jeffrey,Hoffman,Jeffrey Hoffman
694388,Joey Loperfido,141,Toronto Blue Jays,10,7,Outfielder,Outfielder,A,40-man,2026-01-28 14:55:21,29630.0,Mario,Loperfido,Mario Loperfido
682729,Jonatan Clase,141,Toronto Blue Jays,8,7,Outfielder,Outfielder,A,40-man,2026-01-28 14:55:21,26599.0,Jonatan,Clase,Jonatan Clase
621244,José Berríos,141,Toronto Blue Jays,17,1,Pitcher,Pitcher,A,40-man,2026-01-28 14:55:21,14168.0,José,Berríos,José Berríos
672960,Kazuma Okamoto,141,Toronto Blue Jays,7,5,Third Base,Infielder,A,40-man,2026-01-28 14:55:21,,Kazuma,Okamoto,Kazuma Okamoto
592332,Kevin Gausman,141,Toronto Blue Jays,34,1,Pitcher,Pitcher,A,40-man,2026-01-28 14:55:21,14107.0,Kevin,Gausman,Kevin Gausman
681751,Lazaro Estrada,141,Toronto Blue Jays,60,1,Pitcher,Pitcher,A,40-man,2026-01-28 14:55:21,24914.0,Lazaro,Estrada,Lazaro Estrada
677870,Leo Jiménez,141,Toronto Blue Jays,49,6,Shortstop,Infielder,A,40-man,2026-01-28 14:55:21,23782.0,Leonardo,Jimenez,Leonardo Jimenez
686973,Louis Varland,141,Toronto Blue Jays,77,1,Pitcher,Pitcher,A,40-man,2026-01-28 14:55:21,27691.0,Louis,Varland,Louis Varland
689254,Mason Fluharty,141,Toronto Blue Jays,68,1,Pitcher,Pitcher,A,40-man,2026-01-28 14:55:21,31553.0,Mason,Fluharty,Mason Fluharty
664702,Myles Straw,141,Toronto Blue Jays,3,8,Outfielder,Outfielder,A,40-man,2026-01-28 14:55:21,17620.0,Myles,Straw,Myles Straw
664770,Nathan Lukes,141,Toronto Blue Jays,38,9,Outfielder,Outfielder,A,40-man,2026-01-28 14:55:21,18123.0,Nathan,Lukes,Nathan Lukes
694357,Ricky Tiedemann,141,Toronto Blue Jays,,1,Pitcher,Pitcher,A,40-man,2026-01-28 14:55:21,,Tariq,Tiedemann,Tariq Tiedemann
669456,Shane Bieber,141,Toronto Blue Jays,57,1,Pitcher,Pitcher,A,40-man,2026-01-28 14:55:21,19427.0,Shane,Bieber,Shane Bieber
693686,Spencer Miles,141,Toronto Blue Jays,,1,Pitcher,Pitcher,A,40-man,2026-01-28 14:55:21,,Spencer,Miles,Spencer Miles
667297,Tommy Nance,141,Toronto Blue Jays,45,1,Pitcher,Pitcher,A,40-man,2026-01-28 14:55:21,19178.0,Thomas,Nance,Thomas Nance
702056,Trey Yesavage,141,Toronto Blue Jays,39,1,Pitcher,Pitcher,A,40-man,2026-01-28 14:55:21,35456.0,Trey,Yesavage,Trey Yesavage
623168,Tyler Heineman,141,Toronto Blue Jays,55,2,Catcher,Catcher,A,40-man,2026-01-28 14:55:21,13897.0,Tyler,Heineman,Tyler Heineman
643511,Tyler Rogers,141,Toronto Blue Jays,71,1,Pitcher,Pitcher,A,40-man,2026-01-28 14:55:21,15541.0,Tyler,Rogers,Tyler Rogers
665489,Vladimir Guerrero Jr.,141,Toronto Blue Jays,27,3,First Base,Infielder,A,40-man,2026-01-28 14:55:21,19611.0,Vladimir,Guerrero,Vladimir Guerrero
554340,Yimi García,141,Toronto Blue Jays,93,1,Pitcher,Pitcher,A,40-man,2026-01-28 14:55:21,12095.0,Yimi,García,Yimi García
702176,Alan Roden,142,Minnesota Twins,18,7,Outfielder,Outfielder,A,40-man,2026-01-28 14:55:21,31564.0,Alan,Roden,Alan Roden
656577,Alex Jackson,142,Minnesota Twins,64,2,Catcher,Catcher,A,40-man,2026-01-28 14:55:21,17276.0,Alexander,Jackson,Alexander Jackson
702193,Andrew Morris,142,Minnesota Twins,78,1,Pitcher,Pitcher,A,40-man,2026-01-28 14:55:21,,Andrew,Morris,Andrew Morris
668885,Austin Martin,142,Minnesota Twins,16,8,Outfielder,Outfielder,A,40-man,2026-01-28 14:55:21,27462.0,Christopher,Martin,Christopher Martin
641927,Bailey Ober,142,Minnesota Twins,17,1,Pitcher,Pitcher,A,40-man,2026-01-28 14:55:21,21224.0,John,Ober,John Ober
686797,Brooks Lee,142,Minnesota Twins,22,5,Third Base,Infielder,A,40-man,2026-01-28 14:55:21,31595.0,Brooks,Lee,Brooks Lee
621439,Byron Buxton,142,Minnesota Twins,25,8,Outfielder,Outfielder,A,40-man,2026-01-28 14:55:21,14161.0,Byron,Buxton,Byron Buxton
663485,Cole Sands,142,Minnesota Twins,44,1,Pitcher,Pitcher,A,40-man,2026-01-28 14:55:21,21461.0,Bryson,Sands,Bryson Sands
687570,Connor Prielipp,142,Minnesota Twins,,1,Pitcher,Pitcher,A,40-man,2026-01-28 14:55:21,,Connor,Prielipp,Connor Prielipp
701581,David Festa,142,Minnesota Twins,58,1,Pitcher,Pitcher,A,40-man,2026-01-28 14:55:21,30056.0,David,Festa,David Festa
691181,Emmanuel Rodriguez,142,Minnesota Twins,32,8,Outfielder,Outfielder,A,40-man,2026-01-28 14:55:21,,Emmanuel,Rodriguez,Emmanuel Rodriguez
679358,Eric Orze,142,Minnesota Twins,19,1,Pitcher,Pitcher,A,40-man,2026-01-28 14:55:21,27626.0,Eric,Orze,Eric Orze
676572,Eric Wagaman,142,Minnesota Twins,13,3,First Base,Infielder,A,40-man,2026-01-28 14:55:21,23395.0,Eric,Wagaman,Eric Wagaman
694224,Gabriel Gonzalez,142,Minnesota Twins,,9,Outfielder,Outfielder,A,40-man,2026-01-28 14:55:21,,Gabriel,Gonzalez,Gabriel Gonzalez
694230,Hendry Mendez,142,Minnesota Twins,,O,Outfield,Outfielder,A,40-man,2026-01-28 14:55:21,,Hendry,Mendez,Hendry Mendez
681546,James Outman,142,Minnesota Twins,43,8,Outfielder,Outfielder,A,40-man,2026-01-28 14:55:21,24770.0,James,Outman,James Outman
657746,Joe Ryan,142,Minnesota Twins,41,1,Pitcher,Pitcher,A,40-man,2026-01-28 14:55:21,21390.0,Joseph,Ryan,Joseph Ryan
804619,John Klein,142,Minnesota Twins,71,1,Pitcher,Pitcher,A,40-man,2026-01-28 14:55:21,,John,Klein,John Klein
605137,Josh Bell,142,Minnesota Twins,56,3,First Base,Infielder,A,40-man,2026-01-28 14:55:21,13145.0,Joshua,Bell,Joshua Bell
623437,Justin Topa,142,Minnesota Twins,48,1,Pitcher,Pitcher,A,40-man,2026-01-28 14:55:21,15145.0,Justin,Topa,Justin Topa
696070,Kendry Rojas,142,Minnesota Twins,60,1,Pitcher,Pitcher,A,40-man,2026-01-28 14:55:21,,Kendry,Rojas,Kendry Rojas
665019,Kody Clemens,142,Minnesota Twins,2,4,Second Base,Infielder,A,40-man,2026-01-28 14:55:21,20572.0,Kody,Clemens,Kody Clemens
681892,Kody Funderburk,142,Minnesota Twins,57,1,Pitcher,Pitcher,A,40-man,2026-01-28 14:55:21,24993.0,Kody,Funderburk,Kody Funderburk
807712,Luke Keaschall,142,Minnesota Twins,15,4,Second Base,Infielder,A,40-man,2026-01-28 14:55:21,33321.0,Luke,Keaschall,Luke Keaschall
694397,Marco Raya,142,Minnesota Twins,85,1,Pitcher,Pitcher,A,40-man,2026-01-28 14:55:21,,Marco,Raya,Marco Raya
670242,Matt Wallner,142,Minnesota Twins,38,9,Outfielder,Outfielder,A,40-man,2026-01-28 14:55:21,26466.0,Matthew,Wallner,Matthew Wallner
690953,Mick Abel,142,Minnesota Twins,20,1,Pitcher,Pitcher,A,40-man,2026-01-28 14:55:21,27756.0,McLean,Abel,McLean Abel
641154,Pablo López,142,Minnesota Twins,49,1,Pitcher,Pitcher,A,40-man,2026-01-28 14:55:21,17085.0,Pablo,López,Pablo López
668904,Royce Lewis,142,Minnesota Twins,23,5,Third Base,Infielder,A,40-man,2026-01-28 14:55:21,20437.0,Royce,Lewis,Royce Lewis
680777,Ryan Jeffers,142,Minnesota Twins,27,2,Catcher,Catcher,A,40-man,2026-01-28 14:55:21,24618.0,Ryan,Jeffers,Ryan Jeffers
668952,Ryan Kreidler,142,Minnesota Twins,,8,Outfielder,Outfielder,A,40-man,2026-01-28 14:55:21,25867.0,Ryan,Kreidler,Ryan Kreidler
680573,Simeon Woods Richardson,142,Minnesota Twins,24,1,Pitcher,Pitcher,A,40-man,2026-01-28 14:55:21,24494.0,Simeon,Woods Richardson,Simeon Woods Richardson
671737,Taj Bradley,142,Minnesota Twins,26,1,Pitcher,Pitcher,A,40-man,2026-01-28 14:55:21,22543.0,Taj,Bradley,Taj Bradley
573124,Taylor Rogers,142,Minnesota Twins,55,1,Pitcher,Pitcher,A,40-man,2026-01-28 14:55:21,13449.0,Taylor,Rogers,Taylor Rogers
701519,Travis Adams,142,Minnesota Twins,45,1,Pitcher,Pitcher,A,40-man,2026-01-28 14:55:21,30180.0,Travis,Adams,Travis Adams
663616,Trevor Larnach,142,Minnesota Twins,9,9,Outfielder,Outfielder,A,40-man,2026-01-28 14:55:21,21501.0,Trevor,Larnach,Trevor Larnach
656484,Tristan Gray,142,Minnesota Twins,,5,Third Base,Infielder,A,40-man,2026-01-28 14:55:21,19877.0,Tristan,Gray,Tristan Gray
605170,Victor Caratini,142,Minnesota Twins,37,2,Catcher,Catcher,A,40-man,2026-01-28 14:55:21,14968.0,Victor,Caratini,Victor Caratini
805673,Zebby Matthews,142,Minnesota Twins,52,1,Pitcher,Pitcher,A,40-man,2026-01-28 14:55:21,31827.0,Daniel,Matthews,Daniel Matthews
605400,Aaron Nola,143,Philadelphia Phillies,27,1,Pitcher,Pitcher,A,40-man,2026-01-28 14:55:21,16149.0,Aaron,Nola,Aaron Nola
666969,Adolis García,143,Philadelphia Phillies,53,9,Outfielder,Outfielder,A,40-man,2026-01-28 14:55:21,19287.0,Jose,García,Jose García
660604,Alan Rangel,143,Philadelphia Phillies,56,1,Pitcher,Pitcher,A,40-man,2026-01-28 14:55:21,19524.0,Alan,Rangel,Alan Rangel
664761,Alec Bohm,143,Philadelphia Phillies,28,5,Third Base,Infielder,A,40-man,2026-01-28 14:55:21,21618.0,Alec,Bohm,Alec Bohm
686934,Alex McFarlane,143,Philadelphia Phillies,,1,Pitcher,Pitcher,A,40-man,2026-01-28 14:55:21,,Alexander,McFarlane,Alexander McFarlane
691725,Andrew Painter,143,Philadelphia Phillies,,1,Pitcher,Pitcher,A,40-man,2026-01-28 14:55:21,,Andrew,Painter,Andrew Painter
641745,Brad Keller,143,Philadelphia Phillies,40,1,Pitcher,Pitcher,A,40-man,2026-01-28 14:55:21,15734.0,Brad,Keller,Brad Keller
669016,Brandon Marsh,143,Philadelphia Phillies,16,8,Outfielder,Outfielder,A,40-man,2026-01-28 14:55:21,20202.0,Brandon,Marsh,Brandon Marsh
547180,Bryce Harper,143,Philadelphia Phillies,3,3,First Base,Infielder,A,40-man,2026-01-28 14:55:21,11579.0,Bryce,Harper,Bryce Harper
681082,Bryson Stott,143,Philadelphia Phillies,5,4,Second Base,Infielder,A,40-man,2026-01-28 14:55:21,26294.0,Bryson,Stott,Bryson Stott
663767,Chase Shugart,143,Philadelphia Phillies,,1,Pitcher,Pitcher,A,40-man,2026-01-28 14:55:21,21544.0,Chase,Shugart,Chase Shugart
650911,Cristopher Sánchez,143,Philadelphia Phillies,61,1,Pitcher,Pitcher,A,40-man,2026-01-28 14:55:21,20778.0,Cristopher,Sánchez,Cristopher Sánchez
624641,Edmundo Sosa,143,Philadelphia Phillies,33,4,Second Base,Infielder,A,40-man,2026-01-28 14:55:21,17022.0,Edmundo,Sosa,Edmundo Sosa
687282,Gabriel Rincones Jr.,143,Philadelphia Phillies,,9,Outfielder,Outfielder,A,40-man,2026-01-28 14:55:21,,Gabriel,Rincones,Gabriel Rincones
596117,Garrett Stubbs,143,Philadelphia Phillies,21,2,Catcher,Catcher,A,40-man,2026-01-28 14:55:21,18067.0,Garrett,Stubbs,Garrett Stubbs
592663,J.T. Realmuto,143,Philadelphia Phillies,10,2,Catcher,Catcher,A,40-man,2026-01-28 14:55:21,11739.0,Jacob,Realmuto,Jacob Realmuto
691893,Jean Cabrera,143,Philadelphia Phillies,79,1,Pitcher,Pitcher,A,40-man,2026-01-28 14:55:21,,Jean,Cabrera,Jean Cabrera
666200,Jesús Luzardo,143,Philadelphia Phillies,44,1,Pitcher,Pitcher,A,40-man,2026-01-28 14:55:21,19959.0,Jesús,Luzardo,Jesús Luzardo
661395,Jhoan Duran,143,Philadelphia Phillies,59,1,Pitcher,Pitcher,A,40-man,2026-01-28 14:55:21,21029.0,Jhoan,Duran,Jhoan Duran
679032,Johan Rojas,143,Philadelphia Phillies,23,8,Outfielder,Outfielder,A,40-man,2026-01-28 14:55:21,24336.0,Johan,Rojas,Johan Rojas
680742,Jonathan Bowlan,143,Philadelphia Phillies,52,1,Pitcher,Pitcher,A,40-man,2026-01-28 14:55:21,24607.0,Jonathan,Bowlan,Jonathan Bowlan
621237,José Alvarado,143,Philadelphia Phillies,46,1,Pitcher,Pitcher,A,40-man,2026-01-28 14:55:21,17780.0,José,Alvarado,José Alvarado
679775,Kyle Backhus,143,Philadelphia Phillies,,1,Pitcher,Pitcher,A,40-man,2026-01-28 14:55:21,29615.0,Kyle,Backhus,Kyle Backhus
656941,Kyle Schwarber,143,Philadelphia Phillies,12,7,Outfielder,Outfielder,A,40-man,2026-01-28 14:55:21,16478.0,Kyle,Schwarber,Kyle Schwarber
676661,Max Lazar,143,Philadelphia Phillies,60,1,Pitcher,Pitcher,A,40-man,2026-01-28 14:55:21,23426.0,Max,Lazar,Max Lazar
691330,Moisés Chace,143,Philadelphia Phillies,75,1,Pitcher,Pitcher,A,40-man,2026-01-28 14:55:21,,Moises,Chace,Moises Chace
592206,Nick Castellanos,143,Philadelphia Phillies,8,9,Outfielder,Outfielder,A,40-man,2026-01-28 14:55:21,11737.0,Nicholas,Castellanos,Nicholas Castellanos
676510,Nolan Hoffman,143,Philadelphia Phillies,47,1,Pitcher,Pitcher,A,40-man,2026-01-28 14:55:21,23381.0,Nolan,Hoffman,Nolan Hoffman
689147,Orion Kerkering,143,Philadelphia Phillies,50,1,Pitcher,Pitcher,A,40-man,2026-01-28 14:55:21,31776.0,Richard,Kerkering,Richard Kerkering
805249,Otto Kemp,143,Philadelphia Phillies,4,3,First Base,Infielder,A,40-man,2026-01-28 14:55:21,31792.0,Otto,Kemp,Otto Kemp
694175,Pedro León,143,Philadelphia Phillies,,9,Outfielder,Outfielder,A,40-man,2026-01-28 14:55:21,27781.0,Pedro,León,Pedro León
665561,Rafael Marchán,143,Philadelphia Phillies,13,2,Catcher,Catcher,A,40-man,2026-01-28 14:55:21,21646.0,Rafael,Marchán,Rafael Marchán
686751,Seth Johnson,143,Philadelphia Phillies,51,1,Pitcher,Pitcher,A,40-man,2026-01-28 14:55:21,26020.0,Seth,Johnson,Seth Johnson
592836,Taijuan Walker,143,Philadelphia Phillies,99,1,Pitcher,Pitcher,A,40-man,2026-01-28 14:55:21,11836.0,Taijuan,Walker,Taijuan Walker
621383,Tanner Banks,143,Philadelphia Phillies,58,1,Pitcher,Pitcher,A,40-man,2026-01-28 14:55:21,16990.0,Tanner,Banks,Tanner Banks
607208,Trea Turner,143,Philadelphia Phillies,7,6,Shortstop,Infielder,A,40-man,2026-01-28 14:55:21,16252.0,Trea,Turner,Trea Turner
692414,Yoniel Curet,143,Philadelphia Phillies,,1,Pitcher,Pitcher,A,40-man,2026-01-28 14:55:21,,Yoniel,Curet,Yoniel Curet
685112,Zach McCambley,143,Philadelphia Phillies,,1,Pitcher,Pitcher,A,40-man,2026-01-28 14:55:21,,Zachary,McCambley,Zachary McCambley
647315,Zach Pop,143,Philadelphia Phillies,,1,Pitcher,Pitcher,A,40-man,2026-01-28 14:55:21,20185.0,Zachery,Pop,Zachery Pop
554430,Zack Wheeler,143,Philadelphia Phillies,45,1,Pitcher,Pitcher,A,40-man,2026-01-28 14:55:21,10310.0,Zachary,Wheeler,Zachary Wheeler
700363,AJ Smith-Shawver,144,Atlanta Braves,32,1,Pitcher,Pitcher,A,40-man,2026-01-28 14:55:21,29960.0,AJ,Smith-Shawver,AJ Smith-Shawver
607481,Aaron Bummer,144,Atlanta Braves,49,1,Pitcher,Pitcher,A,40-man,2026-01-28 14:55:21,16258.0,Aaron,Bummer,Aaron Bummer
663586,Austin Riley,144,Atlanta Braves,27,5,Third Base,Infielder,A,40-man,2026-01-28 14:55:21,18360.0,Michael,Riley,Michael Riley
693821,Bryce Elder,144,Atlanta Braves,55,1,Pitcher,Pitcher,A,40-man,2026-01-28 14:55:21,27779.0,Bryce,Elder,Bryce Elder
519242,Chris Sale,144,Atlanta Braves,51,1,Pitcher,Pitcher,A,40-man,2026-01-28 14:55:21,10603.0,Christopher,Sale,Christopher Sale
664849,Danny Young,144,Atlanta Braves,,1,Pitcher,Pitcher,A,40-man,2026-01-28 14:55:21,18439.0,Daniel,Young,Daniel Young
678226,Daysbel Hernández,144,Atlanta Braves,62,1,Pitcher,Pitcher,A,40-man,2026-01-28 14:55:21,20271.0,Daysbel,Hernández,Daysbel Hernández
800311,Didier Fuentes,144,Atlanta Braves,75,1,Pitcher,Pitcher,A,40-man,2026-01-28 14:55:21,30661.0,Didier,Fuentes,Didier Fuentes
686948,Drake Baldwin,144,Atlanta Braves,30,2,Catcher,Catcher,A,40-man,2026-01-28 14:55:21,31539.0,Drake,Baldwin,Drake Baldwin
689266,Dylan Dodd,144,Atlanta Braves,46,1,Pitcher,Pitcher,A,40-man,2026-01-28 14:55:21,29928.0,Dylan,Dodd,Dylan Dodd
669276,Dylan Lee,144,Atlanta Braves,52,1,Pitcher,Pitcher,A,40-man,2026-01-28 14:55:21,19996.0,Dylan,Lee,Dylan Lee
642201,Eli White,144,Atlanta Braves,36,9,Outfielder,Outfielder,A,40-man,2026-01-28 14:55:21,19346.0,Elijah,White,Elijah White
656550,Grant Holmes,144,Atlanta Braves,66,1,Pitcher,Pitcher,A,40-man,2026-01-28 14:55:21,16944.0,Harrison,Holmes,Harrison Holmes
673490,Ha-Seong Kim,144,Atlanta Braves,7,6,Shortstop,Infielder,A,40-man,2026-01-28 14:55:21,27506.0,Ha-Seong,Kim,Ha-Seong Kim
802686,Hayden Harris,144,Atlanta Braves,79,1,Pitcher,Pitcher,A,40-man,2026-01-28 14:55:21,31913.0,Hayden,Harris,Hayden Harris
676702,Hunter Stratton,144,Atlanta Braves,65,1,Pitcher,Pitcher,A,40-man,2026-01-28 14:55:21,23455.0,Hunter,Stratton,Hunter Stratton
694462,Hurston Waldrep,144,Atlanta Braves,64,1,Pitcher,Pitcher,A,40-man,2026-01-28 14:55:21,33527.0,Hurston,Waldrep,Hurston Waldrep
641656,Ian Hamilton,144,Atlanta Braves,,1,Pitcher,Pitcher,A,40-man,2026-01-28 14:55:21,19261.0,Ian,Hamilton,Ian Hamilton
702910,Jhancarlos Lara,144,Atlanta Braves,81,1,Pitcher,Pitcher,A,40-man,2026-01-28 14:55:21,,Jhancarlos,Lara,Jhancarlos Lara
641729,Joe Jiménez,144,Atlanta Braves,77,1,Pitcher,Pitcher,A,40-man,2026-01-28 14:55:21,15761.0,Joe,Jiménez,Joe Jiménez
606303,Joel Payamps,144,Atlanta Braves,,1,Pitcher,Pitcher,A,40-man,2026-01-28 14:55:21,14332.0,Joel,Payamps,Joel Payamps
666214,Joey Wentz,144,Atlanta Braves,33,1,Pitcher,Pitcher,A,40-man,2026-01-28 14:55:21,19962.0,Joseph,Wentz,Joseph Wentz
622761,Jorge Mateo,144,Atlanta Braves,2,6,Shortstop,Infielder,A,40-man,2026-01-28 14:55:21,17273.0,Jorge,Mateo,Jorge Mateo
660761,José Suarez,144,Atlanta Braves,,1,Pitcher,Pitcher,A,40-man,2026-01-28 14:55:21,19911.0,José,Suarez,José Suarez
595777,Jurickson Profar,144,Atlanta Braves,17,7,Outfielder,Outfielder,A,40-man,2026-01-28 14:55:21,10815.0,Jurickson,Profar,Jurickson Profar
621566,Matt Olson,144,Atlanta Braves,28,3,First Base,Infielder,A,40-man,2026-01-28 14:55:21,14344.0,Matthew,Olson,Matthew Olson
643289,Mauricio Dubón,144,Atlanta Braves,,4,Second Base,Infielder,A,40-man,2026-01-28 14:55:21,16530.0,Mauricio,Dubón,Mauricio Dubón
671739,Michael Harris II,144,Atlanta Braves,23,8,Outfielder,Outfielder,A,40-man,2026-01-28 14:55:21,25931.0,Michael,Harris,Michael Harris
573262,Mike Yastrzemski,144,Atlanta Braves,18,9,Outfielder,Outfielder,A,40-man,2026-01-28 14:55:21,14854.0,Michael,Yastrzemski,Michael Yastrzemski
805373,Nacho Alvarez Jr.,144,Atlanta Braves,24,6,Shortstop,Infielder,A,40-man,2026-01-28 14:55:21,31765.0,Ignacio,Alvarez,Ignacio Alvarez
645277,Ozzie Albies,144,Atlanta Braves,1,4,Second Base,Infielder,A,40-man,2026-01-28 14:55:21,16556.0,Ozhaino,Albies,Ozhaino Albies
628452,Raisel Iglesias,144,Atlanta Braves,26,1,Pitcher,Pitcher,A,40-man,2026-01-28 14:55:21,17130.0,Raisel,Iglesias,Raisel Iglesias
625643,Reynaldo López,144,Atlanta Braves,40,1,Pitcher,Pitcher,A,40-man,2026-01-28 14:55:21,16400.0,Reynaldo,López,Reynaldo López
663158,Robert Suarez,144,Atlanta Braves,75,1,Pitcher,Pitcher,A,40-man,2026-01-28 14:55:21,30115.0,Robert,Suarez,Robert Suarez
691548,Rolddy Muñoz,144,Atlanta Braves,70,1,Pitcher,Pitcher,A,40-man,2026-01-28 14:55:21,27407.0,Rolddy,Muñoz,Rolddy Muñoz
660670,Ronald Acuña Jr.,144,Atlanta Braves,13,9,Outfielder,Outfielder,A,40-man,2026-01-28 14:55:21,18401.0,Ronald,Acuña,Ronald Acuña
669221,Sean Murphy,144,Atlanta Braves,12,2,Catcher,Catcher,A,40-man,2026-01-28 14:55:21,19352.0,Sean,Murphy,Sean Murphy
680885,Spencer Schwellenbach,144,Atlanta Braves,56,1,Pitcher,Pitcher,A,40-man,2026-01-28 14:55:21,31846.0,Spencer,Schwellenbach,Spencer Schwellenbach
675911,Spencer Strider,144,Atlanta Braves,99,1,Pitcher,Pitcher,A,40-man,2026-01-28 14:55:21,27498.0,Spencer,Strider,Spencer Strider
641755,Tyler Kinley,144,Atlanta Braves,,1,Pitcher,Pitcher,A,40-man,2026-01-28 14:55:21,18297.0,Tyler,Kinley,Tyler Kinley
693739,Alexander Alberto,145,Chicago White Sox,,1,Pitcher,Pitcher,A,40-man,2026-01-28 14:55:21,,Alexander,Alberto,Alexander Alberto
643217,Andrew Benintendi,145,Chicago White Sox,23,7,Outfielder,Outfielder,A,40-man,2026-01-28 14:55:21,17901.0,Andrew,Benintendi,Andrew Benintendi
641743,Anthony Kay,145,Chicago White Sox,,1,Pitcher,Pitcher,A,40-man,2026-01-28 14:55:21,20387.0,Anthony,Kay,Anthony Kay
685126,Brandon Eisert,145,Chicago White Sox,53,1,Pitcher,Pitcher,A,40-man,2026-01-28 14:55:21,27668.0,Brandon,Eisert,Brandon Eisert
681460,Brooks Baldwin,145,Chicago White Sox,27,7,Outfielder,Outfielder,A,40-man,2026-01-28 14:55:21,31394.0,Riley,Baldwin,Riley Baldwin
663542,Bryan Hudson,145,Chicago White Sox,60,1,Pitcher,Pitcher,A,40-man,2026-01-28 14:55:21,19924.0,Bryan,Hudson,Bryan Hudson
682868,Bryan Ramos,145,Chicago White Sox,44,5,Third Base,Infielder,A,40-man,2026-01-28 14:55:21,25621.0,Bryan,Ramos,Bryan Ramos
805367,Chase Meidroth,145,Chicago White Sox,10,6,Shortstop,Infielder,A,40-man,2026-01-28 14:55:21,31580.0,Chase,Meidroth,Chase Meidroth
669684,Chris Murphy,145,Chicago White Sox,,1,Pitcher,Pitcher,A,40-man,2026-01-28 14:55:21,26214.0,Christopher,Murphy,Christopher Murphy
695657,Colson Montgomery,145,Chicago White Sox,12,6,Shortstop,Infielder,A,40-man,2026-01-28 14:55:21,29712.0,Colson,Montgomery,Colson Montgomery
678554,Curtis Mead,145,Chicago White Sox,29,3,First Base,Infielder,A,40-man,2026-01-28 14:55:21,23986.0,Curtis,Mead,Curtis Mead
663436,Davis Martin,145,Chicago White Sox,65,1,Pitcher,Pitcher,A,40-man,2026-01-28 14:55:21,21448.0,Davis,Martin,Davis Martin
656537,Derek Hill,145,Chicago White Sox,47,8,Outfielder,Outfielder,A,40-man,2026-01-28 14:55:21,16947.0,Derek,Hill,Derek Hill
691011,Drew Romo,145,Chicago White Sox,,2,Catcher,Catcher,A,40-man,2026-01-28 14:55:21,27763.0,Drew,Romo,Drew Romo
689672,Drew Thorpe,145,Chicago White Sox,33,1,Pitcher,Pitcher,A,40-man,2026-01-28 14:55:21,31967.0,Andrew,Thorpe,Andrew Thorpe
701474,Duncan Davitt,145,Chicago White Sox,,1,Pitcher,Pitcher,A,40-man,2026-01-28 14:55:21,,Duncan,Davitt,Duncan Davitt
700337,Edgar Quero,145,Chicago White Sox,7,2,Catcher,Catcher,A,40-man,2026-01-28 14:55:21,28022.0,Edgar,Quero,Edgar Quero
677592,Everson Pereira,145,Chicago White Sox,,8,Outfielder,Outfielder,A,40-man,2026-01-28 14:55:21,23695.0,Everson,Pereira,Everson Pereira
691799,Grant Taylor,145,Chicago White Sox,31,1,Pitcher,Pitcher,A,40-man,2026-01-28 14:55:21,33927.0,Grant,Taylor,Grant Taylor
683568,Jairo Iriarte,145,Chicago White Sox,58,1,Pitcher,Pitcher,A,40-man,2026-01-28 14:55:21,26907.0,Jairo,Iriarte,Jairo Iriarte
699151,Jedixson Paez,145,Chicago White Sox,,1,Pitcher,Pitcher,A,40-man,2026-01-28 14:55:21,,Jedixson,Paez,Jedixson Paez
686563,Jonathan Cannon,145,Chicago White Sox,48,1,Pitcher,Pitcher,A,40-man,2026-01-28 14:55:21,31730.0,Jonathan,Cannon,Jonathan Cannon
673929,Jordan Leasure,145,Chicago White Sox,49,1,Pitcher,Pitcher,A,40-man,2026-01-28 14:55:21,29950.0,Jordan,Leasure,Jordan Leasure
686676,Korey Lee,145,Chicago White Sox,26,2,Catcher,Catcher,A,40-man,2026-01-28 14:55:21,25543.0,Korey,Lee,Korey Lee
681066,Ky Bush,145,Chicago White Sox,,1,Pitcher,Pitcher,A,40-man,2026-01-28 14:55:21,29823.0,Kyler,Bush,Kyler Bush
691019,Kyle Teel,145,Chicago White Sox,8,2,Catcher,Catcher,A,40-man,2026-01-28 14:55:21,33549.0,Kyle,Teel,Kyle Teel
672820,Lenyn Sosa,145,Chicago White Sox,50,4,Second Base,Infielder,A,40-man,2026-01-28 14:55:21,22896.0,Lenyn,Sosa,Lenyn Sosa
682668,Luisangel Acuña,145,Chicago White Sox,10,4,Second Base,Infielder,A,40-man,2026-01-28 14:55:21,26548.0,Luisangel,Acuña,Luisangel Acuña
678246,Miguel Vargas,145,Chicago White Sox,20,5,Third Base,Infielder,A,40-man,2026-01-28 14:55:21,20178.0,Miguel,Vargas,Miguel Vargas
678024,Mike Vasil,145,Chicago White Sox,61,1,Pitcher,Pitcher,A,40-man,2026-01-28 14:55:21,30105.0,Michael,Vasil,Michael Vasil
808959,Munetaka Murakami,145,Chicago White Sox,5,5,Third Base,Infielder,A,40-man,2026-01-28 14:55:21,,Munetaka,Murakami,Munetaka Murakami
672860,Prelander Berroa,145,Chicago White Sox,66,1,Pitcher,Pitcher,A,40-man,2026-01-28 14:55:21,22932.0,Prelander,Berroa,Prelander Berroa
680732,Sean Burke,145,Chicago White Sox,59,1,Pitcher,Pitcher,A,40-man,2026-01-28 14:55:21,29878.0,Sean,Burke,Sean Burke
656794,Sean Newcomb,145,Chicago White Sox,,1,Pitcher,Pitcher,A,40-man,2026-01-28 14:55:21,16943.0,Sean,Newcomb,Sean Newcomb
681343,Shane Smith,145,Chicago White Sox,64,1,Pitcher,Pitcher,A,40-man,2026-01-28 14:55:21,31687.0,Shane,Smith,Shane Smith
701780,Tanner McDougal,145,Chicago White Sox,,1,Pitcher,Pitcher,A,40-man,2026-01-28 14:55:21,,Tanner,McDougal,Tanner McDougal
695020,Tanner Murray,145,Chicago White Sox,,4,Second Base,Infielder,A,40-man,2026-01-28 14:55:21,,Tanner,Murray,Tanner Murray
671976,Tristan Peters,145,Chicago White Sox,,7,Outfielder,Outfielder,A,40-man,2026-01-28 14:55:21,30063.0,Tristan,Peters,Tristan Peters
656457,Tyler Gilbert,145,Chicago White Sox,40,1,Pitcher,Pitcher,A,40-man,2026-01-28 14:55:21,17964.0,Tyler,Gilbert,Tyler Gilbert
682790,Wikelman González,145,Chicago White Sox,66,1,Pitcher,Pitcher,A,40-man,2026-01-28 14:55:21,26641.0,Wikelman,González,Wikelman González
800049,Adam Mazur,146,Miami Marlins,60,1,Pitcher,Pitcher,A,40-man,2026-01-28 14:55:21,31900.0,Adam,Mazur,Adam Mazur
682663,Agustín Ramírez,146,Miami Marlins,50,2,Catcher,Catcher,A,40-man,2026-01-28 14:55:21,26546.0,Agustín,Ramírez,Agustín Ramírez
677053,Andrew Nardi,146,Miami Marlins,43,1,Pitcher,Pitcher,A,40-man,2026-01-28 14:55:21,25942.0,Andrew,Nardi,Andrew Nardi
669622,Anthony Bender,146,Miami Marlins,37,1,Pitcher,Pitcher,A,40-man,2026-01-28 14:55:21,19742.0,Anthony,Bender,Anthony Bender
687134,Bradley Blalock,146,Miami Marlins,,1,Pitcher,Pitcher,A,40-man,2026-01-28 14:55:21,26419.0,Bradley,Blalock,Bradley Blalock
666129,Braxton Garrett,146,Miami Marlins,29,1,Pitcher,Pitcher,A,40-man,2026-01-28 14:55:21,21844.0,Braxton,Garrett,Braxton Garrett
806188,Cade Gibson,146,Miami Marlins,58,1,Pitcher,Pitcher,A,40-man,2026-01-28 14:55:21,31815.0,Cade,Gibson,Cade Gibson
676534,Calvin Faucher,146,Miami Marlins,53,1,Pitcher,Pitcher,A,40-man,2026-01-28 14:55:21,20116.0,Calvin,Faucher,Calvin Faucher
666624,Christopher Morel,146,Miami Marlins,,7,Outfielder,Outfielder,A,40-man,2026-01-28 14:55:21,21897.0,Christopher,Morel,Christopher Morel
681393,Connor Norby,146,Miami Marlins,1,5,Third Base,Infielder,A,40-man,2026-01-28 14:55:21,29592.0,Connor,Norby,Connor Norby
690978,Dax Fulton,146,Miami Marlins,90,1,Pitcher,Pitcher,A,40-man,2026-01-28 14:55:21,,Daxton,Fulton,Daxton Fulton
691277,Deyvison De Los Santos,146,Miami Marlins,65,5,Third Base,Infielder,A,40-man,2026-01-28 14:55:21,,Deyvison,De Los Santos,Deyvison De Los Santos
665923,Esteury Ruiz,146,Miami Marlins,,7,Outfielder,Outfielder,A,40-man,2026-01-28 14:55:21,21780.0,Esteury,Ruiz,Esteury Ruiz
691587,Eury Pérez,146,Miami Marlins,39,1,Pitcher,Pitcher,A,40-man,2026-01-28 14:55:21,27768.0,Eury,Pérez,Eury Pérez
688363,Graham Pauley,146,Miami Marlins,21,5,Third Base,Infielder,A,40-man,2026-01-28 14:55:21,31363.0,Graham,Pauley,Graham Pauley
665052,Griffin Conine,146,Miami Marlins,18,7,Outfielder,Outfielder,A,40-man,2026-01-28 14:55:21,21626.0,Griffin,Conine,Griffin Conine
681715,Heriberto Hernández,146,Miami Marlins,64,7,Outfielder,Outfielder,A,40-man,2026-01-28 14:55:21,24878.0,Heriberto,Hernandez,Heriberto Hernandez
805300,Jakob Marsee,146,Miami Marlins,87,8,Outfielder,Outfielder,A,40-man,2026-01-28 14:55:21,31370.0,Jakob,Marsee,Jakob Marsee
676083,Janson Junk,146,Miami Marlins,26,1,Pitcher,Pitcher,A,40-man,2026-01-28 14:55:21,23301.0,Janson,Junk,Janson Junk
691858,Jared Serna,146,Miami Marlins,68,6,Shortstop,Infielder,A,40-man,2026-01-28 14:55:21,,Jared,Serna,Jared Serna
691594,Javier Sanoja,146,Miami Marlins,46,4,Second Base,Infielder,A,40-man,2026-01-28 14:55:21,28253.0,Javier,Sanoja,Javier Sanoja
691788,Joe Mack,146,Miami Marlins,,2,Catcher,Catcher,A,40-man,2026-01-28 14:55:21,,Joseph,Mack,Joseph Mack
681006,Josh Simpson,146,Miami Marlins,66,1,Pitcher,Pitcher,A,40-man,2026-01-28 14:55:21,25957.0,Joshua,Simpson,Joshua Simpson
687985,Josh White,146,Miami Marlins,,1,Pitcher,Pitcher,A,40-man,2026-01-28 14:55:21,,Joshua,White,Joshua White
669065,Kyle Stowers,146,Miami Marlins,28,7,Outfielder,Outfielder,A,40-man,2026-01-28 14:55:21,26151.0,Kyle,Stowers,Kyle Stowers
669199,Lake Bachar,146,Miami Marlins,84,1,Pitcher,Pitcher,A,40-man,2026-01-28 14:55:21,19222.0,Lake,Bachar,Lake Bachar
689414,Liam Hicks,146,Miami Marlins,34,2,Catcher,Catcher,A,40-man,2026-01-28 14:55:21,29844.0,Liam,Hicks,Liam Hicks
676974,Max Meyer,146,Miami Marlins,23,1,Pitcher,Pitcher,A,40-man,2026-01-28 14:55:21,27474.0,Max,Meyer,Max Meyer
691185,Maximo Acosta,146,Miami Marlins,24,6,Shortstop,Infielder,A,40-man,2026-01-28 14:55:21,27963.0,Maximo,Acosta,Maximo Acosta
656848,Michael Petersen,146,Miami Marlins,49,1,Pitcher,Pitcher,A,40-man,2026-01-28 14:55:21,20827.0,Michael,Petersen,Michael Petersen
672640,Otto Lopez,146,Miami Marlins,6,4,Second Base,Infielder,A,40-man,2026-01-28 14:55:21,19608.0,Otto,Lopez,Otto Lopez
683357,Owen Caissie,146,Miami Marlins,,9,Outfielder,Outfielder,A,40-man,2026-01-28 14:55:21,27496.0,Owen,Caissie,Owen Caissie
664126,Pete Fairbanks,146,Miami Marlins,,1,Pitcher,Pitcher,A,40-man,2026-01-28 14:55:21,17998.0,Peter,Fairbanks,Peter Fairbanks
678692,Ronny Henriquez,146,Miami Marlins,32,1,Pitcher,Pitcher,A,40-man,2026-01-28 14:55:21,24094.0,Ronny,Henriquez,Ronny Henriquez
687473,Ryan Gusto,146,Miami Marlins,65,1,Pitcher,Pitcher,A,40-man,2026-01-28 14:55:21,26440.0,Ryan,Gusto,Ryan Gusto
645261,Sandy Alcantara,146,Miami Marlins,22,1,Pitcher,Pitcher,A,40-man,2026-01-28 14:55:21,18684.0,Sandy,Alcantara,Sandy Alcantara
663969,Tyler Phillips,146,Miami Marlins,30,1,Pitcher,Pitcher,A,40-man,2026-01-28 14:55:21,20629.0,Tyler,Phillips,Tyler Phillips
683748,Victor Mesa Jr.,146,Miami Marlins,10,8,Outfielder,Outfielder,A,40-man,2026-01-28 14:55:21,25999.0,Victor,Mesa,Victor Mesa
687531,William Kempner,146,Miami Marlins,,1,Pitcher,Pitcher,A,40-man,2026-01-28 14:55:21,,William,Kempner,William Kempner
669364,Xavier Edwards,146,Miami Marlins,9,6,Shortstop,Infielder,A,40-man,2026-01-28 14:55:21,22266.0,Xavier,Edwards,Xavier Edwards
592450,Aaron Judge,147,New York Yankees,99,9,Outfielder,Outfielder,A,40-man,2026-01-28 14:55:21,15640.0,Aaron,Judge,Aaron Judge
642708,Amed Rosario,147,New York Yankees,14,5,Third Base,Infielder,A,40-man,2026-01-28 14:55:21,15518.0,German,Rosario,German Rosario
683409,Angel Chivilli,147,New York Yankees,,1,Pitcher,Pitcher,A,40-man,2026-01-28 14:55:21,26790.0,Angel,Chivilli,Angel Chivilli
683011,Anthony Volpe,147,New York Yankees,11,6,Shortstop,Infielder,A,40-man,2026-01-28 14:55:21,27647.0,Anthony,Volpe,Anthony Volpe
669224,Austin Wells,147,New York Yankees,28,2,Catcher,Catcher,A,40-man,2026-01-28 14:55:21,27562.0,Austin,Wells,Austin Wells
700250,Ben Rice,147,New York Yankees,22,3,First Base,Infielder,A,40-man,2026-01-28 14:55:21,29576.0,Benjamin,Rice,Benjamin Rice
669699,Braden Shewmake,147,New York Yankees,89,6,Shortstop,Infielder,A,40-man,2026-01-28 14:55:21,25817.0,Braden,Shewmake,Braden Shewmake
687396,Brent Headrick,147,New York Yankees,47,1,Pitcher,Pitcher,A,40-man,2026-01-28 14:55:21,27702.0,Brent,Headrick,Brent Headrick
685464,Cade Winquest,147,New York Yankees,,1,Pitcher,Pitcher,A,40-man,2026-01-28 14:55:21,,Cade,Winquest,Cade Winquest
693645,Cam Schlittler,147,New York Yankees,31,1,Pitcher,Pitcher,A,40-man,2026-01-28 14:55:21,32095.0,Cameron,Schlittler,Cameron Schlittler
666808,Camilo Doval,147,New York Yankees,75,1,Pitcher,Pitcher,A,40-man,2026-01-28 14:55:21,21992.0,Camilo,Doval,Camilo Doval
607074,Carlos Rodón,147,New York Yankees,55,1,Pitcher,Pitcher,A,40-man,2026-01-28 14:55:21,16137.0,Carlos,Rodón,Carlos Rodón
694633,Chase Hampton,147,New York Yankees,,1,Pitcher,Pitcher,A,40-man,2026-01-28 14:55:21,,Aubrey,Hampton,Aubrey Hampton
657376,Clarke Schmidt,147,New York Yankees,36,1,Pitcher,Pitcher,A,40-man,2026-01-28 14:55:21,19899.0,Clarke,Schmidt,Clarke Schmidt
641355,Cody Bellinger,147,New York Yankees,35,7,Outfielder,Outfielder,A,40-man,2026-01-28 14:55:21,15998.0,Cody,Bellinger,Cody Bellinger
670280,David Bednar,147,New York Yankees,53,1,Pitcher,Pitcher,A,40-man,2026-01-28 14:55:21,19569.0,David,Bednar,David Bednar
687589,Dom Hamel,147,New York Yankees,,1,Pitcher,Pitcher,A,40-man,2026-01-28 14:55:21,30153.0,Dominic,Hamel,Dominic Hamel
695684,Elmer Rodríguez,147,New York Yankees,,1,Pitcher,Pitcher,A,40-man,2026-01-28 14:55:21,,Elmer,Rodríguez,Elmer Rodríguez
518585,Fernando Cruz,147,New York Yankees,63,1,Pitcher,Pitcher,A,40-man,2026-01-28 14:55:21,7048.0,Fernando,Cruz,Fernando Cruz
543037,Gerrit Cole,147,New York Yankees,45,1,Pitcher,Pitcher,A,40-man,2026-01-28 14:55:21,13125.0,Gerrit,Cole,Gerrit Cole
519317,Giancarlo Stanton,147,New York Yankees,27,10,Designated Hitter,Hitter,A,40-man,2026-01-28 14:55:21,4949.0,Giancarlo,Stanton,Giancarlo Stanton
641555,J.C. Escarra,147,New York Yankees,25,2,Catcher,Catcher,A,40-man,2026-01-28 14:55:21,20084.0,Juan,Escarra,Juan Escarra
656234,Jake Bird,147,New York Yankees,59,1,Pitcher,Pitcher,A,40-man,2026-01-28 14:55:21,21267.0,Jacob,Bird,Jacob Bird
691176,Jasson Domínguez,147,New York Yankees,24,7,Outfielder,Outfielder,A,40-man,2026-01-28 14:55:21,28080.0,Jasson,Domínguez,Jasson Domínguez
665862,Jazz Chisholm Jr.,147,New York Yankees,13,4,Second Base,Infielder,A,40-man,2026-01-28 14:55:21,20454.0,Jasrado,Chisholm,Jasrado Chisholm
678391,Jorbit Vivas,147,New York Yankees,90,4,Second Base,Infielder,A,40-man,2026-01-28 14:55:21,23917.0,Jorbit,Vivas,Jorbit Vivas
676609,José Caballero,147,New York Yankees,72,6,Shortstop,Infielder,A,40-man,2026-01-28 14:55:21,23401.0,José,Caballero,José Caballero
665645,Kervin Castro,147,New York Yankees,,1,Pitcher,Pitcher,A,40-man,2026-01-28 14:55:21,21656.0,Kervin,Castro,Kervin Castro
661563,Luis Gil,147,New York Yankees,81,1,Pitcher,Pitcher,A,40-man,2026-01-28 14:55:21,21052.0,Luis,Gil,Luis Gil
608331,Max Fried,147,New York Yankees,54,1,Pitcher,Pitcher,A,40-man,2026-01-28 14:55:21,13743.0,Max,Fried,Max Fried
672279,Michael Siani,147,New York Yankees,,8,Outfielder,Outfielder,A,40-man,2026-01-28 14:55:21,22557.0,Michael,Siani,Michael Siani
665828,Oswaldo Cabrera,147,New York Yankees,95,5,Third Base,Infielder,A,40-man,2026-01-28 14:55:21,21707.0,Oswaldo,Cabrera,Oswaldo Cabrera
621112,Paul Blackburn,147,New York Yankees,58,1,Pitcher,Pitcher,A,40-man,2026-01-28 14:55:21,14739.0,Paul,Blackburn,Paul Blackburn
641857,Ryan McMahon,147,New York Yankees,19,5,Third Base,Infielder,A,40-man,2026-01-28 14:55:21,15112.0,Ryan,McMahon,Ryan McMahon
677960,Ryan Weathers,147,New York Yankees,,1,Pitcher,Pitcher,A,40-man,2026-01-28 14:55:21,23796.0,Ryan,Weathers,Ryan Weathers
642232,Ryan Yarbrough,147,New York Yankees,33,1,Pitcher,Pitcher,A,40-man,2026-01-28 14:55:21,16502.0,Ryan,Yarbrough,Ryan Yarbrough
682987,Spencer Jones,147,New York Yankees,,8,Outfielder,Outfielder,A,40-man,2026-01-28 14:55:21,,Spencer,Jones,Spencer Jones
657612,Tim Hill,147,New York Yankees,41,1,Pitcher,Pitcher,A,40-man,2026-01-28 14:55:21,16814.0,Timothy,Hill,Timothy Hill
663757,Trent Grisham,147,New York Yankees,12,8,Outfielder,Outfielder,A,40-man,2026-01-28 14:55:21,18564.0,Trenton,Grisham,Trenton Grisham
701542,Will Warren,147,New York Yankees,98,1,Pitcher,Pitcher,A,40-man,2026-01-28 14:55:21,30182.0,William,Warren,William Warren
660787,Yerry De los Santos,147,New York Yankees,73,1,Pitcher,Pitcher,A,40-man,2026-01-28 14:55:21,21420.0,Yerry,De los Santos,Yerry De los Santos
676879,Aaron Ashby,158,Milwaukee Brewers,26,1,Pitcher,Pitcher,A,40-man,2026-01-28 14:55:21,23550.0,Aaron,Ashby,Aaron Ashby
682842,Abner Uribe,158,Milwaukee Brewers,45,1,Pitcher,Pitcher,A,40-man,2026-01-28 14:55:21,25327.0,Abner,Uribe,Abner Uribe
668731,Akil Baddoo,158,Milwaukee Brewers,25,7,Outfielder,Outfielder,A,40-man,2026-01-28 14:55:21,22168.0,Akil,Baddoo,Akil Baddoo
683734,Andrew Vaughn,158,Milwaukee Brewers,28,3,First Base,Infielder,A,40-man,2026-01-28 14:55:21,26197.0,Andrew,Vaughn,Andrew Vaughn
655316,Andruw Monasterio,158,Milwaukee Brewers,14,6,Shortstop,Infielder,A,40-man,2026-01-28 14:55:21,19455.0,Andruw,Monasterio,Andruw Monasterio
672582,Angel Zerpa,158,Milwaukee Brewers,61,1,Pitcher,Pitcher,A,40-man,2026-01-28 14:55:21,22717.0,Angel,Zerpa,Angel Zerpa
678011,Anthony Seigler,158,Milwaukee Brewers,18,4,Second Base,Infielder,A,40-man,2026-01-28 14:55:21,23802.0,Anthony,Seigler,Anthony Seigler
663368,Blake Perkins,158,Milwaukee Brewers,16,8,Outfielder,Outfielder,A,40-man,2026-01-28 14:55:21,19921.0,Blake,Perkins,Blake Perkins
663604,Brandon Lockridge,158,Milwaukee Brewers,20,7,Outfielder,Outfielder,A,40-man,2026-01-28 14:55:21,21496.0,Brandon,Lockridge,Brandon Lockridge
687075,Brandon Sproat,158,Milwaukee Brewers,23,1,Pitcher,Pitcher,A,40-man,2026-01-28 14:55:21,33850.0,Brandon,Sproat,Brandon Sproat
605540,Brandon Woodruff,158,Milwaukee Brewers,53,1,Pitcher,Pitcher,A,40-man,2026-01-28 14:55:21,16162.0,Brandon,Woodruff,Brandon Woodruff
668930,Brice Turang,158,Milwaukee Brewers,2,4,Second Base,Infielder,A,40-man,2026-01-28 14:55:21,22186.0,Brice,Turang,Brice Turang
702332,Caleb Durbin,158,Milwaukee Brewers,21,5,Third Base,Infielder,A,40-man,2026-01-28 14:55:21,29646.0,Caleb,Durbin,Caleb Durbin
692230,Carlos Rodriguez,158,Milwaukee Brewers,27,1,Pitcher,Pitcher,A,40-man,2026-01-28 14:55:21,30161.0,Carlos,Rodriguez,Carlos Rodriguez
694477,Chad Patrick,158,Milwaukee Brewers,39,1,Pitcher,Pitcher,A,40-man,2026-01-28 14:55:21,30113.0,Chandler,Patrick,Chandler Patrick
592885,Christian Yelich,158,Milwaukee Brewers,22,7,Outfielder,Outfielder,A,40-man,2026-01-28 14:55:21,11477.0,Christian,Yelich,Christian Yelich
689441,Coleman Crow,158,Milwaukee Brewers,72,1,Pitcher,Pitcher,A,40-man,2026-01-28 14:55:21,,Coleman,Crow,Coleman Crow
684974,Craig Yoho,158,Milwaukee Brewers,48,1,Pitcher,Pitcher,A,40-man,2026-01-28 14:55:21,33248.0,Craig,Yoho,Craig Yoho
669084,DL Hall,158,Milwaukee Brewers,37,1,Pitcher,Pitcher,A,40-man,2026-01-28 14:55:21,22207.0,Dayton,Hall,Dayton Hall
668834,Easton McGee,158,Milwaukee Brewers,50,1,Pitcher,Pitcher,A,40-man,2026-01-28 14:55:21,22176.0,Easton,McGee,Easton McGee
669003,Garrett Mitchell,158,Milwaukee Brewers,5,8,Outfielder,Outfielder,A,40-man,2026-01-28 14:55:21,27555.0,Garrett,Mitchell,Garrett Mitchell
681982,Grant Anderson,158,Milwaukee Brewers,56,1,Pitcher,Pitcher,A,40-man,2026-01-28 14:55:21,20546.0,Grant,Anderson,Grant Anderson
694192,Jackson Chourio,158,Milwaukee Brewers,11,8,Outfielder,Outfielder,A,40-man,2026-01-28 14:55:21,28806.0,Jackson,Chourio,Jackson Chourio
694819,Jacob Misiorowski,158,Milwaukee Brewers,32,1,Pitcher,Pitcher,A,40-man,2026-01-28 14:55:21,31623.0,Jacob,Misiorowski,Jacob Misiorowski
641343,Jake Bauers,158,Milwaukee Brewers,9,3,First Base,Infielder,A,40-man,2026-01-28 14:55:21,15194.0,Jakob,Bauers,Jakob Bauers
657649,Jared Koenig,158,Milwaukee Brewers,47,1,Pitcher,Pitcher,A,40-man,2026-01-28 14:55:21,27517.0,Jared,Koenig,Jared Koenig
691620,Jeferson Quero,158,Milwaukee Brewers,15,2,Catcher,Catcher,A,40-man,2026-01-28 14:55:21,,Jeferson,Quero,Jeferson Quero
687401,Joey Ortiz,158,Milwaukee Brewers,3,6,Shortstop,Infielder,A,40-man,2026-01-28 14:55:21,25493.0,Joseph,Ortiz,Joseph Ortiz
701656,Logan Henderson,158,Milwaukee Brewers,43,1,Pitcher,Pitcher,A,40-man,2026-01-28 14:55:21,31475.0,Logan,Henderson,Logan Henderson
682990,Quinn Priester,158,Milwaukee Brewers,46,1,Pitcher,Pitcher,A,40-man,2026-01-28 14:55:21,25977.0,Charles,Priester,Charles Priester
642239,Rob Zastryzny,158,Milwaukee Brewers,58,1,Pitcher,Pitcher,A,40-man,2026-01-28 14:55:21,15094.0,Robert,Zastryzny,Robert Zastryzny
688107,Robert Gasser,158,Milwaukee Brewers,54,1,Pitcher,Pitcher,A,40-man,2026-01-28 14:55:21,29812.0,Robert,Gasser,Robert Gasser
686217,Sal Frelick,158,Milwaukee Brewers,10,9,Outfielder,Outfielder,A,40-man,2026-01-28 14:55:21,29622.0,Salvatore,Frelick,Salvatore Frelick
671111,Sammy Peralta,158,Milwaukee Brewers,57,1,Pitcher,Pitcher,A,40-man,2026-01-28 14:55:21,25589.0,Samuel,Peralta,Samuel Peralta
672642,Steward Berroa,158,Milwaukee Brewers,35,9,Outfielder,Outfielder,A,40-man,2026-01-28 14:55:21,22766.0,Steward,Berroa,Steward Berroa
656730,Trevor Megill,158,Milwaukee Brewers,29,1,Pitcher,Pitcher,A,40-man,2026-01-28 14:55:21,17722.0,Trevor,Megill,Trevor Megill
672012,Tyler Black,158,Milwaukee Brewers,7,5,Third Base,Infielder,A,40-man,2026-01-28 14:55:21,29949.0,Tyler,Black,Tyler Black
661388,William Contreras,158,Milwaukee Brewers,24,2,Catcher,Catcher,A,40-man,2026-01-28 14:55:21,20503.0,William,Contreras,William Contreras
666201,Alek Manoah,108,Los Angeles Angels,47,1,Pitcher,Pitcher,A,40-man,2026-01-28 14:55:21,26410.0,Alek,Manoah,Alek Manoah
543685,Anthony Rendon,108,Los Angeles Angels,6,5,Third Base,Infielder,A,40-man,2026-01-28 14:55:21,12861.0,Anthony,Rendon,Anthony Rendon
690829,Ben Joyce,108,Los Angeles Angels,44,1,Pitcher,Pitcher,A,40-man,2026-01-28 14:55:21,31461.0,Benjamin,Joyce,Benjamin Joyce
669326,Bryce Teodosio,108,Los Angeles Angels,22,8,Outfielder,Outfielder,A,40-man,2026-01-28 14:55:21,29524.0,Bryce,Teodosio,Bryce Teodosio
702674,Caden Dana,108,Los Angeles Angels,36,1,Pitcher,Pitcher,A,40-man,2026-01-28 14:55:21,31508.0,Caden,Dana,Caden Dana
681217,Chase Silseth,108,Los Angeles Angels,63,1,Pitcher,Pitcher,A,40-man,2026-01-28 14:55:21,30074.0,Chase,Silseth,Chase Silseth
695681,Christian Moore,108,Los Angeles Angels,4,4,Second Base,Infielder,A,40-man,2026-01-28 14:55:21,34979.0,Christian,Moore,Christian Moore
689520,Cody Laweryson,108,Los Angeles Angels,,1,Pitcher,Pitcher,A,40-man,2026-01-28 14:55:21,26429.0,Cody,Laweryson,Cody Laweryson
694203,Denzer Guzman,108,Los Angeles Angels,13,6,Shortstop,Infielder,A,40-man,2026-01-28 14:55:21,28816.0,Denzer,Guzman,Denzer Guzman
519141,Drew Pomeranz,108,Los Angeles Angels,13,1,Pitcher,Pitcher,A,40-man,2026-01-28 14:55:21,11426.0,Thomas,Pomeranz,Thomas Pomeranz
680570,Grayson Rodriguez,108,Los Angeles Angels,,1,Pitcher,Pitcher,A,40-man,2026-01-28 14:55:21,24492.0,Grayson,Rodriguez,Grayson Rodriguez
686799,Jack Kochanowicz,108,Los Angeles Angels,41,1,Pitcher,Pitcher,A,40-man,2026-01-28 14:55:21,27688.0,Jack,Kochanowicz,Jack Kochanowicz
666176,Jo Adell,108,Los Angeles Angels,7,8,Outfielder,Outfielder,A,40-man,2026-01-28 14:55:21,20220.0,Jordon,Adell,Jordon Adell
605447,Jordan Romano,108,Los Angeles Angels,68,1,Pitcher,Pitcher,A,40-man,2026-01-28 14:55:21,16122.0,Jordan,Romano,Jordan Romano
624585,Jorge Soler,108,Los Angeles Angels,12,9,Outfielder,Outfielder,A,40-man,2026-01-28 14:55:21,14221.0,Jorge,Soler,Jorge Soler
820862,José Fermin,108,Los Angeles Angels,68,1,Pitcher,Pitcher,A,40-man,2026-01-28 14:55:21,33908.0,Jose,Fermin,Jose Fermin
667755,José Soriano,108,Los Angeles Angels,59,1,Pitcher,Pitcher,A,40-man,2026-01-28 14:55:21,22100.0,José,Soriano,José Soriano
666139,Josh Lowe,108,Los Angeles Angels,3,9,Outfielder,Outfielder,A,40-man,2026-01-28 14:55:21,19953.0,Joshua,Lowe,Joshua Lowe
672391,Kaleb Ort,108,Los Angeles Angels,,1,Pitcher,Pitcher,A,40-man,2026-01-28 14:55:21,20061.0,Kaleb,Ort,Kaleb Ort
489446,Kirby Yates,108,Los Angeles Angels,39,1,Pitcher,Pitcher,A,40-man,2026-01-28 14:55:21,9073.0,Kirby,Yates,Kirby Yates
677347,Kyren Paris,108,Los Angeles Angels,19,4,Second Base,Infielder,A,40-man,2026-01-28 14:55:21,26420.0,Kyren,Paris,Kyren Paris
681351,Logan O'Hoppe,108,Los Angeles Angels,14,2,Catcher,Catcher,A,40-man,2026-01-28 14:55:21,24729.0,Logan,O'Hoppe,Logan O'Hoppe
683090,Matthew Lugo,108,Los Angeles Angels,15,7,Outfielder,Outfielder,A,40-man,2026-01-28 14:55:21,25980.0,Matthew,Lugo,Matthew Lugo
545361,Mike Trout,108,Los Angeles Angels,27,9,Outfielder,Outfielder,A,40-man,2026-01-28 14:55:21,10155.0,Michael,Trout,Michael Trout
815083,Mitch Farris,108,Los Angeles Angels,70,1,Pitcher,Pitcher,A,40-man,2026-01-28 14:55:21,33628.0,Mitchell,Farris,Mitchell Farris
694384,Nolan Schanuel,108,Los Angeles Angels,18,3,First Base,Infielder,A,40-man,2026-01-28 14:55:21,33189.0,Nolan,Schanuel,Nolan Schanuel
674370,Osvaldo Bido,108,Los Angeles Angels,,1,Pitcher,Pitcher,A,40-man,2026-01-28 14:55:21,23150.0,Osvaldo,Bido,Osvaldo Bido
672724,Oswald Peraza,108,Los Angeles Angels,10,5,Third Base,Infielder,A,40-man,2026-01-28 14:55:21,22823.0,Oswald,Peraza,Oswald Peraza
672282,Reid Detmers,108,Los Angeles Angels,48,1,Pitcher,Pitcher,A,40-man,2026-01-28 14:55:21,27468.0,Reid,Detmers,Reid Detmers
596112,Robert Stephenson,108,Los Angeles Angels,24,1,Pitcher,Pitcher,A,40-man,2026-01-28 14:55:21,13594.0,Robert,Stephenson,Robert Stephenson
696270,Ryan Johnson,108,Los Angeles Angels,32,1,Pitcher,Pitcher,A,40-man,2026-01-28 14:55:21,35325.0,Ryan,Johnson,Ryan Johnson
666171,Ryan Zeferjahn,108,Los Angeles Angels,56,1,Pitcher,Pitcher,A,40-man,2026-01-28 14:55:21,25420.0,Ryan,Zeferjahn,Ryan Zeferjahn
691951,Sam Aldegheri,108,Los Angeles Angels,61,1,Pitcher,Pitcher,A,40-man,2026-01-28 14:55:21,26443.0,Samuel,Aldegheri,Samuel Aldegheri
696147,Sam Bachman,108,Los Angeles Angels,40,1,Pitcher,Pitcher,A,40-man,2026-01-28 14:55:21,29754.0,Samuel,Bachman,Samuel Bachman
518595,Travis d'Arnaud,108,Los Angeles Angels,25,2,Catcher,Catcher,A,40-man,2026-01-28 14:55:21,7739.0,Travis,d'Arnaud,Travis d'Arnaud
687093,Vaughn Grissom,108,Los Angeles Angels,5,4,Second Base,Infielder,A,40-man,2026-01-28 14:55:21,26031.0,Vaughn,Grissom,Vaughn Grissom
682989,Victor Mederos,108,Los Angeles Angels,58,1,Pitcher,Pitcher,A,40-man,2026-01-28 14:55:21,31533.0,Victor,Mederos,Victor Mederos
685133,Wade Meckler,108,Los Angeles Angels,,O,Outfield,Outfielder,A,40-man,2026-01-28 14:55:21,31490.0,Wade,Meckler,Wade Meckler
700712,Walbert Urena,108,Los Angeles Angels,,1,Pitcher,Pitcher,A,40-man,2026-01-28 14:55:21,,Walbert,Urena,Walbert Urena
579328,Yusei Kikuchi,108,Los Angeles Angels,16,1,Pitcher,Pitcher,A,40-man,2026-01-28 14:55:21,20633.0,Yusei,Kikuchi,Yusei Kikuchi
687263,Zach Neto,108,Los Angeles Angels,9,6,Shortstop,Infielder,A,40-man,2026-01-28 14:55:21,31347.0,Zachary,Neto,Zachary Neto
640462,A.J. Puk,109,Arizona Diamondbacks,33,1,Pitcher,Pitcher,A,40-man,2026-01-28 14:55:21,19343.0,Andrew,Puk,Andrew Puk
680728,Adrian Del Castillo,109,Arizona Diamondbacks,25,2,Catcher,Catcher,A,40-man,2026-01-28 14:55:21,29554.0,Adrian,Del Castillo,Adrian Del Castillo
677950,Alek Thomas,109,Arizona Diamondbacks,5,8,Outfielder,Outfielder,A,40-man,2026-01-28 14:55:21,23792.0,Alek,Thomas,Alek Thomas
694851,Andrew Hoffmann,109,Arizona Diamondbacks,56,1,Pitcher,Pitcher,A,40-man,2026-01-28 14:55:21,29633.0,Andrew,Hoffmann,Andrew Hoffmann
685314,Andrew Saalfrank,109,Arizona Diamondbacks,27,1,Pitcher,Pitcher,A,40-man,2026-01-28 14:55:21,26203.0,Andrew,Saalfrank,Andrew Saalfrank
686796,Blake Walston,109,Arizona Diamondbacks,48,1,Pitcher,Pitcher,A,40-man,2026-01-28 14:55:21,26270.0,Matthew,Walston,Matthew Walston
677942,Blaze Alexander,109,Arizona Diamondbacks,9,6,Shortstop,Infielder,A,40-man,2026-01-28 14:55:21,23789.0,Blaze,Alexander,Blaze Alexander
694297,Brandon Pfaadt,109,Arizona Diamondbacks,32,1,Pitcher,Pitcher,A,40-man,2026-01-28 14:55:21,27782.0,Brandon,Pfaadt,Brandon Pfaadt
805299,Brandyn Garcia,109,Arizona Diamondbacks,55,1,Pitcher,Pitcher,A,40-man,2026-01-28 14:55:21,33568.0,Brandyn,Garcia,Brandyn Garcia
669203,Corbin Burnes,109,Arizona Diamondbacks,39,1,Pitcher,Pitcher,A,40-man,2026-01-28 14:55:21,19361.0,Corbin,Burnes,Corbin Burnes
682998,Corbin Carroll,109,Arizona Diamondbacks,7,9,Outfielder,Outfielder,A,40-man,2026-01-28 14:55:21,25878.0,Corbin,Carroll,Corbin Carroll
691441,Cristian Mena,109,Arizona Diamondbacks,64,1,Pitcher,Pitcher,A,40-man,2026-01-28 14:55:21,27974.0,Cristian,Mena,Cristian Mena
686753,Drey Jameson,109,Arizona Diamondbacks,99,1,Pitcher,Pitcher,A,40-man,2026-01-28 14:55:21,26260.0,Drey,Jameson,Drey Jameson
691009,Dylan Ray,109,Arizona Diamondbacks,61,1,Pitcher,Pitcher,A,40-man,2026-01-28 14:55:21,,Dylan,Ray,Dylan Ray
593958,Eduardo Rodriguez,109,Arizona Diamondbacks,57,1,Pitcher,Pitcher,A,40-man,2026-01-28 14:55:21,13164.0,Eduardo,Rodriguez,Eduardo Rodriguez
672515,Gabriel Moreno,109,Arizona Diamondbacks,14,2,Catcher,Catcher,A,40-man,2026-01-28 14:55:21,22664.0,Gabriel,Moreno,Gabriel Moreno
672695,Geraldo Perdomo,109,Arizona Diamondbacks,2,6,Shortstop,Infielder,A,40-man,2026-01-28 14:55:21,22799.0,Geraldo,Perdomo,Geraldo Perdomo
543510,James McCann,109,Arizona Diamondbacks,8,2,Catcher,Catcher,A,40-man,2026-01-28 14:55:21,12859.0,James,McCann,James McCann
691783,Jordan Lawlar,109,Arizona Diamondbacks,10,6,Shortstop,Infielder,A,40-man,2026-01-28 14:55:21,29976.0,Jordan,Lawlar,Jordan Lawlar
678489,Jorge Barrosa,109,Arizona Diamondbacks,1,7,Outfielder,Outfielder,A,40-man,2026-01-28 14:55:21,23968.0,Jorge,Barrosa,Jorge Barrosa
699912,Jose Fernandez,109,Arizona Diamondbacks,79,6,Shortstop,Infielder,A,40-man,2026-01-28 14:55:21,,Jose,Fernandez,Jose Fernandez
686228,Juan Burgos,109,Arizona Diamondbacks,52,1,Pitcher,Pitcher,A,40-man,2026-01-28 14:55:21,27271.0,Juan,Burgos,Juan Burgos
666661,Juan Morillo,109,Arizona Diamondbacks,67,1,Pitcher,Pitcher,A,40-man,2026-01-28 14:55:21,21924.0,Juan,Morillo,Juan Morillo
679885,Justin Martinez,109,Arizona Diamondbacks,63,1,Pitcher,Pitcher,A,40-man,2026-01-28 14:55:21,24453.0,Justin,Martinez,Justin Martinez
606466,Ketel Marte,109,Arizona Diamondbacks,4,4,Second Base,Infielder,A,40-man,2026-01-28 14:55:21,13613.0,Ketel,Marte,Ketel Marte
656464,Kevin Ginkel,109,Arizona Diamondbacks,37,1,Pitcher,Pitcher,A,40-man,2026-01-28 14:55:21,19876.0,Kevin,Ginkel,Kevin Ginkel
684442,Kohl Drake,109,Arizona Diamondbacks,58,1,Pitcher,Pitcher,A,40-man,2026-01-28 14:55:21,,Kohl,Drake,Kohl Drake
666971,Lourdes Gurriel Jr.,109,Arizona Diamondbacks,12,7,Outfielder,Outfielder,A,40-man,2026-01-28 14:55:21,19238.0,Lourdes,Gurriel,Lourdes Gurriel
518876,Merrill Kelly,109,Arizona Diamondbacks,,1,Pitcher,Pitcher,A,40-man,2026-01-28 14:55:21,11156.0,Kenneth,Kelly,Kenneth Kelly
647336,Michael Soroka,109,Arizona Diamondbacks,34,1,Pitcher,Pitcher,A,40-man,2026-01-28 14:55:21,18383.0,Michael,Soroka,Michael Soroka
683352,Mitch Bratt,109,Arizona Diamondbacks,60,1,Pitcher,Pitcher,A,40-man,2026-01-28 14:55:21,,Mitchell,Bratt,Mitchell Bratt
571448,Nolan Arenado,109,Arizona Diamondbacks,28,5,Third Base,Infielder,A,40-man,2026-01-28 14:55:21,9777.0,Nolan,Arenado,Nolan Arenado
656976,Pavin Smith,109,Arizona Diamondbacks,26,3,First Base,Infielder,A,40-man,2026-01-28 14:55:21,19892.0,Pavin,Smith,Pavin Smith
691769,Philip Abner,109,Arizona Diamondbacks,50,1,Pitcher,Pitcher,A,40-man,2026-01-28 14:55:21,33821.0,Philip,Abner,Philip Abner
657044,Ryan Thompson,109,Arizona Diamondbacks,81,1,Pitcher,Pitcher,A,40-man,2026-01-28 14:55:21,16647.0,Ryan,Thompson,Ryan Thompson
669194,Ryne Nelson,109,Arizona Diamondbacks,19,1,Pitcher,Pitcher,A,40-man,2026-01-28 14:55:21,26253.0,Ryne,Nelson,Ryne Nelson
664199,Taylor Clarke,109,Arizona Diamondbacks,45,1,Pitcher,Pitcher,A,40-man,2026-01-28 14:55:21,17611.0,Taylor,Clarke,Taylor Clarke
694374,Tim Tawa,109,Arizona Diamondbacks,13,4,Second Base,Infielder,A,40-man,2026-01-28 14:55:21,29571.0,Timothy,Tawa,Timothy Tawa
682988,Tyler Locklear,109,Arizona Diamondbacks,31,3,First Base,Infielder,A,40-man,2026-01-28 14:55:21,31396.0,Tyler,Locklear,Tyler Locklear
700270,Yilber Díaz,109,Arizona Diamondbacks,45,1,Pitcher,Pitcher,A,40-man,2026-01-28 14:55:21,29271.0,Yilber,Díaz,Yilber Díaz
668939,Adley Rutschman,110,Baltimore Orioles,35,2,Catcher,Catcher,A,40-man,2026-01-28 14:55:21,26288.0,Adley,Rutschman,Adley Rutschman
552640,Andrew Kittredge,110,Baltimore Orioles,,1,Pitcher,Pitcher,A,40-man,2026-01-28 14:55:21,12828.0,Andrew,Kittredge,Andrew Kittredge
689296,Anthony Nunez,110,Baltimore Orioles,,1,Pitcher,Pitcher,A,40-man,2026-01-28 14:55:21,,Anthony,Nunez,Anthony Nunez
687064,Brandon Young,110,Baltimore Orioles,63,1,Pitcher,Pitcher,A,40-man,2026-01-28 14:55:21,27819.0,Brandon,Young,Brandon Young
700249,Cade Povich,110,Baltimore Orioles,37,1,Pitcher,Pitcher,A,40-man,2026-01-28 14:55:21,30055.0,Cade,Povich,Cade Povich
671382,Cameron Foster,110,Baltimore Orioles,,1,Pitcher,Pitcher,A,40-man,2026-01-28 14:55:21,,Cameron,Foster,Cameron Foster
694646,Chayce McDermott,110,Baltimore Orioles,59,1,Pitcher,Pitcher,A,40-man,2026-01-28 14:55:21,29866.0,Chayce,McDermott,Chayce McDermott
691723,Coby Mayo,110,Baltimore Orioles,16,3,First Base,Infielder,A,40-man,2026-01-28 14:55:21,28312.0,Coby,Mayo,Coby Mayo
681882,Colin Selby,110,Baltimore Orioles,60,1,Pitcher,Pitcher,A,40-man,2026-01-28 14:55:21,24986.0,Colin,Selby,Colin Selby
681297,Colton Cowser,110,Baltimore Orioles,17,7,Outfielder,Outfielder,A,40-man,2026-01-28 14:55:21,29591.0,Colton,Cowser,Colton Cowser
665152,Dean Kremer,110,Baltimore Orioles,64,1,Pitcher,Pitcher,A,40-man,2026-01-28 14:55:21,19350.0,Dean,Kremer,Dean Kremer
608650,Dietrich Enns,110,Baltimore Orioles,71,1,Pitcher,Pitcher,A,40-man,2026-01-28 14:55:21,13932.0,Dietrich,Enns,Dietrich Enns
687637,Dylan Beavers,110,Baltimore Orioles,12,9,Outfielder,Outfielder,A,40-man,2026-01-28 14:55:21,31695.0,Dylan,Beavers,Dylan Beavers
642585,Félix Bautista,110,Baltimore Orioles,74,1,Pitcher,Pitcher,A,40-man,2026-01-28 14:55:21,20666.0,Félix,Bautista,Félix Bautista
664991,Grant Wolfram,110,Baltimore Orioles,86,1,Pitcher,Pitcher,A,40-man,2026-01-28 14:55:21,21623.0,Grant,Wolfram,Grant Wolfram
683002,Gunnar Henderson,110,Baltimore Orioles,2,6,Shortstop,Infielder,A,40-man,2026-01-28 14:55:21,26289.0,Gunnar,Henderson,Gunnar Henderson
677008,Heston Kjerstad,110,Baltimore Orioles,13,7,Outfielder,Outfielder,A,40-man,2026-01-28 14:55:21,31166.0,Heston,Kjerstad,Heston Kjerstad
702616,Jackson Holliday,110,Baltimore Orioles,7,4,Second Base,Infielder,A,40-man,2026-01-28 14:55:21,31781.0,Jackson,Holliday,Jackson Holliday
669236,Jeremiah Jackson,110,Baltimore Orioles,82,4,Second Base,Infielder,A,40-man,2026-01-28 14:55:21,22239.0,Jeremiah,Jackson,Jeremiah Jackson
676059,Jordan Westburg,110,Baltimore Orioles,11,5,Third Base,Infielder,A,40-man,2026-01-28 14:55:21,27815.0,Jordan,Westburg,Jordan Westburg
664744,Jose Espada,110,Baltimore Orioles,72,1,Pitcher,Pitcher,A,40-man,2026-01-28 14:55:21,21131.0,Jose,Espada,Jose Espada
669704,Kade Strowd,110,Baltimore Orioles,57,1,Pitcher,Pitcher,A,40-man,2026-01-28 14:55:21,26191.0,Randall,Strowd,Randall Strowd
669211,Keegan Akin,110,Baltimore Orioles,45,1,Pitcher,Pitcher,A,40-man,2026-01-28 14:55:21,19362.0,Keegan,Akin,Keegan Akin
680694,Kyle Bradish,110,Baltimore Orioles,38,1,Pitcher,Pitcher,A,40-man,2026-01-28 14:55:21,24586.0,Kyle,Bradish,Kyle Bradish
665750,Leody Taveras,110,Baltimore Orioles,,O,Outfield,Outfielder,A,40-man,2026-01-28 14:55:21,18900.0,Leody,Taveras,Leody Taveras
624413,Pete Alonso,110,Baltimore Orioles,25,3,First Base,Infielder,A,40-man,2026-01-28 14:55:21,19251.0,Peter,Alonso,Peter Alonso
701655,Reed Trimble,110,Baltimore Orioles,,7,Outfielder,Outfielder,A,40-man,2026-01-28 14:55:21,,William,Trimble,William Trimble
670329,Rico Garcia,110,Baltimore Orioles,50,1,Pitcher,Pitcher,A,40-man,2026-01-28 14:55:21,20023.0,Joshua,Garcia,Joshua Garcia
664854,Ryan Helsley,110,Baltimore Orioles,21,1,Pitcher,Pitcher,A,40-man,2026-01-28 14:55:21,18138.0,Ryan,Helsley,Ryan Helsley
663624,Ryan Mountcastle,110,Baltimore Orioles,6,3,First Base,Infielder,A,40-man,2026-01-28 14:55:21,18373.0,Ryan,Mountcastle,Ryan Mountcastle
694212,Samuel Basallo,110,Baltimore Orioles,29,2,Catcher,Catcher,A,40-man,2026-01-28 14:55:21,28824.0,Samuel,Basallo,Samuel Basallo
669358,Shane Baz,110,Baltimore Orioles,34,1,Pitcher,Pitcher,A,40-man,2026-01-28 14:55:21,22264.0,Shane,Baz,Shane Baz
621493,Taylor Ward,110,Baltimore Orioles,3,7,Outfielder,Outfielder,A,40-man,2026-01-28 14:55:21,17548.0,Joseph,Ward,Joseph Ward
669432,Trevor Rogers,110,Baltimore Orioles,28,1,Pitcher,Pitcher,A,40-man,2026-01-28 14:55:21,22286.0,Trevor,Rogers,Trevor Rogers
641933,Tyler O'Neill,110,Baltimore Orioles,9,9,Outfielder,Outfielder,A,40-man,2026-01-28 14:55:21,15711.0,Tyler,O'Neill,Tyler O'Neill
669330,Tyler Wells,110,Baltimore Orioles,68,1,Pitcher,Pitcher,A,40-man,2026-01-28 14:55:21,20000.0,Tyler,Wells,Tyler Wells
642215,Weston Wilson,110,Baltimore Orioles,,7,Outfielder,Outfielder,A,40-man,2026-01-28 14:55:21,19358.0,Weston,Wilson,Weston Wilson
682274,Yaramil Hiraldo,110,Baltimore Orioles,76,1,Pitcher,Pitcher,A,40-man,2026-01-28 14:55:21,25215.0,Yaramil,Hiraldo,Yaramil Hiraldo
666974,Yennier Cano,110,Baltimore Orioles,78,1,Pitcher,Pitcher,A,40-man,2026-01-28 14:55:21,25911.0,Yennier,Cano,Yennier Cano
621107,Zach Eflin,110,Baltimore Orioles,24,1,Pitcher,Pitcher,A,40-man,2026-01-28 14:55:21,13774.0,Zachary,Eflin,Zachary Eflin
547973,Aroldis Chapman,111,Boston Red Sox,44,1,Pitcher,Pitcher,A,40-man,2026-01-28 14:55:21,10233.0,Albertin,Chapman,Albertin Chapman
678394,Brayan Bello,111,Boston Red Sox,66,1,Pitcher,Pitcher,A,40-man,2026-01-28 14:55:21,23920.0,Brayan,Bello,Brayan Bello
665966,Carlos Narváez,111,Boston Red Sox,75,2,Catcher,Catcher,A,40-man,2026-01-28 14:55:21,19722.0,Carlos,Narváez,Carlos Narváez
678882,Ceddanne Rafaela,111,Boston Red Sox,3,8,Outfielder,Outfielder,A,40-man,2026-01-28 14:55:21,24262.0,Ceddanne,Rafaela,Ceddanne Rafaela
813349,Connelly Early,111,Boston Red Sox,71,1,Pitcher,Pitcher,A,40-man,2026-01-28 14:55:21,33666.0,Todd,Early,Todd Early
657136,Connor Wong,111,Boston Red Sox,12,2,Catcher,Catcher,A,40-man,2026-01-28 14:55:21,19896.0,Connor,Wong,Connor Wong
666152,David Hamilton,111,Boston Red Sox,17,4,Second Base,Infielder,A,40-man,2026-01-28 14:55:21,27531.0,David,Hamilton,David Hamilton
689818,David Sandlin,111,Boston Red Sox,,1,Pitcher,Pitcher,A,40-man,2026-01-28 14:55:21,,David,Sandlin,David Sandlin
676979,Garrett Crochet,111,Boston Red Sox,35,1,Pitcher,Pitcher,A,40-man,2026-01-28 14:55:21,27463.0,Garrett,Crochet,Garrett Crochet
676477,Garrett Whitlock,111,Boston Red Sox,22,1,Pitcher,Pitcher,A,40-man,2026-01-28 14:55:21,20191.0,Garrett,Whitlock,Garrett Whitlock
669711,Greg Weissert,111,Boston Red Sox,57,1,Pitcher,Pitcher,A,40-man,2026-01-28 14:55:21,20375.0,Gregory,Weissert,Gregory Weissert
687562,Jake Bennett,111,Boston Red Sox,,1,Pitcher,Pitcher,A,40-man,2026-01-28 14:55:21,,William,Bennett,William Bennett
680776,Jarren Duran,111,Boston Red Sox,16,7,Outfielder,Outfielder,A,40-man,2026-01-28 14:55:21,24617.0,Jarren,Duran,Jarren Duran
670912,Johan Oviedo,111,Boston Red Sox,29,1,Pitcher,Pitcher,A,40-man,2026-01-28 14:55:21,22487.0,Johan,Oviedo,Johan Oviedo
663855,Jordan Hicks,111,Boston Red Sox,46,1,Pitcher,Pitcher,A,40-man,2026-01-28 14:55:21,19618.0,Jordan,Hicks,Jordan Hicks
663558,Jovani Morán,111,Boston Red Sox,47,1,Pitcher,Pitcher,A,40-man,2026-01-28 14:55:21,20422.0,Jovani,Moran,Jovani Moran
686580,Justin Slaten,111,Boston Red Sox,63,1,Pitcher,Pitcher,A,40-man,2026-01-28 14:55:21,25648.0,Justin,Slaten,Justin Slaten
692225,Kristian Campbell,111,Boston Red Sox,28,4,Second Base,Infielder,A,40-man,2026-01-28 14:55:21,33644.0,Kristian,Campbell,Kristian Campbell
676710,Kutter Crawford,111,Boston Red Sox,50,1,Pitcher,Pitcher,A,40-man,2026-01-28 14:55:21,20531.0,Kutter,Crawford,Kutter Crawford
690986,Kyle Harrison,111,Boston Red Sox,38,1,Pitcher,Pitcher,A,40-man,2026-01-28 14:55:21,27758.0,Kyle,Harrison,Kyle Harrison
691785,Marcelo Mayer,111,Boston Red Sox,11,5,Third Base,Infielder,A,40-man,2026-01-28 14:55:21,29668.0,Marcelo,Mayer,Marcelo Mayer
807799,Masataka Yoshida,111,Boston Red Sox,7,7,Outfielder,Outfielder,A,40-man,2026-01-28 14:55:21,31837.0,Masataka,Yoshida,Masataka Yoshida
681987,Nate Eaton,111,Boston Red Sox,18,5,Third Base,Infielder,A,40-man,2026-01-28 14:55:21,25055.0,Nathan,Eaton,Nathan Eaton
686765,Nick Sogard,111,Boston Red Sox,20,3,First Base,Infielder,A,40-man,2026-01-28 14:55:21,25483.0,Nicholas,Sogard,Nicholas Sogard
663776,Patrick Sandoval,111,Boston Red Sox,43,1,Pitcher,Pitcher,A,40-man,2026-01-28 14:55:21,19447.0,Patrick,Sandoval,Patrick Sandoval
801139,Payton Tolle,111,Boston Red Sox,70,1,Pitcher,Pitcher,A,40-man,2026-01-28 14:55:21,35466.0,Payton,Tolle,Payton Tolle
624133,Ranger Suárez,111,Boston Red Sox,55,1,Pitcher,Pitcher,A,40-man,2026-01-28 14:55:21,17277.0,Ranger,Suárez,Ranger Suárez
701350,Roman Anthony,111,Boston Red Sox,19,9,Outfielder,Outfielder,A,40-man,2026-01-28 14:55:21,31812.0,Roman,Anthony,Roman Anthony
663853,Romy Gonzalez,111,Boston Red Sox,23,3,First Base,Infielder,A,40-man,2026-01-28 14:55:21,21562.0,Roman,Gonzalez,Roman Gonzalez
670245,Ryan Watson,111,Boston Red Sox,,1,Pitcher,Pitcher,A,40-man,2026-01-28 14:55:21,,Ryan,Watson,Ryan Watson
675660,Shane Drohan,111,Boston Red Sox,,1,Pitcher,Pitcher,A,40-man,2026-01-28 14:55:21,,Shane,Drohan,Shane Drohan
543243,Sonny Gray,111,Boston Red Sox,54,1,Pitcher,Pitcher,A,40-man,2026-01-28 14:55:21,12768.0,Sonny,Gray,Sonny Gray
656557,Tanner Houck,111,Boston Red Sox,89,1,Pitcher,Pitcher,A,40-man,2026-01-28 14:55:21,19879.0,Tanner,Houck,Tanner Houck
596115,Trevor Story,111,Boston Red Sox,10,6,Shortstop,Infielder,A,40-man,2026-01-28 14:55:21,12564.0,Trevor,Story,Trevor Story
671213,Triston Casas,111,Boston Red Sox,36,3,First Base,Infielder,A,40-man,2026-01-28 14:55:21,22514.0,Triston,Casas,Triston Casas
701719,Tyler Samaniego,111,Boston Red Sox,,1,Pitcher,Pitcher,A,40-man,2026-01-28 14:55:21,,Robert,Samaniego,Robert Samaniego
700413,Tyler Uberstine,111,Boston Red Sox,,1,Pitcher,Pitcher,A,40-man,2026-01-28 14:55:21,,Tyler,Uberstine,Tyler Uberstine
575929,Willson Contreras,111,Boston Red Sox,40,3,First Base,Infielder,A,40-man,2026-01-28 14:55:21,11609.0,Willson,Contreras,Willson Contreras
677800,Wilyer Abreu,111,Boston Red Sox,52,9,Outfielder,Outfielder,A,40-man,2026-01-28 14:55:21,23772.0,Wilyer,Abreu,Wilyer Abreu
677161,Zack Kelly,111,Boston Red Sox,76,1,Pitcher,Pitcher,A,40-man,2026-01-28 14:55:21,20349.0,Zachery,Kelly,Zachery Kelly
608324,Alex Bregman,112,Chicago Cubs,3,5,Third Base,Infielder,A,40-man,2026-01-28 14:55:21,17678.0,Alexander,Bregman,Alexander Bregman
676962,Ben Brown,112,Chicago Cubs,32,1,Pitcher,Pitcher,A,40-man,2026-01-28 14:55:21,23590.0,Benjamin,Brown,Benjamin Brown
701496,Ben Cowles,112,Chicago Cubs,,5,Third Base,Infielder,A,40-man,2026-01-28 14:55:21,,Benjamin,Cowles,Benjamin Cowles
690990,Cade Horton,112,Chicago Cubs,22,1,Pitcher,Pitcher,A,40-man,2026-01-28 14:55:21,31872.0,Cade,Horton,Cade Horton
573204,Caleb Thielbar,112,Chicago Cubs,,1,Pitcher,Pitcher,A,40-man,2026-01-28 14:55:21,10078.0,Caleb,Thielbar,Caleb Thielbar
608348,Carson Kelly,112,Chicago Cubs,15,2,Catcher,Catcher,A,40-man,2026-01-28 14:55:21,13620.0,Carson,Kelly,Carson Kelly
607067,Colin Rea,112,Chicago Cubs,53,1,Pitcher,Pitcher,A,40-man,2026-01-28 14:55:21,12317.0,Colin,Rea,Colin Rea
694037,Daniel Palencia,112,Chicago Cubs,48,1,Pitcher,Pitcher,A,40-man,2026-01-28 14:55:21,27914.0,Daniel,Palencia,Daniel Palencia
621020,Dansby Swanson,112,Chicago Cubs,7,6,Shortstop,Infielder,A,40-man,2026-01-28 14:55:21,18314.0,James,Swanson,James Swanson
665795,Edward Cabrera,112,Chicago Cubs,30,1,Pitcher,Pitcher,A,40-man,2026-01-28 14:55:21,21690.0,Edward,Cabrera,Edward Cabrera
681799,Ethan Roberts,112,Chicago Cubs,39,1,Pitcher,Pitcher,A,40-man,2026-01-28 14:55:21,24930.0,Ethan,Roberts,Ethan Roberts
668970,Gavin Hollowell,112,Chicago Cubs,46,1,Pitcher,Pitcher,A,40-man,2026-01-28 14:55:21,25427.0,Gavin,Hollowell,Gavin Hollowell
571948,Hoby Milner,112,Chicago Cubs,41,1,Pitcher,Pitcher,A,40-man,2026-01-28 14:55:21,13346.0,Hoby,Milner,Hoby Milner
640451,Hunter Harvey,112,Chicago Cubs,45,1,Pitcher,Pitcher,A,40-man,2026-01-28 14:55:21,15507.0,Hunter,Harvey,Hunter Harvey
664023,Ian Happ,112,Chicago Cubs,8,7,Outfielder,Outfielder,A,40-man,2026-01-28 14:55:21,17919.0,Ian,Happ,Ian Happ
680891,Jack Neely,112,Chicago Cubs,37,1,Pitcher,Pitcher,A,40-man,2026-01-28 14:55:21,30106.0,Jack,Neely,Jack Neely
657097,Jacob Webb,112,Chicago Cubs,71,1,Pitcher,Pitcher,A,40-man,2026-01-28 14:55:21,19274.0,Jacob,Webb,Jacob Webb
701649,James Triantos,112,Chicago Cubs,,4,Second Base,Infielder,A,40-man,2026-01-28 14:55:21,,James,Triantos,James Triantos
592791,Jameson Taillon,112,Chicago Cubs,50,1,Pitcher,Pitcher,A,40-man,2026-01-28 14:55:21,11674.0,Jameson,Taillon,Jameson Taillon
665871,Javier Assad,112,Chicago Cubs,72,1,Pitcher,Pitcher,A,40-man,2026-01-28 14:55:21,21741.0,Javier,Assad,Javier Assad
696136,Jordan Wicks,112,Chicago Cubs,36,1,Pitcher,Pitcher,A,40-man,2026-01-28 14:55:21,30094.0,Jordan,Wicks,Jordan Wicks
681909,Justin Dean,112,Chicago Cubs,,8,Outfielder,Outfielder,A,40-man,2026-01-28 14:55:21,25005.0,Justin,Dean,Justin Dean
657006,Justin Steele,112,Chicago Cubs,35,1,Pitcher,Pitcher,A,40-man,2026-01-28 14:55:21,17312.0,Justin,Steele,Justin Steele
682634,Kevin Alcántara,112,Chicago Cubs,13,9,Outfielder,Outfielder,A,40-man,2026-01-28 14:55:21,25971.0,Kevin,Alcantara,Kevin Alcantara
681432,Luke Little,112,Chicago Cubs,43,1,Pitcher,Pitcher,A,40-man,2026-01-28 14:55:21,28036.0,Luke,Little,Luke Little
807713,Matt Shaw,112,Chicago Cubs,6,5,Third Base,Infielder,A,40-man,2026-01-28 14:55:21,33322.0,Matthew,Shaw,Matthew Shaw
571510,Matthew Boyd,112,Chicago Cubs,16,1,Pitcher,Pitcher,A,40-man,2026-01-28 14:55:21,15440.0,Matthew,Boyd,Matthew Boyd
683737,Michael Busch,112,Chicago Cubs,29,3,First Base,Infielder,A,40-man,2026-01-28 14:55:21,26319.0,Michael,Busch,Michael Busch
665804,Miguel Amaya,112,Chicago Cubs,9,2,Catcher,Catcher,A,40-man,2026-01-28 14:55:21,21693.0,Miguel,Amaya,Miguel Amaya
694208,Moisés Ballesteros,112,Chicago Cubs,25,2,Catcher,Catcher,A,40-man,2026-01-28 14:55:21,28820.0,Moisés,Ballesteros,Moisés Ballesteros
663538,Nico Hoerner,112,Chicago Cubs,2,4,Second Base,Infielder,A,40-man,2026-01-28 14:55:21,21479.0,Nicholas,Hoerner,Nicholas Hoerner
699393,Pedro Ramirez,112,Chicago Cubs,,4,Second Base,Infielder,A,40-man,2026-01-28 14:55:21,,Pedro,Ramirez,Pedro Ramirez
691718,Pete Crow-Armstrong,112,Chicago Cubs,4,8,Outfielder,Outfielder,A,40-man,2026-01-28 14:55:21,27769.0,Pete,Crow-Armstrong,Pete Crow-Armstrong
664208,Phil Maton,112,Chicago Cubs,88,1,Pitcher,Pitcher,A,40-man,2026-01-28 14:55:21,18064.0,Phillip,Maton,Phillip Maton
687863,Porter Hodge,112,Chicago Cubs,37,1,Pitcher,Pitcher,A,40-man,2026-01-28 14:55:21,26413.0,Porter,Hodge,Porter Hodge
702303,Riley Martin,112,Chicago Cubs,,1,Pitcher,Pitcher,A,40-man,2026-01-28 14:55:21,,Riley,Martin,Riley Martin
669020,Ryan Rolison,112,Chicago Cubs,,1,Pitcher,Pitcher,A,40-man,2026-01-28 14:55:21,22200.0,Ryan,Rolison,Ryan Rolison
673548,Seiya Suzuki,112,Chicago Cubs,27,9,Outfielder,Outfielder,A,40-man,2026-01-28 14:55:21,30116.0,Seiya,Suzuki,Seiya Suzuki
684007,Shota Imanaga,112,Chicago Cubs,18,1,Pitcher,Pitcher,A,40-man,2026-01-28 14:55:21,33829.0,Shota,Imanaga,Shota Imanaga
592122,Tyler Austin,112,Chicago Cubs,17,3,First Base,Infielder,A,40-man,2026-01-28 14:55:21,11850.0,Christopher,Austin,Christopher Austin
671096,Andrew Abbott,113,Cincinnati Reds,41,1,Pitcher,Pitcher,A,40-man,2026-01-28 14:55:21,29911.0,Andrew,Abbott,Andrew Abbott
666163,Ben Rortvedt,113,Cincinnati Reds,38,2,Catcher,Catcher,A,40-man,2026-01-28 14:55:21,20287.0,Benjamin,Rortvedt,Benjamin Rortvedt
694362,Blake Dunn,113,Cincinnati Reds,59,7,Outfielder,Outfielder,A,40-man,2026-01-28 14:55:21,29487.0,Blake,Dunn,Blake Dunn
663903,Brady Singer,113,Cincinnati Reds,51,1,Pitcher,Pitcher,A,40-man,2026-01-28 14:55:21,25377.0,Brady,Singer,Brady Singer
682227,Brandon Williamson,113,Cincinnati Reds,65,1,Pitcher,Pitcher,A,40-man,2026-01-28 14:55:21,25463.0,Brandon,Williamson,Brandon Williamson
656271,Brock Burke,113,Cincinnati Reds,,1,Pitcher,Pitcher,A,40-man,2026-01-28 14:55:21,17968.0,Brock,Burke,Brock Burke
657571,Caleb Ferguson,113,Cincinnati Reds,46,1,Pitcher,Pitcher,A,40-man,2026-01-28 14:55:21,19349.0,Caleb,Ferguson,Caleb Ferguson
695505,Chase Burns,113,Cincinnati Reds,26,1,Pitcher,Pitcher,A,40-man,2026-01-28 14:55:21,35333.0,Chase,Burns,Chase Burns
695534,Chase Petty,113,Cincinnati Reds,61,1,Pitcher,Pitcher,A,40-man,2026-01-28 14:55:21,30170.0,Chase,Petty,Chase Petty
687952,Christian Encarnacion-Strand,113,Cincinnati Reds,33,3,First Base,Infielder,A,40-man,2026-01-28 14:55:21,30011.0,Christian,Encarnacion-Strand,Christian Encarnacion-Strand
683175,Connor Phillips,113,Cincinnati Reds,34,1,Pitcher,Pitcher,A,40-man,2026-01-28 14:55:21,27649.0,Connor,Phillips,Connor Phillips
667472,Dane Myers,113,Cincinnati Reds,17,8,Outfielder,Outfielder,A,40-man,2026-01-28 14:55:21,22054.0,Dane,Myers,Dane Myers
695490,Edwin Arroyo,113,Cincinnati Reds,56,6,Shortstop,Infielder,A,40-man,2026-01-28 14:55:21,,Edwin,Arroyo,Edwin Arroyo
682829,Elly De La Cruz,113,Cincinnati Reds,44,6,Shortstop,Infielder,A,40-man,2026-01-28 14:55:21,26668.0,Elly,De La Cruz,Elly De La Cruz
641941,Emilio Pagán,113,Cincinnati Reds,15,1,Pitcher,Pitcher,A,40-man,2026-01-28 14:55:21,14771.0,Emilio,Pagán,Emilio Pagán
668933,Graham Ashcraft,113,Cincinnati Reds,23,1,Pitcher,Pitcher,A,40-man,2026-01-28 14:55:21,27552.0,Douglas,Ashcraft,Douglas Ashcraft
699302,Héctor Rodríguez,113,Cincinnati Reds,43,7,Outfielder,Outfielder,A,40-man,2026-01-28 14:55:21,,Héctor,Rodríguez,Héctor Rodríguez
668881,Hunter Greene,113,Cincinnati Reds,21,1,Pitcher,Pitcher,A,40-man,2026-01-28 14:55:21,22182.0,Christian,Greene,Christian Greene
668709,JJ Bleday,113,Cincinnati Reds,22,8,Outfielder,Outfielder,A,40-man,2026-01-28 14:55:21,26368.0,Jeffrey,Bleday,Jeffrey Bleday
683742,Jose Franco,113,Cincinnati Reds,74,1,Pitcher,Pitcher,A,40-man,2026-01-28 14:55:21,,Jose,Franco,Jose Franco
624431,Jose Trevino,113,Cincinnati Reds,35,2,Catcher,Catcher,A,40-man,2026-01-28 14:55:21,16725.0,Jose,Trevino,Jose Trevino
687924,Julian Aguiar,113,Cincinnati Reds,39,1,Pitcher,Pitcher,A,40-man,2026-01-28 14:55:21,30031.0,Julian,Aguiar,Julian Aguiar
663647,Ke'Bryan Hayes,113,Cincinnati Reds,3,5,Third Base,Infielder,A,40-man,2026-01-28 14:55:21,18577.0,Ke'Bryan,Hayes,Ke'Bryan Hayes
699114,Leo Balcazar,113,Cincinnati Reds,85,6,Shortstop,Infielder,A,40-man,2026-01-28 14:55:21,,Leonardo,Balcazar,Leonardo Balcazar
682825,Luis Mey,113,Cincinnati Reds,47,1,Pitcher,Pitcher,A,40-man,2026-01-28 14:55:21,25620.0,Luis,Mey,Luis Mey
680574,Matt McLain,113,Cincinnati Reds,9,4,Second Base,Infielder,A,40-man,2026-01-28 14:55:21,29695.0,Matthew,McLain,Matthew McLain
666157,Nick Lodolo,113,Cincinnati Reds,40,1,Pitcher,Pitcher,A,40-man,2026-01-28 14:55:21,26378.0,Nicholas,Lodolo,Nicholas Lodolo
682622,Noelvi Marte,113,Cincinnati Reds,4,O,Outfield,Outfielder,A,40-man,2026-01-28 14:55:21,26517.0,Noelvi,Marte,Noelvi Marte
572955,Pierce Johnson,113,Cincinnati Reds,52,1,Pitcher,Pitcher,A,40-man,2026-01-28 14:55:21,13435.0,Pierce,Johnson,Pierce Johnson
677956,Rece Hinds,113,Cincinnati Reds,57,9,Outfielder,Outfielder,A,40-man,2026-01-28 14:55:21,27493.0,Rece,Hinds,Rece Hinds
695076,Rhett Lowder,113,Cincinnati Reds,25,1,Pitcher,Pitcher,A,40-man,2026-01-28 14:55:21,33876.0,Rhett,Lowder,Rhett Lowder
701398,Sal Stewart,113,Cincinnati Reds,27,5,Third Base,Infielder,A,40-man,2026-01-28 14:55:21,31505.0,Sal,Stewart,Sal Stewart
594580,Sam Moll,113,Cincinnati Reds,50,1,Pitcher,Pitcher,A,40-man,2026-01-28 14:55:21,14874.0,Samuel,Moll,Samuel Moll
668715,Spencer Steer,113,Cincinnati Reds,7,3,First Base,Infielder,A,40-man,2026-01-28 14:55:21,26323.0,Spencer,Steer,Spencer Steer
670770,TJ Friedl,113,Cincinnati Reds,29,8,Outfielder,Outfielder,A,40-man,2026-01-28 14:55:21,19522.0,Terry,Friedl,Terry Friedl
663574,Tony Santillan,113,Cincinnati Reds,64,1,Pitcher,Pitcher,A,40-man,2026-01-28 14:55:21,19926.0,Antonio,Santillan,Antonio Santillan
682997,Tyler Callihan,113,Cincinnati Reds,32,7,Outfielder,Outfielder,A,40-man,2026-01-28 14:55:21,27497.0,Tyler,Callihan,Tyler Callihan
663886,Tyler Stephenson,113,Cincinnati Reds,37,2,Catcher,Catcher,A,40-man,2026-01-28 14:55:21,17988.0,Tyler,Stephenson,Tyler Stephenson
666181,Will Benson,113,Cincinnati Reds,30,7,Outfielder,Outfielder,A,40-man,2026-01-28 14:55:21,21853.0,William,Benson,William Benson
687209,Zach Maxwell,113,Cincinnati Reds,78,1,Pitcher,Pitcher,A,40-man,2026-01-28 14:55:21,31610.0,Zachary,Maxwell,Zachary Maxwell
689958,Andrew Walters,114,Cleveland Guardians,91,1,Pitcher,Pitcher,A,40-man,2026-01-28 14:55:21,33834.0,Andrew,Walters,Andrew Walters
694197,Angel Genao,114,Cleveland Guardians,,5,Third Base,Infielder,A,40-man,2026-01-28 14:55:21,,Angel,Genao,Angel Genao
682657,Angel Martínez,114,Cleveland Guardians,1,8,Outfielder,Outfielder,A,40-man,2026-01-28 14:55:21,26540.0,Angel,Martínez,Angel Martínez
595978,Austin Hedges,114,Cleveland Guardians,27,2,Catcher,Catcher,A,40-man,2026-01-28 14:55:21,12976.0,Austin,Hedges,Austin Hedges
804926,Austin Peterson,114,Cleveland Guardians,,1,Pitcher,Pitcher,A,40-man,2026-01-28 14:55:21,,Austin,Peterson,Austin Peterson
666310,Bo Naylor,114,Cleveland Guardians,23,2,Catcher,Catcher,A,40-man,2026-01-28 14:55:21,21865.0,Noah,Naylor,Noah Naylor
677587,Brayan Rocchio,114,Cleveland Guardians,4,6,Shortstop,Infielder,A,40-man,2026-01-28 14:55:21,23690.0,Brayan,Rocchio,Brayan Rocchio
692216,C.J. Kayfus,114,Cleveland Guardians,2,3,First Base,Infielder,A,40-man,2026-01-28 14:55:21,33704.0,Collin,Kayfus,Collin Kayfus
671922,Cade Smith,114,Cleveland Guardians,36,1,Pitcher,Pitcher,A,40-man,2026-01-28 14:55:21,27867.0,Cade,Smith,Cade Smith
800050,Chase DeLauter,114,Cleveland Guardians,24,9,Outfielder,Outfielder,A,40-man,2026-01-28 14:55:21,,Chase,DeLauter,Chase DeLauter
670059,Colin Holderman,114,Cleveland Guardians,35,1,Pitcher,Pitcher,A,40-man,2026-01-28 14:55:21,22361.0,Colin,Holderman,Colin Holderman
641401,Connor Brogdon,114,Cleveland Guardians,,1,Pitcher,Pitcher,A,40-man,2026-01-28 14:55:21,21205.0,Connor,Brogdon,Connor Brogdon
682982,Daniel Espino,114,Cleveland Guardians,66,1,Pitcher,Pitcher,A,40-man,2026-01-28 14:55:21,,Daniel,Espino,Daniel Espino
682177,Daniel Schneemann,114,Cleveland Guardians,10,4,Second Base,Infielder,A,40-man,2026-01-28 14:55:21,25180.0,Daniel,Schneemann,Daniel Schneemann
681807,David Fry,114,Cleveland Guardians,6,3,First Base,Infielder,A,40-man,2026-01-28 14:55:21,24934.0,David,Fry,David Fry
680951,Doug Nikhazy,114,Cleveland Guardians,65,1,Pitcher,Pitcher,A,40-man,2026-01-28 14:55:21,30142.0,Douglas,Nikhazy,Douglas Nikhazy
681870,Erik Sabrowski,114,Cleveland Guardians,62,1,Pitcher,Pitcher,A,40-man,2026-01-28 14:55:21,24978.0,Erik,Sabrowski,Erik Sabrowski
680916,Franco Aleman,114,Cleveland Guardians,92,1,Pitcher,Pitcher,A,40-man,2026-01-28 14:55:21,,Franco,Aleman,Franco Aleman
672356,Gabriel Arias,114,Cleveland Guardians,13,6,Shortstop,Infielder,A,40-man,2026-01-28 14:55:21,22563.0,Gabriel,Arias,Gabriel Arias
668909,Gavin Williams,114,Cleveland Guardians,32,1,Pitcher,Pitcher,A,40-man,2026-01-28 14:55:21,30122.0,Gavin,Williams,Gavin Williams
671655,George Valera,114,Cleveland Guardians,7,9,Outfielder,Outfielder,A,40-man,2026-01-28 14:55:21,22541.0,George,Valera,George Valera
683769,Hunter Gaddis,114,Cleveland Guardians,33,1,Pitcher,Pitcher,A,40-man,2026-01-28 14:55:21,25636.0,Hunter,Gaddis,Hunter Gaddis
676282,Joey Cantillo,114,Cleveland Guardians,54,1,Pitcher,Pitcher,A,40-man,2026-01-28 14:55:21,23335.0,Joseph,Cantillo,Joseph Cantillo
671286,Johnathan Rodríguez,114,Cleveland Guardians,30,9,Outfielder,Outfielder,A,40-man,2026-01-28 14:55:21,22530.0,Johnathan,Rodríguez,Johnathan Rodríguez
608070,José Ramírez,114,Cleveland Guardians,11,5,Third Base,Infielder,A,40-man,2026-01-28 14:55:21,13510.0,José,Ramírez,José Ramírez
682877,Juan Brito,114,Cleveland Guardians,74,6,Shortstop,Infielder,A,40-man,2026-01-28 14:55:21,,Juan,Brito,Juan Brito
696135,Kahlil Watson,114,Cleveland Guardians,,7,Outfielder,Outfielder,A,40-man,2026-01-28 14:55:21,,Kahlil,Watson,Kahlil Watson
700932,Kyle Manzardo,114,Cleveland Guardians,9,3,First Base,Infielder,A,40-man,2026-01-28 14:55:21,29794.0,Kyle,Manzardo,Kyle Manzardo
671106,Logan Allen,114,Cleveland Guardians,26,1,Pitcher,Pitcher,A,40-man,2026-01-28 14:55:21,27589.0,Logan,Allen,Logan Allen
670036,Matt Festa,114,Cleveland Guardians,52,1,Pitcher,Pitcher,A,40-man,2026-01-28 14:55:21,19330.0,Matthew,Festa,Matthew Festa
666134,Nolan Jones,114,Cleveland Guardians,22,9,Outfielder,Outfielder,A,40-man,2026-01-28 14:55:21,20529.0,Nolan,Jones,Nolan Jones
800048,Parker Messick,114,Cleveland Guardians,77,1,Pitcher,Pitcher,A,40-man,2026-01-28 14:55:21,31986.0,Parker,Messick,Parker Messick
690984,Petey Halpin,114,Cleveland Guardians,0,8,Outfielder,Outfielder,A,40-man,2026-01-28 14:55:21,27931.0,Peter,Halpin,Peter Halpin
688883,Peyton Pallette,114,Cleveland Guardians,,1,Pitcher,Pitcher,A,40-man,2026-01-28 14:55:21,,Peyton,Pallette,Peyton Pallette
542888,Shawn Armstrong,114,Cleveland Guardians,43,1,Pitcher,Pitcher,A,40-man,2026-01-28 14:55:21,12857.0,Shawn,Armstrong,Shawn Armstrong
677944,Slade Cecconi,114,Cleveland Guardians,44,1,Pitcher,Pitcher,A,40-man,2026-01-28 14:55:21,27500.0,Slade,Cecconi,Slade Cecconi
680757,Steven Kwan,114,Cleveland Guardians,38,7,Outfielder,Outfielder,A,40-man,2026-01-28 14:55:21,24610.0,Steven,Kwan,Steven Kwan
676440,Tanner Bibee,114,Cleveland Guardians,28,1,Pitcher,Pitcher,A,40-man,2026-01-28 14:55:21,30134.0,Tanner,Bibee,Tanner Bibee
682120,Tim Herrin,114,Cleveland Guardians,29,1,Pitcher,Pitcher,A,40-man,2026-01-28 14:55:21,25139.0,Tim,Herrin,Tim Herrin
691414,Yorman Gómez,114,Cleveland Guardians,,1,Pitcher,Pitcher,A,40-man,2026-01-28 14:55:21,,Yorman,Gómez,Yorman Gómez
691182,Adael Amador,115,Colorado Rockies,1,4,Second Base,Infielder,A,40-man,2026-01-28 14:55:21,27962.0,Adael,Amador,Adael Amador
622608,Antonio Senzatela,115,Colorado Rockies,49,1,Pitcher,Pitcher,A,40-man,2026-01-28 14:55:21,15488.0,Antonio,Senzatela,Antonio Senzatela
688760,Blaine Crim,115,Colorado Rockies,16,3,First Base,Infielder,A,40-man,2026-01-28 14:55:21,25714.0,Linton,Crim,Linton Crim
690924,Braxton Fulford,115,Colorado Rockies,37,2,Catcher,Catcher,A,40-man,2026-01-28 14:55:21,29704.0,Braxton,Fulford,Braxton Fulford
657514,Brennan Bernardino,115,Colorado Rockies,,1,Pitcher,Pitcher,A,40-man,2026-01-28 14:55:21,16835.0,Brennan,Bernardino,Brennan Bernardino
686668,Brenton Doyle,115,Colorado Rockies,9,8,Outfielder,Outfielder,A,40-man,2026-01-28 14:55:21,25479.0,Brenton,Doyle,Brenton Doyle
687223,Carson Palmquist,115,Colorado Rockies,45,1,Pitcher,Pitcher,A,40-man,2026-01-28 14:55:21,31612.0,Carson,Palmquist,Carson Palmquist
801403,Chase Dollander,115,Colorado Rockies,32,1,Pitcher,Pitcher,A,40-man,2026-01-28 14:55:21,33482.0,Tyler,Dollander,Tyler Dollander
666397,Edouard Julien,115,Colorado Rockies,,4,Second Base,Infielder,A,40-man,2026-01-28 14:55:21,27534.0,Edouard,Julien,Edouard Julien
678662,Ezequiel Tovar,115,Colorado Rockies,14,6,Shortstop,Infielder,A,40-man,2026-01-28 14:55:21,24064.0,Ezequiel,Tovar,Ezequiel Tovar
687312,Gabriel Hughes,115,Colorado Rockies,,1,Pitcher,Pitcher,A,40-man,2026-01-28 14:55:21,,Gabriel,Hughes,Gabriel Hughes
696100,Hunter Goodman,115,Colorado Rockies,15,2,Catcher,Catcher,A,40-man,2026-01-28 14:55:21,29715.0,Hunter,Goodman,Hunter Goodman
677955,Jaden Hill,115,Colorado Rockies,0,1,Pitcher,Pitcher,A,40-man,2026-01-28 14:55:21,30250.0,Kenneth,Hill,Kenneth Hill
664983,Jake McCarthy,115,Colorado Rockies,31,8,Outfielder,Outfielder,A,40-man,2026-01-28 14:55:21,21622.0,Jacob,McCarthy,Jacob McCarthy
676105,Jeff Criswell,115,Colorado Rockies,46,1,Pitcher,Pitcher,A,40-man,2026-01-28 14:55:21,27608.0,Jeffrey,Criswell,Jeffrey Criswell
623474,Jimmy Herget,115,Colorado Rockies,44,1,Pitcher,Pitcher,A,40-man,2026-01-28 14:55:21,17556.0,Jimmy,Herget,Jimmy Herget
687597,Jordan Beck,115,Colorado Rockies,27,7,Outfielder,Outfielder,A,40-man,2026-01-28 14:55:21,31431.0,Jordan,Beck,Jordan Beck
675848,Juan Mejia,115,Colorado Rockies,47,1,Pitcher,Pitcher,A,40-man,2026-01-28 14:55:21,23237.0,Juan,Mejia,Juan Mejia
624522,Keegan Thompson,115,Colorado Rockies,,1,Pitcher,Pitcher,A,40-man,2026-01-28 14:55:21,19795.0,Keegan,Thompson,Keegan Thompson
592178,Kris Bryant,115,Colorado Rockies,23,10,Designated Hitter,Hitter,A,40-man,2026-01-28 14:55:21,15429.0,Kristopher,Bryant,Kristopher Bryant
607536,Kyle Freeland,115,Colorado Rockies,21,1,Pitcher,Pitcher,A,40-man,2026-01-28 14:55:21,16256.0,Kyle,Freeland,Kyle Freeland
691720,Kyle Karros,115,Colorado Rockies,12,5,Third Base,Infielder,A,40-man,2026-01-28 14:55:21,33252.0,Kyle,Karros,Kyle Karros
678821,Luis Peralta,115,Colorado Rockies,41,1,Pitcher,Pitcher,A,40-man,2026-01-28 14:55:21,24203.0,Luis,Peralta,Luis Peralta
685326,McCade Brown,115,Colorado Rockies,51,1,Pitcher,Pitcher,A,40-man,2026-01-28 14:55:21,30004.0,McCade,Brown,McCade Brown
547179,Michael Lorenzen,115,Colorado Rockies,24,1,Pitcher,Pitcher,A,40-man,2026-01-28 14:55:21,14843.0,Michael,Lorenzen,Michael Lorenzen
666160,Mickey Moniak,115,Colorado Rockies,22,9,Outfielder,Outfielder,A,40-man,2026-01-28 14:55:21,19956.0,McKenzie,Moniak,McKenzie Moniak
701487,Pierson Ohl,115,Colorado Rockies,,1,Pitcher,Pitcher,A,40-man,2026-01-28 14:55:21,30179.0,Pierson,Ohl,Pierson Ohl
696275,RJ Petit,115,Colorado Rockies,,1,Pitcher,Pitcher,A,40-man,2026-01-28 14:55:21,,Robert,Petit,Robert Petit
663372,Ryan Feltner,115,Colorado Rockies,18,1,Pitcher,Pitcher,A,40-man,2026-01-28 14:55:21,21446.0,Ryan,Feltner,Ryan Feltner
690022,Ryan Ritter,115,Colorado Rockies,8,6,Shortstop,Infielder,A,40-man,2026-01-28 14:55:21,31500.0,Ryan,Ritter,Ryan Ritter
678020,Seth Halvorsen,115,Colorado Rockies,54,1,Pitcher,Pitcher,A,40-man,2026-01-28 14:55:21,33294.0,Seth,Halvorsen,Seth Halvorsen
694514,Sterlin Thompson,115,Colorado Rockies,30,O,Outfield,Outfielder,A,40-man,2026-01-28 14:55:21,,Sterlin,Thompson,Sterlin Thompson
685299,Tanner Gordon,115,Colorado Rockies,29,1,Pitcher,Pitcher,A,40-man,2026-01-28 14:55:21,27669.0,Tanner,Gordon,Tanner Gordon
687859,Troy Johnston,115,Colorado Rockies,20,O,Outfield,Outfielder,A,40-man,2026-01-28 14:55:21,26143.0,Troy,Johnston,Troy Johnston
671289,Tyler Freeman,115,Colorado Rockies,2,9,Outfielder,Outfielder,A,40-man,2026-01-28 14:55:21,22532.0,Tyler,Freeman,Tyler Freeman
680767,Victor Vodnik,115,Colorado Rockies,38,1,Pitcher,Pitcher,A,40-man,2026-01-28 14:55:21,24614.0,Victor,Vodnik,Victor Vodnik
700327,Welinton Herrera,115,Colorado Rockies,59,1,Pitcher,Pitcher,A,40-man,2026-01-28 14:55:21,,Welinton,Herrera,Welinton Herrera
650489,Willi Castro,115,Colorado Rockies,,7,Outfielder,Outfielder,A,40-man,2026-01-28 14:55:21,17338.0,Willi,Castro,Willi Castro
691728,Zac Veen,115,Colorado Rockies,13,7,Outfielder,Outfielder,A,40-man,2026-01-28 14:55:21,27770.0,Zachary,Veen,Zachary Veen
688642,Zach Agnos,115,Colorado Rockies,36,1,Pitcher,Pitcher,A,40-man,2026-01-28 14:55:21,31552.0,Zachary,Agnos,Zachary Agnos
690544,Bailey Horn,116,Detroit Tigers,57,1,Pitcher,Pitcher,A,40-man,2026-01-28 14:55:21,27753.0,Bailey,Horn,Bailey Horn
689225,Beau Brieske,116,Detroit Tigers,4,1,Pitcher,Pitcher,A,40-man,2026-01-28 14:55:21,26079.0,Beau,Brieske,Beau Brieske
676428,Brant Hurter,116,Detroit Tigers,48,1,Pitcher,Pitcher,A,40-man,2026-01-28 14:55:21,30133.0,Brant,Hurter,Brant Hurter
669724,Brenan Hanifee,116,Detroit Tigers,75,1,Pitcher,Pitcher,A,40-man,2026-01-28 14:55:21,22304.0,Brenan,Hanifee,Brenan Hanifee
663554,Casey Mize,116,Detroit Tigers,12,1,Pitcher,Pitcher,A,40-man,2026-01-28 14:55:21,20492.0,Casey,Mize,Casey Mize
690993,Colt Keith,116,Detroit Tigers,33,4,Second Base,Infielder,A,40-man,2026-01-28 14:55:21,27899.0,Colten,Keith,Colten Keith
693307,Dillon Dingler,116,Detroit Tigers,13,2,Catcher,Catcher,A,40-man,2026-01-28 14:55:21,27464.0,Francis,Dingler,Francis Dingler
623454,Drew Anderson,116,Detroit Tigers,38,1,Pitcher,Pitcher,A,40-man,2026-01-28 14:55:21,15130.0,Andrew,Anderson,Andrew Anderson
805427,Drew Sommers,116,Detroit Tigers,51,1,Pitcher,Pitcher,A,40-man,2026-01-28 14:55:21,32026.0,Drew,Sommers,Drew Sommers
681916,Dylan Smith,116,Detroit Tigers,58,1,Pitcher,Pitcher,A,40-man,2026-01-28 14:55:21,30145.0,Dylan,Smith,Dylan Smith
680664,Eduardo Valencia,116,Detroit Tigers,32,2,Catcher,Catcher,A,40-man,2026-01-28 14:55:21,,Eduardo,Valencia,Eduardo Valencia
650402,Gleyber Torres,116,Detroit Tigers,25,4,Second Base,Infielder,A,40-man,2026-01-28 14:55:21,16997.0,Gleyber,Torres,Gleyber Torres
701678,Hao-Yu  Lee,116,Detroit Tigers,50,4,Second Base,Infielder,A,40-man,2026-01-28 14:55:21,,Hao-Yu ,Lee,Hao-Yu  Lee
690291,Jace Jung,116,Detroit Tigers,17,5,Third Base,Infielder,A,40-man,2026-01-28 14:55:21,31437.0,Jace,Jung,Jace Jung
656427,Jack Flaherty,116,Detroit Tigers,9,1,Pitcher,Pitcher,A,40-man,2026-01-28 14:55:21,17479.0,Jack,Flaherty,Jack Flaherty
695549,Jackson Jobe,116,Detroit Tigers,21,1,Pitcher,Pitcher,A,40-man,2026-01-28 14:55:21,30203.0,Jackson,Jobe,Jackson Jobe
663330,Jahmai Jones,116,Detroit Tigers,18,9,Outfielder,Outfielder,A,40-man,2026-01-28 14:55:21,18872.0,Jahmai,Jones,Jahmai Jones
805725,Jake Miller,116,Detroit Tigers,60,1,Pitcher,Pitcher,A,40-man,2026-01-28 14:55:21,,Jake,Miller,Jake Miller
668670,Jake Rogers,116,Detroit Tigers,34,2,Catcher,Catcher,A,40-man,2026-01-28 14:55:21,19452.0,Jacob,Rogers,Jacob Rogers
595879,Javier Báez,116,Detroit Tigers,28,8,Outfielder,Outfielder,A,40-man,2026-01-28 14:55:21,12979.0,Ednel,Báez,Ednel Báez
672456,Keider Montero,116,Detroit Tigers,54,1,Pitcher,Pitcher,A,40-man,2026-01-28 14:55:21,22630.0,Keider,Montero,Keider Montero
445276,Kenley Jansen,116,Detroit Tigers,74,1,Pitcher,Pitcher,A,40-man,2026-01-28 14:55:21,3096.0,Kenley,Jansen,Kenley Jansen
681481,Kerry Carpenter,116,Detroit Tigers,30,9,Outfielder,Outfielder,A,40-man,2026-01-28 14:55:21,25961.0,Kerry,Carpenter,Kerry Carpenter
640448,Kyle Finnegan,116,Detroit Tigers,67,1,Pitcher,Pitcher,A,40-man,2026-01-28 14:55:21,15009.0,Kyle,Finnegan,Kyle Finnegan
663837,Matt Vierling,116,Detroit Tigers,8,8,Outfielder,Outfielder,A,40-man,2026-01-28 14:55:21,21558.0,Matthew,Vierling,Matthew Vierling
678009,Parker Meadows,116,Detroit Tigers,22,8,Outfielder,Outfielder,A,40-man,2026-01-28 14:55:21,23800.0,Parker,Meadows,Parker Meadows
681857,Reese Olson,116,Detroit Tigers,45,1,Pitcher,Pitcher,A,40-man,2026-01-28 14:55:21,24968.0,William,Olson,William Olson
682985,Riley Greene,116,Detroit Tigers,31,7,Outfielder,Outfielder,A,40-man,2026-01-28 14:55:21,25976.0,Riley,Greene,Riley Greene
687830,Sawyer Gipson-Long,116,Detroit Tigers,66,1,Pitcher,Pitcher,A,40-man,2026-01-28 14:55:21,26048.0,Alec,Gipson-Long,Alec Gipson-Long
679529,Spencer Torkelson,116,Detroit Tigers,20,3,First Base,Infielder,A,40-man,2026-01-28 14:55:21,27465.0,Spencer,Torkelson,Spencer Torkelson
669373,Tarik Skubal,116,Detroit Tigers,29,1,Pitcher,Pitcher,A,40-man,2026-01-28 14:55:21,22267.0,Tarik,Skubal,Tarik Skubal
699073,Thayron Liranzo,116,Detroit Tigers,49,2,Catcher,Catcher,A,40-man,2026-01-28 14:55:21,,Thayron,Liranzo,Thayron Liranzo
669360,Trei Cruz,116,Detroit Tigers,40,8,Outfielder,Outfielder,A,40-man,2026-01-28 14:55:21,,Trei,Cruz,Trei Cruz
700242,Trey Sweeney,116,Detroit Tigers,27,6,Shortstop,Infielder,A,40-man,2026-01-28 14:55:21,29575.0,Trey,Sweeney,Trey Sweeney
675512,Troy Melton,116,Detroit Tigers,52,1,Pitcher,Pitcher,A,40-man,2026-01-28 14:55:21,31807.0,Troy,Melton,Troy Melton
680744,Ty Madden,116,Detroit Tigers,36,1,Pitcher,Pitcher,A,40-man,2026-01-28 14:55:21,30140.0,Tyler,Madden,Tyler Madden
663947,Tyler Holton,116,Detroit Tigers,87,1,Pitcher,Pitcher,A,40-man,2026-01-28 14:55:21,26231.0,Weston,Holton,Weston Holton
672761,Wenceel Pérez,116,Detroit Tigers,46,9,Outfielder,Outfielder,A,40-man,2026-01-28 14:55:21,22857.0,Wenceel,Pérez,Wenceel Pérez
676684,Will Vest,116,Detroit Tigers,19,1,Pitcher,Pitcher,A,40-man,2026-01-28 14:55:21,19769.0,William,Vest,William Vest
656716,Zach McKinstry,116,Detroit Tigers,39,5,Third Base,Infielder,A,40-man,2026-01-28 14:55:21,19392.0,Zachary,McKinstry,Zachary McKinstry
805123,AJ Blubaugh,117,Houston Astros,69,1,Pitcher,Pitcher,A,40-man,2026-01-28 14:55:21,31764.0,Alan,Blubaugh,Alan Blubaugh
656986,Bennett Sousa,117,Houston Astros,62,1,Pitcher,Pitcher,A,40-man,2026-01-28 14:55:21,21345.0,John,Sousa,John Sousa
687888,Brandon Walter,117,Houston Astros,60,1,Pitcher,Pitcher,A,40-man,2026-01-28 14:55:21,26056.0,Brandon,Walter,Brandon Walter
694728,Brice Matthews,117,Houston Astros,28,6,Shortstop,Infielder,A,40-man,2026-01-28 14:55:21,33280.0,Brice,Matthews,Brice Matthews
650556,Bryan Abreu,117,Houston Astros,52,1,Pitcher,Pitcher,A,40-man,2026-01-28 14:55:21,16609.0,Bryan,Abreu,Bryan Abreu
687911,Bryan King,117,Houston Astros,74,1,Pitcher,Pitcher,A,40-man,2026-01-28 14:55:21,25890.0,Bryan,King,Bryan King
701358,Cam Smith,117,Houston Astros,11,9,Outfielder,Outfielder,A,40-man,2026-01-28 14:55:21,35108.0,Cameron,Smith,Cameron Smith
621043,Carlos Correa,117,Houston Astros,1,6,Shortstop,Infielder,A,40-man,2026-01-28 14:55:21,14162.0,Carlos,Correa,Carlos Correa
663967,César Salazar,117,Houston Astros,18,2,Catcher,Catcher,A,40-man,2026-01-28 14:55:21,21587.0,César,Salazar,César Salazar
572233,Christian Walker,117,Houston Astros,8,3,First Base,Infielder,A,40-man,2026-01-28 14:55:21,13419.0,Christian,Walker,Christian Walker
676467,Colton Gordon,117,Houston Astros,61,1,Pitcher,Pitcher,A,40-man,2026-01-28 14:55:21,31312.0,Colton,Gordon,Colton Gordon
664299,Cristian Javier,117,Houston Astros,53,1,Pitcher,Pitcher,A,40-man,2026-01-28 14:55:21,17606.0,Cristian,Javier,Cristian Javier
660853,Enyel De Los Santos,117,Houston Astros,65,1,Pitcher,Pitcher,A,40-man,2026-01-28 14:55:21,18403.0,Enyel,De Los Santos,Enyel De Los Santos
669713,Hayden Wesneski,117,Houston Astros,39,1,Pitcher,Pitcher,A,40-man,2026-01-28 14:55:21,27581.0,Hayden,Wesneski,Hayden Wesneski
686613,Hunter Brown,117,Houston Astros,58,1,Pitcher,Pitcher,A,40-man,2026-01-28 14:55:21,25880.0,Hunter,Brown,Hunter Brown
670623,Isaac Paredes,117,Houston Astros,15,5,Third Base,Infielder,A,40-man,2026-01-28 14:55:21,20036.0,Isaac,Paredes,Isaac Paredes
641585,J.P. France,117,Houston Astros,68,1,Pitcher,Pitcher,A,40-man,2026-01-28 14:55:21,21212.0,Jonathan,France,Jonathan France
676694,Jake Meyers,117,Houston Astros,6,8,Outfielder,Outfielder,A,40-man,2026-01-28 14:55:21,20308.0,Jacob,Meyers,Jacob Meyers
669920,Jason Alexander,117,Houston Astros,54,1,Pitcher,Pitcher,A,40-man,2026-01-28 14:55:21,19666.0,Jason,Alexander,Jason Alexander
681151,Jayden Murray,117,Houston Astros,70,1,Pitcher,Pitcher,A,40-man,2026-01-28 14:55:21,26482.0,Jayden,Murray,Jayden Murray
665161,Jeremy Peña,117,Houston Astros,3,6,Shortstop,Infielder,A,40-man,2026-01-28 14:55:21,21636.0,Jeremy,Peña,Jeremy Peña
660821,Jesús Sánchez,117,Houston Astros,4,9,Outfielder,Outfielder,A,40-man,2026-01-28 14:55:21,19913.0,Jesús,Sánchez,Jesús Sánchez
514888,Jose Altuve,117,Houston Astros,27,7,Outfielder,Outfielder,A,40-man,2026-01-28 14:55:21,5417.0,Jose,Altuve,Jose Altuve
623352,Josh Hader,117,Houston Astros,71,1,Pitcher,Pitcher,A,40-man,2026-01-28 14:55:21,14212.0,Josh,Hader,Josh Hader
621121,Lance McCullers Jr.,117,Houston Astros,43,1,Pitcher,Pitcher,A,40-man,2026-01-28 14:55:21,14120.0,Lance,McCullers,Lance McCullers
699044,Miguel Ullola,117,Houston Astros,66,1,Pitcher,Pitcher,A,40-man,2026-01-28 14:55:21,,Miguel,Ullola,Miguel Ullola
681347,Mike Burrows,117,Houston Astros,50,1,Pitcher,Pitcher,A,40-man,2026-01-28 14:55:21,24728.0,Michael,Burrows,Michael Burrows
663878,Nate Pearson,117,Houston Astros,55,1,Pitcher,Pitcher,A,40-man,2026-01-28 14:55:21,20160.0,Nathan,Pearson,Nathan Pearson
669397,Nick Allen,117,Houston Astros,20,6,Shortstop,Infielder,A,40-man,2026-01-28 14:55:21,22277.0,Nicholas,Allen,Nicholas Allen
682610,Roddery Muñoz,117,Houston Astros,46,1,Pitcher,Pitcher,A,40-man,2026-01-28 14:55:21,25311.0,Roddery,Muñoz,Roddery Muñoz
669854,Ronel Blanco,117,Houston Astros,56,1,Pitcher,Pitcher,A,40-man,2026-01-28 14:55:21,19407.0,Ronel,Blanco,Ronel Blanco
680802,Ryan Weiss,117,Houston Astros,51,1,Pitcher,Pitcher,A,40-man,2026-01-28 14:55:21,,Ryan,Weiss,Ryan Weiss
694376,Shay Whitcomb,117,Houston Astros,10,7,Outfielder,Outfielder,A,40-man,2026-01-28 14:55:21,27789.0,Shay,Whitcomb,Shay Whitcomb
681293,Spencer Arrighetti,117,Houston Astros,41,1,Pitcher,Pitcher,A,40-man,2026-01-28 14:55:21,29921.0,Spencer,Arrighetti,Spencer Arrighetti
595345,Steven Okert,117,Houston Astros,48,1,Pitcher,Pitcher,A,40-man,2026-01-28 14:55:21,13580.0,Steven,Okert,Steven Okert
837227,Tatsuya Imai,117,Houston Astros,45,1,Pitcher,Pitcher,A,40-man,2026-01-28 14:55:21,,Tatsuya,Imai,Tatsuya Imai
673237,Yainer Diaz,117,Houston Astros,21,2,Catcher,Catcher,A,40-man,2026-01-28 14:55:21,23003.0,Yainer,Diaz,Yainer Diaz
670541,Yordan Alvarez,117,Houston Astros,44,7,Outfielder,Outfielder,A,40-man,2026-01-28 14:55:21,19556.0,Yordan,Alvarez,Yordan Alvarez
805904,Zach Cole,117,Houston Astros,16,8,Outfielder,Outfielder,A,40-man,2026-01-28 14:55:21,31583.0,Zachary,Cole,Zachary Cole
701305,Zach Dezenzo,117,Houston Astros,9,7,Outfielder,Outfielder,A,40-man,2026-01-28 14:55:21,31562.0,Zachary,Dezenzo,Zachary Dezenzo
679525,Alec Marsh,118,Kansas City Royals,48,1,Pitcher,Pitcher,A,40-man,2026-01-28 14:55:21,27451.0,Alec,Marsh,Alec Marsh
656638,Alex Lange,118,Kansas City Royals,,1,Pitcher,Pitcher,A,40-man,2026-01-28 14:55:21,19883.0,Alexander,Lange,Alexander Lange
663559,Bailey Falter,118,Kansas City Royals,36,1,Pitcher,Pitcher,A,40-man,2026-01-28 14:55:21,20070.0,Bailey,Falter,Bailey Falter
695667,Ben Kudrna,118,Kansas City Royals,,1,Pitcher,Pitcher,A,40-man,2026-01-28 14:55:21,,Benjamin,Kudrna,Benjamin Kudrna
677951,Bobby Witt Jr.,118,Kansas City Royals,7,6,Shortstop,Infielder,A,40-man,2026-01-28 14:55:21,25764.0,Robert,Witt,Robert Witt
608032,Carlos Estévez,118,Kansas City Royals,53,1,Pitcher,Pitcher,A,40-man,2026-01-28 14:55:21,14542.0,Carlos,Estévez,Carlos Estévez
695600,Carter Jensen,118,Kansas City Royals,22,2,Catcher,Catcher,A,40-man,2026-01-28 14:55:21,29478.0,Carter,Jensen,Carter Jensen
666142,Cole Ragans,118,Kansas City Royals,55,1,Pitcher,Pitcher,A,40-man,2026-01-28 14:55:21,21846.0,Cole,Ragans,Cole Ragans
680118,Dairon Blanco,118,Kansas City Royals,44,8,Outfielder,Outfielder,A,40-man,2026-01-28 14:55:21,19779.0,Dairon,Blanco,Dairon Blanco
663738,Daniel Lynch IV,118,Kansas City Royals,41,1,Pitcher,Pitcher,A,40-man,2026-01-28 14:55:21,21537.0,Daniel,Lynch,Daniel Lynch
671221,Drew Waters,118,Kansas City Royals,8,7,Outfielder,Outfielder,A,40-man,2026-01-28 14:55:21,20505.0,Andrew,Waters,Andrew Waters
672021,Eric Cerantola,118,Kansas City Royals,87,1,Pitcher,Pitcher,A,40-man,2026-01-28 14:55:21,,Eric,Cerantola,Eric Cerantola
686555,Isaac Collins,118,Kansas City Royals,1,7,Outfielder,Outfielder,A,40-man,2026-01-28 14:55:21,25477.0,Isaac,Collins,Isaac Collins
695506,Jac Caglianone,118,Kansas City Royals,14,9,Outfielder,Outfielder,A,40-man,2026-01-28 14:55:21,35041.0,Jeffrey,Caglianone,Jeffrey Caglianone
663704,James McArthur,118,Kansas City Royals,66,1,Pitcher,Pitcher,A,40-man,2026-01-28 14:55:21,21527.0,James,McArthur,James McArthur
670231,John Rave,118,Kansas City Royals,16,9,Outfielder,Outfielder,A,40-man,2026-01-28 14:55:21,26284.0,John,Rave,John Rave
670167,John Schreiber,118,Kansas City Royals,46,1,Pitcher,Pitcher,A,40-man,2026-01-28 14:55:21,20020.0,John,Schreiber,John Schreiber
663697,Jonathan India,118,Kansas City Royals,6,4,Second Base,Infielder,A,40-man,2026-01-28 14:55:21,21523.0,Jonathan,India,Jonathan India
670224,Kameron Misner,118,Kansas City Royals,,8,Outfielder,Outfielder,A,40-man,2026-01-28 14:55:21,26374.0,Kameron,Misner,Kameron Misner
663460,Kris Bubic,118,Kansas City Royals,50,1,Pitcher,Pitcher,A,40-man,2026-01-28 14:55:21,21455.0,Kristofer,Bubic,Kristofer Bubic
664728,Kyle Isbel,118,Kansas City Royals,28,8,Outfielder,Outfielder,A,40-man,2026-01-28 14:55:21,21614.0,Kyle,Isbel,Kyle Isbel
657041,Lane Thomas,118,Kansas City Royals,15,8,Outfielder,Outfielder,A,40-man,2026-01-28 14:55:21,16939.0,Lane,Thomas,Lane Thomas
668674,Lucas Erceg,118,Kansas City Royals,60,1,Pitcher,Pitcher,A,40-man,2026-01-28 14:55:21,19360.0,Lucas,Erceg,Lucas Erceg
679883,Luinder Avila,118,Kansas City Royals,58,1,Pitcher,Pitcher,A,40-man,2026-01-28 14:55:21,24452.0,Luinder,Avila,Luinder Avila
672580,Maikel Garcia,118,Kansas City Royals,11,5,Third Base,Infielder,A,40-man,2026-01-28 14:55:21,22715.0,Maikel,Garcia,Maikel Garcia
696131,Mason Black,118,Kansas City Royals,,1,Pitcher,Pitcher,A,40-man,2026-01-28 14:55:21,30171.0,Mason,Black,Mason Black
621381,Matt Strahm,118,Kansas City Royals,,1,Pitcher,Pitcher,A,40-man,2026-01-28 14:55:21,13799.0,Matthew,Strahm,Matthew Strahm
686681,Michael Massey,118,Kansas City Royals,19,4,Second Base,Infielder,A,40-man,2026-01-28 14:55:21,27684.0,Michael,Massey,Michael Massey
608379,Michael Wacha,118,Kansas City Royals,52,1,Pitcher,Pitcher,A,40-man,2026-01-28 14:55:21,14078.0,Michael,Wacha,Michael Wacha
679845,Nick Loftin,118,Kansas City Royals,12,7,Outfielder,Outfielder,A,40-man,2026-01-28 14:55:21,27630.0,Nicholas,Loftin,Nicholas Loftin
683232,Nick Mears,118,Kansas City Royals,31,1,Pitcher,Pitcher,A,40-man,2026-01-28 14:55:21,25376.0,Nicolaus,Mears,Nicolaus Mears
702070,Noah Cameron,118,Kansas City Royals,65,1,Pitcher,Pitcher,A,40-man,2026-01-28 14:55:21,30184.0,Noah,Cameron,Noah Cameron
686701,Ryan Bergert,118,Kansas City Royals,38,1,Pitcher,Pitcher,A,40-man,2026-01-28 14:55:21,29863.0,Ryan,Bergert,Ryan Bergert
521692,Salvador Perez,118,Kansas City Royals,13,2,Catcher,Catcher,A,40-man,2026-01-28 14:55:21,7304.0,Salvador,Perez,Salvador Perez
607625,Seth Lugo,118,Kansas City Royals,67,1,Pitcher,Pitcher,A,40-man,2026-01-28 14:55:21,12447.0,Jacob,Lugo,Jacob Lugo
663568,Stephen Kolek,118,Kansas City Royals,32,1,Pitcher,Pitcher,A,40-man,2026-01-28 14:55:21,21487.0,Stephen,Kolek,Stephen Kolek
674444,Steven Cruz,118,Kansas City Royals,64,1,Pitcher,Pitcher,A,40-man,2026-01-28 14:55:21,23165.0,Steven,Cruz,Steven Cruz
686632,Steven Zobac,118,Kansas City Royals,63,1,Pitcher,Pitcher,A,40-man,2026-01-28 14:55:21,,Steven,Zobac,Steven Zobac
686475,Tyler Tolbert,118,Kansas City Royals,2,4,Second Base,Infielder,A,40-man,2026-01-28 14:55:21,25779.0,Tyler,Tolbert,Tyler Tolbert
686469,Vinnie Pasquantino,118,Kansas City Royals,9,3,First Base,Infielder,A,40-man,2026-01-28 14:55:21,27676.0,Vincent,Pasquantino,Vincent Pasquantino
669743,Alex Call,119,Los Angeles Dodgers,12,9,Outfielder,Outfielder,A,40-man,2026-01-28 14:55:21,19296.0,Alex,Call,Alex Call
690976,Alex Freeland,119,Los Angeles Dodgers,76,6,Shortstop,Infielder,A,40-man,2026-01-28 14:55:21,31665.0,Alexander,Freeland,Alexander Freeland
681911,Alex Vesia,119,Los Angeles Dodgers,51,1,Pitcher,Pitcher,A,40-man,2026-01-28 14:55:21,25007.0,Alexander,Vesia,Alexander Vesia
628451,Andy Ibáñez,119,Los Angeles Dodgers,,5,Third Base,Infielder,A,40-man,2026-01-28 14:55:21,18819.0,Andy,Ibáñez,Andy Ibáñez
681624,Andy Pages,119,Los Angeles Dodgers,44,8,Outfielder,Outfielder,A,40-man,2026-01-28 14:55:21,24816.0,Andy,Pages,Andy Pages
607455,Anthony Banda,119,Los Angeles Dodgers,43,1,Pitcher,Pitcher,A,40-man,2026-01-28 14:55:21,14706.0,Frank,Banda,Frank Banda
676508,Ben Casparius,119,Los Angeles Dodgers,78,1,Pitcher,Pitcher,A,40-man,2026-01-28 14:55:21,30085.0,Benjamin,Casparius,Benjamin Casparius
605483,Blake Snell,119,Los Angeles Dodgers,7,1,Pitcher,Pitcher,A,40-man,2026-01-28 14:55:21,13543.0,Blake,Snell,Blake Snell
595014,Blake Treinen,119,Los Angeles Dodgers,49,1,Pitcher,Pitcher,A,40-man,2026-01-28 14:55:21,12572.0,Blake,Treinen,Blake Treinen
676272,Bobby Miller,119,Los Angeles Dodgers,28,1,Pitcher,Pitcher,A,40-man,2026-01-28 14:55:21,27483.0,Robert,Miller,Robert Miller
592779,Brock Stewart,119,Los Angeles Dodgers,41,1,Pitcher,Pitcher,A,40-man,2026-01-28 14:55:21,16727.0,Brock,Stewart,Brock Stewart
660813,Brusdar Graterol,119,Los Angeles Dodgers,48,1,Pitcher,Pitcher,A,40-man,2026-01-28 14:55:21,20367.0,Brusdar,Graterol,Brusdar Graterol
687221,Dalton Rushing,119,Los Angeles Dodgers,68,2,Catcher,Catcher,A,40-man,2026-01-28 14:55:21,31382.0,Dalton,Rushing,Dalton Rushing
683618,Edgardo Henriquez,119,Los Angeles Dodgers,60,1,Pitcher,Pitcher,A,40-man,2026-01-28 14:55:21,26944.0,Edgardo,Henriquez,Edgardo Henriquez
621242,Edwin Díaz,119,Los Angeles Dodgers,3,1,Pitcher,Pitcher,A,40-man,2026-01-28 14:55:21,14710.0,Edwin,Díaz,Edwin Díaz
686218,Emmet Sheehan,119,Los Angeles Dodgers,80,1,Pitcher,Pitcher,A,40-man,2026-01-28 14:55:21,29839.0,George,Sheehan,George Sheehan
518692,Freddie Freeman,119,Los Angeles Dodgers,5,3,First Base,Infielder,A,40-man,2026-01-28 14:55:21,5361.0,Frederick,Freeman,Frederick Freeman
694813,Gavin Stone,119,Los Angeles Dodgers,35,1,Pitcher,Pitcher,A,40-man,2026-01-28 14:55:21,27792.0,Gavin,Stone,Gavin Stone
808975,Hyeseong Kim,119,Los Angeles Dodgers,6,4,Second Base,Infielder,A,40-man,2026-01-28 14:55:21,35322.0,Hyeseong,Kim,Hyeseong Kim
676263,Jack Dreyer,119,Los Angeles Dodgers,86,1,Pitcher,Pitcher,A,40-man,2026-01-28 14:55:21,30249.0,Jacob,Dreyer,Jacob Dreyer
680736,Justin Wrobleski,119,Los Angeles Dodgers,70,1,Pitcher,Pitcher,A,40-man,2026-01-28 14:55:21,31204.0,Justin,Wrobleski,Justin Wrobleski
669165,Kyle Hurt,119,Los Angeles Dodgers,63,1,Pitcher,Pitcher,A,40-man,2026-01-28 14:55:21,27514.0,Kyle,Hurt,Kyle Hurt
663656,Kyle Tucker,119,Los Angeles Dodgers,23,9,Outfielder,Outfielder,A,40-man,2026-01-28 14:55:21,18345.0,Kyle,Tucker,Kyle Tucker
689017,Landon Knack,119,Los Angeles Dodgers,96,1,Pitcher,Pitcher,A,40-man,2026-01-28 14:55:21,27487.0,Landon,Knack,Landon Knack
571970,Max Muncy,119,Los Angeles Dodgers,13,5,Third Base,Infielder,A,40-man,2026-01-28 14:55:21,13301.0,Maxwell,Muncy,Maxwell Muncy
500743,Miguel Rojas,119,Los Angeles Dodgers,72,4,Second Base,Infielder,A,40-man,2026-01-28 14:55:21,7802.0,Miguel,Rojas,Miguel Rojas
605141,Mookie Betts,119,Los Angeles Dodgers,50,6,Shortstop,Infielder,A,40-man,2026-01-28 14:55:21,13611.0,Markus,Betts,Markus Betts
801434,Paul Gervase,119,Los Angeles Dodgers,65,1,Pitcher,Pitcher,A,40-man,2026-01-28 14:55:21,31571.0,Paul,Gervase,Paul Gervase
689981,River Ryan,119,Los Angeles Dodgers,77,1,Pitcher,Pitcher,A,40-man,2026-01-28 14:55:21,29514.0,River,Ryan,River Ryan
808963,Roki Sasaki,119,Los Angeles Dodgers,11,1,Pitcher,Pitcher,A,40-man,2026-01-28 14:55:21,35323.0,Roki,Sasaki,Roki Sasaki
691947,Ronan Kopp,119,Los Angeles Dodgers,,1,Pitcher,Pitcher,A,40-man,2026-01-28 14:55:21,,Ronan,Kopp,Ronan Kopp
669899,Ryan Ward,119,Los Angeles Dodgers,,7,Outfielder,Outfielder,A,40-man,2026-01-28 14:55:21,,Ryan,Ward,Ryan Ward
660271,Shohei Ohtani,119,Los Angeles Dodgers,17,Y,Two-Way Player,Two-Way Player,A,40-man,2026-01-28 14:55:21,19755.0,Shohei,Ohtani,Shohei Ohtani
656945,Tanner Scott,119,Los Angeles Dodgers,66,1,Pitcher,Pitcher,A,40-man,2026-01-28 14:55:21,17586.0,Tanner,Scott,Tanner Scott
606192,Teoscar Hernández,119,Los Angeles Dodgers,37,9,Outfielder,Outfielder,A,40-man,2026-01-28 14:55:21,13066.0,Teoscar,Hernández,Teoscar Hernández
669242,Tommy Edman,119,Los Angeles Dodgers,25,4,Second Base,Infielder,A,40-man,2026-01-28 14:55:21,19470.0,Thomas,Edman,Thomas Edman
607192,Tyler Glasnow,119,Los Angeles Dodgers,31,1,Pitcher,Pitcher,A,40-man,2026-01-28 14:55:21,14374.0,Tyler,Glasnow,Tyler Glasnow
694361,Will Klein,119,Los Angeles Dodgers,61,1,Pitcher,Pitcher,A,40-man,2026-01-28 14:55:21,27787.0,William,Klein,William Klein
669257,Will Smith,119,Los Angeles Dodgers,16,2,Catcher,Catcher,A,40-man,2026-01-28 14:55:21,19197.0,William,Smith,William Smith
808967,Yoshinobu Yamamoto,119,Los Angeles Dodgers,18,1,Pitcher,Pitcher,A,40-man,2026-01-28 14:55:21,33825.0,Yoshinobu,Yamamoto,Yoshinobu Yamamoto
694673,Abimelec Ortiz,120,Washington Nationals,,3,First Base,Infielder,A,40-man,2026-01-28 14:55:21,,Abimelec,Ortiz,Abimelec Ortiz
665953,Andrés Chaparro,120,Washington Nationals,87,3,First Base,Infielder,A,40-man,2026-01-28 14:55:21,21797.0,Andrés,Chaparro,Andrés Chaparro
674841,Andrew Alvarez,120,Washington Nationals,54,1,Pitcher,Pitcher,A,40-man,2026-01-28 14:55:21,29914.0,Michael,Alvarez,Michael Alvarez
695418,Brad Lord,120,Washington Nationals,41,1,Pitcher,Pitcher,A,40-man,2026-01-28 14:55:21,31972.0,Bradley,Lord,Bradley Lord
691781,Brady House,120,Washington Nationals,12,5,Third Base,Infielder,A,40-man,2026-01-28 14:55:21,29993.0,Brady,House,Brady House
682928,CJ Abrams,120,Washington Nationals,5,6,Shortstop,Infielder,A,40-man,2026-01-28 14:55:21,25768.0,Paul,Abrams,Paul Abrams
676917,Cade Cavalli,120,Washington Nationals,24,1,Pitcher,Pitcher,A,40-man,2026-01-28 14:55:21,27473.0,Steven,Cavalli,Steven Cavalli
681047,Christian Franklin,120,Washington Nationals,33,7,Outfielder,Outfielder,A,40-man,2026-01-28 14:55:21,,Christian,Franklin,Christian Franklin
690925,Clayton Beeter,120,Washington Nationals,39,1,Pitcher,Pitcher,A,40-man,2026-01-28 14:55:21,27494.0,Clayton,Beeter,Clayton Beeter
669371,Cole Henry,120,Washington Nationals,99,1,Pitcher,Pitcher,A,40-man,2026-01-28 14:55:21,27570.0,Jeffrey,Henry,Jeffrey Henry
687792,DJ Herz,120,Washington Nationals,77,1,Pitcher,Pitcher,A,40-man,2026-01-28 14:55:21,26389.0,Davidjohn,Herz,Davidjohn Herz
695734,Daylen Lile,120,Washington Nationals,4,9,Outfielder,Outfielder,A,40-man,2026-01-28 14:55:21,29995.0,Daylen,Lile,Daylen Lile
686452,Drew Millas,120,Washington Nationals,14,2,Catcher,Catcher,A,40-man,2026-01-28 14:55:21,25643.0,Andrew,Millas,Andrew Millas
686611,Dylan Crews,120,Washington Nationals,3,9,Outfielder,Outfielder,A,40-man,2026-01-28 14:55:21,33541.0,Dylan,Crews,Dylan Crews
656492,Foster Griffin,120,Washington Nationals,,1,Pitcher,Pitcher,A,40-man,2026-01-28 14:55:21,16432.0,Fred,Griffin,Fred Griffin
676046,Griff McGarry,120,Washington Nationals,25,1,Pitcher,Pitcher,A,40-man,2026-01-28 14:55:21,,Griffin,McGarry,Griffin McGarry
681402,Gus Varland,120,Washington Nationals,,1,Pitcher,Pitcher,A,40-man,2026-01-28 14:55:21,24737.0,Augustus,Varland,Augustus Varland
695670,Harry Ford,120,Washington Nationals,17,2,Catcher,Catcher,A,40-man,2026-01-28 14:55:21,29958.0,Harrison,Ford,Harrison Ford
671131,Jackson Rutledge,120,Washington Nationals,44,1,Pitcher,Pitcher,A,40-man,2026-01-28 14:55:21,26215.0,Jackson,Rutledge,Jackson Rutledge
696285,Jacob Young,120,Washington Nationals,30,8,Outfielder,Outfielder,A,40-man,2026-01-28 14:55:21,29931.0,Jacob,Young,Jacob Young
671109,Jake Eder,120,Washington Nationals,46,1,Pitcher,Pitcher,A,40-man,2026-01-28 14:55:21,27590.0,Jacob,Eder,Jacob Eder
663623,Jake Irvin,120,Washington Nationals,27,1,Pitcher,Pitcher,A,40-man,2026-01-28 14:55:21,21504.0,Jacob,Irvin,Jacob Irvin
695578,James Wood,120,Washington Nationals,29,7,Outfielder,Outfielder,A,40-man,2026-01-28 14:55:21,29518.0,James,Wood,James Wood
686894,Joey Wiemer,120,Washington Nationals,,7,Outfielder,Outfielder,A,40-man,2026-01-28 14:55:21,27690.0,Joseph,Wiemer,Joseph Wiemer
677588,José Tena,120,Washington Nationals,8,5,Third Base,Infielder,A,40-man,2026-01-28 14:55:21,23691.0,José,Tena,José Tena
680686,Josiah Gray,120,Washington Nationals,40,1,Pitcher,Pitcher,A,40-man,2026-01-28 14:55:21,24580.0,Josiah,Gray,Josiah Gray
642759,Julian Fernández,120,Washington Nationals,65,1,Pitcher,Pitcher,A,40-man,2026-01-28 14:55:21,18341.0,Julian,Fernández,Julian Fernández
660688,Keibert Ruiz,120,Washington Nationals,20,2,Catcher,Catcher,A,40-man,2026-01-28 14:55:21,19610.0,Keibert,Ruiz,Keibert Ruiz
671277,Luis García Jr.,120,Washington Nationals,2,4,Second Base,Infielder,A,40-man,2026-01-28 14:55:21,20391.0,Luis,García,Luis García
691384,Luis Perales,120,Washington Nationals,43,1,Pitcher,Pitcher,A,40-man,2026-01-28 14:55:21,,Luis,Perales,Luis Perales
681508,Mickey Gasper,120,Washington Nationals,,4,Second Base,Infielder,A,40-man,2026-01-28 14:55:21,24759.0,Michael,Gasper,Michael Gasper
680730,Mitchell Parker,120,Washington Nationals,70,1,Pitcher,Pitcher,A,40-man,2026-01-28 14:55:21,27636.0,Mitchell,Parker,Mitchell Parker
683083,Nasim Nuñez,120,Washington Nationals,26,6,Shortstop,Infielder,A,40-man,2026-01-28 14:55:21,25979.0,Nasim,Nuñez,Nasim Nuñez
687377,Orlando Ribalta,120,Washington Nationals,64,1,Pitcher,Pitcher,A,40-man,2026-01-28 14:55:21,26247.0,Orlando,Ribalta,Orlando Ribalta
676571,PJ Poulin,120,Washington Nationals,50,1,Pitcher,Pitcher,A,40-man,2026-01-28 14:55:21,23394.0,Peter,Poulin,Peter Poulin
687606,Paxton Schultz,120,Washington Nationals,,1,Pitcher,Pitcher,A,40-man,2026-01-28 14:55:21,25501.0,Paxton,Schultz,Paxton Schultz
683000,Riley Cornelio,120,Washington Nationals,55,1,Pitcher,Pitcher,A,40-man,2026-01-28 14:55:21,,Riley,Cornelio,Riley Cornelio
690987,Robert Hassell III,120,Washington Nationals,6,8,Outfielder,Outfielder,A,40-man,2026-01-28 14:55:21,27482.0,Robert,Hassell,Robert Hassell
592866,Trevor Williams,120,Washington Nationals,32,1,Pitcher,Pitcher,A,40-man,2026-01-28 14:55:21,16977.0,Trevor,Williams,Trevor Williams
691907,Tsung-Che Cheng,120,Washington Nationals,,6,Shortstop,Infielder,A,40-man,2026-01-28 14:55:21,28344.0,Tsung-Che,Cheng,Tsung-Che Cheng
621345,A.J. Minter,121,New York Mets,33,1,Pitcher,Pitcher,A,40-man,2026-01-28 14:55:21,18655.0,Alex,Minter,Alex Minter
692024,Alex Carrillo,121,New York Mets,84,1,Pitcher,Pitcher,A,40-man,2026-01-28 14:55:21,26463.0,Alejandro,Carrillo,Alejandro Carrillo
681810,Austin Warren,121,New York Mets,44,1,Pitcher,Pitcher,A,40-man,2026-01-28 14:55:21,24937.0,Austin,Warren,Austin Warren
666182,Bo Bichette,121,New York Mets,19,6,Shortstop,Infielder,A,40-man,2026-01-28 14:55:21,19612.0,Bo,Bichette,Bo Bichette
683146,Brett Baty,121,New York Mets,7,5,Third Base,Infielder,A,40-man,2026-01-28 14:55:21,26123.0,Brett,Baty,Brett Baty
548384,Brooks Raley,121,New York Mets,25,1,Pitcher,Pitcher,A,40-man,2026-01-28 14:55:21,10061.0,Brooks,Raley,Brooks Raley
681035,Christian Scott,121,New York Mets,45,1,Pitcher,Pitcher,A,40-man,2026-01-28 14:55:21,30107.0,Christian,Scott,Christian Scott
605280,Clay Holmes,121,New York Mets,35,1,Pitcher,Pitcher,A,40-man,2026-01-28 14:55:21,13649.0,Clayton,Holmes,Clayton Holmes
656849,David Peterson,121,New York Mets,23,1,Pitcher,Pitcher,A,40-man,2026-01-28 14:55:21,20302.0,David,Peterson,David Peterson
673380,Dedniel Núñez,121,New York Mets,72,1,Pitcher,Pitcher,A,40-man,2026-01-28 14:55:21,23055.0,Dedniel,Núñez,Dedniel Núñez
642207,Devin Williams,121,New York Mets,38,1,Pitcher,Pitcher,A,40-man,2026-01-28 14:55:21,15816.0,Devin,Williams,Devin Williams
697811,Dylan Ross,121,New York Mets,50,1,Pitcher,Pitcher,A,40-man,2026-01-28 14:55:21,,Dylan,Ross,Dylan Ross
682626,Francisco Alvarez,121,New York Mets,4,2,Catcher,Catcher,A,40-man,2026-01-28 14:55:21,26121.0,Francisco,Alvarez,Francisco Alvarez
596019,Francisco Lindor,121,New York Mets,12,6,Shortstop,Infielder,A,40-man,2026-01-28 14:55:21,12916.0,Francisco,Lindor,Francisco Lindor
642547,Freddy Peralta,121,New York Mets,51,1,Pitcher,Pitcher,A,40-man,2026-01-28 14:55:21,18679.0,Freddy,Peralta,Freddy Peralta
663584,Hayden Senger,121,New York Mets,30,2,Catcher,Catcher,A,40-man,2026-01-28 14:55:21,21489.0,Hayden,Senger,Hayden Senger
623211,Huascar Brazobán,121,New York Mets,43,1,Pitcher,Pitcher,A,40-man,2026-01-28 14:55:21,6107.0,Huascar,Brazobán,Huascar Brazobán
676724,Jared Young,121,New York Mets,29,7,Outfielder,Outfielder,A,40-man,2026-01-28 14:55:21,20404.0,Jared,Young,Jared Young
680702,Joey Gerber,121,New York Mets,,1,Pitcher,Pitcher,A,40-man,2026-01-28 14:55:21,24591.0,Joseph,Gerber,Joseph Gerber
804636,Jonah Tong,121,New York Mets,21,1,Pitcher,Pitcher,A,40-man,2026-01-28 14:55:21,32157.0,Jonah,Tong,Jonah Tong
702752,Jonathan Pintaro,121,New York Mets,91,1,Pitcher,Pitcher,A,40-man,2026-01-28 14:55:21,33980.0,Jonathan,Pintaro,Jonathan Pintaro
593871,Jorge Polanco,121,New York Mets,11,4,Second Base,Infielder,A,40-man,2026-01-28 14:55:21,13152.0,Jorge,Polanco,Jorge Polanco
665742,Juan Soto,121,New York Mets,22,9,Outfielder,Outfielder,A,40-man,2026-01-28 14:55:21,20123.0,Juan,Soto,Juan Soto
663795,Justin Hagenman,121,New York Mets,51,1,Pitcher,Pitcher,A,40-man,2026-01-28 14:55:21,21546.0,Justin,Hagenman,Justin Hagenman
673540,Kodai Senga,121,New York Mets,34,1,Pitcher,Pitcher,A,40-man,2026-01-28 14:55:21,31838.0,Kodai,Senga,Kodai Senga
472610,Luis García,121,New York Mets,,1,Pitcher,Pitcher,A,40-man,2026-01-28 14:55:21,6984.0,Luis,García,Luis García
673357,Luis Robert Jr.,121,New York Mets,88,8,Outfielder,Outfielder,A,40-man,2026-01-28 14:55:21,20043.0,Luis,Robert,Luis Robert
620443,Luis Torrens,121,New York Mets,13,2,Catcher,Catcher,A,40-man,2026-01-28 14:55:21,15905.0,Luis,Torrens,Luis Torrens
596133,Luke Weaver,121,New York Mets,30,1,Pitcher,Pitcher,A,40-man,2026-01-28 14:55:21,16918.0,Luke,Weaver,Luke Weaver
543760,Marcus Semien,121,New York Mets,10,4,Second Base,Infielder,A,40-man,2026-01-28 14:55:21,12533.0,Marcus,Semien,Marcus Semien
668901,Mark Vientos,121,New York Mets,27,5,Third Base,Infielder,A,40-man,2026-01-28 14:55:21,22184.0,Mark,Vientos,Mark Vientos
703492,Nick Morabito,121,New York Mets,,8,Outfielder,Outfielder,A,40-man,2026-01-28 14:55:21,,Nicholas,Morabito,Nicholas Morabito
690997,Nolan McLean,121,New York Mets,26,1,Pitcher,Pitcher,A,40-man,2026-01-28 14:55:21,33703.0,Nolan,McLean,Nolan McLean
657585,Reed Garrett,121,New York Mets,75,1,Pitcher,Pitcher,A,40-man,2026-01-28 14:55:21,16866.0,Reed,Garrett,Reed Garrett
677595,Ronny Mauricio,121,New York Mets,0,5,Third Base,Infielder,A,40-man,2026-01-28 14:55:21,23698.0,Ronny,Mauricio,Ronny Mauricio
640455,Sean Manaea,121,New York Mets,59,1,Pitcher,Pitcher,A,40-man,2026-01-28 14:55:21,15873.0,Sean,Manaea,Sean Manaea
668964,Tobias Myers,121,New York Mets,32,1,Pitcher,Pitcher,A,40-man,2026-01-28 14:55:21,22191.0,Tobias,Myers,Tobias Myers
656731,Tylor Megill,121,New York Mets,38,1,Pitcher,Pitcher,A,40-man,2026-01-28 14:55:21,21318.0,Tylor,Megill,Tylor Megill
621438,Tyrone Taylor,121,New York Mets,15,8,Outfielder,Outfielder,A,40-man,2026-01-28 14:55:21,13675.0,Tyrone,Taylor,Tyrone Taylor
660644,Vidal Bruján,121,New York Mets,,5,Third Base,Infielder,A,40-man,2026-01-28 14:55:21,20536.0,Vidal,Bruján,Vidal Bruján
