"last_name, first_name",pitcher,ff_avg_speed,si_avg_speed,fc_avg_speed,sl_avg_speed,ch_avg_speed,cu_avg_speed,fs_avg_speed,kn_avg_speed,st_avg_speed,sv_avg_speed,year
"Keuchel, Dallas",572971,89.5,90.0,85.4,79.8,79.6,,,,,,2015
"Archer, Chris",502042,95.8,,,88.4,86.5,,,,,,2015
"Arrieta, Jake",453562,95.1,95.3,,90.8,89.5,81.2,,,,,2015
"Kershaw, Clayton",477132,94.3,94.2,,88.6,88.3,74.0,,,,,2015
"Price, David",456034,94.6,94.8,89.7,,85.8,80.2,,,,,2015
"Scherzer, Max",453286,94.8,,89.9,86.6,85.4,80.1,,,,,2015
"Quintana, Jose",500779,91.9,92.1,,,86.3,80.3,,,,,2015
"Samardzija, Jeff",502188,94.5,94.5,92.1,86.2,,83.2,85.7,,,,2015
"Hamels, Cole",430935,92.9,93.2,89.1,,84.9,78.8,,,,,2015
"Sale, Chris",519242,,95.2,,79.4,86.3,,,,,,2015
"Shields, James",448306,91.7,91.4,86.5,,84.9,78.7,,,,,2015
"Bumgarner, Madison",518516,92.7,92.5,86.8,86.5,85.5,76.9,,,,,2015
"Volquez, Edinson",450172,94.4,94.3,,,85.2,81.0,,,,,2015
"Kluber, Corey",446372,93.2,93.5,,88.9,85.6,83.3,,,,,2015
"Teheran, Julio",527054,92.1,91.1,,81.2,83.3,72.4,,,,,2015
"Cueto, Johnny",456501,93.3,93.2,88.6,83.6,84.0,75.4,,,,,2015
"Richards, Garrett",572070,96.4,96.1,95.8,87.9,93.2,79.9,,,,,2015
"Cole, Gerrit",543037,96.3,96.2,,87.7,88.8,82.2,,,,,2015
"Greinke, Zack",425844,92.4,91.8,,87.4,88.7,74.2,,,,,2015
"McHugh, Collin",543521,91.0,91.1,87.4,,82.8,73.3,,,,,2015
"Gallardo, Yovani",451596,91.2,91.1,93.1,87.8,85.7,79.2,,,,,2015
"Miller, Shelby",571946,94.9,94.5,87.7,,87.0,78.6,,,,,2015
"Ross, Tyson",475115,93.6,93.5,92.1,87.2,89.4,,,,,,2015
"Gibson, Kyle",502043,92.6,92.2,,85.6,84.3,81.3,,,,,2015
"Miley, Wade",489119,91.4,91.3,,85.1,83.6,77.5,,,,,2015
"Lester, Jon",452657,92.6,91.5,88.5,,85.1,75.5,,,,,2015
"Dickey, R.A.",285079,82.3,,,,,,,76.7,,,2015
"Lewis, Colby",407890,88.6,88.1,,83.1,83.8,77.3,,,,,2015
"Santiago, Héctor",502327,,90.9,86.6,79.4,83.5,73.4,,,,,2015
"Lackey, John",407793,92.2,92.2,83.9,,84.3,78.6,,,,,2015
"Cashner, Andrew",488768,95.5,95.3,,85.7,86.3,80.3,,,,,2015
"Zimmermann, Jordan",519455,93.6,94.1,,88.2,88.7,81.0,,,,,2015
"Gray, Sonny",543243,93.7,93.5,90.8,86.6,88.1,81.9,,,,,2015
"Jiménez, Ubaldo",434622,91.3,90.8,90.2,83.8,,75.9,84.7,,,,2015
"Salazar, Danny",517593,95.6,95.0,,85.5,86.1,80.0,,,,,2015
"Hernández, Félix",433587,92.6,92.1,,85.0,88.5,80.7,,,,,2015
"Lynn, Lance",458681,92.8,91.5,,87.0,84.9,78.1,,,,,2015
"Fiers, Mike",571666,89.9,,84.6,77.7,83.5,72.9,,,,,2015
"Simon, Alfredo",430580,93.5,93.5,88.9,83.9,86.1,77.3,85.2,,,,2015
"Chen, Wei-Yin",612672,92.2,91.3,,83.8,83.4,73.9,,,,,2015
"De La Rosa, Rubby",523989,95.1,94.2,,85.9,87.0,79.5,,,,,2015
"Liriano, Francisco",434538,92.7,93.1,,85.5,85.0,72.8,,,,,2015
"deGrom, Jacob",594798,95.6,95.3,,90.2,86.0,82.3,,,,,2015
"Koehler, Tom",543408,92.6,93.0,,86.1,85.1,79.4,,,,,2015
"Kazmir, Scott",431148,92.5,91.8,87.2,81.5,76.4,76.8,,,,,2015
"Tillman, Chris",501957,92.1,,91.0,86.3,83.3,75.7,,,,,2015
"Gonzalez, Gio",461829,92.8,92.4,,,84.5,78.7,,,,,2015
"Wacha, Michael",608379,94.8,,89.8,,87.1,76.4,,,,,2015
"Danks, John",433579,90.0,90.0,86.5,80.3,81.5,76.2,,,,,2015
"Estrada, Marco",462136,89.8,,88.6,,79.1,77.8,,,,,2015
"Haren, Dan",429717,86.6,85.9,83.9,,,76.8,81.7,,,,2015
"Wood, Alex",622072,,89.7,,,83.6,80.8,,,,,2015
"Kennedy, Ian",453178,91.9,92.4,,85.6,83.9,77.7,,,,,2015
"DeSclafani, Anthony",543101,93.4,92.8,,87.6,86.3,79.7,,,,,2015
"Bauer, Trevor",545333,93.5,93.7,85.1,84.1,85.8,78.0,,,,,2015
"Harang, Aaron",421685,89.6,89.9,,81.7,84.1,74.2,,,,,2015
"Martinez, Carlos",593372,96.4,95.5,,,87.4,85.7,,,,,2015
"Happ, J.A.",457918,92.6,91.3,,84.9,85.6,78.9,,,,,2015
"Buehrle, Mark",279824,84.5,83.5,79.9,,78.7,71.7,,,,,2015
"Hendricks, Kyle",543294,90.9,88.8,88.3,,80.7,78.3,,,,,2015
"Nelson, Jimmy",519076,94.0,94.1,,87.5,86.0,83.1,,,,,2015
"Harvey, Matt",518774,96.5,96.6,,90.1,89.0,84.3,,,,,2015
"Heston, Chris",518790,90.2,89.5,,77.0,82.6,74.6,,,,,2015
"Carrasco, Carlos",471911,95.3,95.0,,88.4,89.0,83.8,,,,,2015
"Locke, Jeff",502046,92.0,91.9,,,81.7,80.0,,,,,2015
"Odorizzi, Jake",543606,91.9,92.0,86.7,82.9,,71.8,85.6,,,,2015
"Porcello, Rick",519144,92.1,91.1,,87.1,82.8,75.5,,,,,2015
"Leake, Mike",502190,90.9,91.5,90.3,81.7,86.1,80.4,,,,,2015
"Hammel, Jason",434628,92.8,92.8,,84.9,85.6,77.1,,,,,2015
"Anderson, Brett",474463,91.5,91.0,,82.5,83.9,76.3,,,,,2015
"Sabathia, CC",282332,90.8,89.8,90.2,79.6,83.9,,,,,,2015
"Colon, Bartolo",112526,90.9,87.8,,82.8,82.6,81.5,,,,,2015
"Niese, Jonathon",477003,89.6,89.5,87.6,80.6,83.3,74.9,,,,,2015
"Pelfrey, Mike",460059,93.6,93.9,,84.3,,73.5,81.3,,,,2015
"Ventura, Yordano",570649,97.2,96.8,92.4,,87.9,84.6,,,,,2015
"Eovaldi, Nathan",543135,97.4,98.0,,84.9,85.4,75.9,90.0,,,,2015
"Walker, Taijuan",592836,94.8,95.8,90.1,,,74.7,89.4,,,,2015
"Chavez, Jesse",445926,91.9,91.8,89.7,83.3,84.7,76.1,,,,,2015
"Pineda, Michael",501381,93.4,94.4,93.3,86.1,88.8,73.6,,,,,2015
"Lohse, Kyle",346798,89.8,89.9,,84.7,79.8,75.3,,,,,2015
"Sánchez, Aníbal",434671,92.4,92.7,91.7,87.1,74.1,78.3,86.3,,,,2015
"Hutchison, Drew",571800,93.0,92.3,,84.9,86.2,81.9,,,,,2015
"Burnett, A.J.",150359,91.7,91.5,,,86.3,82.3,,,,,2015
"Hellickson, Jeremy",476451,90.7,90.6,87.7,89.2,80.8,77.6,,,,,2015
"Guthrie, Jeremy",425386,92.6,92.1,89.7,86.3,85.6,77.9,,,,,2015
"Anderson, Chase",502624,92.2,91.8,89.0,,82.1,77.3,,,,,2015
"De La Rosa, Jorge",407822,92.1,92.0,87.7,86.2,82.9,73.5,82.7,,,,2015
"Rodón, Carlos",607074,94.2,93.7,,87.8,85.1,,,,,,2015
"González, Miguel",456068,91.7,91.7,,85.2,84.5,77.1,,,,,2015
"Weaver, Jered",450308,84.1,83.5,83.8,76.4,75.4,67.9,,,,,2015
"Ramírez, Erasmo",541640,91.5,91.4,,84.6,81.4,78.2,,,,,2015
"Karns, Nate",501992,92.2,,,,85.7,81.2,,,,,2015
"Garza, Matt",490063,93.3,93.1,,85.7,85.6,74.5,,,,,2015
"Kelly, Joe",523260,96.2,96.0,,86.3,85.5,80.1,,,,,2015
"Syndergaard, Noah",592789,97.7,97.7,,87.9,88.8,81.2,,,,,2015
"Duffy, Danny",518633,94.5,94.2,89.7,,85.6,81.3,,,,,2015
"Vogelsong, Ryan",285064,91.6,91.6,,88.5,84.0,77.0,,,,,2015
"Tanaka, Masahiro",547888,92.7,91.8,89.6,84.2,,77.0,88.1,,,,2015
"Hughes, Phil",461833,91.3,91.1,88.2,87.0,85.9,76.9,,,,,2015
"Ray, Robbie",592662,94.1,93.5,,83.1,84.5,52.2,,,,,2015
"Kendrick, Kyle",452718,,89.5,87.2,79.1,82.1,,,,,,2015
"Warren, Adam",476589,93.4,92.7,91.8,87.7,84.9,79.9,,,,,2015
"Verlander, Justin",434378,93.4,,,86.3,84.8,79.9,,,,,2015
"Rusin, Chris",543734,90.5,89.8,87.1,,82.1,81.2,,,,,2015
"Martinez, Nick",607259,90.3,90.3,,81.7,83.4,74.8,,,,,2015
"Wilson, C.J.",450351,90.9,90.8,87.8,83.4,85.5,77.7,,,,,2015
"McCullers Jr., Lance",621121,95.1,96.1,,,89.5,84.7,,,,,2015
"Shoemaker, Matt",533167,90.9,90.7,,81.7,84.3,75.6,,,,,2015
"Milone, Tommy",543548,88.2,87.1,86.1,,81.9,73.7,,,,,2015
"Strasburg, Stephen",544931,96.0,96.1,,89.1,89.0,82.4,,,,,2015
"Jungmann, Taylor",543380,92.6,92.3,,,84.8,76.4,,,,,2015
"Rodriguez, Eduardo",593958,94.7,93.4,,86.5,87.5,,,,,,2015
"Young, Chris",432934,87.1,,,80.8,80.6,,,,,,2015
"Morton, Charlie",450203,92.8,92.5,,,,79.3,84.8,,,,2015
"Lorenzen, Michael",547179,94.7,95.1,,86.5,85.7,80.8,,,,,2015
"Williams, Jerome",425532,90.8,90.4,87.8,79.8,83.9,73.7,,,,,2015
"Collmenter, Josh",518567,87.1,,85.4,,77.1,71.2,,,,,2015
"Despaigne, Odrisamer",628333,91.5,91.7,91.3,86.6,77.9,78.9,,,,,2015
"Graveman, Kendall",608665,90.7,91.3,86.4,78.4,83.9,77.7,,,,,2015
"Bettis, Chad",518452,92.5,92.3,,86.8,85.8,74.6,,,,,2015
"Gausman, Kevin",592332,95.9,94.3,,80.6,85.8,,85.5,,,,2015
"Pérez, Williams",554234,89.0,91.2,,,79.7,77.3,,,,,2015
"Iwakuma, Hisashi",547874,89.7,88.3,86.4,81.3,,72.9,84.0,,,,2015
"May, Trevor",543507,93.8,92.4,,84.9,85.7,77.9,,,,,2015
"Phelps, David",475479,91.1,90.5,90.9,87.9,83.2,79.0,,,,,2015
"García, Jaime",448802,90.6,90.8,90.9,84.1,83.6,73.0,,,,,2015
"Hudson, Tim",218596,88.5,88.7,83.0,,,75.8,80.9,,,,2015
"Elías, Roenis",606273,92.3,91.9,,,85.1,79.3,,,,,2015
"Latos, Mat",502009,92.0,91.7,92.2,86.5,84.2,76.7,81.9,,,,2015
"Roark, Tanner",543699,93.3,93.4,,86.2,83.3,76.9,,,,,2015
"Bolsinger, Mike",502211,87.7,,87.5,80.3,83.0,79.6,,,,,2015
"Feldman, Scott",444857,90.6,90.8,88.9,,84.7,75.1,,,,,2015
"Wisler, Matt",605538,94.0,93.7,,82.8,87.3,76.8,,,,,2015
"Peralta, Wily",503449,94.8,95.1,,83.2,84.1,,83.3,,,,2015
"Peavy, Jake",408241,90.6,90.8,86.4,84.4,83.1,80.7,,,,,2015
"Buchholz, Clay",453329,92.9,92.5,88.5,,80.4,78.5,87.1,,,,2015
"Wood, Travis",475243,91.0,90.0,86.5,80.0,80.7,70.5,,,,,2015
"Colomé, Alex",517008,94.6,95.8,87.2,,86.4,79.0,,,,,2015
"Santana, Ervin",429722,93.1,88.9,,84.6,85.6,,,,,,2015
"Fister, Doug",450729,86.8,86.7,82.3,,79.0,71.6,,,,,2015
"Heaney, Andrew",571760,84.8,91.9,,80.1,83.6,,,,,,2015
"Rodriguez, Wandy",434643,89.0,88.8,,,82.4,75.0,,,,,2015
"Iglesias, Raisel",628452,92.8,91.9,,83.0,85.4,,,,,,2015
"Hand, Brad",543272,93.0,92.5,,84.8,86.2,78.9,,,,,2015
"Nova, Iván",467100,93.8,93.5,,,87.3,80.5,,,,,2015
"Hahn, Jesse",534910,92.4,92.6,,81.8,84.9,75.1,,,,,2015
"Foltynewicz, Mike",592314,95.7,95.4,,84.5,85.0,75.9,,,,,2015
"Norris, Bud",502032,94.4,94.9,96.1,86.1,86.0,,,,,,2015
"Montgomery, Mike",543557,91.9,,89.2,,81.5,75.7,,,,,2015
"Nuño, Vidal",573064,90.3,89.1,,85.2,83.0,79.6,,,,,2015
"Pomeranz, Drew",519141,92.5,88.8,92.5,,85.3,80.5,,,,,2015
"De Fratus, Justin",518603,92.4,90.8,,82.1,85.6,,,,,,2015
"Sanchez, Aaron",592717,95.1,95.8,92.4,87.4,90.0,79.6,,,,,2015
"Bassitt, Chris",605135,94.0,93.5,,85.9,83.9,71.6,,,,,2015
"Betances, Dellin",476454,97.6,,98.4,,,84.2,,,,86.0,2015
"Butler, Eddie",572750,94.3,93.5,,87.6,87.8,81.1,,,,,2015
"Greene, Shane",572888,93.3,92.0,,87.0,85.8,79.3,,,80.7,,2015
"Lincecum, Tim",453311,88.1,87.7,,79.1,81.9,74.3,,,,,2015
"Hernandez, Roberto",433584,89.3,89.6,,84.6,83.0,,,,,,2015
"Brach, Brad",542960,94.7,93.8,,85.9,,,86.8,,,,2015
"Hale, David",571735,91.0,90.9,90.1,,79.8,81.7,,,,,2015
"Anderson, Cody",594736,92.8,,89.6,,84.6,85.3,,,,,2015
"Siegrist, Kevin",543779,94.7,94.2,,,85.9,81.2,,,,,2015
"Delgado, Randall",517414,93.7,92.7,,82.5,84.5,74.4,,,,,2015
"Doubront, Felix",467094,91.3,91.4,87.5,,84.5,76.2,,,,,2015
"Corbin, Patrick",571578,92.7,93.1,,81.8,84.3,,,,,,2015
"Morgan, Adam",605388,89.5,,,81.5,78.5,74.4,,,,,2015
"Clippard, Tyler",461325,92.1,,,,79.5,74.3,82.6,,,,2015
"Buchanan, David",571527,89.8,90.2,89.0,,82.0,78.9,,,,,2015
"Pérez, Martín",527048,92.7,91.9,,86.4,84.6,78.6,,,,,2015
"McAllister, Zach",502083,95.9,96.2,89.5,83.7,88.6,80.6,,,,,2015
"Rosenthal, Trevor",572096,98.3,,,88.5,88.3,81.1,,,,,2015
"Wright, Steven",453214,83.9,,,,,67.6,,75.1,,,2015
"Frías, Carlos",516910,95.3,95.2,90.4,,87.8,80.1,,,,,2015
"Giles, Ken",571704,97.2,94.4,,86.6,,,,,,,2015
"Familia, Jeurys",544727,98.0,97.8,,89.9,,,94.0,,,,2015
"O'Sullivan, Sean",457711,90.1,89.9,,79.5,83.7,72.4,,,,,2015
"Cosart, Jarred",543054,94.7,95.1,93.5,,85.0,80.5,,,,,2015
"Detwiler, Ross",446321,92.9,91.9,,78.6,85.2,84.2,,,,,2015
"Chapman, Aroldis",547973,100.1,,,87.3,88.4,,,,,,2015
"Jepsen, Kevin",448178,95.0,95.8,,,85.6,82.5,,,,,2015
"Gómez, Jeanmar",491646,88.9,92.1,,85.1,84.4,,,,,,2015
"Chafin, Andrew",605177,92.9,93.1,,82.4,84.2,,,,,,2015
"Soria, Joakim",465657,92.7,92.8,92.7,79.3,86.3,71.4,,,,,2015
"Ross, Joe",605452,93.7,93.9,,84.4,87.3,,,,,,2015
"Tolleson, Shawn",474521,93.5,93.7,88.7,83.8,80.4,80.5,,,,,2015
"Hudson, Daniel",543339,96.7,96.7,,88.3,85.4,,,,,,2015
"Allen, Cody",592102,95.6,95.3,,90.7,87.9,86.3,,,,,2015
"Smyly, Drew",592767,90.8,,83.6,,79.5,76.8,,,,,2015
"Blanton, Joe",430599,91.2,91.5,,84.8,86.0,78.7,,,,,2015
"Worley, Vance",474699,89.8,89.5,89.7,84.4,85.2,76.5,,,,,2015
"García, Luis",472610,96.1,96.2,,85.4,,,,,,,2015
"Harris, Will",501789,93.0,,92.3,,85.5,81.2,,,,,2015
"Boxberger, Brad",502202,93.3,94.7,87.3,,80.4,78.0,,,,,2015
"Bergman, Christian",548357,90.2,90.0,,86.7,82.7,78.5,,,,,2015
"Hoover, J.J.",543331,94.0,,,84.7,88.2,75.5,,,,,2015
"Ogando, Alexi",468396,95.2,94.6,95.2,87.3,88.1,,,,,,2015
"Nola, Aaron",605400,91.2,90.9,,,82.7,77.1,,,,,2015
"Paxton, James",572020,94.9,93.7,89.9,,86.5,81.8,,,,,2015
"Petit, Yusmeiro",433589,89.1,,88.4,85.1,82.1,77.6,,,,,2015
"Caminero, Arquimedes",491708,98.9,97.8,,91.7,,,90.1,,,,2015
"Shreve, Chasen",592741,92.0,91.8,,83.9,83.4,,,,,,2015
"Dyson, Sam",473879,96.9,96.3,95.9,89.2,89.3,83.1,,,,,2015
"Conley, Adam",543045,91.8,,,85.1,84.1,,,,,,2015
"Diekman, Jake",518617,,97.1,,85.3,89.2,,,,,,2015
"Geltz, Steve",544993,92.8,,,82.6,,,83.9,,,,2015
"Watson, Tony",453265,,94.5,,83.5,85.7,,,,,,2015
"Rodney, Fernando",407845,95.6,95.3,,,83.2,,,,,,2015
"Ramos, AJ",573109,93.1,92.8,92.9,82.1,86.2,77.0,,,,,2015
"Herrera, Kelvin",516969,98.9,98.4,,87.9,90.1,81.4,,,,,2015
"Andriese, Matt",542882,92.2,90.8,88.0,84.8,85.7,79.8,,,,,2015
"Osuna, Roberto",532077,96.2,96.0,90.2,88.3,82.9,,,,,,2015
"Melancon, Mark",453343,91.9,,91.2,,,81.4,85.3,,,,2015
"Rondón, Héctor",444468,96.9,97.0,92.5,86.6,91.1,78.9,,,,,2015
"Graham, J.R.",543242,95.5,93.9,,85.0,84.2,80.1,,,,,2015
"Alburquerque, Al",456379,94.4,93.4,,86.1,,,,,,,2015
"Cotts, Neal",425840,90.6,90.7,,86.4,87.3,,,,,,2015
"Smith, Will",519293,93.9,91.2,,82.3,,77.1,,,,,2015
"O'Day, Darren",503285,87.7,86.7,,79.9,81.5,79.0,,,,,2015
"Nicasio, Juan",504379,95.7,94.4,,86.9,87.5,,,,,,2015
"Wilhelmsen, Tom",452666,95.6,95.9,,88.1,88.2,78.4,,,,,2015
"Axford, John",446099,96.8,97.3,,89.9,,79.1,,,,,2015
"Flande, Yohan",456071,91.3,91.3,,85.5,85.8,,,,,,2015
"Moore, Matt",519043,92.6,91.8,90.1,,84.4,80.0,,,,,2015
"Jeffress, Jeremy",502026,96.2,95.9,,,89.4,80.8,,,,,2015
"Owens, Henry",596064,89.8,,,77.6,77.8,72.3,,,,,2015
"Smith, Carson",605476,94.2,93.2,,85.5,87.5,,,,,,2015
"Bastardo, Antonio",455374,93.4,92.4,,84.6,86.2,,,,,,2015
"Wilson, Justin",458677,95.9,95.7,91.0,95.6,,82.9,,,,,2015
"Johnson, Jim",462382,94.4,95.0,,,89.0,80.5,,,,,2015
"Davis, Wade",451584,96.5,95.9,93.2,,,85.1,,,,,2015
"Bass, Anthony",542914,93.2,93.1,93.6,86.0,84.7,87.0,,,,,2015
"González, Chi Chi",592346,92.2,91.3,90.7,87.1,86.7,80.1,,,,,2015
"Sampson, Keyvius",572102,92.7,,,87.5,85.1,77.2,,,,,2015
"Kontos, George",502004,91.7,91.9,88.5,85.0,84.9,80.6,,,,,2015
"Nicolino, Justin",592593,89.3,,86.1,,81.7,76.0,,,,,2015
"Shaw, Bryan",543766,,,92.5,,84.2,,,,80.9,,2015
"Duke, Zach",435043,89.7,89.9,,82.8,85.9,76.6,,,,,2015
"Strop, Pedro",467008,95.7,95.8,,83.3,89.3,,,,,,2015
"Norris, Daniel",596057,92.5,,,83.7,86.0,75.5,,,,,2015
"Quackenbush, Kevin",534812,91.2,,,82.3,84.4,79.1,,,,,2015
"Badenhop, Burke",488674,,89.2,,82.1,,,83.9,,,,2015
"Benoit, Joaquín",276542,94.8,94.9,,88.0,84.7,,,,,,2015
"Kela, Keone",605309,96.3,95.7,,,89.9,84.8,,,,,2015
"Hendriks, Liam",521230,95.5,95.3,,88.0,89.3,77.6,,,,,2015
"Severino, Luis",622663,96.0,96.0,92.0,89.6,88.6,,,,,,2015
"Salas, Fernando",477569,91.2,90.9,,,85.4,83.7,,,,,2015
"Diaz, Jumbo",471822,98.0,97.9,94.6,87.1,90.4,,,,,,2015
"Wilson, Alex",543935,93.3,92.7,93.0,87.4,88.1,84.3,,,,,2015
"Masterson, Justin",475416,88.1,87.4,,79.2,85.5,,,,,,2015
"Breslow, Craig",444520,90.5,89.8,,86.2,79.4,74.1,,,,,2015
"Treinen, Blake",595014,97.1,97.0,,87.5,88.2,,,,,,2015
"Street, Huston",434718,,89.1,,83.7,82.0,,,,,,2015
"Morris, Bryan",457768,95.7,95.7,90.1,,,84.8,,,,,2015
"Lobstein, Kyle",543456,87.1,86.8,81.9,,79.6,75.5,,,,,2015
"Kimbrel, Craig",518886,98.0,,,98.7,,87.4,,,,,2015
"Boyd, Matthew",571510,91.7,,,80.5,79.2,71.4,,,,,2015
"Alvarez, Jose",501625,91.5,91.2,,84.9,79.4,75.7,,,,,2015
"Ross Jr., Robbie",543726,93.0,94.7,93.4,86.9,87.0,77.4,,,,,2015
"Oberg, Scott",623184,95.8,95.4,,85.3,88.3,78.5,,,,,2015
"Cain, Matt",430912,91.6,91.0,,86.0,85.6,77.3,,,,,2015
"Fernández, José",605228,96.8,94.5,,,88.9,83.7,,,,,2015
"Ureña, José",570632,94.6,93.6,,86.2,88.2,82.2,,,,,2015
"Broxton, Jonathan",455009,94.9,92.9,,87.9,,77.2,,,,,2015
"Fien, Casey",502272,93.3,92.6,,88.4,89.0,78.4,,,,,2015
"Dunn, Mike",445197,95.3,95.0,,88.0,,77.4,,,,,2015
"Smith, Joe",501925,89.4,88.6,,80.3,80.4,,,,,,2015
"Rodriguez Jr., Fernando",451775,94.3,,90.6,,87.9,79.8,,,,,2015
"Velasquez, Vince",592826,95.2,95.9,,84.7,87.0,82.1,,,,,2015
"Robertson, David",502085,93.5,91.7,92.7,,86.9,83.2,,,,,2015
"Friedrich, Christian",543184,91.8,91.5,,86.5,86.8,78.0,,,,,2015
"Miller, Andrew",453192,94.9,96.4,,84.4,,,,,,,2015
"Hardy, Blaine",543278,88.8,,84.4,83.0,79.4,77.2,,,,,2015
"Hughes, Jared",453172,93.8,93.7,,87.3,88.1,,,,,,2015
"Lyons, Tyler",544928,90.8,90.4,,81.5,83.5,75.8,,,,,2015
"Maness, Seth",595307,90.4,89.8,,81.7,83.9,79.5,,,,,2015
"Tazawa, Junichi",547749,94.2,92.5,,82.0,89.4,75.7,,,,,2015
"Morales, Franklin",462985,92.7,93.4,,88.7,86.6,75.8,,,,,2015
"Tomlin, Josh",458708,89.3,88.4,85.2,85.3,84.7,76.1,,,,,2015
"Ziegler, Brad",446899,,84.5,,,77.4,74.1,,,,,2015
"Cishek, Steve",518553,90.3,91.3,,81.0,83.4,,,,,,2015
"Gomes, Brandon",460156,91.4,91.8,,82.3,,76.3,83.2,,,,2015
"Mattheus, Ryan",458919,93.6,93.5,88.2,84.4,,,83.8,,,,2015
"Reed, Addison",592665,93.2,93.7,92.0,86.9,86.3,,,,,,2015
"Medlen, Kris",450665,91.5,91.6,,,84.9,79.1,,,,,2015
"Scribner, Evan",519267,91.6,91.7,86.8,,,72.3,,,,,2015
"Boyer, Blaine",430641,93.0,93.6,,86.2,87.0,74.8,,,,,2015
"Jennings, Dan",543359,93.0,93.0,,84.7,,,,,,,2015
"Villanueva, Carlos",453646,89.0,88.7,,83.3,81.9,73.3,,,,,2015
"Lamb, John",543424,91.6,,87.0,,77.9,70.1,,,,,2015
"Duffey, Tyler",608648,91.0,90.3,90.6,,84.7,79.3,,,,,2015
"Holland, Derek",502706,92.0,93.6,,82.9,85.5,77.2,,,,,2015
"Casilla, Santiago",433586,94.1,93.8,,89.0,88.2,80.0,,,,,2015
"Britton, Zack",502154,,96.5,,84.0,,,,,,,2015
"Torres, Carlos",448614,92.8,93.4,90.2,,84.1,81.7,,,,,2015
"Papelbon, Jonathan",449097,92.0,92.7,,80.1,,,86.6,,,,2015
"Madson, Ryan",425492,94.8,95.3,90.4,,83.8,,,,,,2015
"Ryan, Kyle",594986,89.3,87.8,85.6,,82.4,76.4,,,,,2015
"Robles, Hansel",570663,96.4,95.8,,88.2,88.8,,,,,,2015
"Brooks, Aaron",605156,92.2,91.8,,85.7,83.1,77.7,,,,,2015
"Romo, Sergio",489265,88.1,87.8,,77.9,82.7,77.8,,,,,2015
"Jackson, Edwin",429719,94.1,92.4,,87.8,87.8,79.4,,,,,2015
"Hochevar, Luke",460024,95.1,94.5,90.2,,,79.8,,,,,2015
"Hunter, Tommy",488984,97.2,96.7,92.9,83.1,89.1,85.0,,,,,2015
"Machi, Jean",466948,93.3,92.8,,,86.8,81.9,,,,,2015
"Grimm, Justin",518748,95.9,94.5,,84.0,,83.8,,,,,2015
"Gregerson, Luke",502381,89.8,90.0,89.5,82.8,79.3,77.6,,,,,2015
"Blazek, Michael",518468,94.0,92.3,,82.6,84.7,77.7,,,,,2015
"Storen, Drew",519322,94.8,94.3,,83.2,87.8,,,,,,2015
"Sipp, Tony",448609,91.6,90.4,,80.7,79.2,,,,,,2015
"Fields, Josh",451661,95.0,,,84.9,79.5,79.2,,,,,2015
"Gilmartin, Sean",543219,89.3,89.5,,79.2,77.6,69.7,,,,,2015
"Neshek, Pat",450212,,90.5,,84.0,69.1,,,,,,2015
"García, Yimi",554340,94.1,94.2,89.6,83.2,86.4,,,,,,2015
"Putnam, Zach",474029,90.8,91.2,88.7,90.4,,,85.3,,,,2015
"Rodríguez, Francisco",408061,90.3,89.9,,,83.5,75.6,,,,,2015
"Knebel, Corey",608349,95.5,,,,91.8,81.7,,,,,2015
"Báez, Pedro",520980,97.8,97.2,,89.3,87.9,,,,,,2015
"Perkins, Glen",450282,94.4,93.8,,82.8,,,,,,,2015
"Matusz, Brian",451085,91.4,90.3,,84.4,82.7,77.6,,,,,2015
"Abad, Fernando",472551,91.4,91.0,86.1,79.4,73.2,77.3,,,,,2015
"Farquhar, Danny",543144,93.5,92.9,89.5,,85.5,75.2,,,,,2015
"Feliz, Neftalí",491703,95.2,92.9,,83.9,87.1,81.7,,,,,2015
"Avilán, Luis",501593,94.2,94.1,87.5,,82.1,78.0,,,,,2015
"Lowe, Mark",450275,96.1,96.2,,87.3,,,,,,,2015
"Cecil, Brett",446399,92.4,92.5,91.0,,85.7,84.6,,,,,2015
"Kelley, Shawn",518875,92.5,,,83.3,87.6,82.5,,,,,2015
"Jansen, Kenley",445276,93.6,,93.1,83.5,,,,,,,2015
"Layne, Tommy",518927,90.4,90.2,,85.2,83.0,81.7,,,,,2015
"Barnes, Matt",598264,95.5,,,87.6,86.8,82.5,,,,,2015
"Ramos, Cesár",459987,90.3,91.4,,84.3,83.1,70.9,,,,,2015
"Maurer, Brandon",543506,95.9,94.0,,88.9,87.0,,,,,,2015
"Motte, Jason",435400,95.7,94.2,89.9,,,81.9,,,,,2015
"Villarreal, Pedro",543881,92.9,93.0,,89.7,86.9,85.0,,,,,2015
"Wright Jr., Mike",605541,94.2,92.4,,83.9,80.7,76.9,,,,,2015
"Petricka, Jake",502593,,94.8,,88.9,86.8,,,,,,2015
"Marquis, Jason",150302,,88.3,,82.6,78.8,,,,,,2015
"Duensing, Brian",488846,92.3,91.9,,81.4,85.4,72.9,,,,,2015
"Lyles, Jordan",543475,93.1,92.0,,88.4,82.5,81.2,,,,,2015
"Cravy, Tyler",572788,91.5,91.1,,85.4,85.0,79.6,,,,,2015
"Howell, J.P.",434442,88.2,87.6,,,81.2,80.9,,,,,2015
"Vázquez, Felipe",553878,96.0,95.8,,81.4,87.6,,,,,,2015
"Finnegan, Brandon",605232,92.5,93.2,,82.8,85.7,,,,,,2015
"Stults, Eric",445590,89.1,85.9,,82.1,80.6,70.0,,,,,2015
"Capuano, Chris",425626,,89.2,,82.0,78.4,75.1,,,,,2015
"Eickhoff, Jerad",595191,91.7,91.1,,82.4,84.8,75.9,,,,,2015
"Strickland, Hunter",519326,97.7,96.3,,89.4,88.3,85.6,,,,,2015
"Cedeño, Xavier",458584,88.8,90.0,,,86.1,81.2,,,,,2015
"Qualls, Chad",430589,,92.0,,86.6,83.0,,,,,,2015
"Gott, Trevor",641627,96.0,96.9,,,83.3,81.5,,,,,2015
"Loup, Aaron",571901,,93.9,,81.4,83.0,,,,,,2015
"Pérez, Oliver",424144,92.6,92.0,,79.8,84.1,,,,,,2015
"Otero, Dan",519096,90.6,90.2,,85.3,83.3,78.7,,,,,2015
"Holland, Greg",518813,94.3,,,86.2,,77.9,88.1,,,,2015
"Germen, Gonzalez",542674,94.8,95.0,,87.0,86.4,80.3,,,,,2015
"Roe, Chaz",475054,93.5,93.1,,83.0,85.3,,,,82.9,,2015
"Freeman, Sam",518693,94.6,94.1,,83.4,,80.0,84.9,,,,2015
"Mujica, Edward",465629,91.0,91.0,,83.2,,,85.9,,,,2015
"Beimel, Joe",346847,89.1,85.9,,79.7,81.3,72.1,,,,,2015
"Farmer, Buck",571656,93.2,92.7,89.4,,86.0,80.8,,,,,2015
"Vargas, Jason",450306,88.2,88.4,86.5,,81.8,75.2,,,,,2015
"Verrett, Logan",548337,91.2,90.3,,84.6,84.5,78.4,,,,,2015
"Betancourt, Rafael",429783,91.4,,90.6,79.3,84.8,,,,,,2015
"Neris, Héctor",593576,93.6,93.9,,86.8,87.4,,86.0,,,,2015
"Scheppers, Tanner",489294,95.5,95.9,,86.1,89.6,83.1,,,,,2015
"Cahill, Trevor",502239,93.1,92.0,,88.6,83.9,80.7,,,,,2015
"Garces, Frank",571057,91.4,91.2,,,83.1,77.1,,,,,2015
"Gray, Jon",592351,95.0,96.2,,87.5,85.9,,,,,,2015
"Gorzelanny, Tom",452733,91.3,91.3,,79.5,85.1,,,,,,2015
"McFarland, T.J.",519008,92.3,92.1,,82.3,85.0,,,,,,2015
"Webb, Ryan",444436,,92.6,,83.8,84.7,,,,,,2015
"Nolasco, Ricky",445060,90.9,90.8,,82.0,,74.0,80.2,,,,2015
"Oberholtzer, Brett",519085,89.1,89.3,,83.1,80.1,78.2,,,,,2015
"Cingrani, Tony",571561,92.4,91.6,,81.1,86.7,,,,,,2015
"Logan, Boone",457429,93.3,92.7,,82.8,,,,,,,2015
"Kahnle, Tommy",592454,96.5,96.5,95.0,86.7,88.3,82.3,,,,,2015
"Smith, Josh A.",595001,90.6,87.5,,83.8,79.5,77.3,,,,,2015
"Tropeano, Nick",607374,91.2,91.8,,80.7,82.8,,,,,,2015
"Hatcher, Chris",501822,96.7,96.6,92.0,86.8,,,88.6,,,,2015
"Thornburg, Tyler",592804,92.8,,91.5,,84.4,75.8,,,,,2015
"Bradley, Archie",605151,92.8,,,,85.2,81.5,,,,,2015
"Torres, Alex",456776,92.5,91.7,83.3,,84.3,79.4,,,,,2015
"Schultz, Bo",544759,96.2,96.2,91.7,86.5,88.7,,,,,,2015
"Johnson, Erik",605304,92.0,91.0,,84.4,82.6,74.4,,,,,2015
"Uehara, Koji",493157,87.6,88.1,,81.9,,,79.6,,,,2015
"Bedrosian, Cam",592135,95.1,,94.1,82.3,89.4,,,,,,2015
"McGee, Jake",459429,95.0,95.0,,91.9,,75.0,,,,,2015
"Wolf, Randy",150116,89.3,88.6,,83.7,78.5,69.7,,,,,2015
"Araujo, Elvis",542587,93.7,,,85.4,87.9,,,,,,2015
"Richard, Clayton",453385,92.5,91.5,,85.3,84.7,81.4,,,,,2015
"Gee, Dillon",518716,89.5,90.2,86.4,82.5,82.9,75.1,,,,,2015
"Noesí, Hector",456051,93.8,93.8,,89.7,87.5,81.6,,,,,2015
"Thayer, Dale",445612,92.5,92.3,,82.5,84.9,,,,,,2015
"Cunniff, Brandon",594792,93.8,94.0,,83.0,84.1,,,,,,2015
"Romero, Enny",544836,96.7,93.9,90.0,84.5,87.7,,,,,,2015
"Carroll, Scott",453222,90.9,90.4,84.5,82.3,82.9,78.7,,,,,2015
"Mitchell, Bryan",571951,96.8,96.4,92.2,,89.5,83.0,,,,,2015
"Janssen, Casey",445163,88.9,88.9,88.2,84.4,81.9,74.2,,,,,2015
"Hernandez, David",456696,95.0,94.6,,,89.1,82.0,,,,,2015
"Belisle, Matt",279571,91.1,90.8,,85.9,86.4,75.2,,,,,2015
"Grilli, Jason",276351,94.6,94.6,,83.1,86.5,,,,,,2015
"Thornton, Matt",407819,94.2,94.3,87.7,84.1,,,,,,,2015
"Rogers, Esmil",469134,94.1,93.7,90.5,85.4,87.0,79.8,,,,,2015
"Matz, Steven",571927,94.8,95.0,,87.6,84.1,77.6,,,,,2015
"Billingsley, Chad",451532,91.7,90.8,87.3,77.2,84.9,66.6,,,,,2015
"Rondón, Bruce",541652,98.3,,,87.2,90.4,,,,,,2015
"Brown, Brooks",453156,,94.0,,86.3,86.3,83.8,,,,,2015
"Godley, Zack",643327,92.4,91.8,90.7,,83.6,81.0,,,,,2015
"Rzepczynski, Marc",519240,92.4,92.4,,85.0,85.9,,,,,,2015
"Albers, Matt",458006,92.0,90.4,,84.5,82.2,81.9,,,,,2015
"Affeldt, Jeremy",346793,,91.0,,,86.7,75.0,,,,,2015
"Hawkins, LaTroy",115629,93.7,93.8,,87.7,84.7,78.2,,,,,2015
"González, Severino",605894,89.7,88.6,88.5,,83.7,77.8,,,,,2015
"Marcum, Shaun",451788,85.9,86.0,83.8,79.6,80.4,72.1,,,,,2015
"Manship, Jeff",453249,92.8,92.5,,,87.6,84.3,,,,,2015
"O'Flaherty, Eric",447714,90.8,90.6,,84.1,86.4,,,,,,2015
"Vizcaíno, Arodys",527055,97.3,98.4,,85.6,90.2,,,,,,2015
"Morin, Mike",573046,92.9,92.1,,80.8,72.2,,,,,,2015
"Delabar, Steve",447755,94.0,94.2,,85.9,87.7,,,,,,2015
"Davies, Zach",605200,,89.3,84.7,,78.8,71.9,,,,,2015
"Chamberlain, Joba",501955,94.6,93.0,,85.9,84.8,79.8,,,,,2015
"Holmberg, David",571787,88.4,,,80.1,82.3,73.5,,,,,2015
"Russell, James",460701,90.6,90.2,87.0,83.9,83.1,76.0,,,,,2015
"López, Javier",425657,,85.1,,78.4,79.5,71.8,,,,,2015
"Krol, Ian",571871,94.0,94.7,,88.8,85.5,77.8,,,,,2015
"Webb, Daniel",543900,95.2,95.0,,85.5,85.8,,,,,,2015
"Frasor, Jason",430630,92.6,89.5,,84.1,87.0,,,,,,2015
"Adams, Austin",542866,97.6,,,87.5,90.0,,,,,,2015
"Wada, Tsuyoshi",493159,89.1,88.3,85.9,82.5,81.9,73.7,,,,,2015
"Miller, Justin",502522,94.9,95.4,,87.2,88.8,,,,,,2015
"Rea, Colin",607067,91.7,91.8,86.7,,,78.5,80.9,,,,2015
"Rosscup, Zac",573127,93.5,93.4,,86.9,,,,,,,2015
"Wilson, Tyler",592869,90.7,90.1,,,83.4,81.3,,,,,2015
"Scahill, Rob",543746,94.5,94.1,,87.2,87.1,79.3,,,,,2015
"Burgos, Enrique",542609,96.4,,,87.3,,,,,,,2015
"Webster, Allen",543903,92.0,92.1,,85.9,84.3,77.4,,,,,2015
"Contreras, Carlos",542266,92.6,92.6,,,84.5,80.7,,,,,2015
"Asher, Alec",594742,92.2,91.3,,85.5,83.7,79.6,,,,,2015
"Verlander, Justin",434378,94.1,,,88.5,85.9,79.2,,,,,2016
"Price, David",456034,93.6,93.4,88.6,,85.1,79.5,,,,,2016
"Scherzer, Max",453286,95.0,,90.0,86.8,85.8,78.4,,,,,2016
"Bumgarner, Madison",518516,91.4,91.8,87.4,86.6,83.9,75.1,,,,,2016
"Archer, Chris",502042,95.0,,,88.8,87.4,,,,,,2016
"Porcello, Rick",519144,92.2,90.1,,85.5,81.4,74.2,,,,,2016
"Kennedy, Ian",453178,92.7,93.3,,86.5,84.5,77.8,,,,,2016
"Sale, Chris",519242,,93.7,,79.1,86.8,,,,,,2016
"Roark, Tanner",543699,92.7,92.7,,86.0,84.4,77.8,,,,,2016
"Odorizzi, Jake",543606,91.9,92.5,87.1,83.0,,71.8,85.3,,,,2016
"Cueto, Johnny",456501,92.6,92.0,88.0,84.2,83.3,73.7,,,,,2016
"Moore, Matt",519043,93.4,93.2,90.8,,84.9,81.9,,,,,2016
"Quintana, Jose",500779,92.6,92.6,,,86.6,78.1,,,,,2016
"Hamels, Cole",430935,92.6,93.2,89.2,,84.7,79.8,,,,,2016
"Volquez, Edinson",450172,94.0,93.8,,,84.0,80.5,,,,,2016
"Kluber, Corey",446372,92.9,93.1,,89.4,85.8,83.9,,,,,2016
"Santiago, Héctor",502327,,91.9,85.8,79.2,83.4,73.8,,,,,2016
"Wainwright, Adam",425794,90.8,91.1,85.9,,83.3,74.4,,,,,2016
"Samardzija, Jeff",502188,94.7,95.0,92.8,86.8,89.5,80.8,86.1,,,,2016
"Ray, Robbie",592662,94.9,94.5,,84.8,87.2,,,,,,2016
"Lester, Jon",452657,92.7,91.6,89.0,,85.4,75.0,,,,,2016
"McHugh, Collin",543521,90.7,91.0,87.3,,84.1,72.9,,,,,2016
"Nolasco, Ricky",445060,91.0,90.9,,81.7,,73.6,80.0,,,,2016
"Shields, James",448306,91.1,90.9,86.8,,84.3,77.6,,,,,2016
"Arrieta, Jake",453562,94.2,94.5,,89.8,89.3,81.2,,,,,2016
"Gausman, Kevin",592332,95.4,94.8,,80.3,85.0,,85.1,,,,2016
"Gonzalez, Gio",461829,91.6,91.2,,,84.4,77.7,,,,,2016
"Stroman, Marcus",573186,93.5,92.9,89.2,86.2,85.2,80.0,,,,83.4,2016
"Bauer, Trevor",545333,94.0,93.7,89.5,,87.0,77.5,,,,,2016
"Pérez, Martín",527048,93.6,93.1,,85.6,84.9,80.3,,,,,2016
"Koehler, Tom",543408,92.4,92.8,,86.1,85.2,79.2,,,,,2016
"Ventura, Yordano",570649,96.9,97.0,92.0,,86.7,83.6,,,,,2016
"Bettis, Chad",518452,92.3,91.6,87.2,86.2,86.6,75.6,,,,,2016
"Straily, Dan",573185,89.8,90.0,,83.6,82.9,73.2,,,,,2016
"Happ, J.A.",457918,92.4,91.5,,85.6,84.4,79.0,,,,,2016
"Martinez, Carlos",593372,97.2,95.7,,,87.6,85.4,,,,,2016
"Eickhoff, Jerad",595191,91.6,91.5,,82.5,84.6,75.5,,,,,2016
"Pineda, Michael",501381,94.6,95.3,94.4,86.1,89.1,,,,,,2016
"Fister, Doug",450729,87.5,87.5,83.3,,79.5,70.9,,,,,2016
"Iwakuma, Hisashi",547874,88.9,88.1,86.1,81.8,,71.5,83.7,,,,2016
"Nelson, Jimmy",519076,93.6,93.8,,87.5,86.4,83.3,,,,,2016
"Teheran, Julio",527054,91.7,90.3,,81.6,82.9,72.1,,,,,2016
"Tanaka, Masahiro",547888,92.6,91.0,89.4,84.5,,76.1,87.2,,,,2016
"Tillman, Chris",501957,92.3,,91.8,86.2,84.3,75.8,,,,,2016
"Santana, Ervin",429722,93.4,91.2,,84.1,85.6,,,,,,2016
"Syndergaard, Noah",592789,98.7,98.5,,91.5,90.3,83.0,,,,,2016
"Hellickson, Jeremy",476451,90.7,90.6,86.3,86.1,81.1,77.2,,,,,2016
"Sanchez, Aaron",592717,95.2,95.4,,,88.8,78.6,,,,,2016
"Fernández, José",605228,95.9,94.2,,,88.8,84.3,,,,,2016
"Sabathia, CC",282332,89.0,89.6,,80.4,82.5,,,,,,2016
"Maeda, Kenta",628317,90.7,90.2,,82.0,83.1,73.0,,,,,2016
"Smyly, Drew",592767,90.8,,85.6,,80.3,76.2,,,,,2016
"Finnegan, Brandon",605232,92.3,92.3,,84.0,85.5,,,,,,2016
"Hendricks, Kyle",543294,90.2,88.1,88.5,,80.7,76.0,,,,,2016
"Colon, Bartolo",112526,90.4,87.6,,82.5,81.4,,,,,,2016
"Estrada, Marco",462136,88.5,,87.7,,77.5,76.6,,,,,2016
"Lackey, John",407793,92.4,92.2,84.0,,84.9,78.9,,,,,2016
"Pomeranz, Drew",519141,91.8,,86.3,,87.0,79.7,,,,,2016
"Graveman, Kendall",608665,91.7,93.3,88.3,80.2,85.6,,,,,,2016
"Weaver, Jered",450308,83.8,82.8,,77.0,74.9,69.4,,,,,2016
"Liriano, Francisco",434538,93.1,93.4,,85.9,85.9,77.1,,,,,2016
"Rodón, Carlos",607074,94.2,93.8,,87.2,84.1,,,,,,2016
"Gray, Jon",592351,95.8,,,89.1,85.9,78.3,,,,,2016
"Fiers, Mike",571666,90.0,,86.9,82.0,83.1,74.4,,,,,2016
"Miley, Wade",489119,90.9,90.9,,84.8,83.1,77.5,,,,,2016
"Duffy, Danny",518633,95.5,95.3,,96.5,85.8,84.1,,,,,2016
"Dickey, R.A.",285079,82.9,,,,,,,76.6,,,2016
"Keuchel, Dallas",572971,88.8,89.1,85.8,78.5,80.0,,,,,,2016
"Leake, Mike",502190,90.1,91.2,89.8,81.5,85.4,79.1,,,,,2016
"Anderson, Chase",502624,91.6,91.5,88.4,,82.2,77.1,,,,,2016
"Hammel, Jason",434628,92.6,92.8,,85.7,85.4,77.5,,,,,2016
"Tomlin, Josh",458708,88.4,88.4,85.9,,83.9,75.6,,,,,2016
"Davies, Zach",605200,,89.9,86.0,,79.1,72.8,,,,,2016
"Sánchez, Aníbal",434671,91.7,91.8,91.2,85.3,71.2,78.2,84.8,,,,2016
"García, Jaime",448802,91.1,91.0,91.4,82.5,82.8,76.1,,,,,2016
"Chatwood, Tyler",543022,92.7,92.6,87.3,,85.1,77.1,,,,,2016
"Bradley, Archie",605151,93.0,,,,86.4,80.5,,,,,2016
"Corbin, Patrick",571578,92.2,92.4,,81.0,85.3,,,,,,2016
"Wright, Steven",453214,83.9,,,,,67.7,,74.8,,,2016
"Greinke, Zack",425844,91.9,91.4,,85.9,88.1,74.9,,,,,2016
"Jiménez, Ubaldo",434622,90.7,90.2,90.2,82.8,,75.3,84.0,,,,2016
"Fulmer, Michael",605242,95.6,95.1,88.5,86.6,86.7,,,,,,2016
"Shoemaker, Matt",533167,92.2,91.7,,82.8,84.9,75.4,,,,,2016
"Gibson, Kyle",502043,91.8,91.3,,84.8,83.1,80.9,,,,,2016
"Hernández, Félix",433587,91.1,90.8,,85.1,87.6,79.8,,,,,2016
"Wisler, Matt",605538,93.4,93.4,,82.6,87.6,77.4,,,,,2016
"Kazmir, Scott",431148,91.7,92.0,87.5,81.0,77.2,77.0,,,,,2016
"Strasburg, Stephen",544931,95.6,95.6,,89.8,89.3,82.0,,,,,2016
"Chacín, Jhoulys",468504,91.4,91.1,87.8,83.0,84.4,79.1,,,,,2016
"Salazar, Danny",517593,95.4,95.0,,85.1,86.4,80.3,,,,,2016
"Cashner, Andrew",488768,94.2,93.8,,85.9,85.7,80.6,,,,,2016
"deGrom, Jacob",594798,94.0,93.8,,89.3,85.9,81.0,,,,,2016
"Perdomo, Luis",606131,94.8,94.4,97.1,,89.5,83.6,,,,,2016
"De La Rosa, Jorge",407822,90.8,90.5,87.0,86.9,82.5,73.9,82.2,,,,2016
"Nova, Iván",467100,93.4,93.2,,87.3,86.9,80.6,,,,,2016
"Wacha, Michael",608379,93.9,,90.7,,85.5,74.8,,,,,2016
"Walker, Taijuan",592836,94.6,95.3,88.4,,,76.5,88.9,,,,2016
"Duffey, Tyler",608648,91.0,90.9,91.2,,82.9,80.9,,,,,2016
"Conley, Adam",543045,91.7,,,85.6,83.5,,,,,,2016
"Carrasco, Carlos",471911,94.5,94.5,,87.6,89.5,83.9,,,,,2016
"Buchholz, Clay",453329,92.8,92.6,89.2,,81.4,78.5,88.1,,,,2016
"Velasquez, Vince",592826,94.6,93.0,,85.2,88.0,80.5,,,,,2016
"Manaea, Sean",640455,92.9,,,80.5,85.1,,,,,,2016
"Nicasio, Juan",504379,94.3,93.7,,87.0,87.3,,,,,,2016
"Matz, Steven",571927,92.0,94.3,,87.9,83.8,78.8,,,,,2016
"Friedrich, Christian",543184,89.9,90.0,,82.8,84.8,76.9,,,,,2016
"Peralta, Wily",503449,95.3,95.5,,85.1,85.6,,,,,,2016
"Foltynewicz, Mike",592314,95.9,95.7,,85.3,85.8,78.1,,,,,2016
"Gallardo, Yovani",451596,90.8,90.5,,87.1,85.0,78.0,,,,,2016
"González, Miguel",456068,91.9,92.3,,87.3,84.8,77.7,,,,,2016
"Locke, Jeff",502046,92.2,92.1,,,83.1,79.3,,,,,2016
"Kershaw, Clayton",477132,93.6,95.2,,88.4,87.8,73.5,,,,,2016
"Griffin, A.J.",456167,88.2,,,83.7,81.4,67.1,,,,,2016
"Eovaldi, Nathan",543135,97.8,96.8,93.4,86.5,86.6,75.5,89.5,,,,2016
"Gee, Dillon",518716,90.0,90.2,86.0,,84.3,77.5,,,,,2016
"Pelfrey, Mike",460059,92.9,93.4,,84.3,,73.6,81.7,,,,2016
"Peavy, Jake",408241,89.5,89.3,85.7,81.8,83.4,79.3,,,,,2016
"Niese, Jonathon",477003,89.9,89.4,86.6,83.0,83.2,74.9,,,,,2016
"Norris, Bud",502032,94.1,94.0,89.0,85.4,85.1,,,,,,2016
"Andriese, Matt",542882,92.4,90.6,87.7,85.6,86.3,80.2,,,,,2016
"Gray, Sonny",543243,93.4,93.3,89.7,85.5,88.6,81.4,,,84.5,,2016
"Paxton, James",572020,97.5,,90.3,,88.8,82.5,,,,,2016
"DeSclafani, Anthony",543101,93.5,93.3,,87.9,87.5,81.7,,,,,2016
"Morgan, Adam",605388,91.3,,,83.2,79.9,76.3,,,,,2016
"Bundy, Dylan",605164,94.4,94.3,,,85.3,76.7,,,,,2016
"Cole, Gerrit",543037,95.9,96.0,,88.2,88.8,81.7,,,,,2016
"Chen, Wei-Yin",612672,91.3,90.8,,84.9,84.0,75.3,,,,,2016
"Guerra, Junior",448855,93.8,95.1,,84.1,,82.5,85.6,,,,2016
"Rodriguez, Eduardo",593958,94.0,93.8,,86.2,87.9,,,,,,2016
"Holland, Derek",502706,91.5,92.3,,80.5,83.7,77.0,,,,,2016
"Hill, Rich",448179,90.9,89.5,,80.1,83.4,75.0,,,73.3,,2016
"Nola, Aaron",605400,90.9,90.6,,,82.3,76.8,,,,,2016
"Anderson, Tyler",542881,91.4,,86.9,,81.9,76.6,,,,,2016
"Lewis, Colby",407890,87.9,87.6,,82.7,82.6,76.7,,,,,2016
"Rea, Colin",607067,92.5,92.5,88.1,,,78.7,85.3,,,,2016
"Miller, Shelby",571946,93.5,93.8,88.8,,86.5,79.7,,,,,2016
"Snell, Blake",605483,94.2,,,83.2,85.4,76.4,,,,,2016
"Zimmermann, Jordan",519455,92.4,92.4,,87.7,87.6,80.6,,,,,2016
"Garza, Matt",490063,92.8,92.8,,83.4,85.5,75.5,,,,,2016
"Ross, Joe",605452,,93.4,,84.3,87.8,,,,,,2016
"Boyd, Matthew",571510,91.8,,,84.3,79.8,74.2,,,,,2016
"Young, Chris",432934,88.3,,,82.6,82.0,,,,,,2016
"Karns, Nate",501992,93.6,,,,86.8,82.0,,,,,2016
"Stripling, Ross",548389,91.1,90.2,,86.9,82.8,78.1,,,,,2016
"Darvish, Yu",506433,94.4,92.9,89.3,,,73.0,86.7,,82.2,,2016
"Devenski, Chris",606965,92.9,,,82.4,81.5,76.1,,,,,2016
"Cain, Matt",430912,91.0,90.8,,85.5,85.1,77.1,,,,,2016
"Verrett, Logan",548337,91.1,89.6,,83.9,84.3,77.4,,,,,2016
"Taillon, Jameson",592791,95.0,94.9,,,87.5,80.6,,,,,2016
"Harvey, Matt",518774,95.1,95.5,,89.4,87.6,82.8,,,,,2016
"Montgomery, Mike",543557,94.3,,89.8,,84.4,77.5,,,,,2016
"Phelps, David",475479,94.3,93.7,92.2,89.6,85.0,80.3,,,,,2016
"Wilson, Tyler",592869,90.4,89.7,,,82.1,79.2,,,,,2016
"Hand, Brad",543272,93.5,93.4,,85.3,87.7,80.8,,,83.5,,2016
"Urías, Julio",628711,93.2,93.4,,85.5,80.5,76.4,,,,,2016
"Ureña, José",570632,96.1,95.2,,86.4,89.8,84.7,,,,,2016
"Jackson, Edwin",429719,92.1,91.8,,86.6,87.5,78.6,,,,,2016
"Vogelsong, Ryan",285064,90.8,90.2,,87.6,84.2,76.3,,,,,2016
"Robles, Hansel",570663,95.8,95.4,,85.4,89.1,,,,,,2016
"Suárez, Albert",544150,92.6,92.6,,79.0,83.7,75.5,,,,,2016
"Neris, Héctor",593576,94.8,94.4,,87.9,88.4,,87.6,,,,2016
"Delgado, Randall",517414,93.1,92.5,,82.5,85.8,,,,,,2016
"McCullers Jr., Lance",621121,94.4,,,,88.4,85.7,,,,,2016
"Ramírez, Erasmo",541640,92.0,91.6,,86.4,82.3,78.3,,,,,2016
"Barraclough, Kyle",607457,96.2,,,82.8,90.2,,,,,,2016
"Mengden, Daniel",596043,92.8,91.3,,87.5,81.9,75.4,,,,,2016
"Feldman, Scott",444857,90.6,90.9,88.7,,84.6,76.5,,,,,2016
"Torres, Carlos",448614,92.4,92.3,90.6,,86.2,81.3,,,,,2016
"Worley, Vance",474699,89.4,89.7,88.7,86.0,84.2,75.5,,,,,2016
"Givens, Mychal",571710,94.9,,,85.9,85.9,,,,,,2016
"Wright Jr., Mike",605541,94.2,92.5,,84.1,81.2,79.6,,,,,2016
"Wood, Blake",502028,96.7,96.7,,90.3,87.4,,,,,,2016
"Oh, Seunghwan",493200,93.5,89.1,,86.4,83.4,74.1,,,,,2016
"Brach, Brad",542960,95.2,94.4,,86.8,,,86.8,,,,2016
"Tonkin, Michael",543859,94.5,94.7,,83.4,87.4,,,,,,2016
"Vázquez, Felipe",553878,96.5,95.0,,83.2,88.2,,,,,,2016
"Severino, Luis",622663,96.8,,91.6,88.8,89.2,,,,,,2016
"Lamb, John",543424,89.9,,85.1,,74.8,68.0,,,,,2016
"Blanton, Joe",430599,91.6,91.9,,86.7,86.6,80.5,,,,,2016
"Hernandez, David",456696,94.7,94.6,,,87.7,81.5,,,,,2016
"Rusin, Chris",543734,90.4,90.0,86.8,,82.5,79.3,,,,,2016
"Betances, Dellin",476454,98.3,,,,,84.2,,,,86.9,2016
"Iglesias, Raisel",628452,94.7,92.3,,83.6,85.6,,,,,,2016
"Familia, Jeurys",544727,97.4,96.7,,87.3,,,,,,,2016
"Ramírez, JC",500724,97.0,98.0,,87.8,89.9,,,,,,2016
"Oberholtzer, Brett",519085,89.6,89.7,,82.3,80.5,78.9,,,,,2016
"Milone, Tommy",543548,88.0,87.0,86.6,83.7,81.8,75.1,,,,,2016
"Pressly, Ryan",519151,95.9,94.9,,88.8,,83.4,,,,,2016
"Bastardo, Antonio",455374,92.1,92.5,,83.6,85.6,,,,,,2016
"Maurer, Brandon",543506,96.1,94.5,,85.7,85.6,,,,,,2016
"Tropeano, Nick",607374,91.3,91.7,,80.7,82.4,,,,,,2016
"Salas, Fernando",477569,91.6,90.4,,,86.2,84.1,,,,,2016
"Dull, Ryan",623430,91.4,,,83.4,83.9,,,,,,2016
"Nicolino, Justin",592593,89.7,,87.0,,83.2,77.5,,,,,2016
"Blair, Aaron",594760,91.5,91.4,,,84.9,78.6,,,,,2016
"Clemens, Paul",518560,92.5,92.4,,,84.1,74.7,,,,,2016
"Axford, John",446099,96.3,95.8,,91.4,,79.3,,,,,2016
"Barnes, Matt",598264,97.4,,,89.7,88.8,82.7,,,,,2016
"Norris, Daniel",596057,93.7,,,87.6,86.4,76.7,,,,,2016
"Soria, Joakim",465657,93.1,,92.6,81.0,86.9,71.9,,,,,2016
"Latos, Mat",502009,91.0,90.7,91.1,86.6,85.8,75.7,81.3,,,,2016
"Reed, Addison",592665,93.1,,92.4,86.5,86.1,,,,,,2016
"Báez, Pedro",520980,97.4,97.3,,88.3,87.8,,,,,,2016
"Shipley, Braden",640463,92.2,91.1,,,85.1,80.3,,,,,2016
"Villanueva, Carlos",453646,88.8,88.5,,83.1,82.9,75.0,,,,,2016
"Warren, Adam",476589,93.5,93.2,91.5,87.7,85.1,80.1,,,,,2016
"Dean, Pat",534737,90.1,,,85.8,85.1,77.1,,,,,2016
"Cahill, Trevor",502239,93.1,92.5,,86.4,84.2,80.0,,,,,2016
"Shaw, Bryan",543766,,,94.1,82.9,83.2,,,,82.0,,2016
"Feliz, Michael",593140,95.6,93.3,,82.9,84.9,,,,,,2016
"Gómez, Jeanmar",491646,89.6,91.9,,84.0,84.7,75.7,,,,,2016
"Berríos, José",621244,94.0,93.8,,,85.2,81.5,,,,81.5,2016
"Kuhl, Chad",641771,92.6,93.5,,87.2,85.7,,,,,,2016
"Thornburg, Tyler",592804,94.7,,95.2,,86.2,79.4,,,,,2016
"Godley, Zack",643327,91.6,91.3,90.2,,83.5,82.2,,,,,2016
"Rodney, Fernando",407845,95.8,95.0,,,83.3,,,,,,2016
"Ohlendorf, Ross",456027,94.6,88.3,,82.5,86.6,80.3,,,,,2016
"Allen, Cody",592102,94.9,,,,,84.6,,,,,2016
"Osuna, Roberto",532077,96.4,96.3,90.3,86.5,83.5,,,,,,2016
"Miller, Andrew",453192,95.0,96.5,,84.3,,,,,,,2016
"Buchter, Ryan",488748,92.9,,90.4,86.4,,80.4,,,,,2016
"Chavez, Jesse",445926,93.3,93.4,91.5,84.3,86.4,78.1,,,,,2016
"Biagini, Joe",607352,94.9,96.5,88.9,89.8,86.5,80.7,,,,,2016
"Wilson, Alex",543935,92.4,92.4,91.3,87.5,88.1,82.1,,,,,2016
"Giles, Ken",571704,97.9,98.8,,86.6,,,,,,,2016
"Ramos, AJ",573109,92.4,91.6,92.4,80.6,85.8,75.9,,,,,2016
"Simon, Alfredo",430580,93.1,93.1,89.3,,,77.2,85.3,,,,2016
"Hudson, Daniel",543339,96.4,96.8,,86.4,85.9,,,,,,2016
"Adleman, Tim",534947,91.4,91.6,,,85.4,76.0,,,,,2016
"Caminero, Arquimedes",491708,98.8,98.3,,92.4,,,90.7,,,,2016
"Cingrani, Tony",571561,94.7,,,81.9,86.9,,,,,,2016
"Herrera, Kelvin",516969,97.9,97.4,,84.2,89.3,82.1,,,,,2016
"Cosart, Jarred",543054,93.0,92.9,92.3,,81.7,78.0,,,,,2016
"Butler, Eddie",572750,93.7,93.4,,87.6,88.3,80.2,,,,,2016
"Richard, Clayton",453385,92.1,91.2,,85.0,84.5,81.4,,,,,2016
"Hendriks, Liam",521230,94.9,94.6,,88.6,87.9,78.3,,,,,2016
"Cishek, Steve",518553,91.8,92.0,,79.1,83.7,,,,,,2016
"Grilli, Jason",276351,93.0,92.7,,81.1,84.9,,,,,,2016
"Johnson, Jim",462382,93.7,94.0,,,88.5,79.6,,,,,2016
"Clippard, Tyler",461325,91.7,,,,79.6,75.1,82.3,,,,2016
"Cessa, Luis",570666,95.2,,,85.8,85.5,81.1,,,,,2016
"Bowman, Matt",621199,92.7,92.1,,87.2,81.6,,,,,,2016
"McGowan, Dustin",430661,95.5,95.4,,87.5,88.7,,,,,,2016
"Harris, Will",501789,93.6,,92.9,,,82.4,,,,,2016
"Siegrist, Kevin",543779,94.0,93.3,,,85.7,74.2,,,,,2016
"Watson, Tony",453265,,93.8,,86.3,85.8,,,,,,2016
"Boyer, Blaine",430641,92.5,92.7,,87.2,88.4,75.1,,,,,2016
"Robertson, David",502085,93.2,92.7,92.3,,87.9,82.8,,,,,2016
"Smith, Josh A.",595001,91.4,88.7,,85.3,82.2,78.5,,,,,2016
"Jennings, Dan",543359,91.4,91.3,,83.7,,,,,,,2016
"Melancon, Mark",453343,92.4,,91.5,,,81.7,84.5,,,,2016
"Britton, Zack",502154,96.0,96.9,,82.6,,,,,,,2016
"Quackenbush, Kevin",534812,91.1,,,83.4,84.3,78.9,,,,,2016
"Estévez, Carlos",608032,97.9,98.6,97.4,86.4,89.6,,,,,,2016
"Ziegler, Brad",446899,,84.5,,,76.9,74.1,,,,,2016
"Wood, Travis",475243,90.9,90.9,85.7,81.8,80.6,72.2,,,,,2016
"Strickland, Hunter",519326,97.8,96.7,,84.8,89.6,84.8,,,,,2016
"De La Cruz, Joel",503444,92.3,92.0,,86.6,85.1,,,,,,2016
"Duke, Zach",435043,89.7,90.3,,81.8,85.9,75.9,,,,,2016
"Otero, Dan",519096,90.9,90.8,,83.8,83.7,78.2,,,,,2016
"Rogers, Taylor",573124,93.3,93.1,,,88.3,78.3,,,,,2016
"Jones, Nate",518858,96.5,97.5,,88.9,88.6,81.0,,,,,2016
"Jansen, Kenley",445276,95.3,,94.0,83.6,,,,,,,2016
"Dyson, Sam",473879,96.5,95.8,,88.5,89.6,84.1,,,,,2016
"Madson, Ryan",425492,94.9,94.6,91.2,,83.9,,,,,,2016
"Eflin, Zach",621107,93.3,92.3,,84.1,87.1,75.7,,,,,2016
"Broxton, Jonathan",455009,95.4,93.2,,88.3,,78.3,,,,,2016
"Wood, Alex",622072,,91.2,,,84.5,82.7,,,,,2016
"Anderson, Cody",594736,94.2,,91.0,,86.0,82.0,,,,,2016
"Musgrove, Joe",605397,92.4,90.6,,82.3,82.9,78.6,,,,,2016
"Wilson, Justin",458677,95.9,95.4,90.6,,,81.1,,,,,2016
"Treinen, Blake",595014,96.4,96.0,,87.3,88.6,,,,,,2016
"Chapman, Aroldis",547973,101.1,,,88.8,89.6,,,,,,2016
"Greene, Shane",572888,94.9,94.6,89.8,,86.6,79.2,,,83.1,,2016
"Ross Jr., Robbie",543726,94.0,91.9,92.2,88.0,88.7,79.7,,,,,2016
"Clevinger, Mike",605182,93.9,95.4,,84.1,87.4,74.9,,,,,2016
"Petit, Yusmeiro",433589,89.2,,88.1,85.7,82.4,77.3,,,,,2016
"Lyles, Jordan",543475,93.8,93.1,,89.3,84.0,78.5,,,,,2016
"Lugo, Seth",607625,93.3,92.5,,87.1,86.5,78.5,,,,,2016
"LeBlanc, Wade",453281,87.4,87.5,85.0,81.4,78.4,74.7,,,,,2016
"Neal, Zach",594943,90.7,90.3,86.2,82.5,82.4,74.0,,,,,2016
"Mariñez, Jhan",501697,95.3,95.3,,85.8,,,,,,,2016
"Bush, Matt",456713,97.7,98.2,,91.9,92.4,80.9,,,,,2016
"Casilla, Santiago",433586,94.3,94.2,,89.4,87.3,81.1,,,,,2016
"Barrett, Jake",545332,95.6,,,87.4,,,86.2,,,,2016
"Feliz, Neftalí",491703,96.6,91.7,,84.8,88.0,,,,,,2016
"Kimbrel, Craig",518886,98.0,98.4,,,,87.2,,,,,2016
"Gant, John",607231,92.4,92.9,88.9,,81.0,75.7,,,,,2016
"Diekman, Jake",518617,,95.8,,85.5,87.6,,,,,,2016
"Nuño, Vidal",573064,90.4,89.0,,84.8,83.7,78.8,,,,,2016
"Triggs, Andrew",592811,91.7,91.0,,84.1,83.8,77.0,,,,,2016
"McAllister, Zach",502083,94.8,95.3,88.8,82.2,88.4,80.9,,,,,2016
"Barnette, Tony",501817,93.3,92.7,88.6,82.8,,77.9,88.5,,,,2016
"Rodríguez, Francisco",408061,89.9,89.7,,,84.0,76.5,,,,,2016
"Vincent, Nick",543883,90.3,90.6,,87.1,84.1,,,,,,2016
"Thompson, Jake",622097,91.8,91.3,,83.5,84.1,78.0,,,,,2016
"Alvarez, Jose",501625,91.5,90.8,,85.9,80.5,77.6,,,,,2016
"Miranda, Aríel",664641,93.5,92.0,,81.2,,,83.8,,,,2016
"Hughes, Phil",461833,91.0,91.1,88.2,,85.8,77.6,,,,,2016
"Guerra, Deolis",500610,90.8,,,,81.1,78.6,,,,,2016
"Grimm, Justin",518748,94.8,94.7,,84.9,,83.0,,,,,2016
"Kelley, Shawn",518875,93.0,,,83.6,87.3,,,,,,2016
"Hughes, Jared",453172,93.7,93.6,,86.2,88.2,,,,,,2016
"Jenkins, Tyrell",592433,91.8,91.0,,80.7,82.8,,,,,,2016
"Coleman, Louis",488786,89.9,87.4,,82.2,,,,,,,2016
"Krol, Ian",571871,94.4,94.7,,87.4,86.5,78.8,,,,,2016
"Howell, J.P.",434442,,85.9,,,82.3,78.9,,,,,2016
"Reed, Cody",642003,93.6,,,88.4,86.5,,,,,,2016
"Skaggs, Tyler",572140,93.4,93.5,,,86.6,76.6,,,,,2016
"Jepsen, Kevin",448178,94.2,94.0,,,84.7,82.9,,,,,2016
"Storen, Drew",519322,92.9,92.2,,81.9,85.3,,,,,,2016
"Hembree, Heath",592390,94.5,,,88.7,87.6,79.9,,,,,2016
"Colomé, Alex",517008,95.2,95.3,89.2,,89.7,83.0,,,,,2016
"Rosenthal, Trevor",572096,97.8,,,85.4,87.7,79.0,,,,,2016
"Jeffress, Jeremy",502026,96.1,95.9,,,90.8,81.1,,,,,2016
"De La Rosa, Rubby",523989,95.3,94.4,,84.8,87.7,80.3,,,,,2016
"Albers, Matt",458006,92.9,92.6,,86.9,84.3,80.5,,,,,2016
"Pérez, Williams",554234,,91.8,,,79.5,77.3,,,,,2016
"Morin, Mike",573046,91.9,92.4,,81.8,72.3,,,,,,2016
"Gregerson, Luke",502381,89.6,89.8,89.3,81.7,79.8,,,,,,2016
"Lowe, Mark",450275,92.9,91.9,,85.2,86.5,,,,,,2016
"McGee, Jake",459429,94.2,94.8,,90.6,,76.5,,,,,2016
"May, Trevor",543507,94.5,93.1,,86.3,86.1,78.3,,,,,2016
"Green, Chad",643338,95.1,94.4,90.7,84.6,86.5,,,,,,2016
"Tazawa, Junichi",547749,93.4,92.3,,80.7,,76.1,,,,,2016
"Wittgren, Nick",621295,92.8,,,81.7,85.9,,,,,,2016
"Wang, Chien-Ming",425426,91.7,92.2,,84.9,,77.4,80.7,,,,2016
"Harrell, Lucas",449173,92.2,92.2,,87.3,84.6,81.8,,,,,2016
"Benoit, Joaquín",276542,94.5,95.3,,87.2,84.5,,,,,,2016
"Detwiler, Ross",446321,92.9,91.8,,78.3,85.8,,,,,,2016
"Kintzler, Brandon",445213,93.1,93.3,,86.0,87.8,,,,,,2016
"Díaz, Edwin",621242,97.0,98.3,,87.3,91.0,,,,,,2016
"Ryan, Kyle",594986,90.1,89.4,85.4,85.3,83.3,78.3,,,,,2016
"Schugel, A.J.",519263,92.3,92.9,,,83.1,78.8,,,,,2016
"Flynn, Brian",543169,93.2,93.0,,86.0,84.4,76.1,,,,,2016
"Rzepczynski, Marc",519240,92.2,91.8,,83.7,86.2,,,,,,2016
"Wilhelmsen, Tom",452666,95.3,95.9,,86.7,88.2,77.1,,,,,2016
"Lincecum, Tim",453311,88.2,88.3,,81.6,81.8,73.8,,,,,2016
"Romero, Enny",544836,96.8,,90.0,85.0,94.4,,,,,,2016
"Blazek, Michael",518468,94.0,92.7,,83.9,86.7,77.3,,,,,2016
"Smith, Joe",501925,89.3,88.8,,80.5,79.1,,,,,,2016
"López, Reynaldo",625643,96.5,,,,86.4,78.5,,,,,2016
"Yates, Kirby",489446,93.8,,,85.0,84.6,78.3,,,,,2016
"Law, Derek",571882,93.5,,,84.9,83.5,77.6,,,,,2016
"Bailey, Andrew",457732,92.7,,85.8,,,78.2,,,,,2016
"Sampson, Keyvius",572102,93.7,,,86.9,85.5,76.9,,,,,2016
"Claudio, Alex",592222,,86.0,,80.1,67.8,74.5,,,,,2016
"Kontos, George",502004,91.7,91.4,88.0,84.6,85.7,78.4,,,,,2016
"Rondón, Héctor",444468,96.6,96.8,,86.3,90.7,,,,,,2016
"Reyes, Alex",621052,97.7,96.9,,83.7,88.5,78.2,,,,,2016
"Sipp, Tony",448609,91.4,91.2,,80.8,77.9,,,,,,2016
"Ramos, Cesár",459987,89.1,,,82.9,83.4,68.8,,,,,2016
"Abad, Fernando",472551,91.7,91.7,82.6,,73.8,76.9,,,,,2016
"Uehara, Koji",493157,87.3,87.1,,82.6,83.7,,79.1,,,,2016
"Diaz, Jumbo",471822,96.6,96.3,,86.3,89.8,,,,,,2016
"Miller, Justin",502522,93.7,95.4,,86.0,88.2,,,,,,2016
"Hatcher, Chris",501822,96.4,96.8,92.5,86.1,,,87.4,,,,2016
"Lorenzen, Michael",547179,96.4,96.6,,91.4,88.7,80.7,,,,,2016
"Cervenka, Hunter",543017,93.3,,,88.8,,79.4,,,,,2016
"Kelly, Joe",523260,97.4,96.0,,87.7,85.9,82.6,,,,,2016
"Manship, Jeff",453249,91.4,91.5,,,86.6,83.6,,,,,2016
"Surkamp, Eric",474668,88.5,89.3,,,81.5,77.8,,,,,2016
"Burgos, Enrique",542609,96.4,99.2,,89.1,,,85.2,,,,2016
"Gearrin, Cory",518715,91.9,92.1,,84.3,84.5,,,,,,2016
"Logan, Boone",457429,93.7,93.6,,83.9,87.0,,,,,,2016
"Germen, Gonzalez",542674,94.2,94.4,,87.3,86.3,,,,,,2016
"Strop, Pedro",467008,95.5,95.8,,83.8,88.6,,,,,,2016
"Coulombe, Danny",543056,90.3,91.7,,84.4,85.2,80.7,,,,,2016
"Stephenson, Robert",596112,93.9,,,,85.7,81.4,,,,,2016
"Dunn, Mike",445197,94.3,94.4,,87.4,,74.7,,,,,2016
"Davis, Wade",451584,95.7,94.0,92.3,92.2,,84.1,,,,,2016
"Blevins, Jerry",460283,,89.8,,88.4,83.8,71.2,,,,,2016
"Hahn, Jesse",534910,94.5,94.5,,,86.2,75.9,,,,,2016
"Pérez, Oliver",424144,92.5,91.8,,79.5,,,,,,,2016
"Gsellman, Robert",607229,94.4,94.2,,88.6,87.3,81.8,,,,,2016
"Vizcaíno, Arodys",527055,96.5,98.1,,85.5,89.0,,,,,,2016
"Liberatore, Adam",571893,92.3,92.4,,85.3,86.0,,,,,,2016
"McCarthy, Brandon",435221,93.4,92.2,91.4,,,80.6,,,,,2016
"Cedeño, Xavier",458584,88.8,88.0,,,87.5,80.3,,,,,2016
"Garton, Ryan",623439,93.1,,89.3,,85.6,80.5,,,,,2016
"Neshek, Pat",450212,,89.7,,83.4,67.9,,,,,,2016
"Layne, Tommy",518927,90.2,90.1,,86.1,82.7,79.9,,,,,2016
"Collmenter, Josh",518567,,,84.8,,76.3,70.1,,,,,2016
"Weaver, Luke",596133,92.5,,88.4,,83.9,80.1,,,,,2016
"Lyons, Tyler",544928,91.4,90.4,,81.0,85.1,75.7,,,,,2016
"Cole, A.J.",595918,91.5,91.4,,82.6,84.0,75.1,,,,,2016
"Moylan, Peter",493247,,90.5,,78.9,84.3,,,,,,2016
"Farquhar, Danny",543144,93.2,92.0,90.2,,87.3,75.8,,,,,2016
"Wright, Daniel",642229,89.9,89.8,,82.3,83.4,75.0,,,,,2016
"Rodriguez Jr., Fernando",451775,93.5,,89.1,,88.6,78.6,,,,,2016
"Belisle, Matt",279571,91.5,91.2,,86.7,88.1,75.3,,,,,2016
"Brault, Steven",643230,91.6,,,83.9,85.3,,,,,,2016
"Solís, Sammy",519301,,94.2,,,86.1,80.9,,,,,2016
"Bedrosian, Cam",592135,95.9,,95.7,83.9,,,,,,,2016
"Tolleson, Shawn",474521,93.6,93.9,89.1,84.6,82.7,,,,,,2016
"Smith, Will",519293,92.6,91.1,,80.8,,77.0,,,,,2016
"Fien, Casey",502272,93.9,93.3,,89.2,,79.8,,,,,2016
"Henderson, Jim",449104,94.0,,,84.6,,,,,,,2016
"Martinez, Nick",607259,92.1,91.8,,85.2,85.5,78.0,,,,,2016
"Withrow, Chris",519437,94.2,,87.5,,,78.5,,,,,2016
"Cabrera, Mauricio",606291,100.7,,,84.7,91.6,,,,,,2016
"Kela, Keone",605309,96.4,96.5,,,90.1,84.5,,,,,2016
"Goeddel, Erik",592340,92.5,,88.2,83.7,84.3,76.6,,,,,2016
"Ranaudo, Anthony",519168,91.6,,,83.8,85.0,80.4,,,,,2016
"Edwards Jr., Carl",605218,95.8,,,,92.3,81.3,,,,,2016
"Richards, Garrett",572070,96.4,96.3,95.6,89.1,88.4,80.1,,,,,2016
"González, Severino",605894,94.2,92.3,,,86.8,81.4,,,,,2016
"Ramos, Edubray",591693,95.9,,,83.2,86.0,78.9,,,,,2016
"Vargas, César",570714,89.9,89.3,89.4,79.9,80.8,75.5,,,,,2016
"Knebel, Corey",608349,95.9,90.8,,92.9,,80.9,,,,,2016
"Fields, Josh",451661,95.4,,,84.4,81.1,79.5,,,,,2016
"Ogando, Alexi",468396,94.6,94.6,,84.7,85.7,,,,,,2016
"Domínguez, José",523848,96.5,,,89.9,86.5,,,,,,2016
"Doolittle, Sean",448281,95.4,,,,,81.9,85.1,,,,2016
"Hochevar, Luke",460024,95.1,95.0,89.2,89.2,,79.0,,,,,2016
"Osich, Josh",592612,95.3,96.3,91.1,,85.6,,,,,,2016
"Johnson, Erik",605304,90.1,90.5,,83.4,79.2,71.4,,,,,2016
"Shreve, Chasen",592741,92.1,,,81.5,82.6,,,,,,2016
"Cecil, Brett",446399,92.4,92.5,89.3,,84.9,84.4,,,,,2016
"Achter, A.J.",592091,91.7,91.3,90.4,81.3,83.5,,,,,,2016
"Rondón, Bruce",541652,97.9,,,86.9,90.1,,,,,,2016
"Ellington, Brian",623395,98.6,,,,88.9,86.7,,,,,2016
"Papelbon, Jonathan",449097,91.6,93.0,,80.3,,,86.5,,,,2016
"Ramírez, José",542432,96.0,,,87.2,86.5,,,,,,2016
"Hoffman, Jeff",656546,94.6,,,84.1,87.1,76.9,,,,,2016
"Boshers, Buddy",542953,,92.3,,82.2,87.5,81.5,,,,,2016
"Ynoa, Michael",573589,94.9,,,88.6,88.1,80.8,,,,,2016
"Araujo, Elvis",542587,92.8,,,84.8,87.7,,,,,,2016
"Weber, Ryan",543901,,91.3,88.9,,82.2,76.5,,,,,2016
"Murray, Colton",605396,94.1,,,87.4,85.5,81.8,,,,,2016
"Qualls, Chad",430589,,90.8,,84.8,83.2,,,,,,2016
"Despaigne, Odrisamer",628333,92.2,93.7,90.5,88.4,79.4,80.1,,,,,2016
"O'Day, Darren",503285,87.0,86.3,,79.8,,,,,,,2016
"Scahill, Rob",543746,93.8,93.7,,88.9,89.0,80.9,,,,,2016
"Goody, Nick",580792,91.4,,,82.8,87.0,,,,,,2016
"Jungmann, Taylor",543380,90.2,89.9,,,85.7,75.7,,,,,2016
"Bassitt, Chris",605135,93.6,92.9,,85.5,83.4,72.1,,,,,2016
"Farmer, Buck",571656,93.5,92.2,88.2,,86.3,81.4,,,,,2016
"Peralta, Joel",407908,90.4,,,,,78.4,81.3,,,,2016
"Verlander, Justin",434378,95.3,95.6,92.1,88.2,87.6,80.4,,,,,2017
"Sale, Chris",519242,94.8,93.6,,79.8,86.8,,,,,,2017
"Archer, Chris",502042,95.5,,,88.9,85.9,,,,,,2017
"Porcello, Rick",519144,92.1,89.7,,85.6,80.3,74.7,,,,,2017
"Gonzalez, Gio",461829,90.0,89.3,,,83.0,74.8,,,,,2017
"Gausman, Kevin",592332,94.9,90.4,,82.6,85.7,,85.0,,,,2017
"Cole, Gerrit",543037,95.9,95.6,,88.1,88.5,80.4,,,,,2017
"Samardzija, Jeff",502188,94.3,94.3,91.6,87.8,,80.7,86.7,,,,2017
"Estrada, Marco",462136,89.8,,86.5,,77.5,77.5,,,,,2017
"Santana, Ervin",429722,93.2,92.3,,84.5,85.8,,,,,,2017
"Roark, Tanner",543699,92.5,92.2,,85.9,83.7,75.8,,,,,2017
"Quintana, Jose",500779,92.2,92.1,,,86.1,77.0,,,,77.2,2017
"deGrom, Jacob",594798,95.2,94.7,,89.3,87.7,81.5,,,,,2017
"Bauer, Trevor",545333,94.1,93.5,86.4,,86.8,78.6,,,,,2017
"Lynn, Lance",458681,92.4,91.4,87.1,,86.0,78.9,,,,,2017
"Greinke, Zack",425844,90.8,90.7,,84.0,87.1,74.3,,,,,2017
"Stroman, Marcus",573186,94.0,93.3,89.9,,82.6,80.1,,,,86.0,2017
"Lester, Jon",452657,91.4,90.3,87.8,,84.6,75.6,,,,,2017
"Martinez, Carlos",593372,96.3,94.9,,85.3,87.8,80.0,,,,,2017
"Scherzer, Max",453286,94.0,,87.9,85.4,84.6,77.4,,,,,2017
"Pérez, Martín",527048,93.2,93.0,,84.4,84.6,79.2,,,,,2017
"Nolasco, Ricky",445060,91.0,90.8,,81.0,,73.6,80.9,,,,2017
"Severino, Luis",622663,97.5,,,88.3,87.2,,,,,,2017
"Davies, Zach",605200,,89.7,86.5,,79.4,73.4,,,,,2017
"Corbin, Patrick",571578,92.3,92.2,,80.9,83.5,,,,,,2017
"Teheran, Julio",527054,91.4,91.1,,82.6,81.9,73.3,,,,,2017
"Miley, Wade",489119,91.4,90.5,88.2,83.4,83.0,77.0,,,,,2017
"Straily, Dan",573185,90.5,90.3,,83.7,83.4,73.5,,,,,2017
"Pomeranz, Drew",519141,91.4,89.2,86.6,,81.1,79.4,,,,,2017
"Darvish, Yu",506433,94.3,93.4,88.7,84.1,88.5,73.4,,,82.5,,2017
"Carrasco, Carlos",471911,94.3,93.4,,85.4,88.4,83.3,,,,,2017
"Richard, Clayton",453385,90.8,90.1,,81.5,83.7,,,,,,2017
"Hammel, Jason",434628,92.2,92.1,,84.9,85.1,77.5,,,,,2017
"Kluber, Corey",446372,92.7,92.5,89.0,,85.8,84.4,,,,,2017
"Vargas, Jason",450306,85.7,85.6,,,79.5,72.1,,,,,2017
"Chacín, Jhoulys",468504,91.4,91.1,,80.0,83.3,75.6,,,,,2017
"Ureña, José",570632,95.8,95.5,90.2,85.0,88.6,,,,,,2017
"Moore, Matt",519043,91.9,,89.2,,83.1,81.1,,,,,2017
"Cobb, Alex",502171,91.1,91.7,,,,80.5,85.6,,,,2017
"Dickey, R.A.",285079,83.6,,,,,,,77.3,,,2017
"Bundy, Dylan",605164,92.2,91.8,,83.0,83.6,74.5,,,,,2017
"Tanaka, Masahiro",547888,92.3,91.4,89.5,84.6,,76.8,87.6,,,,2017
"Foltynewicz, Mike",592314,95.3,95.3,,86.0,86.2,79.5,,,,,2017
"Lackey, John",407793,91.0,90.7,82.5,,83.5,77.5,,,,,2017
"Nelson, Jimmy",519076,94.1,93.7,,88.5,87.6,84.3,,,,,2017
"Walker, Taijuan",592836,93.7,93.1,86.4,,,75.6,88.1,,,,2017
"Arrieta, Jake",453562,92.2,92.2,,87.9,87.3,78.8,,,,,2017
"Leake, Mike",502190,90.6,90.2,88.9,81.0,84.5,78.4,,,,,2017
"Ray, Robbie",592662,94.2,93.4,,84.6,,81.7,,,,,2017
"Wacha, Michael",608379,95.1,95.1,90.7,,87.8,76.5,,,,,2017
"Kuhl, Chad",641771,95.6,95.3,,88.5,88.7,82.4,,,,,2017
"Manaea, Sean",640455,,91.7,,79.9,83.4,,,,,,2017
"Strasburg, Stephen",544931,95.4,95.0,,89.0,88.6,82.4,,,,,2017
"Nola, Aaron",605400,92.3,91.4,,,83.8,77.4,,,,,2017
"Miranda, Aríel",664641,92.1,,,80.6,,,83.8,,,,2017
"Gray, Sonny",543243,93.4,91.7,88.3,85.2,89.0,81.1,,,,,2017
"Márquez, Germán",608566,95.0,94.3,,86.9,85.6,80.6,,,,,2017
"Zimmermann, Jordan",519455,92.2,92.4,,87.0,86.3,80.8,,,,,2017
"Kennedy, Ian",453178,92.0,92.1,,85.9,85.1,77.8,,,,,2017
"Cashner, Andrew",488768,93.8,93.1,,88.1,84.9,81.7,,,,,2017
"Fiers, Mike",571666,89.5,89.5,86.7,82.2,82.5,73.9,,,,,2017
"Odorizzi, Jake",543606,91.5,,86.3,82.4,,72.3,84.1,,,,2017
"Gibson, Kyle",502043,92.6,91.8,,84.2,84.0,79.5,,,,,2017
"Hellickson, Jeremy",476451,90.1,90.2,86.9,,81.3,76.7,,,,,2017
"Jiménez, Ubaldo",434622,90.8,90.4,89.3,82.4,,74.9,83.9,,,,2017
"Nova, Iván",467100,93.1,92.5,,,86.4,80.6,,,,,2017
"Freeland, Kyle",607536,92.2,91.8,86.0,,86.4,79.3,,,,,2017
"Perdomo, Luis",606131,94.3,93.9,,84.4,,,87.2,,,,2017
"González, Miguel",456068,90.9,91.3,,86.4,86.8,77.4,84.5,,,,2017
"Montgomery, Jordan",656756,91.9,91.7,,85.7,84.3,80.4,,,,,2017
"Cueto, Johnny",456501,91.3,91.1,87.5,84.0,82.0,78.3,,,,,2017
"Blach, Ty",621389,89.7,90.1,,79.3,80.3,76.4,,,,,2017
"Happ, J.A.",457918,92.6,90.7,,86.0,86.4,76.9,,,,,2017
"Fulmer, Michael",605242,95.6,95.9,89.3,86.6,87.8,78.5,,,,,2017
"Rodriguez, Eduardo",593958,93.2,92.4,87.5,83.0,86.2,,,,,,2017
"Holland, Derek",502706,91.3,91.0,,81.1,83.1,78.0,,,,,2017
"Chatwood, Tyler",543022,94.8,94.3,89.1,,88.1,79.3,,,,,2017
"Kershaw, Clayton",477132,92.8,94.6,,88.6,85.9,73.3,,,,,2017
"Pivetta, Nick",601713,94.5,93.8,,83.1,86.5,79.5,,,,,2017
"García, Jaime",448802,90.8,90.8,90.3,82.3,83.2,74.3,,,,,2017
"Godley, Zack",643327,90.7,91.5,89.6,,83.9,83.1,,,,,2017
"Williams, Trevor",592866,92.7,90.3,,84.0,85.2,76.6,,,,,2017
"Berríos, José",621244,93.9,93.2,,,83.6,,,,,81.4,2017
"Morton, Charlie",450203,95.7,94.9,88.1,,,80.5,86.5,,,,2017
"Boyd, Matthew",571510,92.6,91.5,,86.2,80.9,74.6,,,,,2017
"Sabathia, CC",282332,89.2,90.7,89.9,79.6,83.8,,,,,,2017
"Taillon, Jameson",592791,95.3,95.0,,,88.1,81.4,,,,,2017
"Hamels, Cole",430935,92.1,91.9,88.8,,83.1,79.0,,,,,2017
"Chavez, Jesse",445926,91.2,91.9,90.1,84.2,85.2,76.2,,,,,2017
"Ramírez, JC",500724,95.6,95.6,,88.0,83.9,78.9,,,,,2017
"Pelfrey, Mike",460059,92.7,91.9,,82.9,,70.2,81.3,,,,2017
"Gallardo, Yovani",451596,92.4,92.0,,89.1,86.4,80.6,,,,,2017
"Colon, Bartolo",112526,90.3,87.1,86.6,81.5,81.3,,,,,,2017
"Snell, Blake",605483,94.3,,,86.0,86.3,79.1,,,,,2017
"Duffy, Danny",518633,92.8,93.0,,83.0,83.7,73.3,,,,,2017
"Hendricks, Kyle",543294,86.0,85.7,85.9,,78.8,72.2,,,,,2017
"Paxton, James",572020,95.5,,88.8,,86.9,80.4,,,,,2017
"Anderson, Chase",502624,93.2,92.7,89.3,,83.6,78.2,,,,,2017
"Wood, Alex",622072,,91.9,,,85.1,83.5,,,,,2017
"Peacock, Brad",502748,92.6,91.8,,,81.3,77.5,,,81.5,,2017
"Hill, Rich",448179,89.2,87.9,85.6,75.0,83.9,74.1,,,73.5,,2017
"Montero, Rafael",606160,93.9,93.1,,83.8,88.0,,,,,,2017
"Senzatela, Antonio",622608,94.3,,,82.8,85.1,77.6,,,,,2017
"Keuchel, Dallas",572971,88.8,88.7,86.7,78.5,78.7,,,,,,2017
"Maeda, Kenta",628317,92.0,90.4,87.9,83.9,83.8,75.1,,,,,2017
"Cotton, Jharel",605194,93.2,92.7,,88.5,77.9,77.2,,,,,2017
"Eickhoff, Jerad",595191,90.4,90.2,,84.7,80.8,76.3,,,,,2017
"Wainwright, Adam",425794,90.1,89.7,84.2,,81.4,72.5,,,,,2017
"Ryu, Hyun Jin",547943,90.4,89.6,86.5,77.9,80.9,71.7,,,,,2017
"Clevinger, Mike",605182,92.5,92.6,,81.3,87.0,75.3,,,,,2017
"Tomlin, Josh",458708,87.8,87.7,85.5,,83.8,74.4,,,,,2017
"Adleman, Tim",534947,90.0,90.0,,,84.2,74.1,,,,,2017
"Montgomery, Mike",543557,92.3,,88.2,,83.3,77.2,,,,,2017
"Cain, Matt",430912,89.3,89.0,,83.1,83.0,74.5,,,,,2017
"Gsellman, Robert",607229,93.1,92.7,,88.7,85.4,80.3,,,,,2017
"McCullers Jr., Lance",621121,94.2,94.1,,,88.7,85.6,,,,,2017
"Ramírez, Erasmo",541640,92.2,91.5,88.8,84.0,83.6,76.4,,,,,2017
"Biagini, Joe",607352,93.3,93.8,90.0,,86.3,78.8,,,,,2017
"Shields, James",448306,90.2,89.8,85.9,,82.6,78.1,,,,,2017
"Garza, Matt",490063,92.0,91.5,,82.4,84.1,73.9,,,,,2017
"Feldman, Scott",444857,89.1,89.4,88.3,,81.7,75.5,,,,,2017
"Sánchez, Aníbal",434671,90.7,90.7,89.2,84.6,71.1,76.9,83.1,,,,2017
"Gray, Jon",592351,96.0,95.5,,89.7,88.6,80.1,,,,,2017
"Lamet, Dinelson",659275,95.0,94.6,,85.7,89.6,81.9,,,,,2017
"Newcomb, Sean",656794,93.8,,,80.7,86.0,78.3,,,,,2017
"Norris, Daniel",596057,93.1,92.9,,87.3,86.1,77.4,,,,,2017
"Salazar, Danny",517593,95.3,94.9,,86.2,86.6,80.9,,,,,2017
"Martinez, Nick",607259,92.5,92.2,89.2,,85.5,79.7,,,,,2017
"Musgrove, Joe",605397,93.1,91.6,90.4,83.2,84.3,81.1,,,,,2017
"Bridwell, Parker",592170,92.5,91.7,89.6,,84.4,79.5,,,,,2017
"Mejía, Adalberto",606167,92.6,91.8,,84.1,83.4,79.7,,,,,2017
"Liriano, Francisco",434538,92.8,93.0,,85.6,85.4,76.4,,,,,2017
"Tillman, Chris",501957,90.8,90.4,89.9,85.1,83.7,75.7,,,,,2017
"Conley, Adam",543045,89.7,,,84.5,82.6,,,,,,2017
"Wood, Travis",475243,88.8,87.8,86.8,80.0,81.0,71.9,,,,,2017
"Harvey, Matt",518774,94.0,93.9,,88.6,86.3,81.0,,,,,2017
"Graveman, Kendall",608665,93.2,93.3,89.9,79.1,86.0,,,,,,2017
"Bumgarner, Madison",518516,91.1,,86.8,,82.8,78.0,,,,,2017
"Lugo, Seth",607625,91.9,91.1,88.5,85.7,85.9,76.3,,,,,2017
"Hoffman, Jeff",656546,94.4,94.6,,82.7,86.8,76.8,,,,,2017
"Gossett, Daniel",605254,91.6,91.5,,84.0,84.2,78.5,,,,,2017
"Bailey, Homer",456701,93.6,93.3,,87.1,90.5,78.0,86.3,,,,2017
"Wheeler, Zack",554430,94.7,94.3,88.0,,88.2,78.8,,,,,2017
"Pineda, Michael",501381,93.9,93.0,,85.1,89.0,,,,,,2017
"Fister, Doug",450729,88.3,89.8,85.1,,82.6,73.4,,,,,2017
"Cahill, Trevor",502239,91.8,90.9,85.1,,83.8,79.4,,,,,2017
"Junis, Jakob",596001,91.6,91.0,,81.3,81.9,75.8,,,,,2017
"Leiter Jr., Mark",643410,91.0,90.7,88.4,82.8,84.9,72.3,83.9,,,,2017
"Volquez, Edinson",450172,93.6,93.1,,,83.7,81.0,,,,,2017
"Romano, Sal",607219,95.5,95.3,,87.0,88.9,82.0,,,,,2017
"Castillo, Luis",622491,97.4,96.9,,84.9,87.2,,,,,,2017
"Stephenson, Robert",596112,93.7,,,85.2,,79.0,85.0,,,,2017
"McCarthy, Brandon",435221,93.2,92.9,91.3,86.5,88.6,80.2,,,,,2017
"Faria, Jake",607188,91.8,,,83.3,,75.1,81.3,,,,2017
"Andriese, Matt",542882,92.1,,,86.4,86.0,81.0,,,,,2017
"Lively, Ben",594902,91.3,91.2,,81.9,84.9,75.5,,,,,2017
"Skaggs, Tyler",572140,92.1,91.8,,,85.2,75.6,,,,,2017
"Anderson, Tyler",542881,92.0,91.9,87.5,,82.7,76.1,,,,,2017
"Hernández, Félix",433587,90.9,90.4,,84.8,86.5,79.7,,,,,2017
"Lorenzen, Michael",547179,96.2,96.3,92.7,88.1,88.5,82.7,,,,,2017
"Knebel, Corey",608349,97.3,,,,,80.5,,,,,2017
"Petit, Yusmeiro",433589,89.6,88.9,85.6,,82.0,77.1,,,,,2017
"Pruitt, Austin",643493,91.6,91.6,,87.4,85.4,81.0,,,,,2017
"Griffin, A.J.",456167,87.3,86.6,82.5,,80.0,66.1,,,,,2017
"Givens, Mychal",571710,95.4,95.9,94.6,87.3,85.6,,,,,,2017
"Jackson, Edwin",429719,93.1,93.2,,86.9,87.5,78.9,,,,,2017
"Suter, Brent",608718,85.8,85.9,,,80.3,74.2,,,,,2017
"Wood, Blake",502028,96.1,96.1,,89.7,90.6,,85.1,,,,2017
"Stammen, Craig",489334,91.4,91.3,85.6,,85.8,79.2,,,,,2017
"Devenski, Chris",606965,94.0,,,82.8,83.0,,,,,,2017
"Velasquez, Vince",592826,93.9,92.5,,84.9,87.6,80.7,,,,,2017
"Koehler, Tom",543408,92.9,93.2,,85.5,85.4,78.8,,,,,2017
"Shoemaker, Matt",533167,91.7,91.5,,82.7,,76.2,85.1,,,,2017
"Swarzak, Anthony",461872,94.7,,,87.1,,,,,,,2017
"Tepera, Ryan",572193,95.0,95.0,88.6,83.0,,,,,,,2017
"Lyles, Jordan",543475,94.0,93.5,,89.8,85.7,83.7,,,,,2017
"Price, David",456034,94.2,94.4,88.7,,85.8,79.7,,,,,2017
"Torres, Carlos",448614,93.4,92.3,92.4,83.2,,80.1,,,,,2017
"Guerra, Junior",448855,92.0,91.5,,80.2,,,84.0,,,,2017
"Worley, Vance",474699,90.2,89.9,87.7,,81.9,76.9,,,,,2017
"Garrett, Amir",607237,91.6,91.0,,79.5,80.8,,,,,,2017
"Santiago, Héctor",502327,89.2,90.8,85.1,79.4,82.9,74.5,,,,,2017
"Neris, Héctor",593576,94.7,94.5,,88.0,,,87.0,,,,2017
"Iglesias, Raisel",628452,96.3,96.0,,85.3,88.2,66.5,,,,,2017
"Barnes, Jacob",606930,96.8,,90.7,81.6,,,,,,,2017
"Glasnow, Tyler",607192,94.6,93.9,,,87.9,79.9,,,,,2017
"Nicasio, Juan",504379,95.3,95.2,,88.5,87.1,,,,,,2017
"Hahn, Jesse",534910,93.6,93.8,,84.5,85.2,76.0,,,,,2017
"Shaw, Bryan",543766,,94.8,94.4,,,,,,82.5,,2017
"Barnes, Matt",598264,95.2,,,88.0,,80.9,,,,,2017
"Rusin, Chris",543734,91.1,91.3,88.1,83.7,84.5,80.2,,,,,2017
"Hand, Brad",543272,93.5,93.2,,,,77.1,,,81.9,,2017
"Treinen, Blake",595014,97.3,97.2,,89.1,89.2,,,,,,2017
"Minor, Mike",501985,94.7,91.6,,88.5,86.7,82.5,,,,,2017
"Reed, Addison",592665,92.3,,,85.3,86.3,,,,,,2017
"Bell, Chad",518445,92.9,92.9,85.5,80.6,86.4,,,,,,2017
"Ross, Joe",605452,91.9,91.5,,84.9,84.8,,,,,,2017
"Rodón, Carlos",607074,93.3,93.3,,85.1,83.5,,,,,,2017
"McGowan, Dustin",430661,93.8,93.8,,86.7,87.8,,,,,,2017
"Báez, Pedro",520980,97.2,96.8,,88.2,87.8,,,,,,2017
"Bibens-Dirkx, Austin",502212,90.5,90.0,,86.6,84.6,79.7,,,,,2017
"Stripling, Ross",548389,92.9,,,88.7,84.9,80.4,,,,,2017
"Matz, Steven",571927,92.5,93.1,,85.7,83.6,78.2,,,,,2017
"Gaviglio, Sam",543208,88.6,88.7,,83.3,83.9,79.1,,,,,2017
"Brach, Brad",542960,95.0,93.5,93.2,86.0,87.0,,87.4,,,,2017
"Hendriks, Liam",521230,94.9,94.1,,87.3,88.2,79.0,,,,,2017
"Allen, Cody",592102,94.3,,,,,84.2,,,,,2017
"Covey, Dylan",592229,92.6,92.6,91.7,86.4,85.8,78.9,83.8,,,,2017
"Meyer, Alex",543542,96.1,95.3,,85.5,90.0,85.1,,,,,2017
"Barraclough, Kyle",607457,94.8,,,80.1,88.6,,,,,,2017
"Beck, Chris",571476,94.6,94.1,,86.8,88.1,,,,,,2017
"Arroyo, Bronson",276520,84.4,83.4,84.4,72.9,75.7,71.8,,,,,2017
"Kimbrel, Craig",518886,98.3,98.0,,,,87.3,,,,,2017
"Vázquez, Felipe",553878,98.4,98.3,,85.8,88.4,82.1,,,,,2017
"Bradley, Archie",605151,96.3,96.1,,90.4,88.6,82.4,,,,,2017
"Green, Chad",643338,95.8,95.6,90.1,85.9,85.2,,,,,,2017
"Wilson, Justin",458677,95.9,96.1,91.7,84.8,89.9,,,,,,2017
"Sewald, Paul",623149,91.4,91.2,,82.9,82.5,,,,,,2017
"Jeffress, Jeremy",502026,94.8,94.4,,,,80.2,89.4,,,,2017
"Claudio, Alex",592222,85.9,86.7,,77.1,71.1,,,,,,2017
"Díaz, Edwin",621242,97.4,,,88.0,,,,,,,2017
"Duffey, Tyler",608648,92.1,92.3,,,83.8,81.5,,,,,2017
"Edwards Jr., Carl",605218,95.2,91.1,,,,81.4,,,,,2017
"Peralta, Wily",503449,95.9,96.1,,84.2,85.7,78.2,,,,,2017
"Clippard, Tyler",461325,90.9,91.3,,80.7,79.1,,81.6,,,,2017
"Kintzler, Brandon",445213,93.7,93.4,,87.2,88.9,,,,,,2017
"Wojciechowski, Asher",592879,92.5,,,81.1,84.9,,,,,,2017
"Ramos, AJ",573109,92.4,92.4,91.2,80.1,85.4,75.2,,,,,2017
"Hudson, Daniel",543339,95.4,95.4,,86.5,86.0,,,,,,2017
"Buchter, Ryan",488748,92.6,,87.8,,,78.9,,,,,2017
"Betances, Dellin",476454,98.3,,,,,83.6,,,,87.1,2017
"Hembree, Heath",592390,95.3,95.0,,89.1,,80.4,,,,,2017
"Norris, Bud",502032,94.1,94.2,89.9,84.9,87.5,,,,,,2017
"Saupold, Warwick",599683,93.0,92.7,,88.5,86.3,81.7,,,,,2017
"Leone, Dominic",608678,94.5,94.1,88.6,83.4,,,,,,,2017
"Triggs, Andrew",592811,88.6,88.9,,82.5,82.3,75.4,,,,,2017
"McHugh, Collin",543521,90.2,89.0,86.1,,84.8,73.8,,,80.2,,2017
"Greene, Shane",572888,95.7,94.9,88.9,,,79.8,,,82.3,,2017
"Holmberg, David",571787,87.7,86.6,,80.4,81.7,73.1,,,,,2017
"Asher, Alec",594742,89.5,90.7,88.0,81.7,82.7,79.1,,,,,2017
"LeBlanc, Wade",453281,87.2,87.1,84.9,80.4,78.4,72.9,,,,,2017
"Gearrin, Cory",518715,92.7,91.6,,84.8,84.9,,,,,,2017
"Alexander, Scott",518397,93.7,93.1,,85.7,86.0,,,,,,2017
"Smoker, Josh",519294,94.6,93.9,,80.7,,,84.2,,,,2017
"Torres, José",600526,94.7,94.7,,82.7,88.9,,,,,,2017
"Barnes, Danny",592130,92.0,92.1,,83.6,79.5,,,,,,2017
"Parker, Blake",453284,93.5,93.3,,,,79.4,82.3,,,,2017
"Ottavino, Adam",493603,94.4,94.3,91.7,85.3,,,,,81.5,,2017
"Davis, Wade",451584,94.4,93.1,90.5,,,83.3,,,,,2017
"Drake, Oliver",543118,91.9,,,,,,83.3,,,,2017
"Delgado, Randall",517414,94.2,93.4,,85.8,86.8,79.4,,,,,2017
"Weaver, Luke",596133,93.2,93.2,88.5,,84.3,79.6,,,,,2017
"Stratton, Chris",608717,91.7,91.4,91.2,84.1,84.1,77.4,,,,,2017
"Jennings, Dan",543359,91.9,91.9,,83.1,,,,,,,2017
"Barnette, Tony",501817,93.0,92.4,88.7,,,78.6,87.8,,,,2017
"Salas, Fernando",477569,91.1,91.5,,,86.2,83.0,,,,,2017
"Castro, Miguel",612434,95.0,95.4,,84.5,86.2,,,,,,2017
"Oh, Seunghwan",493200,93.0,92.8,86.0,81.7,84.4,75.0,,,,,2017
"Robertson, David",502085,92.0,92.2,91.6,82.3,87.4,82.6,,,,,2017
"Martes, Francis",642564,95.6,92.8,,,89.7,85.0,,,,,2017
"Duensing, Brian",488846,92.2,91.7,,81.4,85.2,72.4,,,,,2017
"Maurer, Brandon",543506,96.5,95.1,,85.3,85.7,,,,,,2017
"Kelly, Joe",523260,99.0,99.0,,89.6,87.5,83.8,,,,,2017
"Casilla, Santiago",433586,94.1,93.8,,89.5,87.7,80.7,,,,,2017
"Eflin, Zach",621107,93.1,92.3,,85.5,86.1,77.4,,,,,2017
"Peralta, Wandy",593974,96.5,96.7,,86.3,86.7,,,,,,2017
"Kahnle, Tommy",592454,97.8,97.3,97.9,86.4,90.3,,,,,,2017
"Ramírez, José",542432,97.0,96.9,,89.2,88.0,,,,,,2017
"Kontos, George",502004,91.0,91.0,87.2,83.9,85.4,79.4,,,,,2017
"Strop, Pedro",467008,95.8,96.2,,84.8,,,89.3,,,,2017
"Hatcher, Chris",501822,94.7,94.4,93.8,86.7,,81.9,87.0,,,,2017
"Loup, Aaron",571901,92.8,92.0,85.3,,79.7,77.2,,,,,2017
"O'Day, Darren",503285,87.8,87.0,,80.2,,75.1,,,,,2017
"Ramos, Edubray",591693,94.3,,,83.2,82.5,78.7,,,,,2017
"Watson, Tony",453265,,93.5,,84.9,86.3,,,,,,2017
"Romero, Enny",544836,97.9,,87.4,88.2,,81.9,,,,,2017
"Rondón, Héctor",444468,96.4,96.4,,85.8,90.4,,,,,,2017
"Jansen, Kenley",445276,,94.8,93.2,83.3,,,,,,,2017
"García, Luis",472610,97.2,97.0,,84.8,,,87.6,,,,2017
"Colomé, Alex",517008,95.2,,89.5,,90.7,,,,,,2017
"Soria, Joakim",465657,92.8,,,81.0,88.0,70.5,,,,,2017
"Herrera, Kelvin",516969,97.2,97.2,,86.5,90.3,,,,,,2017
"Oberg, Scott",623184,96.4,95.6,,88.9,89.8,82.3,,,,,2017
"Sims, Lucas",608371,91.2,92.3,,86.4,83.5,76.7,,,,,2017
"Strickland, Hunter",519326,95.6,95.6,,84.0,89.0,,,,,,2017
"Miller, Andrew",453192,94.0,96.3,,83.8,,,,,,,2017
"Middleton, Keynan",641871,96.9,,,88.5,88.2,,,,,,2017
"Bowman, Matt",621199,91.7,90.9,,86.4,,,80.2,,,,2017
"Cecil, Brett",446399,91.9,90.9,88.7,,83.1,83.4,,,,,2017
"Johnson, Jim",462382,93.1,93.5,,,88.0,79.5,,,,,2017
"McAllister, Zach",502083,95.5,94.7,86.0,,,81.0,,,,,2017
"Lawrence, Casey",596271,91.3,91.2,,81.8,83.5,76.8,,,,,2017
"Mariñez, Jhan",501697,95.3,94.8,,86.4,91.8,,,,,,2017
"Smith, Chris",434672,85.7,85.2,,,76.7,76.7,,,,,2017
"Phelps, David",475479,94.7,93.9,91.0,,86.2,81.6,,,,,2017
"Ross, Tyson",475115,91.4,90.9,,84.6,84.8,,,,,,2017
"Despaigne, Odrisamer",628333,92.4,92.5,85.6,,80.0,75.3,,,,,2017
"Yates, Kirby",489446,93.9,93.4,,86.0,,,86.8,,,,2017
"Tazawa, Junichi",547749,92.8,,,81.7,,76.5,,,,,2017
"Rodney, Fernando",407845,94.9,94.1,,85.3,83.5,,,,,,2017
"Grimm, Justin",518748,94.9,94.4,,87.3,,82.1,,,,,2017
"Gregerson, Luke",502381,89.3,89.6,,81.6,80.2,,,,,,2017
"Albers, Matt",458006,93.4,92.9,,86.8,84.5,77.2,,,,,2017
"Giles, Ken",571704,98.2,,,87.0,85.6,,,,,,2017
"Robles, Hansel",570663,95.0,94.8,,86.0,88.7,,,,,,2017
"Freeman, Sam",518693,95.4,95.1,,,,84.1,86.6,,,,2017
"Vincent, Nick",543883,90.1,90.0,87.3,83.2,84.4,77.5,,,,,2017
"Wilson, Alex",543935,93.0,92.6,,88.1,88.4,81.9,,,,,2017
"Bush, Matt",456713,97.5,97.5,91.6,85.3,90.5,80.0,,,,,2017
"McGee, Jake",459429,94.9,95.2,,79.0,,,,,,,2017
"Neshek, Pat",450212,,90.3,,83.5,67.9,,,,,,2017
"Cole, A.J.",595918,93.2,92.9,,85.2,86.2,79.7,,,,,2017
"Infante, Gregory",500872,95.5,,,86.0,86.2,82.2,,,,,2017
"Warren, Adam",476589,92.8,92.5,92.2,86.3,85.3,80.0,,,,,2017
"Belisle, Matt",279571,90.6,90.3,,85.8,85.0,73.7,,,,,2017
"Blackburn, Paul",621112,90.4,90.2,85.4,83.6,83.4,75.8,,,,,2017
"Osuna, Roberto",532077,94.8,94.4,90.9,86.3,83.5,,,,,,2017
"Ellington, Brian",623395,98.2,98.8,,,89.0,87.5,,,,,2017
"Dyson, Sam",473879,95.4,95.0,89.9,81.4,88.9,,,,,,2017
"Pazos, James",572021,,95.6,,81.7,,,,,,,2017
"Moore, Andrew",621058,91.0,,,81.8,81.5,75.3,,,,,2017
"Butler, Eddie",572750,93.3,93.2,90.7,,87.1,81.3,,,,,2017
"Blevins, Jerry",460283,88.9,88.2,,,82.8,71.0,,,,,2017
"Flexen, Chris",623167,92.6,92.3,86.4,,82.3,76.4,,,,,2017
"Hughes, Jared",453172,93.8,93.4,,86.2,88.8,,,,,,2017
"Storen, Drew",519322,90.5,89.9,,80.1,83.9,79.9,,,,,2017
"Hughes, Phil",461833,90.0,89.4,86.1,,82.4,77.2,,,,,2017
"Coulombe, Danny",543056,91.0,91.2,,86.3,87.4,80.9,,,,,2017
"Romo, Sergio",489265,86.4,85.8,,77.0,80.6,,,,,,2017
"Lyons, Tyler",544928,90.1,90.0,,80.1,85.4,76.7,,,,,2017
"Morgan, Adam",605388,94.3,94.4,,82.7,82.6,77.0,,,,,2017
"Moylan, Peter",493247,,90.4,,78.9,84.4,,,,,,2017
"Farmer, Buck",571656,92.1,90.3,,80.3,84.9,73.6,,,,,2017
"Feliz, Michael",593140,96.3,,,84.7,87.7,,,,,,2017
"Goody, Nick",580792,91.8,,,83.2,,,,,,,2017
"Bleier, Richard",542947,89.0,89.0,86.4,80.5,81.7,,,,,,2017
"García, Jarlín",606424,94.4,93.5,,85.1,87.3,,,,,,2017
"Fields, Josh",451661,95.5,,,,80.8,79.4,,,,,2017
"Pressly, Ryan",519151,96.0,95.0,,89.7,,83.1,,,,,2017
"Farquhar, Danny",543144,93.2,92.8,,,86.7,74.8,,,,,2017
"Holland, Greg",518813,93.4,,,85.8,,76.1,,,,,2017
"Rosenthal, Trevor",572096,98.5,100.5,,86.7,87.6,,,,,,2017
"Dunn, Mike",445197,92.4,92.2,,86.0,,74.5,,,,,2017
"Chafin, Andrew",605177,93.5,93.5,,82.5,85.9,,,,,,2017
"Hunter, Tommy",488984,96.3,96.2,93.9,,,85.3,,,,,2017
"Chapman, Aroldis",547973,100.0,,,87.7,88.7,,,,,,2017
"Rogers, Taylor",573124,93.4,93.3,,,88.4,78.8,,,,,2017
"Milone, Tommy",543548,88.0,87.6,86.9,80.6,81.2,74.8,,,,,2017
"Benoit, Joaquín",276542,94.8,94.7,,87.4,84.5,83.7,,,,,2017
"Leclerc, José",600917,95.9,95.4,87.3,82.8,87.4,78.4,,,,,2017
"Madson, Ryan",425492,95.7,94.7,,92.2,85.4,82.6,,,,,2017
"Shreve, Chasen",592741,92.6,,,84.3,,,83.3,,,,2017
"Feliz, Neftalí",491703,96.3,,,84.1,88.8,,,,,,2017
"Hoyt, James",624586,93.4,93.5,,84.3,88.6,,,,,,2017
"Otero, Dan",519096,90.6,89.9,,81.4,82.4,,,,,,2017
"Nicolino, Justin",592593,90.9,,88.1,,83.5,77.1,,,,,2017
"Vizcaíno, Arodys",527055,97.9,97.7,,85.7,89.1,,,,,,2017
"Anderson, Brett",474463,91.1,90.3,,82.3,83.6,75.3,,,,,2017
"De La Rosa, Jorge",407822,93.5,93.5,87.0,,,75.5,84.4,,,,2017
"Krol, Ian",571871,93.4,93.2,,87.9,85.1,77.7,,,,,2017
"McFarland, T.J.",519008,91.6,91.4,,81.5,84.4,,,,,,2017
"Whitley, Chase",595032,90.1,90.1,,81.7,82.7,76.1,,,,,2017
"Avilán, Luis",501593,92.3,92.8,,,84.0,76.4,,,,,2017
"Hoover, J.J.",543331,92.4,91.8,,84.7,86.5,76.3,,,,,2017
"Minaya, Juan",573668,94.2,94.4,92.5,86.7,88.4,82.6,,,,,2017
"Thompson, Jake",622097,91.0,91.3,,82.9,85.8,,,,,,2017
"Gee, Dillon",518716,91.1,90.8,86.3,,83.6,77.1,,,,,2017
"Smith, Joe",501925,89.3,88.8,,80.7,79.1,,,,,,2017
"Bergman, Christian",548357,,88.5,,85.4,80.5,77.3,,,,,2017
"Grilli, Jason",276351,92.8,92.1,,81.0,85.8,,,,,,2017
"Hernandez, David",456696,93.9,93.4,87.6,,,81.2,,,,,2017
"Doolittle, Sean",448281,94.7,,,81.4,,76.4,85.4,,,,2017
"Jackson, Luke",592426,94.6,95.6,89.9,85.9,85.6,81.5,,,,,2017
"Hader, Josh",623352,,94.3,,80.3,85.3,,,,,,2017
"Díaz, Miguel",622766,95.9,95.7,,82.1,88.2,,,,,,2017
"Abad, Fernando",472551,92.1,90.7,,,77.8,76.8,,,,,2017
"Blanton, Joe",430599,90.2,90.4,,86.1,85.4,79.4,,,,,2017
"Brebbia, John",605154,94.1,93.7,,82.8,87.9,77.5,,,,,2017
"López, Reynaldo",625643,94.7,94.1,,86.9,83.8,78.1,,,,,2017
"Altavilla, Dan",656186,96.8,95.6,,87.8,,,,,,,2017
"Bedrosian, Cam",592135,93.9,,,84.3,,,,,,,2017
"Alvarez, Jose",501625,91.5,91.0,87.1,84.0,81.5,79.2,,,,,2017
"Osich, Josh",592612,95.4,94.9,90.8,78.7,84.3,,,,,,2017
"Bolsinger, Mike",502211,90.0,,88.7,80.9,82.7,79.8,,,,,2017
"Wittgren, Nick",621295,92.6,92.2,,83.2,86.0,,,,,,2017
"Grace, Matt",594840,90.9,90.9,,82.9,86.0,,,,,,2017
"Karns, Nate",501992,93.0,93.1,,,86.0,83.7,,,,,2017
"Bettis, Chad",518452,90.1,90.1,84.5,,85.0,74.7,,,,,2017
"Dull, Ryan",623430,91.3,,,81.8,85.3,,,,,,2017
"Cishek, Steve",518553,89.7,90.4,,77.2,84.6,,,,,,2017
"Cingrani, Tony",571561,94.3,,,83.7,88.5,,,,,,2017
"Albers, Andrew",452027,88.4,87.6,,78.4,79.1,69.3,,,,,2017
"Woodruff, Brandon",605540,94.3,,,85.8,84.7,,,,,,2017
"Pagán, Emilio",641941,93.7,93.5,84.2,,84.7,,,,,,2017
"McCarthy, Kevin",641838,93.2,93.0,,88.3,85.7,,,,,,2017
"Maton, Phil",664208,92.7,,,,83.6,80.4,,,,,2017
"Hart, Donnie",643354,,87.5,,76.4,79.6,,,,,,2017
"Giolito, Lucas",608337,92.4,91.7,,83.9,81.6,78.3,,,,,2017
"Gonzales, Marco",594835,91.7,,,,84.2,79.2,,,,,2017
"Steckenrider, Drew",608716,95.4,95.9,,,89.1,83.1,,,,,2017
"Ziegler, Brad",446899,,83.1,,,75.8,73.5,,,,,2017
"Boyer, Blaine",430641,94.2,94.1,,86.4,,73.4,,,,,2017
"Siegrist, Kevin",543779,92.0,91.9,,,84.5,72.7,,,,,2017
"Uehara, Koji",493157,87.0,86.0,,81.6,,,79.2,,,,2017
"Harris, Will",501789,92.5,,91.6,,,81.4,,,,,2017
"Weaver, Jered",450308,83.8,83.2,,79.2,77.1,71.9,,,,,2017
"Sipp, Tony",448609,91.0,90.0,,82.6,,,77.9,,,,2017
"Holder, Jonathan",656547,92.4,91.7,,87.1,85.7,75.8,,,,,2017
"Bonilla, Lisalverto",570810,92.3,91.6,,,84.4,79.6,,,,,2017
"Mengden, Daniel",596043,92.2,91.7,,84.1,80.8,72.6,,,,,2017
"Strahm, Matt",621381,93.7,,83.6,,84.9,78.0,,,,,2017
"Motte, Jason",435400,93.7,93.1,87.3,,87.6,,,,,,2017
"Ramírez, Neil",519166,93.1,93.2,,84.7,86.9,78.4,,,,,2017
"Brault, Steven",643230,92.0,91.2,,82.8,85.6,74.3,,,,,2017
"Stumpf, Daniel",621385,93.7,93.7,,84.6,86.6,,,,,,2017
"Zych, Tony",543964,94.6,94.4,,80.6,,72.0,,,,,2017
"Law, Derek",571882,93.7,94.0,,80.9,83.0,75.5,,,,,2017
"Turner, Jacob",545363,95.0,95.0,,86.9,88.6,79.9,,,,,2017
"Hildenberger, Trevor",657610,92.6,88.3,,76.7,76.3,,,,,,2017
"Cessa, Luis",570666,95.3,92.7,,85.7,86.5,80.9,,,,,2017
"Montas, Frankie",593423,98.2,97.1,,86.6,88.9,,,,,,2017
"Kela, Keone",605309,96.3,,,,89.8,82.9,,,,,2017
"Sanchez, Aaron",592717,94.9,94.9,,,88.8,79.5,,,,,2017
"Edgin, Josh",572831,91.2,90.8,,85.6,85.3,78.2,,,,,2017
"Workman, Brandon",519443,92.2,,88.2,,,80.9,,,,,2017
"Peña, Félix",570240,94.3,,,80.7,87.7,,,,,,2017
"Crick, Kyle",605195,95.5,95.5,95.5,82.6,88.2,,,,,,2017
"Pérez, Oliver",424144,92.9,92.5,,79.6,,,,,,,2017
"Tuivailala, Sam",592815,95.7,95.4,,87.0,,79.6,,,,,2017
"Morrow, Brandon",453344,97.7,,91.9,88.1,,,,,,,2017
"Castro, Simon",501563,93.6,91.9,,84.4,,,,,,,2017
"Ynoa, Michael",573589,93.2,92.8,,86.8,87.6,79.6,,,,,2017
"Scott, Robby",582494,89.8,87.8,,74.5,84.8,73.9,,,,,2017
"Breslow, Craig",444520,90.3,89.4,,,78.9,78.2,,,,,2017
"Hardy, Blaine",543278,89.8,92.4,85.3,,80.3,77.0,,,,,2017
"Stewart, Brock",592779,93.7,93.0,,86.3,82.9,,,,,,2017
"Smith, Josh A.",595001,91.6,90.4,88.6,84.9,82.4,79.2,,,,,2017
"Pinto, Ricardo",620982,95.6,95.1,,86.1,87.9,,,,,,2017
"Estévez, Carlos",608032,97.0,97.2,,87.0,90.2,,,,,,2017
"Locke, Jeff",502046,90.9,90.7,,,80.5,77.9,,,,,2017
"Britton, Zack",502154,95.8,96.1,,83.4,,,,,,,2017
"Boshers, Buddy",542953,,90.7,,,84.8,78.6,,,,,2017
"Wisler, Matt",605538,92.8,92.5,,81.3,86.5,75.0,,,,,2017
"O'Grady, Chris",622217,87.4,89.0,82.3,,78.6,74.7,,,,,2017
"Suárez, Albert",544150,93.5,93.5,,82.5,85.1,75.9,,,,,2017
"Milner, Hoby",571948,89.0,88.9,,,80.8,,,,76.1,,2017
"Ynoa, Gabriel",593679,94.1,94.2,92.7,84.4,85.9,76.9,,,,,2017
"Diaz, Jumbo",471822,97.0,96.5,,87.1,,,,,,,2017
"Young, Chris",432934,86.9,,,82.0,82.8,,,,,,2017
"Mitchell, Bryan",571951,96.1,95.9,91.6,,,82.9,,,,,2017
"VerHagen, Drew",572403,93.9,93.9,,85.0,87.6,78.6,,,,,2017
"Paulino, David",600944,92.7,,,82.0,82.1,76.0,,,,,2017
"Davis, Rookie",606959,92.4,91.8,86.4,82.6,86.2,79.2,,,,,2017
"Peters, Dillon",596071,91.7,91.4,,,84.3,78.6,,,,,2017
"Shackelford, Kevin",594992,94.4,95.1,,87.7,89.0,,,,,,2017
"Quackenbush, Kevin",534812,90.5,,,83.1,,77.4,,,,,2017
"Bradford, Chasen",607473,91.1,90.4,,83.9,83.9,,,,,,2017
"Busenitz, Alan",641427,95.7,95.8,,,90.2,83.2,,,,,2017
"Melancon, Mark",453343,92.4,,90.8,,,81.5,86.5,,,,2017
"Rzepczynski, Marc",519240,92.1,92.5,,84.5,86.9,,,,,,2017
"Boxberger, Brad",502202,92.4,,,85.4,80.6,79.9,,,,,2017
"Valdez, César",491624,88.9,88.0,,81.6,82.3,,,,,,2017
"Scherzer, Max",453286,94.4,,88.7,85.2,83.9,78.4,,,,,2018
"Verlander, Justin",434378,95.0,,91.5,86.5,87.4,79.6,,,,,2018
"Keuchel, Dallas",572971,89.7,89.1,86.4,78.7,79.6,,,,,,2018
"Clevinger, Mike",605182,93.6,,,,87.6,75.4,,,79.5,,2018
"Cole, Gerrit",543037,96.5,96.3,,88.7,87.7,82.5,,,,,2018
"Freeland, Kyle",607536,91.8,90.6,85.7,,85.6,80.0,,,,,2018
"Gibson, Kyle",502043,93.1,92.9,,85.4,85.6,80.7,,,,,2018
"Nola, Aaron",605400,92.7,91.4,,,84.8,78.0,,,,,2018
"deGrom, Jacob",594798,96.0,95.5,,91.1,89.0,82.7,,,,,2018
"Shields, James",448306,89.5,89.0,86.4,,83.4,78.2,,,,,2018
"Severino, Luis",622663,97.6,,,88.1,88.1,,,,,,2018
"Corbin, Patrick",571578,90.8,90.8,,81.7,81.0,72.5,,,,,2018
"Greinke, Zack",425844,89.5,90.0,,83.4,86.5,71.2,,,,,2018
"Márquez, Germán",608566,95.4,94.1,,85.5,85.7,82.0,,,,,2018
"Lester, Jon",452657,91.0,90.2,88.1,,84.9,74.8,,,,,2018
"Porcello, Rick",519144,91.3,89.8,,86.0,81.4,74.8,,,,,2018
"López, Reynaldo",625643,95.5,93.5,,83.9,83.6,75.9,,,,,2018
"Kluber, Corey",446372,92.0,92.0,88.5,,85.2,83.8,,,,,2018
"Hamels, Cole",430935,92.4,91.4,87.5,85.0,83.4,78.8,,,,,2018
"Happ, J.A.",457918,92.3,90.4,,85.3,86.0,75.9,,,,,2018
"Hendricks, Kyle",543294,87.3,86.6,,,78.6,71.8,,,,,2018
"Foltynewicz, Mike",592314,96.3,96.5,,86.7,87.8,80.0,,,,,2018
"Gonzalez, Gio",461829,90.1,89.3,,,82.7,75.7,,,,,2018
"Chacín, Jhoulys",468504,89.9,90.2,,79.3,82.7,73.3,86.1,,,,2018
"Godley, Zack",643327,89.2,89.9,88.9,,81.1,81.4,,,,,2018
"Giolito, Lucas",608337,92.4,92.4,,83.9,81.7,78.6,,,,,2018
"Mikolas, Miles",571945,94.1,93.5,,88.0,88.4,78.5,,,,,2018
"Gausman, Kevin",592332,93.6,,,81.4,82.0,,82.7,,,,2018
"Berríos, José",621244,93.4,92.8,,,83.7,72.2,,,,81.7,2018
"Odorizzi, Jake",543606,91.1,,86.4,83.3,,72.6,84.2,,,,2018
"Roark, Tanner",543699,91.5,91.4,89.3,85.0,83.4,74.7,,,,,2018
"Taillon, Jameson",592791,95.2,95.2,,89.8,87.9,82.2,,,,,2018
"Lynn, Lance",458681,93.7,92.3,87.4,,85.3,80.0,,,,,2018
"Newcomb, Sean",656794,93.0,,,80.5,86.3,76.8,,,,,2018
"Snell, Blake",605483,95.8,,,88.0,87.5,81.3,,,,,2018
"Holland, Derek",502706,,91.5,,80.9,82.9,78.4,,,,,2018
"Quintana, Jose",500779,91.5,91.5,,,86.3,76.1,,,,76.3,2018
"Wheeler, Zack",554430,95.8,96.1,90.9,,88.1,79.3,89.7,,,,2018
"Carrasco, Carlos",471911,93.7,93.0,,83.9,88.0,81.6,,,,,2018
"Boyd, Matthew",571510,90.5,90.1,,80.5,78.6,72.1,,,,,2018
"Bauer, Trevor",545333,94.5,94.4,86.7,83.1,87.0,79.1,,,81.9,,2018
"Anderson, Tyler",542881,91.9,91.1,87.6,,81.2,73.7,,,,,2018
"Junis, Jakob",596001,91.3,90.6,,82.2,84.7,79.1,,,,,2018
"Bundy, Dylan",605164,91.6,91.5,,81.4,83.7,74.5,,,,,2018
"Pivetta, Nick",601713,94.8,94.7,,84.9,87.1,80.0,,,,,2018
"Teheran, Julio",527054,89.9,89.4,,80.2,82.6,72.5,,,,,2018
"Leake, Mike",502190,89.1,88.8,87.3,80.2,83.7,78.4,,,,,2018
"Gray, Jon",592351,94.7,95.0,,87.8,86.3,79.6,,,,,2018
"Duffy, Danny",518633,93.0,93.3,,83.3,83.6,76.2,,,,,2018
"Castillo, Luis",622491,95.8,95.6,,83.6,86.2,,,,,,2018
"Ureña, José",570632,95.6,95.8,,86.4,89.9,84.8,,,,,2018
"Arrieta, Jake",453562,92.4,93.0,,89.4,88.0,80.7,,,,,2018
"Heaney, Andrew",571760,,91.9,,,83.3,78.6,,,,,2018
"Williams, Trevor",592866,91.1,88.6,,81.4,83.2,75.5,,,,,2018
"Price, David",456034,92.7,92.7,88.6,,85.3,79.1,,,,,2018
"Matz, Steven",571927,93.6,93.4,,88.2,84.1,78.5,,,,,2018
"Morton, Charlie",450203,96.1,95.1,88.3,,,79.7,87.3,,,,2018
"Fiers, Mike",571666,89.4,89.2,,85.2,83.3,72.4,,,,,2018
"Cashner, Andrew",488768,93.0,91.9,,85.7,83.7,81.0,,,,,2018
"Anderson, Chase",502624,92.5,91.9,88.6,,82.1,76.7,,,,,2018
"Paxton, James",572020,95.4,,89.0,,86.5,81.1,,,,,2018
"Flaherty, Jack",656427,93.2,91.1,,83.6,85.3,77.2,,,,,2018
"Gonzales, Marco",594835,90.1,,87.1,,83.6,78.1,,,,,2018
"Hernández, Félix",433587,89.6,89.2,85.2,82.5,84.9,78.9,,,,,2018
"Minor, Mike",501985,92.8,92.7,,87.3,85.8,80.5,,,,,2018
"Harvey, Matt",518774,93.8,94.2,,88.5,87.1,82.9,,,,,2018
"Nova, Iván",467100,93.0,92.7,,,86.5,80.6,,,,,2018
"Sale, Chris",519242,95.2,93.2,,79.7,87.0,,,,,,2018
"Sabathia, CC",282332,90.2,90.1,89.1,80.0,83.4,,,,,,2018
"Archer, Chris",502042,94.6,94.8,,87.9,87.6,81.9,,,,,2018
"Ross, Tyson",475115,90.8,91.0,89.4,84.6,86.6,,,,,,2018
"Estrada, Marco",462136,88.5,,84.9,,76.8,76.6,,,,,2018
"Suárez, Andrew",605498,92.2,92.0,,88.5,85.9,76.8,,,,,2018
"Velasquez, Vince",592826,94.0,92.5,,84.9,87.8,81.4,,,,,2018
"Stratton, Chris",608717,91.1,90.7,91.0,83.5,84.0,77.7,,,,,2018
"LeBlanc, Wade",453281,86.2,86.3,83.4,77.7,77.7,72.5,,,,,2018
"Wood, Alex",622072,90.4,89.9,,,83.7,82.4,,,,,2018
"Cobb, Alex",502171,92.5,91.9,,,,81.6,86.5,,,,2018
"Syndergaard, Noah",592789,97.6,97.3,,92.0,90.3,83.1,,,,,2018
"Tanaka, Masahiro",547888,91.8,90.6,89.0,83.4,,76.9,86.8,,,,2018
"Yarbrough, Ryan",642232,89.3,88.4,87.0,,81.2,,,,76.6,,2018
"Romano, Sal",607219,93.9,94.1,,86.8,87.7,82.5,,,,,2018
"Weaver, Luke",596133,93.7,92.1,87.0,,85.4,80.8,,,,,2018
"Richard, Clayton",453385,90.3,90.0,,80.8,84.3,,,,,,2018
"Kershaw, Clayton",477132,90.8,91.1,,88.1,84.8,72.9,,,,,2018
"Manaea, Sean",640455,,90.4,,78.1,82.4,75.9,,,,,2018
"Rodriguez, Eduardo",593958,93.3,93.2,88.6,83.6,87.4,,,,,,2018
"Guerra, Junior",448855,93.1,93.4,,83.8,,82.2,86.6,,,,2018
"Ray, Robbie",592662,93.6,93.8,,84.5,,82.6,,,,,2018
"Liriano, Francisco",434538,91.9,92.0,,84.5,85.4,77.0,,,,,2018
"Gray, Sonny",543243,93.3,93.0,89.2,84.6,88.5,82.0,,,85.0,,2018
"Keller, Brad",641745,94.3,93.1,,85.6,88.5,,,,,,2018
"Richards, Trevor",670950,90.7,,84.5,80.5,82.9,,,,,,2018
"Colon, Bartolo",112526,89.3,86.9,85.5,80.5,80.8,,,,,,2018
"Chen, Wei-Yin",612672,91.1,90.6,,84.9,83.0,73.3,,,,,2018
"Barria, Jaime",642545,91.3,90.9,,81.8,82.6,,,,,,2018
"Strasburg, Stephen",544931,94.6,93.9,,87.6,88.0,81.6,,,,,2018
"Skaggs, Tyler",572140,91.5,90.8,,,84.2,74.7,,,,,2018
"Fulmer, Michael",605242,95.9,95.7,89.6,85.7,88.0,,,,,,2018
"Straily, Dan",573185,90.4,90.3,,83.7,83.5,75.0,,,,,2018
"Sánchez, Aníbal",434671,90.4,91.1,88.1,83.3,71.0,77.9,83.9,,,,2018
"McCullers Jr., Lance",621121,93.8,94.2,,,87.3,85.8,,,,,2018
"Hill, Rich",448179,89.4,86.8,84.3,78.7,83.9,74.6,,,72.3,,2018
"Buehler, Walker",621111,96.2,96.1,92.3,87.1,90.1,80.2,,,,,2018
"Zimmermann, Jordan",519455,91.2,90.8,,86.7,86.6,80.4,,,,,2018
"Hammel, Jason",434628,91.9,91.7,,85.1,84.7,77.0,,,,,2018
"Mahle, Tyler",641816,92.4,,,83.3,83.4,76.2,,,,,2018
"Lucchesi, Joey",664192,89.8,90.4,,,,79.2,,,,,2018
"Kennedy, Ian",453178,91.9,91.6,87.7,87.1,85.0,78.2,,,,,2018
"Covey, Dylan",592229,94.6,94.1,91.1,86.8,83.7,81.2,85.6,,,,2018
"Bumgarner, Madison",518516,90.8,90.6,85.5,,83.5,77.4,,,,,2018
"Eflin, Zach",621107,94.6,93.0,,85.9,86.6,77.6,,,,,2018
"Gaviglio, Sam",543208,,88.0,,83.0,82.8,77.9,,,,,2018
"Martinez, Carlos",593372,95.1,92.6,90.6,83.5,86.8,78.7,,,,,2018
"Rodón, Carlos",607074,92.9,93.3,,85.4,85.1,,,,,,2018
"Maeda, Kenta",628317,91.9,91.2,91.4,84.1,,77.3,84.4,,,,2018
"Santiago, Héctor",502327,90.8,89.0,,83.5,82.4,74.7,,,,,2018
"Chatwood, Tyler",543022,93.4,92.7,88.8,,86.4,78.2,,,,,2018
"Montgomery, Mike",543557,91.3,91.5,87.5,,83.1,77.2,,,,,2018
"Stripling, Ross",548389,91.8,,89.6,87.0,84.4,80.4,,,,,2018
"Bettis, Chad",518452,90.4,91.3,86.1,,86.0,75.6,,,,,2018
"Lauer, Eric",641778,91.2,,88.0,82.1,84.7,74.6,,,,,2018
"Blach, Ty",621389,,90.0,,78.8,79.8,75.7,,,,,2018
"Gant, John",607231,93.2,93.2,,83.4,81.5,76.1,,,,,2018
"Rodríguez, Dereck",605446,91.6,90.8,86.0,,84.3,75.4,,,,,2018
"Glasnow, Tyler",607192,96.5,,,85.2,91.7,82.1,,,,,2018
"Bieber, Shane",669456,93.0,,,83.7,87.8,80.0,,,,,2018
"Sanchez, Aaron",592717,93.7,93.7,,,88.4,79.0,,,,,2018
"Moore, Matt",519043,92.3,,89.8,,83.5,80.5,,,,,2018
"Bailey, Homer",456701,93.0,93.1,,87.4,86.2,79.3,85.8,,,,2018
"Cahill, Trevor",502239,92.2,91.7,87.8,,83.9,80.3,,,,,2018
"DeSclafani, Anthony",543101,93.5,93.6,,86.8,88.4,80.4,,,,,2018
"Eovaldi, Nathan",543135,97.2,,92.7,86.9,,79.2,88.2,,,,2018
"Mengden, Daniel",596043,92.3,91.6,86.8,82.9,82.1,72.2,,,,,2018
"Hess, David",605276,91.9,93.0,,80.0,83.6,72.2,,,,,2018
"Johnson, Brian",598271,88.5,88.9,,78.4,81.5,74.7,,,,,2018
"Stroman, Marcus",573186,92.7,92.3,90.7,88.2,82.7,72.4,,,,85.2,2018
"Gallardo, Yovani",451596,91.5,91.6,,89.0,85.9,79.5,,,,,2018
"Brault, Steven",643230,92.7,92.0,87.0,81.8,85.2,77.5,,,,,2018
"Suter, Brent",608718,86.6,86.4,,78.6,80.2,74.0,,,,,2018
"Musgrove, Joe",605397,93.5,92.0,89.4,84.0,85.4,82.3,,,,,2018
"Lugo, Seth",607625,94.3,93.3,,87.8,87.0,79.9,,,,,2018
"Borucki, Ryan",621366,,91.5,,82.2,83.3,77.1,,,,,2018
"Erlin, Robbie",572362,90.4,90.2,,87.2,84.3,76.4,,,,,2018
"Wright Jr., Mike",605541,93.7,92.1,,89.4,82.6,78.0,,,,,2018
"Vargas, Jason",450306,86.5,86.3,,,80.6,73.5,,,,,2018
"Senzatela, Antonio",622608,93.6,,,83.0,86.6,78.2,,,,,2018
"Jackson, Edwin",429719,93.3,92.9,91.2,86.2,87.2,78.7,,,,,2018
"Chavez, Jesse",445926,92.7,93.1,91.4,85.1,86.7,77.3,,,,,2018
"Germán, Domingo",593334,94.5,94.7,,,87.4,81.9,,,,,2018
"Castro, Miguel",612434,96.4,95.4,,84.3,87.6,,,,,,2018
"Pomeranz, Drew",519141,89.5,88.4,85.6,,82.2,78.1,,,,,2018
"Kuhl, Chad",641771,95.3,95.3,,88.1,89.7,82.4,,,,,2018
"Smith, Burch",572143,93.2,90.1,,,81.5,78.0,,,,,2018
"Buchholz, Clay",453329,90.2,90.0,85.8,,77.3,75.8,,,,,2018
"Wacha, Michael",608379,93.6,,89.4,,86.0,75.8,,,,,2018
"Peña, Félix",570240,92.7,92.3,,81.9,85.2,,,,,,2018
"Pérez, Martín",527048,92.8,92.6,,83.7,84.1,78.0,,,,,2018
"Lyles, Jordan",543475,93.8,93.1,,89.0,85.9,83.5,,,,,2018
"Smith, Caleb",592761,92.7,93.0,,81.6,83.9,74.8,,,,,2018
"Velázquez, Hector",584171,91.5,90.2,,84.0,85.4,76.6,,,,,2018
"Peralta, Freddy",642547,90.7,,,,86.0,76.4,,,,,2018
"García, Jaime",448802,89.2,89.2,,81.0,81.5,72.2,,,,,2018
"Hellickson, Jeremy",476451,89.6,89.9,87.0,,81.2,76.5,,,,,2018
"Ramirez, Noé",598287,90.0,,,,84.4,77.7,,,,,2018
"Hardy, Blaine",543278,87.8,88.8,83.5,,79.6,75.3,,,,,2018
"Andriese, Matt",542882,92.2,,,86.6,86.1,80.8,,,,,2018
"Fillmyer, Heath",641571,92.5,91.9,,84.1,85.4,79.4,,,,,2018
"Richards, Garrett",572070,95.8,95.9,,89.2,90.9,81.0,,,,,2018
"Hader, Josh",623352,,94.5,,81.9,85.2,,,,,,2018
"Chirinos, Yonny",630023,94.1,93.6,,87.6,,,85.3,,,,2018
"Petit, Yusmeiro",433589,89.3,88.6,85.3,,81.9,76.6,,,,,2018
"Kingham, Nick",592468,92.3,92.1,88.2,83.6,84.5,79.5,,,,,2018
"Koch, Matt",571863,91.3,,89.6,,85.3,79.8,,,,,2018
"Lorenzen, Michael",547179,95.4,95.0,90.9,86.6,87.4,81.7,,,,,2018
"Miley, Wade",489119,91.2,90.1,87.6,81.9,82.4,75.6,,,,,2018
"Gsellman, Robert",607229,93.8,94.1,,89.7,86.6,81.8,,,,,2018
"Hicks, Jordan",663855,101.0,100.5,,86.2,,,,,,,2018
"Ottavino, Adam",493603,94.1,93.8,87.1,,86.6,,,,81.4,,2018
"Plutko, Adam",592644,91.0,,,81.8,84.4,75.4,,,,,2018
"Farmer, Buck",571656,94.4,,,80.8,86.8,,,,,,2018
"Green, Chad",643338,96.1,,,87.1,,,88.1,,,,2018
"Flynn, Brian",543169,92.2,91.6,,85.5,83.6,,,,,,2018
"Givens, Mychal",571710,95.1,95.2,,86.3,86.0,,,,,,2018
"Ryu, Hyun Jin",547943,90.3,89.6,87.2,78.8,81.1,73.6,,,,,2018
"Bradley, Archie",605151,95.6,95.6,,88.3,,81.1,,,,,2018
"Gomber, Austin",596295,92.5,,,88.7,83.9,77.9,,,,,2018
"Ramírez, Yefry",606162,92.6,92.0,,87.4,86.0,83.8,,,,,2018
"Biagini, Joe",607352,93.7,94.3,89.1,,86.4,78.1,,,,,2018
"McCarthy, Brandon",435221,91.9,92.5,91.4,85.4,,80.2,,,,,2018
"Jeffress, Jeremy",502026,95.5,95.1,,,,81.2,90.6,,,,2018
"McHugh, Collin",543521,92.1,91.7,87.7,,87.5,75.8,,,79.6,,2018
"Vázquez, Felipe",553878,98.0,97.7,,87.0,88.4,81.8,,,,,2018
"Anderson, Brett",474463,91.0,89.9,,82.0,83.5,75.7,,,,,2018
"Familia, Jeurys",544727,96.5,96.0,,87.9,,,91.7,,,,2018
"Robertson, David",502085,93.6,93.7,92.2,84.8,88.2,84.1,,,,,2018
"Tropeano, Nick",607374,90.6,89.9,,79.7,82.3,,82.4,,,,2018
"Kelly, Joe",523260,98.1,97.6,,88.0,87.7,84.3,,,,,2018
"Hand, Brad",543272,93.8,93.3,,,,,,,82.0,,2018
"Díaz, Edwin",621242,97.3,96.9,,89.1,92.7,,,,,,2018
"Mitchell, Bryan",571951,94.0,94.7,90.0,,87.7,79.8,,,,,2018
"Rodney, Fernando",407845,94.7,93.8,,86.5,82.8,,,,,,2018
"Oh, Seunghwan",493200,91.6,90.5,84.1,78.3,83.7,74.0,,,,,2018
"Brach, Brad",542960,94.0,92.4,,84.6,85.9,,,,,,2018
"Cishek, Steve",518553,90.3,90.3,,77.5,84.4,,,,,,2018
"Peacock, Brad",502748,93.0,92.4,,,83.3,78.6,,,82.1,,2018
"Treinen, Blake",595014,97.5,97.3,94.0,89.2,84.1,,,,,,2018
"Jiménez, Joe",641729,95.5,,,85.4,89.1,,,,,,2018
"Clippard, Tyler",461325,90.9,,,83.1,78.5,74.9,82.4,,,,2018
"Steckenrider, Drew",608716,94.6,,,87.9,88.9,82.5,,,,,2018
"Parker, Blake",453284,92.1,,89.4,,,77.6,80.4,,,,2018
"Iglesias, Raisel",628452,95.4,95.1,,84.9,87.6,,,,,,2018
"Jansen, Kenley",445276,,93.7,92.1,82.7,,,,,,,2018
"Tomlin, Josh",458708,87.9,87.3,85.8,,83.1,75.1,,,,,2018
"Betances, Dellin",476454,97.7,,,,90.1,84.2,,,,86.9,2018
"Allen, Cody",592102,93.6,,,,,83.5,,,,,2018
"Hughes, Jared",453172,92.8,91.6,,85.7,87.4,,,,,,2018
"Rodríguez, Richard",593144,92.9,,,80.9,85.6,,,,,,2018
"Romo, Sergio",489265,86.4,86.1,,76.9,80.4,,,,,,2018
"Davies, Zach",605200,,89.8,87.5,82.1,80.4,75.5,,,,,2018
"Trivino, Lou",642152,97.4,97.7,92.4,,88.2,80.9,,,,,2018
"Stammen, Craig",489334,90.2,91.6,86.8,,,80.8,,,,,2018
"Guerrero, Tayron",594027,98.8,98.7,,86.0,93.6,,,,,,2018
"Hildenberger, Trevor",657610,92.5,89.0,,78.4,78.1,,,,,,2018
"Faria, Jake",607188,91.5,,,83.0,,75.3,81.0,,,,2018
"Fister, Doug",450729,87.5,88.4,84.8,,82.1,73.0,,,,,2018
"Hernández, Elieser",622694,90.6,,,80.3,82.8,,,,,,2018
"Kimbrel, Craig",518886,97.1,,,,91.3,86.6,,,,,2018
"Barnes, Matt",598264,96.6,,,,89.9,84.5,89.3,,,,2018
"Davis, Wade",451584,93.8,92.2,89.7,,87.2,83.3,,,,,2018
"Hembree, Heath",592390,94.5,,,88.8,87.6,81.9,,,,,2018
"Moronta, Reyes",606625,96.8,96.3,,82.4,87.1,,,,,,2018
"Hirano, Yoshihisa",673633,91.4,,,82.5,,,83.3,,,,2018
"Pressly, Ryan",519151,95.9,94.4,,89.8,,83.0,,,,,2018
"Skoglund, Eric",607215,91.3,91.3,,,85.5,81.1,,,,,2018
"Colomé, Alex",517008,95.1,,90.4,,,,,,,,2018
"Stanek, Ryne",592773,97.9,,,89.0,,,88.2,,,,2018
"Greene, Shane",572888,95.3,94.2,88.3,,,,,,81.2,,2018
"Jennings, Dan",543359,91.1,91.0,,82.2,69.5,,,,,,2018
"McFarland, T.J.",519008,90.1,90.6,,80.1,83.3,,,,,,2018
"Ziegler, Brad",446899,86.0,84.3,,,76.4,73.8,,,,,2018
"Claudio, Alex",592222,,86.0,,75.7,70.9,,,,,,2018
"Sewald, Paul",623149,90.3,89.6,,81.3,83.0,,,,,,2018
"Anderson, Justin",605121,97.2,97.2,,85.6,,73.6,,,,,2018
"Soria, Joakim",465657,92.3,91.7,,78.6,86.8,70.0,,,,,2018
"Crick, Kyle",605195,95.8,96.2,,81.5,88.5,,,,,,2018
"Pagán, Emilio",641941,93.8,93.1,85.0,,87.0,,,,,,2018
"Tepera, Ryan",572193,94.8,95.0,89.0,81.1,89.2,,,,,,2018
"Alvarado, José",621237,96.4,97.3,88.9,,,84.8,,,,,2018
"Bedrosian, Cam",592135,93.1,,,83.0,,,,,,,2018
"Wilson, Justin",458677,94.7,,91.1,83.6,,,,,,,2018
"Oswalt, Corey",621261,90.7,89.8,,86.4,83.7,80.4,,,,,2018
"Holder, Jonathan",656547,92.7,,85.1,80.8,85.4,76.0,,,,,2018
"Winkler, Dan",595465,93.2,93.1,90.2,,90.2,82.3,,,,,2018
"Alvarez, Jose",501625,91.7,91.3,87.3,83.7,81.3,80.9,,,,,2018
"Minter, A.J.",621345,96.6,,91.6,,86.2,,,,,,2018
"García, Jarlín",606424,92.1,,,85.1,85.7,79.3,,,,,2018
"Pruitt, Austin",643493,91.8,92.0,,87.9,85.7,83.0,,,,,2018
"Shaw, Bryan",543766,,94.2,93.5,,83.5,81.3,,,83.2,,2018
"Johnson, Jim",462382,92.3,92.9,,,87.8,79.1,,,,,2018
"Biddle, Jesse",592145,94.5,94.2,,87.3,,76.9,,,,,2018
"Diekman, Jake",518617,95.1,94.6,,82.8,,,,,,,2018
"Barraclough, Kyle",607457,93.6,,,78.9,86.8,,,,,,2018
"Yates, Kirby",489446,93.9,,,86.8,,,87.3,,,,2018
"McCarthy, Kevin",641838,91.6,91.7,,87.3,84.4,82.5,,,,,2018
"Magill, Matt",543483,94.7,94.2,,86.1,87.9,84.6,,,,,2018
"Shreve, Chasen",592741,92.1,,,85.6,,,84.3,,,,2018
"Garrett, Amir",607237,95.0,95.0,,83.6,84.5,,,,,,2018
"Strahm, Matt",621381,93.4,,87.1,,86.0,78.0,,,,,2018
"De La Rosa, Jorge",407822,92.3,,85.9,,,75.2,83.6,,,,2018
"Montas, Frankie",593423,96.4,95.5,,86.1,87.4,,,,,,2018
"Knebel, Corey",608349,96.9,,,,,81.6,,,,,2018
"Warren, Adam",476589,91.8,92.8,,85.2,84.7,79.8,,,,,2018
"Floro, Dylan",571670,93.8,93.1,,86.9,85.8,,,,,,2018
"Dyson, Sam",473879,93.4,93.5,88.9,82.2,86.7,,,,,,2018
"Rondón, Héctor",444468,97.2,97.0,,86.7,91.5,,,,,,2018
"Kintzler, Brandon",445213,92.7,92.6,,86.8,87.9,,,,,,2018
"Boxberger, Brad",502202,91.3,,,85.8,79.6,,,,,,2018
"Hernandez, David",456696,93.4,92.9,85.7,,87.3,80.8,,,,,2018
"Robles, Hansel",570663,95.9,95.6,,88.0,89.9,,,,,,2018
"Norris, Bud",502032,94.4,94.6,89.7,84.1,88.3,,,,,,2018
"Alexander, Scott",518397,92.5,93.3,,85.3,86.7,,,,,,2018
"Romero, Fernando",622864,95.5,95.3,,86.7,90.1,,,,,,2018
"Watson, Tony",453265,,92.5,,84.0,85.5,,,,,,2018
"Scott, Tanner",656945,97.0,,,88.7,,,,,,,2018
"Hunter, Tommy",488984,96.2,95.7,93.3,,,84.4,,,,,2018
"López, Pablo",641154,92.6,92.0,,,85.3,78.5,,,,,2018
"Carle, Shane",641438,94.8,94.8,,86.9,87.3,80.5,,,,,2018
"Edwards Jr., Carl",605218,94.5,92.3,,,89.5,80.2,,,,,2018
"Rogers, Taylor",573124,92.9,93.5,,83.7,88.6,78.4,,,,,2018
"Gearrin, Cory",518715,91.9,91.7,,84.0,85.3,,,,,,2018
"Cimber, Adam",643256,87.2,86.1,,78.5,,,,,,,2018
"Fedde, Erick",607200,93.3,93.7,88.1,81.4,87.5,76.9,,,,,2018
"Wilson, Alex",543935,92.3,92.0,,86.5,88.4,81.2,,,,,2018
"Williams, Taylor",592865,95.6,93.9,,85.6,89.2,,,,,,2018
"Báez, Pedro",520980,96.1,95.7,,88.0,86.7,,,,,,2018
"Arano, Víctor",644364,93.9,93.2,,84.6,87.4,,,,,,2018
"Feliz, Michael",593140,94.8,94.1,,83.3,88.0,,,,,,2018
"Leclerc, José",600917,95.3,95.2,,81.2,87.8,77.0,,,,,2018
"Domínguez, Seranthony",622554,98.0,98.1,,88.9,91.1,,,,,,2018
"Santana, Edgar",650828,94.8,94.6,,86.8,88.5,,,,,,2018
"Chapman, Aroldis",547973,98.7,100.9,,86.2,91.0,,,,,,2018
"Rodriguez, Jefry",622446,95.4,95.1,,,89.2,80.9,,,,,2018
"Axford, John",446099,95.7,95.4,,91.7,,79.7,,,,,2018
"Duke, Zach",435043,87.1,88.5,,78.3,83.2,73.3,,,,,2018
"VerHagen, Drew",572403,94.4,94.0,,86.0,89.6,79.6,,,,,2018
"Minaya, Juan",573668,95.0,,,86.4,89.7,85.3,,,,,2018
"Oberg, Scott",623184,95.4,94.1,,86.7,88.6,76.3,,,,,2018
"Mayers, Mike",594577,96.1,94.6,,86.8,89.4,79.9,,,,,2018
"Otero, Dan",519096,90.0,89.9,,81.5,82.6,,,,,,2018
"Castillo, Diego",650895,98.8,97.3,,88.9,,,,,,,2018
"Fry, Jace",605240,93.6,92.4,88.3,,84.9,77.0,,,,,2018
"Reed, Addison",592665,90.8,89.9,,83.9,,,,,,,2018
"Harris, Will",501789,92.4,,92.0,,,82.5,,,,,2018
"Freeman, Sam",518693,95.2,95.0,,,,83.1,86.0,,,,2018
"Miller, Justin",502522,93.9,94.3,,86.1,89.5,,,,,,2018
"López, Jorge",605347,93.9,93.5,,87.3,87.7,81.1,,,,,2018
"Beeks, Jalen",656222,91.8,93.0,87.3,,86.8,76.8,,,,,2018
"Chafin, Andrew",605177,93.5,93.4,,82.9,85.8,,,,,,2018
"Jurado, Ariel",642558,92.3,91.6,,84.8,84.3,78.4,,,,,2018
"Rusin, Chris",543734,90.8,90.0,87.6,83.1,83.8,80.5,,,,,2018
"Cole, A.J.",595918,94.0,92.4,,84.4,86.5,79.5,,,,,2018
"Strop, Pedro",467008,95.0,95.1,88.6,83.8,,,89.9,,,,2018
"Peralta, Wandy",593974,95.7,95.3,,86.6,87.3,,,,,,2018
"Kela, Keone",605309,96.8,95.5,,,91.0,83.1,,,,,2018
"Bradford, Chasen",607473,91.1,90.4,,84.7,84.1,,,,,,2018
"McGee, Jake",459429,93.7,,,79.4,,,,,,,2018
"Ohtani, Shohei",660271,96.7,,,,,73.9,87.3,,81.5,,2018
"Morgan, Adam",605388,94.1,93.7,,81.0,83.3,78.2,,,,,2018
"Grace, Matt",594840,,91.2,,82.6,85.8,,,,,,2018
"Butler, Eddie",572750,93.6,93.5,89.5,,88.4,84.0,,,,,2018
"Font, Wilmer",521655,94.6,92.6,,82.2,,75.2,84.7,,,,2018
"Barnes, Jacob",606930,95.3,,90.2,85.0,,,,,,,2018
"Coleman, Louis",488786,89.6,87.8,,82.9,84.5,73.6,,,,,2018
"Maton, Phil",664208,91.0,,85.6,,,78.2,,,,,2018
"Brebbia, John",605154,94.6,93.5,,82.8,88.6,,,,,,2018
"Madson, Ryan",425492,95.9,95.5,93.5,,84.8,83.0,,,,,2018
"Volstad, Chris",458690,91.3,91.8,,86.6,83.6,81.2,,,,,2018
"Elías, Roenis",606273,94.3,93.9,,,86.7,77.7,,,,,2018
"Ferguson, Caleb",657571,93.8,,81.9,,85.0,75.6,,,,,2018
"Vincent, Nick",543883,89.3,89.4,87.4,80.7,83.4,,,,,,2018
"Perdomo, Luis",606131,93.3,93.3,,85.6,,,87.2,,,,2018
"Avilán, Luis",501593,90.4,90.5,,,81.9,70.9,,,,,2018
"Wright, Steven",453214,85.1,82.5,,,,67.3,,75.9,,,2018
"Johnson, Pierce",572955,93.6,,89.5,,,81.3,,,,,2018
"Norris, Daniel",596057,90.2,90.3,,83.1,84.5,76.1,,,,,2018
"Holland, Greg",518813,92.9,,,86.2,86.6,78.3,,,,,2018
"Smith, Will",519293,92.6,87.1,,81.1,,77.3,,,,,2018
"Bassitt, Chris",605135,92.4,91.8,86.5,,82.9,70.9,,,,,2018
"Pazos, James",572021,,93.7,,78.9,,,,,,,2018
"Samardzija, Jeff",502188,91.6,92.2,89.9,86.2,,76.6,82.4,,,,2018
"Neris, Héctor",593576,94.6,94.3,,87.7,,,86.0,,,,2018
"Cueto, Johnny",456501,89.8,89.1,,82.8,81.7,79.3,,,,,2018
"Strickland, Hunter",519326,95.0,93.8,,82.6,87.8,,,,,,2018
"Petricka, Jake",502593,94.5,94.8,,85.6,88.3,,,,,,2018
"Barnes, Danny",592130,91.7,92.1,,82.1,79.6,,,,,,2018
"Suero, Wander",593833,92.1,,91.8,,88.3,79.3,,,,,2018
"Drake, Oliver",543118,92.5,,,,,79.4,83.9,,,,2018
"Blevins, Jerry",460283,88.7,,,,83.1,72.1,,,,,2018
"Bibens-Dirkx, Austin",502212,89.4,89.1,,85.2,82.9,80.2,,,,,2018
"Devenski, Chris",606965,94.2,,,82.0,83.0,,,,,,2018
"Conley, Adam",543045,95.2,,,88.1,85.8,,,,,,2018
"McAllister, Zach",502083,95.1,95.3,,,88.4,81.6,,,,,2018
"Roe, Chaz",475054,92.4,92.3,,,,,,,81.6,,2018
"Hill, Tim",657612,91.5,90.5,,80.4,,,,,,,2018
"Nicasio, Juan",504379,93.9,93.7,,87.4,88.0,,,,,,2018
"Despaigne, Odrisamer",628333,92.7,92.4,85.7,81.6,79.4,72.7,,,,,2018
"Giles, Ken",571704,97.3,97.4,,86.7,,,,,,,2018
"García, Luis",472610,97.1,97.2,,84.8,,,86.9,,,,2018
"Ramírez, Erasmo",541640,90.3,89.7,86.1,81.5,82.2,75.4,,,,,2018
"Hutchison, Drew",571800,90.2,90.1,,82.3,83.1,,,,,,2018
"Ramírez, Neil",519166,95.2,95.4,,85.9,,,,,,,2018
"Woodruff, Brandon",605540,95.1,96.2,,86.8,84.7,79.3,,,,,2018
"Ramos, Edubray",591693,93.3,92.0,,82.9,87.9,,,,,,2018
"Darvish, Yu",506433,94.1,93.5,89.2,86.7,89.6,75.1,88.7,,83.9,,2018
"Rosario, Randy",600968,93.5,92.7,,85.9,86.8,78.2,,,,,2018
"Solís, Sammy",519301,,93.3,,,85.3,78.1,,,,,2018
"Kelley, Shawn",518875,91.1,,,81.0,,,,,,,2018
"Wainwright, Adam",425794,89.5,89.5,83.9,,81.0,73.6,,,,,2018
"Reed, Cody",642003,92.8,92.4,,86.7,87.0,,,,,,2018
"Triggs, Andrew",592811,89.2,89.4,,83.5,82.8,75.9,,,,,2018
"Duensing, Brian",488846,91.3,90.5,,80.8,85.1,71.7,,,,,2018
"Hudson, Daniel",543339,95.3,95.3,,86.6,86.2,,,,,,2018
"McGuire, Deck",592547,93.3,93.0,,83.8,87.0,76.7,,,,,2018
"Loup, Aaron",571901,,92.0,84.0,,79.7,75.9,,,,,2018
"Jackson, Luke",592426,94.2,,88.4,86.7,,82.4,,,,,2018
"Cessa, Luis",570666,94.8,93.9,,83.7,86.1,80.5,,,,,2018
"Martin, Chris",455119,95.2,94.0,90.8,84.3,,,87.2,,,,2018
"Stumpf, Daniel",621385,93.3,93.2,,84.7,86.0,,,,,,2018
"Musgrave, Harrison",643466,91.0,90.9,,82.9,81.4,70.6,,,,,2018
"Herrera, Kelvin",516969,96.6,96.2,,80.7,88.2,,,,,,2018
"Pannone, Thomas",623381,88.0,,,,81.9,70.3,,,,,2018
"Wood, Hunter",621056,94.3,,,87.3,86.4,75.4,,,,,2018
"Smith, Joe",501925,88.0,87.4,,78.6,79.1,,,,,,2018
"Buchter, Ryan",488748,92.4,,89.6,,,79.5,,,,,2018
"Stephens, Jackson",623451,94.1,93.9,,87.4,87.6,75.9,,,,,2018
"Yacabonis, Jimmy",642231,92.9,93.5,,83.3,86.3,,,,,,2018
"Albers, Matt",458006,91.9,91.5,,85.1,83.1,,,,,,2018
"Sparkman, Glenn",642098,93.9,,,86.4,85.2,80.0,,,,,2018
"Maurer, Brandon",543506,96.1,94.5,,85.0,86.7,,,,,,2018
"Salas, Fernando",477569,90.5,,,,86.4,81.5,,,,,2018
"Fulmer, Carson",608334,92.8,93.6,88.3,,86.0,81.1,,,,,2018
"Britton, Zack",502154,95.1,94.8,,81.4,,,,,,,2018
"Nix, Jacob",656798,92.9,,,81.1,80.5,76.7,,,,,2018
"Lewicki, Artie",592499,92.2,,,85.5,85.0,77.1,,,,,2018
"Melancon, Mark",453343,91.5,,91.2,,,82.7,82.3,,,,2018
"Hatcher, Chris",501822,93.8,93.1,90.6,85.4,,,87.2,,,,2018
"Workman, Brandon",519443,91.2,,86.6,,,80.5,,,,,2018
"Goeddel, Erik",592340,92.1,93.5,,,85.1,76.9,,,,,2018
"Kittredge, Andrew",552640,93.0,,,84.5,84.2,,,,,,2018
"Fry, Paul",643316,91.3,,,83.7,89.0,,,,,,2018
"Reid-Foley, Sean",656887,93.7,93.8,,83.6,85.3,81.4,,,,,2018
"Tuivailala, Sam",592815,94.9,95.3,,88.8,,79.3,,,,,2018
"Valdez, Framber",664285,92.6,91.7,,,87.7,79.7,,,,,2018
"Castillo, José",620454,94.7,,,83.3,88.1,,,,,,2018
"Stewart, Kohl",640464,93.2,92.2,,87.0,87.6,78.3,,,,,2018
"Moya, Gabriel",622382,89.7,89.2,,80.8,81.3,74.5,,,,,2018
"Sipp, Tony",448609,91.8,90.6,,82.9,,,79.0,,,,2018
"Graveman, Kendall",608665,94.1,93.6,90.3,81.0,86.2,,,,,,2018
"Ríos, Yacksel",605441,96.1,95.9,,86.2,,85.0,,,,,2018
"Vizcaíno, Arodys",527055,97.4,97.6,,85.3,88.9,,,,,,2018
"Saupold, Warwick",599683,91.6,,,88.1,85.3,80.0,,,,,2018
"Doolittle, Sean",448281,93.8,,,81.7,,,85.0,,,,2018
"Davis, Austin",656354,93.2,,,84.5,83.6,82.7,,,,,2018
"Rondón, Bruce",541652,96.5,95.7,,86.3,90.2,,,,,,2018
"Mayza, Tim",641835,93.9,93.6,,86.1,,,,,,,2018
"Stock, Robert",476594,97.5,97.6,,82.7,82.7,,,,,,2018
"Bummer, Aaron",607481,92.8,93.1,89.0,83.0,87.4,,,,,,2018
"Wisler, Matt",605538,92.2,92.3,,81.8,86.5,76.3,,,,,2018
"Brice, Austin",592169,94.2,93.8,,85.1,86.8,82.7,,,,,2018
"Peralta, Wily",503449,96.2,96.3,,83.8,86.3,82.9,,,,,2018
"Wittgren, Nick",621295,92.1,91.8,87.2,82.5,85.4,,,,,,2018
"Farrell, Luke",608652,92.4,,,84.2,84.5,78.0,,,,,2018
"Cedeño, Xavier",458584,86.5,,86.6,,,78.2,,,,,2018
"Guerra, Javy",457915,93.3,,,88.0,85.2,79.5,,,,,2018
"Schultz, Jaime",621289,94.9,,,86.2,,81.2,,,,,2018
"Ponce de Leon, Daniel",594965,93.2,91.2,89.3,,83.1,77.0,,,,,2018
"Belisle, Matt",279571,90.3,91.4,,85.5,85.2,73.5,,,,,2018
"Adam, Jason",592094,94.1,,,,89.1,77.4,,,,,2018
"Cole, Taylor",518566,92.9,,,86.4,86.9,,,,,,2018
"Burnes, Corbin",669203,95.2,96.0,92.0,86.6,,79.9,,,,,2018
"Fried, Max",608331,93.1,91.8,94.6,,84.3,74.3,,,,,2018
"Cecil, Brett",446399,89.9,89.7,85.9,,82.9,81.3,,,,,2018
"Alcantara, Sandy",645261,95.5,95.3,,86.1,89.0,82.7,,,,,2018
"Bashlor, Tyler",641341,96.2,,,83.4,88.7,,,,,,2018
"Beck, Chris",571476,95.2,94.5,,86.4,88.5,,,,,,2018
"Hughes, Phil",461833,90.6,89.8,87.2,,80.7,78.4,,,,,2018
"Rucinski, Drew",607968,93.6,93.5,90.1,85.0,85.6,80.3,,,,,2018
"Springs, Jeffrey",605488,91.3,90.3,,81.8,79.0,73.9,,,,,2018
"Miller, Andrew",453192,93.0,95.0,,82.8,,,,,,,2018
"Fields, Josh",451661,94.6,,,,80.8,80.0,,,,,2018
"Lively, Ben",594902,91.2,91.6,,83.6,85.7,75.5,,,,,2018
"Graves, Brett",605255,92.3,91.2,,89.1,,80.7,,,,,2018
"Osuna, Roberto",532077,95.2,94.7,90.6,86.3,83.1,,,,,,2018
"Venters, Jonny",458924,92.9,93.1,,84.6,86.5,70.7,,,,,2018
"Araújo, Pedro",606478,92.1,92.6,,82.0,87.0,,,,,,2018
"Tillman, Chris",501957,89.0,88.9,,82.4,83.1,75.1,,,,,2018
"Jones, Nate",518858,,97.2,,88.8,88.5,,,,,,2018
"Rhame, Jacob",642008,96.0,96.5,,87.8,,76.2,86.7,,,,2018
"Moylan, Peter",493247,,89.4,,77.4,84.9,,76.8,,,,2018
"Gonsalves, Stephen",624427,89.8,,,84.3,81.7,72.0,,,,,2018
"Neverauskas, Dovydas",596720,96.9,96.3,91.4,,91.8,84.4,,,,,2018
"Chargois, JT",608638,95.4,95.1,,85.5,86.6,,,,,,2018
"Kennedy, Brett",664028,91.4,,,82.2,82.8,,,,,,2018
"Kolarek, Adam",592473,92.1,89.6,,78.2,82.4,71.8,,,,,2018
"Tazawa, Junichi",547749,91.5,,,78.6,,74.5,,,,,2018
"Nuño, Vidal",573064,89.0,,,84.9,81.7,80.0,,,,,2018
"Bauer, Trevor",545333,94.5,94.8,84.6,,86.0,79.1,,,79.6,,2019
"Rodriguez, Eduardo",593958,93.0,93.0,88.5,85.2,87.7,82.4,,,,,2019
"Lynn, Lance",458681,94.6,92.8,89.0,,86.9,81.2,,,,,2019
"Strasburg, Stephen",544931,93.9,93.7,,87.8,87.7,81.2,,,,,2019
"Cole, Gerrit",543037,97.1,97.1,,89.2,88.6,82.6,,,,,2019
"Minor, Mike",501985,92.5,,,86.4,86.2,80.7,,,,,2019
"Nola, Aaron",605400,93.1,92.2,,,85.8,79.1,,,,,2019
"Corbin, Patrick",571578,91.8,91.8,,81.7,81.8,67.8,,,,,2019
"Verlander, Justin",434378,94.6,,,87.5,86.9,79.4,,,,,2019
"Bumgarner, Madison",518516,91.4,92.2,87.2,,84.2,78.8,,,,,2019
"Bieber, Shane",669456,93.1,93.7,,85.0,87.6,82.7,,,,,2019
"deGrom, Jacob",594798,96.9,96.7,,92.5,90.3,84.3,,,,,2019
"Flaherty, Jack",656427,94.3,92.0,,84.8,86.2,78.2,,,,,2019
"Gonzales, Marco",594835,88.9,,85.2,,81.2,76.3,,,,,2019
"López, Reynaldo",625643,95.4,,,84.4,84.0,78.3,,,,,2019
"Wheeler, Zack",554430,96.8,96.5,91.2,,88.9,80.7,89.1,,,,2019
"Morton, Charlie",450203,94.7,93.9,85.4,,,78.6,84.8,,,,2019
"Berríos, José",621244,93.1,92.1,,,82.5,73.1,,,,81.4,2019
"Boyd, Matthew",571510,92.1,90.3,90.5,79.6,79.1,72.2,,,,,2019
"Syndergaard, Noah",592789,97.8,97.5,,89.1,91.1,80.4,,,,,2019
"Alcantara, Sandy",645261,95.6,95.3,,86.0,89.1,82.0,,,,,2019
"Greinke, Zack",425844,89.9,90.4,89.4,83.7,87.4,70.6,80.1,,,,2019
"Castillo, Luis",622491,96.4,96.5,,85.9,87.2,,,,,,2019
"Ray, Robbie",592662,92.4,92.2,,84.2,,81.6,,,,,2019
"Stroman, Marcus",573186,93.0,92.5,91.0,,87.0,75.2,,,,85.7,2019
"Lester, Jon",452657,90.6,89.5,87.9,,84.3,74.5,,,,,2019
"Teheran, Julio",527054,89.7,89.3,,82.2,83.6,74.8,,,,,2019
"Nova, Iván",467100,92.5,92.3,86.7,,86.2,79.9,,,,,2019
"Samardzija, Jeff",502188,91.6,92.2,88.8,84.6,,76.3,82.3,,,,2019
"Leake, Mike",502190,88.6,88.3,86.7,80.3,84.0,79.3,,,,,2019
"Kelly, Merrill",518876,92.0,91.5,89.9,,86.0,80.6,,,,,2019
"Porcello, Rick",519144,91.0,89.5,,84.3,80.8,74.9,,,,,2019
"Junis, Jakob",596001,91.7,91.0,,82.4,84.6,79.3,,,,,2019
"Roark, Tanner",543699,92.1,91.9,,86.3,84.1,75.7,,,,,2019
"Miley, Wade",489119,90.8,89.5,87.3,81.7,81.2,75.6,,,,,2019
"Darvish, Yu",506433,94.2,94.1,91.2,86.2,82.3,77.1,89.7,,82.5,,2019
"Hudson, Dakota",641712,93.9,93.5,,87.4,88.1,81.9,,,,,2019
"Fiers, Mike",571666,90.4,90.2,,85.8,84.1,74.0,,,,,2019
"Buehler, Walker",621111,96.5,96.6,92.8,86.8,91.6,80.7,,,,,2019
"Giolito, Lucas",608337,94.2,,,84.6,81.7,79.4,,,,,2019
"Gray, Sonny",543243,93.3,93.2,89.1,84.4,89.8,81.9,,,84.6,,2019
"Bailey, Homer",456701,93.0,92.7,,87.3,,78.4,84.1,,,,2019
"Mikolas, Miles",571945,93.7,93.4,,87.0,87.7,78.3,,,,,2019
"Tanaka, Masahiro",547888,91.5,90.4,87.5,83.3,,76.1,86.8,,,,2019
"Odorizzi, Jake",543606,92.9,,85.4,,,75.4,85.2,,,,2019
"Wainwright, Adam",425794,89.6,90.0,84.9,,83.9,74.9,,,,,2019
"Bundy, Dylan",605164,91.1,91.3,,81.1,83.4,74.8,,,,,2019
"Pérez, Martín",527048,94.2,93.9,88.5,,85.3,79.2,,,,,2019
"Scherzer, Max",453286,94.9,,89.8,85.6,84.3,78.5,,,,,2019
"Gibson, Kyle",502043,93.4,93.2,,84.1,85.3,80.1,,,,,2019
"Thornton, Trent",663423,92.9,91.9,88.1,80.5,83.3,73.7,80.7,,,,2019
"Quintana, Jose",500779,91.4,91.3,,,86.5,76.9,,,,77.4,2019
"Keller, Brad",641745,93.7,92.9,,84.9,88.0,,,,,,2019
"Ryu, Hyun Jin",547943,90.7,90.1,87.0,80.7,80.0,72.7,,,,,2019
"Matz, Steven",571927,,93.3,,89.5,84.3,78.5,,,,,2019
"Happ, J.A.",457918,92.0,89.6,,84.8,86.0,81.0,,,,,2019
"Hendricks, Kyle",543294,87.2,86.7,,,78.6,71.4,,,,,2019
"Sánchez, Aníbal",434671,90.2,90.4,87.6,83.2,70.7,76.9,84.3,,,,2019
"Means, John",607644,91.8,,,83.6,80.9,77.8,,,,76.2,2019
"Davies, Zach",605200,,88.4,87.0,80.4,80.0,75.5,,,,,2019
"Fried, Max",608331,93.8,93.6,93.5,83.7,84.8,74.5,,,,,2019
"Paxton, James",572020,95.4,,88.1,,86.2,81.1,,,,,2019
"Smith, Caleb",592761,91.6,,,83.5,82.6,,,,,,2019
"Anderson, Brett",474463,89.4,90.7,,81.9,82.6,75.6,,,,,2019
"Turnbull, Spencer",605513,93.6,94.1,,86.5,86.6,80.3,,,,,2019
"Musgrove, Joe",605397,92.7,91.5,88.7,83.2,85.3,82.1,,,,,2019
"Lucchesi, Joey",664192,90.4,90.1,90.4,,,78.9,80.0,,,,2019
"Kikuchi, Yusei",579328,92.5,,,86.0,84.5,75.0,,,,,2019
"Márquez, Germán",608566,95.7,94.7,,87.4,87.8,84.9,,,,,2019
"DeSclafani, Anthony",543101,94.7,94.5,,89.4,88.5,83.3,,,,,2019
"Kershaw, Clayton",477132,90.3,,,86.9,85.2,73.5,,,,,2019
"Eflin, Zach",621107,93.8,93.1,89.6,87.1,86.7,77.9,,,,,2019
"Soroka, Michael",647336,92.9,92.3,,83.2,81.2,,,,,80.9,2019
"Cashner, Andrew",488768,93.9,91.9,,85.7,84.5,80.6,,,,,2019
"Lauer, Eric",641778,91.8,,88.0,81.6,85.9,77.1,,,,,2019
"Vargas, Jason",450306,84.2,84.2,,,78.7,70.6,,,,,2019
"Sale, Chris",519242,93.4,92.2,,79.0,85.2,,,,,,2019
"Maeda, Kenta",628317,92.1,91.9,,83.5,,77.1,84.9,,,,2019
"Bassitt, Chris",605135,94.0,93.2,88.3,79.2,85.0,70.3,,,,,2019
"Hamels, Cole",430935,91.4,91.1,87.6,,83.3,78.0,,,,,2019
"Lyles, Jordan",543475,92.6,91.7,,87.5,85.6,80.6,,,,,2019
"Gray, Jon",592351,96.0,95.4,,88.3,86.7,78.6,,,,,2019
"Norris, Daniel",596057,90.8,90.3,,84.3,85.7,75.8,,,,,2019
"Williams, Trevor",592866,91.7,89.6,,82.9,83.6,76.7,,,,,2019
"Sanchez, Aaron",592717,93.4,93.8,,,88.0,78.4,,,,,2019
"Anderson, Chase",502624,93.3,93.3,90.6,,82.7,77.8,,,,,2019
"Richards, Trevor",670950,90.8,,85.5,81.6,83.4,78.9,,,,,2019
"Paddack, Chris",663978,93.9,,,,84.5,76.1,,,,,2019
"Sparkman, Glenn",642098,93.4,,86.4,82.3,85.7,79.1,,,,,2019
"Germán, Domingo",593334,93.4,94.0,,,87.0,81.7,,,,,2019
"Senzatela, Antonio",622608,93.7,,,84.4,87.0,78.8,,,,,2019
"Wacha, Michael",608379,93.0,93.2,89.4,,85.5,75.3,,,,,2019
"Arrieta, Jake",453562,91.9,92.5,,89.7,87.5,80.6,,,,,2019
"Pineda, Michael",501381,92.5,91.9,,83.9,87.1,,,,,,2019
"Duffy, Danny",518633,92.3,92.1,,84.0,83.8,76.1,,,,,2019
"Mahle, Tyler",641816,93.3,,90.0,,,80.4,87.0,,,,2019
"Smyly, Drew",592767,,91.2,86.7,,82.4,77.4,,,,,2019
"Velasquez, Vince",592826,94.2,92.0,,86.4,,83.1,,,,,2019
"Archer, Chris",502042,94.1,93.9,,88.7,87.7,82.3,,,,,2019
"Clevinger, Mike",605182,95.4,,,81.1,87.1,77.6,,,80.7,,2019
"López, Jorge",605347,94.3,93.8,,88.4,87.5,81.7,,,,,2019
"Yarbrough, Ryan",642232,88.1,89.8,84.1,,79.5,,,,72.8,,2019
"Sampson, Adrian",592716,,92.5,,83.9,87.4,79.3,,,,,2019
"Jurado, Ariel",642558,93.1,92.0,,85.3,85.3,80.3,,,,,2019
"Beede, Tyler",595881,94.2,95.6,,86.3,83.9,80.3,,,,,2019
"Brault, Steven",643230,92.1,91.3,83.5,81.2,84.3,71.1,,,,,2019
"Chirinos, Yonny",630023,94.3,93.9,,87.5,,,85.9,,,,2019
"Woodruff, Brandon",605540,96.3,96.0,,88.4,87.0,81.2,,,,,2019
"LeBlanc, Wade",453281,86.3,86.1,84.1,,78.6,72.5,,,,,2019
"Chacín, Jhoulys",468504,90.0,89.9,,79.8,82.8,77.0,,,,,2019
"Pomeranz, Drew",519141,92.8,91.3,88.0,,85.6,81.2,,,,,2019
"Brooks, Aaron",605156,92.0,91.8,,85.6,84.7,78.6,,,,,2019
"Plesac, Zach",668676,93.9,,,84.9,85.8,79.4,,,,,2019
"Snell, Blake",605483,95.5,,,87.3,86.3,81.0,,,,,2019
"Foltynewicz, Mike",592314,94.8,95.0,,85.4,86.7,79.4,,,,,2019
"Zimmermann, Jordan",519455,90.5,90.3,,85.8,87.1,80.2,,,,,2019
"Keuchel, Dallas",572971,89.4,88.3,86.1,78.4,79.7,,,,,,2019
"Price, David",456034,91.9,91.9,88.5,,84.1,80.4,,,,,2019
"Beeks, Jalen",656222,92.0,92.7,85.9,,87.2,75.1,,,,,2019
"Ynoa, Gabriel",593679,93.4,93.6,,84.0,85.9,79.9,,,,,2019
"Houser, Adrian",605288,94.5,94.3,,87.9,85.4,80.6,,,,,2019
"Plutko, Adam",592644,91.1,,85.9,80.0,84.1,77.3,,,,,2019
"López, Pablo",641154,93.6,93.3,,,85.7,79.8,,,,,2019
"Strahm, Matt",621381,91.3,92.9,86.0,,84.3,80.2,,,,,2019
"Quantrill, Cal",615698,94.5,94.3,,86.4,84.6,79.5,,,,,2019
"Freeland, Kyle",607536,92.0,91.3,86.6,,86.6,81.0,,,,,2019
"Sabathia, CC",282332,88.8,89.1,88.3,79.2,82.7,,,,,,2019
"Cahill, Trevor",502239,91.8,91.7,85.8,,83.4,79.4,,,,,2019
"Heaney, Andrew",571760,,92.5,,,84.7,79.4,,,,,2019
"Milone, Tommy",543548,87.1,,,79.1,79.4,75.3,,,,,2019
"Rodríguez, Dereck",605446,90.7,89.9,86.6,,84.5,75.6,,,,,2019
"Gausman, Kevin",592332,93.9,,,82.3,82.6,,83.5,,,,2019
"Pivetta, Nick",601713,94.6,92.8,,85.7,87.5,80.5,,,,,2019
"Peralta, Freddy",642547,93.6,,,,89.9,77.2,,,,,2019
"Anderson, Shaun",641312,92.6,92.4,,86.3,86.0,77.8,,,,,2019
"Lambert, Peter",663567,92.7,92.0,,87.6,85.2,78.0,,,,,2019
"Montgomery, Mike",543557,91.6,92.3,87.7,,84.3,77.7,,,,,2019
"Peña, Félix",570240,91.2,91.5,,82.5,83.9,,,,,,2019
"Canning, Griffin",656288,93.9,,,88.9,89.1,82.0,,,,,2019
"Godley, Zack",643327,91.3,89.9,88.5,,83.3,81.8,,,,,2019
"Font, Wilmer",521655,94.4,93.7,,84.1,,76.4,84.7,,,,2019
"Clarke, Taylor",664199,93.7,93.1,,85.3,86.8,79.3,,,,,2019
"Peacock, Brad",502748,92.5,91.8,,,83.4,78.6,,,81.3,,2019
"Barria, Jaime",642545,91.7,91.6,,83.9,83.2,,,,,,2019
"Suarez, José",660761,91.7,,,81.4,81.7,75.8,,,,,2019
"Montas, Frankie",593423,96.8,96.4,,88.4,,,86.8,,,,2019
"Holland, Derek",502706,,92.3,,81.1,83.9,77.7,,,,,2019
"Wojciechowski, Asher",592879,91.5,,85.7,80.6,85.4,,,,,,2019
"Stripling, Ross",548389,90.6,88.8,88.5,86.3,82.7,79.8,,,,,2019
"Hernández, Elieser",622694,90.6,89.3,,78.5,82.2,,,,,,2019
"Hess, David",605276,93.0,92.5,,83.4,85.5,77.3,,,,,2019
"Gaviglio, Sam",543208,,89.2,,84.3,82.5,79.8,,,,,2019
"Gonzalez, Gio",461829,89.5,88.9,,,82.3,75.3,,,,,2019
"Gallen, Zac",668678,92.9,92.8,87.0,,85.0,79.2,,,,,2019
"Skaggs, Tyler",572140,91.3,,,,83.8,75.1,,,,,2019
"Yamamoto, Jordan",657141,91.5,90.8,85.9,79.0,82.9,74.7,,,,,2019
"Ureña, José",570632,94.8,95.8,,85.8,90.1,84.7,,,,,2019
"Cease, Dylan",656302,96.5,96.3,,84.7,83.1,79.5,,,,,2019
"Cessa, Luis",570666,94.6,93.8,,84.9,87.1,80.8,,,,,2019
"Guerra, Junior",448855,94.6,94.8,,,,82.1,86.0,,,,2019
"Urías, Julio",628711,95.1,95.5,,84.6,82.2,77.3,,,,,2019
"Waguespack, Jacob",621097,92.3,90.2,89.2,85.8,83.0,78.7,,,,,2019
"Young, Alex",622065,89.8,89.0,84.9,,84.5,81.5,,,,,2019
"Ramirez, Nick",598286,90.0,89.0,86.7,,79.1,78.3,,,,,2019
"Green, Chad",643338,96.4,,,87.6,,,88.7,,,,2019
"Hendriks, Liam",521230,96.5,93.7,,88.5,,84.4,,,,,2019
"Jackson, Edwin",429719,93.5,93.7,91.6,85.7,87.0,77.9,,,,,2019
"Barnes, Matt",598264,96.6,,,,88.1,85.5,,,,,2019
"Chavez, Jesse",445926,91.4,91.1,88.2,86.4,85.2,83.5,,,,,2019
"Barlow, Scott",605130,94.1,93.8,,83.8,87.3,77.2,,,,,2019
"Cortes, Nestor",641482,89.6,89.0,,81.5,82.4,71.5,,,,,2019
"Lorenzen, Michael",547179,97.2,96.4,93.8,87.1,87.4,83.8,,,,,2019
"Stanek, Ryne",592773,97.5,,,89.6,,,88.3,,,,2019
"McHugh, Collin",543521,90.8,88.4,87.0,,83.8,74.4,,,79.5,,2019
"Fedde, Erick",607200,89.3,92.3,87.2,,85.3,79.2,,,,,2019
"Chatwood, Tyler",543022,96.1,95.7,90.2,,87.7,81.4,,,,,2019
"Bradley, Archie",605151,95.5,95.1,,,88.4,82.1,,,,,2019
"Leclerc, José",600917,96.8,96.5,,82.0,89.8,76.9,,,,,2019
"Lugo, Seth",607625,94.5,94.1,,88.1,87.9,79.6,,,,,2019
"Peters, Dillon",596071,91.0,91.0,,82.9,84.0,76.7,,,,,2019
"Carrasco, Carlos",471911,93.7,92.7,,84.8,87.8,81.5,,,,,2019
"Walden, Marcus",519393,94.1,94.0,91.7,85.6,,,,,,,2019
"Eovaldi, Nathan",543135,97.5,,93.2,84.9,,80.5,87.9,,,,2019
"Hoffman, Jeff",656546,93.7,,,83.4,83.0,77.1,84.3,,,,2019
"Pannone, Thomas",623381,89.7,,,84.4,83.4,73.7,,,,,2019
"Jackson, Luke",592426,96.1,,,87.7,83.7,83.7,,,,,2019
"Stammen, Craig",489334,91.8,92.8,87.5,,89.1,81.3,,,,,2019
"Stratton, Chris",608717,92.2,91.7,91.0,84.5,84.8,77.1,,,,,2019
"Workman, Brandon",519443,92.9,,87.0,,,80.6,,,,,2019
"Estévez, Carlos",608032,97.8,97.4,,87.7,90.5,,,,,,2019
"Lamet, Dinelson",659275,95.9,96.3,,86.2,92.2,85.5,,,,,2019
"Castro, Miguel",612434,,97.3,,86.1,90.5,,,,,,2019
"Hudson, Daniel",543339,96.2,95.6,,86.7,88.6,,,,,,2019
"Hernández, Félix",433587,89.9,89.4,,83.8,84.7,79.3,,,,,2019
"Brebbia, John",605154,93.5,,,83.7,87.2,,,,,,2019
"Buttrey, Ty",621142,97.1,95.3,,83.8,87.6,,,,,,2019
"Suero, Wander",593833,94.5,,92.9,,87.5,79.5,,,,,2019
"Andriese, Matt",542882,92.5,92.3,,85.0,86.0,80.9,,,,,2019
"Law, Derek",571882,94.0,,,84.7,85.8,76.8,,,,,2019
"Shaw, Bryan",543766,,92.5,92.5,86.2,83.9,80.8,,,82.8,,2019
"Diekman, Jake",518617,95.8,95.5,,85.0,90.0,,,,,,2019
"Newcomb, Sean",656794,94.3,,,81.4,87.4,78.8,,,,,2019
"Valdez, Framber",664285,94.2,92.6,,,88.6,79.4,,,,,2019
"May, Trevor",543507,95.5,96.7,,83.7,87.6,78.7,,,,,2019
"Ottavino, Adam",493603,93.7,93.9,88.2,,,,,,81.8,,2019
"Detwiler, Ross",446321,91.6,90.7,88.6,83.8,84.9,78.1,,,,,2019
"Farmer, Buck",571656,95.0,,,82.4,88.1,,,,,,2019
"Chen, Wei-Yin",612672,91.4,89.7,,85.8,84.0,74.1,,,,,2019
"Rodríguez, Richard",593144,93.2,92.7,,81.6,86.9,,,,,,2019
"Agrazal, Dario",642607,90.8,91.1,,83.0,85.6,,,,,,2019
"González, Chi Chi",592346,92.4,91.5,86.9,82.0,86.5,,,,,,2019
"Devenski, Chris",606965,94.7,,,81.6,84.0,,,,,,2019
"Biagini, Joe",607352,93.8,94.1,87.8,,87.0,77.0,,,,,2019
"Robles, Hansel",570663,97.2,96.7,,89.1,89.5,,,,,,2019
"Hader, Josh",623352,,95.5,,81.9,86.8,,,,,,2019
"Ross, Joe",605452,94.1,94.0,,88.0,87.9,81.3,,,,,2019
"Petit, Yusmeiro",433589,89.1,,85.4,,81.5,76.4,,,,,2019
"Tomlin, Josh",458708,89.4,88.5,86.9,,84.7,76.5,,,,,2019
"Gallegos, Giovanny",606149,93.7,,,85.3,87.2,,,,,,2019
"Liriano, Francisco",434538,92.8,93.0,,87.0,87.0,,,,,,2019
"Armstrong, Shawn",542888,93.4,,89.8,,,,,,,82.9,2019
"James, Josh",657624,97.1,,,84.5,89.0,81.6,,,,,2019
"Neris, Héctor",593576,94.4,94.8,,,,,86.9,,,,2019
"Castillo, Diego",650895,98.4,98.2,,88.7,,,,,,,2019
"Iglesias, Raisel",628452,95.4,95.4,,84.1,89.0,,,,,,2019
"Soto, Gregory",642397,96.0,95.3,,84.9,88.3,,,,,,2019
"Cishek, Steve",518553,90.5,90.5,,78.9,83.9,,,,,,2019
"Ramirez, Noé",598287,89.1,,,,84.2,77.7,,,,,2019
"Hughes, Jared",453172,92.8,91.1,,84.3,84.6,80.0,,,,,2019
"Anderson, Nick",623433,96.0,,,,,83.1,,,,,2019
"Soria, Joakim",465657,92.6,93.3,,81.5,87.6,73.0,,,,,2019
"Kennedy, Ian",453178,94.4,,91.3,,87.9,80.5,,,,,2019
"Givens, Mychal",571710,95.3,,,87.1,84.7,,,,,,2019
"Báez, Pedro",520980,95.8,96.0,,86.3,86.2,,,,,,2019
"Gant, John",607231,95.9,95.8,90.2,,83.1,77.1,,,,,2019
"Fry, Paul",643316,90.7,,,83.9,87.7,,,,,,2019
"Guerra, Javy",457915,92.7,,,85.2,83.6,79.0,,,,,2019
"Doolittle, Sean",448281,93.5,,,80.9,,,83.7,,,,2019
"Pagán, Emilio",641941,95.5,,87.5,,,80.3,,,,,2019
"Díaz, Edwin",621242,97.4,95.9,,89.5,,,,,,,2019
"Gsellman, Robert",607229,95.7,95.3,,90.5,87.2,81.3,,,,,2019
"Melancon, Mark",453343,92.2,,91.8,,,82.1,83.4,,,,2019
"Conley, Adam",543045,95.3,,,86.1,86.5,83.0,,,,,2019
"Jiménez, Joe",641729,95.1,,,86.2,89.2,,,,,,2019
"Fry, Jace",605240,92.9,92.3,88.2,,86.1,78.4,,,,,2019
"Osich, Josh",592612,94.4,94.4,89.3,77.9,84.1,,,,,,2019
"Weaver, Luke",596133,93.8,96.0,87.9,85.1,84.5,81.3,,,,,2019
"Ryan, Kyle",594986,89.8,89.2,87.3,,84.3,79.8,,,,,2019
"Jansen, Kenley",445276,,93.2,91.7,81.8,,,,,,,2019
"Mengden, Daniel",596043,91.5,90.4,86.0,83.4,82.9,72.5,,,,,2019
"García, Luis",472610,97.1,96.8,,85.2,,,86.7,,,,2019
"Smith, Will",519293,92.6,,,81.6,87.0,77.1,,,,,2019
"Familia, Jeurys",544727,95.9,95.9,,88.1,,,92.2,,,,2019
"Perdomo, Luis",606131,95.1,94.2,,86.6,,,88.5,,,,2019
"Rogers, Taylor",573124,94.6,94.8,,,,80.8,,,84.0,,2019
"Bummer, Aaron",607481,95.1,95.6,88.5,84.8,89.4,,,,84.9,,2019
"Moronta, Reyes",606625,97.2,,,83.4,89.8,,,,,,2019
"Bettis, Chad",518452,93.0,93.1,88.7,,87.0,77.3,,,,,2019
"Kingham, Nick",592468,91.9,90.0,90.6,82.0,85.1,80.1,,,,,2019
"Kahnle, Tommy",592454,96.4,,,83.4,90.0,,,,,,2019
"Martin, Brett",656685,94.0,93.6,,85.1,,80.9,,,,,2019
"Yates, Kirby",489446,93.5,,,85.2,,,86.3,,,,2019
"Parker, Blake",453284,91.2,,88.1,,,76.0,79.9,,,,2019
"Covey, Dylan",592229,94.1,94.4,91.0,,83.7,82.0,85.8,,,,2019
"Brewer, Colten",605155,95.1,94.6,93.4,88.3,89.3,81.9,,,,,2019
"Feliz, Michael",593140,95.1,,,81.8,86.1,,,,,,2019
"Bedrosian, Cam",592135,92.9,,,83.2,,,86.1,,,,2019
"Albers, Matt",458006,93.2,92.7,,83.4,83.7,,,,,,2019
"Stephenson, Robert",596112,94.9,,,84.5,,,87.1,,,,2019
"Treinen, Blake",595014,97.0,96.5,93.2,88.5,,,,,,,2019
"García, Yimi",554340,94.2,93.5,,86.9,87.3,83.2,,,,,2019
"Brach, Brad",542960,94.1,92.5,91.0,85.4,86.6,,,,,,2019
"Romo, Sergio",489265,86.5,86.2,,77.4,80.2,,,,,,2019
"Chapman, Aroldis",547973,98.0,100.2,,85.2,88.1,,,,,,2019
"Alvarez, Jose",501625,91.4,91.4,87.0,83.3,82.0,81.6,,,,,2019
"Velázquez, Hector",584171,92.2,91.1,,83.0,85.9,76.9,,,,,2019
"Brasier, Ryan",518489,96.1,96.1,,85.2,87.4,,,,,,2019
"Duffey, Tyler",608648,93.9,93.9,,,86.0,82.3,,,,,2019
"Colomé, Alex",517008,94.4,,90.4,,91.2,,,,,,2019
"Eickhoff, Jerad",595191,89.4,89.7,,83.8,,74.6,,,,,2019
"Rondón, Héctor",444468,96.7,96.6,,86.8,90.6,,,,,,2019
"Swanson, Erik",657024,92.7,,,85.4,85.8,,,,,,2019
"Claudio, Alex",592222,85.5,85.6,,76.6,73.3,69.9,,,,,2019
"Wittgren, Nick",621295,92.3,,,83.7,85.6,78.4,,,,,2019
"Straily, Dan",573185,90.2,91.4,,83.6,84.0,76.1,,,,,2019
"Hill, Rich",448179,90.3,88.1,84.8,,82.1,74.2,,,72.9,,2019
"Buchholz, Clay",453329,89.7,89.2,84.4,,76.6,75.1,,,,,2019
"Miller, Andrew",453192,92.4,94.3,,82.4,84.2,,,,,,2019
"Erlin, Robbie",572362,90.7,90.5,,88.2,83.5,76.2,,,,,2019
"Vázquez, Felipe",553878,98.5,97.7,,86.8,88.5,82.5,,,,,2019
"Margevicius, Nick",676606,88.3,,,80.2,79.0,70.8,,,,,2019
"Trivino, Lou",642152,97.4,97.4,92.1,,87.6,79.8,,,,,2019
"Greene, Shane",572888,93.9,92.6,87.7,80.6,85.4,,,,80.2,,2019
"Garrett, Amir",607237,95.8,95.1,,85.8,,,,,,,2019
"Hand, Brad",543272,92.7,91.9,,,,,,,81.2,,2019
"Banuelos, Manny",544365,92.0,91.4,,85.4,82.6,79.0,,,,,2019
"Osuna, Roberto",532077,96.7,95.7,91.9,88.2,84.4,83.1,,,,,2019
"VerHagen, Drew",572403,93.8,92.9,,84.8,89.1,78.5,,,,,2019
"Harvey, Matt",518774,93.2,94.5,,87.2,85.7,81.4,,,,,2019
"Swarzak, Anthony",461872,93.4,92.5,,86.1,,,,,,,2019
"Drake, Oliver",543118,93.5,,90.2,,,,84.0,,,,2019
"Wisler, Matt",605538,92.9,92.8,,83.5,,75.4,,,,,2019
"Hirano, Yoshihisa",673633,91.1,,,73.5,,,83.8,,,,2019
"Crick, Kyle",605195,95.3,94.9,,81.5,89.0,,,,,,2019
"Britton, Zack",502154,,94.7,,80.6,,,,,,,2019
"Clippard, Tyler",461325,90.1,89.9,,82.6,78.4,74.4,81.8,,,,2019
"Roe, Chaz",475054,92.1,92.1,87.1,,,74.9,,,81.0,,2019
"Mayza, Tim",641835,93.6,94.3,,87.8,,,,,,,2019
"Alexander, Tyler",641302,90.6,90.7,,85.3,84.1,81.0,,,,,2019
"Gott, Trevor",641627,94.7,94.4,,86.0,89.0,81.1,,,,,2019
"Harris, Will",501789,92.0,,91.2,,,81.3,,,,,2019
"Cole, Taylor",518566,93.2,,92.5,87.4,86.9,82.2,,,,,2019
"Herrera, Kelvin",516969,96.3,95.4,91.3,81.7,88.6,,,,,,2019
"Wingenter, Trey",622259,95.9,,,85.8,,,,,,,2019
"Gearrin, Cory",518715,91.0,91.3,,85.2,85.3,,,,,,2019
"Glasnow, Tyler",607192,96.9,,,,92.6,83.5,,,,,2019
"McCarthy, Kevin",641838,90.8,91.1,,88.0,83.9,82.9,,,,,2019
"Rainey, Tanner",663432,97.7,,,87.2,90.4,,,,,,2019
"Guerrero, Tayron",594027,98.9,99.3,,87.3,,,,,,,2019
"Oberg, Scott",623184,94.3,95.2,,85.6,87.9,,,,,,2019
"Anderson, Justin",605121,94.6,94.7,,84.5,88.0,,,,,,2019
"McFarland, T.J.",519008,89.2,89.4,,80.9,82.0,,,,,,2019
"Chafin, Andrew",605177,93.6,93.8,,84.4,,,,,,,2019
"Díaz, Jairo",545064,97.2,96.8,,88.2,,,,,,,2019
"Burnes, Corbin",669203,95.2,95.7,92.6,87.9,90.8,80.9,,,,,2019
"Magill, Matt",543483,95.2,,94.6,88.4,89.7,85.9,,,,,2019
"Kelly, Joe",523260,97.5,98.3,,,87.6,87.2,,,,,2019
"Webb, Tyler",643778,89.9,89.8,,,79.7,76.7,,,,,2019
"McKay, Brendan",656713,93.7,,89.1,,86.4,81.7,,,,,2019
"Holmes, Clay",605280,94.0,94.3,,86.8,87.0,81.6,,,,,2019
"Poche, Colin",621363,92.9,,,83.9,,,83.2,,,,2019
"Kinley, Tyler",641755,94.9,,,88.5,,,,,,,2019
"López, Yoan",661255,96.2,,,84.3,91.5,,,,,,2019
"Martin, Chris",455119,95.9,95.2,91.6,86.1,,,89.0,,86.1,,2019
"Miller, Shelby",571946,94.3,93.8,88.6,,86.7,79.4,,,,,2019
"Ponce de Leon, Daniel",594965,93.3,,89.1,84.4,83.1,77.9,,,,,2019
"Civale, Aaron",650644,92.0,92.6,87.9,83.7,84.2,75.5,,,,,2019
"Jeffress, Jeremy",502026,94.0,93.7,,,,81.0,90.2,,,,2019
"Kintzler, Brandon",445213,93.1,92.6,,86.7,87.5,,,,,,2019
"Harper, Ryne",607560,89.3,,87.7,,76.1,74.1,,,,,2019
"Rodney, Fernando",407845,94.4,93.6,,86.3,83.0,,,,,,2019
"Dyson, Sam",473879,94.0,93.8,91.1,82.8,87.3,,,,,,2019
"Davis, Wade",451584,93.2,92.9,88.9,,90.6,82.8,,,,,2019
"Allard, Kolby",663465,92.4,,87.7,,81.6,77.6,,,,,2019
"Taylor, Josh",657031,94.8,94.8,,87.5,88.6,80.0,,,,,2019
"Marshall, Evan",605359,93.7,93.4,,,87.6,83.2,,,,,2019
"Nicasio, Juan",504379,93.8,93.1,,86.7,84.7,,,,,,2019
"Ferguson, Caleb",657571,94.4,,,,85.8,76.2,,,,,2019
"Kittredge, Andrew",552640,95.2,94.8,,88.3,85.8,,,,,,2019
"Watson, Tony",453265,94.3,93.0,,85.6,86.1,,,,,,2019
"Giles, Ken",571704,96.9,97.5,,86.4,,,,,,,2019
"Pressly, Ryan",519151,95.5,,,90.2,,83.0,,,,,2019
"Elías, Roenis",606273,93.9,93.8,,,86.6,77.6,,,,,2019
"Cimber, Adam",643256,85.9,84.9,,75.4,,,,,,,2019
"Bard, Luke",572703,94.2,94.2,,86.0,87.2,,,,,,2019
"Kolarek, Adam",592473,91.6,88.9,83.0,75.7,81.4,,,,,,2019
"Rodriguez, Jefry",622446,93.9,93.4,,,87.8,80.9,,,,,2019
"Buchter, Ryan",488748,92.4,,89.7,,,77.6,,,,,2019
"Brice, Austin",592169,93.1,93.3,,,87.1,81.7,,,,,2019
"Martinez, Carlos",593372,96.6,94.3,93.9,86.0,88.1,,,,,,2019
"Toussaint, Touki",657053,93.7,93.2,,,,77.5,86.4,,,,2019
"Hernandez, David",456696,93.6,93.4,85.9,,88.0,82.0,,,,,2019
"Johnson, Brian",598271,88.9,88.9,,77.6,84.1,74.9,,,,,2019
"Yacabonis, Jimmy",642231,93.2,93.7,,82.7,87.0,,,,,,2019
"Kelley, Shawn",518875,91.9,,,82.4,83.3,,,,,,2019
"Suárez, Ranger",624133,92.9,91.9,,84.9,84.9,,,,,,2019
"Bleier, Richard",542947,85.8,89.0,87.5,79.7,81.4,,,,,,2019
"García, Jarlín",606424,93.3,,,84.4,86.9,,,,,,2019
"Keller, Mitch",656605,95.4,,87.6,,91.0,81.1,,,,,2019
"Ruiz, José",614179,96.4,,,88.3,86.9,82.1,,,,,2019
"Wood, Hunter",621056,93.6,,,86.6,86.2,76.7,,,,,2019
"Sims, Lucas",608371,93.5,95.3,,83.3,86.5,81.6,,,,,2019
"Vincent, Nick",543883,88.9,89.4,86.9,83.5,83.7,,,,,,2019
"Shafer, Justin",596101,94.3,92.3,90.1,85.6,,,,,,,2019
"Smeltzer, Devin",656970,89.1,,83.1,,82.8,76.9,,,,,2019
"Floro, Dylan",571670,94.0,93.7,,87.9,87.2,,,,,,2019
"Richard, Clayton",453385,91.1,90.2,,79.6,82.1,,,,,,2019
"Strop, Pedro",467008,93.5,93.5,88.4,83.1,,,88.7,,,,2019
"García, Edgar",658305,93.8,94.3,,87.1,89.1,,,,,,2019
"Pruitt, Austin",643493,91.9,91.0,,87.4,86.1,81.6,,,,,2019
"Hembree, Heath",592390,93.6,,,87.5,,81.7,,,,,2019
"Morin, Mike",573046,91.6,91.1,,81.7,72.6,,,,,,2019
"Sandoval, Patrick",663776,93.0,,,86.6,83.6,78.0,,,,,2019
"Bass, Anthony",542914,95.3,95.3,,87.3,,,86.6,,,,2019
"Santiago, Héctor",502327,91.8,92.5,,85.0,83.9,74.6,,,,,2019
"Brennan, Brandon",592165,94.6,94.7,,87.1,84.6,,,,,,2019
"Goody, Nick",580792,92.6,,,82.3,,,,,,,2019
"Barraclough, Kyle",607457,93.4,,,82.5,87.4,80.2,,,,,2019
"Kline, Branden",571858,96.2,,,86.6,87.6,,,,,,2019
"Grace, Matt",594840,,91.2,88.9,83.4,85.3,77.8,,,,,2019
"Rodón, Carlos",607074,91.4,95.4,,83.8,84.1,,,,,,2019
"Sadler, Casey",594987,93.3,93.4,90.2,,86.8,81.7,,,,,2019
"Urquidy, José",664353,93.2,,,85.1,84.3,79.0,,,82.3,,2019
"Holder, Jonathan",656547,92.1,,84.9,80.8,86.0,,,,,,2019
"Gonsolin, Tony",664062,93.6,,,88.0,,80.5,86.6,,,,2019
"Wilson, Justin",458677,95.0,,90.1,83.8,,,,,,,2019
"Brigham, Jeff",656257,96.6,,,,,,,,83.0,,2019
"Hardy, Blaine",543278,88.2,88.8,86.1,,79.2,76.5,,,,,2019
"Alcántara, Victor",622505,,93.4,,89.2,88.2,,,,,,2019
"Carpenter, Ryan",543001,90.0,89.8,,81.5,83.3,76.1,,,,,2019
"Voth, Austin",608723,92.7,,,86.7,86.0,79.5,,,,,2019
"Hernández, Darwinzon",650382,95.5,97.7,,82.7,,76.0,,,,,2019
"Webb, Logan",657277,93.2,91.8,,,84.9,,,,81.9,,2019
"Duplantier, Jon",641541,92.2,92.0,,83.4,84.0,78.4,,,,,2019
"Hellickson, Jeremy",476451,88.6,88.7,85.7,,79.8,73.7,,,,,2019
"Weber, Ryan",543901,88.4,89.4,86.3,78.5,81.6,76.6,,,,,2019
"Sheffield, Justus",656954,92.8,,,84.2,87.7,79.4,,,,,2019
"Peralta, Wily",503449,94.3,94.9,,82.1,84.8,74.7,,,,,2019
"Springs, Jeffrey",605488,92.1,90.4,,83.7,80.3,,,,,,2019
"Leone, Dominic",608678,94.3,93.3,89.7,83.7,88.1,,,,,,2019
"Barnes, Jacob",606930,93.6,,88.3,82.1,,,,,,,2019
"Pérez, Oliver",424144,91.5,91.8,,78.5,,,,,,,2019
"Hartlieb, Geoff",664129,96.4,95.0,,85.2,90.1,,,,,,2019
"McGee, Jake",459429,93.4,,,80.4,,,,,,,2019
"Quijada, José",650671,93.3,,,,85.4,80.2,,,,,2019
"Cisnero, José",542585,96.4,95.9,,86.6,90.6,,,,,,2019
"Peralta, Wandy",593974,95.8,95.0,,87.5,87.4,,,,,,2019
"Phelps, David",475479,92.7,92.6,89.5,,86.4,80.1,,,,,2019
"Irvin, Cole",608344,89.8,,,84.2,83.4,76.4,,,,,2019
"Parsons, Wes",641149,94.1,93.3,,85.9,87.1,,,,,,2019
"Luciano, Elvis",672773,94.1,,,84.4,87.8,,,,,,2019
"Hill, Tim",657612,90.4,89.9,,78.0,,,,,,,2019
"Wieck, Brad",623364,93.7,,,84.1,,74.8,,,,,2019
"Mejía, Adalberto",606167,93.0,92.0,,84.5,81.1,,,,,,2019
"Tinoco, Jesus",622786,94.5,93.8,,87.7,,82.5,87.4,,,,2019
"Reid-Foley, Sean",656887,92.5,92.7,,83.8,85.6,81.1,,,,,2019
"Kluber, Corey",446372,92.0,91.3,88.1,,84.9,82.9,,,,,2019
"Eshelman, Thomas",664045,85.5,85.6,,80.8,78.7,76.2,,,,,2019
"Maton, Phil",664208,91.0,,85.0,81.5,,77.0,,,,,2019
"Almonte, Yency",622075,95.7,94.7,,85.8,89.0,,,,,,2019
"Biddle, Jesse",592145,93.8,93.2,,87.1,,77.2,,,,,2019
"Avilán, Luis",501593,,90.4,,,82.4,75.4,,,,,2019
"Holland, Greg",518813,91.6,,,84.3,83.8,77.5,,,,,2019
"Hale, David",571735,93.6,93.0,,,82.1,82.1,,,,,2019
"Ross, Tyson",475115,89.6,89.8,89.1,83.6,,,,,,,2019
"Smith, Josh A.",595001,91.3,91.6,89.5,86.9,81.7,78.0,,,,,2019
"Loáisiga, Jonathan",642528,96.8,96.9,,,89.6,84.2,,,,,2019
"Minter, A.J.",621345,96.0,94.2,91.5,86.3,86.1,,,,,,2019
"Wick, Rowan",592858,95.8,,91.8,83.5,,76.9,,,,,2019
"Alvarado, José",621237,98.0,98.1,92.4,,,86.8,,,,,2019
"Wood, Alex",622072,90.0,89.9,,,83.6,81.4,,,,,2019
"Helsley, Ryan",664854,97.8,97.3,,88.8,87.7,80.9,,,,,2019
"Wright Jr., Mike",605541,93.3,92.3,,88.7,83.9,82.9,,,,,2019
"Dugger, Robert",667498,90.3,89.3,,79.1,79.2,72.8,,,,,2019
"Phillips, Evan",623465,94.1,94.2,,84.3,85.5,,,,85.6,,2019
"May, Dustin",669160,95.7,96.0,90.8,,86.3,83.0,,,,,2019
"Sobotka, Chad",656977,96.1,96.1,,84.8,87.3,,,,,,2019
"Melville, Tim",543532,89.2,,,83.1,82.5,75.4,,,,,2019
"Blevins, Jerry",460283,88.8,,,,82.9,72.3,,,,,2019
"Fulmer, Carson",608334,93.6,,87.9,,86.5,82.8,,,,,2019
"Warren, Adam",476589,91.4,91.7,,85.5,84.9,78.8,,,,,2019
"Taillon, Jameson",592791,94.7,94.9,,88.7,88.0,82.2,,,,,2019
"Mills, Alec",621219,89.5,89.9,,78.2,80.7,67.6,,,,,2019
"Bowman, Matt",621199,92.5,91.3,93.5,89.3,,80.6,82.0,,,,2019
"Littell, Zack",641793,93.8,91.6,,86.4,87.9,74.1,,,,,2019
"Olson, Tyler",621397,87.0,87.7,,,81.5,73.5,,,,,2019
"Cordero, Jimmy",622772,97.4,97.4,90.7,83.5,88.5,,,,,,2019
"Newberry, Jake",623470,93.8,90.8,,83.6,87.1,,,,,,2019
"Suárez, Andrew",605498,92.6,92.8,,84.4,87.1,76.0,,,,,2019
"Webb, Jacob",657097,95.1,,,81.6,85.8,,,,,,2019
"Reininger, Zac",643617,94.4,93.1,,83.7,84.2,80.5,,,,,2019
"Jackson, Jay",543351,94.4,,,85.9,87.2,,,,,,2019
"Adams, Austin",613534,95.1,95.4,,89.4,,,,,,,2019
"Tarpley, Stephen",605501,92.5,92.5,,81.4,88.3,76.9,,,,,2019
"Stumpf, Daniel",621385,92.2,,,81.4,85.9,,,,,,2019
"Baez, Michel",673258,96.0,,,84.8,86.0,78.2,,,,,2019
"Blach, Ty",621389,,90.2,84.4,81.9,79.9,77.1,,,,,2019
"Adams, Chance",664856,91.7,92.8,,83.5,85.7,79.0,,,,,2019
"Wang, Wei-Chung",623913,91.4,90.6,,84.1,83.6,76.8,,,,,2019
"Flynn, Brian",543169,90.7,90.3,,82.4,82.6,,,,,,2019
"McKay, David",641853,,93.8,,,,,,,,78.4,2019
"Kela, Keone",605309,96.2,,,,90.4,81.8,,,,,2019
"Hall, Matt",664180,90.5,,84.0,81.7,82.2,76.7,,,,,2019
"Lynn, Lance",458681,94.0,92.0,89.4,,85.0,83.6,,,,,2020
"Bieber, Shane",669456,94.1,,89.2,84.5,88.7,83.6,,,,,2020
"Márquez, Germán",608566,95.9,94.7,,87.9,86.8,85.5,,,,,2020
"Giolito, Lucas",608337,94.0,,,84.9,80.9,77.3,,,,,2020
"Scherzer, Max",453286,94.7,,91.1,85.5,84.9,77.1,,,,,2020
"Woodruff, Brandon",605540,96.6,96.3,,88.2,86.7,83.5,,,,,2020
"Cole, Gerrit",543037,96.7,96.0,,88.7,88.3,83.4,,,,,2020
"Civale, Aaron",650644,91.2,91.8,87.4,82.3,85.3,75.6,,,,,2020
"Bauer, Trevor",545333,93.5,94.1,84.9,,85.0,79.7,,,80.6,,2020
"Castillo, Luis",622491,97.4,97.5,,86.8,88.2,,,,,,2020
"Darvish, Yu",506433,95.9,95.2,92.7,86.1,,77.3,90.2,,82.0,,2020
"Hendricks, Kyle",543294,87.4,87.3,,,79.7,72.1,,,,,2020
"Nola, Aaron",605400,92.8,91.8,,,84.9,78.6,,,,,2020
"Cueto, Johnny",456501,91.4,90.9,,84.8,82.5,80.5,,,,,2020
"Gibson, Kyle",502043,92.4,92.2,87.6,82.9,84.4,78.7,,,,,2020
"Senzatela, Antonio",622608,94.3,,,86.4,86.4,79.2,,,,,2020
"deGrom, Jacob",594798,98.6,,,92.5,91.4,84.1,,,,,2020
"Ryu, Hyun Jin",547943,89.8,89.1,85.5,,79.6,72.3,,,,,2020
"Freeland, Kyle",607536,92.2,91.4,86.2,,86.0,80.3,,,,,2020
"Gallen, Zac",668678,93.2,92.9,87.0,87.1,84.9,81.2,,,,,2020
"Berríos, José",621244,94.5,94.0,,,84.7,,,,,83.3,2020
"Carrasco, Carlos",471911,93.7,92.3,,86.0,87.7,83.5,,,,,2020
"Boyd, Matthew",571510,91.7,90.5,,79.3,79.1,74.1,,,,,2020
"Heaney, Andrew",571760,91.5,,,79.3,83.0,79.2,,,,,2020
"Cease, Dylan",656302,97.5,,,85.0,82.9,79.0,,,,,2020
"Wheeler, Zack",554430,96.9,96.6,89.8,,90.2,80.1,90.1,,,,2020
"Singer, Brady",663903,92.9,93.3,,83.1,87.8,,,,,,2020
"Corbin, Patrick",571578,90.2,90.1,,79.2,77.7,65.0,,,,,2020
"Ray, Robbie",592662,93.9,93.3,,86.6,89.5,83.6,,,,,2020
"Gonzales, Marco",594835,88.2,,84.8,,80.6,75.3,,,,,2020
"Davies, Zach",605200,88.7,88.4,86.9,,79.4,74.5,,,,,2020
"Valdez, Framber",664285,93.7,93.0,,,88.6,80.5,,,,,2020
"Lamet, Dinelson",659275,97.0,97.0,,86.5,,,,,,,2020
"Pérez, Martín",527048,92.2,91.9,88.8,,83.7,77.7,,,,,2020
"Bundy, Dylan",605164,90.0,90.7,,79.9,82.2,73.5,,,,,2020
"Williams, Trevor",592866,91.5,89.7,,82.7,85.1,77.8,,,,,2020
"Burnes, Corbin",669203,96.1,96.0,93.1,86.7,88.9,81.1,,,,,2020
"Lester, Jon",452657,89.4,88.4,87.4,,83.3,73.4,,,,,2020
"Greinke, Zack",425844,88.1,89.7,,84.5,86.2,70.4,,,,,2020
"Webb, Logan",657277,93.1,91.8,90.6,,84.7,,,,81.5,,2020
"Lyles, Jordan",543475,92.3,91.8,,85.6,86.8,79.7,,,,,2020
"Maeda, Kenta",628317,91.6,90.8,87.2,82.9,,78.5,84.5,,,,2020
"Porcello, Rick",519144,91.6,90.1,,86.2,81.8,74.9,,,,,2020
"Minor, Mike",501985,90.6,88.2,,85.6,85.4,80.1,,,,,2020
"Gausman, Kevin",592332,95.1,,,81.9,84.3,,84.1,,,,2020
"Sánchez, Aníbal",434671,89.3,89.6,87.5,83.5,69.6,76.3,81.8,,,,2020
"Gray, Sonny",543243,93.0,92.9,,,89.8,80.8,,,82.9,,2020
"Weaver, Luke",596133,94.0,,89.2,86.4,84.7,79.0,,,,,2020
"Canning, Griffin",656288,92.8,,88.6,86.5,87.9,81.5,,,,,2020
"Glasnow, Tyler",607192,96.9,,,,91.1,82.4,,,,,2020
"Paddack, Chris",663978,94.1,,87.9,,83.9,76.9,,,,,2020
"Turnbull, Spencer",605513,93.7,94.8,,85.3,87.2,79.4,,,,,2020
"Keuchel, Dallas",572971,88.3,87.2,84.8,75.8,78.6,,,,,,2020
"Anderson, Tyler",542881,90.3,89.5,85.0,,80.9,71.9,,,,,2020
"Bassitt, Chris",605135,93.3,92.6,87.8,78.2,83.6,70.0,,,73.2,,2020
"Mills, Alec",621219,89.8,89.9,,77.5,80.7,66.6,,,,,2020
"Duffy, Danny",518633,92.2,92.1,,82.6,83.9,75.5,,,,,2020
"Luzardo, Jesús",666200,95.5,95.4,,84.0,87.4,,,,,,2020
"Bubic, Kris",663460,91.4,,,,79.6,78.5,,,,,2020
"Wainwright, Adam",425794,89.2,89.3,85.0,,81.8,73.5,,,,,2020
"Houser, Adrian",605288,93.8,93.2,,85.6,84.9,80.5,,,,,2020
"Fiers, Mike",571666,88.0,88.2,,84.3,82.1,72.7,,,,,2020
"Montas, Frankie",593423,95.9,95.6,,86.1,,,86.4,,,,2020
"Eflin, Zach",621107,94.3,93.7,,88.5,87.8,79.0,,,,,2020
"López, Pablo",641154,93.9,93.4,90.7,,87.2,78.7,,,,,2020
"Roark, Tanner",543699,90.7,90.5,,84.2,81.0,73.1,,,,,2020
"Fried, Max",608331,93.1,92.5,,84.0,83.1,74.3,,,,,2020
"Voth, Austin",608723,92.0,,86.5,,,78.3,86.0,,,,2020
"Javier, Cristian",664299,92.2,,,,85.9,76.3,,,78.8,,2020
"Kershaw, Clayton",477132,91.6,,,87.9,86.9,74.1,,,,,2020
"McCullers Jr., Lance",621121,93.0,93.8,91.6,,86.3,83.4,,,,,2020
"Walker, Taijuan",592836,93.2,93.1,,85.2,,74.6,89.0,,,,2020
"Sheffield, Justus",656954,92.5,91.9,,81.8,86.3,,,,,,2020
"Urías, Julio",628711,94.2,94.0,,86.3,84.9,77.2,,,,80.9,2020
"Snell, Blake",605483,95.0,,,87.4,87.9,80.1,,,,,2020
"May, Dustin",669160,99.1,97.9,93.6,89.4,90.7,,,,86.7,,2020
"Keller, Brad",641745,92.8,92.3,,84.6,88.7,,,,,,2020
"Mahle, Tyler",641816,93.9,,,86.9,,81.0,87.3,,,,2020
"Fedde, Erick",607200,93.3,93.4,88.7,,86.7,79.5,,,,,2020
"Yarbrough, Ryan",642232,87.3,,82.9,,78.6,,,,70.9,,2020
"Stripling, Ross",548389,91.7,90.1,,85.7,84.6,78.7,,,,,2020
"Peterson, David",656849,92.1,91.8,,81.3,83.7,74.5,,,,,2020
"Manaea, Sean",640455,,90.4,84.7,77.7,82.6,,,,76.6,,2020
"Cobb, Alex",502171,92.9,92.5,,,,81.7,86.9,,,,2020
"Brubaker, JT",664141,93.4,93.8,,87.5,87.9,80.6,,,,,2020
"Dunn, Justin",643290,91.2,91.1,,82.9,87.1,79.3,,,,,2020
"Young, Alex",622065,91.2,90.4,86.6,,85.2,81.6,,,,,2020
"Kikuchi, Yusei",579328,95.0,,92.1,83.3,86.8,,,,,,2020
"Lindblom, Josh",458676,90.1,,85.7,75.8,84.1,71.1,83.4,,,,2020
"Kuhl, Chad",641771,93.7,94.0,,87.7,88.2,81.3,,,,,2020
"Richards, Garrett",572070,95.1,95.3,,88.5,,80.0,,,,,2020
"Happ, J.A.",457918,91.6,89.3,,84.2,86.4,80.9,,,,,2020
"Plesac, Zach",668676,92.7,,,86.3,86.0,79.1,,,,,2020
"Tanaka, Masahiro",547888,92.3,91.5,,84.0,,75.0,87.1,,,,2020
"Castellani, Ryan",624418,92.5,89.5,,85.0,85.8,79.5,,,,,2020
"Anderson, Brett",474463,90.2,89.7,87.3,82.2,82.7,76.1,,,,,2020
"Dobnak, Randy",677976,92.9,91.4,,83.4,85.6,,,,,,2020
"Eovaldi, Nathan",543135,97.3,,91.3,89.2,,79.6,87.9,,,,2020
"Montgomery, Jordan",656756,92.6,92.5,89.9,,83.2,80.5,,,,,2020
"Brault, Steven",643230,92.2,91.2,,83.0,85.0,73.9,,,,,2020
"Means, John",607644,93.8,,,86.5,84.9,79.0,,,,,2020
"Arrieta, Jake",453562,91.9,92.0,,88.8,87.3,81.8,,,,,2020
"Holland, Derek",502706,92.1,92.3,,,84.3,80.7,,,,,2020
"Flaherty, Jack",656427,94.0,92.1,,84.4,85.7,77.3,,,,,2020
"Bumgarner, Madison",518516,88.4,88.2,83.5,,83.1,76.9,,,,,2020
"Gonsolin, Tony",664062,95.1,,,87.5,,81.7,85.1,,,,2020
"Clarke, Taylor",664199,94.3,,,86.3,88.9,79.9,,,,,2020
"Milone, Tommy",543548,86.1,86.1,,79.4,78.9,75.1,,,,,2020
"Margevicius, Nick",676606,90.0,,,84.2,82.2,70.3,,,,,2020
"Wojciechowski, Asher",592879,90.9,,85.7,79.7,84.5,77.9,,,,,2020
"Musgrove, Joe",605397,92.7,92.0,88.2,82.5,86.4,80.9,,,,,2020
"Alcantara, Sandy",645261,96.9,96.2,,87.3,90.1,82.0,,,,,2020
"Morton, Charlie",450203,93.4,93.0,85.0,,,78.2,85.9,,,,2020
"Gray, Jon",592351,94.0,94.0,,86.3,86.5,77.8,,,,,2020
"Allard, Kolby",663465,91.5,,86.7,,82.4,76.7,,,,,2020
"Anderson, Chase",502624,92.5,92.1,87.2,,82.5,77.2,,,,,2020
"Velasquez, Vince",592826,93.8,93.0,,86.5,88.3,82.8,,,,,2020
"Clevinger, Mike",605182,95.1,,88.0,82.8,87.2,78.7,,,81.6,,2020
"Ponce de Leon, Daniel",594965,93.1,,88.0,,86.2,77.6,,,,,2020
"Weber, Ryan",543901,,88.6,86.1,77.6,81.6,74.4,,,,,2020
"Wright, Kyle",657140,94.7,94.0,,88.2,87.7,82.1,,,,,2020
"López, Jorge",605347,94.0,93.5,,,86.1,81.1,,,,,2020
"Matz, Steven",571927,,94.5,,89.6,84.8,77.7,,,,,2020
"Hill, Rich",448179,87.8,85.9,83.2,,83.4,72.5,,,70.6,,2020
"Gonzalez, Gio",461829,90.0,89.3,,85.4,82.8,76.7,,,,,2020
"Kim, Kwang Hyun",547942,89.9,,,83.2,80.3,70.2,,,,,2020
"Lugo, Seth",607625,93.5,93.2,,87.7,87.4,78.4,,,,,2020
"Wacha, Michael",608379,93.6,93.2,88.8,,86.9,75.3,,,,,2020
"Lorenzen, Michael",547179,96.8,95.7,92.7,85.0,86.7,82.6,,,83.7,,2020
"DeSclafani, Anthony",543101,94.9,94.8,,86.1,88.4,81.6,,,,,2020
"Buehler, Walker",621111,96.8,97.2,92.8,87.9,,81.9,,,,,2020
"Alexander, Tyler",641302,90.5,90.7,85.9,82.6,84.5,,,,,,2020
"Sandoval, Patrick",663776,92.8,,,84.6,84.2,78.2,,,,,2020
"Bielak, Brandon",656232,93.2,,88.8,84.0,86.5,79.7,,,82.9,,2020
"Antone, Tejay",622088,95.7,,,83.5,86.9,80.1,,,,,2020
"Skubal, Tarik",669373,94.4,,95.4,86.1,83.2,76.6,,,,,2020
"Hudson, Dakota",641712,92.6,93.0,,88.3,86.6,82.1,,,,,2020
"Richards, Trevor",670950,90.5,,,82.7,82.5,80.2,,,,,2020
"Tomlin, Josh",458708,88.3,87.8,85.6,,84.0,76.4,,,,,2020
"Teheran, Julio",527054,89.2,88.8,,81.0,82.3,72.9,,,,,2020
"Dunning, Dane",641540,91.8,91.9,,81.5,85.6,78.6,,,,,2020
"Anderson, Ian",666120,94.1,93.8,,,87.4,80.1,,,,,2020
"Rogers, Trevor",669432,93.6,93.8,,81.0,84.4,,,,,,2020
"Sánchez, Sixto",664350,98.5,96.6,89.1,85.8,89.0,,,,,,2020
"Peralta, Freddy",642547,93.0,,,80.2,,78.1,,,,,2020
"Godley, Zack",643327,89.9,89.4,88.6,,83.1,82.0,,,,,2020
"McKenzie, Triston",663474,92.8,,,86.3,86.8,80.1,,,,,2020
"Stratton, Chris",608717,93.2,,,86.7,86.4,80.1,,,,,2020
"Mize, Casey",663554,93.7,93.6,88.4,,,80.8,86.0,,,,2020
"Mazza, Chris",607391,92.4,91.8,88.5,82.2,84.8,,,,,,2020
"García, Deivi",665620,91.9,,,82.5,80.6,75.3,,,,,2020
"Eshelman, Thomas",664045,85.9,86.6,,77.9,79.4,76.4,,,,,2020
"Fulmer, Michael",605242,93.2,93.0,87.6,,86.7,77.8,,,,,2020
"Gomber, Austin",596295,92.5,,,85.9,83.3,76.3,,,,,2020
"Cisnero, José",542585,96.3,95.4,,86.7,90.8,,,,,,2020
"Suter, Brent",608718,85.4,87.1,,,81.2,73.2,,,,,2020
"Mayers, Mike",594577,94.2,,90.3,85.3,,77.0,,,,,2020
"Barria, Jaime",642545,92.1,92.2,,83.9,84.3,,,,,,2020
"Valdez, Phillips",570488,,92.2,,81.5,85.0,,,,,,2020
"Barlow, Scott",605130,94.9,95.6,,83.5,,78.1,,,,,2020
"Brewer, Colten",605155,94.0,94.7,93.8,89.1,85.6,80.8,,,,,2020
"Quantrill, Cal",615698,94.9,94.9,,86.1,85.5,,,,,,2020
"López, Reynaldo",625643,94.2,,,82.7,83.5,80.1,,,,,2020
"Yamaguchi, Shun",685493,90.8,,,81.6,,71.3,84.8,,,,2020
"Andriese, Matt",542882,91.9,90.7,85.7,,86.0,80.0,,,,,2020
"Akin, Keegan",669211,91.9,,,80.7,81.3,77.2,,,,,2020
"Wheeler, Zack",554430,97.2,96.7,91.5,,90.5,81.5,,,,,2021
"Mahle, Tyler",641816,94.0,,86.5,86.7,,,86.4,,,,2021
"Castillo, Luis",622491,97.1,97.3,,86.4,88.3,,,,,,2021
"Buehler, Walker",621111,95.3,95.3,91.6,80.9,91.5,80.1,,,84.9,,2021
"Ray, Robbie",592662,94.8,95.1,,88.6,88.2,82.5,,,,,2021
"Alcantara, Sandy",645261,98.1,97.6,,90.4,91.8,83.8,,,,,2021
"Wainwright, Adam",425794,89.0,89.1,84.9,,82.7,73.4,,,,,2021
"Berríos, José",621244,94.1,93.8,,,84.8,,,,,82.9,2021
"Montas, Frankie",593423,96.4,96.2,90.4,88.0,,,87.5,,,,2021
"Gausman, Kevin",592332,94.6,,,82.0,83.8,,83.6,,,,2021
"Morton, Charlie",450203,95.5,94.6,87.5,,86.4,80.6,,,,,2021
"Manaea, Sean",640455,92.2,92.1,,82.8,84.5,,,,78.2,,2021
"Nola, Aaron",605400,92.9,92.0,86.7,,85.2,78.5,,,,,2021
"Giolito, Lucas",608337,93.8,,,85.6,81.5,80.6,,,,,2021
"Cole, Gerrit",543037,97.7,97.7,,88.4,89.8,83.4,,,,,2021
"Lyles, Jordan",543475,93.0,91.6,86.3,84.9,86.4,80.3,,,82.3,,2021
"Cease, Dylan",656302,96.6,,,85.9,78.0,79.9,,,84.4,,2021
"Musgrove, Joe",605397,93.3,93.2,90.6,84.1,87.1,82.1,,,,,2021
"Eovaldi, Nathan",543135,96.8,,92.5,85.8,,78.5,87.9,,,,2021
"Gibson, Kyle",502043,92.8,92.3,89.5,83.5,84.8,79.4,,,82.9,,2021
"Scherzer, Max",453286,94.3,,90.0,85.8,85.0,76.9,,,,,2021
"Flexen, Chris",623167,92.8,,89.1,,82.7,77.2,,,,,2021
"Woodruff, Brandon",605540,96.5,96.2,,86.5,86.5,83.8,,,,,2021
"Hendricks, Kyle",543294,87.3,87.3,,,80.0,73.2,,,,,2021
"Márquez, Germán",608566,94.8,94.0,,86.2,86.1,85.2,,,,,2021
"McCullers Jr., Lance",621121,,93.9,89.4,86.0,85.8,84.2,,,,,2021
"Urías, Julio",628711,94.1,94.7,,,86.8,,,,,81.4,2021
"Darvish, Yu",506433,94.5,94.0,91.3,86.2,,75.3,88.8,,81.6,,2021
"Corbin, Patrick",571578,92.2,92.6,,80.7,81.5,65.2,,,,,2021
"Pivetta, Nick",601713,94.8,93.3,86.8,86.0,87.9,78.6,,,86.0,,2021
"Stroman, Marcus",573186,92.6,91.9,89.9,87.2,,74.9,86.1,,,84.9,2021
"Keuchel, Dallas",572971,89.0,87.8,85.1,77.8,79.6,,,,,,2021
"Rodriguez, Eduardo",593958,92.5,92.5,88.3,82.1,85.4,,,,,,2021
"Ryu, Hyun Jin",547943,89.9,89.8,86.3,79.8,79.9,73.9,,,,,2021
"Irvin, Cole",608344,90.8,90.5,85.5,83.0,84.2,76.9,,,,,2021
"Happ, J.A.",457918,91.0,89.1,,83.0,86.1,76.2,,,,,2021
"Minor, Mike",501985,90.9,88.1,,85.6,85.2,80.4,,,,,2021
"Anderson, Tyler",542881,90.6,88.9,85.2,80.0,80.9,73.7,,,,,2021
"Burnes, Corbin",669203,96.6,96.8,95.2,88.0,90.7,81.2,,,,,2021
"Miley, Wade",489119,89.9,88.7,85.4,79.2,81.9,74.7,,,,,2021
"Davies, Zach",605200,87.7,88.0,86.6,80.0,78.5,74.2,,,,,2021
"Montgomery, Jordan",656756,92.6,92.4,87.3,,82.5,80.0,,,,,2021
"Greinke, Zack",425844,88.9,89.5,85.2,83.6,86.4,71.1,,,,,2021
"Kikuchi, Yusei",579328,95.1,,91.3,83.2,86.4,83.0,,,,,2021
"DeSclafani, Anthony",543101,94.1,94.0,,87.9,88.2,83.0,,,,,2021
"Fried, Max",608331,94.0,93.5,,84.8,84.7,74.4,,,82.0,,2021
"Matz, Steven",571927,,94.5,,88.9,85.0,77.6,,,,,2021
"Walker, Taijuan",592836,94.5,93.7,88.4,86.1,,76.4,89.4,,,,2021
"Skubal, Tarik",669373,94.3,94.5,94.3,86.5,82.1,74.0,85.1,,,,2021
"Gray, Jon",592351,94.9,95.3,,86.7,87.6,76.0,,,,,2021
"Lynn, Lance",458681,94.0,92.4,88.7,82.3,87.1,82.1,,,,,2021
"Garcia, Luis",677651,93.3,,86.2,83.3,83.4,75.9,,,79.9,,2021
"Hill, Rich",448179,88.1,84.8,83.7,76.5,80.9,71.7,,,69.1,,2021
"Yarbrough, Ryan",642232,86.4,86.6,81.9,,78.4,,,,71.0,,2021
"Kelly, Merrill",518876,91.7,91.6,90.8,,87.2,81.3,,,,,2021
"Fedde, Erick",607200,93.2,93.8,89.4,,87.7,79.7,87.3,,79.9,,2021
"Senzatela, Antonio",622608,94.6,94.3,,86.1,86.0,77.8,,,,,2021
"Bassitt, Chris",605135,93.2,92.7,88.8,82.8,85.3,71.7,,,75.2,,2021
"Lester, Jon",452657,88.7,87.6,86.4,,81.3,72.6,,,,,2021
"Taillon, Jameson",592791,93.9,94.1,88.2,86.5,88.0,80.7,,,84.5,,2021
"Mize, Casey",663554,93.8,93.2,,85.9,,81.3,85.8,,,,2021
"Peralta, Freddy",642547,93.4,92.4,,80.5,88.0,76.8,,,,,2021
"Houser, Adrian",605288,94.1,93.6,,84.0,87.7,80.0,,,,,2021
"Keller, Brad",641745,94.2,93.7,,86.1,90.2,,,,,,2021
"Snell, Blake",605483,95.1,,,86.6,88.3,79.6,,,,,2021
"Richards, Garrett",572070,94.3,95.6,,88.1,90.6,78.3,,,,,2021
"Means, John",607644,92.8,,,86.3,83.4,78.0,,,,77.0,2021
"Gonzales, Marco",594835,88.4,,85.5,,79.3,75.2,,,,,2021
"Bumgarner, Madison",518516,90.4,89.8,86.0,,83.8,77.8,,,,,2021
"Singer, Brady",663903,92.7,93.7,,85.4,88.0,,,,,,2021
"Quantrill, Cal",615698,94.4,94.3,88.4,86.7,85.0,81.3,86.2,,,,2021
"Heaney, Andrew",571760,92.0,,,80.2,83.8,79.3,,,,,2021
"Foltynewicz, Mike",592314,93.8,93.1,,83.2,85.2,76.7,,,,,2021
"Harvey, Matt",518774,93.4,92.9,,86.9,85.3,79.9,,,,,2021
"Gray, Sonny",543243,92.3,92.4,86.6,83.6,88.2,79.3,,,82.0,,2021
"Rodón, Carlos",607074,95.4,,,85.8,85.2,76.7,,,,,2021
"Webb, Logan",657277,93.2,92.8,91.2,,86.2,,,,82.4,,2021
"Plesac, Zach",668676,92.8,,,86.7,85.7,80.2,,,,,2021
"Bubic, Kris",663460,90.9,,,,80.0,78.5,,,,,2021
"Wood, Alex",622072,,91.8,,83.9,85.3,,,,,,2021
"Anderson, Ian",666120,94.6,94.1,,,88.1,80.7,,,80.1,,2021
"Crowe, Wil",640444,93.7,92.9,,85.3,85.1,80.4,,,,,2021
"Rogers, Trevor",669432,94.5,94.9,,81.8,84.8,,,,,,2021
"López, Jorge",605347,95.3,95.3,,85.9,88.5,81.9,,,,,2021
"Smyly, Drew",592767,,92.1,87.6,,,78.9,,,,,2021
"Gilbert, Logan",669302,95.3,93.3,,83.5,79.9,75.1,79.2,,,,2021
"Gallen, Zac",668678,93.4,93.3,90.3,86.1,86.1,79.7,,,,,2021
"Valdez, Framber",664285,92.1,92.5,,,87.5,77.9,,,,,2021
"Smith, Caleb",592761,91.4,,,84.8,82.1,77.9,,,,,2021
"Allard, Kolby",663465,91.4,92.6,86.3,,83.6,75.9,,,,,2021
"Ohtani, Shohei",660271,95.6,,87.0,80.6,,74.5,88.1,,82.3,,2021
"Kaprielian, James",621076,93.0,92.4,,85.3,83.8,78.0,,,,,2021
"McKenzie, Triston",663474,92.1,,,86.4,86.0,79.3,,,,,2021
"Gant, John",607231,91.9,91.6,85.4,80.0,80.1,74.7,,,,,2021
"Wacha, Michael",608379,93.8,94.1,89.1,,86.9,76.2,,,,,2021
"Lauer, Eric",641778,92.6,,90.3,87.4,86.6,78.9,,,,,2021
"Alzolay, Adbert",640470,94.0,93.8,90.2,86.2,85.6,80.0,,,83.2,,2021
"McClanahan, Shane",663556,96.4,,,89.2,89.2,82.6,,,,,2021
"Brubaker, JT",664141,92.9,93.4,,87.2,87.2,79.5,,,,,2021
"Mills, Alec",621219,88.7,89.1,,76.6,79.1,65.8,,,,,2021
"Dunning, Dane",641540,90.1,90.4,85.8,79.7,84.5,78.2,,,,,2021
"Civale, Aaron",650644,91.4,91.8,87.7,83.4,,77.0,85.6,,83.4,,2021
"Freeland, Kyle",607536,91.4,91.3,86.0,,85.7,80.2,,,,,2021
"Cueto, Johnny",456501,91.8,91.6,87.5,84.1,82.7,78.9,,,,,2021
"Paddack, Chris",663978,94.8,,,,85.2,78.7,,,,,2021
"Pérez, Martín",527048,93.4,92.8,89.6,,84.8,78.7,,,,,2021
"Keller, Mitch",656605,93.8,,86.2,,89.8,78.5,,,,,2021
"Gomber, Austin",596295,91.6,,,85.2,83.1,75.7,,,,,2021
"Odorizzi, Jake",543606,92.2,90.8,86.5,82.9,,73.5,84.7,,,,2021
"Manoah, Alek",666201,93.7,92.8,,81.1,86.8,,,,,,2021
"Gutierrez, Vladimir",661269,93.2,92.9,,83.3,81.4,77.6,,,,,2021
"Kershaw, Clayton",477132,90.6,,,87.1,87.0,74.2,,,,,2021
"Javier, Cristian",664299,93.5,,,82.9,86.6,75.9,,,81.0,,2021
"Bauer, Trevor",545333,93.9,94.4,85.3,,88.1,79.6,,,80.8,,2021
"Kim, Kwang Hyun",547942,89.1,89.0,,83.5,80.4,69.6,,,,,2021
"Maeda, Kenta",628317,90.6,89.9,,82.1,,75.2,84.2,,80.7,,2021
"Akin, Keegan",669211,92.0,,,84.1,81.9,76.3,,,,,2021
"Velasquez, Vince",592826,93.2,92.0,,85.0,88.9,82.0,,,,,2021
"Arrieta, Jake",453562,,91.4,,88.3,87.0,80.4,,,,,2021
"Espino, Paolo",502179,89.0,,,79.5,83.7,71.1,,,77.5,,2021
"Luzardo, Jesús",666200,95.7,95.0,,83.4,86.5,,,,,,2021
"Hearn, Taylor",621368,95.1,93.8,89.6,84.3,86.9,,,,,,2021
"Pineda, Michael",501381,90.6,,,81.2,85.5,,,,,,2021
"Ross, Joe",605452,93.6,93.4,,84.6,88.6,,,,,,2021
"Ureña, José",570632,94.3,93.8,,85.3,89.8,,,,,,2021
"Stripling, Ross",548389,91.9,,,87.1,83.1,78.0,,,,,2021
"López, Pablo",641154,94.0,93.7,91.6,,88.0,80.2,,,81.0,,2021
"Alexander, Tyler",641302,90.5,90.2,86.1,82.2,83.7,74.8,,,,,2021
"González, Chi Chi",592346,91.9,90.6,87.8,85.7,84.3,81.1,,,,,2021
"Urquidy, José",664353,92.5,,,,84.4,77.2,,,79.3,,2021
"Fleming, Josh",676596,91.0,91.2,86.3,,81.8,78.6,,,,,2021
"Weathers, Ryan",677960,93.9,93.7,,86.6,86.6,,,,,,2021
"Eflin, Zach",621107,93.1,92.4,89.6,87.6,85.3,77.6,,,,,2021
"Suárez, Ranger",624133,93.7,92.9,,84.3,85.0,,,,,,2021
"Cobb, Alex",502171,93.2,92.7,,,,83.0,87.5,,,,2021
"Germán, Domingo",593334,93.4,93.6,,,86.5,81.1,,,,,2021
"Suarez, José",660761,92.9,91.3,,,82.3,78.3,,,,,2021
"Bieber, Shane",669456,92.7,,88.1,85.7,87.4,83.1,,,,,2021
"Peralta, Wily",503449,93.7,94.0,,82.5,,,81.3,,,,2021
"Megill, Tylor",656731,94.6,,,85.7,85.4,79.7,,,,,2021
"Williams, Trevor",592866,91.5,89.2,,83.0,84.3,77.7,,,,,2021
"Cortes, Nestor",641482,90.7,90.1,85.4,76.0,82.9,,,,77.5,,2021
"Bundy, Dylan",605164,90.7,90.7,,79.9,83.2,74.0,,,,,2021
"Anderson, Brett",474463,88.6,89.1,85.7,81.7,82.2,76.0,,,,,2021
"Ynoa, Huascar",660623,96.5,95.6,,85.1,88.5,,,,,,2021
"Ober, Bailey",641927,92.3,,,83.2,84.7,75.0,,,79.7,,2021
"Sheffield, Justus",656954,93.3,92.3,,81.7,85.8,,,,,,2021
"Sandoval, Patrick",663776,93.2,93.3,,85.4,84.6,78.4,,,85.3,,2021
"Kuhl, Chad",641771,94.2,94.1,,88.2,88.3,80.5,,,,,2021
"Hernández, Carlos",672578,97.2,,,85.3,,81.8,86.5,,,,2021
"Manning, Matt",666159,93.5,93.7,,85.4,87.5,78.6,87.8,,,,2021
"Morgan, Eli",669212,90.4,,86.6,85.2,74.8,76.3,,,,,2021
"Jax, Griffin",643377,92.6,93.0,92.4,,86.2,79.9,,,83.3,,2021
"Stratton, Chris",608717,93.0,92.2,,85.8,86.6,80.2,,,,,2021
"Shaw, Bryan",543766,94.8,94.7,92.8,,83.1,82.5,,,84.1,,2021
"Patiño, Luis",672715,95.7,94.6,,86.0,87.6,77.8,,,,,2021
"Hoffman, Jeff",656546,94.3,,,82.0,,77.5,86.0,,,,2021
"Flaherty, Jack",656427,93.6,90.9,,83.7,84.5,76.2,,,,,2021
"Glasnow, Tyler",607192,97.0,,,87.5,91.5,83.5,,,,,2021
"Kluber, Corey",446372,89.9,90.7,87.6,,84.7,81.9,,,,,2021
"Crismatt, Nabil",622503,90.1,89.6,,,82.3,71.5,,,,,2021
"Peacock, Matt",676840,92.9,93.4,,87.3,86.6,,,,,,2021
"Green, Chad",643338,95.7,95.8,,86.4,,84.5,,,85.5,,2021
"Stammen, Craig",489334,91.5,92.3,89.0,,86.3,80.4,,,,,2021
"Martinez, Carlos",593372,93.4,91.3,90.6,82.5,84.8,78.3,,,,,2021
"Boyd, Matthew",571510,92.0,91.0,,80.4,79.9,73.4,,,,,2021
"Hentges, Sam",656529,94.6,93.0,,86.2,88.4,80.2,,,,,2021
"Lynch IV, Daniel",663738,93.8,93.2,,85.2,84.7,77.4,,,,,2021
"Moore, Matt",519043,92.4,,89.6,,82.6,80.7,,,,,2021
"Reyes, Alex",621052,96.6,96.7,,86.4,90.3,79.4,,,,,2021
"Neris, Héctor",593576,94.1,94.8,,87.7,,,84.2,,,,2021
"Luetge, Lucas",476595,90.3,,88.3,81.3,,74.5,,,79.2,,2021
"Quintana, Jose",500779,91.5,91.6,,,86.7,78.5,,,,79.1,2021
"Gallegos, Giovanny",606149,94.4,,,85.6,87.1,,,,,,2021
"Mayers, Mike",594577,94.5,,91.1,85.1,87.7,76.7,,,,,2021
"Cishek, Steve",518553,89.7,90.2,,77.5,82.3,,,,,,2021
"Castro, Miguel",612434,,98.0,,85.7,92.1,,,,,,2021
"deGrom, Jacob",594798,99.2,,,91.6,91.4,83.3,,,,,2021
"Guerra, Junior",448855,92.2,93.0,,84.2,,80.8,84.1,,,,2021
"Barlow, Scott",605130,95.3,96.3,,85.0,,79.3,,,,,2021
"Suter, Brent",608718,87.3,88.7,,79.9,83.9,75.8,,,,,2021
"Widener, Taylor",642203,92.6,,85.7,84.0,85.6,79.0,,,,,2021
"Bard, Daniel",453268,97.5,97.1,,87.1,89.9,,,,,,2021
"Gray, Josiah",680686,94.6,,,85.7,89.2,83.8,,,,,2021
"Stephan, Trevor",663986,96.2,,,83.8,,,86.9,,,,2021
"Finnegan, Kyle",640448,95.6,,,87.5,,,87.5,,,,2021
"Rasmussen, Drew",656876,97.1,96.6,86.6,86.5,90.2,80.4,,,85.6,,2021
"Cabrera, Génesis",650893,97.6,97.7,,,89.7,80.9,,,,,2021
"Thompson, Zach",605507,92.2,92.1,87.1,,85.4,77.2,,,,,2021
"Funkhouser, Kyle",608335,95.8,95.5,,86.7,88.9,,,,,,2021
"Robles, Hansel",570663,96.7,96.3,,90.2,89.3,73.3,,,,,2021
"Fulmer, Michael",605242,95.5,95.7,91.2,,88.1,79.6,,,80.1,,2021
"Price, David",456034,92.9,92.9,88.9,,85.5,76.6,,,,,2021
"Trivino, Lou",642152,95.6,95.9,92.9,,87.3,77.8,,,,,2021
"Underwood Jr., Duane",621249,94.1,93.3,90.1,85.2,87.8,80.6,,,,,2021
"Maton, Phil",664208,91.5,,88.6,82.3,,76.0,,,81.4,,2021
"Stanek, Ryne",592773,97.6,,,87.1,,,88.0,,,,2021
"Woodford, Jake",663765,92.1,91.4,92.2,84.0,85.1,76.3,,,81.8,,2021
"Whitlock, Garrett",676477,96.3,95.8,84.8,83.7,83.1,,,,83.6,,2021
"Houck, Tanner",656557,94.5,93.2,,84.4,,,85.8,,,,2021
"Ottavino, Adam",493603,95.5,94.6,87.3,,88.4,77.3,,,80.6,,2021
"Kinley, Tyler",641755,95.9,96.0,,90.3,87.4,86.0,,,,,2021
"Wilson, Bryse",669060,93.0,92.5,86.7,86.0,86.8,77.0,,,,,2021
"Soto, Gregory",642397,98.3,98.2,,88.3,,,,,,,2021
"Rogers, Tyler",643511,82.8,82.7,,71.8,,,,,,,2021
"Kopech, Michael",656629,97.3,,,84.1,89.7,78.7,,,,,2021
"Holmes, Clay",605280,96.0,96.0,,87.7,,82.7,,,,,2021
"Peterson, David",656849,92.7,92.4,,82.2,83.9,76.6,,,,,2021
"Diekman, Jake",518617,95.4,95.2,,,87.2,,,,83.3,,2021
"May, Trevor",543507,96.5,,,84.0,87.0,,,,,,2021
"Weaver, Luke",596133,93.6,92.4,,87.3,85.4,78.0,,,,,2021
"Thielbar, Caleb",573204,91.3,,,,82.4,71.8,,,80.2,,2021
"Brentz, Jake",641394,96.9,97.1,,85.2,91.0,,,,,,2021
"Zimmermann, Bruce",669145,91.4,,,86.1,84.4,81.9,,,,,2021
"Hendriks, Liam",521230,97.7,,,89.0,91.6,85.8,,,,,2021
"Sewald, Paul",623149,92.3,,,,69.7,,,,81.7,,2021
"Colomé, Alex",517008,93.7,,89.5,,,,,,,,2021
"Pagán, Emilio",641941,94.9,,86.4,,87.2,84.3,86.3,,,,2021
"Staumont, Josh",622251,96.5,96.7,,,,81.3,,,,,2021
"Treinen, Blake",595014,97.7,97.4,93.3,85.9,90.0,,,,86.4,,2021
"Hembree, Heath",592390,95.3,,,86.5,,83.0,,,,,2021
"Guerra, Deolis",500610,90.7,90.8,,84.1,81.7,77.1,,,,,2021
"Oviedo, Johan",670912,94.9,,,85.7,86.4,76.9,,,,,2021
"Loáisiga, Jonathan",642528,97.8,98.3,,90.1,90.0,86.7,,,,,2021
"Petit, Yusmeiro",433589,87.6,,84.5,,80.8,74.9,,,,,2021
"Smith, Will",519293,92.8,,,82.2,,77.7,,,,,2021
"Sborz, Josh",622250,96.7,,,88.0,,83.3,,,,,2021
"Floro, Dylan",571670,93.8,93.7,,87.2,86.4,,,,,,2021
"Canning, Griffin",656288,93.6,,90.7,88.2,89.1,81.8,,,,,2021
"Hand, Brad",543272,92.9,93.1,,,,,,,80.1,,2021
"Boxberger, Brad",502202,93.5,,,88.0,82.5,,,,,,2021
"Jansen, Kenley",445276,,93.9,92.5,82.0,,,,,,,2021
"Smith, Riley",642092,92.6,92.9,84.2,82.2,86.5,79.3,,,,,2021
"Chacín, Jhoulys",468504,92.5,92.9,,88.2,84.7,81.2,,,,,2021
"Sulser, Cole",642121,93.2,,,86.3,84.0,77.3,,,,,2021
"Cisnero, José",542585,96.7,96.4,89.5,87.0,90.8,,,,,,2021
"Matzek, Tyler",554431,96.0,,,84.7,,80.8,,,,,2021
"Shoemaker, Matt",533167,91.6,91.7,,82.2,,77.3,85.2,,,,2021
"Santana, Ervin",429722,93.4,,,84.4,87.2,,,,,,2021
"Richards, Trevor",670950,92.7,,,84.2,84.5,,,,,,2021
"Iglesias, Raisel",628452,96.3,96.7,,85.1,89.4,,,,,,2021
"Jackson, Luke",592426,95.8,,,87.6,,84.1,,,,,2021
"Melancon, Mark",453343,92.0,,92.0,,,82.2,82.5,,,,2021
"Duffey, Tyler",608648,92.5,92.6,,84.1,,82.3,,,,,2021
"Heuer, Codi",676051,95.9,93.2,,87.3,87.2,,,,,,2021
"Johnson, Pierce",572955,95.5,,,,,84.3,,,,,2021
"Alvarado, José",621237,98.3,99.4,94.1,,,87.2,,,,,2021
"Romo, Sergio",489265,85.6,85.5,,77.0,80.3,,,,,,2021
"Clase, Emmanuel",661403,100.6,,100.2,91.9,,,,,,,2021
"Tate, Dillon",622253,95.4,95.5,86.0,,85.4,,,,80.7,,2021
"Ruiz, José",614179,97.0,97.5,,88.8,89.4,85.4,,,,,2021
"Scott, Tanner",656945,96.8,96.1,,88.5,,,,,,,2021
"Romano, Jordan",605447,97.6,97.8,,88.4,,,,,,,2021
"Cimber, Adam",643256,87.0,87.0,,78.4,,,,,,,2021
"Voth, Austin",608723,94.2,,90.2,,,78.6,88.2,,,,2021
"Wittgren, Nick",621295,92.5,92.3,88.2,83.6,85.7,,,,,,2021
"Familia, Jeurys",544727,97.2,96.4,,89.3,,,92.0,,,,2021
"Plutko, Adam",592644,91.6,,87.7,83.0,,76.9,,,,,2021
"Duffy, Danny",518633,93.7,93.6,,83.4,85.2,77.3,,,,,2021
"King, Michael",650633,95.2,93.9,88.0,,84.9,80.5,,,79.8,,2021
"Steckenrider, Drew",608716,94.0,,,,87.6,80.4,,,,,2021
"Karinchak, James",675916,95.9,,,,,83.2,,,,,2021
"Estévez, Carlos",608032,97.1,,,86.7,88.7,83.9,,,,,2021
"Chapman, Aroldis",547973,98.3,100.6,,85.1,,,88.4,,,,2021
"García, Jarlín",606424,93.1,93.4,,82.5,85.2,,,,,,2021
"Díaz, Edwin",621242,98.8,99.5,,90.6,,,,,,,2021
"Brothers, Rex",571521,94.5,,,86.2,,,,,,,2021
"Holland, Greg",518813,92.8,,,85.7,,77.4,,,,,2021
"Littell, Zack",641793,94.9,,,87.8,,,86.4,,,,2021
"Williams, Devin",642207,95.4,,,82.4,83.7,,,,,,2021
"Gonsolin, Tony",664062,93.8,,,86.9,,80.2,83.3,,,,2021
"Norris, Daniel",596057,92.7,,,84.8,86.9,,,,,,2021
"Feyereisen, J.P.",656420,93.1,93.5,,86.3,87.6,,,,,,2021
"Kremer, Dean",665152,92.6,92.7,87.2,,82.9,75.5,82.7,,83.9,,2021
"Kimbrel, Craig",518886,96.5,,,,,86.1,,,,,2021
"Mejía, J.C.",650496,93.0,92.6,,82.7,87.6,80.3,,,,,2021
"Kittredge, Andrew",552640,94.6,95.4,,88.9,88.8,,,,,,2021
"Strickland, Hunter",519326,94.9,93.7,,83.8,89.3,,,,,,2021
"Bender, Anthony",669622,97.5,96.8,,84.6,90.1,,,,84.9,,2021
"McHugh, Collin",543521,90.6,,87.6,,85.8,74.3,,,79.5,,2021
"Alvarez, Jose",501625,91.2,91.2,85.8,81.4,81.2,,,,,,2021
"Thompson, Keegan",624522,93.9,92.3,89.7,,86.7,82.5,,,,,2021
"Hader, Josh",623352,96.4,96.4,,83.6,87.7,,,,,,2021
"Steele, Justin",657006,93.2,92.9,,83.0,87.5,79.1,,,,,2021
"Adams, Austin",613534,94.1,93.9,,86.9,,,,,,,2021
"Hill, Tim",657612,92.0,91.1,87.4,84.7,86.1,,,,,,2021
"Watkins, Spenser",657093,90.8,87.9,86.7,,85.5,79.1,,,,,2021
"Bass, Anthony",542914,95.4,95.3,,85.9,,,87.9,,,,2021
"Pressly, Ryan",519151,95.4,95.2,,90.5,,82.0,,,,,2021
"Bummer, Aaron",607481,,95.4,88.1,,88.5,,,,83.0,,2021
"Cessa, Luis",570666,93.8,93.2,,82.7,87.9,,,,,,2021
"Tepera, Ryan",572193,93.3,93.3,,86.5,86.5,80.7,,,,,2021
"Chafin, Andrew",605177,91.8,92.1,,82.5,84.9,,,,,,2021
"Rodríguez, Richard",593144,93.1,,,81.3,,,,,,,2021
"Sawamura, Hirokazu",617228,96.0,,,86.3,,,91.6,,,,2021
"García, Yimi",554340,96.0,94.8,,90.5,88.6,83.6,,,88.9,,2021
"López, Reynaldo",625643,95.8,,,86.7,85.4,76.9,,,,,2021
"Howard, Spencer",675921,94.2,93.3,88.3,83.5,79.4,74.6,,,78.9,,2021
"Castillo, Diego",650895,95.4,94.6,,87.3,,,,,,,2021
"Pop, Zach",647315,94.3,95.4,90.3,85.8,,,,,,,2021
"Shreve, Chasen",592741,91.6,,,81.4,,,82.9,,82.2,,2021
"Bednar, David",670280,96.7,,,,,77.5,89.6,,,,2021
"Zimmer, Kyle",622092,94.1,94.9,,83.4,87.0,77.8,,,,,2021
"Brogdon, Connor",641401,96.0,94.9,88.6,,84.6,,,,,,2021
"Bradley, Archie",605151,94.0,93.9,,,85.5,78.2,,,,,2021
"Barnes, Matt",598264,95.8,,,,87.7,85.3,,,,,2021
"Martin, Brett",656685,93.6,93.1,,87.6,,82.4,,,,,2021
"Barria, Jaime",642545,93.1,92.6,,85.8,85.8,,,,,,2021
"Crochet, Garrett",676979,96.7,,,87.3,91.8,,,,85.0,,2021
"Young, Alex",622065,91.5,89.6,86.3,,85.3,82.3,,,,,2021
"de Geus, Brett",676969,91.9,93.8,88.4,,86.7,82.3,,,,,2021
"Thornton, Trent",663423,93.9,93.0,90.0,84.6,84.3,80.2,,,,,2021
"Santana, Dennis",642701,96.0,95.3,88.0,83.8,87.5,81.9,,,,,2021
"Kennedy, Ian",453178,94.1,,87.1,82.8,87.2,80.2,86.5,,,,2021
"Wells, Tyler",669330,95.2,,88.6,,88.4,78.8,,,,,2021
"Misiewicz, Anthony",664948,94.3,,88.7,81.8,,80.7,,,,,2021
"Carrasco, Carlos",471911,93.4,92.5,,87.7,87.3,82.3,,,,,2021
"Detwiler, Ross",446321,91.9,91.1,85.1,,85.4,77.3,,,,,2021
"McGee, Jake",459429,94.9,,,82.4,,,,,,,2021
"Minter, A.J.",621345,96.1,,89.0,,87.2,,,,,,2021
"Chargois, JT",608638,95.7,96.3,,87.6,,,,,,,2021
"Allen, Logan",663531,92.7,90.3,82.9,83.1,83.3,76.8,,,81.5,,2021
"Givens, Mychal",571710,94.7,,,86.1,82.3,,,,,,2021
"Montero, Rafael",606160,95.8,95.1,,85.7,89.7,,,,,,2021
"Fry, Paul",643316,92.8,,,85.1,91.3,,,,,,2021
"Graveman, Kendall",608665,96.3,96.6,,87.4,89.6,81.5,,,,,2021
"Dunn, Justin",643290,93.7,,,84.0,89.5,80.2,,,,,2021
"Almonte, Yency",622075,94.2,93.5,,83.7,87.3,,,,83.7,,2021
"Alcala, Jorge",660896,97.4,96.9,,89.7,90.0,,,,,,2021
"Jiménez, Joe",641729,94.7,,,84.5,90.0,,,,,,2021
"Watson, Tony",453265,92.5,92.3,,83.1,85.9,,,,,,2021
"Doolittle, Sean",448281,93.1,,,84.2,,79.7,80.4,,,,2021
"Raley, Brooks",548384,90.9,90.7,87.6,,85.8,79.0,,,81.8,,2021
"Hudson, Daniel",543339,97.0,96.7,,88.2,87.8,,,,,,2021
"Andriese, Matt",542882,92.0,89.6,85.8,,86.0,80.1,,,,,2021
"Anderson, Chase",502624,91.5,91.1,87.3,83.9,81.9,76.9,,,,,2021
"Leone, Dominic",608678,95.5,94.8,90.1,83.7,,,,,,,2021
"Howard, Sam",607572,93.4,,,84.9,83.9,,,,,,2021
"Mayza, Tim",641835,92.2,94.0,,88.0,,,,,,,2021
"Bielak, Brandon",656232,94.0,93.2,90.0,83.4,88.2,80.3,,,82.7,,2021
"Holland, Derek",502706,92.8,93.1,,,85.0,81.4,,,,,2021
"Loup, Aaron",571901,,92.4,84.7,,79.9,75.6,,,,,2021
"Lamet, Dinelson",659275,95.5,95.5,,86.5,91.4,,,,,,2021
"Garrett, Amir",607237,94.8,94.5,,85.2,,,,,,,2021
"Payamps, Joel",606303,94.8,94.4,,81.6,87.0,,,,,,2021
"Toussaint, Touki",657053,93.7,92.7,,,,76.2,87.2,,,,2021
"Hernández, Elieser",622694,90.9,90.6,,79.3,84.5,,,,,,2021
"Sims, Lucas",608371,95.1,,,85.6,90.9,82.3,,,,,2021
"Tomlin, Josh",458708,88.9,,86.0,,84.7,76.4,,,,,2021
"Helsley, Ryan",664854,97.4,97.5,,88.2,87.4,79.0,,,,,2021
"Clay, Sam",621348,,92.3,,84.4,87.0,,,,,,2021
"LeBlanc, Wade",453281,87.5,87.6,85.0,,79.5,73.3,,,,,2021
"Taylor, Josh",657031,94.6,94.5,,87.2,,80.2,,,,,2021
"Winkler, Dan",595465,94.0,92.7,91.2,,,82.4,,,,,2021
"Wisler, Matt",605538,91.5,,,81.5,,,,,,,2021
"Peralta, Wandy",593974,95.6,94.9,,88.1,87.8,,,,,,2021
"Bickford, Phil",641360,93.9,92.3,,84.0,84.9,,,,,,2021
"De Jong, Chase",608328,92.9,93.3,,85.1,86.2,77.8,,,,,2021
"Turnbull, Spencer",605513,93.8,94.9,,85.3,87.1,79.8,,,,,2021
"Fairbanks, Pete",664126,97.1,,,85.7,94.1,,,,,,2021
"Davis, Wade",451584,92.7,91.4,88.6,,84.4,81.9,,,,,2021
"Stephenson, Robert",596112,96.5,,81.9,83.0,,81.0,87.2,,,,2021
"Dobnak, Randy",677976,93.5,91.6,,84.2,84.5,,,,,,2021
"White, Mitch",669952,94.4,96.3,,87.7,87.3,82.0,,,86.0,,2021
"Santillan, Tony",663574,95.0,,,85.1,88.8,,,,,85.2,2021
"Suero, Wander",593833,,,92.0,,87.0,78.8,,,,,2021
"Rodríguez, Joely",570257,93.9,94.1,,85.7,88.4,,,,,,2021
"Valdez, César",491624,85.3,84.9,,76.8,77.9,,,,,,2021
"Wells, Alex",649144,88.5,,,81.1,83.2,72.7,,,,,2021
"Hernández, Darwinzon",650382,94.8,95.2,,83.5,,79.5,,,,,2021
"Clarke, Taylor",664199,95.5,,,87.6,89.3,78.7,,,,,2021
"Springs, Jeffrey",605488,93.4,,,82.9,84.0,,,,,,2021
"Wendelken, J.B.",605525,94.3,93.2,,83.5,85.9,79.7,,,,,2021
"Taylor, Blake",642130,93.1,,,82.6,,,,,,,2021
"Sale, Chris",519242,93.6,92.6,,78.0,86.5,,,,,,2021
"Long, Sam",669674,92.6,92.4,,86.7,80.4,74.9,,,,,2021
"Garcia, Bryan",650530,93.5,94.0,,86.7,85.8,,,,,,2021
"Gilbreath, Lucas",656458,93.3,,,81.8,,,84.4,,,,2021
"Lugo, Seth",607625,94.2,93.4,,88.2,86.8,79.2,,,,,2021
"Foster, Matt",641582,93.6,,90.5,85.2,84.3,,,,,,2021
"Castellanos, Humberto",528748,90.4,90.4,86.8,,84.1,76.2,,,,,2021
"Farmer, Buck",571656,94.0,89.4,,82.5,87.7,,,,,,2021
"Parker, Blake",453284,90.7,,88.9,,,75.8,79.3,,,,2021
"Ponce, Cody",664074,93.2,,89.4,83.9,86.1,79.5,,,,,2021
"Coonrod, Sam",656322,98.5,97.7,92.2,90.2,90.4,88.7,,,88.0,,2021
"Kelly, Joe",523260,97.5,97.7,,,86.9,87.1,,,,,2021
"Mikolas, Miles",571945,93.2,92.8,,87.4,87.4,76.5,,,,,2021
"Patton, Spencer",607359,93.4,89.4,,83.7,,,85.6,,,,2021
"Curtiss, John",595928,94.9,,,87.6,,,,,,,2021
"De Los Santos, Enyel",660853,94.8,,,82.2,87.4,,,,,,2021
"Arihara, Kohei",685503,91.2,90.1,87.1,81.8,81.8,74.1,83.0,,,,2021
"King, John",667463,86.4,92.2,87.3,80.2,78.7,,,,78.9,,2021
"Díaz, Miguel",622766,94.4,95.1,,87.9,86.0,,,,,,2021
"Abreu, Bryan",650556,95.6,96.1,,88.9,,86.6,,,,,2021
"Armstrong, Shawn",542888,93.9,,89.2,,,,,,,85.4,2021
"Bleier, Richard",542947,90.2,90.0,87.2,78.9,83.1,,,,,,2021
"Valdez, Phillips",570488,92.3,92.7,,83.0,85.3,,,,,,2021
"Blackburn, Paul",621112,90.8,91.1,87.2,84.4,85.8,79.0,,,,,2021
"Smith, Burch",572143,93.4,,84.1,83.5,82.1,78.7,,,,,2021
"Muller, Kyle",666205,93.4,93.5,,86.6,88.0,80.4,,,,,2021
"Bowden, Ben",641386,92.4,,,81.1,82.4,,,,,,2021
"Kranick, Max",668820,94.2,94.4,,87.9,87.4,79.5,,,,,2021
"Newcomb, Sean",656794,95.6,95.5,87.4,,89.8,80.0,,,,,2021
"Cahill, Trevor",502239,90.4,89.7,85.2,,82.3,78.6,,,,,2021
"Rainey, Tanner",663432,96.3,,,87.7,87.6,,,,,,2021
"Holloway, Jordan",656548,95.4,95.9,,85.4,90.4,79.2,,,,,2021
"Martin, Chris",455119,94.8,94.6,90.9,,,83.8,87.4,,83.1,,2021
"Minaya, Juan",573668,95.2,,,85.4,88.9,,,,,,2021
"Barnes, Charlie",656212,89.4,89.8,,81.8,79.3,73.6,,,,,2021
"Keller, Kyle",664918,94.5,,,,,81.4,,,,,2021
"Ponce de Leon, Daniel",594965,93.0,91.7,89.2,,86.1,77.0,,,,,2021
"Vesia, Alex",681911,93.8,,,85.0,85.9,,,,,,2021
"Smith, Joe",501925,87.4,85.7,,77.4,77.4,,,,,,2021
"Kay, Anthony",641743,94.5,,88.0,82.5,86.2,77.8,,,,,2021
"Lucchesi, Joey",664192,90.8,91.0,91.9,,,78.5,81.8,,,,2021
"Abreu, Albert",656061,97.8,98.0,,87.3,88.2,81.0,,,,,2021
"Rogers, Taylor",573124,,95.7,,,,,,,84.0,,2021
"Faria, Jake",607188,92.3,93.2,,84.7,,75.9,82.4,,,,2021
"Lange, Alex",656638,96.4,97.1,,89.2,89.0,84.6,,,,,2021
"Kowar, Jackson",663804,95.6,,,83.1,86.2,78.2,,,,,2021
"Junis, Jakob",596001,90.8,90.9,88.7,82.8,84.8,77.6,,,,,2021
"Machado, Andrés",600921,94.9,93.9,,84.5,87.9,,,,,,2021
"Mantiply, Joe",573009,91.4,91.1,,,83.4,80.8,,,,,2021
"Miller, Andrew",453192,87.9,88.9,,78.1,,,,,,,2021
"Smith, Drew",622098,95.0,94.9,87.8,89.2,85.1,77.4,,,,,2021
"Banda, Anthony",607455,94.1,,85.5,80.3,86.2,81.0,,,,,2021
"Santana, Edgar",650828,93.2,94.3,,86.6,,,,,,,2021
"Vest, Will",676684,93.5,,,85.2,84.5,,,,,,2021
"Soria, Joakim",465657,92.8,93.3,,77.7,87.6,70.0,,,,,2021
"Dolis, Rafael",503569,94.3,94.8,,86.4,,,86.8,,,,2021
"Garrett, Braxton",666129,90.3,89.1,,82.7,84.5,76.8,,,,,2021
"Wilson, Justin",458677,93.6,,89.6,81.7,,,,,,,2021
"Sandlin, Nick",680704,94.4,94.5,,79.3,,,87.3,,,,2021
"Okert, Steven",595345,92.2,92.0,,80.6,,,,,,,2021
"Gilbert, Tyler",656457,89.7,89.5,86.3,,,75.5,80.1,,,,2021
"Neidert, Nick",663734,91.7,,85.6,84.5,83.3,74.4,,,,,2021
"Sanchez, Aaron",592717,90.1,89.8,,,83.3,74.2,,,,,2021
"Burr, Ryan",621114,94.7,,86.7,78.5,,,,,,,2021
"Yang, Hyeon-Jong",660365,89.9,,,80.5,81.4,72.1,,,,,2021
"Chatwood, Tyler",543022,95.8,95.5,88.9,,87.3,81.0,,,,,2021
"Claudio, Alex",592222,85.4,85.3,,75.6,72.7,,,,,,2021
"Sadler, Casey",594987,93.4,93.1,88.2,,90.4,79.6,,,,,2021
"Oviedo, Luis",665854,94.3,,,81.7,85.3,75.1,,,,,2021
"Ramirez, Noé",598287,89.1,,,,84.1,76.7,,,,,2021
"Brach, Brad",542960,93.6,93.8,91.6,83.6,86.1,,,,,,2021
"Lowther, Zac",675912,90.7,,,81.1,83.3,75.3,,,,,2021
"Barnes, Jacob",606930,94.8,,88.7,84.4,87.2,,,,,,2021
"Webb, Jacob",657097,94.1,,,,83.6,81.2,,,,,2021
"Harper, Ryne",607560,86.5,,,76.6,,71.5,,,,,2021
"Slegers, Aaron",642083,91.9,91.6,,86.0,87.0,,,,,,2021
"Maples, Dillon",596027,95.1,95.4,,87.5,,84.1,,,,,2021
"Swanson, Erik",657024,94.7,,,86.2,,,83.6,,,,2021
"Goudeau, Ashton",623485,92.7,,,,85.1,76.6,,,,,2021
"González, Victor",624647,,94.3,,85.2,,,,,,,2021
"Ginkel, Kevin",656464,94.7,84.6,,83.8,85.0,,,,,,2021
"Sampson, Adrian",592716,92.2,91.6,85.7,83.5,85.4,,,,,,2021
"Falter, Bailey",663559,91.7,91.8,,84.5,83.7,76.1,,,,,2021
"Poteet, Cody",547001,93.6,,,85.6,86.8,79.1,,,,,2021
"Head, Louis",545343,93.7,,,82.3,89.8,,,,,,2021
"Cotton, Jharel",605194,93.2,,86.5,81.8,80.0,76.7,,,,,2021
"Hendrix, Ryan",641682,96.4,91.0,95.3,85.9,,75.7,,,,,2021
"Rogers, Josh",642028,90.5,89.2,,82.1,82.3,75.2,,,,,2021
"Cousins, Jake",664776,94.5,95.4,,83.3,88.4,,,,,,2021
"Gil, Luis",661563,96.1,,,85.2,92.3,,,,,,2021
"Ashby, Aaron",676879,97.0,96.5,,83.7,88.9,78.8,,,,,2021
"Middleton, Keynan",641871,95.4,,,85.5,87.7,,,,,,2021
"Antone, Tejay",622088,96.8,,,83.7,,79.4,,,,,2021
"Coulombe, Danny",543056,90.4,90.2,,84.5,,78.4,,,,,2021
"Chavez, Jesse",445926,91.1,91.2,88.8,82.5,84.6,81.6,,,,,2021
"Graterol, Brusdar",660813,99.3,100.0,95.3,88.1,,,,,,,2021
"Nelson, Jimmy",519076,93.8,,,86.5,,85.1,,,,,2021
"Evans, Demarcus",663770,91.0,,85.9,,,79.6,,,,,2021
"Tapia, Domingo",593619,97.7,97.2,91.4,87.7,89.2,,,,,,2021
"McGowin, Kyle",641851,91.2,90.9,,81.1,,,,,,,2021
"Workman, Brandon",519443,91.1,,87.0,,,78.4,,,,,2021
"Knehr, Reiss",663753,93.5,92.5,88.5,81.8,88.9,,,,,,2021
"Diplán, Marcos",650959,93.7,,,83.0,86.0,81.0,,,,,2021
"McFarland, T.J.",519008,,88.8,81.1,79.5,82.1,,,,79.1,,2021
"Kintzler, Brandon",445213,92.2,92.0,,85.4,86.8,,,,,,2021
"Zuber, Tyler",676604,94.6,,,84.6,85.5,79.5,,,84.0,,2021
"Rodriguez, Chris",669735,94.6,95.8,,89.9,89.8,84.6,,,,,2021
"Garza, Justin",621057,94.8,,89.8,83.7,85.0,,,,,,2021
"Lakins Sr., Travis",664042,93.4,93.1,91.3,,87.9,80.7,,,,,2021
"García, Luis",472610,98.3,98.3,,86.0,,,88.7,,,,2021
"Burnes, Corbin",669203,96.4,96.3,95.0,88.2,90.3,81.7,,,,,2022
"Cole, Gerrit",543037,97.8,98.6,92.0,88.7,89.7,83.0,,,,,2022
"Alcantara, Sandy",645261,98.0,97.8,,90.0,91.8,86.2,,,,,2022
"Mikolas, Miles",571945,93.5,92.9,,87.7,82.6,76.0,,,,,2022
"Wainwright, Adam",425794,88.0,88.6,84.3,75.3,82.2,72.8,,,,,2022
"Cease, Dylan",656302,96.8,96.5,,87.4,77.9,81.1,,,,,2022
"Pivetta, Nick",601713,93.4,,86.2,83.0,91.9,77.2,87.0,,,,2022
"Kelly, Merrill",518876,92.6,92.5,90.8,85.0,88.6,82.2,,,,,2022
"Ray, Robbie",592662,93.4,93.3,,87.2,86.9,79.7,,,,,2022
"Nola, Aaron",605400,92.8,92.1,86.8,,85.9,78.6,,,,,2022
"Valdez, Framber",664285,94.1,93.9,,83.0,88.8,79.2,,,,,2022
"Gilbert, Logan",669302,96.1,94.7,,86.9,86.2,80.8,,,,,2022
"Webb, Logan",657277,92.3,91.8,,,86.4,,,,82.5,,2022
"Lyles, Jordan",543475,91.8,90.7,84.9,,86.3,79.1,,,80.0,,2022
"Rodón, Carlos",607074,95.5,95.1,,85.4,84.6,79.8,,,,,2022
"Pérez, Martín",527048,92.9,92.6,89.9,84.5,84.4,78.8,,,,,2022
"Darvish, Yu",506433,95.0,94.7,90.7,86.0,,76.1,89.2,,82.7,,2022
"Manoah, Alek",666201,93.9,93.3,,81.5,86.5,,,,,,2022
"Gallen, Zac",668678,94.1,94.7,89.9,86.7,86.2,81.6,,,,,2022
"Quantrill, Cal",615698,93.9,93.5,88.5,,85.3,82.7,,,,,2022
"López, Pablo",641154,93.6,93.4,88.7,,87.5,80.9,,,,,2022
"Morton, Charlie",450203,94.9,94.7,88.4,,87.2,81.3,,,,,2022
"Bassitt, Chris",605135,93.2,92.8,89.0,82.7,85.4,71.6,,,75.2,,2022
"Bieber, Shane",669456,91.3,91.4,86.9,85.0,86.4,82.0,,,,,2022
"Márquez, Germán",608566,95.6,95.1,,87.7,87.8,86.5,,,,,2022
"Freeland, Kyle",607536,90.3,89.6,85.5,,84.8,80.9,,,,,2022
"Gonzales, Marco",594835,88.5,88.3,86.1,,79.4,76.6,,,,,2022
"Musgrove, Joe",605397,92.9,92.3,90.1,82.9,86.5,81.3,,,,,2022
"Fried, Max",608331,94.0,93.6,,87.3,86.5,74.2,,,80.0,,2022
"McKenzie, Triston",663474,92.5,,,87.3,,79.4,,,,,2022
"Taillon, Jameson",592791,94.1,94.2,90.7,86.2,87.8,81.1,,,84.1,,2022
"Gausman, Kevin",592332,95.0,,,84.4,84.5,,85.2,,,,2022
"Giolito, Lucas",608337,92.6,91.5,,84.4,81.0,79.2,,,,,2022
"Gibson, Kyle",502043,92.0,91.7,89.4,83.4,84.7,79.2,,,83.0,,2022
"Quintana, Jose",500779,91.2,91.4,,,86.4,78.3,,,,78.6,2022
"Berríos, José",621244,94.0,93.9,,,84.6,,,,,82.9,2022
"Bumgarner, Madison",518516,91.2,90.8,87.4,83.3,85.5,78.6,,,,,2022
"Montgomery, Jordan",656756,93.0,93.0,88.3,,82.3,80.2,,,,,2022
"Wright, Kyle",657140,95.2,94.4,,90.1,88.1,84.7,,,,,2022
"Lauer, Eric",641778,93.3,92.8,89.6,86.5,87.2,78.2,,,,,2022
"Keller, Mitch",656605,95.6,94.4,,87.1,91.2,78.7,,,83.2,,2022
"Urquidy, José",664353,93.5,93.9,87.4,,86.1,78.1,,,80.1,,2022
"Ohtani, Shohei",660271,97.3,97.2,90.7,85.2,,77.6,89.3,,85.3,,2022
"Corbin, Patrick",571578,92.0,92.8,,81.7,82.4,74.2,,,,,2022
"Urías, Julio",628711,93.1,,,,86.2,,,,,80.9,2022
"Irvin, Cole",608344,90.7,90.3,87.1,,83.0,77.5,,,,,2022
"Verlander, Justin",434378,95.0,94.6,,87.4,86.2,79.0,,,,,2022
"Gray, Josiah",680686,94.4,94.6,87.4,85.8,88.1,82.7,,,,,2022
"Anderson, Tyler",542881,90.7,88.8,85.7,,79.0,73.2,,,,,2022
"Suárez, Ranger",624133,93.2,92.5,89.5,82.4,84.9,76.6,,,,,2022
"Javier, Cristian",664299,93.8,94.6,,,85.3,76.5,,,79.8,,2022
"Dunning, Dane",641540,88.7,89.5,87.1,78.8,84.0,80.1,,,77.1,,2022
"Woodruff, Brandon",605540,96.3,95.8,,88.0,86.1,84.0,,,,,2022
"Castillo, Luis",622491,97.1,96.9,,86.5,88.4,,,,,,2022
"Walker, Taijuan",592836,93.7,92.8,88.4,84.9,,75.0,88.8,,83.2,,2022
"Manaea, Sean",640455,91.4,90.7,,81.6,84.9,80.7,,,77.3,,2022
"Garcia, Luis",677651,94.0,90.0,85.3,,84.7,77.0,,,79.5,,2022
"Cortes, Nestor",641482,91.8,84.5,86.9,,82.9,72.1,,,77.1,,2022
"McClanahan, Shane",663556,96.7,,,89.3,87.7,82.0,,,,,2022
"Sandoval, Patrick",663776,93.1,93.4,,86.3,83.7,78.6,,,,,2022
"Kluber, Corey",446372,88.9,88.9,86.3,,82.9,80.7,,,,,2022
"Lynch IV, Daniel",663738,94.0,93.3,,86.0,84.8,81.6,,,,,2022
"Fedde, Erick",607200,89.6,92.6,89.2,,86.0,78.4,,,,,2022
"Cobb, Alex",502171,95.4,94.8,,85.1,,83.8,89.6,,,,2022
"Carrasco, Carlos",471911,93.2,91.9,,84.8,87.4,81.1,,,,,2022
"Ryan, Joe",657746,92.0,86.7,,82.3,84.7,74.9,83.9,,80.0,,2022
"Brubaker, JT",664141,92.7,93.1,,86.7,87.3,80.0,,,,,2022
"Singer, Brady",663903,93.1,93.8,,85.5,86.9,,,,,,2022
"Cueto, Johnny",456501,91.4,91.4,86.9,83.5,82.6,69.9,,,,,2022
"Kuhl, Chad",641771,93.2,92.8,,86.5,87.9,79.5,,,,,2022
"Wheeler, Zack",554430,95.9,95.4,90.6,,89.5,81.3,,,,,2022
"Snell, Blake",605483,95.8,,,88.9,87.1,81.4,,,,,2022
"Montas, Frankie",593423,96.1,95.6,89.5,87.2,,,86.4,,,,2022
"Davies, Zach",605200,89.7,89.5,87.6,76.0,79.7,74.7,,,,,2022
"Strider, Spencer",675911,98.2,,,86.3,88.9,,,,,,2022
"Keller, Brad",641745,94.5,93.4,,86.9,90.3,,,,,,2022
"Greinke, Zack",425844,89.2,89.5,85.8,81.8,86.5,72.0,,,,,2022
"Bubic, Kris",663460,91.9,89.8,,,80.7,79.4,,,,,2022
"Hudson, Dakota",641712,91.3,91.9,,87.8,86.5,80.5,,,,,2022
"Wood, Alex",622072,91.9,92.4,,84.5,85.7,,,,,,2022
"Rasmussen, Drew",656876,95.5,94.9,90.3,85.4,,79.6,,,84.6,,2022
"Kaprielian, James",621076,94.0,94.4,85.8,85.0,85.2,79.3,,,,,2022
"Otto Jr., Glenn",657248,92.2,92.1,,,88.1,81.2,,,81.1,,2022
"Flexen, Chris",623167,91.7,90.4,87.4,81.2,81.1,74.6,,,80.2,,2022
"Greene, Hunter",668881,98.9,97.9,,88.1,90.1,,,,,,2022
"Detmers, Reid",672282,93.2,93.2,,86.3,84.2,73.1,,,80.2,,2022
"Stroman, Marcus",573186,92.6,92.0,90.0,86.4,,,87.0,,,84.6,2022
"Bundy, Dylan",605164,89.0,89.8,,79.1,81.1,72.2,,,,,2022
"Scherzer, Max",453286,94.0,,89.3,85.0,84.1,75.0,,,,,2022
"Plesac, Zach",668676,91.9,90.4,,85.4,85.7,79.3,,,,,2022
"Springs, Jeffrey",605488,91.4,89.9,,85.4,81.1,,,,,,2022
"Mahle, Tyler",641816,93.2,92.2,85.5,83.9,,,85.4,,,,2022
"Kirby, George",669923,95.3,94.7,88.3,85.5,86.0,80.8,,,,,2022
"Thompson, Zach",605507,92.3,92.2,86.8,,85.7,76.6,,,,,2022
"Gray, Jon",592351,95.9,95.6,,85.8,88.7,77.8,,,84.9,,2022
"Gomber, Austin",596295,91.0,92.1,,84.3,82.0,75.8,,,,,2022
"Stripling, Ross",548389,91.9,89.9,,87.1,82.6,76.1,,,,,2022
"Steele, Justin",657006,92.2,91.6,,82.0,87.8,78.4,,,,,2022
"Lynn, Lance",458681,93.0,91.4,88.8,86.0,85.8,82.0,,,,,2022
"Syndergaard, Noah",592789,94.1,93.6,85.8,85.2,88.5,77.8,88.7,,,,2022
"Gonsolin, Tony",664062,93.1,93.3,,87.5,,80.7,83.5,,,,2022
"Kopech, Michael",656629,94.9,95.1,,84.4,85.2,79.0,,,,,2022
"Anderson, Ian",666120,94.0,,,,88.2,81.7,,,,,2022
"Bradish, Kyle",680694,94.6,95.3,,86.9,89.9,83.2,,,,,2022
"Hill, Rich",448179,88.5,,84.2,,82.8,71.8,,,69.2,,2022
"Wacha, Michael",608379,93.1,92.6,88.8,,84.3,74.7,,,,,2022
"Kremer, Dean",665152,93.5,91.5,88.0,,83.7,76.5,83.5,,,,2022
"Rogers, Trevor",669432,94.6,93.7,,80.7,85.7,,,,,,2022
"Clevinger, Mike",605182,93.6,93.0,86.6,,86.3,76.7,,,79.9,,2022
"Skubal, Tarik",669373,94.1,94.8,,89.3,83.6,76.9,,,,,2022
"Peterson, David",656849,93.7,93.2,,84.4,85.9,78.5,,,,,2022
"Ashby, Aaron",676879,95.5,95.7,,83.5,89.1,79.7,,,,,2022
"Thompson, Keegan",624522,93.5,92.8,89.8,,86.1,81.3,,,83.9,,2022
"Espino, Paolo",502179,88.5,,,80.7,83.6,71.3,,,77.7,,2022
"Gray, Sonny",543243,92.1,92.0,88.8,83.2,87.1,78.7,,,81.6,,2022
"Houser, Adrian",605288,94.3,93.7,,85.0,85.4,81.1,,,,,2022
"Kikuchi, Yusei",579328,94.9,96.4,91.1,86.6,87.0,85.2,,,,,2022
"Kershaw, Clayton",477132,90.7,91.4,,86.6,83.8,73.2,,,,,2022
"Wilson, Bryse",669060,92.7,92.1,86.0,82.5,86.1,77.5,83.3,,,,2022
"Junis, Jakob",596001,91.9,91.9,85.6,83.1,84.8,,,,,,2022
"Odorizzi, Jake",543606,92.1,92.0,87.6,82.6,,71.9,85.1,,,,2022
"Heasley, Jonathan",669169,93.3,92.9,,85.6,84.9,78.5,,,,,2022
"Archer, Chris",502042,93.0,,,88.7,87.0,81.7,,,,,2022
"Hearn, Taylor",621368,94.8,93.8,88.8,84.9,87.6,,,,,,2022
"Suarez, José",660761,92.7,91.7,,81.8,82.4,77.9,,,79.5,,2022
"Voth, Austin",608723,93.5,87.9,89.5,,87.1,77.5,,,83.7,,2022
"Blackburn, Paul",621112,91.5,91.7,87.1,,86.0,78.8,,,79.1,,2022
"Hutchison, Drew",571800,92.4,92.7,,86.0,86.5,,,,,,2022
"Ashcraft, Graham",668933,98.1,97.2,97.3,85.8,89.8,,,,,,2022
"Pallante, Andre",669467,95.2,94.8,,86.9,83.1,76.5,,,,,2022
"Minor, Mike",501985,90.4,90.1,,85.4,84.2,79.2,,,,,2022
"Eovaldi, Nathan",543135,95.7,94.6,90.6,85.9,,78.3,87.8,,,,2022
"Smyly, Drew",592767,92.3,92.6,88.6,,82.6,78.7,,,,,2022
"Martinez, Nick",607259,93.4,93.2,88.6,,79.7,81.7,,,,,2022
"White, Mitch",669952,93.7,94.0,,86.8,87.2,80.2,,,85.4,,2022
"Sampson, Adrian",592716,92.5,91.9,84.9,83.1,85.1,,,,,,2022
"Lodolo, Nick",666157,94.4,94.2,,,88.3,81.5,,,,,2022
"Feltner, Ryan",663372,94.5,93.5,,84.6,83.8,77.9,,,82.1,,2022
"Lorenzen, Michael",547179,94.7,93.8,90.5,84.7,85.7,81.3,,,83.0,,2022
"Wells, Tyler",669330,93.5,,87.5,,86.7,76.3,,,79.5,,2022
"Luzardo, Jesús",666200,96.3,95.6,,83.7,87.2,,,,,,2022
"Watkins, Spenser",657093,91.4,90.4,87.1,78.3,86.1,76.8,,,78.4,,2022
"Ureña, José",570632,96.0,95.6,,86.8,90.2,,,,,,2022
"Severino, Luis",622663,96.3,96.1,90.3,85.1,88.8,,,,,,2022
"Alexander, Tyler",641302,90.0,90.1,85.5,80.8,82.8,,,,77.4,,2022
"Contreras, Roansy",672710,95.6,,,83.8,89.7,78.9,,,,,2022
"Civale, Aaron",650644,90.8,91.3,86.4,81.6,,75.9,85.5,,79.0,,2022
"Senzatela, Antonio",622608,94.3,92.6,,86.2,86.9,78.2,,,,,2022
"Rodriguez, Eduardo",593958,91.7,91.7,88.7,82.8,85.5,,,,,,2022
"Garrett, Braxton",666129,91.5,90.9,84.8,84.0,85.9,78.7,,,,,2022
"Williams, Trevor",592866,91.2,89.0,,83.2,84.4,78.6,,,,,2022
"Crowe, Wil",640444,95.1,94.4,,87.6,85.9,81.6,,,87.1,,2022
"Yarbrough, Ryan",642232,86.7,85.7,82.3,,78.6,,,,71.3,70.0,2022
"Peralta, Freddy",642547,92.6,,,80.3,85.9,75.8,,,,,2022
"Hendricks, Kyle",543294,86.9,86.5,,,79.9,72.7,,,,,2022
"Burke, Brock",656271,95.1,93.3,,87.2,88.1,,,,,,2022
"Crawford, Kutter",676710,94.6,,88.7,85.1,86.8,79.7,86.1,,,,2022
"Falter, Bailey",663559,91.5,91.0,,83.5,83.1,76.6,,,,,2022
"Oller, Adam",670124,93.3,93.5,89.5,84.2,86.5,80.4,,,,81.2,2022
"Brieske, Beau",689225,94.3,93.6,,86.2,82.0,78.1,,,,,2022
"Velasquez, Vince",592826,93.2,91.9,,84.7,88.2,81.5,,,,,2022
"Scott, Tanner",656945,96.9,,,89.2,,,,,,,2022
"Gore, MacKenzie",669022,94.7,,,87.4,84.8,80.8,,,,,2022
"Moore, Matt",519043,93.9,,,,85.0,83.6,,,,,2022
"Cessa, Luis",570666,93.3,93.6,,82.9,87.8,,,,,,2022
"Akin, Keegan",669211,93.5,,,85.3,84.1,75.1,,,,,2022
"Smith, Caleb",592761,91.9,93.2,,85.4,83.6,78.9,,,,,2022
"Sánchez, Aníbal",434671,89.8,89.1,87.2,83.0,79.9,75.4,,,,,2022
"Heaney, Andrew",571760,93.0,,,83.4,85.0,,,,,,2022
"Ramírez, Erasmo",541640,93.8,93.1,89.2,,85.4,80.6,,,,,2022
"Cabrera, Edward",665795,96.0,95.9,,86.9,92.4,83.8,,,,,2022
"Coleman, Dylan",669395,97.6,98.0,,85.9,,,,,82.1,,2022
"Adon, Joan",672851,95.0,94.6,,86.2,87.4,79.7,,,,,2022
"Nelson, Nick",656793,96.3,91.4,,89.9,87.9,81.9,,,,,2022
"Chavez, Jesse",445926,91.5,91.2,89.1,,85.5,76.9,,,,,2022
"Barlow, Scott",605130,93.6,92.5,,84.1,,78.6,,,,,2022
"Winckowski, Josh",670174,93.6,94.1,88.5,84.8,90.6,,,,,,2022
"Eflin, Zach",621107,93.1,92.7,90.0,85.5,87.0,78.3,,,,,2022
"Baker, Bryan",641329,96.2,,,87.3,84.0,,,,,,2022
"Cishek, Steve",518553,89.3,89.8,,76.5,83.1,,,,,,2022
"De Jong, Chase",608328,92.8,,,83.6,86.2,77.7,88.6,,,,2022
"Diekman, Jake",518617,95.7,95.2,,,86.4,,,,81.4,,2022
"Rogers, Tyler",643511,83.3,83.2,,72.1,,,,,,,2022
"Whitlock, Garrett",676477,95.6,95.2,,83.4,84.6,,,,81.2,,2022
"Keuchel, Dallas",572971,88.0,87.2,85.2,77.0,79.2,,,,,,2022
"Richards, Trevor",670950,93.4,,,85.1,84.1,,,,,,2022
"López, Jorge",605347,97.2,97.7,,87.4,90.0,84.1,,,,,2022
"Alexander, Jason",669920,93.0,92.4,,,81.5,,,,81.2,,2022
"Jax, Griffin",643377,95.4,95.6,,,89.8,82.6,,,86.4,,2022
"Phelps, David",475479,93.2,93.2,89.8,,86.5,81.7,,,,,2022
"Wick, Rowan",592858,94.9,91.7,93.1,82.2,82.9,76.8,,,,,2022
"Smeltzer, Devin",656970,89.4,89.9,84.8,,82.2,75.2,,,77.0,,2022
"Zimmermann, Bruce",669145,90.6,90.5,84.2,85.1,84.7,81.1,,,,,2022
"Pagán, Emilio",641941,95.6,,85.8,84.6,,80.2,88.4,,,,2022
"Barria, Jaime",642545,92.2,91.7,,85.3,85.0,,,,,,2022
"Doval, Camilo",666808,,98.4,99.4,87.7,,,,,,,2022
"Davis, Austin",656354,94.1,93.6,91.9,,86.3,79.5,,,80.5,,2022
"Ruiz, José",614179,96.9,96.0,,,89.9,86.3,,,,,2022
"Winder, Josh",680739,94.0,,,84.3,88.9,81.0,,,,,2022
"Minter, A.J.",621345,96.6,,90.3,,87.6,,,,,,2022
"Soto, Gregory",642397,98.7,98.2,,89.3,91.8,,,,,,2022
"Stratton, Chris",608717,92.8,92.9,,86.7,86.8,80.8,,,,,2022
"Hernández, Elieser",622694,91.6,91.9,,80.1,84.6,,,,,,2022
"Montero, Rafael",606160,96.4,95.9,,87.9,91.1,,,,,,2022
"Brebbia, John",605154,94.4,95.3,,84.0,,,,,,,2022
"Boxberger, Brad",502202,92.7,,,87.3,81.2,,,,,,2022
"Maton, Phil",664208,91.0,90.2,86.4,,84.2,74.5,,,80.9,,2022
"Milner, Hoby",571948,89.1,88.9,,,81.3,,,,79.5,,2022
"McHugh, Collin",543521,91.0,,88.9,,,72.5,,,80.2,,2022
"Leiter Jr., Mark",643410,91.1,90.9,87.4,79.4,,73.2,84.2,,,,2022
"Rogers, Taylor",573124,93.6,94.3,,,,,,,80.9,,2022
"Vest, Will",676684,95.1,94.2,,86.4,86.8,,,,,,2022
"Strickland, Hunter",519326,95.0,94.1,87.8,84.8,90.1,,,,,,2022
"Germán, Domingo",593334,92.7,92.7,,,85.9,81.0,,,,,2022
"Sears, JP",676664,93.2,,,,82.7,79.2,,,78.2,,2022
"Lugo, Seth",607625,94.4,94.4,,88.9,87.6,79.8,,,,,2022
"Kimbrel, Craig",518886,95.8,,,,,85.6,,,86.3,,2022
"Tate, Dillon",622253,,94.0,,94.4,83.9,,,,80.3,,2022
"Puk, A.J.",640462,96.7,96.2,,86.9,87.6,,,,86.5,,2022
"Beede, Tyler",595881,95.8,95.6,,88.0,84.8,79.1,,,,,2022
"Suter, Brent",608718,86.4,87.4,,78.8,77.2,,,,,,2022
"Williams, Devin",642207,93.9,,89.7,86.4,83.4,,,,,,2022
"Crismatt, Nabil",622503,90.5,89.9,,84.7,82.7,73.2,,,,,2022
"Ottavino, Adam",493603,94.8,94.2,87.8,,89.1,,,,81.0,,2022
"Díaz, Alexis",664747,95.7,95.4,,86.9,,81.4,,,,,2022
"Finnegan, Kyle",640448,97.0,,,89.0,,,88.7,,,,2022
"Robertson, David",502085,,,93.0,83.9,,84.8,,,,,2022
"Hicks, Jordan",663855,99.0,99.4,,89.1,92.0,,92.0,,84.7,,2022
"Armstrong, Shawn",542888,95.3,95.6,92.3,,,,,,88.4,86.2,2022
"Lange, Alex",656638,95.5,96.2,,,89.7,85.5,,,,,2022
"Buehler, Walker",621111,95.2,94.8,91.5,,90.5,79.2,,,83.5,,2022
"Cimber, Adam",643256,86.5,86.5,,77.8,,,,,,,2022
"Fulmer, Michael",605242,94.2,94.4,90.3,,86.5,78.9,,,,,2022
"Martin, Davis",663436,94.0,,,84.3,85.9,79.7,,,,,2022
"Pilkington, Konnor",663455,92.1,,,81.9,84.4,77.0,,,,,2022
"García, Yimi",554340,94.9,93.7,,89.5,87.2,82.5,,,,,2022
"Graveman, Kendall",608665,96.6,96.4,,88.7,90.7,83.3,,,,,2022
"Hernández, Carlos",672578,96.8,93.1,,85.9,,82.1,85.0,,,,2022
"Stephan, Trevor",663986,96.5,,,85.9,,,87.9,,,,2022
"Sanmartin, Reiver",665665,90.9,90.4,,82.0,85.2,,,,,,2022
"Muñoz, Andrés",662253,100.2,99.9,,88.6,,,,,,,2022
"Duran, Jhoan",661395,100.8,98.7,,89.7,,87.8,96.4,,,,2022
"Logue, Zach",656657,90.1,87.5,85.9,,82.0,77.5,,,,,2022
"Estévez, Carlos",608032,97.5,94.3,,87.3,88.4,83.9,,,,,2022
"Givens, Mychal",571710,93.4,90.9,,84.7,82.1,,,,,,2022
"Schreiber, John",670167,94.4,93.4,,,88.5,,,,82.1,,2022
"Abreu, Bryan",650556,97.2,96.0,,88.4,89.7,84.5,,,,,2022
"Hill, Garrett",682051,92.0,91.4,,82.6,82.2,77.2,,,,,2022
"Morgan, Eli",669212,92.1,,89.3,85.7,75.9,80.5,,,,,2022
"Martinez, Adrián",661309,93.8,,,82.0,84.0,,,,,,2022
"García, Jarlín",606424,93.6,93.8,,82.7,85.2,,,,,,2022
"Edwards Jr., Carl",605218,94.6,91.8,,,90.7,80.2,,,,,2022
"Neris, Héctor",593576,94.3,94.5,,87.6,,,85.1,,,,2022
"Norris, Daniel",596057,91.2,90.9,,81.0,86.7,76.1,,,79.9,,2022
"Jansen, Kenley",445276,,93.6,92.2,81.2,,,,,,,2022
"Sanchez, Aaron",592717,92.4,92.1,,,87.8,79.1,,,,,2022
"Acevedo, Domingo",642758,93.0,,,86.5,86.8,,,,,,2022
"Underwood Jr., Duane",621249,95.9,95.3,92.4,,89.6,82.7,,,,,2022
"Murfee, Penn",682171,89.0,88.8,,,,,,,79.7,,2022
"Beeks, Jalen",656222,95.0,91.4,87.0,81.9,90.3,,,,,,2022
"Bello, Brayan",678394,97.0,96.3,,85.0,88.2,80.2,,,,,2022
"Machado, Andrés",600921,95.6,95.1,,87.1,88.9,,,,,,2022
"Thielbar, Caleb",573204,92.8,,,,82.7,73.0,,,81.3,,2022
"Bautista, Félix",642585,99.7,99.1,,85.2,,,88.4,,,,2022
"Herget, Jimmy",623474,91.5,90.4,,83.2,84.3,74.8,,,,,2022
"Santana, Dennis",642701,97.6,96.7,,85.8,89.9,,,,,,2022
"Bickford, Phil",641360,94.1,,,83.3,88.7,,,,,,2022
"Manning, Matt",666159,93.3,92.6,,82.9,86.1,79.7,,,83.8,,2022
"Romano, Jordan",605447,96.9,96.3,,87.3,,,,,,,2022
"Gallegos, Giovanny",606149,94.3,94.1,,85.5,87.1,,,,,,2022
"Bass, Anthony",542914,95.0,95.4,,86.6,,,86.8,,,,2022
"Smith, Will",519293,92.1,90.3,,81.7,86.9,76.9,,,,,2022
"López, Reynaldo",625643,97.1,,,87.4,85.9,80.4,,,,,2022
"Brasier, Ryan",518489,95.9,96.1,,85.5,88.1,,,,,,2022
"Oviedo, Johan",670912,96.0,,,85.7,88.8,78.7,,,,,2022
"Iglesias, Raisel",628452,95.0,94.7,,84.1,88.7,,,,,,2022
"Krehbiel, Joey",607216,94.4,,86.4,80.0,84.3,,,,,,2022
"Holmes, Clay",605280,,97.0,,88.3,,,,,84.9,,2022
"Sewald, Paul",623149,92.5,92.6,,,,,,,82.8,,2022
"Poche, Colin",621363,93.2,,,82.1,,78.7,,,,,2022
"Luetge, Lucas",476595,87.5,,87.6,78.3,,73.5,,,77.4,,2022
"Shaw, Bryan",543766,94.0,93.0,92.9,88.8,81.8,82.7,88.6,,84.0,,2022
"Okert, Steven",595345,93.7,,,82.0,,,,,,,2022
"Loup, Aaron",571901,91.9,91.2,84.7,,80.3,76.0,,,,,2022
"Faedo, Alex",656412,92.7,89.8,,85.0,86.2,,,,,,2022
"García, Luis",472610,97.7,98.7,,84.6,,,88.8,,82.4,,2022
"Bellatti, Andrew",571479,94.4,,,85.9,89.5,,,,,,2022
"Helsley, Ryan",664854,99.6,,,89.2,89.7,80.8,,,,,2022
"Foley, Jason",671345,96.2,96.3,,86.5,89.5,,,,83.2,,2022
"Trivino, Lou",642152,95.6,95.8,92.3,,87.4,76.8,,,81.9,,2022
"Bard, Daniel",453268,98.0,98.0,,88.4,90.2,,,,,79.8,2022
"Payamps, Joel",606303,94.8,94.3,,82.2,88.9,,,,,,2022
"Hughes, Brandon",676714,93.2,93.1,,82.9,85.3,,,,,,2022
"Vesia, Alex",681911,94.1,,,85.0,85.6,,,,,,2022
"Hendriks, Liam",521230,97.6,97.1,,89.0,,85.8,,,,,2022
"Hentges, Sam",656529,95.9,95.5,,88.0,,81.3,,,,,2022
"Stephens, Jackson",623451,94.1,94.0,,86.9,85.9,76.8,,,,,2022
"Hader, Josh",623352,97.2,97.4,,84.0,88.6,,,,,,2022
"Adam, Jason",592094,94.8,,,,90.0,,,,81.3,,2022
"deGrom, Jacob",594798,98.9,,,92.6,92.0,83.4,,,,,2022
"Jiménez, Joe",641729,95.7,95.6,,84.8,90.7,,,,,,2022
"Brash, Matt",666374,96.9,,,86.8,85.5,84.6,,,,,2022
"Schmidt, Clarke",657376,94.7,94.9,,,89.6,83.5,,,86.4,,2022
"Díaz, Edwin",621242,99.1,,,90.8,,,,,,,2022
"Kuhnel, Joel",669270,96.2,96.0,,86.8,90.2,,,,,,2022
"Phillips, Evan",623465,96.0,96.2,93.3,,,,,,85.3,,2022
"Clase, Emmanuel",661403,100.1,99.6,99.5,91.9,,,,,,,2022
"Houck, Tanner",656557,95.3,94.5,,85.4,,,87.6,,,,2022
"Stephenson, Robert",596112,96.8,95.8,,83.9,,77.5,88.1,,,,2022
"Davidson, Tucker",656353,93.1,92.9,,86.6,85.4,78.1,85.2,,,,2022
"Bush, Matt",456713,97.3,96.1,92.9,,,81.0,,,,,2022
"Pérez, Cionel",672335,97.0,96.4,,,,82.6,,,,84.0,2022
"Chafin, Andrew",605177,91.6,91.6,,82.9,84.7,,,,,,2022
"Banks, Tanner",621383,92.9,,,86.7,84.9,,,,82.1,,2022
"Festa, Matt",670036,92.6,91.2,,,,,,,82.9,,2022
"Stanek, Ryne",592773,98.3,,,87.1,,,88.6,,,,2022
"Tepera, Ryan",572193,92.6,92.9,,86.0,85.8,81.5,,,80.0,,2022
"Rucker, Michael",621074,94.7,95.0,88.4,86.1,90.0,80.6,,,,,2022
"Mayers, Mike",594577,93.5,92.2,88.3,84.4,86.7,77.2,,,,,2022
"Jackson, Zach",667427,94.4,,94.2,85.2,88.9,,,,,,2022
"Melancon, Mark",453343,91.7,91.8,90.9,84.1,,81.7,83.7,,,,2022
"García, Rony",665621,92.9,92.5,,,87.5,80.3,,,,,2022
"Alvarado, José",621237,98.2,99.6,93.8,,,86.5,,,,,2022
"Swanson, Erik",657024,93.6,,,84.9,,,83.5,,,,2022
"Wilson, Steven",621051,95.1,,,83.1,85.1,,,,81.9,,2022
"Elder, Bryce",693821,90.5,90.7,,82.4,86.0,,,,,,2022
"Kennedy, Ian",453178,93.4,,85.9,81.0,87.6,79.0,85.5,,,,2022
"Floro, Dylan",571670,92.4,92.6,,84.1,85.2,,,,,,2022
"Mantiply, Joe",573009,90.9,90.4,,,82.6,81.1,,,,,2022
"Clarke, Taylor",664199,95.6,,,88.4,89.0,,,,,,2022
"Marte, Yunior",628708,97.8,96.9,,86.0,90.9,,,,,,2022
"Martin, Chris",455119,95.3,94.5,91.6,,,83.9,88.4,,84.1,,2022
"Ober, Bailey",641927,91.5,,,82.8,84.3,76.7,,,,,2022
"Matz, Steven",571927,,94.5,,89.6,85.1,78.0,,,,,2022
"Hoffman, Jeff",656546,94.3,94.5,,81.2,87.6,,88.0,,,,2022
"Raley, Brooks",548384,90.3,90.7,88.0,,85.5,,,,81.4,,2022
"Abbott, Cory",676265,91.3,,,86.6,,84.4,,,,,2022
"De Los Santos, Enyel",660853,95.3,,,83.1,87.3,,,,,,2022
"Bednar, David",670280,96.4,,,,,77.1,89.8,,,,2022
"Rodríguez, Joely",570257,92.8,92.7,,83.8,87.8,,,,,,2022
"Castillo, Diego",650895,95.7,95.1,,88.4,,,,,,,2022
"Sawamura, Hirokazu",617228,95.9,,,85.8,,,92.0,,,,2022
"Farmer, Buck",571656,94.6,,,83.3,88.7,,,,,,2022
"Ramirez, Noé",598287,89.8,,,,84.1,78.0,,,,,2022
"Wantz, Andrew",681806,93.8,93.3,87.9,,86.9,,,,81.3,,2022
"Leone, Dominic",608678,95.5,95.5,91.4,85.1,,,,,,,2022
"Domínguez, Seranthony",622554,97.7,98.2,92.9,89.5,92.0,,,,,,2022
"Lambert, Jimmy",669424,94.3,,,84.4,85.4,76.8,,,,,2022
"Familia, Jeurys",544727,95.4,95.2,,88.6,,,92.5,,,,2022
"Hand, Brad",543272,92.6,92.4,,,,,,,79.3,,2022
"Peralta, Wandy",593974,95.2,95.4,,87.6,88.6,,,,,,2022
"Effross, Scott",664123,90.8,90.4,,78.7,83.0,,,,79.8,,2022
"Pruitt, Austin",643493,91.4,,,87.5,86.2,80.9,,,,,2022
"Garrett, Amir",607237,94.2,94.0,,84.7,,,,,,,2022
"Colomé, Alex",517008,94.5,95.0,90.8,,,,,,,,2022
"Suarez, Robert",663158,98.0,96.9,94.0,85.7,89.3,80.3,,,,,2022
"Gilbreath, Lucas",656458,93.8,,,82.7,,,85.0,,,,2022
"Knebel, Corey",608349,95.6,,,79.6,,78.7,,,,,2022
"Megill, Tylor",656731,95.7,,87.4,85.2,89.1,80.1,,,,,2022
"Chacín, Jhoulys",468504,92.6,92.9,,87.0,85.4,79.8,,,,,2022
"Leclerc, José",600917,96.5,93.9,89.2,83.3,89.7,,,,,,2022
"Snead, Kirby",669912,93.5,93.3,,82.0,87.6,,,,,,2022
"Smith, Drew",622098,95.7,95.6,,85.4,85.2,77.7,,,,,2022
"Megill, Trevor",656730,98.1,98.8,,88.5,,83.4,,,,,2022
"Henry, Tommy",674072,91.6,,,85.7,84.7,80.6,,,,,2022
"King, Michael",650633,96.4,95.5,,,88.3,,,,82.3,,2022
"Bleier, Richard",542947,90.7,89.8,87.3,77.7,82.9,,79.2,,,,2022
"Foster, Matt",641582,93.7,,92.6,85.8,83.9,79.6,,,,,2022
"Strahm, Matt",621381,94.2,93.8,88.7,81.6,88.2,82.8,,,,,2022
"Lawrence, Justin",664875,96.2,95.1,,,,,,,82.3,,2022
"Loáisiga, Jonathan",642528,98.0,98.0,,,89.9,86.9,,,,,2022
"Gott, Trevor",641627,95.2,95.1,91.5,,90.2,82.7,,,,,2022
"McCullers Jr., Lance",621121,93.2,93.1,88.3,85.0,87.0,82.7,,,,,2022
"Littell, Zack",641793,94.5,96.3,,87.9,,,85.6,,,,2022
"Marinaccio, Ron",676760,94.6,,,,83.9,,,,80.4,,2022
"Lee, Dylan",669276,92.1,91.5,,83.8,86.3,,,,,,2022
"Nance, Tommy",667297,93.8,94.2,,86.9,,85.3,,,,,2022
"Martin, Brett",656685,93.5,93.5,,86.8,,82.8,,,,,2022
"Wisler, Matt",605538,89.7,89.6,,79.8,80.1,,,,,,2022
"King, John",667463,,92.4,86.9,82.3,80.7,,,,77.5,,2022
"Castellanos, Humberto",528748,89.4,90.4,86.2,,84.0,76.5,,,,,2022
"Bird, Jake",656234,95.4,95.0,91.4,,88.0,81.7,,,,,2022
"Hill, Tim",657612,91.5,89.4,88.9,82.4,,,,,,,2022
"Cotton, Jharel",605194,92.7,,,79.5,79.7,76.2,,,,,2022
"Duffey, Tyler",608648,92.3,92.4,,83.7,79.1,81.6,,,,,2022
"Sandlin, Nick",680704,93.5,93.6,,78.9,,,88.3,,,,2022
"Long, Sam",669674,94.6,95.4,,,84.3,77.0,,,,,2022
"Weems, Jordan",607179,96.8,,,88.2,,80.0,87.3,,,,2022
"Pepiot, Ryan",686752,94.0,92.8,,86.7,86.8,,,,,,2022
"Moll, Sam",594580,,93.3,,,,,,,81.7,,2022
"Cabrera, Génesis",650893,96.0,95.9,87.8,,90.2,79.3,,,,,2022
"Staumont, Josh",622251,96.1,97.0,,85.0,,82.2,,,,,2022
"Pineda, Michael",501381,89.9,,,80.7,85.3,,,,,,2022
"Mayza, Tim",641835,93.6,93.7,,88.6,,,,,,,2022
"Weaver, Luke",596133,94.9,94.0,,87.1,86.9,82.4,,,,,2022
"Banuelos, Manny",544365,93.7,93.4,,86.6,83.1,82.2,,,,,2022
"Matzek, Tyler",554431,94.0,94.6,,83.2,,77.7,,,,,2022
"Pressly, Ryan",519151,94.5,93.1,,89.7,89.1,81.0,,,,,2022
"Brogdon, Connor",641401,95.1,,88.3,,83.8,,,,,,2022
"Richards, Garrett",572070,94.4,95.2,,88.6,90.0,76.7,,,,,2022
"Abreu, Albert",656061,97.3,98.5,,88.6,88.0,,,,,,2022
"Ragans, Cole",666142,92.1,,88.5,,82.2,76.3,,,,,2022
"Karinchak, James",675916,95.2,,,,,82.9,,,,,2022
"Kelly, Joe",523260,97.8,97.9,,88.8,87.1,87.7,,,,,2022
"Stammen, Craig",489334,91.8,91.4,87.8,81.5,86.9,79.6,,,,,2022
"Castillo, Max",666721,93.0,92.8,,83.4,87.5,,,,,,2022
"Woodford, Jake",663765,92.4,91.8,,83.7,85.2,75.3,,,82.1,,2022
"Gibaut, Ian",664139,95.8,,92.3,85.0,85.9,,,,83.8,,2022
"Peralta, Wily",503449,95.4,95.5,,83.6,,,82.6,,,,2022
"Barnes, Matt",598264,94.9,,,,87.3,84.1,86.4,,,,2022
"Howard, Spencer",675921,94.4,,,84.7,79.5,75.0,,,,,2022
"Quijada, José",650671,94.5,,,81.3,86.9,,,,,,2022
"Assad, Javier",665871,92.9,92.3,88.1,81.8,85.4,75.9,,,80.9,,2022
"Cuas, Jose",621016,93.0,93.1,,82.1,87.7,,,,,,2022
"Gutierrez, Vladimir",661269,92.8,,,82.2,82.9,78.4,,,,,2022
"Chapman, Aroldis",547973,97.5,100.2,,85.7,,,88.1,,,,2022
"Thompson, Ryan",657044,91.6,90.0,87.8,79.5,81.1,,,,,,2022
"Arano, Víctor",644364,94.4,93.9,,84.8,,,,,,,2022
"Graterol, Brusdar",660813,99.3,99.8,95.6,90.5,,,,,,,2022
"Blach, Ty",621389,,91.1,85.0,,80.7,79.2,,,,,2022
"Morán, Jovani",663558,93.4,,,81.5,83.3,80.7,,,,,2022
"Thornton, Trent",663423,93.8,92.9,,85.1,,79.7,,,82.1,,2022
"Danish, Tyler",641501,91.3,90.9,,87.1,84.4,73.7,,,80.9,,2022
"Flaherty, Jack",656427,93.4,91.1,88.1,83.8,87.7,77.2,,,,,2022
"Fleming, Josh",676596,,91.2,84.3,,82.2,79.5,,,,,2022
"Sánchez, Cristopher",650911,92.8,93.0,,84.8,84.4,,,,,,2022
"Harvey, Hunter",640451,98.3,,,86.7,,82.8,89.4,,,,2022
"Swarmer, Matt",664161,90.5,,,82.1,85.7,,,,,,2022
"Warren, Art",605521,93.5,93.3,,85.5,,,,,,,2022
"Koenig, Jared",657649,89.2,89.3,,82.9,83.0,77.6,,,,,2022
"Liberatore, Matthew",669461,93.7,92.8,,86.0,85.9,74.3,,,,,2022
"Moronta, Reyes",606625,95.3,,,82.1,89.0,,,,,,2022
"Peters, Dillon",596071,92.9,92.5,,84.7,84.8,77.3,,,,,2022
"Brazobán, Huascar",623211,97.3,96.7,87.7,,89.0,,,,,,2022
"McGee, Jake",459429,94.3,95.2,,85.2,,,,,,,2022
"Ramírez, Yohan",670990,93.8,95.7,,,,,,,82.7,,2022
"Sulser, Cole",642121,91.9,,,84.0,83.2,77.8,,,,,2022
"Moreta, Dauri",664294,95.9,,,85.7,87.8,,,,,,2022
"Jefferies, Daulton",641726,92.5,92.5,89.6,80.2,86.1,,,,,,2022
"Strzelecki, Peter",657265,93.5,,,,83.3,,,,82.9,,2022
"Sands, Cole",663485,91.6,90.2,84.3,,85.5,78.6,84.8,,,,2022
"Price, David",456034,92.1,92.4,87.9,,83.9,78.4,,,,,2022
"Nelson, Kyle",669459,91.9,,90.8,84.3,,77.0,,,84.8,,2022
"Martinez, Seth",661527,91.9,90.9,86.1,,86.5,,,,79.6,,2022
"Waldichuk, Ken",686610,94.1,,,,82.4,75.2,,,81.0,,2022
"Snider, Collin",676092,,96.0,,86.3,89.5,,,,,,2022
"Lamet, Dinelson",659275,95.4,95.7,,86.3,87.3,,,,,,2022
"Ferguson, Caleb",657571,94.8,,,,,78.3,,,,,2022
"Baumann, Mike",657508,95.8,,,91.6,88.7,84.0,,,,,2022
"Castano, Daniel",641447,92.1,89.5,86.5,81.2,84.1,,,,,,2022
"Thompson, Zack",668868,94.7,96.4,,88.1,87.7,75.0,,,,,2022
"McCarty, Kirk",668948,92.5,,88.5,82.7,84.7,77.1,,,,,2022
"Ortega, Oliver",661383,95.9,96.4,,,,82.2,,,82.8,,2022
"Gilbert, Tyler",656457,89.5,89.7,86.2,,,76.2,81.7,,,,2022
"Naughton, Packy",676050,92.8,92.6,,80.9,84.4,,,,,,2022
"Miley, Wade",489119,89.1,88.2,85.1,78.6,81.4,73.5,,,,,2022
"Wentz, Joey",666214,92.4,,83.4,,84.1,75.4,,,,,2022
"Barlow, Joe",669618,94.5,95.0,,87.3,,81.3,,,,,2022
"Newcomb, Sean",656794,94.3,,88.5,81.8,86.4,78.8,,,,,2022
"Banda, Anthony",607455,95.2,93.1,,84.7,86.6,81.1,,,,,2022
"Head, Louis",545343,93.6,,,82.5,88.6,,,,,,2022
"Dunn, Justin",643290,92.1,,,83.5,87.9,79.8,,,,,2022
"Morejon, Adrian",670970,96.9,,,87.6,,80.2,,84.3,79.4,,2022
"Jiménez, Dany",666204,93.9,,92.8,81.9,,,,,,,2022
"Pop, Zach",647315,,96.5,,85.0,89.3,,,,,,2022
"Rodríguez, Elvin",660730,93.1,92.2,90.5,82.6,86.6,76.3,,,79.6,,2022
"Ort, Kaleb",672391,96.3,,,,89.8,,,,86.0,,2022
"Rainey, Tanner",663432,97.0,97.6,,88.4,89.1,,,,,,2022
"Castro, Miguel",612434,98.3,97.8,,85.8,92.4,,,,,,2022
"Garza Jr., Ralph",621248,91.2,87.8,89.4,77.5,83.1,80.0,,,,,2022
"Hernández, Jonathan",642546,,98.0,,87.3,90.1,,,,,,2022
"Mills, Wyatt",670090,92.3,91.0,,80.8,,,,,,,2022
"Silseth, Chase",681217,95.4,94.2,86.2,83.5,,78.7,86.3,,,,2022
"Cole, Gerrit",543037,96.7,95.4,92.7,89.1,89.1,82.9,,,,,2023
"Cease, Dylan",656302,95.6,,,86.3,74.6,80.2,,,,,2023
"Gallen, Zac",668678,93.5,93.8,90.2,87.4,86.8,82.5,,,,,2023
"Castillo, Luis",622491,96.3,95.9,,85.7,88.3,,,,,,2023
"Mikolas, Miles",571945,93.3,92.7,,86.4,84.4,75.8,,,,,2023
"Giolito, Lucas",608337,93.1,94.1,,84.0,80.9,77.9,,,,,2023
"Webb, Logan",657277,92.6,92.3,,,87.5,,,,84.3,,2023
"Snell, Blake",605483,95.5,95.9,,88.4,86.7,81.0,,,,,2023
"Lynn, Lance",458681,92.4,91.4,88.7,,84.9,81.9,,,,,2023
"Wheeler, Zack",554430,95.8,95.2,90.9,,90.8,81.4,,,84.4,,2023
"Bassitt, Chris",605135,92.4,91.9,87.8,80.3,84.1,70.7,82.6,,73.2,,2023
"Keller, Mitch",656605,95.2,93.8,89.7,,90.7,78.0,,,82.8,,2023
"Strider, Spencer",675911,97.2,,,85.6,87.0,,,,,,2023
"Nola, Aaron",605400,92.7,91.7,86.3,,85.9,79.4,,,,,2023
"Burnes, Corbin",669203,,95.3,94.4,88.1,89.3,79.9,,,84.3,,2023
"Gausman, Kevin",592332,94.7,92.6,,84.0,,,86.3,,77.6,,2023
"Gibson, Kyle",502043,92.1,91.9,89.8,,85.5,79.5,,,81.6,,2023
"López, Pablo",641154,94.9,94.5,,,88.4,82.5,,,84.4,,2023
"Luzardo, Jesús",666200,96.7,96.5,91.4,85.1,88.3,,,,,,2023
"Oviedo, Johan",670912,95.8,95.7,,88.2,88.2,81.0,,,,,2023
"Valdez, Framber",664285,94.5,95.3,89.1,84.7,90.1,80.2,,,,,2023
"Berríos, José",621244,94.3,93.8,92.4,,84.1,,,,,82.6,2023
"Kremer, Dean",665152,94.6,92.0,88.7,,85.3,78.1,85.6,,82.8,,2023
"Corbin, Patrick",571578,91.7,92.1,,80.5,81.1,,,,,,2023
"Gilbert, Logan",669302,95.7,94.2,,88.7,,80.3,85.6,,,,2023
"Montgomery, Jordan",656756,93.2,93.3,88.1,87.4,83.5,80.5,,,,,2023
"Javier, Cristian",664299,92.7,,,80.8,83.7,76.6,,,79.5,,2023
"Sears, JP",676664,93.1,92.4,,82.1,84.1,81.6,,,81.0,,2023
"Elder, Bryce",693821,90.8,89.5,,82.7,85.0,,,,,,2023
"Morton, Charlie",450203,94.9,94.2,89.1,,86.0,82.3,,,,,2023
"Peralta, Freddy",642547,94.4,,,82.4,88.6,76.9,,,,,2023
"Walker, Taijuan",592836,92.8,92.4,87.2,,,74.8,87.9,,82.9,,2023
"Kirby, George",669923,96.1,95.8,,86.3,86.6,81.8,84.9,75.1,,,2023
"Gray, Sonny",543243,92.9,92.8,87.6,,87.9,79.5,,,84.3,,2023
"Kikuchi, Yusei",579328,95.1,90.1,,88.7,88.6,83.1,,,82.7,,2023
"Lyles, Jordan",543475,91.2,90.5,86.8,,85.5,79.4,,,80.2,,2023
"Gray, Josiah",680686,93.6,93.1,88.8,85.8,88.6,82.2,,,81.9,,2023
"Kelly, Merrill",518876,92.2,92.4,90.8,85.4,88.7,82.1,,,,,2023
"Senga, Kodai",673540,95.7,,90.8,84.6,,72.7,,,80.8,,2023
"Alcantara, Sandy",645261,98.0,97.6,,89.9,91.1,86.1,,,,,2023
"Brown, Hunter",686613,95.7,,91.8,,88.2,82.9,,,84.6,,2023
"Schmidt, Clarke",657376,95.2,93.4,91.3,,89.4,83.7,,,86.0,,2023
"Dunning, Dane",641540,90.6,90.9,88.9,82.1,85.7,77.7,,,,,2023
"Ryan, Joe",657746,92.3,91.9,,83.3,,,84.1,,79.3,,2023
"Steele, Justin",657006,91.8,91.8,,83.3,87.5,80.5,,,,,2023
"Bradish, Kyle",680694,94.5,94.6,,88.1,90.8,84.8,,,,,2023
"Flaherty, Jack",656427,93.2,90.0,88.7,84.4,85.3,76.2,,,,,2023
"Williams, Trevor",592866,89.7,88.2,,81.7,83.3,76.7,,,76.7,,2023
"Sandoval, Patrick",663776,93.0,93.3,,87.0,83.0,76.5,,,81.8,,2023
"Bello, Brayan",678394,95.5,95.0,89.3,85.0,86.2,,,,85.9,,2023
"Singer, Brady",663903,92.4,92.1,,84.0,87.7,,,,81.4,,2023
"Heaney, Andrew",571760,92.5,,,82.0,84.0,79.0,,,,,2023
"Verlander, Justin",434378,94.3,,,86.9,85.2,78.2,,,,,2023
"Detmers, Reid",672282,94.4,93.8,,88.9,84.8,74.7,,,83.5,,2023
"Eflin, Zach",621107,93.1,92.2,88.5,84.1,86.4,79.1,,,79.7,,2023
"Waldichuk, Ken",686610,93.3,94.0,,,84.2,74.5,,,81.1,,2023
"Taillon, Jameson",592791,93.7,94.0,88.6,82.2,86.5,80.5,,,80.9,,2023
"Hill, Rich",448179,88.4,86.1,83.3,77.3,83.0,71.8,,,69.4,,2023
"Cobb, Alex",502171,95.6,94.5,,86.2,,83.6,89.5,,,,2023
"Garrett, Braxton",666129,90.8,90.5,87.5,82.8,84.1,77.7,,,,,2023
"Scherzer, Max",453286,93.7,,88.4,84.0,83.8,75.4,,,,,2023
"Gore, MacKenzie",669022,95.0,,,88.5,86.5,83.2,,,84.6,,2023
"Anderson, Tyler",542881,90.1,88.5,85.1,79.3,80.0,72.9,,,,,2023
"Kopech, Michael",656629,95.2,,88.9,84.8,88.7,80.7,,,,,2023
"Freeland, Kyle",607536,88.8,88.7,84.1,,84.4,80.6,,,,,2023
"Smyly, Drew",592767,90.6,91.9,88.6,,,78.6,,,,,2023
"Gray, Jon",592351,95.7,96.3,,88.0,88.8,78.2,,,83.3,,2023
"Pivetta, Nick",601713,94.6,,88.4,86.6,,79.4,84.8,,84.2,,2023
"Lugo, Seth",607625,93.4,93.2,92.8,85.9,86.3,79.5,85.7,,82.1,80.6,2023
"Rodriguez, Eduardo",593958,92.2,92.3,88.8,84.5,85.9,,,,,,2023
"Lorenzen, Michael",547179,94.3,93.6,88.8,85.2,84.5,82.3,,,83.0,,2023
"Nelson, Ryne",669194,94.4,92.9,85.7,81.9,83.3,76.4,,,81.8,,2023
"Ober, Bailey",641927,91.3,,,82.4,83.7,77.5,,,80.8,,2023
"Bibee, Tanner",676440,94.9,93.9,84.7,,83.8,78.4,,,,,2023
"Ashcraft, Graham",668933,96.5,96.5,95.8,88.3,90.4,,,,,,2023
"Weaver, Luke",596133,94.0,93.6,90.3,86.5,86.1,81.7,,,83.5,,2023
"Megill, Tylor",656731,94.9,90.9,,84.4,87.8,77.2,86.7,,,,2023
"Eovaldi, Nathan",543135,95.1,95.2,90.6,83.9,,76.0,87.9,,,,2023
"Pérez, Martín",527048,91.6,91.6,89.2,83.4,84.1,79.1,,,,,2023
"Wacha, Michael",608379,92.0,91.9,87.0,85.0,81.6,74.0,,,,,2023
"Greinke, Zack",425844,89.5,89.8,85.2,79.2,86.5,72.4,,,,,2023
"Darvish, Yu",506433,94.7,94.3,90.9,85.7,82.3,76.3,89.2,,82.4,,2023
"Stroman, Marcus",573186,92.0,91.4,89.7,86.1,,,86.6,,,84.6,2023
"France, J.P.",641585,93.1,91.1,86.9,,81.8,76.0,,,80.1,,2023
"Gomber, Austin",596295,90.6,90.6,,84.8,81.6,77.6,,,,,2023
"Irvin, Jake",663623,94.5,93.9,,,87.8,80.9,,,,,2023
"Allen, Logan",671106,91.4,89.9,86.4,83.6,82.7,,,,78.8,,2023
"Hendricks, Kyle",543294,87.8,87.5,,,80.7,73.3,,,,,2023
"Rodriguez, Grayson",680570,97.4,,90.1,88.9,83.9,79.9,,,82.3,,2023
"Clevinger, Mike",605182,94.4,93.0,84.9,,86.0,76.0,,,79.4,,2023
"Crawford, Kutter",676710,93.6,92.3,88.6,82.9,,79.4,82.4,,82.2,,2023
"Miller, Bryce",682243,95.1,95.1,93.3,86.6,85.0,78.6,85.3,,81.2,,2023
"Ohtani, Shohei",660271,96.8,94.4,89.5,85.3,,75.7,88.2,,83.7,,2023
"Greene, Hunter",668881,98.3,,,87.3,91.1,83.9,90.5,,,,2023
"Canning, Griffin",656288,94.7,94.9,,88.4,90.2,81.8,,,,,2023
"Manaea, Sean",640455,93.8,93.5,90.3,84.4,86.6,,,,79.8,,2023
"Kershaw, Clayton",477132,90.7,90.9,,86.5,84.7,73.4,84.3,,,,2023
"Suárez, Ranger",624133,93.4,92.8,87.5,84.4,82.9,75.8,,,,,2023
"Rea, Colin",607067,93.2,92.6,86.7,,,78.8,86.0,,83.2,,2023
"Civale, Aaron",650644,91.8,92.4,87.7,82.5,,78.1,85.2,,81.3,,2023
"Peterson, David",656849,92.7,91.5,,85.3,85.3,78.6,,,,,2023
"Miller, Bobby",676272,99.1,98.8,,89.9,88.2,80.6,,,85.3,,2023
"Bieber, Shane",669456,91.3,,86.5,84.6,87.2,82.5,,,,,2023
"Medina, Luis",665622,96.1,95.5,,85.3,87.3,79.7,,,,,2023
"Williamson, Brandon",682227,92.8,94.5,89.3,83.5,84.0,73.1,,,81.6,,2023
"Wentz, Joey",666214,93.4,,86.0,,85.0,77.5,,,,,2023
"Wells, Tyler",669330,92.5,,88.7,84.0,85.4,74.1,,,,,2023
"Abbott, Andrew",671096,92.7,92.5,,,86.6,80.9,,,82.9,,2023
"Glasnow, Tyler",607192,96.4,,,90.1,92.3,83.9,,,,,2023
"Blackburn, Paul",621112,91.9,91.8,88.9,,86.0,79.1,,,80.8,,2023
"Miley, Wade",489119,90.4,90.7,87.1,79.1,83.7,75.8,,,,,2023
"Matz, Steven",571927,,94.1,,88.9,84.2,78.5,,,,,2023
"Houser, Adrian",605288,93.4,92.1,,82.3,84.3,79.4,,,,,2023
"Urías, Julio",628711,92.7,94.0,87.1,,86.1,,,,,79.2,2023
"McClanahan, Shane",663556,96.8,95.9,,89.3,86.9,83.5,,,,,2023
"Bradley, Taj",671737,96.1,95.7,88.9,,,79.0,89.3,,,,2023
"Cabrera, Edward",665795,96.2,96.1,,88.2,92.9,84.6,,,,,2023
"Wainwright, Adam",425794,85.7,86.9,82.9,75.6,81.4,71.5,,,,,2023
"Flexen, Chris",623167,91.9,90.7,87.9,81.5,81.0,71.7,,,79.3,,2023
"Martinez, Nick",607259,93.3,92.9,89.5,84.5,80.7,81.8,,,,,2023
"Olson, Reese",681857,94.8,94.7,,84.8,87.8,78.8,,,,,2023
"Houck, Tanner",656557,93.9,93.4,91.1,83.9,,,87.6,,83.6,,2023
"Quantrill, Cal",615698,93.7,93.7,88.1,,86.1,82.0,86.8,,,,2023
"Assad, Javier",665871,93.1,92.7,89.1,81.6,85.0,76.5,,,80.2,,2023
"Wood, Alex",622072,91.5,91.5,,82.4,85.2,,,,,,2023
"Maeda, Kenta",628317,91.0,90.3,,82.1,,76.4,84.1,,80.3,,2023
"Paxton, James",572020,95.3,94.5,85.8,,84.4,81.4,,,,,2023
"Manoah, Alek",666201,92.8,92.7,,80.8,86.3,,,,,,2023
"King, Michael",650633,94.7,94.1,,,87.2,,,,81.8,,2023
"Sale, Chris",519242,93.9,93.2,,77.8,86.1,,,,,,2023
"Gonsolin, Tony",664062,92.4,93.3,,86.8,,80.9,83.0,,,,2023
"Germán, Domingo",593334,92.3,92.3,,,85.7,82.9,,,,,2023
"Severino, Luis",622663,96.5,95.8,90.8,84.7,86.7,,,,83.8,,2023
"Pfaadt, Brandon",694297,93.7,93.1,,,86.7,78.8,,,83.8,,2023
"Toussaint, Touki",657053,93.6,92.8,,86.6,,76.1,87.5,,,,2023
"Carrasco, Carlos",471911,92.7,91.5,89.5,84.1,87.2,80.0,,,82.9,,2023
"Ragans, Cole",666142,96.5,,91.8,86.6,86.6,81.8,,,,,2023
"Seabold, Connor",657756,92.6,91.5,,85.3,80.6,78.7,,,,,2023
"Musgrove, Joe",605397,93.1,92.8,90.1,82.2,87.1,81.3,,,82.7,,2023
"DeSclafani, Anthony",543101,93.2,93.1,,87.4,86.4,82.2,,,,,2023
"Pérez, Eury",691587,97.5,,,86.4,89.7,81.2,,,,,2023
"Davies, Zach",605200,89.4,89.5,87.5,81.7,80.7,77.1,,,78.7,,2023
"Curry, Xzavion",675540,92.5,,,85.1,87.7,75.1,,,76.8,,2023
"Wesneski, Hayden",669713,94.3,92.9,88.6,84.6,84.5,,,,82.0,,2023
"Ortiz, Luis",682847,96.2,95.7,92.6,85.8,89.7,,,,,,2023
"Sánchez, Cristopher",650911,93.9,92.1,,82.7,81.9,,,,,,2023
"Muller, Kyle",666205,93.5,,,87.1,88.0,81.2,,,,,2023
"Stripling, Ross",548389,92.4,90.4,87.2,87.2,83.7,75.9,85.6,,,,2023
"Lambert, Peter",663567,93.2,,,88.1,86.2,78.0,,,82.6,,2023
"Woo, Bryan",693433,95.1,95.0,,87.6,89.7,,,,83.2,,2023
"Scholtens, Jesse",669947,92.8,,,85.4,85.8,74.0,83.7,,,,2023
"Anderson, Chase",502624,93.3,92.9,89.2,83.8,83.9,77.6,,,80.5,,2023
"Brito, Jhony",666745,95.8,95.9,,86.3,88.8,80.4,,,82.4,,2023
"Yarbrough, Ryan",642232,87.0,88.1,84.2,,78.5,,,,71.9,,2023
"Fujinami, Shintaro",660261,98.4,97.2,88.3,84.6,,75.7,92.8,,84.3,,2023
"Syndergaard, Noah",592789,92.2,92.3,89.5,85.0,87.3,77.9,87.7,,,,2023
"Henry, Tommy",674072,90.7,89.5,,83.1,84.0,79.1,,,,,2023
"Bird, Jake",656234,92.2,94.4,89.7,86.3,87.3,81.7,,,,,2023
"Junis, Jakob",596001,93.9,93.7,,84.2,87.1,,,,,,2023
"Bielak, Brandon",656232,92.1,92.1,,,87.0,79.5,,,82.0,,2023
"Williams, Gavin",668909,95.7,,,84.9,88.5,76.2,,,,,2023
"Winckowski, Josh",670174,96.0,96.2,89.0,85.9,92.7,,,,,,2023
"Lively, Ben",594902,90.7,91.5,88.1,82.0,84.4,76.3,,,80.0,,2023
"Strahm, Matt",621381,93.4,93.2,87.7,83.2,86.5,,,,,,2023
"Stratton, Chris",608717,93.1,91.2,,86.9,86.8,80.8,,,83.3,,2023
"Richards, Trevor",670950,92.8,,,82.8,82.5,,,,,,2023
"Barria, Jaime",642545,93.0,92.3,,85.9,84.6,,,,,,2023
"Marsh, Alec",679525,94.2,94.1,,87.3,87.0,81.1,,,85.4,,2023
"Chirinos, Yonny",630023,93.0,92.4,,88.8,,,85.0,,,,2023
"Littell, Zack",641793,94.1,92.9,,88.7,,,84.3,,80.5,,2023
"Hudson, Dakota",641712,91.1,91.6,,85.1,84.4,81.3,,,,,2023
"Brash, Matt",666374,98.1,98.5,92.1,88.8,87.3,85.8,,,,,2023
"Beck, Tristan",663941,94.7,95.0,,87.7,86.6,79.2,,,82.2,,2023
"Falter, Bailey",663559,90.7,90.7,,84.5,84.6,76.5,85.0,,,,2023
"Tonkin, Michael",543859,93.5,,,83.1,,,,,79.9,,2023
"Irvin, Cole",608344,92.2,92.0,85.5,,84.2,77.2,,,,,2023
"Blach, Ty",621389,90.1,89.3,83.7,,79.9,78.9,,,,,2023
"Montero, Rafael",606160,96.1,95.4,,88.3,91.5,,,,,,2023
"Hernández, Carlos",672578,99.1,98.0,,88.6,,84.1,89.0,,,,2023
"Fried, Max",608331,94.0,93.5,87.5,85.0,86.2,74.2,,,81.7,,2023
"McGough, Scott",543518,93.5,94.1,,86.6,,,85.7,,,,2023
"Quintana, Jose",500779,90.2,90.4,,,85.8,77.1,,,,77.7,2023
"Bickford, Phil",641360,93.7,94.3,,83.9,87.5,,,,,,2023
"Merryweather, Julian",657240,98.1,99.0,,87.1,81.5,,,,84.1,,2023
"Farmer, Buck",571656,93.9,90.8,,83.1,87.8,,,,,,2023
"Skubal, Tarik",669373,95.8,95.8,,87.6,84.3,76.4,83.8,,,,2023
"Gibaut, Ian",664139,95.1,,91.6,,86.0,,,,84.2,,2023
"Abreu, Bryan",650556,97.6,97.0,,87.4,,81.1,,,,,2023
"Scott, Tanner",656945,96.8,97.4,,89.4,,,,,,,2023
"López, Reynaldo",625643,98.2,99.0,,87.9,88.5,80.5,,,,,2023
"Barlow, Scott",605130,93.0,93.2,,83.2,,78.6,,,82.7,,2023
"Whitlock, Garrett",676477,94.1,94.0,,80.9,82.7,,,,79.6,,2023
"Holton, Tyler",663947,91.5,91.2,88.0,,82.9,78.3,,,81.8,,2023
"Morgan, Eli",669212,92.5,,,85.5,78.6,84.7,,,,,2023
"Lawrence, Justin",664875,,95.4,,,,,,,83.8,,2023
"Manning, Matt",666159,93.4,,,,87.7,79.5,,,81.9,,2023
"Boyd, Matthew",571510,91.4,90.7,,79.6,80.2,73.8,,,,,2023
"Cuas, Jose",621016,92.3,92.7,,82.4,87.7,,,,82.8,,2023
"Thompson, Zack",668868,93.6,,,85.7,86.1,75.4,,,,,2023
"Díaz, Alexis",664747,94.5,94.2,,87.5,,,,,,,2023
"Wilson, Bryse",669060,93.6,93.1,89.2,,87.5,79.6,86.3,,,,2023
"Grove, Michael",675627,94.8,94.6,89.3,85.6,88.0,78.3,,,,,2023
"Lange, Alex",656638,96.1,95.7,,,89.5,87.0,,,,,2023
"Contreras, Roansy",672710,94.3,,,83.6,89.4,76.8,,,82.3,,2023
"Pallante, Andre",669467,96.1,96.2,,87.6,,76.9,,,,,2023
"Doval, Camilo",666808,99.2,97.9,99.8,88.9,,,,,,,2023
"Rodón, Carlos",607074,95.3,,95.2,85.4,85.5,79.7,,,,,2023
"Suter, Brent",608718,86.0,88.1,,76.7,76.2,,,,,,2023
"Estévez, Carlos",608032,97.1,96.1,,88.5,89.5,83.2,,,,,2023
"Stephan, Trevor",663986,94.9,,,85.4,,,86.5,,,,2023
"Rogers, Tyler",643511,83.2,82.8,,72.9,,,,,,,2023
"Hoeing, Bryan",663773,93.9,94.1,,83.2,87.3,,84.9,,,,2023
"Kimbrel, Craig",518886,95.8,,,,,86.2,,,85.2,,2023
"Payamps, Joel",606303,95.4,95.3,,84.2,89.1,,,,,,2023
"Cruz, Fernando",518585,94.3,94.0,87.9,83.3,,,81.4,,,,2023
"Clase, Emmanuel",661403,100.6,98.5,99.1,91.1,,,,,,,2023
"Hicks, Jordan",663855,100.3,100.1,,87.1,,,91.4,,86.8,,2023
"Graveman, Kendall",608665,95.9,95.9,,87.1,88.4,82.2,,,,,2023
"Harris, Hogan",663687,92.6,,90.5,,80.1,74.0,,,77.0,,2023
"Finnegan, Kyle",640448,97.3,96.6,,89.5,,,89.6,,,,2023
"Bednar, David",670280,96.6,96.2,,,,77.9,91.6,,,,2023
"García, Yimi",554340,96.0,95.4,,89.9,88.5,83.6,,,83.4,,2023
"Bummer, Aaron",607481,94.6,94.3,87.2,,88.1,,,,82.5,,2023
"Urquidy, José",664353,93.1,93.7,,,86.1,79.6,,,80.6,,2023
"Neris, Héctor",593576,93.0,92.9,,85.9,,,82.9,,,,2023
"Varland, Louis",686973,95.3,95.5,,89.3,85.9,,,,83.8,,2023
"Kaprielian, James",621076,92.3,91.9,83.6,80.8,83.2,75.9,,,,,2023
"Johnson, Pierce",572955,95.9,,,88.1,,85.4,,,,,2023
"Smith, Drew",622098,95.0,94.7,87.4,84.3,85.4,76.7,,,,,2023
"Teheran, Julio",527054,89.2,90.0,86.4,,83.4,77.4,,,,,2023
"Walker, Ryan",676254,94.4,94.8,,83.2,,72.7,,,,,2023
"Weathers, Ryan",677960,95.1,94.6,,,86.8,,,,80.8,,2023
"Baumann, Mike",657508,96.4,,,91.7,88.7,87.4,,,,,2023
"Robertson, David",502085,,93.8,93.3,85.1,87.7,84.4,,,,,2023
"Cortes, Nestor",641482,91.6,88.1,86.6,81.8,83.4,,,,76.2,,2023
"Clarke, Taylor",664199,94.8,94.4,,88.5,89.1,,,,83.9,,2023
"Kelly, Kevin",687330,91.8,90.6,86.9,,,,,,76.3,,2023
"Ferguson, Caleb",657571,95.8,,86.6,,,,,,80.0,82.8,2023
"Minter, A.J.",621345,95.8,,89.4,,86.6,,,,,,2023
"Pagán, Emilio",641941,95.8,,87.7,,,81.4,85.9,,,,2023
"Swanson, Erik",657024,93.7,,,86.6,,,85.1,,,,2023
"Liberatore, Matthew",669461,94.2,94.3,94.4,86.6,87.3,76.6,,,,,2023
"Yates, Kirby",489446,93.6,,,83.9,,,86.1,,76.4,,2023
"Leiter Jr., Mark",643410,91.1,91.3,88.8,,,73.4,84.7,,,,2023
"Sims, Lucas",608371,94.2,92.8,,85.6,,78.1,,,83.7,,2023
"Ginkel, Kevin",656464,95.7,94.8,,86.7,,,,,,,2023
"Erceg, Lucas",668674,98.0,98.0,90.7,86.2,90.3,,,,,,2023
"De Los Santos, Enyel",660853,95.6,,,84.1,87.8,,,,,,2023
"Jax, Griffin",643377,96.5,96.5,92.6,,91.1,86.0,,,86.7,,2023
"Foley, Jason",671345,97.9,97.2,,88.9,91.6,,,,,,2023
"Santos, Gregory",666619,97.2,98.8,,91.4,92.9,,,,,,2023
"Topa, Justin",623437,,95.0,92.4,,86.8,,,,82.8,,2023
"Abreu, Albert",656061,96.8,97.4,,87.7,88.3,,,,,,2023
"Woodruff, Brandon",605540,95.8,94.9,,86.8,85.8,82.9,,,,,2023
"VerHagen, Drew",572403,93.4,92.6,88.2,,88.5,,,,81.3,,2023
"Hader, Josh",623352,,96.1,,85.7,88.5,,,,,,2023
"Maton, Phil",664208,,88.3,89.0,,,73.8,,,79.7,,2023
"Sewald, Paul",623149,92.2,92.4,,,,,,,83.8,,2023
"Faedo, Alex",656412,92.9,,,82.3,85.9,,,,,,2023
"Sheehan, Emmet",686218,95.4,93.6,,87.1,82.9,,,,79.3,,2023
"Milner, Hoby",571948,89.0,88.2,,,81.1,,,,79.6,,2023
"Moll, Sam",594580,94.1,93.4,,,86.4,,,,81.8,,2023
"Ottavino, Adam",493603,93.2,92.5,87.8,81.3,87.6,,,,79.6,,2023
"Pressly, Ryan",519151,94.7,94.2,94.4,89.8,89.9,82.1,,,,,2023
"Holmes, Clay",605280,95.7,96.0,,87.5,,,,,83.9,,2023
"Okert, Steven",595345,93.8,93.7,,81.9,,,,,,,2023
"McHugh, Collin",543521,91.3,,89.0,,84.8,73.2,,,79.9,,2023
"Cano, Yennier",666974,96.5,96.3,,87.5,90.9,,,,,,2023
"Duran, Jhoan",661395,101.8,,,,,87.7,98.4,,,,2023
"Brazobán, Huascar",623211,96.6,96.0,87.4,,89.3,,,,,,2023
"García, Luis",472610,96.9,97.3,,83.4,,,88.2,,81.3,,2023
"Castro, Miguel",612434,96.5,96.8,,83.8,91.4,,,,,,2023
"Chapman, Aroldis",547973,99.0,101.1,,88.1,,,90.5,,,,2023
"Sandlin, Nick",680704,92.1,92.4,,79.1,,,85.9,,,,2023
"Banks, Tanner",621383,92.6,91.4,,86.3,86.3,,,,80.9,,2023
"Jackson, Andre",656578,94.9,,,87.1,86.9,81.5,,,,,2023
"Diekman, Jake",518617,95.7,95.2,88.7,,87.9,,,,83.7,,2023
"Kluber, Corey",446372,88.3,88.2,86.1,,82.1,80.5,,,,,2023
"Bautista, Félix",642585,,99.5,,86.7,,,88.6,,,,2023
"Cisnero, José",542585,95.8,95.6,89.0,84.7,88.8,,,,,,2023
"Raley, Brooks",548384,89.8,89.9,86.8,,84.8,,,,81.5,,2023
"Hamilton, Ian",641656,96.2,95.6,,88.1,,,,,,,2023
"Leclerc, José",600917,95.1,95.4,90.2,82.8,88.3,,,,,,2023
"Gott, Trevor",641627,93.3,93.8,89.2,,87.0,80.7,,,,,2023
"Bradford, Cody",674003,90.4,,86.6,83.1,82.1,,,,,,2023
"Hand, Brad",543272,92.6,92.7,,,,,,,81.0,,2023
"López, Jorge",605347,96.9,96.8,,88.5,88.9,84.1,,,,,2023
"Soto, Gregory",642397,98.8,98.1,,87.9,92.2,,,,,,2023
"Harvey, Hunter",640451,98.3,,,86.6,,83.1,89.5,,,,2023
"Moreta, Dauri",664294,95.2,,,84.6,85.8,,,,,,2023
"Ramírez, Erasmo",541640,91.9,91.5,88.7,81.3,84.3,80.0,,,79.8,,2023
"Alzolay, Adbert",640470,95.3,95.3,91.2,87.6,87.9,,,,82.6,,2023
"Floro, Dylan",571670,92.3,92.7,,84.1,85.6,,,,,,2023
"Law, Derek",571882,95.5,95.1,92.1,86.6,88.7,78.7,,,,,2023
"Nardi, Andrew",677053,94.6,,,82.7,90.0,,,,,,2023
"Englert, Mason",669438,91.1,,,84.4,83.6,76.9,,,,81.0,2023
"Puk, A.J.",640462,95.8,95.3,,84.2,87.8,,86.3,,84.0,,2023
"Fulmer, Michael",605242,94.2,94.8,89.6,,89.9,80.2,,,83.2,,2023
"Williams, Devin",642207,94.2,,90.7,,83.8,,,,,,2023
"Cabrera, Génesis",650893,96.0,95.4,89.6,,88.8,79.6,,,,,2023
"Martinez, Adrián",661309,93.8,94.1,,83.2,82.7,,,,,,2023
"Honeywell, Brent",641703,94.8,94.7,,87.8,87.3,,,,81.5,,2023
"Bido, Osvaldo",674370,94.7,94.6,85.8,84.5,89.1,,,,,,2023
"Wilson, Steven",621051,94.4,,87.6,,84.9,,,,81.0,,2023
"Jiménez, Joe",641729,95.3,,,84.3,89.8,,,,,,2023
"Bard, Daniel",453268,94.6,94.8,,87.2,88.4,,,,,81.8,2023
"Holderman, Colin",670059,97.8,97.9,92.3,,,,,,84.5,,2023
"Graterol, Brusdar",660813,98.3,98.6,95.6,88.7,,,,,,,2023
"Webb, Jacob",657097,94.8,,,,85.9,,,,84.0,,2023
"Poche, Colin",621363,92.5,,,84.6,,,,,,,2023
"Adon, Joan",672851,94.5,94.2,,87.3,88.1,80.8,,,,,2023
"Chafin, Andrew",605177,92.1,92.3,,83.5,86.4,,,,,,2023
"Weems, Jordan",607179,96.3,,,87.6,,80.5,89.2,,,,2023
"Phillips, Evan",623465,96.3,95.6,93.1,,,,,,85.4,,2023
"Romano, Jordan",605447,96.7,,,86.9,,,,,,,2023
"Burke, Brock",656271,94.7,92.9,,87.3,88.2,,,,,,2023
"Peguero, Elvis",665625,,96.0,,90.6,,,,,,,2023
"Woodford, Jake",663765,92.5,92.0,89.8,82.9,86.2,76.3,,,81.6,,2023
"Adam, Jason",592094,94.6,,,83.8,89.6,,,,79.0,,2023
"Blanco, Ronel",669854,94.5,,,88.0,85.5,80.0,,,,,2023
"Brasier, Ryan",518489,95.7,96.0,92.0,85.0,,,,,,,2023
"Avila, Pedro",658648,94.1,93.3,,,83.8,77.4,,,79.7,,2023
"Thompson, Mason",666168,94.5,94.7,,84.7,86.3,80.5,,,,,2023
"Marinaccio, Ron",676760,93.8,92.8,,,82.9,,,,81.4,,2023
"Silseth, Chase",681217,95.0,94.3,90.3,85.3,,79.4,87.2,,81.6,,2023
"Leone, Dominic",608678,95.6,95.2,92.0,85.3,,,,,,,2023
"Gallegos, Giovanny",606149,93.7,,,85.0,87.5,,,,,,2023
"Soriano, George",666277,94.6,,,83.3,88.9,,,,,,2023
"Nelson, Kyle",669459,92.0,,88.1,85.4,,,,,,,2023
"Peralta, Wandy",593974,95.7,95.8,,88.7,89.0,,,,,,2023
"Keller, Brad",641745,93.3,92.5,,84.3,90.8,85.1,,,84.3,,2023
"Young, Alex",622065,91.3,90.5,,,85.7,81.5,,,,,2023
"Pérez, Cionel",672335,96.8,96.3,,88.0,,83.4,,,,83.9,2023
"Murphy, Chris",669684,93.9,94.6,,88.0,84.9,75.8,,,79.3,,2023
"Iglesias, Raisel",628452,95.1,94.7,,84.6,89.4,,,,,,2023
"Hoffman, Jeff",656546,97.2,96.9,,87.8,,,90.5,,,,2023
"Priester, Quinn",682990,92.7,93.6,,85.3,89.2,80.6,,,,,2023
"Shuster, Jared",694363,91.4,90.7,,84.9,82.2,,,,,,2023
"Stanek, Ryne",592773,98.2,,,88.6,,,89.2,,,,2023
"Bernardino, Brennan",657514,89.7,90.9,,,82.4,77.6,,,,,2023
"Smith, Will",519293,92.4,,,81.1,86.6,77.0,,,,,2023
"Hernandez, Jose E.",669796,94.6,,,82.9,88.7,,,,,,2023
"Cueto, Johnny",456501,92.2,92.2,88.2,86.1,84.1,76.0,,,,,2023
"Domínguez, Seranthony",622554,97.5,98.0,,90.0,90.9,,,,,,2023
"Middleton, Keynan",641871,95.5,,,85.8,87.7,,,,,,2023
"Vesia, Alex",681911,94.4,94.1,,85.9,86.4,,,,,,2023
"Vasquez, Andrew",607755,89.1,88.5,,80.6,83.2,76.1,,,,,2023
"Hentges, Sam",656529,95.7,95.3,,87.8,,79.9,,,,,2023
"Davidson, Tucker",656353,91.4,90.4,,84.8,,,82.6,,79.6,,2023
"Lauer, Eric",641778,90.8,90.4,86.7,82.6,82.8,75.3,,,,,2023
"Cosgrove, Tom",676680,92.0,91.1,,,85.0,,,,76.2,,2023
"Loup, Aaron",571901,91.2,92.1,83.5,,79.7,75.7,,,,,2023
"Muñoz, Andrés",662253,99.2,98.4,,88.4,,,,,,,2023
"Sborz, Josh",622250,96.9,,,88.6,,85.2,,,,,2023
"Rogers, Taylor",573124,93.4,93.6,88.5,,,,,,79.4,,2023
"Moore, Matt",519043,94.0,95.2,,,84.2,84.3,,,,,2023
"Coulombe, Danny",543056,91.4,91.1,85.9,,77.1,80.1,,,82.0,,2023
"Ryu, Hyun Jin",547943,88.7,87.7,85.1,,78.1,68.9,,,,,2023
"Schreiber, John",670167,93.2,92.7,90.7,,88.1,,,,80.9,,2023
"Ruiz, José",614179,96.5,96.2,,,89.6,85.7,,,,,2023
"Gonzales, Marco",594835,89.2,88.7,85.9,,79.9,79.3,,,,,2023
"Mayza, Tim",641835,,93.4,,86.2,,,,,,,2023
"Lynch IV, Daniel",663738,92.6,92.4,,87.6,84.1,80.7,,,,,2023
"Almonte, Yency",622075,96.0,95.8,92.8,,88.9,,,,83.1,,2023
"Armstrong, Shawn",542888,94.5,94.7,91.4,,,,,,,85.2,2023
"Saucedo, Tayler",642048,93.0,92.3,,82.6,86.0,77.1,,,82.6,,2023
"Baker, Bryan",641329,95.7,,,85.8,79.8,,,,,,2023
"Speier, Gabe",642100,95.1,94.4,,84.4,88.4,,,,,,2023
"Vest, Will",676684,95.3,95.0,,86.1,87.3,,,,,,2023
"Feltner, Ryan",663372,94.8,94.3,,88.6,84.1,79.7,,,85.4,,2023
"May, Trevor",543507,94.7,,,84.4,87.8,,,,81.5,,2023
"Long, Sam",669674,94.0,,,84.8,83.9,77.4,87.0,,,,2023
"Shaw, Bryan",543766,,93.9,93.8,,83.3,81.7,,,83.5,,2023
"Machado, Andrés",600921,96.6,96.0,,88.4,89.7,,,,,,2023
"Ureña, José",570632,95.6,95.0,,86.2,87.4,,,,,,2023
"Kuhl, Chad",641771,93.8,93.2,90.0,85.4,87.0,78.8,,,77.6,,2023
"Martinez, Seth",661527,91.1,90.2,,,86.2,,,,79.3,,2023
"Stephenson, Robert",596112,96.8,,88.7,84.8,,77.2,88.8,,,,2023
"Fleming, Josh",676596,91.5,90.2,,,82.9,76.5,,,,,2023
"Pruitt, Austin",643493,91.8,91.3,,87.7,87.1,81.2,,,80.1,,2023
"Morán, Jovani",663558,93.3,92.2,,81.8,83.2,,,,,,2023
"Alvarado, José",621237,98.6,98.7,93.1,,,,,,,,2023
"Shreve, Chasen",592741,90.5,90.4,,87.1,,,82.0,,83.0,,2023
"Pearson, Nate",663878,97.9,,,87.4,,80.4,,,,,2023
"May, Dustin",669160,97.3,96.6,93.0,86.8,90.8,,,,85.3,,2023
"Covey, Dylan",592229,95.0,95.1,92.4,87.7,85.9,,86.7,,84.8,,2023
"Fairbanks, Pete",664126,98.9,,,86.8,94.1,,,,,,2023
"Buttó, José",676130,93.8,92.7,,86.2,85.5,80.0,,,,,2023
"Karinchak, James",675916,94.8,,,,,82.8,,,,,2023
"Beeks, Jalen",656222,94.3,,85.6,81.7,89.6,,,,,,2023
"Martin, Chris",455119,95.7,94.9,92.3,86.3,,,88.2,,85.0,,2023
"Jansen, Kenley",445276,,95.2,94.3,84.1,,,,,,,2023
"Rucker, Michael",621074,94.6,94.0,89.5,85.9,90.5,80.8,,,,,2023
"Hill, Tim",657612,90.6,88.6,87.9,83.3,,,,,,,2023
"Ramírez, Yohan",670990,,95.1,,,89.7,,,,82.8,,2023
"Kelly, Joe",523260,99.0,98.9,,91.6,89.2,89.4,,,,,2023
"Zerpa, Angel",672582,94.5,94.6,,86.2,86.9,,,,,,2023
"Abbott, Cory",676265,92.3,,,87.0,,84.7,,,,,2023
"Chargois, JT",608638,95.5,96.3,,86.3,,,,,,,2023
"Marte, Yunior",628708,98.4,97.6,88.4,86.9,,,,,,,2023
"Lucchesi, Joey",664192,90.4,90.0,91.3,,,77.9,81.8,,,,2023
"Alexander, Scott",518397,92.2,92.8,,83.0,85.9,,,,,,2023
"Kahnle, Tommy",592454,95.3,94.3,,85.0,88.8,,,,,,2023
"Gaddis, Hunter",683769,93.4,,89.0,85.3,81.2,75.5,,,,,2023
"Ward, Thaddeus",663658,93.4,93.2,87.6,,88.1,,,,81.0,,2023
"Brigham, Jeff",656257,93.5,,89.9,,,,,,82.4,,2023
"Devenski, Chris",606965,94.0,,,81.8,83.3,77.5,,,79.1,,2023
"Alexander, Tyler",641302,89.9,89.8,86.3,81.3,82.7,,,,,,2023
"Lambert, Jimmy",669424,94.0,,,85.6,85.5,76.1,,,,,2023
"Brebbia, John",605154,94.5,,,82.8,89.2,,,,,,2023
"Rasmussen, Drew",656876,95.7,95.1,88.1,,,80.0,,,84.5,,2023
"Jameson, Drey",686753,97.0,95.0,,85.4,89.1,80.8,,,,,2023
"Waldron, Matt",663362,91.3,91.3,86.7,,,,,76.6,79.8,,2023
"Rom, Drew",680723,90.6,87.4,,,,,83.6,,79.4,,2023
"Soriano, José",667755,98.9,97.7,,89.9,,86.8,95.6,,,,2023
"Vásquez, Randy",681190,94.4,94.2,87.7,,87.8,79.7,,,80.9,,2023
"Miller, Shelby",571946,93.5,,,,,,85.6,,82.1,,2023
"Voth, Austin",608723,93.2,,89.0,,,77.3,,,82.7,,2023
"Ramirez, Nick",598286,90.3,89.1,,85.5,79.1,75.7,,,79.2,,2023
"Keuchel, Dallas",572971,,87.4,84.8,78.3,80.3,,,,,,2023
"Wantz, Andrew",681806,94.0,93.5,89.4,,87.7,,,,83.8,,2023
"Pepiot, Ryan",686752,94.0,,,88.8,86.3,,,,,,2023
"Strzelecki, Peter",657265,92.0,91.1,90.5,82.0,83.8,,,,80.8,,2023
"White, Brendan",686839,94.4,93.0,,86.7,,,87.2,,83.1,,2023
"Velasquez, Vince",592826,93.2,92.9,,83.2,88.6,80.6,,,,,2023
"Lodolo, Nick",666157,93.2,93.4,,,87.3,79.6,,,,,2023
"Hartwig, Grant",701643,,94.7,93.3,,86.3,,,,82.5,,2023
"Brieske, Beau",689225,96.7,95.9,,87.3,88.8,,,,,,2023
"Llovera, Mauricio",661440,95.0,94.5,90.4,82.7,,,,,,,2023
"Suarez, José",660761,92.3,91.1,88.1,85.1,82.0,,,,78.0,,2023
"Mlodzinski, Carmen",669387,95.7,94.1,91.9,,89.4,,,,84.0,,2023
"Hollowell, Gavin",668970,93.4,94.1,84.7,,,,,,82.4,,2023
"Miller, Mason",695243,98.3,,94.4,86.0,91.3,,,,,,2023
"Helsley, Ryan",664854,99.7,,,89.0,,82.1,,,,,2023
"Lamet, Dinelson",659275,94.8,94.9,,85.9,90.4,,,,,,2023
"Davis, Noah",663562,91.5,93.5,88.4,83.8,84.7,78.4,,,,,2023
"Megill, Trevor",656730,99.1,,,,,85.8,,,,,2023
"Anderson, Grant",681982,93.0,92.9,,85.3,86.8,,,,,,2023
"Winn, Keaton",676775,96.0,95.5,,85.9,,,88.7,,,,2023
"Harrison, Kyle",690986,93.5,94.6,87.5,,86.6,,,,,82.2,2023
"Koch, Matt",571863,93.8,,89.6,82.4,,,,,,,2023
"Wicks, Jordan",696136,92.1,91.3,89.0,82.0,81.3,78.2,,,,,2023
"Kauffmann, Karl",666154,90.3,90.1,88.2,83.8,85.0,,,,,,2023
"Chavez, Jesse",445926,92.1,90.9,88.5,,84.8,75.9,,,,,2023
"Cox, Austin",680735,91.5,,86.7,83.4,82.9,77.8,,,,,2023
"Wright, Kyle",657140,93.2,92.7,,87.1,88.3,84.0,,,,,2023
"Duarte, Daniel",650960,95.6,94.2,91.4,83.5,90.0,,,,,,2023
"Mantiply, Joe",573009,89.9,89.5,,,81.9,80.3,,,,,2023
"Kowar, Jackson",663804,96.9,95.9,,86.0,86.6,,,,,,2023
"Dodd, Dylan",689266,92.1,,85.3,81.8,82.9,,,,,,2023
"Edwards Jr., Carl",605218,93.6,93.4,,,89.9,79.5,,,,,2023
"Winder, Josh",680739,94.5,94.8,,85.1,89.0,80.0,,,83.3,,2023
"Ferrer, Jose A.",678606,95.8,95.3,88.0,82.3,85.4,,,,,,2023
"Turnbull, Spencer",605513,92.9,93.4,,83.8,87.5,78.6,,,,,2023
"Criswell, Cooper",681867,,88.4,84.0,82.0,83.5,,,,76.2,,2023
"Hernández, Jonathan",642546,,97.5,,87.3,90.0,,,,,,2023
"Battenfield, Peyton",685410,90.8,,87.3,,84.7,79.7,,,,,2023
"Anderson, Nick",623433,94.1,94.8,,,,80.7,,,,,2023
"Romero, JoJo",668941,95.1,94.7,87.6,84.3,85.9,,,,,,2023
"Stone, Gavin",694813,94.0,94.6,90.5,85.8,85.8,79.5,,,,,2023
"Brogdon, Connor",641401,94.7,,87.5,,83.2,,,,,,2023
"Rosenberg, Kenny",670046,90.7,,83.7,,80.6,77.5,,,78.7,,2023
"La Sorsa, Joe",686747,90.6,88.1,75.5,,82.2,,,,74.8,,2023
"Frías, Luis",666818,96.1,,90.5,83.8,89.3,,,,,,2023
"Francis, Bowden",670102,94.4,,,85.0,,74.3,84.5,,,,2023
"Soroka, Michael",647336,93.2,92.4,,83.2,82.0,,,,,80.4,2023
"Winans, Allan",642216,90.0,89.6,,,82.9,,,,78.8,,2023
"Borucki, Ryan",621366,,94.0,,87.8,84.6,,,,82.4,,2023
"King, John",667463,93.7,93.7,,85.1,84.1,,,,,,2023
"Jackson, Luke",592426,94.4,94.0,,87.2,,82.9,,,,,2023
"Garcia, Robert",676395,94.3,,,83.9,88.1,,,,,,2023
"Suárez, Andrew",605498,92.3,91.8,,84.5,83.6,74.5,,,,,2023
"Uribe, Abner",682842,100.9,99.4,,89.4,,,,,,,2023
"Hjelle, Sean",663546,94.7,94.8,,,89.5,85.6,,,,,2023
"Faucher, Calvin",676534,95.0,,91.1,,,84.6,,,87.2,,2023
"Cordero, Jimmy",622772,98.0,97.3,,86.8,90.7,,,,,,2023
"González, Victor",624647,,94.6,,86.1,87.1,,,,,,2023
"Herrin, Tim",682120,96.6,96.2,,88.1,,83.6,,,,,2023
"Herget, Jimmy",623474,92.6,91.7,,85.2,85.7,77.2,,,,,2023
"Webb, Logan",657277,92.6,92.6,91.0,,87.4,,,,83.8,,2024
"Nola, Aaron",605400,92.5,91.5,87.5,,85.7,79.1,,,,,2024
"Cease, Dylan",656302,96.9,98.1,91.8,87.7,69.7,82.3,,,82.6,,2024
"Wheeler, Zack",554430,95.3,94.6,91.1,,,81.8,86.2,,85.0,,2024
"Ragans, Cole",666142,95.4,96.3,90.8,86.0,84.8,80.8,,,,,2024
"Lugo, Seth",607625,92.2,92.1,90.0,86.7,87.3,79.8,85.9,,82.1,78.8,2024
"Rodón, Carlos",607074,95.4,95.6,91.8,86.8,85.5,81.0,,,,,2024
"Peralta, Freddy",642547,94.3,95.3,,81.5,87.7,78.1,,,,,2024
"Irvin, Jake",663623,93.9,93.3,89.9,85.9,88.4,81.1,,,,,2024
"Gilbert, Logan",669302,96.6,95.6,92.3,88.4,,83.2,84.5,,,,2024
"Manaea, Sean",640455,92.2,92.4,88.5,85.1,85.3,,,,77.7,,2024
"Burnes, Corbin",669203,96.3,97.0,95.3,87.6,89.2,80.3,,,84.2,,2024
"Gore, MacKenzie",669022,96.0,,91.1,86.6,85.9,82.8,,,85.8,,2024
"López, Pablo",641154,95.0,94.5,,,88.5,82.4,,,84.5,,2024
"Kirby, George",669923,96.0,96.0,92.3,87.2,85.4,83.3,86.0,73.9,,,2024
"Singer, Brady",663903,91.7,92.2,82.8,83.0,88.0,,,,82.1,,2024
"Bassitt, Chris",605135,92.6,92.5,89.6,82.5,84.5,71.0,84.1,,74.1,,2024
"Kikuchi, Yusei",579328,95.5,,,88.3,86.8,82.4,,,,,2024
"Berríos, José",621244,94.1,93.4,91.4,,84.8,,,,,83.2,2024
"Anderson, Tyler",542881,89.5,88.1,84.3,81.4,78.9,71.6,,,,,2024
"King, Michael",650633,93.7,92.9,,85.7,86.7,,,,82.0,,2024
"Fedde, Erick",607200,93.3,93.0,89.9,,87.7,,,,83.5,,2024
"Severino, Luis",622663,96.2,95.6,92.6,86.8,86.1,,,,85.1,,2024
"Brown, Hunter",686613,96.0,95.6,92.4,89.3,88.4,82.9,,,,,2024
"Corbin, Patrick",571578,91.3,91.5,85.7,80.0,81.1,69.7,77.0,,,,2024
"Canning, Griffin",656288,93.4,92.9,,87.7,88.6,80.5,,,,,2024
"Gausman, Kevin",592332,94.0,93.3,,82.7,,,86.0,,,,2024
"Castillo, Luis",622491,95.6,95.6,,85.7,88.1,,,,,,2024
"Sears, JP",676664,91.9,90.0,,79.3,84.0,79.2,,,78.7,,2024
"Bibee, Tanner",676440,94.6,94.0,86.4,,82.5,80.5,,,82.9,,2024
"Keller, Mitch",656605,94.5,93.3,90.4,87.5,89.6,78.3,,,83.0,,2024
"Cortes, Nestor",641482,92.1,90.0,87.5,81.6,83.6,,,,78.0,,2024
"Skubal, Tarik",669373,96.9,96.6,,88.7,86.3,78.5,86.8,,,,2024
"Crawford, Kutter",676710,92.6,,87.5,,,77.3,82.4,,80.8,,2024
"Quintana, Jose",500779,90.7,90.8,,,85.7,77.6,,,,77.9,2024
"Sale, Chris",519242,94.8,93.9,,78.6,86.9,,,,,,2024
"Sánchez, Cristopher",650911,,94.5,84.9,84.4,85.1,,,,,,2024
"Flexen, Chris",623167,91.3,91.9,87.4,80.5,81.3,72.0,,,80.0,,2024
"Pfaadt, Brandon",694297,93.8,93.7,,,87.5,80.8,89.6,,84.8,,2024
"Morton, Charlie",450203,94.1,93.6,88.5,,85.0,81.5,,,,,2024
"Gibson, Kyle",502043,91.4,90.7,88.6,,84.9,78.3,,,80.7,,2024
"Fried, Max",608331,93.9,93.5,88.3,83.6,85.7,74.6,,,80.5,,2024
"Blanco, Ronel",669854,93.4,,,86.4,85.2,80.1,,,,,2024
"Miller, Bryce",682243,95.2,94.7,92.1,86.6,,85.0,84.4,,82.4,,2024
"Houck, Tanner",656557,95.1,93.5,87.1,,,,88.4,,83.2,,2024
"Heaney, Andrew",571760,91.6,92.2,84.7,82.6,83.7,75.5,,,,80.1,2024
"Bello, Brayan",678394,95.7,95.7,,88.1,87.6,,,,86.8,,2024
"Mikolas, Miles",571945,93.2,92.4,,86.5,85.6,76.3,,,80.8,,2024
"Civale, Aaron",650644,92.0,92.6,88.1,83.4,,77.1,85.6,,80.2,,2024
"Ober, Bailey",641927,91.7,,,86.2,83.4,76.1,,,80.3,,2024
"Gil, Luis",661563,96.6,97.7,,87.5,91.6,,,,,,2024
"Stroman, Marcus",573186,90.0,90.0,88.1,85.3,,76.2,83.3,,,82.2,2024
"Rea, Colin",607067,93.0,92.3,87.6,,,78.9,86.6,,82.0,,2024
"Quantrill, Cal",615698,94.1,93.7,87.7,84.0,84.8,79.4,86.5,,,,2024
"Montas, Frankie",593423,95.6,94.8,90.3,85.7,,,86.0,,84.9,,2024
"Eovaldi, Nathan",543135,95.4,,91.3,86.0,,76.7,88.4,,,,2024
"Gomber, Austin",596295,90.4,90.2,,83.8,81.1,77.6,,,,,2024
"Wacha, Michael",608379,93.6,93.6,88.8,84.1,81.2,75.2,,,,,2024
"Valdez, Framber",664285,94.8,94.1,,85.1,89.9,79.7,,,,,2024
"Imanaga, Shota",684007,91.7,89.0,89.8,,81.6,72.5,82.9,,81.6,,2024
"Feltner, Ryan",663372,94.6,94.2,,88.6,85.2,79.2,,,82.7,,2024
"Flaherty, Jack",656427,93.3,90.3,,84.7,85.7,77.4,,,,,2024
"Greene, Hunter",668881,97.6,100.0,,86.8,,81.1,87.0,,,,2024
"Assad, Javier",665871,91.5,91.4,87.9,81.1,83.7,76.8,,,79.9,,2024
"Gallen, Zac",668678,93.7,93.6,90.3,86.9,86.6,81.0,,,,,2024
"Arrighetti, Spencer",681293,94.1,94.1,88.1,82.9,85.5,78.4,,,80.8,,2024
"Littell, Zack",641793,92.4,91.6,,86.6,,,83.0,,79.5,,2024
"Taillon, Jameson",592791,92.3,92.5,86.5,,86.0,79.6,,,80.4,,2024
"Gray, Sonny",543243,92.4,92.7,87.7,,88.3,79.9,,,84.8,,2024
"Spence, Mitch",687765,,91.9,90.7,84.3,88.4,80.4,,,,,2024
"Waldron, Matt",663362,90.7,90.0,87.1,,,,,77.6,79.3,,2024
"Eflin, Zach",621107,92.5,91.7,88.2,80.8,85.6,78.8,,,79.7,,2024
"Lively, Ben",594902,89.9,90.4,83.4,80.6,83.9,77.1,,,79.0,,2024
"Nelson, Ryne",669194,95.2,,91.2,84.2,83.0,77.8,,,82.3,,2024
"Parker, Mitchell",680730,92.5,,,84.5,,80.5,85.6,,,,2024
"Crochet, Garrett",676979,97.2,97.9,91.5,,91.0,,,,84.2,,2024
"Pivetta, Nick",601713,93.9,92.7,88.3,83.9,,80.0,,,82.4,,2024
"Suárez, Ranger",624133,91.8,90.8,86.5,81.3,80.0,74.4,,,,,2024
"Abbott, Andrew",671096,92.8,,,85.1,84.8,80.8,,,82.9,,2024
"Woods Richardson, Simeon",680573,93.1,,,86.4,82.8,76.1,,,,,2024
"Bradley, Taj",671737,96.4,,90.9,,,79.1,90.9,,,,2024
"Rogers, Trevor",669432,91.9,91.5,,82.4,85.6,,,,,,2024
"Suárez, Albert",544150,94.8,,86.3,,86.1,79.0,,,,80.8,2024
"Pérez, Martín",527048,91.5,90.7,87.9,82.8,83.4,77.9,,,,,2024
"Kremer, Dean",665152,93.4,92.2,86.9,,,77.0,84.1,,,,2024
"Marsh, Alec",679525,94.2,93.6,,86.6,86.3,82.8,,,86.1,,2024
"Stone, Gavin",694813,94.9,95.3,92.3,88.8,87.5,83.3,,,87.7,,2024
"Myers, Tobias",668964,92.9,94.5,89.2,85.5,81.1,77.8,,,,,2024
"Pepiot, Ryan",686752,94.9,93.8,91.6,89.0,85.8,80.6,,,,,2024
"Ortiz, Luis",682847,95.9,94.9,90.9,85.8,90.6,,,,,,2024
"Falter, Bailey",663559,91.9,91.9,,86.1,,77.7,86.8,,,,2024
"Hendricks, Kyle",543294,87.7,87.6,,,80.9,74.3,,,,,2024
"Skenes, Paul",694973,98.8,,,86.6,87.3,83.0,94.0,,84.7,,2024
"Martinez, Nick",607259,92.6,92.0,89.1,84.9,80.1,80.8,,,,,2024
"López, Reynaldo",625643,95.5,,,85.0,86.1,77.0,,,,,2024
"Ryan, Joe",657746,94.0,92.9,,87.1,,,88.5,,81.3,,2024
"Lorenzen, Michael",547179,93.8,93.6,90.1,85.2,84.6,81.7,,,82.0,,2024
"Harrison, Kyle",690986,92.6,92.7,88.2,,84.8,73.7,,,,80.6,2024
"Steele, Justin",657006,91.6,91.5,,83.3,86.2,79.9,,,,,2024
"Lynn, Lance",458681,92.3,91.1,88.1,,84.8,80.4,,,82.0,,2024
"Cannon, Jonathan",686563,94.3,93.3,90.2,,85.7,,,,81.9,,2024
"Estes, Joey",683155,92.4,90.8,86.4,81.7,84.8,,,,78.2,,2024
"Glasnow, Tyler",607192,96.3,96.5,,90.0,,83.7,,,,,2024
"Maeda, Kenta",628317,90.8,90.4,84.8,82.1,,76.4,83.9,,80.3,,2024
"Hicks, Jordan",663855,95.3,94.5,,,,,84.3,,81.1,,2024
"Pallante, Andre",669467,94.5,94.8,,87.5,,79.5,,,,,2024
"Montgomery, Jordan",656756,92.1,91.8,,84.2,83.1,79.2,,,,,2024
"Jones, Jared",683003,97.3,97.8,,88.8,89.9,81.5,,,,,2024
"Schwellenbach, Spencer",680885,96.1,95.1,92.9,87.3,,80.6,84.5,,,,2024
"Rodriguez, Grayson",680570,96.1,,,86.5,83.1,81.3,,,,,2024
"Peterson, David",656849,93.1,91.9,,85.1,84.7,79.1,,,,,2024
"Lodolo, Nick",666157,94.2,94.1,,,88.1,81.7,,,,,2024
"Olson, Reese",681857,94.2,94.2,,84.8,86.5,79.0,,,,,2024
"Mize, Casey",663554,95.5,95.5,87.0,85.8,,79.6,86.2,,,82.5,2024
"Snell, Blake",605483,95.9,97.3,,88.7,85.5,81.1,,,,,2024
"Freeland, Kyle",607536,91.6,91.2,86.9,,85.7,83.5,,,,,2024
"Irvin, Cole",608344,91.9,91.6,85.9,78.1,84.9,77.3,,,,,2024
"Ureña, José",570632,96.4,96.0,,87.0,88.7,,,,,,2024
"Criswell, Cooper",681867,,89.1,86.4,82.2,84.4,,,,76.8,,2024
"Soriano, José",667755,98.8,97.7,,91.5,,86.4,92.8,,,,2024
"Cabrera, Edward",665795,96.3,96.6,,89.2,93.0,84.8,,,,,2024
"Woo, Bryan",693433,94.8,94.7,,86.2,89.6,,,,82.2,,2024
"Paxton, James",572020,93.2,92.5,84.0,,82.6,80.8,,,,,2024
"Carrasco, Carlos",471911,91.7,91.0,,83.9,86.8,80.4,,,80.1,,2024
"Dunning, Dane",641540,89.0,89.7,88.1,80.6,85.1,75.6,,,,,2024
"Vásquez, Randy",681190,94.3,94.2,90.3,86.8,88.6,82.2,,,82.2,,2024
"Alexander, Tyler",641302,89.6,89.6,85.0,77.8,81.3,,,,77.8,,2024
"Allen, Logan",671106,91.2,91.2,85.3,,81.7,,,,78.6,,2024
"Wilson, Bryse",669060,93.6,93.1,88.8,,88.0,80.4,,,,,2024
"Gray, Jon",592351,94.9,,,88.6,88.7,78.9,,,,,2024
"Herz, DJ",687792,93.5,,,86.1,83.5,81.2,,,,,2024
"Musgrove, Joe",605397,93.0,92.6,89.7,86.4,87.1,81.6,,,82.1,,2024
"Verlander, Justin",434378,93.5,91.2,,86.7,84.0,77.6,,,,,2024
"Francis, Bowden",670102,92.9,90.3,,81.7,,73.5,83.8,,,,2024
"Detmers, Reid",672282,93.8,93.8,,86.2,84.7,75.0,,,,,2024
"Spiers, Carson",686730,92.4,92.1,87.8,85.3,86.7,,,,81.3,,2024
"Montero, Keider",672456,94.7,94.1,,83.6,85.9,78.7,,,,,2024
"Cole, Gerrit",543037,95.9,95.3,91.4,88.3,88.2,82.5,,,,,2024
"Yarbrough, Ryan",642232,86.6,86.0,83.8,,77.4,,,,71.3,69.1,2024
"Hudson, Dakota",641712,90.0,90.4,86.9,84.0,83.5,80.2,,,,,2024
"Rodríguez, Yariel",684320,93.9,93.3,,84.6,,78.3,88.9,,,,2024
"Muñoz, Roddery",682610,95.4,94.9,89.9,85.8,89.3,,,,,,2024
"Fulmer, Carson",608334,93.1,92.6,,88.0,87.8,82.4,,,83.6,,2024
"Yamamoto, Yoshinobu",808967,95.5,94.7,91.5,86.4,,78.0,90.2,,83.7,,2024
"Paddack, Chris",663978,93.3,,,85.9,82.9,78.2,,,,,2024
"Schmidt, Clarke",657376,93.9,94.3,92.4,84.9,87.1,83.8,,,85.2,,2024
"Sandoval, Patrick",663776,93.7,93.7,,87.8,82.9,76.3,,,81.3,,2024
"Soroka, Michael",647336,93.5,92.3,,82.0,82.1,,,,,81.1,2024
"Walker, Taijuan",592836,91.5,91.1,87.3,84.3,,74.7,86.7,,85.1,,2024
"Avila, Pedro",658648,93.4,93.0,,83.0,83.4,77.6,,,77.9,,2024
"Tonkin, Michael",543859,93.2,92.5,,83.9,,,,,80.7,,2024
"Weathers, Ryan",677960,95.9,94.6,,90.8,86.4,,,,82.7,,2024
"Povich, Cade",700249,92.4,91.5,88.3,83.4,86.1,76.3,,,81.9,,2024
"Birdsong, Hayden",806185,95.8,,,86.4,88.1,80.5,,,,,2024
"Weaver, Luke",596133,95.7,97.1,91.3,87.4,88.6,82.6,,,,,2024
"Williams, Gavin",668909,96.6,,91.6,88.6,89.2,79.5,,,,,2024
"Law, Derek",571882,95.1,94.7,91.5,87.3,88.0,77.9,,,,,2024
"Megill, Tylor",656731,95.7,94.6,90.0,85.5,87.2,78.1,84.7,,80.5,,2024
"Stripling, Ross",548389,91.7,90.2,87.5,84.7,82.7,76.3,,,,,2024
"Liberatore, Matthew",669461,94.7,95.4,91.4,87.4,87.9,78.2,,,,,2024
"Ashcraft, Graham",668933,,94.8,95.6,88.4,91.0,,,,,,2024
"Vodnik, Victor",680767,98.0,95.5,,84.6,90.1,,,,,,2024
"Holton, Tyler",663947,92.0,91.6,87.6,,83.6,79.2,,,80.6,,2024
"Buehler, Walker",621111,95.0,94.8,91.2,86.2,90.0,78.0,,,82.6,,2024
"McKenzie, Triston",663474,91.1,,,85.4,,77.7,,,,,2024
"Abreu, Bryan",650556,96.7,96.4,,86.2,90.0,,,,,,2024
"Shuster, Jared",694363,92.5,91.7,,86.0,84.1,,,,,,2024
"Cecconi, Slade",677944,94.4,,89.8,85.1,81.8,75.3,,,81.6,,2024
"Miller, Erik",669062,96.9,,,83.3,85.5,,,,,,2024
"Darvish, Yu",506433,94.1,93.6,90.8,85.9,88.4,75.6,87.2,,82.1,,2024
"Akin, Keegan",669211,93.9,,,85.5,85.6,,,,,,2024
"Winckowski, Josh",670174,95.1,95.1,90.4,85.2,91.4,,,,,,2024
"Wentz, Joey",666214,93.7,,85.9,,85.7,79.3,,,,,2024
"Buttó, José",676130,94.2,93.5,,85.0,87.1,,,,82.7,,2024
"Walker, Ryan",676254,94.5,95.6,,83.9,,,,,,,2024
"Harris, Hogan",663687,92.9,93.5,90.6,,81.1,72.4,,,78.8,,2024
"Blackburn, Paul",621112,91.9,91.2,89.1,,85.7,79.5,,,81.3,,2024
"Robertson, David",502085,,94.7,93.3,83.7,88.0,84.2,,,,,2024
"Hjelle, Sean",663546,,94.6,92.1,,,85.8,,,,,2024
"Baz, Shane",669358,95.6,,,87.3,88.1,83.6,,,,,2024
"Leclerc, José",600917,95.3,95.0,90.2,82.0,88.2,79.4,,,,,2024
"Scott, Tayler",605463,92.7,92.7,,,,,85.5,,84.0,,2024
"Ross, Joe",605452,94.8,94.8,,86.6,90.2,83.2,,,,,2024
"Fernandez, Ryan",681676,95.5,95.8,90.1,87.3,,,,,,,2024
"Beeks, Jalen",656222,94.5,94.5,84.9,,88.9,74.8,,,,,2024
"Kinley, Tyler",641755,95.8,95.7,,89.5,87.2,,,,,,2024
"Ginkel, Kevin",656464,96.0,94.4,,87.4,,,,,,,2024
"Richards, Trevor",670950,92.3,91.9,,84.4,79.2,,,,,,2024
"Martinez, Justin",679885,100.5,100.2,,89.8,,,89.8,,,,2024
"Bradford, Cody",674003,89.8,,86.5,82.7,80.9,74.9,,,,,2024
"Banks, Tanner",621383,93.6,92.0,,87.9,86.2,,,,82.1,,2024
"Puk, A.J.",640462,95.6,94.6,,85.5,90.3,,84.4,,81.5,,2024
"Farmer, Buck",571656,92.7,92.5,,82.2,86.8,,,,,,2024
"Hader, Josh",623352,95.0,96.1,,85.5,89.3,,,,,,2024
"Smith, Cade",671922,96.0,,,,,,88.4,,82.1,,2024
"Scott, Tanner",656945,97.0,97.7,,88.5,92.0,,,,,,2024
"Vest, Will",676684,96.1,94.9,,86.9,89.0,,,,,,2024
"Strickland, Hunter",519326,94.2,92.7,84.0,85.1,88.1,,,,81.5,,2024
"Sands, Cole",663485,95.7,94.6,90.8,,,82.4,87.8,,,,2024
"Brieske, Beau",689225,95.9,95.5,,86.1,88.4,,,,,,2024
"Knack, Landon",689017,93.5,,,85.1,84.2,79.6,,,84.6,,2024
"Kelly, Merrill",518876,91.9,92.4,90.3,85.6,88.4,82.2,,,,,2024
"Kopech, Michael",656629,98.7,,91.2,87.1,,,,,,,2024
"Thornton, Trent",663423,95.5,94.8,91.6,89.8,87.7,82.4,,,81.8,,2024
"Cruz, Fernando",518585,94.7,93.4,88.7,82.6,,,81.5,,,,2024
"Blach, Ty",621389,,89.1,82.9,,80.0,79.2,,,,,2024
"Houser, Adrian",605288,93.6,92.5,,83.2,84.1,79.6,,,,,2024
"Chapman, Aroldis",547973,97.8,99.8,,87.0,,,91.6,,,,2024
"De Los Santos, Enyel",660853,95.5,95.8,,86.4,87.6,,,,,,2024
"Barnes, Jacob",606930,95.4,,89.8,83.6,,,,,,,2024
"Doval, Camilo",666808,100.0,97.5,99.1,88.8,,,,,,,2024
"Armstrong, Shawn",542888,93.3,93.6,90.5,,,,,,85.2,83.6,2024
"Vesia, Alex",681911,93.4,93.3,,85.0,85.5,,,,,,2024
"Adam, Jason",592094,95.5,93.6,86.9,84.3,89.5,,,,78.9,,2024
"Santana, Dennis",642701,95.8,95.0,90.4,87.1,88.5,83.7,,,,,2024
"Festa, David",701581,94.7,,,86.1,88.4,,,,,,2024
"Cronin, Declan",686539,93.9,93.4,,87.1,,,,,82.0,,2024
"Bellozo, Valente",678368,89.2,,82.8,,81.1,73.7,80.7,,77.7,,2024
"Jiménez, Joe",641729,94.5,,,84.6,89.0,,,,,,2024
"Kerkering, Orion",689147,97.6,96.4,,,,,,,86.2,,2024
"Holmes, Clay",605280,97.7,96.6,,87.1,,,,,83.7,,2024
"Luzardo, Jesús",666200,95.2,95.0,,83.5,86.3,,,,,,2024
"Rogers, Taylor",573124,,93.0,,,,,,,79.3,,2024
"Lawrence, Justin",664875,95.1,94.6,,,,,,,83.0,,2024
"Maton, Phil",664208,,87.5,88.7,85.5,,74.7,,,80.9,,2024
"Wesneski, Hayden",669713,94.6,93.5,88.1,,87.1,,,,82.4,,2024
"Gaddis, Hunter",683769,95.4,,,89.1,80.3,,,,,,2024
"Contreras, Roansy",672710,94.7,94.5,,85.0,89.0,77.9,,,82.9,,2024
"Jax, Griffin",643377,97.1,96.7,,,92.3,86.5,,,88.8,,2024
"Finnegan, Kyle",640448,97.2,,,85.4,,,88.5,,,,2024
"Baumann, Mike",657508,96.5,96.3,,92.1,89.1,87.8,,,,,2024
"Morejon, Adrian",670970,96.9,97.4,,86.0,,82.1,,86.2,81.7,,2024
"Domínguez, Seranthony",622554,97.7,98.0,,89.6,91.5,,,,87.0,,2024
"Williams, Trevor",592866,88.9,87.7,,81.3,82.8,,,,77.0,,2024
"Pearson, Nate",663878,97.7,97.3,,87.9,,80.9,88.3,,,,2024
"Cleavinger, Garrett",664076,96.4,95.9,90.8,87.3,,,,,80.9,,2024
"Bido, Osvaldo",674370,94.8,94.9,86.9,85.8,88.9,,,,,,2024
"Miller, Bobby",676272,97.6,97.2,,88.6,86.4,79.8,,,,,2024
"Alvarado, José",621237,96.8,97.8,92.5,,,85.4,,,,,2024
"Matsui, Yuki",673513,92.2,91.9,,86.0,,74.9,86.6,,80.9,,2024
"Molina, Anthony",683627,94.8,,91.0,88.7,85.3,82.9,,,,,2024
"Chavez, Jesse",445926,,90.7,88.8,81.4,85.2,75.7,,,,,2024
"Milner, Hoby",571948,88.8,88.5,,,81.1,,,,79.5,80.0,2024
"Lambert, Peter",663567,94.5,93.9,90.0,86.9,87.0,77.9,,,,81.3,2024
"Kelly, Kevin",687330,92.0,90.8,87.8,,,,,,77.3,,2024
"Cabrera, Génesis",650893,95.9,96.0,89.2,,88.2,78.9,,,,,2024
"Weissert, Greg",669711,94.0,93.7,91.9,85.5,84.6,,,,79.8,,2024
"Mears, Nick",683232,96.7,,,86.5,,81.5,,,,,2024
"Kittredge, Andrew",552640,94.0,94.7,88.2,88.1,90.4,,,,,,2024
"Yates, Kirby",489446,93.2,,,85.8,,,86.3,,,,2024
"Miller, Mason",695243,100.9,,,87.5,92.4,,97.6,,,,2024
"Holmes, Grant",656550,94.6,,92.6,86.5,91.3,83.9,,,,,2024
"Bednar, David",670280,97.2,,,,,77.2,92.1,,,,2024
"Barlow, Scott",605130,91.4,91.1,,81.1,,77.3,,,81.0,,2024
"Suter, Brent",608718,85.8,87.4,,78.4,75.5,,,,,,2024
"Floro, Dylan",571670,89.7,89.9,,83.3,83.5,,,,,,2024
"Koenig, Jared",657649,95.9,95.0,90.3,,85.5,81.1,,,,,2024
"Anderson, Chase",502624,93.6,92.8,88.8,,83.9,78.9,,,80.5,,2024
"Smyly, Drew",592767,90.1,92.6,88.6,,,80.0,,,,,2024
"Leiter Jr., Mark",643410,91.9,91.5,88.6,,83.8,73.5,84.2,,79.6,,2024
"Hancock, Emerson",676106,93.4,93.2,86.3,82.9,86.5,,,,75.7,,2024
"Herrin, Tim",682120,95.5,93.9,,87.6,,81.6,,,,,2024
"Neris, Héctor",593576,92.9,92.8,,85.6,,,82.7,,,,2024
"Cano, Yennier",666974,96.5,96.0,,87.1,91.0,,,,,,2024
"Faedo, Alex",656412,94.0,93.5,,83.2,89.1,,,,,,2024
"Jarvis, Bryce",686826,95.7,95.1,89.6,86.4,85.1,83.2,,,,,2024
"Estrada, Jeremiah",669093,97.2,97.1,,89.8,,,83.6,,,,2024
"Ottavino, Adam",493603,93.2,92.1,87.8,82.9,87.2,77.9,,,78.9,,2024
"Sandlin, Nick",680704,92.6,92.6,,79.4,,,84.8,,,,2024
"Rogers, Tyler",643511,82.3,82.4,,73.6,,,,,,,2024
"Hoffman, Jeff",656546,96.7,96.5,,86.8,,,90.5,,,,2024
"Hudson, Daniel",543339,95.1,95.1,,88.0,88.7,,,,,,2024
"Brebbia, John",605154,93.8,,,83.1,,,,,,,2024
"Stratton, Chris",608717,91.8,91.7,,86.1,85.1,79.2,,,83.6,,2024
"Suarez, José",660761,93.0,91.8,88.9,85.0,82.9,77.0,,,78.7,,2024
"Faucher, Calvin",676534,96.0,,91.3,,,85.7,,,88.2,,2024
"Clase, Emmanuel",661403,,100.0,99.5,91.0,,,,,,,2024
"Hill, Tim",657612,90.7,88.7,,82.2,,,,,,,2024
"Strahm, Matt",621381,93.4,93.4,88.4,81.5,80.1,,,,,,2024
"Garrett, Reed",657585,96.8,96.4,91.6,,,,88.2,,85.0,,2024
"Kuhl, Chad",641771,95.0,93.9,91.5,86.9,87.4,,,,78.8,,2024
"Thompson, Ryan",657044,92.5,91.0,,79.0,,,,,,,2024
"Suarez, Robert",663158,99.1,98.7,92.5,,91.1,,,,,,2024
"Stanek, Ryne",592773,97.8,95.4,,88.0,,,89.1,,,,2024
"Díaz, Alexis",664747,93.9,,,87.5,,,,,,,2024
"Voth, Austin",608723,93.6,,89.0,,,75.3,,,80.8,,2024
"Bummer, Aaron",607481,93.6,93.1,87.4,,84.2,82.2,,,82.3,,2024
"Pressly, Ryan",519151,93.8,93.6,,89.6,89.5,82.4,,,,,2024
"Meyer, Max",676974,94.1,92.6,,88.2,86.7,,,,90.7,,2024
"Chafin, Andrew",605177,91.7,91.7,,82.1,,,,,,,2024
"Boyle, Joe",671212,97.7,,,88.0,,80.4,,,84.6,,2024
"Kimbrel, Craig",518886,93.9,,,,88.3,84.3,,,85.6,,2024
"Soto, Gregory",642397,98.0,97.4,91.8,86.2,,,,,83.9,,2024
"Kelly, Zack",677161,96.5,,91.1,,83.6,,,,82.2,,2024
"Bender, Anthony",669622,95.5,95.5,93.9,86.5,89.5,,,,84.9,,2024
"Muñoz, Andrés",662253,98.4,97.5,,87.6,,,,,,,2024
"Zerpa, Angel",672582,95.8,96.4,,86.1,88.6,81.1,,,,,2024
"Nicolas, Kyle",693312,97.4,,,90.9,,85.6,,,,,2024
"Erceg, Lucas",668674,98.6,98.5,,85.7,91.0,,,,,,2024
"Garcia, Robert",676395,94.5,94.2,,85.5,87.7,,,,,,2024
"Anderson, Justin",605121,96.0,94.8,92.4,85.6,,,,,,,2024
"Junis, Jakob",596001,92.5,91.9,88.2,83.0,86.6,,,,,,2024
"Ferguson, Caleb",657571,93.8,94.0,89.0,,,,,,79.1,81.1,2024
"Rainey, Tanner",663432,94.0,,,86.6,85.6,,,,,,2024
"Miller, Tyson",668338,89.6,89.8,,,85.3,78.8,,,80.2,,2024
"Webb, Jacob",657097,93.5,,,,84.3,,,,82.8,,2024
"Helsley, Ryan",664854,99.6,,,89.2,,81.2,,,,,2024
"Alcala, Jorge",660896,98.1,97.4,,89.9,91.1,,,,,,2024
"Iglesias, Raisel",628452,95.6,95.5,,84.2,89.5,,,,,,2024
"Hudson, Bryan",663542,91.3,,86.0,,,,,,81.5,,2024
"Romero, JoJo",668941,95.1,94.0,91.4,84.0,85.9,,,,,,2024
"Phillips, Evan",623465,96.2,95.6,92.8,,,,,,85.0,,2024
"Jackson, Luke",592426,94.7,,90.8,87.3,,84.6,,,,,2024
"Johnson, Pierce",572955,95.5,,92.0,,,85.4,,,,,2024
"Turnbull, Spencer",605513,92.0,93.2,,84.8,87.7,78.8,,,83.8,,2024
"Díaz, Edwin",621242,97.5,,,89.6,,,,,,,2024
"Roupp, Landen",694738,93.7,94.4,,83.9,88.2,77.4,,,,,2024
"Harvey, Hunter",640451,97.8,,,85.7,,82.3,89.2,,,,2024
"Nardi, Andrew",677053,94.0,,,82.9,91.4,,,,,,2024
"Foley, Jason",671345,97.2,96.9,,88.5,92.2,,,,,,2024
"McArthur, James",663704,94.7,95.1,,87.7,,83.7,,,,,2024
"Varland, Louis",686973,96.3,93.8,,90.1,89.4,84.6,,,,,2024
"Payamps, Joel",606303,94.8,94.7,,83.8,89.5,,,,,,2024
"Brazobán, Huascar",623211,96.6,96.2,89.1,,90.3,,,,,,2024
"García, Luis",472610,96.1,96.4,88.1,82.8,,,87.1,,80.8,,2024
"Smith, Burch",572143,94.9,91.1,87.6,,85.3,80.0,,,83.5,,2024
"Schreiber, John",670167,92.9,92.0,88.7,,85.9,,,,81.1,,2024
"Martin, Davis",663436,93.6,,89.0,83.6,89.3,78.4,,,,,2024
"Thielbar, Caleb",573204,93.2,,,86.6,,74.1,,,81.5,,2024
"Sims, Lucas",608371,94.2,,90.9,85.3,,79.8,88.3,,84.1,,2024
"Duran, Jhoan",661395,100.5,,,,,86.1,97.0,,86.2,,2024
"Rodríguez, Randy",678495,97.6,96.3,,84.7,89.7,,,,,,2024
"Holderman, Colin",670059,97.1,97.2,92.1,,,,,,84.7,,2024
"Mantiply, Joe",573009,89.4,88.9,,,81.0,79.2,,,,,2024
"Rodriguez, Eduardo",593958,92.0,91.8,88.8,84.0,86.7,,,,,,2024
"Mlodzinski, Carmen",669387,96.2,,92.5,87.5,88.6,,,,84.9,,2024
"Elder, Bryce",693821,91.5,90.2,86.8,83.6,85.2,,,,,,2024
"Pérez, Cionel",672335,96.5,96.1,,,,83.7,,,,83.1,2024
"Bernardino, Brennan",657514,,91.4,86.7,84.1,,78.9,,,,,2024
"Kochanowicz, Jack",686799,96.2,95.8,,85.4,88.2,,,,83.7,,2024
"Lee, Dylan",669276,92.4,,,84.0,85.7,,,,,,2024
"King, John",667463,93.7,93.5,,83.5,84.4,,,,,,2024
"Moore, Matt",519043,92.7,,88.2,,82.8,82.1,,,,,2024
"Wicks, Jordan",696136,92.5,91.7,,86.0,82.2,78.4,,,82.6,,2024
"Miller, Shelby",571946,93.5,,,88.3,,,86.8,,,,2024
"Brown, Ben",676962,96.4,,,,90.6,86.5,,,,,2024
"Winn, Keaton",676775,95.7,94.8,,87.9,,,88.9,,,,2024
"Dubin, Shawn",681869,95.0,95.6,89.0,,88.3,81.4,,,83.1,,2024
"Green, Chad",643338,95.5,96.2,91.5,87.7,,,,,,,2024
"Martinez, Seth",661527,90.8,89.8,,,84.7,,,,79.1,,2024
"McFarland, T.J.",519008,,88.0,82.2,,81.4,,,,78.2,,2024
"Ruiz, José",614179,96.4,95.8,,92.2,89.9,86.2,,,,,2024
"Peguero, Elvis",665625,,96.8,,90.1,,69.1,,,,,2024
"Grove, Michael",675627,94.0,96.0,93.0,86.9,,79.9,,,,,2024
"Estévez, Carlos",608032,96.8,,,89.4,89.4,83.2,,,,,2024
"Ferguson, Tyler",621053,95.9,95.1,91.0,,88.3,,,,84.5,,2024
"Wilson, Justin",458677,95.5,,92.3,88.4,,,86.9,,,,2024
"Latz, Jacob",656641,94.9,,,83.4,85.9,76.4,,,,,2024
"Priester, Quinn",682990,93.1,93.1,92.5,87.1,88.5,80.6,,,,,2024
"Slaten, Justin",686580,96.4,,91.5,,,84.3,,,84.0,,2024
"Adams, Austin",613534,93.4,93.5,,87.7,,,,,,,2024
"López, Jorge",605347,95.6,95.5,,86.6,87.5,83.0,,,,,2024
"Jansen, Kenley",445276,,93.2,92.2,82.5,,,,,80.9,,2024
"Kolek, Stephen",663568,95.8,95.2,92.4,88.2,88.7,,,,83.7,,2024
"Scott, Christian",681035,94.2,,,87.3,,,84.8,,83.2,,2024
"Hall, DL",669084,93.3,92.4,88.9,84.6,84.7,79.7,,,,,2024
"Hoeing, Bryan",663773,94.4,93.9,,83.0,,,86.8,,,,2024
"Banda, Anthony",607455,96.1,96.1,,85.7,90.0,,,,,,2024
"Bivens, Spencer",702352,94.5,94.3,91.1,86.4,88.6,,,,81.0,,2024
"Ramírez, Yohan",670990,94.8,94.4,,,,81.5,,,81.6,,2024
"Hernández, Jonathan",642546,96.7,96.8,,87.7,90.0,,,,,,2024
"Wood, Alex",622072,88.0,90.5,,81.4,84.5,,,,,,2024
"Matz, Steven",571927,90.2,93.9,,88.1,83.3,77.6,,,,,2024
"Kahnle, Tommy",592454,94.2,93.2,,86.3,87.4,,,,,,2024
"Keller, Brad",641745,93.8,92.7,,86.0,88.6,81.2,,,83.8,,2024
"Pop, Zach",647315,96.1,96.2,93.6,86.2,,,,,,,2024
"Treinen, Blake",595014,94.3,94.6,90.8,,,,,,83.9,,2024
"Vieira, Thyago",600986,97.7,97.1,,88.3,91.9,,,,,,2024
"Nastrini, Nick",680897,93.7,,,84.5,85.8,79.2,,,,,2024
"Weems, Jordan",607179,96.0,,,87.6,,79.7,87.4,,,,2024
"Mayza, Tim",641835,89.4,92.5,90.4,86.9,,,,,,,2024
"Muller, Kyle",666205,92.6,,,85.4,86.9,79.4,,,,,2024
"Thorpe, Drew",689672,91.0,,86.3,81.6,81.6,,,,79.0,,2024
"Medina, Luis",665622,95.9,95.8,,85.8,89.6,81.2,,,,,2024
"Matthews, Zebby",805673,94.9,,90.9,87.2,85.8,81.7,,,,,2024
"McCaughan, Darren",670766,89.4,89.0,,,81.1,,,,81.9,,2024
"Cantillo, Joey",676282,92.2,,,82.6,77.8,76.2,,,,,2024
"Oller, Adam",670124,93.8,93.4,,86.2,86.9,81.5,,,,85.5,2024
"Henry, Tommy",674072,89.8,90.4,,82.9,83.7,78.1,,,,,2024
"Long, Sam",669674,94.3,95.3,,85.5,,77.7,87.6,,,,2024
"Young, Danny",664849,,91.4,87.1,,,,,,80.6,,2024
"Little, Brendon",663893,,94.5,93.8,,,86.7,,,,,2024
"Fairbanks, Pete",664126,97.3,,,85.0,93.6,,,,,,2024
"Booser, Cam",592155,95.3,,88.3,,,,,,82.3,,2024
"Leahy, Kyle",681517,95.5,,,89.9,89.8,81.6,,,85.4,,2024
"Bird, Jake",656234,94.7,95.4,91.6,85.5,89.1,81.7,,,84.2,,2024
"Montero, Rafael",606160,95.4,94.8,,86.2,91.0,,,,,,2024
"Snider, Collin",676092,94.2,94.6,89.6,,,,,,82.4,,2024
"Bradish, Kyle",680694,94.5,95.3,,88.2,,84.1,,,,,2024
"Smith, Will",519293,91.2,,,80.6,85.8,76.3,,,,,2024
"Uceta, Edwin",670955,94.2,95.9,89.3,,88.3,81.9,,,81.0,,2024
"Boyd, Matthew",571510,92.0,91.8,,79.5,80.9,74.1,,,,,2024
"Scherzer, Max",453286,92.5,,86.6,85.0,82.8,74.7,,,,,2024
"Leiter, Jack",683004,96.4,97.2,91.1,86.8,89.5,81.4,,,,,2024
"Megill, Trevor",656730,98.8,98.6,,,,87.4,,,,,2024
"Swanson, Erik",657024,93.9,,,86.8,,,84.9,,,,2024
"Black, Mason",696131,92.4,92.6,90.2,87.4,87.4,,,,81.2,,2024
"Martin, Chris",455119,94.7,94.0,91.9,,,,88.3,,85.0,,2024
"Funderburk, Kody",681892,,93.3,92.1,,88.9,,,,82.6,,2024
"Morgan, Eli",669212,92.2,,,86.8,78.9,,,,,,2024
"Hurter, Brant",676428,92.1,92.4,,,85.6,,,,83.1,,2024
"Tinoco, Jesus",622786,96.5,96.1,92.4,86.6,90.0,,,,,,2024
"Cousins, Jake",664776,94.9,95.1,,82.1,,,,,,,2024
"Hodge, Porter",687863,95.5,,,,,,89.8,,83.0,,2024
"Curry, Xzavion",675540,92.1,,,84.6,88.1,73.9,84.6,,80.6,,2024
"Lynch IV, Daniel",663738,92.9,92.7,89.6,85.9,84.7,80.4,,,,,2024
"Sewald, Paul",623149,91.4,,,,84.2,,,,83.1,,2024
"Diekman, Jake",518617,94.7,94.2,,,87.1,,,,82.8,,2024
"Saucedo, Tayler",642048,91.4,91.3,,82.7,85.3,76.1,,,80.9,,2024
"Brito, Jhony",666745,96.4,96.3,,86.7,89.8,81.3,,,82.8,,2024
"Moll, Sam",594580,93.3,92.0,,,85.3,,,,81.3,,2024
"Wilson, Steven",621051,93.5,,86.5,,81.7,,,,82.3,,2024
"Sánchez, Sixto",664350,93.8,92.7,83.6,,85.4,,,,,,2024
"Hamilton, Ian",641656,96.4,95.7,,88.5,,,,,,,2024
"García, Yimi",554340,96.5,95.8,,88.5,88.7,84.2,,,86.3,,2024
"Woodford, Jake",663765,91.3,91.5,88.6,,85.6,,,,80.7,,2024
"Okert, Steven",595345,93.0,92.9,,81.0,88.8,,,,,,2024
"Peralta, Wandy",593974,95.4,95.1,,88.6,88.6,,,,,,2024
"Gordon, Tanner",685299,92.1,,,85.2,83.9,80.4,,,,,2024
"Rodríguez, Manuel",655889,96.7,96.7,,89.3,,,,,87.4,,2024
"Otañez, Michel",671305,98.0,97.4,,85.3,,,,,,,2024
"Roycroft, Chris",688297,95.0,96.0,,,,,,,83.8,,2024
"Honeywell, Brent",641703,94.8,94.3,,86.0,85.6,,,,81.9,,2024
"Pagán, Emilio",641941,94.6,,86.4,,,,83.9,,,,2024
"Wrobleski, Justin",680736,95.1,93.1,,87.4,85.8,82.2,,,84.5,,2024
"Tate, Dillon",622253,,92.6,,,83.8,,,,79.5,,2024
"Garrett, Braxton",666129,90.7,90.0,86.4,82.8,83.1,77.4,,,,,2024
"Stratton, Hunter",676702,95.5,95.3,92.0,84.1,,,,,,,2024
"Mazur, Adam",800049,94.6,93.8,,86.8,89.9,80.7,,,83.9,,2024
"Tyler, Kyle",667725,90.6,89.3,90.3,82.2,86.0,77.0,,,,,2024
"Phillips, Tyler",663969,92.7,93.8,,,,81.0,85.8,,82.5,,2024
"McGough, Scott",543518,93.1,93.4,,87.1,,,85.0,,,,2024
"Burke, Brock",656271,95.8,93.9,,87.0,88.9,,,,,,2024
"Anderson, Nick",623433,94.6,95.0,,,88.2,81.7,,,,,2024
"Javier, Cristian",664299,91.7,,,,81.2,75.1,,,77.5,,2024
"Burr, Ryan",621114,94.1,94.2,,85.4,,,,,,,2024
"Ray, Robbie",592662,94.1,,,88.4,,83.5,,,,,2024
"Alexander, Scott",518397,,92.1,,82.7,84.6,,,,,,2024
"Springs, Jeffrey",605488,89.8,,85.4,82.9,79.6,,,,78.3,,2024
"Hernández, Carlos",672578,97.9,,,86.8,,83.5,89.9,,86.0,,2024
"Leasure, Jordan",673929,96.1,,,88.2,,78.6,,,,,2024
"Kelly, Joe",523260,98.1,98.2,,90.1,88.4,87.3,,,,,2024
"Blalock, Bradley",687134,93.5,,88.7,85.2,,79.5,85.3,,,,2024
"Gonzales, Marco",594835,89.7,90.1,85.7,,80.2,79.0,,,,,2024
"Poche, Colin",621363,91.2,,,83.1,,,,,,,2024
"Joyce, Ben",690829,102.1,97.0,,86.2,92.1,,,,,,2024
"Thompson, Keegan",624522,93.5,92.8,89.8,,88.4,82.0,,,84.4,,2024
"Howard, Spencer",675921,93.8,,,85.3,80.1,75.7,,,,,2024
"Devenski, Chris",606965,93.2,91.5,85.2,,82.8,,,,77.7,,2024
"Fleming, Josh",676596,,90.4,87.2,,83.2,77.9,,,,,2024
"Aguiar, Julian",687924,94.3,94.3,,80.3,84.0,78.0,,,,,2024
"Chargois, JT",608638,94.5,95.0,,85.6,85.0,,,,,,2024
"Lovelady, Richard",663992,92.4,92.2,,86.2,,,,,83.4,,2024
"Minter, A.J.",621345,94.5,,89.4,,86.7,,,,,,2024
"Núñez, Dedniel",673380,96.3,,,87.5,93.2,84.1,,,,,2024
"Soriano, George",666277,94.1,,,84.0,88.4,,,,,,2024
"Ginn, J.T.",669372,93.0,92.9,91.4,85.4,87.0,,,,,,2024
"Chirinos, Yonny",630023,93.0,92.7,,85.2,,,85.7,,,,2024
"Chivilli, Angel",683409,96.1,,,87.4,87.8,,,,,,2024
"Bielak, Brandon",656232,91.9,92.1,,82.3,87.4,80.8,,,82.8,,2024
"Daniel, Davis",669721,91.5,,,81.8,84.5,74.3,85.1,,,,2024
"Santillan, Tony",663574,97.2,,,87.1,92.0,,,,,86.2,2024
"Kershaw, Clayton",477132,89.9,89.8,,85.9,85.1,72.0,83.4,,,,2024
"Webb, Logan",657277,92.8,92.6,91.1,,86.5,,,,84.6,,2025
"Rodón, Carlos",607074,94.1,91.9,92.4,85.9,85.0,80.3,,,,,2025
"Crochet, Garrett",676979,96.4,96.0,90.9,,87.7,,,,82.7,,2025
"Gallen, Zac",668678,93.5,93.3,89.5,88.0,86.3,81.1,,,,,2025
"Fried, Max",608331,95.8,94.0,93.6,85.3,85.2,75.2,,,81.5,,2025
"Kikuchi, Yusei",579328,94.8,92.7,,87.0,85.6,79.9,,,80.8,,2025
"Peralta, Freddy",642547,94.8,,,83.7,88.9,78.8,,,,,2025
"Ray, Robbie",592662,93.6,,,87.9,84.8,81.2,,,80.0,,2025
"Cease, Dylan",656302,97.1,95.8,,89.1,77.3,82.3,,,84.4,,2025
"Gausman, Kevin",592332,94.5,93.7,,83.2,,,84.9,,,,2025
"Luzardo, Jesús",666200,96.5,95.8,,86.6,87.9,,,,86.1,,2025
"Skenes, Paul",694973,98.2,97.6,,85.3,88.7,83.9,93.7,,84.5,,2025
"Castillo, Luis",622491,95.0,94.8,,84.5,87.2,,,,,,2025
"Bibee, Tanner",676440,94.4,94.1,86.2,,81.8,79.7,,,83.0,,2025
"Brown, Hunter",686613,96.6,95.7,92.6,90.5,88.2,83.5,,,,,2025
"Irvin, Jake",663623,92.4,91.9,87.4,83.7,85.6,77.8,,,,,2025
"Williams, Gavin",668909,96.6,95.9,91.8,,87.6,82.0,,,86.5,,2025
"Pfaadt, Brandon",694297,93.6,93.1,89.8,,87.3,82.1,,,84.8,,2025
"Sánchez, Cristopher",650911,,95.4,,85.7,86.3,,,,,,2025
"Alcantara, Sandy",645261,97.7,97.2,,89.4,90.4,85.3,,,,,2025
"Valdez, Framber",664285,94.3,94.2,,84.4,89.8,79.4,,,,,2025
"Keller, Mitch",656605,94.1,92.9,92.4,86.9,89.2,77.4,,,82.3,,2025
"Pivetta, Nick",601713,93.8,93.3,89.9,80.4,,79.0,86.7,,81.9,,2025
"Singer, Brady",663903,91.3,92.2,87.5,82.6,,,,,81.6,,2025
"Skubal, Tarik",669373,97.6,97.3,,90.0,88.0,81.2,89.3,,,,2025
"Springs, Jeffrey",605488,90.7,,86.9,83.5,79.1,,,,76.2,,2025
"Kelly, Merrill",518876,91.9,92.2,90.6,85.8,88.3,81.7,,,,,2025
"Flaherty, Jack",656427,92.9,90.7,,84.9,85.8,77.8,,,,,2025
"Bassitt, Chris",605135,91.5,91.6,88.5,83.6,84.5,71.3,83.6,,72.6,,2025
"Gore, MacKenzie",669022,95.3,,90.3,86.7,86.2,81.6,,,,,2025
"Warren, Will",701542,93.3,93.2,,,87.0,80.2,,,82.7,,2025
"Ryan, Joe",657746,93.6,93.3,,87.9,,79.2,87.6,,80.6,,2025
"Yamamoto, Yoshinobu",808967,95.4,94.8,91.1,86.4,,76.8,90.9,,84.2,,2025
"Littell, Zack",641793,92.1,91.5,,87.3,,,83.4,,79.5,,2025
"Soriano, José",667755,97.9,97.2,,89.1,86.9,85.2,92.3,,,,2025
"Holmes, Clay",605280,93.2,93.7,89.8,85.3,88.1,,,,81.9,,2025
"Boyd, Matthew",571510,93.3,91.5,,82.0,78.7,73.5,,,,,2025
"Severino, Luis",622663,96.1,95.6,93.2,87.0,86.2,,,,84.5,,2025
"Pallante, Andre",669467,94.5,95.0,,87.4,,78.2,,,85.0,,2025
"Gray, Sonny",543243,91.7,92.4,87.8,84.4,86.2,80.2,,,85.1,,2025
"Baz, Shane",669358,97.0,,90.2,86.7,89.3,85.0,,,,,2025
"Woo, Bryan",693433,95.7,95.4,,88.5,89.6,,,,85.1,,2025
"Parker, Mitchell",680730,93.0,,,85.0,,81.1,85.4,,,,2025
"Peterson, David",656849,92.3,91.3,,84.6,84.6,78.7,,,,,2025
"Pepiot, Ryan",686752,95.2,94.9,91.5,89.0,86.8,80.8,,,,,2025
"Kremer, Dean",665152,93.3,92.9,86.9,83.9,,78.3,81.9,,,,2025
"Abbott, Andrew",671096,92.8,,88.6,,84.8,81.0,,,82.8,,2025
"Wacha, Michael",608379,93.1,93.2,88.2,84.9,79.8,75.1,,,,,2025
"Bello, Brayan",678394,95.1,95.3,88.2,,88.7,,,,85.7,,2025
"Allen, Logan",671106,91.2,89.0,85.6,,82.4,,,,78.0,,2025
"deGrom, Jacob",594798,97.5,,,90.4,89.8,80.9,,,,,2025
"Verlander, Justin",434378,93.9,93.3,,87.1,84.7,78.5,,,80.7,,2025
"Rodriguez, Eduardo",593958,92.0,91.5,89.3,84.1,85.9,78.6,,,,,2025
"Corbin, Patrick",571578,91.5,91.6,87.5,80.4,81.5,68.7,,,,,2025
"Berríos, José",621244,93.0,92.2,89.6,,85.2,,,,,82.5,2025
"Leiter, Jack",683004,97.3,96.1,,87.6,90.7,81.9,,,,,2025
"Martinez, Nick",607259,92.6,92.5,89.1,84.9,78.5,79.8,,,,,2025
"Hendricks, Kyle",543294,86.5,86.2,,,79.5,72.2,,,,,2025
"Sugano, Tomoyuki",608372,92.7,92.9,88.2,,,78.2,87.3,,83.6,,2025
"Paddack, Chris",663978,93.7,93.5,88.6,85.6,84.5,78.2,,,,,2025
"Morton, Charlie",450203,94.2,94.0,88.0,,87.5,81.4,,,,,2025
"Rea, Colin",607067,93.8,93.0,88.2,85.2,,80.3,87.4,,82.8,,2025
"Elder, Bryce",693821,92.8,91.5,,84.3,86.6,,,,,,2025
"Freeland, Kyle",607536,91.6,91.3,87.3,,86.4,82.6,,,83.6,,2025
"Mikolas, Miles",571945,92.9,92.4,,87.8,85.9,76.0,,,80.7,,2025
"Lodolo, Nick",666157,93.9,93.7,,,87.9,81.9,,,,,2025
"Priester, Quinn",682990,,93.9,92.3,86.1,88.4,80.9,,,,,2025
"Nelson, Ryne",669194,95.7,,90.5,86.3,87.0,80.0,,,,,2025
"Suárez, Ranger",624133,91.3,90.1,86.4,79.7,79.5,73.9,,,,,2025
"Smith, Shane",681343,95.7,95.7,,89.5,90.0,82.1,,,88.1,,2025
"Wheeler, Zack",554430,96.1,95.4,91.8,,,81.1,87.1,,83.7,,2025
"Liberatore, Matthew",669461,93.9,94.0,90.1,86.3,88.4,77.4,,,,,2025
"Lugo, Seth",607625,91.7,91.3,89.2,83.2,86.2,77.3,84.3,,80.6,79.1,2025
"Burke, Sean",680732,94.4,94.0,,86.6,85.7,79.7,,,,,2025
"Fedde, Erick",607200,,93.2,90.3,,87.6,,,,82.6,,2025
"Giolito, Lucas",608337,93.3,,,86.0,81.7,78.6,,,,,2025
"Sears, JP",676664,92.2,90.4,88.0,80.7,83.4,79.5,,,79.2,,2025
"Ober, Bailey",641927,90.3,90.3,,83.7,83.3,75.1,,,78.4,,2025
"Mize, Casey",663554,94.6,94.8,,88.2,,,88.6,,,83.6,2025
"Anderson, Tyler",542881,89.3,88.4,84.3,80.7,78.7,69.2,,,,,2025
"Lorenzen, Michael",547179,93.9,93.0,90.2,85.1,83.7,82.2,,,82.3,,2025
"Rasmussen, Drew",656876,95.8,95.4,90.3,,89.4,80.5,,,84.6,,2025
"Martin, Davis",663436,94.0,92.9,88.2,83.4,90.2,78.8,,,,,2025
"Senzatela, Antonio",622608,95.0,92.0,,86.9,87.5,80.3,,,,,2025
"Bradley, Taj",671737,96.2,96.0,89.6,,,81.8,91.2,,,,2025
"Cabrera, Edward",665795,97.0,96.8,,88.5,94.2,84.0,,,,,2025
"Buehler, Walker",621111,94.0,93.8,90.6,87.5,89.7,77.4,,,80.8,,2025
"Imanaga, Shota",684007,90.8,88.2,,81.4,,71.6,83.0,,80.4,,2025
"Quintana, Jose",500779,90.4,90.5,,,85.6,78.2,,,,78.5,2025
"May, Dustin",669160,95.4,94.5,91.4,,89.1,,,,85.2,,2025
"Cameron, Noah",702070,92.3,,88.2,84.2,81.3,80.9,,,,,2025
"Gilbert, Logan",669302,95.4,95.5,,87.5,,82.1,81.7,,,,2025
"Vásquez, Randy",681190,93.4,93.2,90.2,85.8,86.9,81.2,,,82.1,,2025
"Lord, Brad",695418,94.8,94.3,,85.5,85.9,,,,,82.3,2025
"Strider, Spencer",675911,95.5,,,84.1,85.9,78.4,,,,,2025
"Kirby, George",669923,96.1,96.3,,87.1,87.8,84.3,86.0,,,,2025
"Márquez, Germán",608566,94.8,94.2,,88.8,88.5,85.5,,,,,2025
"Heaney, Andrew",571760,90.1,89.2,,80.5,82.0,75.3,,,,,2025
"Cecconi, Slade",677944,94.3,93.6,88.9,84.3,84.3,75.5,,,82.0,,2025
"Walker, Taijuan",592836,92.2,92.0,87.1,83.6,,74.9,87.4,,,,2025
"Sale, Chris",519242,94.8,93.8,,79.1,86.6,,,,,,2025
"Patrick, Chad",694477,94.2,94.1,87.9,84.2,88.7,,87.7,,,85.9,2025
"Quantrill, Cal",615698,93.7,93.7,88.9,84.9,87.7,79.9,86.4,,,,2025
"Taillon, Jameson",592791,92.3,92.3,85.8,,84.0,79.6,,,80.2,,2025
"Povich, Cade",700249,92.2,91.9,91.7,,83.7,78.9,,,82.8,,2025
"Holmes, Grant",656550,94.5,93.2,92.1,85.4,90.2,83.4,,,,,2025
"Falter, Bailey",663559,92.1,92.2,,85.1,,78.0,85.3,,,,2025
"Eovaldi, Nathan",543135,94.1,93.3,90.5,85.7,,75.8,87.6,,,,2025
"Senga, Kodai",673540,94.7,88.6,89.6,83.2,,68.5,,,79.6,,2025
"Houser, Adrian",605288,95.2,94.4,,88.1,85.8,81.7,,,,,2025
"Woods Richardson, Simeon",680573,93.2,,,85.5,83.2,77.9,86.1,,,,2025
"Kochanowicz, Jack",686799,95.5,95.5,,87.3,89.9,,,,82.3,,2025
"Roupp, Landen",694738,93.1,92.8,90.3,,86.6,76.7,,,,,2025
"Wentz, Joey",666214,93.4,,86.9,84.9,86.0,79.2,,,,,2025
"Bubic, Kris",663460,92.1,91.6,,85.4,85.5,,,,82.9,,2025
"Cannon, Jonathan",686563,93.8,93.0,89.3,,85.6,,,,81.6,,2025
"Horton, Cade",690990,95.7,95.1,,83.2,88.0,83.9,,,83.4,,2025
"Dollander, Chase",801403,97.9,97.2,89.6,,89.3,79.2,,,,,2025
"Kershaw, Clayton",477132,89.0,89.3,,85.7,,72.3,83.1,,,,2025
"Gusto, Ryan",687473,94.1,93.5,89.2,83.5,87.4,80.3,,,82.3,,2025
"Brown, Ben",676962,95.8,,,,90.5,87.2,,,,,2025
"Greene, Hunter",668881,99.5,,,89.7,,84.0,88.4,,,,2025
"Civale, Aaron",650644,92.1,92.3,89.2,83.3,,77.7,85.7,,80.7,,2025
"Kolek, Stephen",663568,94.0,93.6,90.5,85.4,87.5,80.2,,,82.5,,2025
"Lauer, Eric",641778,91.7,91.9,86.5,83.1,85.0,75.0,,,,,2025
"Pérez, Eury",691587,97.9,96.6,,86.0,89.7,79.9,,,82.8,,2025
"Lopez, Jacob",682052,90.8,90.2,87.6,78.1,82.8,,,,,,2025
"Mlodzinski, Carmen",669387,96.1,95.9,94.5,88.7,,84.8,87.6,,83.9,,2025
"Vasil, Mike",678024,94.6,94.4,86.1,,86.6,81.7,,,81.7,,2025
"Cantillo, Joey",676282,91.7,,,85.1,78.3,77.3,,,,,2025
"Rogers, Trevor",669432,93.1,92.8,,81.2,86.2,,,,78.2,,2025
"Junk, Janson",676083,93.6,,,87.0,88.1,81.9,,,82.0,,2025
"Alexander, Tyler",641302,90.8,90.5,86.9,,83.3,,,,80.2,,2025
"Ginn, J.T.",669372,93.9,93.4,91.9,86.1,88.5,,,,,,2025
"Schwellenbach, Spencer",680885,97.1,95.6,94.1,87.0,,81.0,84.7,,,,2025
"Nola, Aaron",605400,91.9,90.7,86.2,,84.8,78.2,,,,,2025
"Newcomb, Sean",656794,93.3,92.5,89.4,,85.3,79.1,,,,82.0,2025
"Miller, Bryce",682243,94.8,94.5,91.2,85.7,,83.4,83.9,,82.9,,2025
"Burrows, Mike",681347,95.5,95.7,,87.3,87.3,78.5,,,,,2025
"Soroka, Michael",647336,93.6,93.4,,,84.3,,,,,80.4,2025
"Ortiz, Luis",682847,96.4,95.5,91.1,85.5,89.4,,,,,,2025
"Glasnow, Tyler",607192,95.7,96.0,,89.3,,82.0,,,,,2025
"Montero, Keider",672456,93.9,93.7,,84.1,86.8,79.0,,,83.7,,2025
"McGreevy, Michael",700241,93.0,91.8,88.6,84.6,88.1,79.6,,,83.7,,2025
"Gordon, Colton",676467,91.1,91.5,,,83.9,75.6,,,81.0,,2025
"Williams, Trevor",592866,87.7,86.6,,80.8,81.3,,,,76.8,,2025
"Hancock, Emerson",676106,94.9,94.7,,81.8,86.5,,,,78.7,,2025
"Scherzer, Max",453286,93.6,,88.1,86.3,84.9,76.7,,,,,2025
"Latz, Jacob",656641,94.2,,,84.4,84.7,78.3,,,,,2025
"Mahle, Tyler",641816,92.0,,85.4,83.4,,,84.1,,,,2025
"Bido, Osvaldo",674370,94.5,94.7,86.6,85.2,88.8,,,,,,2025
"Matthews, Zebby",805673,96.2,95.8,91.7,88.2,87.5,82.9,,,,,2025
"Spence, Mitch",687765,,92.6,91.1,84.5,87.8,81.8,,,,,2025
"Leahy, Kyle",681517,95.4,95.3,,91.1,90.3,83.6,,,86.8,,2025
"Canning, Griffin",656288,94.1,,89.6,87.7,89.5,81.4,,,,,2025
"Rutledge, Jackson",671131,95.6,95.2,88.9,85.2,,,85.2,,,,2025
"Evans, Logan",688138,92.9,92.9,87.8,,87.3,81.6,,,84.1,,2025
"Bellozo, Valente",678368,90.8,,84.6,,81.5,76.6,80.4,,78.7,,2025
"Bergert, Ryan",686701,93.4,92.5,,87.4,87.6,82.6,,,82.6,,2025
"Bivens, Spencer",702352,95.2,94.8,91.0,,88.5,,,,83.1,79.9,2025
"Herget, Jimmy",623474,93.0,91.9,,85.5,86.6,77.8,,,,,2025
"Barlow, Scott",605130,92.3,92.5,,84.3,86.1,78.4,,,81.5,,2025
"Casparius, Ben",676508,96.1,95.3,92.1,,,80.8,,,85.3,,2025
"López, Pablo",641154,94.5,93.7,,,87.4,82.7,,,84.9,,2025
"Schlittler, Cam",693645,98.0,97.6,91.9,,,83.3,,,87.9,,2025
"Alexander, Jason",669920,91.9,90.9,87.2,82.4,80.3,,,,78.5,,2025
"Gordon, Tanner",685299,92.3,,,84.3,83.2,80.8,,,,,2025
"Little, Brendon",663893,94.4,93.4,93.3,,,87.0,,,,,2025
"Estrada, Jeremiah",669093,97.9,,,88.5,,,83.7,,,,2025
"Megill, Tylor",656731,95.4,94.2,,83.8,88.2,80.4,,,,,2025
"Santillan, Tony",663574,96.3,,,86.5,95.1,,,,,86.1,2025
"Schmidt, Clarke",657376,94.2,92.6,92.2,85.3,,85.0,,,83.1,,2025
"Kinley, Tyler",641755,95.1,,,87.4,87.1,83.5,,,,,2025
"Bazardo, Eduard",660825,94.8,95.5,88.2,82.5,,,90.3,,,,2025
"King, Michael",650633,93.7,92.7,,83.8,86.8,,,,82.2,,2025
"Eisert, Brandon",685126,89.7,88.0,,85.1,83.6,,,,,,2025
"Uceta, Edwin",670955,94.0,94.0,89.4,,88.4,,,,82.1,,2025
"Ferrer, Jose A.",678606,97.9,97.7,,89.7,87.8,,,,,,2025
"Hicks, Jordan",663855,97.3,97.5,,84.3,,,89.2,,82.5,,2025
"Birdsong, Hayden",806185,95.5,,,88.9,88.7,80.3,,,,84.6,2025
"Abreu, Bryan",650556,97.3,96.0,,86.5,91.2,,,,,,2025
"Smith, Cade",671922,96.4,,,,,,87.6,,85.1,,2025
"Whitlock, Garrett",676477,,95.8,,84.6,84.3,,,,81.8,,2025
"Misiorowski, Jacob",694819,99.3,,,94.1,92.3,87.1,,,,,2025
"Uribe, Abner",682842,99.8,98.7,,87.3,,,,,,,2025
"Holton, Tyler",663947,92.0,91.4,88.7,,84.6,80.4,,,81.4,,2025
"Matz, Steven",571927,,94.5,,88.6,83.8,79.5,,,,,2025
"Olson, Reese",681857,94.3,94.4,,84.3,87.7,79.7,,,82.5,,2025
"Henriquez, Ronny",678692,96.7,95.0,,87.7,91.7,,,,85.4,,2025
"Anderson, Grant",681982,93.5,93.2,,,86.8,,,,80.2,,2025
"Rodríguez, Yariel",684320,95.7,95.5,,85.6,,,89.3,,,,2025
"Darvish, Yu",506433,93.9,93.4,90.8,85.7,88.1,71.7,86.4,,82.5,,2025
"Milner, Hoby",571948,87.9,87.5,,,81.1,,,,78.2,,2025
"McCullers Jr., Lance",621121,91.9,91.5,89.1,82.8,86.7,82.3,,,,,2025
"Dreyer, Jack",676263,92.7,,,88.1,,78.9,,,,,2025
"Sheehan, Emmet",686218,95.6,,,87.8,86.2,77.9,,,,,2025
"Sands, Cole",663485,95.0,94.0,89.4,,,81.7,88.2,,,,2025
"Bachar, Lake",669199,94.8,,,89.2,,,84.0,,86.5,,2025
"Francis, Bowden",670102,92.5,91.5,,82.7,,73.7,82.2,,,,2025
"Peralta, Wandy",593974,95.4,95.4,,87.9,88.9,,,,,,2025
"Vest, Will",676684,96.7,96.1,,88.7,90.4,,,,,,2025
"Leasure, Jordan",673929,96.2,95.8,,87.3,,,87.1,,,,2025
"Rocker, Kumar",677958,95.8,95.6,90.1,84.2,89.5,77.5,,,,,2025
"Hoffman, Jeff",656546,96.4,96.4,,87.0,,,89.9,,,,2025
"Eflin, Zach",621107,92.0,91.7,88.5,,86.6,78.1,,,79.2,,2025
"Harris, Hogan",663687,93.5,,89.1,84.4,82.0,73.5,,,78.2,,2025
"Armstrong, Shawn",542888,93.5,94.1,90.8,,,,,,85.1,84.6,2025
"Suter, Brent",608718,87.3,89.1,,78.6,76.7,,,,,,2025
"Williams, Devin",642207,94.1,,92.1,,83.7,,,,,,2025
"Phillips, Tyler",663969,94.6,95.5,,,,84.1,86.9,,84.5,,2025
"Keller, Brad",641745,97.2,96.7,,87.2,92.7,,,,86.2,,2025
"De Los Santos, Enyel",660853,96.2,,,88.3,87.6,,,,,,2025
"Doval, Camilo",666808,,96.6,98.2,89.1,,,,,,,2025
"Baker, Bryan",641329,96.7,,,88.5,85.1,,,,,,2025
"Lee, Dylan",669276,94.1,,,86.0,86.7,,,,,,2025
"Ashcraft, Braxton",677952,97.0,96.6,,92.0,91.6,84.3,,,,,2025
"Domínguez, Seranthony",622554,97.7,97.8,,,,83.7,87.2,,86.4,,2025
"Zerpa, Angel",672582,96.2,96.6,,85.1,90.8,,,,,,2025
"Gómez, Yoendrys",672782,93.8,93.2,90.3,86.8,89.3,80.7,,,82.2,,2025
"Buttó, José",676130,95.2,94.7,,86.5,88.4,,,,83.6,,2025
"Vargas, Carlos",672841,97.6,97.6,95.2,90.3,93.2,,,,,,2025
"Manaea, Sean",640455,91.7,91.7,,,84.7,,,,77.7,,2025
"Jax, Griffin",643377,97.0,96.5,93.4,,92.3,86.0,,,87.8,,2025
"Sterner, Justin",686993,93.5,,87.3,,,,,,81.5,,2025
"Wrobleski, Justin",680736,96.0,95.0,92.1,87.8,88.1,81.4,,,,,2025
"Lynch IV, Daniel",663738,94.1,93.8,,86.8,86.0,82.6,,,,,2025
"Montero, Rafael",606160,95.1,95.0,,85.1,,,87.9,,,,2025
"Adam, Jason",592094,94.6,,85.9,83.9,88.2,,,,77.5,,2025
"Banks, Tanner",621383,92.7,92.2,,87.3,82.9,,,,82.1,,2025
"Detmers, Reid",672282,95.8,95.6,,88.3,85.3,73.6,,,,,2025
"Ragans, Cole",666142,95.3,,89.9,84.7,84.4,80.1,,,,,2025
"Suarez, Robert",663158,98.6,98.4,91.5,,90.5,,,,,,2025
"Mejia, Juan",675848,96.6,,,83.2,,,,,,,2025
"Kerkering, Orion",689147,97.5,96.4,,,,,,,86.8,,2025
"Duran, Jhoan",661395,100.6,,,,,87.6,97.8,,87.2,,2025
"Weissert, Greg",669711,94.1,93.9,,85.6,86.0,81.1,,,81.4,,2025
"Pagán, Emilio",641941,95.8,,86.9,,,,83.9,,,,2025
"Díaz, Edwin",621242,97.2,,,89.1,94.5,,,,,,2025
"Varland, Louis",686973,98.1,97.0,,91.6,91.9,88.0,,,,,2025
"Banda, Anthony",607455,95.9,95.8,,85.9,89.9,,,,,,2025
"Matsui, Yuki",673513,92.1,91.5,,86.6,,74.8,84.0,,81.4,,2025
"Stanek, Ryne",592773,98.5,91.7,,88.7,,,89.3,,84.9,,2025
"Akin, Keegan",669211,93.7,,,85.6,86.6,,,,,,2025
"Alcala, Jorge",660896,97.4,96.8,,89.9,90.5,85.4,,,,,2025
"Faucher, Calvin",676534,96.0,95.8,92.1,,90.9,86.1,,,87.5,,2025
"Hurter, Brant",676428,92.1,92.3,,,85.8,,,,82.2,,2025
"Okert, Steven",595345,92.0,,91.4,80.9,85.9,,,,,,2025
"Weaver, Luke",596133,95.1,,91.6,87.0,88.1,,,,,,2025
"Gaddis, Hunter",683769,94.7,,,88.8,78.8,,,,,,2025
"Schreiber, John",670167,93.8,93.3,89.5,,86.1,,,,82.4,,2025
"King, Bryan",687911,92.0,91.0,,,87.2,77.5,,,80.1,,2025
"Koenig, Jared",657649,96.9,95.8,90.9,,86.6,81.7,,,,,2025
"Estévez, Carlos",608032,95.9,,,87.3,87.9,,,,,,2025
"Ferguson, Caleb",657571,93.9,93.9,88.6,,,,,,,80.5,2025
"Meyer, Max",676974,95.0,94.2,,89.9,89.3,,,,86.7,,2025
"Ashcraft, Graham",668933,,,97.1,89.8,,,,,,,2025
"Kahnle, Tommy",592454,93.5,,,86.4,86.7,,,,,,2025
"Muñoz, Andrés",662253,98.4,97.8,,86.1,91.6,,,,,,2025
"Ashby, Aaron",676879,96.9,97.5,,84.2,91.4,82.2,,,,,2025
"Blalock, Bradley",687134,94.6,,89.7,85.2,,81.0,86.8,,,,2025
"Junis, Jakob",596001,91.2,91.1,,83.0,86.4,,,,,,2025
"Soto, Gregory",642397,97.2,96.8,,86.1,,,89.1,,83.9,,2025
"Zeferjahn, Ryan",666171,97.4,96.6,91.0,88.2,,,,,83.9,83.9,2025
"Snell, Blake",605483,95.1,,,88.2,85.5,80.6,,,,,2025
"Bednar, David",670280,97.1,,,,,77.6,92.3,,,,2025
"Vesia, Alex",681911,92.7,,,84.8,83.8,,,,,,2025
"Chivilli, Angel",683409,97.1,,,90.2,88.7,,,,,,2025
"Walker, Ryan",676254,,95.9,,84.0,,,,,,,2025
"Yarbrough, Ryan",642232,88.3,86.9,83.2,,77.9,,,,71.8,,2025
"Burke, Brock",656271,96.1,93.5,,87.9,88.8,,,,,,2025
"Brazobán, Huascar",623211,96.5,96.4,90.1,,90.8,,,,,,2025
"Burnes, Corbin",669203,,95.6,94.1,87.9,88.3,80.0,,,,,2025
"Maton, Phil",664208,,89.6,90.6,,,75.9,,,83.6,,2025
"Santana, Dennis",642701,94.7,94.7,90.6,87.0,88.6,,,,,,2025
"Allard, Kolby",663465,90.1,90.5,84.9,,81.4,72.1,,,,,2025
"Morejon, Adrian",670970,96.8,97.7,94.0,87.5,90.5,,,86.3,,,2025
"Gomber, Austin",596295,89.5,,86.1,82.5,81.0,76.0,81.0,,,,2025
"Seymour, Ian",693855,91.6,90.7,88.3,,83.6,74.2,,,81.5,,2025
"Strahm, Matt",621381,92.3,92.4,87.7,82.6,83.1,,,,,,2025
"Romero, JoJo",668941,94.2,93.7,90.0,83.0,87.3,,,,,82.5,2025
"Ferguson, Tyler",621053,94.8,94.2,90.0,,86.3,,,,83.7,,2025
"Fairbanks, Pete",664126,97.3,,90.5,85.3,94.2,,,,,,2025
"Cano, Yennier",666974,94.9,95.1,92.0,86.2,91.8,,90.6,,,,2025
"Helsley, Ryan",664854,99.3,,93.5,88.9,,80.7,,,,,2025
"Garrett, Reed",657585,97.8,97.0,92.5,,,,89.1,,86.4,,2025
"Topa, Justin",623437,,94.2,91.2,,87.1,,,,82.9,,2025
"Webb, Jacob",657097,93.4,,,,84.9,,,,82.0,,2025
"Rogers, Tyler",643511,,83.5,,74.1,,,,,,,2025
"Wilson, Steven",621051,93.9,,90.7,,84.9,,,,82.1,,2025
"Miller, Mason",695243,101.2,,,87.8,92.9,,,,,,2025
"Garcia, Robert",676395,94.4,,,86.9,88.9,,,,,,2025
"Gil, Luis",661563,95.3,,,86.7,90.8,,,,,,2025
"Johnson, Pierce",572955,95.3,,92.5,,,85.8,,,,,2025
"Henry, Cole",669371,94.4,94.5,87.7,,87.3,80.8,,,,,2025
"Woodruff, Brandon",605540,93.1,92.9,89.5,,83.6,78.6,,,80.7,,2025
"Svanson, Matt",694335,96.5,96.8,92.2,,,,,,87.1,,2025
"Iglesias, Raisel",628452,94.8,94.8,,83.7,88.8,,,,,,2025
"Erceg, Lucas",668674,97.5,97.5,,85.0,90.0,,,,,,2025
"Bird, Jake",656234,94.2,94.4,92.5,,,80.6,,,84.0,,2025
"Hanifee, Brenan",669724,96.1,95.2,,87.7,89.8,,,,,,2025
"Young, Brandon",687064,93.8,,86.8,83.3,87.1,76.1,87.3,,,,2025
"Boyle, Joe",671212,98.5,,,90.8,,,93.0,,82.5,,2025
"Ureña, José",570632,96.3,96.1,,87.6,88.8,,85.0,,,,2025
"Bummer, Aaron",607481,91.6,90.8,,,,81.0,,,81.2,,2025
"Dobbins, Hunter",690928,95.5,95.0,,87.6,,78.7,90.5,,81.2,,2025
"Speier, Gabe",642100,95.0,94.4,,83.2,,,,,,,2025
"Vodnik, Victor",680767,98.7,,92.3,87.3,92.0,,,,,,2025
"Chapman, Aroldis",547973,98.4,99.4,,86.7,,,91.2,,,,2025
"Beeks, Jalen",656222,94.4,,84.2,,88.8,,,,,,2025
"Scott, Tanner",656945,96.5,,,88.9,93.7,,,,,,2025
"Gibson, Cade",806188,92.0,91.6,,85.5,84.9,78.8,,,79.6,,2025
"Pérez, Martín",527048,89.7,89.5,86.0,,82.3,76.4,,,,,2025
"Hill, Tim",657612,89.9,88.4,,84.7,,,,,,,2025
"García, Luis",472610,96.7,96.9,,83.7,,,88.6,,82.8,,2025
"Rogers, Taylor",573124,93.9,92.7,,,,,,,78.2,,2025
"Festa, David",701581,94.1,93.9,,87.6,87.8,,,,,,2025
"Jobe, Jackson",695549,96.5,95.2,,88.9,85.3,81.5,,,83.8,,2025
"Cleavinger, Garrett",664076,97.1,96.3,90.7,87.1,,,,,81.2,,2025
"Jansen, Kenley",445276,,93.2,92.8,83.9,,,,,82.0,,2025
"Clarke, Taylor",664199,94.8,94.7,,87.5,89.7,,,,,,2025
"Waldrep, Hurston",694462,95.6,95.9,93.1,87.2,,82.7,86.8,,,,2025
"Ross, Joe",605452,94.2,94.7,,87.2,90.1,83.5,,,,,2025
"Legumina, Casey",668984,94.3,93.9,,,87.7,,,,81.1,,2025
"Fluharty, Mason",689254,,91.6,90.2,,,,,,81.7,,2025
"Montgomery, Mason",682254,98.7,,,89.7,,,,,,,2025
"Wilson, Bryse",669060,92.6,91.9,88.0,,85.9,80.8,,,,,2025
"Hader, Josh",623352,,95.5,,83.3,88.7,,,,,,2025
"Finnegan, Kyle",640448,96.3,,,84.3,,,87.4,,,,2025
"Mears, Nick",683232,95.4,,,86.6,,82.7,,,,,2025
"Trivino, Lou",642152,94.8,95.2,91.8,,87.3,78.7,,,80.5,,2025
"Palencia, Daniel",694037,99.6,99.8,,88.5,,82.2,88.3,,,,2025
"Brogdon, Connor",641401,95.5,,86.8,,84.0,,,,,,2025
"Gilbert, Tyler",656457,90.6,89.8,87.8,,,,83.0,,81.1,,2025
"Thielbar, Caleb",573204,92.8,,,88.6,,76.0,,,80.9,,2025
"Bernardino, Brennan",657514,,90.7,86.5,83.9,79.8,79.2,,,,,2025
"Fisher, Braydon",680755,95.5,,92.8,87.8,,82.9,,,,,2025
"Leiter Jr., Mark",643410,93.2,93.7,91.0,83.6,,74.1,85.8,,,,2025
"Myers, Tobias",668964,93.5,,87.7,84.5,80.1,76.4,83.1,,,,2025
"Brash, Matt",666374,95.8,96.4,,86.0,90.0,83.8,,,,,2025
"Morales, Luis",806960,97.3,,,85.8,89.8,,,,82.3,,2025
"Festa, Matt",670036,92.1,93.1,90.7,,,,,,83.1,,2025
"Beck, Tristan",663941,94.7,,,89.8,,80.6,,,83.1,,2025
"Wilson, Justin",458677,94.5,,91.4,88.0,,,85.1,,,,2025
"Walter, Brandon",687888,91.8,91.5,88.2,,80.9,,,,79.5,,2025
"Rodríguez, Randy",678495,97.4,,,86.3,,,,,,,2025
"Pomeranz, Drew",519141,92.7,,,,,83.7,,,,,2025
"Blanco, Ronel",669854,93.2,,,85.5,84.4,80.2,,,,,2025
"Cruz, Fernando",518585,93.9,93.0,,82.4,,,80.6,,,,2025
"Cavalli, Cade",676917,97.1,96.9,93.5,,89.8,86.1,,,,,2025
"Ort, Kaleb",672391,96.4,,90.5,,89.6,,,,83.9,,2025
"Long, Sam",669674,93.2,92.6,,84.9,,76.9,86.4,,82.9,,2025
"Bender, Anthony",669622,95.9,96.6,,87.4,89.3,,,,83.9,,2025
"Jackson, Luke",592426,94.2,,90.5,87.2,86.7,84.0,,,,,2025
"King, John",667463,93.3,93.0,,84.3,85.7,80.1,,,,,2025
"Carrasco, Carlos",471911,91.4,90.4,,84.4,84.9,77.8,,,77.9,,2025
"Mattson, Isaac",676755,93.9,,,85.0,86.0,78.8,,,,,2025
"Knack, Landon",689017,93.1,,,85.3,84.6,80.2,,,,,2025
"Kittredge, Andrew",552640,94.7,95.2,,89.2,,,88.5,,,,2025
"Morgan, David",688158,97.9,96.9,,88.0,91.9,83.1,,,,,2025
"Alvarado, Elvis",665660,98.7,98.3,,88.9,89.5,,,,,,2025
"Burns, Chase",695505,98.7,100.1,,90.7,91.2,83.4,,,,,2025
"Yates, Kirby",489446,92.8,,,,,,85.9,,,,2025
"Hernández, Carlos",672578,97.7,97.5,,86.6,,82.6,88.8,,84.6,,2025
"O'Brien, Riley",676617,,98.0,,90.0,90.4,83.4,,,,,2025
"Graceffo, Gordon",700669,95.7,95.3,,89.2,86.2,83.4,,,,,2025
"Ohtani, Shohei",660271,98.4,96.2,93.9,88.1,,78.6,90.3,,85.0,,2025
"Megill, Trevor",656730,99.2,,,,,87.6,,,,,2025
"Herrin, Tim",682120,94.7,93.5,,87.4,,81.3,,,,,2025
"Houck, Tanner",656557,95.0,94.5,,,,,89.4,,83.5,,2025
"Clase, Emmanuel",661403,,98.3,98.9,88.5,,,,,,,2025
"Boushley, Caleb",676961,91.9,92.2,89.7,83.8,85.0,75.9,,,,,2025
"Enns, Dietrich",608650,94.0,93.7,85.2,,84.6,77.2,,,,,2025
"McLean, Nolan",690997,95.8,94.8,90.9,,86.8,80.0,,,85.3,,2025
"Fitts, Richard",690916,95.9,94.8,,87.8,89.3,83.0,,,85.0,,2025
"Sousa, Bennett",656986,95.1,94.2,,85.7,,,,,,,2025
"Bowlan, Jonathan",680742,95.5,96.1,,85.8,88.4,81.0,,,,,2025
"Funderburk, Kody",681892,,93.3,92.0,86.3,89.0,,,,82.1,,2025
"Englert, Mason",669438,93.9,92.8,87.7,,87.5,76.9,,,80.9,81.4,2025
"Abel, Mick",690953,96.4,95.4,,87.3,89.1,82.7,,,84.5,,2025
"Coulombe, Danny",543056,90.3,90.2,85.2,,,78.5,,,80.7,,2025
"Lively, Ben",594902,89.8,90.4,84.2,82.9,84.8,77.3,,,78.6,,2025
"Hernández, Daysbel",678226,97.7,,,88.3,,,,,,,2025
"Cabrera, Génesis",650893,95.7,95.4,89.9,,,80.1,85.0,,,,2025
"Blewett, Scott",656240,93.4,93.2,,84.0,,,85.0,,,,2025
"Smith-Shawver, AJ",700363,95.6,,,86.9,,77.3,83.2,,,,2025
"Green, Chad",643338,95.2,94.4,,88.1,,,,,,,2025
"Montas, Frankie",593423,95.6,95.1,91.4,86.7,,,86.3,,84.6,,2025
"Palmquist, Carson",687223,90.4,,81.9,,81.3,,,,73.8,,2025
"Miller, Shelby",571946,95.1,,,90.9,,,86.9,,83.5,,2025
"Stroman, Marcus",573186,89.5,89.8,88.8,84.5,,77.9,82.3,,,82.1,2025
"Romano, Jordan",605447,95.5,,,85.8,,,,,,,2025
"Shugart, Chase",663767,95.4,94.3,89.9,,88.2,,,,80.9,,2025
"Soriano, George",666277,96.0,95.5,,86.0,88.4,,,,,,2025
"Hart, Kyle",606996,91.4,91.5,,87.3,83.2,,85.0,,81.3,,2025
"Orze, Eric",679358,93.9,94.0,,88.9,,,84.1,,,,2025
"Rolison, Ryan",669020,92.9,,,85.5,87.3,79.5,,,,,2025
"Ogasawara, Shinnosuke",829272,91.1,91.4,,81.6,80.7,72.3,,,76.5,,2025
"Richardson, Lyon",680689,95.7,95.1,,83.1,86.6,79.2,,,,,2025
"Flexen, Chris",623167,92.4,,89.1,81.0,81.1,72.8,,,,77.6,2025
"Blackburn, Paul",621112,92.4,92.6,90.0,,86.5,80.5,,,81.6,,2025
"Oviedo, Johan",670912,95.5,95.2,,86.7,88.6,77.8,,,,,2025
"Adams, Travis",701519,94.8,94.1,90.8,85.6,87.4,79.1,,,,,2025
"Pressly, Ryan",519151,93.4,93.4,,88.8,88.7,81.4,,,,,2025
"Kelly, Michael",547184,95.8,95.1,91.9,89.9,89.2,,,,82.9,,2025
"Melton, Troy",675512,97.1,95.4,90.9,85.5,,78.8,88.2,,,,2025
"Thornton, Trent",663423,94.4,93.5,90.1,84.8,87.1,81.0,84.8,,80.2,,2025
"Nicolas, Kyle",693312,97.6,96.4,,90.4,92.6,83.8,,,,,2025
"Thompson, Ryan",657044,91.1,89.7,,78.0,,,81.2,,,,2025
"Lazar, Max",676661,94.5,,88.3,,,81.1,86.8,,,,2025
"Bieber, Shane",669456,92.6,,87.4,85.4,89.1,82.6,,,,,2025
"Fermin, José",820862,96.8,96.6,,89.6,93.1,,,,,,2025
"Cruz, Steven",674444,98.2,,93.7,89.3,,,,,,,2025
"Weathers, Ryan",677960,96.9,95.2,,89.8,87.3,,,,83.8,,2025
"Hamilton, Ian",641656,95.4,94.8,,87.9,,,,,,,2025
"Martin, Chris",455119,94.7,94.3,91.4,,,,88.4,,84.5,,2025
"Perkins, Jack",678022,96.0,,93.4,,89.3,84.2,,,86.3,,2025
"Halvorsen, Seth",678020,100.0,,,89.4,,,90.8,,,,2025
"DeSclafani, Anthony",543101,93.9,94.1,,88.2,,83.2,83.6,,81.8,,2025
"Lucchesi, Joey",664192,92.7,92.5,,,,77.8,81.8,,,,2025
"Bautista, Félix",642585,,97.2,92.6,85.5,,,88.9,,,,2025
"Woodford, Jake",663765,93.1,93.3,89.0,,86.5,,,,81.1,,2025
"Messick, Parker",800048,92.8,91.4,,86.3,84.6,77.1,,,,,2025
"Hodge, Porter",687863,96.0,,,86.2,,,90.8,,84.0,,2025
"Sasaki, Roki",808963,96.1,98.7,,82.0,,,84.9,,,,2025
"Seymour, Carson",693313,96.8,96.1,93.5,87.0,,85.4,,,,,2025
"Winn, Cole",668390,96.2,95.4,91.3,86.1,,83.7,87.8,,,,2025
"Arrighetti, Spencer",681293,93.1,92.5,87.1,,85.0,77.5,,,79.9,,2025
"Morillo, Juan",666661,99.0,98.9,,89.3,91.9,,,,,,2025
"Javier, Cristian",664299,92.9,92.6,,,84.2,76.4,,,78.8,,2025
"Chafin, Andrew",605177,89.5,89.7,,80.5,84.4,,,,,,2025
"Simpson, Josh",681006,94.3,94.0,,88.0,89.2,80.6,,,82.4,,2025
"Taylor, Grant",691799,98.7,,95.3,90.1,,85.2,,,,,2025
"Stewart, Brock",592779,96.2,96.2,93.5,,90.6,,,,84.7,,2025
"Gonsolin, Tony",664062,93.5,,,88.1,,81.7,84.2,,,,2025
"Molina, Anthony",683627,95.6,,91.7,87.3,87.0,83.5,,,,,2025
"Ramírez, Yohan",670990,96.4,96.6,88.9,86.5,,83.8,,,83.3,,2025
"Lee, Chase",695445,89.2,89.0,,,85.8,,,,79.9,,2025
"Cortes, Nestor",641482,90.1,90.7,86.7,,82.2,,,,78.1,,2025
"Borucki, Ryan",621366,,93.9,,85.9,,,83.8,,81.1,,2025
"De los Santos, Yerry",660787,95.2,95.5,,85.1,88.2,,,,,,2025
"Hall, DL",669084,94.2,94.7,92.3,85.9,84.7,80.0,,,,,2025
"Kelly, Kevin",687330,92.2,91.0,89.5,,,,,,78.7,,2025
"Harrison, Kyle",690986,94.6,93.0,86.8,,86.3,,,,,82.2,2025
"Jacob, Alek",689690,85.3,84.2,,,74.1,,,,71.9,,2025
"Garcia, Rico",670329,95.5,,,87.0,86.5,85.3,,,,,2025
"Hatch, Thomas",641672,93.3,93.3,90.1,85.5,88.6,,,,82.2,,2025
"Kelly, Zack",677161,96.1,96.1,91.8,,83.1,82.3,,,81.8,,2025
"Teng, Kai-Wei",678906,93.2,92.9,,,87.7,82.9,,,84.4,,2025
"Booser, Cam",592155,95.5,,87.3,,87.5,,,,81.1,,2025
"Murphy, Chris",669684,94.3,92.3,,87.6,83.8,76.8,81.6,,78.9,,2025
"Assad, Javier",665871,92.2,92.2,89.0,83.8,85.2,76.9,,,80.9,,2025
"Dana, Caden",702674,94.9,,,85.6,87.0,79.0,,,,,2025
"Dubin, Shawn",681869,94.3,93.9,88.9,,87.7,81.7,,,83.3,,2025
"Neris, Héctor",593576,92.4,92.6,,86.3,88.9,,83.1,,,,2025
"Hoglund, Gunnar",680684,93.6,93.2,,90.7,86.0,,,,81.2,,2025
"Salazar, Eduardo",674285,95.3,94.3,,87.5,86.6,,,,,,2025
"Curtiss, John",595928,94.3,,90.5,85.4,87.7,,,,,,2025
"Ohl, Pierson",701487,91.9,,85.3,,81.1,77.9,,79.7,,,2025
"Castillo, José",620454,93.3,93.0,,84.2,87.0,,,,,,2025
"Dodd, Dylan",689266,,93.8,86.9,82.7,87.5,,,,,,2025
"Scott, Tayler",605463,92.0,91.7,,86.3,,,83.9,,82.7,,2025
"Crismatt, Nabil",622503,89.0,89.2,89.4,81.8,81.4,73.8,,,,,2025
"Enright, Nic",663671,93.2,,,85.0,85.6,82.6,,,,,2025
"Gage, Matt",657424,92.5,93.0,,85.4,85.6,,,,81.1,,2025
"Kranick, Max",668820,95.5,95.7,,89.9,,79.1,,,82.5,,2025
"Agnos, Zach",688642,95.8,,92.7,,,,86.7,,84.9,,2025
"Fernandez, Ryan",681676,95.2,,91.3,86.7,87.2,,,,,,2025
"Feltner, Ryan",663372,93.6,93.4,,88.0,84.7,78.7,,,81.5,,2025
"Wolfram, Grant",664991,95.5,96.0,,86.7,,84.3,86.3,,84.3,,2025
"Waddell, Brandon",663399,90.7,91.0,,86.4,83.5,,,,78.8,,2025
"Sauer, Matt",669422,94.2,94.3,90.0,83.8,,82.2,87.3,,,,2025
"Treinen, Blake",595014,95.2,95.9,91.6,,,,,,84.4,,2025
"Wesneski, Hayden",669713,93.8,92.5,88.3,,86.3,77.1,,,83.3,,2025
"Blubaugh, AJ",805123,94.6,,87.0,82.9,86.4,78.3,,,81.8,,2025
"Sabrowski, Erik",681870,93.9,,,87.1,,80.3,,,,,2025
"Brown, McCade",685326,,94.3,,85.3,87.6,78.7,,,,,2025
"Ribalta, Orlando",687377,96.4,95.7,,87.4,85.5,,,,,,2025
"Pilkington, Konnor",663455,94.5,,,85.4,85.6,81.6,,,,,2025
