Name,Age,Year,IDfg,Pos,Position_Group,UZR/150,DRS/150
Jose Molina,40.0,2017,25,C,catcher,,-3.3493392771851616
Jose Molina,41.0,2018,25,C,catcher,,-4.549339277185162
Jose Molina,42.0,2019,25,C,catcher,,-5.749339277185161
Kyle Blanks,29.0,2017,49,1B,infield,7.933333333333334,
Kyle Blanks,30.0,2018,49,1B,infield,7.333333333333333,
Kyle Blanks,31.0,2019,49,1B,infield,6.733333333333333,
Kyle Blanks,32.0,2020,49,1B,infield,5.533333333333333,
Kyle Blanks,33.0,2021,49,1B,infield,4.333333333333333,
Kyle Blanks,34.0,2022,49,1B,infield,3.133333333333333,
Kyle Blanks,35.0,2023,49,1B,infield,1.9333333333333327,
Kyle Blanks,36.0,2024,49,1B,infield,0.7333333333333325,
Kyle Blanks,37.0,2025,49,1B,infield,-0.4666666666666668,
Kyle Blanks,38.0,2026,49,1B,infield,-1.666666666666666,
Kyle Blanks,39.0,2027,49,1B,infield,-2.8666666666666654,
Kyle Blanks,40.0,2028,49,1B,infield,-4.066666666666665,
Kyle Blanks,41.0,2029,49,1B,infield,-5.266666666666664,
Kyle Blanks,42.0,2030,49,1B,infield,-6.466666666666663,
Rafael Furcal,37.0,2017,88,2B,infield,8.100000000000001,
Rafael Furcal,38.0,2018,88,2B,infield,6.9,
Rafael Furcal,39.0,2019,88,2B,infield,5.700000000000001,
Rafael Furcal,40.0,2020,88,2B,infield,4.500000000000001,
Rafael Furcal,41.0,2021,88,2B,infield,3.3000000000000007,
Rafael Furcal,42.0,2022,88,2B,infield,2.1000000000000005,
Brian Roberts,37.0,2017,166,2B,infield,-10.7,
Brian Roberts,38.0,2018,166,2B,infield,-11.9,
Brian Roberts,39.0,2019,166,2B,infield,-13.1,
Brian Roberts,40.0,2020,166,2B,infield,-14.3,
Brian Roberts,41.0,2021,166,2B,infield,-15.5,
Brian Roberts,42.0,2022,166,2B,infield,-16.7,
Danny Worth,29.0,2017,198,SS,infield,41.5,
Danny Worth,30.0,2018,198,SS,infield,40.9,
Danny Worth,31.0,2019,198,SS,infield,40.300000000000004,
Danny Worth,32.0,2020,198,SS,infield,39.1,
Danny Worth,33.0,2021,198,SS,infield,37.9,
Danny Worth,34.0,2022,198,SS,infield,36.7,
Danny Worth,35.0,2023,198,SS,infield,35.5,
Danny Worth,36.0,2024,198,SS,infield,34.3,
Danny Worth,37.0,2025,198,SS,infield,33.1,
Danny Worth,38.0,2026,198,SS,infield,31.900000000000002,
Danny Worth,39.0,2027,198,SS,infield,30.700000000000003,
Danny Worth,40.0,2028,198,SS,infield,29.500000000000004,
Danny Worth,41.0,2029,198,SS,infield,28.300000000000004,
Danny Worth,42.0,2030,198,SS,infield,27.100000000000005,
Will Venable,33.0,2017,211,CF,outfield,-4.133333333333334,
Will Venable,34.0,2018,211,CF,outfield,-5.333333333333334,
Will Venable,35.0,2019,211,CF,outfield,-6.533333333333333,
Will Venable,36.0,2020,211,CF,outfield,-7.733333333333333,
Will Venable,37.0,2021,211,CF,outfield,-8.933333333333334,
Will Venable,38.0,2022,211,CF,outfield,-10.133333333333333,
Will Venable,39.0,2023,211,CF,outfield,-11.333333333333334,
Will Venable,40.0,2024,211,CF,outfield,-12.533333333333333,
Will Venable,41.0,2025,211,CF,outfield,-13.733333333333333,
Will Venable,42.0,2026,211,CF,outfield,-14.933333333333332,
Will Venable,33.0,2017,211,LF,outfield,10.9,
Will Venable,34.0,2018,211,LF,outfield,9.7,
Will Venable,35.0,2019,211,LF,outfield,8.5,
Will Venable,36.0,2020,211,LF,outfield,7.3,
Will Venable,37.0,2021,211,LF,outfield,6.1,
Will Venable,38.0,2022,211,LF,outfield,4.8999999999999995,
Will Venable,39.0,2023,211,LF,outfield,3.6999999999999993,
Will Venable,40.0,2024,211,LF,outfield,2.5,
Will Venable,41.0,2025,211,LF,outfield,1.3000000000000007,
Will Venable,42.0,2026,211,LF,outfield,0.10000000000000142,
Will Venable,33.0,2017,211,RF,outfield,-8.3,
Will Venable,34.0,2018,211,RF,outfield,-9.5,
Will Venable,35.0,2019,211,RF,outfield,-10.7,
Will Venable,36.0,2020,211,RF,outfield,-11.9,
Will Venable,37.0,2021,211,RF,outfield,-13.100000000000001,
Will Venable,38.0,2022,211,RF,outfield,-14.3,
Will Venable,39.0,2023,211,RF,outfield,-15.5,
Will Venable,40.0,2024,211,RF,outfield,-16.7,
Will Venable,41.0,2025,211,RF,outfield,-17.9,
Will Venable,42.0,2026,211,RF,outfield,-19.099999999999998,
Paul Konerko,39.0,2017,242,1B,infield,2.4000000000000004,
Paul Konerko,40.0,2018,242,1B,infield,1.2000000000000002,
Paul Konerko,41.0,2019,242,1B,infield,4.440892098500626e-16,
Paul Konerko,42.0,2020,242,1B,infield,-1.1999999999999997,
Adam Dunn,35.0,2017,319,1B,infield,-13.0,
Adam Dunn,36.0,2018,319,1B,infield,-14.200000000000001,
Adam Dunn,37.0,2019,319,1B,infield,-15.4,
Adam Dunn,38.0,2020,319,1B,infield,-16.6,
Adam Dunn,39.0,2021,319,1B,infield,-17.8,
Adam Dunn,40.0,2022,319,1B,infield,-19.0,
Adam Dunn,41.0,2023,319,1B,infield,-20.200000000000003,
Adam Dunn,42.0,2024,319,1B,infield,-21.4,
Victor Martinez,37.0,2017,393,1B,infield,-26.799999999999997,
Victor Martinez,38.0,2018,393,1B,infield,-27.999999999999996,
Victor Martinez,39.0,2019,393,1B,infield,-29.199999999999996,
Victor Martinez,40.0,2020,393,1B,infield,-30.4,
Victor Martinez,41.0,2021,393,1B,infield,-31.599999999999998,
Victor Martinez,42.0,2022,393,1B,infield,-32.8,
John McDonald,40.0,2017,395,3B,infield,13.100000000000001,
John McDonald,41.0,2018,395,3B,infield,11.9,
John McDonald,42.0,2019,395,3B,infield,10.700000000000001,
John McDonald,40.0,2017,395,SS,infield,-20.2,
John McDonald,41.0,2018,395,SS,infield,-21.4,
John McDonald,42.0,2019,395,SS,infield,-22.6,
Juan Uribe,37.0,2017,454,2B,infield,-16.7,
Juan Uribe,38.0,2018,454,2B,infield,-17.9,
Juan Uribe,39.0,2019,454,2B,infield,-19.1,
Juan Uribe,40.0,2020,454,2B,infield,-20.3,
Juan Uribe,41.0,2021,454,2B,infield,-21.5,
Juan Uribe,42.0,2022,454,2B,infield,-22.7,
Juan Uribe,38.0,2017,454,3B,infield,10.76666666666667,
Juan Uribe,39.0,2018,454,3B,infield,9.566666666666668,
Juan Uribe,40.0,2019,454,3B,infield,8.366666666666669,
Juan Uribe,41.0,2020,454,3B,infield,7.166666666666669,
Juan Uribe,42.0,2021,454,3B,infield,5.966666666666669,
Alex Gonzalez,38.0,2017,520,SS,infield,-25.2,
Alex Gonzalez,39.0,2018,520,SS,infield,-26.4,
Alex Gonzalez,40.0,2019,520,SS,infield,-27.6,
Alex Gonzalez,41.0,2020,520,SS,infield,-28.8,
Alex Gonzalez,42.0,2021,520,SS,infield,-30.0,
Carlos Beltran,40.0,2017,589,RF,outfield,-5.200000000000001,
Carlos Beltran,41.0,2018,589,RF,outfield,-6.4,
Carlos Beltran,42.0,2019,589,RF,outfield,-7.6000000000000005,
Brandon Barnes,31.0,2017,629,CF,outfield,20.4,
Brandon Barnes,32.0,2018,629,CF,outfield,19.2,
Brandon Barnes,33.0,2019,629,CF,outfield,18.0,
Brandon Barnes,34.0,2020,629,CF,outfield,16.8,
Brandon Barnes,35.0,2021,629,CF,outfield,15.6,
Brandon Barnes,36.0,2022,629,CF,outfield,14.399999999999999,
Brandon Barnes,37.0,2023,629,CF,outfield,13.2,
Brandon Barnes,38.0,2024,629,CF,outfield,12.0,
Brandon Barnes,39.0,2025,629,CF,outfield,10.8,
Brandon Barnes,40.0,2026,629,CF,outfield,9.600000000000001,
Brandon Barnes,41.0,2027,629,CF,outfield,8.400000000000002,
Brandon Barnes,42.0,2028,629,CF,outfield,7.200000000000003,
Brandon Barnes,31.0,2017,629,LF,outfield,9.350000000000001,
Brandon Barnes,32.0,2018,629,LF,outfield,8.150000000000002,
Brandon Barnes,33.0,2019,629,LF,outfield,6.950000000000001,
Brandon Barnes,34.0,2020,629,LF,outfield,5.750000000000001,
Brandon Barnes,35.0,2021,629,LF,outfield,4.550000000000001,
Brandon Barnes,36.0,2022,629,LF,outfield,3.3500000000000005,
Brandon Barnes,37.0,2023,629,LF,outfield,2.1500000000000004,
Brandon Barnes,38.0,2024,629,LF,outfield,0.9500000000000011,
Brandon Barnes,39.0,2025,629,LF,outfield,-0.24999999999999822,
Brandon Barnes,40.0,2026,629,LF,outfield,-1.4499999999999975,
Brandon Barnes,41.0,2027,629,LF,outfield,-2.649999999999997,
Brandon Barnes,42.0,2028,629,LF,outfield,-3.849999999999996,
Brandon Barnes,30.0,2017,629,RF,outfield,-10.4,
Brandon Barnes,31.0,2018,629,RF,outfield,-11.0,
Brandon Barnes,32.0,2019,629,RF,outfield,-12.200000000000001,
Brandon Barnes,33.0,2020,629,RF,outfield,-13.4,
Brandon Barnes,34.0,2021,629,RF,outfield,-14.600000000000001,
Brandon Barnes,35.0,2022,629,RF,outfield,-15.8,
Brandon Barnes,36.0,2023,629,RF,outfield,-17.0,
Brandon Barnes,37.0,2024,629,RF,outfield,-18.200000000000003,
Brandon Barnes,38.0,2025,629,RF,outfield,-19.4,
Brandon Barnes,39.0,2026,629,RF,outfield,-20.6,
Brandon Barnes,40.0,2027,629,RF,outfield,-21.799999999999997,
Brandon Barnes,41.0,2028,629,RF,outfield,-23.0,
Brandon Barnes,42.0,2029,629,RF,outfield,-24.199999999999996,
Adrian Beltre,38.0,2017,639,3B,infield,7.266666666666667,
Adrian Beltre,39.0,2018,639,3B,infield,6.066666666666666,
Adrian Beltre,40.0,2019,639,3B,infield,4.866666666666667,
Adrian Beltre,41.0,2020,639,3B,infield,3.666666666666667,
Adrian Beltre,42.0,2021,639,3B,infield,2.466666666666667,
J.P. Arencibia,29.0,2017,697,1B,infield,-18.0,
J.P. Arencibia,30.0,2018,697,1B,infield,-18.599999999999998,
J.P. Arencibia,31.0,2019,697,1B,infield,-19.2,
J.P. Arencibia,32.0,2020,697,1B,infield,-20.4,
J.P. Arencibia,33.0,2021,697,1B,infield,-21.599999999999998,
J.P. Arencibia,34.0,2022,697,1B,infield,-22.799999999999997,
J.P. Arencibia,35.0,2023,697,1B,infield,-24.0,
J.P. Arencibia,36.0,2024,697,1B,infield,-25.2,
J.P. Arencibia,37.0,2025,697,1B,infield,-26.4,
J.P. Arencibia,38.0,2026,697,1B,infield,-27.599999999999998,
J.P. Arencibia,39.0,2027,697,1B,infield,-28.799999999999997,
J.P. Arencibia,40.0,2028,697,1B,infield,-29.999999999999996,
J.P. Arencibia,41.0,2029,697,1B,infield,-31.199999999999996,
J.P. Arencibia,42.0,2030,697,1B,infield,-32.39999999999999,
J.P. Arencibia,30.0,2017,697,C,catcher,,-28.131737571470104
J.P. Arencibia,31.0,2018,697,C,catcher,,-28.731737571470102
J.P. Arencibia,32.0,2019,697,C,catcher,,-29.9317375714701
J.P. Arencibia,33.0,2020,697,C,catcher,,-31.131737571470104
J.P. Arencibia,34.0,2021,697,C,catcher,,-32.3317375714701
J.P. Arencibia,35.0,2022,697,C,catcher,,-33.5317375714701
J.P. Arencibia,36.0,2023,697,C,catcher,,-34.731737571470106
J.P. Arencibia,37.0,2024,697,C,catcher,,-35.9317375714701
J.P. Arencibia,38.0,2025,697,C,catcher,,-37.131737571470104
J.P. Arencibia,39.0,2026,697,C,catcher,,-38.3317375714701
J.P. Arencibia,40.0,2027,697,C,catcher,,-39.5317375714701
J.P. Arencibia,41.0,2028,697,C,catcher,,-40.7317375714701
J.P. Arencibia,42.0,2029,697,C,catcher,,-41.9317375714701
Torii Hunter,40.0,2017,731,RF,outfield,-1.9000000000000004,
Torii Hunter,41.0,2018,731,RF,outfield,-3.1000000000000005,
Torii Hunter,42.0,2019,731,RF,outfield,-4.3,
David Ortiz,40.0,2017,745,1B,infield,-2.8,
David Ortiz,41.0,2018,745,1B,infield,-4.0,
David Ortiz,42.0,2019,745,1B,infield,-5.199999999999999,
A.J. Pierzynski,40.0,2017,746,C,catcher,,-19.582791090399468
A.J. Pierzynski,41.0,2018,746,C,catcher,,-20.782791090399467
A.J. Pierzynski,42.0,2019,746,C,catcher,,-21.982791090399466
Endy Chavez,37.0,2017,768,LF,outfield,-8.799999999999999,
Endy Chavez,38.0,2018,768,LF,outfield,-10.0,
Endy Chavez,39.0,2019,768,LF,outfield,-11.2,
Endy Chavez,40.0,2020,768,LF,outfield,-12.399999999999999,
Endy Chavez,41.0,2021,768,LF,outfield,-13.6,
Endy Chavez,42.0,2022,768,LF,outfield,-14.8,
Endy Chavez,37.0,2017,768,RF,outfield,-7.2,
Endy Chavez,38.0,2018,768,RF,outfield,-8.4,
Endy Chavez,39.0,2019,768,RF,outfield,-9.6,
Endy Chavez,40.0,2020,768,RF,outfield,-10.8,
Endy Chavez,41.0,2021,768,RF,outfield,-12.0,
Endy Chavez,42.0,2022,768,RF,outfield,-13.2,
Todd Frazier,31.0,2017,785,1B,infield,0.9249999999999995,
Todd Frazier,32.0,2018,785,1B,infield,-0.27500000000000036,
Todd Frazier,33.0,2019,785,1B,infield,-1.4750000000000005,
Todd Frazier,34.0,2020,785,1B,infield,-2.6750000000000007,
Todd Frazier,35.0,2021,785,1B,infield,-3.875000000000001,
Todd Frazier,36.0,2022,785,1B,infield,-5.075000000000001,
Todd Frazier,37.0,2023,785,1B,infield,-6.275000000000001,
Todd Frazier,38.0,2024,785,1B,infield,-7.4750000000000005,
Todd Frazier,39.0,2025,785,1B,infield,-8.675,
Todd Frazier,40.0,2026,785,1B,infield,-9.875,
Todd Frazier,41.0,2027,785,1B,infield,-11.075,
Todd Frazier,42.0,2028,785,1B,infield,-12.274999999999999,
Todd Frazier,31.0,2017,785,3B,infield,1.416666666666667,
Todd Frazier,32.0,2018,785,3B,infield,0.21666666666666723,
Todd Frazier,33.0,2019,785,3B,infield,-0.983333333333333,
Todd Frazier,34.0,2020,785,3B,infield,-2.183333333333333,
Todd Frazier,35.0,2021,785,3B,infield,-3.3833333333333333,
Todd Frazier,36.0,2022,785,3B,infield,-4.583333333333334,
Todd Frazier,37.0,2023,785,3B,infield,-5.783333333333333,
Todd Frazier,38.0,2024,785,3B,infield,-6.9833333333333325,
Todd Frazier,39.0,2025,785,3B,infield,-8.183333333333332,
Todd Frazier,40.0,2026,785,3B,infield,-9.383333333333331,
Todd Frazier,41.0,2027,785,3B,infield,-10.58333333333333,
Todd Frazier,42.0,2028,785,3B,infield,-11.78333333333333,
Brandon Phillips,36.0,2017,791,2B,infield,-0.35,
Brandon Phillips,37.0,2018,791,2B,infield,-1.5499999999999998,
Brandon Phillips,38.0,2019,791,2B,infield,-2.7499999999999996,
Brandon Phillips,39.0,2020,791,2B,infield,-3.9499999999999997,
Brandon Phillips,40.0,2021,791,2B,infield,-5.15,
Brandon Phillips,41.0,2022,791,2B,infield,-6.3500000000000005,
Brandon Phillips,42.0,2023,791,2B,infield,-7.550000000000001,
Derek Jeter,41.0,2017,826,SS,infield,-9.7,
Derek Jeter,42.0,2018,826,SS,infield,-10.9,
Alfonso Soriano,39.0,2017,847,LF,outfield,-21.4,
Alfonso Soriano,40.0,2018,847,LF,outfield,-22.599999999999998,
Alfonso Soriano,41.0,2019,847,LF,outfield,-23.799999999999997,
Alfonso Soriano,42.0,2020,847,LF,outfield,-25.0,
Alfonso Soriano,39.0,2017,847,RF,outfield,-27.9,
Alfonso Soriano,40.0,2018,847,RF,outfield,-29.099999999999998,
Alfonso Soriano,41.0,2019,847,RF,outfield,-30.299999999999997,
Alfonso Soriano,42.0,2020,847,RF,outfield,-31.5,
Eric Chavez,37.0,2017,906,3B,infield,-7.2,
Eric Chavez,38.0,2018,906,3B,infield,-8.4,
Eric Chavez,39.0,2019,906,3B,infield,-9.6,
Eric Chavez,40.0,2020,906,3B,infield,-10.8,
Eric Chavez,41.0,2021,906,3B,infield,-12.0,
Eric Chavez,42.0,2022,906,3B,infield,-13.2,
Brennan Boesch,31.0,2017,914,CF,outfield,-38.800000000000004,
Brennan Boesch,32.0,2018,914,CF,outfield,-40.0,
Brennan Boesch,33.0,2019,914,CF,outfield,-41.2,
Brennan Boesch,34.0,2020,914,CF,outfield,-42.400000000000006,
Brennan Boesch,35.0,2021,914,CF,outfield,-43.6,
Brennan Boesch,36.0,2022,914,CF,outfield,-44.800000000000004,
Brennan Boesch,37.0,2023,914,CF,outfield,-46.0,
Brennan Boesch,38.0,2024,914,CF,outfield,-47.2,
Brennan Boesch,39.0,2025,914,CF,outfield,-48.400000000000006,
Brennan Boesch,40.0,2026,914,CF,outfield,-49.6,
Brennan Boesch,41.0,2027,914,CF,outfield,-50.8,
Brennan Boesch,42.0,2028,914,CF,outfield,-52.0,
Carlos Pena,37.0,2017,934,1B,infield,11.700000000000001,
Carlos Pena,38.0,2018,934,1B,infield,10.5,
Carlos Pena,39.0,2019,934,1B,infield,9.3,
Carlos Pena,40.0,2020,934,1B,infield,8.100000000000001,
Carlos Pena,41.0,2021,934,1B,infield,6.9,
Carlos Pena,42.0,2022,934,1B,infield,5.7,
Bobby Abreu,41.0,2017,945,RF,outfield,-31.3,
Bobby Abreu,42.0,2018,945,RF,outfield,-32.5,
Marlon Byrd,39.0,2017,950,LF,outfield,6.7666666666666675,
Marlon Byrd,40.0,2018,950,LF,outfield,5.566666666666668,
Marlon Byrd,41.0,2019,950,LF,outfield,4.366666666666668,
Marlon Byrd,42.0,2020,950,LF,outfield,3.166666666666668,
Marlon Byrd,39.0,2017,950,RF,outfield,10.766666666666667,
Marlon Byrd,40.0,2018,950,RF,outfield,9.566666666666666,
Marlon Byrd,41.0,2019,950,RF,outfield,8.366666666666667,
Marlon Byrd,42.0,2020,950,RF,outfield,7.166666666666667,
Jimmy Rollins,38.0,2017,971,SS,infield,-4.266666666666667,
Jimmy Rollins,39.0,2018,971,SS,infield,-5.466666666666667,
Jimmy Rollins,40.0,2019,971,SS,infield,-6.666666666666666,
Jimmy Rollins,41.0,2020,971,SS,infield,-7.866666666666666,
Jimmy Rollins,42.0,2021,971,SS,infield,-9.066666666666666,
Aramis Ramirez,38.0,2017,1002,3B,infield,2.666666666666667,
Aramis Ramirez,39.0,2018,1002,3B,infield,1.4666666666666668,
Aramis Ramirez,40.0,2019,1002,3B,infield,0.26666666666666705,
Aramis Ramirez,41.0,2020,1002,3B,infield,-0.9333333333333331,
Aramis Ramirez,42.0,2021,1002,3B,infield,-2.1333333333333333,
Willie Bloomquist,37.0,2017,1066,2B,infield,-22.3,
Willie Bloomquist,38.0,2018,1066,2B,infield,-23.5,
Willie Bloomquist,39.0,2019,1066,2B,infield,-24.700000000000003,
Willie Bloomquist,40.0,2020,1066,2B,infield,-25.900000000000002,
Willie Bloomquist,41.0,2021,1066,2B,infield,-27.1,
Willie Bloomquist,42.0,2022,1066,2B,infield,-28.3,
Willie Bloomquist,37.0,2017,1066,SS,infield,-7.3,
Willie Bloomquist,38.0,2018,1066,SS,infield,-8.5,
Willie Bloomquist,39.0,2019,1066,SS,infield,-9.7,
Willie Bloomquist,40.0,2020,1066,SS,infield,-10.899999999999999,
Willie Bloomquist,41.0,2021,1066,SS,infield,-12.1,
Willie Bloomquist,42.0,2022,1066,SS,infield,-13.3,
Andrew Romine,31.0,2017,1159,1B,infield,-1.6333333333333333,
Andrew Romine,32.0,2018,1159,1B,infield,-2.833333333333333,
Andrew Romine,33.0,2019,1159,1B,infield,-4.033333333333333,
Andrew Romine,34.0,2020,1159,1B,infield,-5.233333333333333,
Andrew Romine,35.0,2021,1159,1B,infield,-6.433333333333334,
Andrew Romine,36.0,2022,1159,1B,infield,-7.633333333333334,
Andrew Romine,37.0,2023,1159,1B,infield,-8.833333333333334,
Andrew Romine,38.0,2024,1159,1B,infield,-10.033333333333333,
Andrew Romine,39.0,2025,1159,1B,infield,-11.233333333333333,
Andrew Romine,40.0,2026,1159,1B,infield,-12.433333333333332,
Andrew Romine,41.0,2027,1159,1B,infield,-13.633333333333331,
Andrew Romine,42.0,2028,1159,1B,infield,-14.83333333333333,
Andrew Romine,31.0,2017,1159,2B,infield,14.833333333333336,
Andrew Romine,32.0,2018,1159,2B,infield,13.633333333333336,
Andrew Romine,33.0,2019,1159,2B,infield,12.433333333333335,
Andrew Romine,34.0,2020,1159,2B,infield,11.233333333333334,
Andrew Romine,35.0,2021,1159,2B,infield,10.033333333333335,
Andrew Romine,36.0,2022,1159,2B,infield,8.833333333333336,
Andrew Romine,37.0,2023,1159,2B,infield,7.633333333333335,
Andrew Romine,38.0,2024,1159,2B,infield,6.433333333333335,
Andrew Romine,39.0,2025,1159,2B,infield,5.233333333333336,
Andrew Romine,40.0,2026,1159,2B,infield,4.033333333333337,
Andrew Romine,41.0,2027,1159,2B,infield,2.8333333333333375,
Andrew Romine,42.0,2028,1159,2B,infield,1.6333333333333382,
Andrew Romine,31.0,2017,1159,3B,infield,9.333333333333334,
Andrew Romine,32.0,2018,1159,3B,infield,8.133333333333333,
Andrew Romine,33.0,2019,1159,3B,infield,6.933333333333334,
Andrew Romine,34.0,2020,1159,3B,infield,5.733333333333333,
Andrew Romine,35.0,2021,1159,3B,infield,4.533333333333333,
Andrew Romine,36.0,2022,1159,3B,infield,3.333333333333333,
Andrew Romine,37.0,2023,1159,3B,infield,2.133333333333333,
Andrew Romine,38.0,2024,1159,3B,infield,0.9333333333333336,
Andrew Romine,39.0,2025,1159,3B,infield,-0.2666666666666657,
Andrew Romine,40.0,2026,1159,3B,infield,-1.466666666666665,
Andrew Romine,41.0,2027,1159,3B,infield,-2.6666666666666643,
Andrew Romine,42.0,2028,1159,3B,infield,-3.8666666666666636,
Andrew Romine,31.0,2017,1159,CF,outfield,12.8,
Andrew Romine,32.0,2018,1159,CF,outfield,11.600000000000001,
Andrew Romine,33.0,2019,1159,CF,outfield,10.4,
Andrew Romine,34.0,2020,1159,CF,outfield,9.2,
Andrew Romine,35.0,2021,1159,CF,outfield,8.0,
Andrew Romine,36.0,2022,1159,CF,outfield,6.8,
Andrew Romine,37.0,2023,1159,CF,outfield,5.6,
Andrew Romine,38.0,2024,1159,CF,outfield,4.4,
Andrew Romine,39.0,2025,1159,CF,outfield,3.200000000000001,
Andrew Romine,40.0,2026,1159,CF,outfield,2.0000000000000018,
Andrew Romine,41.0,2027,1159,CF,outfield,0.8000000000000025,
Andrew Romine,42.0,2028,1159,CF,outfield,-0.3999999999999968,
Andrew Romine,31.0,2017,1159,SS,infield,1.7499999999999996,
Andrew Romine,32.0,2018,1159,SS,infield,0.5499999999999998,
Andrew Romine,33.0,2019,1159,SS,infield,-0.6500000000000004,
Andrew Romine,34.0,2020,1159,SS,infield,-1.8500000000000005,
Andrew Romine,35.0,2021,1159,SS,infield,-3.0500000000000007,
Andrew Romine,36.0,2022,1159,SS,infield,-4.250000000000001,
Andrew Romine,37.0,2023,1159,SS,infield,-5.450000000000001,
Andrew Romine,38.0,2024,1159,SS,infield,-6.65,
Andrew Romine,39.0,2025,1159,SS,infield,-7.85,
Andrew Romine,40.0,2026,1159,SS,infield,-9.049999999999999,
Andrew Romine,41.0,2027,1159,SS,infield,-10.249999999999998,
Andrew Romine,42.0,2028,1159,SS,infield,-11.449999999999998,
Chris Valaika,29.0,2017,1165,1B,infield,-3.4,
Chris Valaika,30.0,2018,1165,1B,infield,-4.0,
Chris Valaika,31.0,2019,1165,1B,infield,-4.6,
Chris Valaika,32.0,2020,1165,1B,infield,-5.8,
Chris Valaika,33.0,2021,1165,1B,infield,-7.0,
Chris Valaika,34.0,2022,1165,1B,infield,-8.2,
Chris Valaika,35.0,2023,1165,1B,infield,-9.4,
Chris Valaika,36.0,2024,1165,1B,infield,-10.600000000000001,
Chris Valaika,37.0,2025,1165,1B,infield,-11.8,
Chris Valaika,38.0,2026,1165,1B,infield,-13.0,
Chris Valaika,39.0,2027,1165,1B,infield,-14.2,
Chris Valaika,40.0,2028,1165,1B,infield,-15.399999999999999,
Chris Valaika,41.0,2029,1165,1B,infield,-16.599999999999998,
Chris Valaika,42.0,2030,1165,1B,infield,-17.799999999999997,
Chris Valaika,29.0,2017,1165,2B,infield,13.5,
Chris Valaika,30.0,2018,1165,2B,infield,12.9,
Chris Valaika,31.0,2019,1165,2B,infield,12.3,
Chris Valaika,32.0,2020,1165,2B,infield,11.1,
Chris Valaika,33.0,2021,1165,2B,infield,9.899999999999999,
Chris Valaika,34.0,2022,1165,2B,infield,8.7,
Chris Valaika,35.0,2023,1165,2B,infield,7.499999999999999,
Chris Valaika,36.0,2024,1165,2B,infield,6.299999999999999,
Chris Valaika,37.0,2025,1165,2B,infield,5.1,
Chris Valaika,38.0,2026,1165,2B,infield,3.9000000000000004,
Chris Valaika,39.0,2027,1165,2B,infield,2.700000000000001,
Chris Valaika,40.0,2028,1165,2B,infield,1.5000000000000018,
Chris Valaika,41.0,2029,1165,2B,infield,0.3000000000000025,
Chris Valaika,42.0,2030,1165,2B,infield,-0.8999999999999968,
Chris Valaika,29.0,2017,1165,3B,infield,8.700000000000001,
Chris Valaika,30.0,2018,1165,3B,infield,8.100000000000001,
Chris Valaika,31.0,2019,1165,3B,infield,7.500000000000001,
Chris Valaika,32.0,2020,1165,3B,infield,6.300000000000001,
Chris Valaika,33.0,2021,1165,3B,infield,5.1000000000000005,
Chris Valaika,34.0,2022,1165,3B,infield,3.9000000000000004,
Chris Valaika,35.0,2023,1165,3B,infield,2.7,
Chris Valaika,36.0,2024,1165,3B,infield,1.5,
Chris Valaika,37.0,2025,1165,3B,infield,0.3000000000000007,
Chris Valaika,38.0,2026,1165,3B,infield,-0.8999999999999986,
Chris Valaika,39.0,2027,1165,3B,infield,-2.099999999999998,
Chris Valaika,40.0,2028,1165,3B,infield,-3.299999999999997,
Chris Valaika,41.0,2029,1165,3B,infield,-4.4999999999999964,
Chris Valaika,42.0,2030,1165,3B,infield,-5.699999999999996,
Albert Pujols,37.0,2017,1177,1B,infield,-1.083333333333333,
Albert Pujols,38.0,2018,1177,1B,infield,-2.283333333333333,
Albert Pujols,39.0,2019,1177,1B,infield,-3.483333333333333,
Albert Pujols,40.0,2020,1177,1B,infield,-4.683333333333333,
Albert Pujols,41.0,2021,1177,1B,infield,-5.883333333333333,
Albert Pujols,42.0,2022,1177,1B,infield,-7.083333333333333,
Chris Johnson,32.0,2017,1191,1B,infield,2.033333333333333,
Chris Johnson,33.0,2018,1191,1B,infield,0.833333333333333,
Chris Johnson,34.0,2019,1191,1B,infield,-0.3666666666666667,
Chris Johnson,35.0,2020,1191,1B,infield,-1.5666666666666669,
Chris Johnson,36.0,2021,1191,1B,infield,-2.766666666666667,
Chris Johnson,37.0,2022,1191,1B,infield,-3.9666666666666672,
Chris Johnson,38.0,2023,1191,1B,infield,-5.166666666666668,
Chris Johnson,39.0,2024,1191,1B,infield,-6.366666666666667,
Chris Johnson,40.0,2025,1191,1B,infield,-7.566666666666666,
Chris Johnson,41.0,2026,1191,1B,infield,-8.766666666666666,
Chris Johnson,42.0,2027,1191,1B,infield,-9.966666666666665,
Chris Johnson,32.0,2017,1191,3B,infield,-0.11666666666666625,
Chris Johnson,33.0,2018,1191,3B,infield,-1.3166666666666662,
Chris Johnson,34.0,2019,1191,3B,infield,-2.5166666666666657,
Chris Johnson,35.0,2020,1191,3B,infield,-3.716666666666666,
Chris Johnson,36.0,2021,1191,3B,infield,-4.916666666666666,
Chris Johnson,37.0,2022,1191,3B,infield,-6.116666666666666,
Chris Johnson,38.0,2023,1191,3B,infield,-7.316666666666666,
Chris Johnson,39.0,2024,1191,3B,infield,-8.516666666666666,
Chris Johnson,40.0,2025,1191,3B,infield,-9.716666666666665,
Chris Johnson,41.0,2026,1191,3B,infield,-10.916666666666664,
Chris Johnson,42.0,2027,1191,3B,infield,-12.116666666666664,
Carl Crawford,35.0,2017,1201,LF,outfield,-7.433333333333334,
Carl Crawford,36.0,2018,1201,LF,outfield,-8.633333333333333,
Carl Crawford,37.0,2019,1201,LF,outfield,-9.833333333333332,
Carl Crawford,38.0,2020,1201,LF,outfield,-11.033333333333333,
Carl Crawford,39.0,2021,1201,LF,outfield,-12.233333333333334,
Carl Crawford,40.0,2022,1201,LF,outfield,-13.433333333333334,
Carl Crawford,41.0,2023,1201,LF,outfield,-14.633333333333333,
Carl Crawford,42.0,2024,1201,LF,outfield,-15.833333333333332,
Ryan Ludwick,36.0,2017,1260,LF,outfield,-6.2,
Ryan Ludwick,37.0,2018,1260,LF,outfield,-7.4,
Ryan Ludwick,38.0,2019,1260,LF,outfield,-8.6,
Ryan Ludwick,39.0,2020,1260,LF,outfield,-9.8,
Ryan Ludwick,40.0,2021,1260,LF,outfield,-11.0,
Ryan Ludwick,41.0,2022,1260,LF,outfield,-12.2,
Ryan Ludwick,42.0,2023,1260,LF,outfield,-13.4,
Mark Teixeira,37.0,2017,1281,1B,infield,-3.333333333333334,
Mark Teixeira,38.0,2018,1281,1B,infield,-4.533333333333333,
Mark Teixeira,39.0,2019,1281,1B,infield,-5.733333333333333,
Mark Teixeira,40.0,2020,1281,1B,infield,-6.933333333333334,
Mark Teixeira,41.0,2021,1281,1B,infield,-8.133333333333333,
Mark Teixeira,42.0,2022,1281,1B,infield,-9.333333333333334,
Jayson Werth,38.0,2017,1327,LF,outfield,-6.800000000000001,
Jayson Werth,39.0,2018,1327,LF,outfield,-8.0,
Jayson Werth,40.0,2019,1327,LF,outfield,-9.2,
Jayson Werth,41.0,2020,1327,LF,outfield,-10.4,
Jayson Werth,42.0,2021,1327,LF,outfield,-11.600000000000001,
Jayson Werth,37.0,2017,1327,RF,outfield,8.1,
Jayson Werth,38.0,2018,1327,RF,outfield,6.899999999999999,
Jayson Werth,39.0,2019,1327,RF,outfield,5.699999999999999,
Jayson Werth,40.0,2020,1327,RF,outfield,4.499999999999999,
Jayson Werth,41.0,2021,1327,RF,outfield,3.299999999999999,
Jayson Werth,42.0,2022,1327,RF,outfield,2.0999999999999988,
Ramon Santiago,35.0,2017,1417,2B,infield,10.600000000000001,
Ramon Santiago,36.0,2018,1417,2B,infield,9.4,
Ramon Santiago,37.0,2019,1417,2B,infield,8.200000000000001,
Ramon Santiago,38.0,2020,1417,2B,infield,7.000000000000001,
Ramon Santiago,39.0,2021,1417,2B,infield,5.800000000000001,
Ramon Santiago,40.0,2022,1417,2B,infield,4.6000000000000005,
Ramon Santiago,41.0,2023,1417,2B,infield,3.4000000000000004,
Ramon Santiago,42.0,2024,1417,2B,infield,2.200000000000001,
Ramon Santiago,35.0,2017,1417,3B,infield,-5.8,
Ramon Santiago,36.0,2018,1417,3B,infield,-7.0,
Ramon Santiago,37.0,2019,1417,3B,infield,-8.2,
Ramon Santiago,38.0,2020,1417,3B,infield,-9.399999999999999,
Ramon Santiago,39.0,2021,1417,3B,infield,-10.6,
Ramon Santiago,40.0,2022,1417,3B,infield,-11.8,
Ramon Santiago,41.0,2023,1417,3B,infield,-13.0,
Ramon Santiago,42.0,2024,1417,3B,infield,-14.2,
Ramon Santiago,35.0,2017,1417,SS,infield,3.3,
Ramon Santiago,36.0,2018,1417,SS,infield,2.1,
Ramon Santiago,37.0,2019,1417,SS,infield,0.9000000000000004,
Ramon Santiago,38.0,2020,1417,SS,infield,-0.2999999999999998,
Ramon Santiago,39.0,2021,1417,SS,infield,-1.5,
Ramon Santiago,40.0,2022,1417,SS,infield,-2.7,
Ramon Santiago,41.0,2023,1417,SS,infield,-3.9000000000000004,
Ramon Santiago,42.0,2024,1417,SS,infield,-5.1,
Nick Punto,37.0,2017,1429,2B,infield,-0.09999999999999987,
Nick Punto,38.0,2018,1429,2B,infield,-1.2999999999999998,
Nick Punto,39.0,2019,1429,2B,infield,-2.4999999999999996,
Nick Punto,40.0,2020,1429,2B,infield,-3.6999999999999997,
Nick Punto,41.0,2021,1429,2B,infield,-4.9,
Nick Punto,42.0,2022,1429,2B,infield,-6.1,
Nick Punto,37.0,2017,1429,SS,infield,-3.2,
Nick Punto,38.0,2018,1429,SS,infield,-4.4,
Nick Punto,39.0,2019,1429,SS,infield,-5.6,
Nick Punto,40.0,2020,1429,SS,infield,-6.8,
Nick Punto,41.0,2021,1429,SS,infield,-8.0,
Nick Punto,42.0,2022,1429,SS,infield,-9.2,
Wilson Ramos,29.0,2017,1433,C,catcher,,3.630739108303351
Wilson Ramos,30.0,2018,1433,C,catcher,,3.030739108303351
Wilson Ramos,31.0,2019,1433,C,catcher,,2.430739108303351
Wilson Ramos,32.0,2020,1433,C,catcher,,1.230739108303351
Wilson Ramos,33.0,2021,1433,C,catcher,,0.030739108303350804
Wilson Ramos,34.0,2022,1433,C,catcher,,-1.1692608916966494
Wilson Ramos,35.0,2023,1433,C,catcher,,-2.3692608916966496
Wilson Ramos,36.0,2024,1433,C,catcher,,-3.5692608916966497
Wilson Ramos,37.0,2025,1433,C,catcher,,-4.769260891696649
Wilson Ramos,38.0,2026,1433,C,catcher,,-5.969260891696648
Wilson Ramos,39.0,2027,1433,C,catcher,,-7.169260891696648
Wilson Ramos,40.0,2028,1433,C,catcher,,-8.369260891696648
Wilson Ramos,41.0,2029,1433,C,catcher,,-9.569260891696647
Wilson Ramos,42.0,2030,1433,C,catcher,,-10.769260891696646
Mark Ellis,38.0,2017,1443,2B,infield,11.8,
Mark Ellis,39.0,2018,1443,2B,infield,10.6,
Mark Ellis,40.0,2019,1443,2B,infield,9.4,
Mark Ellis,41.0,2020,1443,2B,infield,8.2,
Mark Ellis,42.0,2021,1443,2B,infield,7.0,
Michael Cuddyer,37.0,2017,1534,1B,infield,-3.666666666666667,
Michael Cuddyer,38.0,2018,1534,1B,infield,-4.866666666666667,
Michael Cuddyer,39.0,2019,1534,1B,infield,-6.066666666666666,
Michael Cuddyer,40.0,2020,1534,1B,infield,-7.266666666666667,
Michael Cuddyer,41.0,2021,1534,1B,infield,-8.466666666666667,
Michael Cuddyer,42.0,2022,1534,1B,infield,-9.666666666666668,
Michael Cuddyer,37.0,2017,1534,LF,outfield,-11.0,
Michael Cuddyer,38.0,2018,1534,LF,outfield,-12.200000000000001,
Michael Cuddyer,39.0,2019,1534,LF,outfield,-13.4,
Michael Cuddyer,40.0,2020,1534,LF,outfield,-14.600000000000001,
Michael Cuddyer,41.0,2021,1534,LF,outfield,-15.8,
Michael Cuddyer,42.0,2022,1534,LF,outfield,-17.0,
Michael Cuddyer,37.0,2017,1534,RF,outfield,-15.866666666666665,
Michael Cuddyer,38.0,2018,1534,RF,outfield,-17.066666666666666,
Michael Cuddyer,39.0,2019,1534,RF,outfield,-18.266666666666666,
Michael Cuddyer,40.0,2020,1534,RF,outfield,-19.466666666666665,
Michael Cuddyer,41.0,2021,1534,RF,outfield,-20.666666666666664,
Michael Cuddyer,42.0,2022,1534,RF,outfield,-21.866666666666667,
David Ross,40.0,2017,1551,C,catcher,,20.702216563549687
David Ross,41.0,2018,1551,C,catcher,,19.502216563549688
David Ross,42.0,2019,1551,C,catcher,,18.302216563549685
Wil Nieves,37.0,2017,1556,C,catcher,,17.230034129692832
Wil Nieves,38.0,2018,1556,C,catcher,,16.030034129692833
Wil Nieves,39.0,2019,1556,C,catcher,,14.830034129692832
Wil Nieves,40.0,2020,1556,C,catcher,,13.630034129692831
Wil Nieves,41.0,2021,1556,C,catcher,,12.430034129692832
Wil Nieves,42.0,2022,1556,C,catcher,,11.230034129692832
Coco Crisp,37.0,2017,1572,CF,outfield,-19.625,
Coco Crisp,38.0,2018,1572,CF,outfield,-20.825,
Coco Crisp,39.0,2019,1572,CF,outfield,-22.025,
Coco Crisp,40.0,2020,1572,CF,outfield,-23.225,
Coco Crisp,41.0,2021,1572,CF,outfield,-24.425,
Coco Crisp,42.0,2022,1572,CF,outfield,-25.625,
Coco Crisp,37.0,2017,1572,LF,outfield,-2.466666666666667,
Coco Crisp,38.0,2018,1572,LF,outfield,-3.6666666666666665,
Coco Crisp,39.0,2019,1572,LF,outfield,-4.866666666666666,
Coco Crisp,40.0,2020,1572,LF,outfield,-6.066666666666666,
Coco Crisp,41.0,2021,1572,LF,outfield,-7.266666666666667,
Coco Crisp,42.0,2022,1572,LF,outfield,-8.466666666666667,
Chone Figgins,37.0,2017,1580,3B,infield,8.9,
Chone Figgins,38.0,2018,1580,3B,infield,7.699999999999999,
Chone Figgins,39.0,2019,1580,3B,infield,6.5,
Chone Figgins,40.0,2020,1580,3B,infield,5.3,
Chone Figgins,41.0,2021,1580,3B,infield,4.1,
Chone Figgins,42.0,2022,1580,3B,infield,2.8999999999999995,
Omar Infante,35.0,2017,1609,2B,infield,-2.5999999999999996,
Omar Infante,36.0,2018,1609,2B,infield,-3.8,
Omar Infante,37.0,2019,1609,2B,infield,-4.999999999999999,
Omar Infante,38.0,2020,1609,2B,infield,-6.199999999999999,
Omar Infante,39.0,2021,1609,2B,infield,-7.3999999999999995,
Omar Infante,40.0,2022,1609,2B,infield,-8.6,
Omar Infante,41.0,2023,1609,2B,infield,-9.8,
Omar Infante,42.0,2024,1609,2B,infield,-11.0,
Lyle Overbay,38.0,2017,1617,1B,infield,-4.3,
Lyle Overbay,39.0,2018,1617,1B,infield,-5.5,
Lyle Overbay,40.0,2019,1617,1B,infield,-6.699999999999999,
Lyle Overbay,41.0,2020,1617,1B,infield,-7.9,
Lyle Overbay,42.0,2021,1617,1B,infield,-9.1,
Miguel Olivo,36.0,2017,1638,C,catcher,,-25.656521739130433
Miguel Olivo,37.0,2018,1638,C,catcher,,-26.856521739130432
Miguel Olivo,38.0,2019,1638,C,catcher,,-28.05652173913043
Miguel Olivo,39.0,2020,1638,C,catcher,,-29.256521739130434
Miguel Olivo,40.0,2021,1638,C,catcher,,-30.456521739130434
Miguel Olivo,41.0,2022,1638,C,catcher,,-31.656521739130433
Miguel Olivo,42.0,2023,1638,C,catcher,,-32.856521739130436
Shane Victorino,35.0,2017,1677,LF,outfield,-12.1,
Shane Victorino,36.0,2018,1677,LF,outfield,-13.3,
Shane Victorino,37.0,2019,1677,LF,outfield,-14.5,
Shane Victorino,38.0,2020,1677,LF,outfield,-15.7,
Shane Victorino,39.0,2021,1677,LF,outfield,-16.9,
Shane Victorino,40.0,2022,1677,LF,outfield,-18.1,
Shane Victorino,41.0,2023,1677,LF,outfield,-19.3,
Shane Victorino,42.0,2024,1677,LF,outfield,-20.5,
Shane Victorino,35.0,2017,1677,RF,outfield,12.6,
Shane Victorino,36.0,2018,1677,RF,outfield,11.399999999999999,
Shane Victorino,37.0,2019,1677,RF,outfield,10.2,
Shane Victorino,38.0,2020,1677,RF,outfield,9.0,
Shane Victorino,39.0,2021,1677,RF,outfield,7.799999999999999,
Shane Victorino,40.0,2022,1677,RF,outfield,6.599999999999999,
Shane Victorino,41.0,2023,1677,RF,outfield,5.399999999999999,
Shane Victorino,42.0,2024,1677,RF,outfield,4.199999999999999,
Chase Utley,38.0,2017,1679,2B,infield,-0.1166666666666667,
Chase Utley,39.0,2018,1679,2B,infield,-1.3166666666666667,
Chase Utley,40.0,2019,1679,2B,infield,-2.5166666666666666,
Chase Utley,41.0,2020,1679,2B,infield,-3.716666666666667,
Chase Utley,42.0,2021,1679,2B,infield,-4.916666666666667,
Gerald Laird,35.0,2017,1698,C,catcher,,-22.674019088016966
Gerald Laird,36.0,2018,1698,C,catcher,,-23.874019088016965
Gerald Laird,37.0,2019,1698,C,catcher,,-25.074019088016968
Gerald Laird,38.0,2020,1698,C,catcher,,-26.274019088016967
Gerald Laird,39.0,2021,1698,C,catcher,,-27.474019088016966
Gerald Laird,40.0,2022,1698,C,catcher,,-28.674019088016966
Gerald Laird,41.0,2023,1698,C,catcher,,-29.874019088016965
Gerald Laird,42.0,2024,1698,C,catcher,,-31.074019088016968
Reed Johnson,38.0,2017,1702,LF,outfield,-3.5,
Reed Johnson,39.0,2018,1702,LF,outfield,-4.699999999999999,
Reed Johnson,40.0,2019,1702,LF,outfield,-5.8999999999999995,
Reed Johnson,41.0,2020,1702,LF,outfield,-7.1,
Reed Johnson,42.0,2021,1702,LF,outfield,-8.3,
Reed Johnson,38.0,2017,1702,RF,outfield,-70.9,
Reed Johnson,39.0,2018,1702,RF,outfield,-72.10000000000001,
Reed Johnson,40.0,2019,1702,RF,outfield,-73.3,
Reed Johnson,41.0,2020,1702,RF,outfield,-74.5,
Reed Johnson,42.0,2021,1702,RF,outfield,-75.7,
Jose Reyes,34.0,2017,1736,3B,infield,-5.3,
Jose Reyes,35.0,2018,1736,3B,infield,-6.5,
Jose Reyes,36.0,2019,1736,3B,infield,-7.699999999999999,
Jose Reyes,37.0,2020,1736,3B,infield,-8.899999999999999,
Jose Reyes,38.0,2021,1736,3B,infield,-10.1,
Jose Reyes,39.0,2022,1736,3B,infield,-11.3,
Jose Reyes,40.0,2023,1736,3B,infield,-12.5,
Jose Reyes,41.0,2024,1736,3B,infield,-13.7,
Jose Reyes,42.0,2025,1736,3B,infield,-14.899999999999999,
Jose Reyes,34.0,2017,1736,SS,infield,0.4166666666666661,
Jose Reyes,35.0,2018,1736,SS,infield,-0.7833333333333339,
Jose Reyes,36.0,2019,1736,SS,infield,-1.9833333333333336,
Jose Reyes,37.0,2020,1736,SS,infield,-3.1833333333333336,
Jose Reyes,38.0,2021,1736,SS,infield,-4.383333333333334,
Jose Reyes,39.0,2022,1736,SS,infield,-5.583333333333334,
Jose Reyes,40.0,2023,1736,SS,infield,-6.783333333333334,
Jose Reyes,41.0,2024,1736,SS,infield,-7.983333333333333,
Jose Reyes,42.0,2025,1736,SS,infield,-9.183333333333334,
Justin Morneau,35.0,2017,1737,1B,infield,-1.6333333333333333,
Justin Morneau,36.0,2018,1737,1B,infield,-2.833333333333333,
Justin Morneau,37.0,2019,1737,1B,infield,-4.033333333333333,
Justin Morneau,38.0,2020,1737,1B,infield,-5.233333333333333,
Justin Morneau,39.0,2021,1737,1B,infield,-6.433333333333334,
Justin Morneau,40.0,2022,1737,1B,infield,-7.633333333333334,
Justin Morneau,41.0,2023,1737,1B,infield,-8.833333333333334,
Justin Morneau,42.0,2024,1737,1B,infield,-10.033333333333333,
Jhonny Peralta,35.0,2017,1738,3B,infield,-12.7,
Jhonny Peralta,36.0,2018,1738,3B,infield,-13.9,
Jhonny Peralta,37.0,2019,1738,3B,infield,-15.1,
Jhonny Peralta,38.0,2020,1738,3B,infield,-16.3,
Jhonny Peralta,39.0,2021,1738,3B,infield,-17.5,
Jhonny Peralta,40.0,2022,1738,3B,infield,-18.7,
Jhonny Peralta,41.0,2023,1738,3B,infield,-19.9,
Jhonny Peralta,42.0,2024,1738,3B,infield,-21.1,
Jhonny Peralta,35.0,2017,1738,SS,infield,-7.099999999999999,
Jhonny Peralta,36.0,2018,1738,SS,infield,-8.299999999999999,
Jhonny Peralta,37.0,2019,1738,SS,infield,-9.499999999999998,
Jhonny Peralta,38.0,2020,1738,SS,infield,-10.7,
Jhonny Peralta,39.0,2021,1738,SS,infield,-11.899999999999999,
Jhonny Peralta,40.0,2022,1738,SS,infield,-13.099999999999998,
Jhonny Peralta,41.0,2023,1738,SS,infield,-14.299999999999999,
Jhonny Peralta,42.0,2024,1738,SS,infield,-15.499999999999998,
Miguel Cabrera,34.0,2017,1744,1B,infield,1.2499999999999998,
Miguel Cabrera,35.0,2018,1744,1B,infield,0.04999999999999982,
Miguel Cabrera,36.0,2019,1744,1B,infield,-1.15,
Miguel Cabrera,37.0,2020,1744,1B,infield,-2.35,
Miguel Cabrera,38.0,2021,1744,1B,infield,-3.5500000000000003,
Miguel Cabrera,39.0,2022,1744,1B,infield,-4.75,
Miguel Cabrera,40.0,2023,1744,1B,infield,-5.950000000000001,
Miguel Cabrera,41.0,2024,1744,1B,infield,-7.15,
Miguel Cabrera,42.0,2025,1744,1B,infield,-8.35,
Miguel Cabrera,32.0,2017,1744,3B,infield,-17.7,
Miguel Cabrera,33.0,2018,1744,3B,infield,-18.9,
Miguel Cabrera,34.0,2019,1744,3B,infield,-20.1,
Miguel Cabrera,35.0,2020,1744,3B,infield,-21.3,
Miguel Cabrera,36.0,2021,1744,3B,infield,-22.5,
Miguel Cabrera,37.0,2022,1744,3B,infield,-23.7,
Miguel Cabrera,38.0,2023,1744,3B,infield,-24.9,
Miguel Cabrera,39.0,2024,1744,3B,infield,-26.1,
Miguel Cabrera,40.0,2025,1744,3B,infield,-27.299999999999997,
Miguel Cabrera,41.0,2026,1744,3B,infield,-28.5,
Miguel Cabrera,42.0,2027,1744,3B,infield,-29.699999999999996,
Cody Ross,34.0,2017,1760,LF,outfield,-11.899999999999999,
Cody Ross,35.0,2018,1760,LF,outfield,-13.1,
Cody Ross,36.0,2019,1760,LF,outfield,-14.299999999999999,
Cody Ross,37.0,2020,1760,LF,outfield,-15.5,
Cody Ross,38.0,2021,1760,LF,outfield,-16.7,
Cody Ross,39.0,2022,1760,LF,outfield,-17.9,
Cody Ross,40.0,2023,1760,LF,outfield,-19.1,
Cody Ross,41.0,2024,1760,LF,outfield,-20.299999999999997,
Cody Ross,42.0,2025,1760,LF,outfield,-21.5,
Cody Ross,34.0,2017,1760,RF,outfield,-27.599999999999998,
Cody Ross,35.0,2018,1760,RF,outfield,-28.799999999999997,
Cody Ross,36.0,2019,1760,RF,outfield,-30.0,
Cody Ross,37.0,2020,1760,RF,outfield,-31.2,
Cody Ross,38.0,2021,1760,RF,outfield,-32.4,
Cody Ross,39.0,2022,1760,RF,outfield,-33.6,
Cody Ross,40.0,2023,1760,RF,outfield,-34.8,
Cody Ross,41.0,2024,1760,RF,outfield,-36.0,
Cody Ross,42.0,2025,1760,RF,outfield,-37.199999999999996,
David DeJesus,36.0,2017,1825,LF,outfield,11.8,
David DeJesus,37.0,2018,1825,LF,outfield,10.6,
David DeJesus,38.0,2019,1825,LF,outfield,9.4,
David DeJesus,39.0,2020,1825,LF,outfield,8.2,
David DeJesus,40.0,2021,1825,LF,outfield,7.0,
David DeJesus,41.0,2022,1825,LF,outfield,5.8,
David DeJesus,42.0,2023,1825,LF,outfield,4.6,
Koyie Hill,36.0,2017,1829,C,catcher,,-24.88421052631579
Koyie Hill,37.0,2018,1829,C,catcher,,-26.08421052631579
Koyie Hill,38.0,2019,1829,C,catcher,,-27.28421052631579
Koyie Hill,39.0,2020,1829,C,catcher,,-28.484210526315792
Koyie Hill,40.0,2021,1829,C,catcher,,-29.68421052631579
Koyie Hill,41.0,2022,1829,C,catcher,,-30.88421052631579
Koyie Hill,42.0,2023,1829,C,catcher,,-32.08421052631579
Clint Barmes,36.0,2017,1830,2B,infield,7.8,
Clint Barmes,37.0,2018,1830,2B,infield,6.6,
Clint Barmes,38.0,2019,1830,2B,infield,5.4,
Clint Barmes,39.0,2020,1830,2B,infield,4.2,
Clint Barmes,40.0,2021,1830,2B,infield,3.0,
Clint Barmes,41.0,2022,1830,2B,infield,1.7999999999999998,
Clint Barmes,42.0,2023,1830,2B,infield,0.5999999999999996,
Clint Barmes,37.0,2017,1830,SS,infield,-0.30000000000000016,
Clint Barmes,38.0,2018,1830,SS,infield,-1.5,
Clint Barmes,39.0,2019,1830,SS,infield,-2.6999999999999997,
Clint Barmes,40.0,2020,1830,SS,infield,-3.9,
Clint Barmes,41.0,2021,1830,SS,infield,-5.1000000000000005,
Clint Barmes,42.0,2022,1830,SS,infield,-6.300000000000001,
Jonny Gomes,35.0,2017,1845,LF,outfield,-11.366666666666665,
Jonny Gomes,36.0,2018,1845,LF,outfield,-12.566666666666666,
Jonny Gomes,37.0,2019,1845,LF,outfield,-13.766666666666666,
Jonny Gomes,38.0,2020,1845,LF,outfield,-14.966666666666665,
Jonny Gomes,39.0,2021,1845,LF,outfield,-16.166666666666664,
Jonny Gomes,40.0,2022,1845,LF,outfield,-17.366666666666667,
Jonny Gomes,41.0,2023,1845,LF,outfield,-18.566666666666666,
Jonny Gomes,42.0,2024,1845,LF,outfield,-19.766666666666666,
Jonny Gomes,34.0,2017,1845,RF,outfield,8.600000000000001,
Jonny Gomes,35.0,2018,1845,RF,outfield,7.4,
Jonny Gomes,36.0,2019,1845,RF,outfield,6.200000000000001,
Jonny Gomes,37.0,2020,1845,RF,outfield,5.000000000000001,
Jonny Gomes,38.0,2021,1845,RF,outfield,3.8000000000000007,
Jonny Gomes,39.0,2022,1845,RF,outfield,2.6000000000000005,
Jonny Gomes,40.0,2023,1845,RF,outfield,1.4000000000000004,
Jonny Gomes,41.0,2024,1845,RF,outfield,0.20000000000000107,
Jonny Gomes,42.0,2025,1845,RF,outfield,-0.9999999999999982,
Rickie Weeks Jr.,32.0,2017,1849,2B,infield,-21.4,
Rickie Weeks Jr.,33.0,2018,1849,2B,infield,-22.599999999999998,
Rickie Weeks Jr.,34.0,2019,1849,2B,infield,-23.799999999999997,
Rickie Weeks Jr.,35.0,2020,1849,2B,infield,-25.0,
Rickie Weeks Jr.,36.0,2021,1849,2B,infield,-26.2,
Rickie Weeks Jr.,37.0,2022,1849,2B,infield,-27.4,
Rickie Weeks Jr.,38.0,2023,1849,2B,infield,-28.6,
Rickie Weeks Jr.,39.0,2024,1849,2B,infield,-29.799999999999997,
Rickie Weeks Jr.,40.0,2025,1849,2B,infield,-31.0,
Rickie Weeks Jr.,41.0,2026,1849,2B,infield,-32.199999999999996,
Rickie Weeks Jr.,42.0,2027,1849,2B,infield,-33.4,
Rickie Weeks Jr.,34.0,2017,1849,LF,outfield,-19.933333333333334,
Rickie Weeks Jr.,35.0,2018,1849,LF,outfield,-21.133333333333333,
Rickie Weeks Jr.,36.0,2019,1849,LF,outfield,-22.333333333333336,
Rickie Weeks Jr.,37.0,2020,1849,LF,outfield,-23.533333333333335,
Rickie Weeks Jr.,38.0,2021,1849,LF,outfield,-24.733333333333334,
Rickie Weeks Jr.,39.0,2022,1849,LF,outfield,-25.933333333333334,
Rickie Weeks Jr.,40.0,2023,1849,LF,outfield,-27.133333333333333,
Rickie Weeks Jr.,41.0,2024,1849,LF,outfield,-28.333333333333336,
Rickie Weeks Jr.,42.0,2025,1849,LF,outfield,-29.53333333333333,
Joe Mauer,34.0,2017,1857,1B,infield,1.1833333333333333,
Joe Mauer,35.0,2018,1857,1B,infield,-0.016666666666666607,
Joe Mauer,36.0,2019,1857,1B,infield,-1.2166666666666663,
Joe Mauer,37.0,2020,1857,1B,infield,-2.4166666666666665,
Joe Mauer,38.0,2021,1857,1B,infield,-3.6166666666666667,
Joe Mauer,39.0,2022,1857,1B,infield,-4.816666666666666,
Joe Mauer,40.0,2023,1857,1B,infield,-6.0166666666666675,
Joe Mauer,41.0,2024,1857,1B,infield,-7.216666666666667,
Joe Mauer,42.0,2025,1857,1B,infield,-8.416666666666666,
Matt Holliday,37.0,2017,1873,1B,infield,4.8999999999999995,
Matt Holliday,38.0,2018,1873,1B,infield,3.6999999999999997,
Matt Holliday,39.0,2019,1873,1B,infield,2.5,
Matt Holliday,40.0,2020,1873,1B,infield,1.2999999999999998,
Matt Holliday,41.0,2021,1873,1B,infield,0.09999999999999964,
Matt Holliday,42.0,2022,1873,1B,infield,-1.1000000000000005,
Matt Holliday,37.0,2017,1873,LF,outfield,-9.216666666666667,
Matt Holliday,38.0,2018,1873,LF,outfield,-10.416666666666668,
Matt Holliday,39.0,2019,1873,LF,outfield,-11.616666666666667,
Matt Holliday,40.0,2020,1873,LF,outfield,-12.816666666666666,
Matt Holliday,41.0,2021,1873,LF,outfield,-14.016666666666667,
Matt Holliday,42.0,2022,1873,LF,outfield,-15.216666666666669,
Josh Hamilton,34.0,2017,1875,CF,outfield,29.5,
Josh Hamilton,35.0,2018,1875,CF,outfield,28.3,
Josh Hamilton,36.0,2019,1875,CF,outfield,27.1,
Josh Hamilton,37.0,2020,1875,CF,outfield,25.9,
Josh Hamilton,38.0,2021,1875,CF,outfield,24.7,
Josh Hamilton,39.0,2022,1875,CF,outfield,23.5,
Josh Hamilton,40.0,2023,1875,CF,outfield,22.299999999999997,
Josh Hamilton,41.0,2024,1875,CF,outfield,21.1,
Josh Hamilton,42.0,2025,1875,CF,outfield,19.9,
Josh Hamilton,35.0,2017,1875,LF,outfield,0.3666666666666665,
Josh Hamilton,36.0,2018,1875,LF,outfield,-0.8333333333333335,
Josh Hamilton,37.0,2019,1875,LF,outfield,-2.033333333333333,
Josh Hamilton,38.0,2020,1875,LF,outfield,-3.2333333333333334,
Josh Hamilton,39.0,2021,1875,LF,outfield,-4.433333333333334,
Josh Hamilton,40.0,2022,1875,LF,outfield,-5.633333333333334,
Josh Hamilton,41.0,2023,1875,LF,outfield,-6.833333333333334,
Josh Hamilton,42.0,2024,1875,LF,outfield,-8.033333333333333,
Josh Hamilton,35.0,2017,1875,RF,outfield,-7.4,
Josh Hamilton,36.0,2018,1875,RF,outfield,-8.6,
Josh Hamilton,37.0,2019,1875,RF,outfield,-9.8,
Josh Hamilton,38.0,2020,1875,RF,outfield,-11.0,
Josh Hamilton,39.0,2021,1875,RF,outfield,-12.2,
Josh Hamilton,40.0,2022,1875,RF,outfield,-13.4,
Josh Hamilton,41.0,2023,1875,RF,outfield,-14.600000000000001,
Josh Hamilton,42.0,2024,1875,RF,outfield,-15.8,
Jose Bautista,34.0,2017,1887,1B,infield,-1.7,
Jose Bautista,35.0,2018,1887,1B,infield,-2.9,
Jose Bautista,36.0,2019,1887,1B,infield,-4.1,
Jose Bautista,37.0,2020,1887,1B,infield,-5.3,
Jose Bautista,38.0,2021,1887,1B,infield,-6.5,
Jose Bautista,39.0,2022,1887,1B,infield,-7.7,
Jose Bautista,40.0,2023,1887,1B,infield,-8.9,
Jose Bautista,41.0,2024,1887,1B,infield,-10.1,
Jose Bautista,42.0,2025,1887,1B,infield,-11.299999999999999,
Jose Bautista,34.0,2017,1887,CF,outfield,-15.399999999999999,
Jose Bautista,35.0,2018,1887,CF,outfield,-16.599999999999998,
Jose Bautista,36.0,2019,1887,CF,outfield,-17.799999999999997,
Jose Bautista,37.0,2020,1887,CF,outfield,-19.0,
Jose Bautista,38.0,2021,1887,CF,outfield,-20.2,
Jose Bautista,39.0,2022,1887,CF,outfield,-21.4,
Jose Bautista,40.0,2023,1887,CF,outfield,-22.6,
Jose Bautista,41.0,2024,1887,CF,outfield,-23.799999999999997,
Jose Bautista,42.0,2025,1887,CF,outfield,-25.0,
Jose Bautista,36.0,2017,1887,RF,outfield,-6.95,
Jose Bautista,37.0,2018,1887,RF,outfield,-8.15,
Jose Bautista,38.0,2019,1887,RF,outfield,-9.35,
Jose Bautista,39.0,2020,1887,RF,outfield,-10.55,
Jose Bautista,40.0,2021,1887,RF,outfield,-11.75,
Jose Bautista,41.0,2022,1887,RF,outfield,-12.95,
Jose Bautista,42.0,2023,1887,RF,outfield,-14.15,
Adam LaRoche,36.0,2017,1904,1B,infield,-4.366666666666666,
Adam LaRoche,37.0,2018,1904,1B,infield,-5.566666666666666,
Adam LaRoche,38.0,2019,1904,1B,infield,-6.766666666666666,
Adam LaRoche,39.0,2020,1904,1B,infield,-7.966666666666667,
Adam LaRoche,40.0,2021,1904,1B,infield,-9.166666666666666,
Adam LaRoche,41.0,2022,1904,1B,infield,-10.366666666666667,
Adam LaRoche,42.0,2023,1904,1B,infield,-11.566666666666666,
Andres Blanco,33.0,2017,1907,2B,infield,-4.066666666666666,
Andres Blanco,34.0,2018,1907,2B,infield,-5.266666666666667,
Andres Blanco,35.0,2019,1907,2B,infield,-6.466666666666667,
Andres Blanco,36.0,2020,1907,2B,infield,-7.666666666666666,
Andres Blanco,37.0,2021,1907,2B,infield,-8.866666666666667,
Andres Blanco,38.0,2022,1907,2B,infield,-10.066666666666666,
Andres Blanco,39.0,2023,1907,2B,infield,-11.266666666666667,
Andres Blanco,40.0,2024,1907,2B,infield,-12.466666666666667,
Andres Blanco,41.0,2025,1907,2B,infield,-13.666666666666666,
Andres Blanco,42.0,2026,1907,2B,infield,-14.866666666666665,
Andres Blanco,33.0,2017,1907,3B,infield,-9.466666666666665,
Andres Blanco,34.0,2018,1907,3B,infield,-10.666666666666666,
Andres Blanco,35.0,2019,1907,3B,infield,-11.866666666666665,
Andres Blanco,36.0,2020,1907,3B,infield,-13.066666666666666,
Andres Blanco,37.0,2021,1907,3B,infield,-14.266666666666666,
Andres Blanco,38.0,2022,1907,3B,infield,-15.466666666666665,
Andres Blanco,39.0,2023,1907,3B,infield,-16.666666666666664,
Andres Blanco,40.0,2024,1907,3B,infield,-17.866666666666667,
Andres Blanco,41.0,2025,1907,3B,infield,-19.066666666666663,
Andres Blanco,42.0,2026,1907,3B,infield,-20.266666666666666,
Andres Blanco,33.0,2017,1907,SS,infield,0.8333333333333328,
Andres Blanco,34.0,2018,1907,SS,infield,-0.36666666666666714,
Andres Blanco,35.0,2019,1907,SS,infield,-1.5666666666666669,
Andres Blanco,36.0,2020,1907,SS,infield,-2.766666666666667,
Andres Blanco,37.0,2021,1907,SS,infield,-3.9666666666666672,
Andres Blanco,38.0,2022,1907,SS,infield,-5.166666666666668,
Andres Blanco,39.0,2023,1907,SS,infield,-6.366666666666667,
Andres Blanco,40.0,2024,1907,SS,infield,-7.566666666666666,
Andres Blanco,41.0,2025,1907,SS,infield,-8.766666666666666,
Andres Blanco,42.0,2026,1907,SS,infield,-9.966666666666665,
Adrian Gonzalez,35.0,2017,1908,1B,infield,0.95,
Adrian Gonzalez,36.0,2018,1908,1B,infield,-0.25,
Adrian Gonzalez,37.0,2019,1908,1B,infield,-1.4499999999999997,
Adrian Gonzalez,38.0,2020,1908,1B,infield,-2.65,
Adrian Gonzalez,39.0,2021,1908,1B,infield,-3.85,
Adrian Gonzalez,40.0,2022,1908,1B,infield,-5.050000000000001,
Adrian Gonzalez,41.0,2023,1908,1B,infield,-6.25,
Adrian Gonzalez,42.0,2024,1908,1B,infield,-7.449999999999999,
Scott Hairston,35.0,2017,1926,LF,outfield,-35.2,
Scott Hairston,36.0,2018,1926,LF,outfield,-36.4,
Scott Hairston,37.0,2019,1926,LF,outfield,-37.6,
Scott Hairston,38.0,2020,1926,LF,outfield,-38.8,
Scott Hairston,39.0,2021,1926,LF,outfield,-40.0,
Scott Hairston,40.0,2022,1926,LF,outfield,-41.2,
Scott Hairston,41.0,2023,1926,LF,outfield,-42.4,
Scott Hairston,42.0,2024,1926,LF,outfield,-43.6,
Desmond Jennings,30.0,2017,1965,CF,outfield,-9.35,
Desmond Jennings,31.0,2018,1965,CF,outfield,-9.95,
Desmond Jennings,32.0,2019,1965,CF,outfield,-11.15,
Desmond Jennings,33.0,2020,1965,CF,outfield,-12.35,
Desmond Jennings,34.0,2021,1965,CF,outfield,-13.55,
Desmond Jennings,35.0,2022,1965,CF,outfield,-14.75,
Desmond Jennings,36.0,2023,1965,CF,outfield,-15.95,
Desmond Jennings,37.0,2024,1965,CF,outfield,-17.15,
Desmond Jennings,38.0,2025,1965,CF,outfield,-18.35,
Desmond Jennings,39.0,2026,1965,CF,outfield,-19.549999999999997,
Desmond Jennings,40.0,2027,1965,CF,outfield,-20.75,
Desmond Jennings,41.0,2028,1965,CF,outfield,-21.949999999999996,
Desmond Jennings,42.0,2029,1965,CF,outfield,-23.15,
Desmond Jennings,30.0,2017,1965,LF,outfield,12.033333333333333,
Desmond Jennings,31.0,2018,1965,LF,outfield,11.433333333333334,
Desmond Jennings,32.0,2019,1965,LF,outfield,10.233333333333333,
Desmond Jennings,33.0,2020,1965,LF,outfield,9.033333333333333,
Desmond Jennings,34.0,2021,1965,LF,outfield,7.833333333333333,
Desmond Jennings,35.0,2022,1965,LF,outfield,6.633333333333333,
Desmond Jennings,36.0,2023,1965,LF,outfield,5.433333333333333,
Desmond Jennings,37.0,2024,1965,LF,outfield,4.2333333333333325,
Desmond Jennings,38.0,2025,1965,LF,outfield,3.033333333333333,
Desmond Jennings,39.0,2026,1965,LF,outfield,1.833333333333334,
Desmond Jennings,40.0,2027,1965,LF,outfield,0.6333333333333346,
Desmond Jennings,41.0,2028,1965,LF,outfield,-0.5666666666666647,
Desmond Jennings,42.0,2029,1965,LF,outfield,-1.766666666666664,
John Buck,34.0,2017,2041,C,catcher,,-16.717241379310344
John Buck,35.0,2018,2041,C,catcher,,-17.917241379310344
John Buck,36.0,2019,2041,C,catcher,,-19.117241379310343
John Buck,37.0,2020,2041,C,catcher,,-20.317241379310346
John Buck,38.0,2021,2041,C,catcher,,-21.517241379310345
John Buck,39.0,2022,2041,C,catcher,,-22.717241379310344
John Buck,40.0,2023,2041,C,catcher,,-23.917241379310347
John Buck,41.0,2024,2041,C,catcher,,-25.117241379310343
John Buck,42.0,2025,2041,C,catcher,,-26.317241379310346
Jeff Baker,35.0,2017,2073,1B,infield,-25.03333333333333,
Jeff Baker,36.0,2018,2073,1B,infield,-26.23333333333333,
Jeff Baker,37.0,2019,2073,1B,infield,-27.43333333333333,
Jeff Baker,38.0,2020,2073,1B,infield,-28.633333333333333,
Jeff Baker,39.0,2021,2073,1B,infield,-29.833333333333332,
Jeff Baker,40.0,2022,2073,1B,infield,-31.03333333333333,
Jeff Baker,41.0,2023,2073,1B,infield,-32.233333333333334,
Jeff Baker,42.0,2024,2073,1B,infield,-33.43333333333333,
Jeff Baker,34.0,2017,2073,2B,infield,8.3,
Jeff Baker,35.0,2018,2073,2B,infield,7.1,
Jeff Baker,36.0,2019,2073,2B,infield,5.9,
Jeff Baker,37.0,2020,2073,2B,infield,4.7,
Jeff Baker,38.0,2021,2073,2B,infield,3.5,
Jeff Baker,39.0,2022,2073,2B,infield,2.3,
Jeff Baker,40.0,2023,2073,2B,infield,1.0999999999999996,
Jeff Baker,41.0,2024,2073,2B,infield,-0.09999999999999964,
Jeff Baker,42.0,2025,2073,2B,infield,-1.299999999999999,
Alex Rios,35.0,2017,2090,RF,outfield,-0.1333333333333333,
Alex Rios,36.0,2018,2090,RF,outfield,-1.3333333333333333,
Alex Rios,37.0,2019,2090,RF,outfield,-2.533333333333333,
Alex Rios,38.0,2020,2090,RF,outfield,-3.7333333333333334,
Alex Rios,39.0,2021,2090,RF,outfield,-4.933333333333334,
Alex Rios,40.0,2022,2090,RF,outfield,-6.133333333333334,
Alex Rios,41.0,2023,2090,RF,outfield,-7.333333333333334,
Alex Rios,42.0,2024,2090,RF,outfield,-8.533333333333333,
Josh Wilson,34.0,2017,2102,2B,infield,17.7,
Josh Wilson,35.0,2018,2102,2B,infield,16.5,
Josh Wilson,36.0,2019,2102,2B,infield,15.299999999999999,
Josh Wilson,37.0,2020,2102,2B,infield,14.099999999999998,
Josh Wilson,38.0,2021,2102,2B,infield,12.899999999999999,
Josh Wilson,39.0,2022,2102,2B,infield,11.7,
Josh Wilson,40.0,2023,2102,2B,infield,10.499999999999998,
Josh Wilson,41.0,2024,2102,2B,infield,9.299999999999999,
Josh Wilson,42.0,2025,2102,2B,infield,8.1,
Josh Willingham,36.0,2017,2103,LF,outfield,-2.9,
Josh Willingham,37.0,2018,2103,LF,outfield,-4.1,
Josh Willingham,38.0,2019,2103,LF,outfield,-5.3,
Josh Willingham,39.0,2020,2103,LF,outfield,-6.5,
Josh Willingham,40.0,2021,2103,LF,outfield,-7.7,
Josh Willingham,41.0,2022,2103,LF,outfield,-8.9,
Josh Willingham,42.0,2023,2103,LF,outfield,-10.1,
Ryan Doumit,34.0,2017,2113,LF,outfield,0.30000000000000004,
Ryan Doumit,35.0,2018,2113,LF,outfield,-0.8999999999999999,
Ryan Doumit,36.0,2019,2113,LF,outfield,-2.0999999999999996,
Ryan Doumit,37.0,2020,2113,LF,outfield,-3.3,
Ryan Doumit,38.0,2021,2113,LF,outfield,-4.5,
Ryan Doumit,39.0,2022,2113,LF,outfield,-5.7,
Ryan Doumit,40.0,2023,2113,LF,outfield,-6.9,
Ryan Doumit,41.0,2024,2113,LF,outfield,-8.1,
Ryan Doumit,42.0,2025,2113,LF,outfield,-9.299999999999999,
Ryan Doumit,34.0,2017,2113,RF,outfield,-19.4,
Ryan Doumit,35.0,2018,2113,RF,outfield,-20.599999999999998,
Ryan Doumit,36.0,2019,2113,RF,outfield,-21.799999999999997,
Ryan Doumit,37.0,2020,2113,RF,outfield,-23.0,
Ryan Doumit,38.0,2021,2113,RF,outfield,-24.2,
Ryan Doumit,39.0,2022,2113,RF,outfield,-25.4,
Ryan Doumit,40.0,2023,2113,RF,outfield,-26.6,
Ryan Doumit,41.0,2024,2113,RF,outfield,-27.799999999999997,
Ryan Doumit,42.0,2025,2113,RF,outfield,-29.0,
David Peralta,29.0,2017,2136,CF,outfield,1.1250000000000004,
David Peralta,30.0,2018,2136,CF,outfield,0.5250000000000006,
David Peralta,31.0,2019,2136,CF,outfield,-0.07499999999999929,
David Peralta,32.0,2020,2136,CF,outfield,-1.2749999999999995,
David Peralta,33.0,2021,2136,CF,outfield,-2.4749999999999996,
David Peralta,34.0,2022,2136,CF,outfield,-3.675,
David Peralta,35.0,2023,2136,CF,outfield,-4.875,
David Peralta,36.0,2024,2136,CF,outfield,-6.075,
David Peralta,37.0,2025,2136,CF,outfield,-7.2749999999999995,
David Peralta,38.0,2026,2136,CF,outfield,-8.474999999999998,
David Peralta,39.0,2027,2136,CF,outfield,-9.674999999999997,
David Peralta,40.0,2028,2136,CF,outfield,-10.874999999999996,
David Peralta,41.0,2029,2136,CF,outfield,-12.074999999999996,
David Peralta,42.0,2030,2136,CF,outfield,-13.274999999999995,
David Peralta,28.0,2017,2136,LF,outfield,-4.533333333333333,
David Peralta,29.0,2018,2136,LF,outfield,-5.133333333333334,
David Peralta,30.0,2019,2136,LF,outfield,-5.733333333333333,
David Peralta,31.0,2020,2136,LF,outfield,-6.333333333333334,
David Peralta,32.0,2021,2136,LF,outfield,-7.533333333333333,
David Peralta,33.0,2022,2136,LF,outfield,-8.733333333333334,
David Peralta,34.0,2023,2136,LF,outfield,-9.933333333333334,
David Peralta,35.0,2024,2136,LF,outfield,-11.133333333333333,
David Peralta,36.0,2025,2136,LF,outfield,-12.333333333333334,
David Peralta,37.0,2026,2136,LF,outfield,-13.533333333333333,
David Peralta,38.0,2027,2136,LF,outfield,-14.733333333333333,
David Peralta,39.0,2028,2136,LF,outfield,-15.933333333333332,
David Peralta,40.0,2029,2136,LF,outfield,-17.133333333333333,
David Peralta,41.0,2030,2136,LF,outfield,-18.33333333333333,
David Peralta,42.0,2031,2136,LF,outfield,-19.53333333333333,
David Peralta,29.0,2017,2136,RF,outfield,-4.966666666666667,
David Peralta,30.0,2018,2136,RF,outfield,-5.566666666666667,
David Peralta,31.0,2019,2136,RF,outfield,-6.166666666666667,
David Peralta,32.0,2020,2136,RF,outfield,-7.366666666666667,
David Peralta,33.0,2021,2136,RF,outfield,-8.566666666666666,
David Peralta,34.0,2022,2136,RF,outfield,-9.766666666666667,
David Peralta,35.0,2023,2136,RF,outfield,-10.966666666666669,
David Peralta,36.0,2024,2136,RF,outfield,-12.166666666666668,
David Peralta,37.0,2025,2136,RF,outfield,-13.366666666666667,
David Peralta,38.0,2026,2136,RF,outfield,-14.566666666666666,
David Peralta,39.0,2027,2136,RF,outfield,-15.766666666666666,
David Peralta,40.0,2028,2136,RF,outfield,-16.966666666666665,
David Peralta,41.0,2029,2136,RF,outfield,-18.166666666666664,
David Peralta,42.0,2030,2136,RF,outfield,-19.366666666666664,
Delmon Young,29.0,2017,2140,LF,outfield,-17.200000000000003,
Delmon Young,30.0,2018,2140,LF,outfield,-17.8,
Delmon Young,31.0,2019,2140,LF,outfield,-18.400000000000002,
Delmon Young,32.0,2020,2140,LF,outfield,-19.6,
Delmon Young,33.0,2021,2140,LF,outfield,-20.8,
Delmon Young,34.0,2022,2140,LF,outfield,-22.0,
Delmon Young,35.0,2023,2140,LF,outfield,-23.200000000000003,
Delmon Young,36.0,2024,2140,LF,outfield,-24.400000000000002,
Delmon Young,37.0,2025,2140,LF,outfield,-25.6,
Delmon Young,38.0,2026,2140,LF,outfield,-26.8,
Delmon Young,39.0,2027,2140,LF,outfield,-28.0,
Delmon Young,40.0,2028,2140,LF,outfield,-29.2,
Delmon Young,41.0,2029,2140,LF,outfield,-30.4,
Delmon Young,42.0,2030,2140,LF,outfield,-31.599999999999998,
Delmon Young,30.0,2017,2140,RF,outfield,-9.4,
Delmon Young,31.0,2018,2140,RF,outfield,-10.0,
Delmon Young,32.0,2019,2140,RF,outfield,-11.200000000000001,
Delmon Young,33.0,2020,2140,RF,outfield,-12.4,
Delmon Young,34.0,2021,2140,RF,outfield,-13.600000000000001,
Delmon Young,35.0,2022,2140,RF,outfield,-14.8,
Delmon Young,36.0,2023,2140,RF,outfield,-16.0,
Delmon Young,37.0,2024,2140,RF,outfield,-17.200000000000003,
Delmon Young,38.0,2025,2140,RF,outfield,-18.4,
Delmon Young,39.0,2026,2140,RF,outfield,-19.6,
Delmon Young,40.0,2027,2140,RF,outfield,-20.799999999999997,
Delmon Young,41.0,2028,2140,RF,outfield,-22.0,
Delmon Young,42.0,2029,2140,RF,outfield,-23.199999999999996,
Edwin Encarnacion,34.0,2017,2151,1B,infield,-0.06666666666666643,
Edwin Encarnacion,35.0,2018,2151,1B,infield,-1.2666666666666664,
Edwin Encarnacion,36.0,2019,2151,1B,infield,-2.466666666666666,
Edwin Encarnacion,37.0,2020,2151,1B,infield,-3.666666666666666,
Edwin Encarnacion,38.0,2021,2151,1B,infield,-4.866666666666666,
Edwin Encarnacion,39.0,2022,2151,1B,infield,-6.066666666666666,
Edwin Encarnacion,40.0,2023,2151,1B,infield,-7.266666666666667,
Edwin Encarnacion,41.0,2024,2151,1B,infield,-8.466666666666667,
Edwin Encarnacion,42.0,2025,2151,1B,infield,-9.666666666666666,
Ryan Howard,37.0,2017,2154,1B,infield,-6.833333333333334,
Ryan Howard,38.0,2018,2154,1B,infield,-8.033333333333333,
Ryan Howard,39.0,2019,2154,1B,infield,-9.233333333333334,
Ryan Howard,40.0,2020,2154,1B,infield,-10.433333333333334,
Ryan Howard,41.0,2021,2154,1B,infield,-11.633333333333333,
Ryan Howard,42.0,2022,2154,1B,infield,-12.833333333333334,
Jason Kubel,33.0,2017,2161,LF,outfield,-20.8,
Jason Kubel,34.0,2018,2161,LF,outfield,-22.0,
Jason Kubel,35.0,2019,2161,LF,outfield,-23.200000000000003,
Jason Kubel,36.0,2020,2161,LF,outfield,-24.400000000000002,
Jason Kubel,37.0,2021,2161,LF,outfield,-25.6,
Jason Kubel,38.0,2022,2161,LF,outfield,-26.8,
Jason Kubel,39.0,2023,2161,LF,outfield,-28.0,
Jason Kubel,40.0,2024,2161,LF,outfield,-29.200000000000003,
Jason Kubel,41.0,2025,2161,LF,outfield,-30.4,
Jason Kubel,42.0,2026,2161,LF,outfield,-31.6,
Dan Johnson,35.0,2017,2167,1B,infield,-22.099999999999998,
Dan Johnson,36.0,2018,2167,1B,infield,-23.299999999999997,
Dan Johnson,37.0,2019,2167,1B,infield,-24.5,
Dan Johnson,38.0,2020,2167,1B,infield,-25.7,
Dan Johnson,39.0,2021,2167,1B,infield,-26.9,
Dan Johnson,40.0,2022,2167,1B,infield,-28.099999999999998,
Dan Johnson,41.0,2023,2167,1B,infield,-29.299999999999997,
Dan Johnson,42.0,2024,2167,1B,infield,-30.5,
Grady Sizemore,32.0,2017,2197,CF,outfield,-14.1,
Grady Sizemore,33.0,2018,2197,CF,outfield,-15.3,
Grady Sizemore,34.0,2019,2197,CF,outfield,-16.5,
Grady Sizemore,35.0,2020,2197,CF,outfield,-17.7,
Grady Sizemore,36.0,2021,2197,CF,outfield,-18.9,
Grady Sizemore,37.0,2022,2197,CF,outfield,-20.1,
Grady Sizemore,38.0,2023,2197,CF,outfield,-21.3,
Grady Sizemore,39.0,2024,2197,CF,outfield,-22.5,
Grady Sizemore,40.0,2025,2197,CF,outfield,-23.7,
Grady Sizemore,41.0,2026,2197,CF,outfield,-24.9,
Grady Sizemore,42.0,2027,2197,CF,outfield,-26.099999999999998,
Grady Sizemore,33.0,2017,2197,LF,outfield,-18.166666666666668,
Grady Sizemore,34.0,2018,2197,LF,outfield,-19.366666666666667,
Grady Sizemore,35.0,2019,2197,LF,outfield,-20.56666666666667,
Grady Sizemore,36.0,2020,2197,LF,outfield,-21.76666666666667,
Grady Sizemore,37.0,2021,2197,LF,outfield,-22.96666666666667,
Grady Sizemore,38.0,2022,2197,LF,outfield,-24.166666666666668,
Grady Sizemore,39.0,2023,2197,LF,outfield,-25.366666666666667,
Grady Sizemore,40.0,2024,2197,LF,outfield,-26.56666666666667,
Grady Sizemore,41.0,2025,2197,LF,outfield,-27.766666666666666,
Grady Sizemore,42.0,2026,2197,LF,outfield,-28.96666666666667,
Grady Sizemore,33.0,2017,2197,RF,outfield,-6.666666666666666,
Grady Sizemore,34.0,2018,2197,RF,outfield,-7.866666666666665,
Grady Sizemore,35.0,2019,2197,RF,outfield,-9.066666666666666,
Grady Sizemore,36.0,2020,2197,RF,outfield,-10.266666666666666,
Grady Sizemore,37.0,2021,2197,RF,outfield,-11.466666666666665,
Grady Sizemore,38.0,2022,2197,RF,outfield,-12.666666666666666,
Grady Sizemore,39.0,2023,2197,RF,outfield,-13.866666666666667,
Grady Sizemore,40.0,2024,2197,RF,outfield,-15.066666666666666,
Grady Sizemore,41.0,2025,2197,RF,outfield,-16.266666666666666,
Grady Sizemore,42.0,2026,2197,RF,outfield,-17.466666666666665,
Don Kelly,37.0,2017,2216,1B,infield,3.8999999999999995,
Don Kelly,38.0,2018,2216,1B,infield,2.6999999999999997,
Don Kelly,39.0,2019,2216,1B,infield,1.5,
Don Kelly,40.0,2020,2216,1B,infield,0.2999999999999998,
Don Kelly,41.0,2021,2216,1B,infield,-0.9000000000000004,
Don Kelly,42.0,2022,2216,1B,infield,-2.1000000000000005,
Don Kelly,35.0,2017,2216,3B,infield,0.9000000000000001,
Don Kelly,36.0,2018,2216,3B,infield,-0.2999999999999998,
Don Kelly,37.0,2019,2216,3B,infield,-1.4999999999999996,
Don Kelly,38.0,2020,2216,3B,infield,-2.6999999999999997,
Don Kelly,39.0,2021,2216,3B,infield,-3.9,
Don Kelly,40.0,2022,2216,3B,infield,-5.1,
Don Kelly,41.0,2023,2216,3B,infield,-6.300000000000001,
Don Kelly,42.0,2024,2216,3B,infield,-7.5,
Don Kelly,35.0,2017,2216,CF,outfield,-19.099999999999998,
Don Kelly,36.0,2018,2216,CF,outfield,-20.299999999999997,
Don Kelly,37.0,2019,2216,CF,outfield,-21.5,
Don Kelly,38.0,2020,2216,CF,outfield,-22.7,
Don Kelly,39.0,2021,2216,CF,outfield,-23.9,
Don Kelly,40.0,2022,2216,CF,outfield,-25.099999999999998,
Don Kelly,41.0,2023,2216,CF,outfield,-26.299999999999997,
Don Kelly,42.0,2024,2216,CF,outfield,-27.5,
Don Kelly,35.0,2017,2216,LF,outfield,19.1,
Don Kelly,36.0,2018,2216,LF,outfield,17.900000000000002,
Don Kelly,37.0,2019,2216,LF,outfield,16.700000000000003,
Don Kelly,38.0,2020,2216,LF,outfield,15.5,
Don Kelly,39.0,2021,2216,LF,outfield,14.3,
Don Kelly,40.0,2022,2216,LF,outfield,13.100000000000001,
Don Kelly,41.0,2023,2216,LF,outfield,11.9,
Don Kelly,42.0,2024,2216,LF,outfield,10.700000000000001,
Don Kelly,35.0,2017,2216,RF,outfield,-24.599999999999998,
Don Kelly,36.0,2018,2216,RF,outfield,-25.799999999999997,
Don Kelly,37.0,2019,2216,RF,outfield,-27.0,
Don Kelly,38.0,2020,2216,RF,outfield,-28.2,
Don Kelly,39.0,2021,2216,RF,outfield,-29.4,
Don Kelly,40.0,2022,2216,RF,outfield,-30.599999999999998,
Don Kelly,41.0,2023,2216,RF,outfield,-31.799999999999997,
Don Kelly,42.0,2024,2216,RF,outfield,-33.0,
Ryan Raburn,36.0,2017,2218,LF,outfield,-9.749999999999998,
Ryan Raburn,37.0,2018,2218,LF,outfield,-10.95,
Ryan Raburn,38.0,2019,2218,LF,outfield,-12.149999999999999,
Ryan Raburn,39.0,2020,2218,LF,outfield,-13.349999999999998,
Ryan Raburn,40.0,2021,2218,LF,outfield,-14.549999999999999,
Ryan Raburn,41.0,2022,2218,LF,outfield,-15.75,
Ryan Raburn,42.0,2023,2218,LF,outfield,-16.95,
Ryan Raburn,35.0,2017,2218,RF,outfield,-11.333333333333332,
Ryan Raburn,36.0,2018,2218,RF,outfield,-12.533333333333333,
Ryan Raburn,37.0,2019,2218,RF,outfield,-13.733333333333333,
Ryan Raburn,38.0,2020,2218,RF,outfield,-14.933333333333334,
Ryan Raburn,39.0,2021,2218,RF,outfield,-16.133333333333333,
Ryan Raburn,40.0,2022,2218,RF,outfield,-17.333333333333332,
Ryan Raburn,41.0,2023,2218,RF,outfield,-18.53333333333333,
Ryan Raburn,42.0,2024,2218,RF,outfield,-19.733333333333334,
Jason Bourgeois,34.0,2017,2225,CF,outfield,-15.399999999999999,
Jason Bourgeois,35.0,2018,2225,CF,outfield,-16.599999999999998,
Jason Bourgeois,36.0,2019,2225,CF,outfield,-17.799999999999997,
Jason Bourgeois,37.0,2020,2225,CF,outfield,-19.0,
Jason Bourgeois,38.0,2021,2225,CF,outfield,-20.2,
Jason Bourgeois,39.0,2022,2225,CF,outfield,-21.4,
Jason Bourgeois,40.0,2023,2225,CF,outfield,-22.6,
Jason Bourgeois,41.0,2024,2225,CF,outfield,-23.799999999999997,
Jason Bourgeois,42.0,2025,2225,CF,outfield,-25.0,
Jason Bourgeois,34.0,2017,2225,LF,outfield,2.2,
Jason Bourgeois,35.0,2018,2225,LF,outfield,1.0,
Jason Bourgeois,36.0,2019,2225,LF,outfield,-0.19999999999999973,
Jason Bourgeois,37.0,2020,2225,LF,outfield,-1.4,
Jason Bourgeois,38.0,2021,2225,LF,outfield,-2.6,
Jason Bourgeois,39.0,2022,2225,LF,outfield,-3.8000000000000003,
Jason Bourgeois,40.0,2023,2225,LF,outfield,-5.0,
Jason Bourgeois,41.0,2024,2225,LF,outfield,-6.199999999999999,
Jason Bourgeois,42.0,2025,2225,LF,outfield,-7.399999999999999,
Kelly Johnson,34.0,2017,2234,1B,infield,-10.999999999999998,
Kelly Johnson,35.0,2018,2234,1B,infield,-12.2,
Kelly Johnson,36.0,2019,2234,1B,infield,-13.399999999999999,
Kelly Johnson,37.0,2020,2234,1B,infield,-14.599999999999998,
Kelly Johnson,38.0,2021,2234,1B,infield,-15.799999999999999,
Kelly Johnson,39.0,2022,2234,1B,infield,-17.0,
Kelly Johnson,40.0,2023,2234,1B,infield,-18.2,
Kelly Johnson,41.0,2024,2234,1B,infield,-19.4,
Kelly Johnson,42.0,2025,2234,1B,infield,-20.599999999999998,
Kelly Johnson,35.0,2017,2234,2B,infield,-9.766666666666667,
Kelly Johnson,36.0,2018,2234,2B,infield,-10.966666666666669,
Kelly Johnson,37.0,2019,2234,2B,infield,-12.166666666666668,
Kelly Johnson,38.0,2020,2234,2B,infield,-13.366666666666667,
Kelly Johnson,39.0,2021,2234,2B,infield,-14.566666666666668,
Kelly Johnson,40.0,2022,2234,2B,infield,-15.76666666666667,
Kelly Johnson,41.0,2023,2234,2B,infield,-16.96666666666667,
Kelly Johnson,42.0,2024,2234,2B,infield,-18.166666666666668,
Kelly Johnson,35.0,2017,2234,3B,infield,4.133333333333333,
Kelly Johnson,36.0,2018,2234,3B,infield,2.933333333333333,
Kelly Johnson,37.0,2019,2234,3B,infield,1.7333333333333334,
Kelly Johnson,38.0,2020,2234,3B,infield,0.5333333333333332,
Kelly Johnson,39.0,2021,2234,3B,infield,-0.666666666666667,
Kelly Johnson,40.0,2022,2234,3B,infield,-1.8666666666666671,
Kelly Johnson,41.0,2023,2234,3B,infield,-3.0666666666666673,
Kelly Johnson,42.0,2024,2234,3B,infield,-4.266666666666667,
Kelly Johnson,35.0,2017,2234,LF,outfield,-6.0,
Kelly Johnson,36.0,2018,2234,LF,outfield,-7.199999999999999,
Kelly Johnson,37.0,2019,2234,LF,outfield,-8.399999999999999,
Kelly Johnson,38.0,2020,2234,LF,outfield,-9.6,
Kelly Johnson,39.0,2021,2234,LF,outfield,-10.8,
Kelly Johnson,40.0,2022,2234,LF,outfield,-12.0,
Kelly Johnson,41.0,2023,2234,LF,outfield,-13.2,
Kelly Johnson,42.0,2024,2234,LF,outfield,-14.399999999999999,
Hector Gomez,28.0,2017,2264,2B,infield,4.1000000000000005,
Hector Gomez,29.0,2018,2264,2B,infield,3.5,
Hector Gomez,30.0,2019,2264,2B,infield,2.9000000000000004,
Hector Gomez,31.0,2020,2264,2B,infield,2.3000000000000003,
Hector Gomez,32.0,2021,2264,2B,infield,1.1000000000000005,
Hector Gomez,33.0,2022,2264,2B,infield,-0.09999999999999964,
Hector Gomez,34.0,2023,2264,2B,infield,-1.2999999999999998,
Hector Gomez,35.0,2024,2264,2B,infield,-2.5,
Hector Gomez,36.0,2025,2264,2B,infield,-3.7,
Hector Gomez,37.0,2026,2264,2B,infield,-4.8999999999999995,
Hector Gomez,38.0,2027,2264,2B,infield,-6.099999999999999,
Hector Gomez,39.0,2028,2264,2B,infield,-7.299999999999998,
Hector Gomez,40.0,2029,2264,2B,infield,-8.499999999999996,
Hector Gomez,41.0,2030,2264,2B,infield,-9.699999999999996,
Hector Gomez,42.0,2031,2264,2B,infield,-10.899999999999995,
Hector Gomez,28.0,2017,2264,SS,infield,-20.900000000000002,
Hector Gomez,29.0,2018,2264,SS,infield,-21.5,
Hector Gomez,30.0,2019,2264,SS,infield,-22.1,
Hector Gomez,31.0,2020,2264,SS,infield,-22.7,
Hector Gomez,32.0,2021,2264,SS,infield,-23.9,
Hector Gomez,33.0,2022,2264,SS,infield,-25.1,
Hector Gomez,34.0,2023,2264,SS,infield,-26.3,
Hector Gomez,35.0,2024,2264,SS,infield,-27.5,
Hector Gomez,36.0,2025,2264,SS,infield,-28.700000000000003,
Hector Gomez,37.0,2026,2264,SS,infield,-29.9,
Hector Gomez,38.0,2027,2264,SS,infield,-31.1,
Hector Gomez,39.0,2028,2264,SS,infield,-32.3,
Hector Gomez,40.0,2029,2264,SS,infield,-33.5,
Hector Gomez,41.0,2030,2264,SS,infield,-34.699999999999996,
Hector Gomez,42.0,2031,2264,SS,infield,-35.9,
Carlos Santana,31.0,2017,2396,1B,infield,1.1333333333333333,
Carlos Santana,32.0,2018,2396,1B,infield,-0.06666666666666665,
Carlos Santana,33.0,2019,2396,1B,infield,-1.2666666666666668,
Carlos Santana,34.0,2020,2396,1B,infield,-2.466666666666667,
Carlos Santana,35.0,2021,2396,1B,infield,-3.666666666666667,
Carlos Santana,36.0,2022,2396,1B,infield,-4.866666666666667,
Carlos Santana,37.0,2023,2396,1B,infield,-6.066666666666667,
Carlos Santana,38.0,2024,2396,1B,infield,-7.266666666666667,
Carlos Santana,39.0,2025,2396,1B,infield,-8.466666666666667,
Carlos Santana,40.0,2026,2396,1B,infield,-9.666666666666666,
Carlos Santana,41.0,2027,2396,1B,infield,-10.866666666666665,
Carlos Santana,42.0,2028,2396,1B,infield,-12.066666666666665,
Carlos Santana,29.0,2017,2396,3B,infield,-30.700000000000003,
Carlos Santana,30.0,2018,2396,3B,infield,-31.3,
Carlos Santana,31.0,2019,2396,3B,infield,-31.900000000000002,
Carlos Santana,32.0,2020,2396,3B,infield,-33.1,
Carlos Santana,33.0,2021,2396,3B,infield,-34.300000000000004,
Carlos Santana,34.0,2022,2396,3B,infield,-35.5,
Carlos Santana,35.0,2023,2396,3B,infield,-36.7,
Carlos Santana,36.0,2024,2396,3B,infield,-37.900000000000006,
Carlos Santana,37.0,2025,2396,3B,infield,-39.1,
Carlos Santana,38.0,2026,2396,3B,infield,-40.3,
Carlos Santana,39.0,2027,2396,3B,infield,-41.5,
Carlos Santana,40.0,2028,2396,3B,infield,-42.7,
Carlos Santana,41.0,2029,2396,3B,infield,-43.9,
Carlos Santana,42.0,2030,2396,3B,infield,-45.099999999999994,
Carlos Santana,29.0,2017,2396,C,catcher,,-0.6
Carlos Santana,30.0,2018,2396,C,catcher,,-1.2
Carlos Santana,31.0,2019,2396,C,catcher,,-1.7999999999999998
Carlos Santana,32.0,2020,2396,C,catcher,,-3.0
Carlos Santana,33.0,2021,2396,C,catcher,,-4.2
Carlos Santana,34.0,2022,2396,C,catcher,,-5.4
Carlos Santana,35.0,2023,2396,C,catcher,,-6.6000000000000005
Carlos Santana,36.0,2024,2396,C,catcher,,-7.800000000000001
Carlos Santana,37.0,2025,2396,C,catcher,,-9.0
Carlos Santana,38.0,2026,2396,C,catcher,,-10.2
Carlos Santana,39.0,2027,2396,C,catcher,,-11.399999999999999
Carlos Santana,40.0,2028,2396,C,catcher,,-12.599999999999998
Carlos Santana,41.0,2029,2396,C,catcher,,-13.799999999999997
Carlos Santana,42.0,2030,2396,C,catcher,,-14.999999999999996
Jose Tabata,26.0,2017,2411,LF,outfield,-10.9,
Jose Tabata,27.0,2018,2411,LF,outfield,-11.5,
Jose Tabata,28.0,2019,2411,LF,outfield,-12.1,
Jose Tabata,29.0,2020,2411,LF,outfield,-12.7,
Jose Tabata,30.0,2021,2411,LF,outfield,-13.3,
Jose Tabata,31.0,2022,2411,LF,outfield,-13.9,
Jose Tabata,32.0,2023,2411,LF,outfield,-15.100000000000001,
Jose Tabata,33.0,2024,2411,LF,outfield,-16.3,
Jose Tabata,34.0,2025,2411,LF,outfield,-17.5,
Jose Tabata,35.0,2026,2411,LF,outfield,-18.700000000000003,
Jose Tabata,36.0,2027,2411,LF,outfield,-19.9,
Jose Tabata,37.0,2028,2411,LF,outfield,-21.1,
Jose Tabata,38.0,2029,2411,LF,outfield,-22.299999999999997,
Jose Tabata,39.0,2030,2411,LF,outfield,-23.5,
Jose Tabata,40.0,2031,2411,LF,outfield,-24.699999999999996,
Jose Tabata,26.0,2017,2411,RF,outfield,-13.8,
Jose Tabata,27.0,2018,2411,RF,outfield,-14.4,
Jose Tabata,28.0,2019,2411,RF,outfield,-15.0,
Jose Tabata,29.0,2020,2411,RF,outfield,-15.600000000000001,
Jose Tabata,30.0,2021,2411,RF,outfield,-16.2,
Jose Tabata,31.0,2022,2411,RF,outfield,-16.8,
Jose Tabata,32.0,2023,2411,RF,outfield,-18.0,
Jose Tabata,33.0,2024,2411,RF,outfield,-19.200000000000003,
Jose Tabata,34.0,2025,2411,RF,outfield,-20.400000000000002,
Jose Tabata,35.0,2026,2411,RF,outfield,-21.6,
Jose Tabata,36.0,2027,2411,RF,outfield,-22.8,
Jose Tabata,37.0,2028,2411,RF,outfield,-24.0,
Jose Tabata,38.0,2029,2411,RF,outfield,-25.2,
Jose Tabata,39.0,2030,2411,RF,outfield,-26.4,
Jose Tabata,40.0,2031,2411,RF,outfield,-27.599999999999998,
Darwin Barney,31.0,2017,2430,2B,infield,-13.683333333333334,
Darwin Barney,32.0,2018,2430,2B,infield,-14.883333333333333,
Darwin Barney,33.0,2019,2430,2B,infield,-16.083333333333336,
Darwin Barney,34.0,2020,2430,2B,infield,-17.283333333333335,
Darwin Barney,35.0,2021,2430,2B,infield,-18.483333333333334,
Darwin Barney,36.0,2022,2430,2B,infield,-19.683333333333334,
Darwin Barney,37.0,2023,2430,2B,infield,-20.883333333333333,
Darwin Barney,38.0,2024,2430,2B,infield,-22.083333333333336,
Darwin Barney,39.0,2025,2430,2B,infield,-23.28333333333333,
Darwin Barney,40.0,2026,2430,2B,infield,-24.483333333333334,
Darwin Barney,41.0,2027,2430,2B,infield,-25.68333333333333,
Darwin Barney,42.0,2028,2430,2B,infield,-26.883333333333333,
Darwin Barney,31.0,2017,2430,3B,infield,1.6999999999999997,
Darwin Barney,32.0,2018,2430,3B,infield,0.5,
Darwin Barney,33.0,2019,2430,3B,infield,-0.7000000000000002,
Darwin Barney,34.0,2020,2430,3B,infield,-1.9000000000000004,
Darwin Barney,35.0,2021,2430,3B,infield,-3.1000000000000005,
Darwin Barney,36.0,2022,2430,3B,infield,-4.300000000000001,
Darwin Barney,37.0,2023,2430,3B,infield,-5.500000000000001,
Darwin Barney,38.0,2024,2430,3B,infield,-6.7,
Darwin Barney,39.0,2025,2430,3B,infield,-7.8999999999999995,
Darwin Barney,40.0,2026,2430,3B,infield,-9.099999999999998,
Darwin Barney,41.0,2027,2430,3B,infield,-10.299999999999997,
Darwin Barney,42.0,2028,2430,3B,infield,-11.499999999999996,
Darwin Barney,31.0,2017,2430,SS,infield,16.4,
Darwin Barney,32.0,2018,2430,SS,infield,15.2,
Darwin Barney,33.0,2019,2430,SS,infield,14.0,
Darwin Barney,34.0,2020,2430,SS,infield,12.8,
Darwin Barney,35.0,2021,2430,SS,infield,11.6,
Darwin Barney,36.0,2022,2430,SS,infield,10.399999999999999,
Darwin Barney,37.0,2023,2430,SS,infield,9.2,
Darwin Barney,38.0,2024,2430,SS,infield,8.0,
Darwin Barney,39.0,2025,2430,SS,infield,6.800000000000001,
Darwin Barney,40.0,2026,2430,SS,infield,5.600000000000001,
Darwin Barney,41.0,2027,2430,SS,infield,4.400000000000002,
Darwin Barney,42.0,2028,2430,SS,infield,3.200000000000003,
Nelson Cruz,34.0,2017,2434,LF,outfield,9.700000000000001,
Nelson Cruz,35.0,2018,2434,LF,outfield,8.5,
Nelson Cruz,36.0,2019,2434,LF,outfield,7.300000000000001,
Nelson Cruz,37.0,2020,2434,LF,outfield,6.1000000000000005,
Nelson Cruz,38.0,2021,2434,LF,outfield,4.9,
Nelson Cruz,39.0,2022,2434,LF,outfield,3.7,
Nelson Cruz,40.0,2023,2434,LF,outfield,2.5,
Nelson Cruz,41.0,2024,2434,LF,outfield,1.3000000000000007,
Nelson Cruz,42.0,2025,2434,LF,outfield,0.10000000000000142,
Nelson Cruz,36.0,2017,2434,RF,outfield,-6.283333333333333,
Nelson Cruz,37.0,2018,2434,RF,outfield,-7.4833333333333325,
Nelson Cruz,38.0,2019,2434,RF,outfield,-8.683333333333334,
Nelson Cruz,39.0,2020,2434,RF,outfield,-9.883333333333333,
Nelson Cruz,40.0,2021,2434,RF,outfield,-11.083333333333332,
Nelson Cruz,41.0,2022,2434,RF,outfield,-12.283333333333333,
Nelson Cruz,42.0,2023,2434,RF,outfield,-13.483333333333334,
Maicer Izturis,34.0,2017,2437,2B,infield,27.1,
Maicer Izturis,35.0,2018,2437,2B,infield,25.900000000000002,
Maicer Izturis,36.0,2019,2437,2B,infield,24.700000000000003,
Maicer Izturis,37.0,2020,2437,2B,infield,23.5,
Maicer Izturis,38.0,2021,2437,2B,infield,22.3,
Maicer Izturis,39.0,2022,2437,2B,infield,21.1,
Maicer Izturis,40.0,2023,2437,2B,infield,19.9,
Maicer Izturis,41.0,2024,2437,2B,infield,18.700000000000003,
Maicer Izturis,42.0,2025,2437,2B,infield,17.5,
Pedro Alvarez,29.0,2017,2495,1B,infield,-23.700000000000003,
Pedro Alvarez,30.0,2018,2495,1B,infield,-24.3,
Pedro Alvarez,31.0,2019,2495,1B,infield,-24.900000000000002,
Pedro Alvarez,32.0,2020,2495,1B,infield,-26.1,
Pedro Alvarez,33.0,2021,2495,1B,infield,-27.3,
Pedro Alvarez,34.0,2022,2495,1B,infield,-28.5,
Pedro Alvarez,35.0,2023,2495,1B,infield,-29.700000000000003,
Pedro Alvarez,36.0,2024,2495,1B,infield,-30.900000000000002,
Pedro Alvarez,37.0,2025,2495,1B,infield,-32.1,
Pedro Alvarez,38.0,2026,2495,1B,infield,-33.3,
Pedro Alvarez,39.0,2027,2495,1B,infield,-34.5,
Pedro Alvarez,40.0,2028,2495,1B,infield,-35.7,
Pedro Alvarez,41.0,2029,2495,1B,infield,-36.9,
Pedro Alvarez,42.0,2030,2495,1B,infield,-38.099999999999994,
Pedro Alvarez,30.0,2017,2495,3B,infield,-66.475,
Pedro Alvarez,31.0,2018,2495,3B,infield,-67.075,
Pedro Alvarez,32.0,2019,2495,3B,infield,-68.275,
Pedro Alvarez,33.0,2020,2495,3B,infield,-69.475,
Pedro Alvarez,34.0,2021,2495,3B,infield,-70.675,
Pedro Alvarez,35.0,2022,2495,3B,infield,-71.875,
Pedro Alvarez,36.0,2023,2495,3B,infield,-73.075,
Pedro Alvarez,37.0,2024,2495,3B,infield,-74.275,
Pedro Alvarez,38.0,2025,2495,3B,infield,-75.475,
Pedro Alvarez,39.0,2026,2495,3B,infield,-76.675,
Pedro Alvarez,40.0,2027,2495,3B,infield,-77.875,
Pedro Alvarez,41.0,2028,2495,3B,infield,-79.075,
Pedro Alvarez,42.0,2029,2495,3B,infield,-80.27499999999999,
Jemile Weeks,30.0,2017,2498,2B,infield,11.625000000000002,
Jemile Weeks,31.0,2018,2498,2B,infield,11.025000000000002,
Jemile Weeks,32.0,2019,2498,2B,infield,9.825000000000001,
Jemile Weeks,33.0,2020,2498,2B,infield,8.625000000000002,
Jemile Weeks,34.0,2021,2498,2B,infield,7.425000000000002,
Jemile Weeks,35.0,2022,2498,2B,infield,6.225000000000001,
Jemile Weeks,36.0,2023,2498,2B,infield,5.025000000000001,
Jemile Weeks,37.0,2024,2498,2B,infield,3.825000000000001,
Jemile Weeks,38.0,2025,2498,2B,infield,2.6250000000000018,
Jemile Weeks,39.0,2026,2498,2B,infield,1.4250000000000025,
Jemile Weeks,40.0,2027,2498,2B,infield,0.2250000000000032,
Jemile Weeks,41.0,2028,2498,2B,infield,-0.9749999999999961,
Jemile Weeks,42.0,2029,2498,2B,infield,-2.1749999999999954,
Lucas Duda,31.0,2017,2502,1B,infield,-0.03333333333333344,
Lucas Duda,32.0,2018,2502,1B,infield,-1.2333333333333334,
Lucas Duda,33.0,2019,2502,1B,infield,-2.4333333333333336,
Lucas Duda,34.0,2020,2502,1B,infield,-3.6333333333333337,
Lucas Duda,35.0,2021,2502,1B,infield,-4.833333333333334,
Lucas Duda,36.0,2022,2502,1B,infield,-6.033333333333334,
Lucas Duda,37.0,2023,2502,1B,infield,-7.233333333333334,
Lucas Duda,38.0,2024,2502,1B,infield,-8.433333333333334,
Lucas Duda,39.0,2025,2502,1B,infield,-9.633333333333333,
Lucas Duda,40.0,2026,2502,1B,infield,-10.833333333333332,
Lucas Duda,41.0,2027,2502,1B,infield,-12.033333333333331,
Lucas Duda,42.0,2028,2502,1B,infield,-13.23333333333333,
Hank Conger,29.0,2017,2505,C,catcher,,-5.724714538296941
Hank Conger,30.0,2018,2505,C,catcher,,-6.324714538296941
Hank Conger,31.0,2019,2505,C,catcher,,-6.924714538296941
Hank Conger,32.0,2020,2505,C,catcher,,-8.124714538296942
Hank Conger,33.0,2021,2505,C,catcher,,-9.324714538296941
Hank Conger,34.0,2022,2505,C,catcher,,-10.52471453829694
Hank Conger,35.0,2023,2505,C,catcher,,-11.724714538296942
Hank Conger,36.0,2024,2505,C,catcher,,-12.924714538296943
Hank Conger,37.0,2025,2505,C,catcher,,-14.124714538296942
Hank Conger,38.0,2026,2505,C,catcher,,-15.324714538296941
Hank Conger,39.0,2027,2505,C,catcher,,-16.52471453829694
Hank Conger,40.0,2028,2505,C,catcher,,-17.72471453829694
Hank Conger,41.0,2029,2505,C,catcher,,-18.92471453829694
Hank Conger,42.0,2030,2505,C,catcher,,-20.12471453829694
Yonder Alonso,30.0,2017,2530,1B,infield,1.3333333333333335,
Yonder Alonso,31.0,2018,2530,1B,infield,0.7333333333333334,
Yonder Alonso,32.0,2019,2530,1B,infield,-0.46666666666666656,
Yonder Alonso,33.0,2020,2530,1B,infield,-1.6666666666666663,
Yonder Alonso,34.0,2021,2530,1B,infield,-2.8666666666666663,
Yonder Alonso,35.0,2022,2530,1B,infield,-4.066666666666666,
Yonder Alonso,36.0,2023,2530,1B,infield,-5.266666666666667,
Yonder Alonso,37.0,2024,2530,1B,infield,-6.466666666666667,
Yonder Alonso,38.0,2025,2530,1B,infield,-7.666666666666666,
Yonder Alonso,39.0,2026,2530,1B,infield,-8.866666666666665,
Yonder Alonso,40.0,2027,2530,1B,infield,-10.066666666666665,
Yonder Alonso,41.0,2028,2530,1B,infield,-11.266666666666664,
Yonder Alonso,42.0,2029,2530,1B,infield,-12.466666666666663,
Pete Kozma,28.0,2017,2539,2B,infield,2.1999999999999997,
Pete Kozma,29.0,2018,2539,2B,infield,1.5999999999999999,
Pete Kozma,30.0,2019,2539,2B,infield,1.0,
Pete Kozma,31.0,2020,2539,2B,infield,0.3999999999999999,
Pete Kozma,32.0,2021,2539,2B,infield,-0.7999999999999998,
Pete Kozma,33.0,2022,2539,2B,infield,-2.0,
Pete Kozma,34.0,2023,2539,2B,infield,-3.2,
Pete Kozma,35.0,2024,2539,2B,infield,-4.4,
Pete Kozma,36.0,2025,2539,2B,infield,-5.6000000000000005,
Pete Kozma,37.0,2026,2539,2B,infield,-6.8,
Pete Kozma,38.0,2027,2539,2B,infield,-7.999999999999999,
Pete Kozma,39.0,2028,2539,2B,infield,-9.2,
Pete Kozma,40.0,2029,2539,2B,infield,-10.399999999999999,
Pete Kozma,41.0,2030,2539,2B,infield,-11.599999999999998,
Pete Kozma,42.0,2031,2539,2B,infield,-12.799999999999997,
Pete Kozma,28.0,2017,2539,3B,infield,-1.4,
Pete Kozma,29.0,2018,2539,3B,infield,-2.0,
Pete Kozma,30.0,2019,2539,3B,infield,-2.5999999999999996,
Pete Kozma,31.0,2020,2539,3B,infield,-3.2,
Pete Kozma,32.0,2021,2539,3B,infield,-4.3999999999999995,
Pete Kozma,33.0,2022,2539,3B,infield,-5.6,
Pete Kozma,34.0,2023,2539,3B,infield,-6.8,
Pete Kozma,35.0,2024,2539,3B,infield,-8.0,
Pete Kozma,36.0,2025,2539,3B,infield,-9.200000000000001,
Pete Kozma,37.0,2026,2539,3B,infield,-10.4,
Pete Kozma,38.0,2027,2539,3B,infield,-11.6,
Pete Kozma,39.0,2028,2539,3B,infield,-12.799999999999999,
Pete Kozma,40.0,2029,2539,3B,infield,-13.999999999999998,
Pete Kozma,41.0,2030,2539,3B,infield,-15.199999999999998,
Pete Kozma,42.0,2031,2539,3B,infield,-16.399999999999995,
Pete Kozma,28.0,2017,2539,SS,infield,5.4,
Pete Kozma,29.0,2018,2539,SS,infield,4.8,
Pete Kozma,30.0,2019,2539,SS,infield,4.2,
Pete Kozma,31.0,2020,2539,SS,infield,3.6,
Pete Kozma,32.0,2021,2539,SS,infield,2.4000000000000004,
Pete Kozma,33.0,2022,2539,SS,infield,1.2000000000000002,
Pete Kozma,34.0,2023,2539,SS,infield,0.0,
Pete Kozma,35.0,2024,2539,SS,infield,-1.2000000000000002,
Pete Kozma,36.0,2025,2539,SS,infield,-2.4000000000000004,
Pete Kozma,37.0,2026,2539,SS,infield,-3.5999999999999996,
Pete Kozma,38.0,2027,2539,SS,infield,-4.799999999999999,
Pete Kozma,39.0,2028,2539,SS,infield,-5.999999999999998,
Pete Kozma,40.0,2029,2539,SS,infield,-7.1999999999999975,
Pete Kozma,41.0,2030,2539,SS,infield,-8.399999999999997,
Pete Kozma,42.0,2031,2539,SS,infield,-9.599999999999996,
Chris Parmelee,28.0,2017,2554,1B,infield,6.133333333333334,
Chris Parmelee,29.0,2018,2554,1B,infield,5.533333333333333,
Chris Parmelee,30.0,2019,2554,1B,infield,4.933333333333334,
Chris Parmelee,31.0,2020,2554,1B,infield,4.333333333333334,
Chris Parmelee,32.0,2021,2554,1B,infield,3.1333333333333337,
Chris Parmelee,33.0,2022,2554,1B,infield,1.9333333333333336,
Chris Parmelee,34.0,2023,2554,1B,infield,0.7333333333333334,
Chris Parmelee,35.0,2024,2554,1B,infield,-0.4666666666666668,
Chris Parmelee,36.0,2025,2554,1B,infield,-1.666666666666667,
Chris Parmelee,37.0,2026,2554,1B,infield,-2.8666666666666663,
Chris Parmelee,38.0,2027,2554,1B,infield,-4.0666666666666655,
Chris Parmelee,39.0,2028,2554,1B,infield,-5.266666666666665,
Chris Parmelee,40.0,2029,2554,1B,infield,-6.466666666666664,
Chris Parmelee,41.0,2030,2554,1B,infield,-7.666666666666663,
Chris Parmelee,42.0,2031,2554,1B,infield,-8.866666666666664,
Chris Parmelee,27.0,2017,2554,LF,outfield,17.9,
Chris Parmelee,28.0,2018,2554,LF,outfield,17.3,
Chris Parmelee,29.0,2019,2554,LF,outfield,16.7,
Chris Parmelee,30.0,2020,2554,LF,outfield,16.1,
Chris Parmelee,31.0,2021,2554,LF,outfield,15.5,
Chris Parmelee,32.0,2022,2554,LF,outfield,14.3,
Chris Parmelee,33.0,2023,2554,LF,outfield,13.1,
Chris Parmelee,34.0,2024,2554,LF,outfield,11.899999999999999,
Chris Parmelee,35.0,2025,2554,LF,outfield,10.7,
Chris Parmelee,36.0,2026,2554,LF,outfield,9.5,
Chris Parmelee,37.0,2027,2554,LF,outfield,8.3,
Chris Parmelee,38.0,2028,2554,LF,outfield,7.100000000000001,
Chris Parmelee,39.0,2029,2554,LF,outfield,5.900000000000002,
Chris Parmelee,40.0,2030,2554,LF,outfield,4.700000000000003,
Chris Parmelee,41.0,2031,2554,LF,outfield,3.5000000000000036,
Chris Parmelee,28.0,2017,2554,RF,outfield,-9.966666666666667,
Chris Parmelee,29.0,2018,2554,RF,outfield,-10.566666666666666,
Chris Parmelee,30.0,2019,2554,RF,outfield,-11.166666666666668,
Chris Parmelee,31.0,2020,2554,RF,outfield,-11.766666666666667,
Chris Parmelee,32.0,2021,2554,RF,outfield,-12.966666666666667,
Chris Parmelee,33.0,2022,2554,RF,outfield,-14.166666666666668,
Chris Parmelee,34.0,2023,2554,RF,outfield,-15.366666666666667,
Chris Parmelee,35.0,2024,2554,RF,outfield,-16.566666666666666,
Chris Parmelee,36.0,2025,2554,RF,outfield,-17.766666666666666,
Chris Parmelee,37.0,2026,2554,RF,outfield,-18.96666666666667,
Chris Parmelee,38.0,2027,2554,RF,outfield,-20.166666666666664,
Chris Parmelee,39.0,2028,2554,RF,outfield,-21.366666666666667,
Chris Parmelee,40.0,2029,2554,RF,outfield,-22.566666666666663,
Chris Parmelee,41.0,2030,2554,RF,outfield,-23.766666666666666,
Chris Parmelee,42.0,2031,2554,RF,outfield,-24.96666666666666,
Peter Bourjos,30.0,2017,2578,CF,outfield,6.766666666666667,
Peter Bourjos,31.0,2018,2578,CF,outfield,6.166666666666666,
Peter Bourjos,32.0,2019,2578,CF,outfield,4.966666666666667,
Peter Bourjos,33.0,2020,2578,CF,outfield,3.7666666666666666,
Peter Bourjos,34.0,2021,2578,CF,outfield,2.5666666666666664,
Peter Bourjos,35.0,2022,2578,CF,outfield,1.3666666666666663,
Peter Bourjos,36.0,2023,2578,CF,outfield,0.16666666666666607,
Peter Bourjos,37.0,2024,2578,CF,outfield,-1.033333333333334,
Peter Bourjos,38.0,2025,2578,CF,outfield,-2.2333333333333334,
Peter Bourjos,39.0,2026,2578,CF,outfield,-3.4333333333333327,
Peter Bourjos,40.0,2027,2578,CF,outfield,-4.633333333333332,
Peter Bourjos,41.0,2028,2578,CF,outfield,-5.833333333333331,
Peter Bourjos,42.0,2029,2578,CF,outfield,-7.0333333333333306,
Peter Bourjos,30.0,2017,2578,RF,outfield,1.6,
Peter Bourjos,31.0,2018,2578,RF,outfield,1.0000000000000002,
Peter Bourjos,32.0,2019,2578,RF,outfield,-0.19999999999999973,
Peter Bourjos,33.0,2020,2578,RF,outfield,-1.3999999999999995,
Peter Bourjos,34.0,2021,2578,RF,outfield,-2.5999999999999996,
Peter Bourjos,35.0,2022,2578,RF,outfield,-3.8,
Peter Bourjos,36.0,2023,2578,RF,outfield,-5.0,
Peter Bourjos,37.0,2024,2578,RF,outfield,-6.2,
Peter Bourjos,38.0,2025,2578,RF,outfield,-7.3999999999999995,
Peter Bourjos,39.0,2026,2578,RF,outfield,-8.599999999999998,
Peter Bourjos,40.0,2027,2578,RF,outfield,-9.799999999999997,
Peter Bourjos,41.0,2028,2578,RF,outfield,-10.999999999999996,
Peter Bourjos,42.0,2029,2578,RF,outfield,-12.199999999999996,
Carlos Ruiz,38.0,2017,2579,C,catcher,,0.22379220398427124
Carlos Ruiz,39.0,2018,2579,C,catcher,,-0.9762077960157287
Carlos Ruiz,40.0,2019,2579,C,catcher,,-2.1762077960157287
Carlos Ruiz,41.0,2020,2579,C,catcher,,-3.376207796015729
Carlos Ruiz,42.0,2021,2579,C,catcher,,-4.576207796015729
Michael Taylor,29.0,2017,2591,LF,outfield,-0.09999999999999998,
Michael Taylor,30.0,2018,2591,LF,outfield,-0.7,
Michael Taylor,31.0,2019,2591,LF,outfield,-1.2999999999999998,
Michael Taylor,32.0,2020,2591,LF,outfield,-2.5,
Michael Taylor,33.0,2021,2591,LF,outfield,-3.7,
Michael Taylor,34.0,2022,2591,LF,outfield,-4.9,
Michael Taylor,35.0,2023,2591,LF,outfield,-6.1000000000000005,
Michael Taylor,36.0,2024,2591,LF,outfield,-7.300000000000001,
Michael Taylor,37.0,2025,2591,LF,outfield,-8.5,
Michael Taylor,38.0,2026,2591,LF,outfield,-9.7,
Michael Taylor,39.0,2027,2591,LF,outfield,-10.899999999999999,
Michael Taylor,40.0,2028,2591,LF,outfield,-12.099999999999998,
Michael Taylor,41.0,2029,2591,LF,outfield,-13.299999999999997,
Michael Taylor,42.0,2030,2591,LF,outfield,-14.499999999999996,
Zack Cozart,31.0,2017,2616,SS,infield,7.166666666666666,
Zack Cozart,32.0,2018,2616,SS,infield,5.966666666666666,
Zack Cozart,33.0,2019,2616,SS,infield,4.766666666666666,
Zack Cozart,34.0,2020,2616,SS,infield,3.5666666666666655,
Zack Cozart,35.0,2021,2616,SS,infield,2.3666666666666654,
Zack Cozart,36.0,2022,2616,SS,infield,1.1666666666666652,
Zack Cozart,37.0,2023,2616,SS,infield,-0.03333333333333499,
Zack Cozart,38.0,2024,2616,SS,infield,-1.2333333333333343,
Zack Cozart,39.0,2025,2616,SS,infield,-2.4333333333333336,
Zack Cozart,40.0,2026,2616,SS,infield,-3.633333333333333,
Zack Cozart,41.0,2027,2616,SS,infield,-4.833333333333332,
Zack Cozart,42.0,2028,2616,SS,infield,-6.033333333333331,
Brandon Guyer,31.0,2017,2636,CF,outfield,-3.85,
Brandon Guyer,32.0,2018,2636,CF,outfield,-5.05,
Brandon Guyer,33.0,2019,2636,CF,outfield,-6.25,
Brandon Guyer,34.0,2020,2636,CF,outfield,-7.45,
Brandon Guyer,35.0,2021,2636,CF,outfield,-8.65,
Brandon Guyer,36.0,2022,2636,CF,outfield,-9.850000000000001,
Brandon Guyer,37.0,2023,2636,CF,outfield,-11.05,
Brandon Guyer,38.0,2024,2636,CF,outfield,-12.25,
Brandon Guyer,39.0,2025,2636,CF,outfield,-13.45,
Brandon Guyer,40.0,2026,2636,CF,outfield,-14.649999999999999,
Brandon Guyer,41.0,2027,2636,CF,outfield,-15.849999999999998,
Brandon Guyer,42.0,2028,2636,CF,outfield,-17.049999999999997,
Brandon Guyer,31.0,2017,2636,LF,outfield,0.8833333333333334,
Brandon Guyer,32.0,2018,2636,LF,outfield,-0.31666666666666643,
Brandon Guyer,33.0,2019,2636,LF,outfield,-1.5166666666666666,
Brandon Guyer,34.0,2020,2636,LF,outfield,-2.716666666666667,
Brandon Guyer,35.0,2021,2636,LF,outfield,-3.916666666666667,
Brandon Guyer,36.0,2022,2636,LF,outfield,-5.116666666666667,
Brandon Guyer,37.0,2023,2636,LF,outfield,-6.316666666666667,
Brandon Guyer,38.0,2024,2636,LF,outfield,-7.516666666666667,
Brandon Guyer,39.0,2025,2636,LF,outfield,-8.716666666666665,
Brandon Guyer,40.0,2026,2636,LF,outfield,-9.916666666666664,
Brandon Guyer,41.0,2027,2636,LF,outfield,-11.116666666666664,
Brandon Guyer,42.0,2028,2636,LF,outfield,-12.316666666666663,
Brandon Guyer,31.0,2017,2636,RF,outfield,-9.033333333333333,
Brandon Guyer,32.0,2018,2636,RF,outfield,-10.233333333333334,
Brandon Guyer,33.0,2019,2636,RF,outfield,-11.433333333333334,
Brandon Guyer,34.0,2020,2636,RF,outfield,-12.633333333333333,
Brandon Guyer,35.0,2021,2636,RF,outfield,-13.833333333333334,
Brandon Guyer,36.0,2022,2636,RF,outfield,-15.033333333333335,
Brandon Guyer,37.0,2023,2636,RF,outfield,-16.233333333333334,
Brandon Guyer,38.0,2024,2636,RF,outfield,-17.433333333333334,
Brandon Guyer,39.0,2025,2636,RF,outfield,-18.633333333333333,
Brandon Guyer,40.0,2026,2636,RF,outfield,-19.833333333333332,
Brandon Guyer,41.0,2027,2636,RF,outfield,-21.03333333333333,
Brandon Guyer,42.0,2028,2636,RF,outfield,-22.23333333333333,
Jordan Pacheco,29.0,2017,2677,1B,infield,-14.0,
Jordan Pacheco,30.0,2018,2677,1B,infield,-14.6,
Jordan Pacheco,31.0,2019,2677,1B,infield,-15.2,
Jordan Pacheco,32.0,2020,2677,1B,infield,-16.4,
Jordan Pacheco,33.0,2021,2677,1B,infield,-17.6,
Jordan Pacheco,34.0,2022,2677,1B,infield,-18.8,
Jordan Pacheco,35.0,2023,2677,1B,infield,-20.0,
Jordan Pacheco,36.0,2024,2677,1B,infield,-21.200000000000003,
Jordan Pacheco,37.0,2025,2677,1B,infield,-22.4,
Jordan Pacheco,38.0,2026,2677,1B,infield,-23.6,
Jordan Pacheco,39.0,2027,2677,1B,infield,-24.799999999999997,
Jordan Pacheco,40.0,2028,2677,1B,infield,-26.0,
Jordan Pacheco,41.0,2029,2677,1B,infield,-27.199999999999996,
Jordan Pacheco,42.0,2030,2677,1B,infield,-28.4,
Jordan Pacheco,30.0,2017,2677,C,catcher,,-25.539767776981694
Jordan Pacheco,31.0,2018,2677,C,catcher,,-26.139767776981692
Jordan Pacheco,32.0,2019,2677,C,catcher,,-27.33976777698169
Jordan Pacheco,33.0,2020,2677,C,catcher,,-28.53976777698169
Jordan Pacheco,34.0,2021,2677,C,catcher,,-29.739767776981694
Jordan Pacheco,35.0,2022,2677,C,catcher,,-30.939767776981693
Jordan Pacheco,36.0,2023,2677,C,catcher,,-32.13976777698169
Jordan Pacheco,37.0,2024,2677,C,catcher,,-33.339767776981695
Jordan Pacheco,38.0,2025,2677,C,catcher,,-34.53976777698169
Jordan Pacheco,39.0,2026,2677,C,catcher,,-35.739767776981694
Jordan Pacheco,40.0,2027,2677,C,catcher,,-36.93976777698169
Jordan Pacheco,41.0,2028,2677,C,catcher,,-38.13976777698169
Jordan Pacheco,42.0,2029,2677,C,catcher,,-39.33976777698169
Garrett Jones,35.0,2017,2714,1B,infield,-4.3,
Garrett Jones,36.0,2018,2714,1B,infield,-5.5,
Garrett Jones,37.0,2019,2714,1B,infield,-6.699999999999999,
Garrett Jones,38.0,2020,2714,1B,infield,-7.9,
Garrett Jones,39.0,2021,2714,1B,infield,-9.1,
Garrett Jones,40.0,2022,2714,1B,infield,-10.3,
Garrett Jones,41.0,2023,2714,1B,infield,-11.5,
Garrett Jones,42.0,2024,2714,1B,infield,-12.7,
Garrett Jones,35.0,2017,2714,RF,outfield,-22.866666666666667,
Garrett Jones,36.0,2018,2714,RF,outfield,-24.066666666666666,
Garrett Jones,37.0,2019,2714,RF,outfield,-25.266666666666666,
Garrett Jones,38.0,2020,2714,RF,outfield,-26.46666666666667,
Garrett Jones,39.0,2021,2714,RF,outfield,-27.666666666666668,
Garrett Jones,40.0,2022,2714,RF,outfield,-28.866666666666667,
Garrett Jones,41.0,2023,2714,RF,outfield,-30.06666666666667,
Garrett Jones,42.0,2024,2714,RF,outfield,-31.266666666666666,
Johnny Monell,30.0,2017,2783,C,catcher,,15.282352941176471
Johnny Monell,31.0,2018,2783,C,catcher,,14.682352941176472
Johnny Monell,32.0,2019,2783,C,catcher,,13.48235294117647
Johnny Monell,33.0,2020,2783,C,catcher,,12.282352941176471
Johnny Monell,34.0,2021,2783,C,catcher,,11.08235294117647
Johnny Monell,35.0,2022,2783,C,catcher,,9.882352941176471
Johnny Monell,36.0,2023,2783,C,catcher,,8.682352941176472
Johnny Monell,37.0,2024,2783,C,catcher,,7.482352941176471
Johnny Monell,38.0,2025,2783,C,catcher,,6.282352941176471
Johnny Monell,39.0,2026,2783,C,catcher,,5.082352941176472
Johnny Monell,40.0,2027,2783,C,catcher,,3.882352941176473
Johnny Monell,41.0,2028,2783,C,catcher,,2.6823529411764735
Johnny Monell,42.0,2029,2783,C,catcher,,1.4823529411764742
Tony Cruz,29.0,2017,2802,C,catcher,,-21.08458858214956
Tony Cruz,30.0,2018,2802,C,catcher,,-21.68458858214956
Tony Cruz,31.0,2019,2802,C,catcher,,-22.28458858214956
Tony Cruz,32.0,2020,2802,C,catcher,,-23.48458858214956
Tony Cruz,33.0,2021,2802,C,catcher,,-24.68458858214956
Tony Cruz,34.0,2022,2802,C,catcher,,-25.88458858214956
Tony Cruz,35.0,2023,2802,C,catcher,,-27.08458858214956
Tony Cruz,36.0,2024,2802,C,catcher,,-28.28458858214956
Tony Cruz,37.0,2025,2802,C,catcher,,-29.48458858214956
Tony Cruz,38.0,2026,2802,C,catcher,,-30.68458858214956
Tony Cruz,39.0,2027,2802,C,catcher,,-31.884588582149558
Tony Cruz,40.0,2028,2802,C,catcher,,-33.08458858214956
Tony Cruz,41.0,2029,2802,C,catcher,,-34.28458858214955
Tony Cruz,42.0,2030,2802,C,catcher,,-35.484588582149556
Manny Pina,30.0,2017,2829,C,catcher,,-10.174468085106383
Manny Pina,31.0,2018,2829,C,catcher,,-10.774468085106383
Manny Pina,32.0,2019,2829,C,catcher,,-11.974468085106384
Manny Pina,33.0,2020,2829,C,catcher,,-13.174468085106383
Manny Pina,34.0,2021,2829,C,catcher,,-14.374468085106383
Manny Pina,35.0,2022,2829,C,catcher,,-15.574468085106384
Manny Pina,36.0,2023,2829,C,catcher,,-16.774468085106385
Manny Pina,37.0,2024,2829,C,catcher,,-17.974468085106384
Manny Pina,38.0,2025,2829,C,catcher,,-19.174468085106383
Manny Pina,39.0,2026,2829,C,catcher,,-20.374468085106383
Manny Pina,40.0,2027,2829,C,catcher,,-21.574468085106382
Manny Pina,41.0,2028,2829,C,catcher,,-22.77446808510638
Manny Pina,42.0,2029,2829,C,catcher,,-23.97446808510638
Travis Snider,28.0,2017,2830,LF,outfield,2.866666666666667,
Travis Snider,29.0,2018,2830,LF,outfield,2.2666666666666675,
Travis Snider,30.0,2019,2830,LF,outfield,1.6666666666666674,
Travis Snider,31.0,2020,2830,LF,outfield,1.0666666666666673,
Travis Snider,32.0,2021,2830,LF,outfield,-0.13333333333333242,
Travis Snider,33.0,2022,2830,LF,outfield,-1.3333333333333326,
Travis Snider,34.0,2023,2830,LF,outfield,-2.5333333333333328,
Travis Snider,35.0,2024,2830,LF,outfield,-3.733333333333333,
Travis Snider,36.0,2025,2830,LF,outfield,-4.933333333333334,
Travis Snider,37.0,2026,2830,LF,outfield,-6.133333333333333,
Travis Snider,38.0,2027,2830,LF,outfield,-7.333333333333332,
Travis Snider,39.0,2028,2830,LF,outfield,-8.533333333333331,
Travis Snider,40.0,2029,2830,LF,outfield,-9.73333333333333,
Travis Snider,41.0,2030,2830,LF,outfield,-10.93333333333333,
Travis Snider,42.0,2031,2830,LF,outfield,-12.13333333333333,
Travis Snider,28.0,2017,2830,RF,outfield,4.933333333333333,
Travis Snider,29.0,2018,2830,RF,outfield,4.333333333333332,
Travis Snider,30.0,2019,2830,RF,outfield,3.7333333333333325,
Travis Snider,31.0,2020,2830,RF,outfield,3.1333333333333324,
Travis Snider,32.0,2021,2830,RF,outfield,1.9333333333333327,
Travis Snider,33.0,2022,2830,RF,outfield,0.7333333333333325,
Travis Snider,34.0,2023,2830,RF,outfield,-0.4666666666666677,
Travis Snider,35.0,2024,2830,RF,outfield,-1.6666666666666679,
Travis Snider,36.0,2025,2830,RF,outfield,-2.866666666666668,
Travis Snider,37.0,2026,2830,RF,outfield,-4.066666666666667,
Travis Snider,38.0,2027,2830,RF,outfield,-5.266666666666667,
Travis Snider,39.0,2028,2830,RF,outfield,-6.466666666666666,
Travis Snider,40.0,2029,2830,RF,outfield,-7.666666666666665,
Travis Snider,41.0,2030,2830,RF,outfield,-8.866666666666664,
Travis Snider,42.0,2031,2830,RF,outfield,-10.066666666666663,
Rafael Ynoa,27.0,2017,2832,3B,infield,17.9,
Rafael Ynoa,28.0,2018,2832,3B,infield,17.3,
Rafael Ynoa,29.0,2019,2832,3B,infield,16.7,
Rafael Ynoa,30.0,2020,2832,3B,infield,16.1,
Rafael Ynoa,31.0,2021,2832,3B,infield,15.5,
Rafael Ynoa,32.0,2022,2832,3B,infield,14.3,
Rafael Ynoa,33.0,2023,2832,3B,infield,13.1,
Rafael Ynoa,34.0,2024,2832,3B,infield,11.899999999999999,
Rafael Ynoa,35.0,2025,2832,3B,infield,10.7,
Rafael Ynoa,36.0,2026,2832,3B,infield,9.5,
Rafael Ynoa,37.0,2027,2832,3B,infield,8.3,
Rafael Ynoa,38.0,2028,2832,3B,infield,7.100000000000001,
Rafael Ynoa,39.0,2029,2832,3B,infield,5.900000000000002,
Rafael Ynoa,40.0,2030,2832,3B,infield,4.700000000000003,
Rafael Ynoa,41.0,2031,2832,3B,infield,3.5000000000000036,
Rafael Ynoa,28.0,2017,2832,LF,outfield,-25.400000000000002,
Rafael Ynoa,29.0,2018,2832,LF,outfield,-26.0,
Rafael Ynoa,30.0,2019,2832,LF,outfield,-26.6,
Rafael Ynoa,31.0,2020,2832,LF,outfield,-27.2,
Rafael Ynoa,32.0,2021,2832,LF,outfield,-28.4,
Rafael Ynoa,33.0,2022,2832,LF,outfield,-29.6,
Rafael Ynoa,34.0,2023,2832,LF,outfield,-30.8,
Rafael Ynoa,35.0,2024,2832,LF,outfield,-32.0,
Rafael Ynoa,36.0,2025,2832,LF,outfield,-33.2,
Rafael Ynoa,37.0,2026,2832,LF,outfield,-34.4,
Rafael Ynoa,38.0,2027,2832,LF,outfield,-35.6,
Rafael Ynoa,39.0,2028,2832,LF,outfield,-36.8,
Rafael Ynoa,40.0,2029,2832,LF,outfield,-38.0,
Rafael Ynoa,41.0,2030,2832,LF,outfield,-39.199999999999996,
Rafael Ynoa,42.0,2031,2832,LF,outfield,-40.4,
Cedric Hunter,29.0,2017,2833,LF,outfield,-8.4,
Cedric Hunter,30.0,2018,2833,LF,outfield,-9.0,
Cedric Hunter,31.0,2019,2833,LF,outfield,-9.6,
Cedric Hunter,32.0,2020,2833,LF,outfield,-10.8,
Cedric Hunter,33.0,2021,2833,LF,outfield,-12.0,
Cedric Hunter,34.0,2022,2833,LF,outfield,-13.2,
Cedric Hunter,35.0,2023,2833,LF,outfield,-14.4,
Cedric Hunter,36.0,2024,2833,LF,outfield,-15.600000000000001,
Cedric Hunter,37.0,2025,2833,LF,outfield,-16.8,
Cedric Hunter,38.0,2026,2833,LF,outfield,-18.0,
Cedric Hunter,39.0,2027,2833,LF,outfield,-19.2,
Cedric Hunter,40.0,2028,2833,LF,outfield,-20.4,
Cedric Hunter,41.0,2029,2833,LF,outfield,-21.599999999999998,
Cedric Hunter,42.0,2030,2833,LF,outfield,-22.799999999999997,
Roberto Perez,28.0,2017,2900,C,catcher,,22.728799141612352
Roberto Perez,29.0,2018,2900,C,catcher,,22.128799141612355
Roberto Perez,30.0,2019,2900,C,catcher,,21.528799141612353
Roberto Perez,31.0,2020,2900,C,catcher,,20.928799141612355
Roberto Perez,32.0,2021,2900,C,catcher,,19.728799141612356
Roberto Perez,33.0,2022,2900,C,catcher,,18.528799141612353
Roberto Perez,34.0,2023,2900,C,catcher,,17.328799141612354
Roberto Perez,35.0,2024,2900,C,catcher,,16.128799141612355
Roberto Perez,36.0,2025,2900,C,catcher,,14.928799141612354
Roberto Perez,37.0,2026,2900,C,catcher,,13.728799141612354
Roberto Perez,38.0,2027,2900,C,catcher,,12.528799141612355
Roberto Perez,39.0,2028,2900,C,catcher,,11.328799141612356
Roberto Perez,40.0,2029,2900,C,catcher,,10.128799141612356
Roberto Perez,41.0,2030,2900,C,catcher,,8.928799141612357
Roberto Perez,42.0,2031,2900,C,catcher,,7.728799141612358
Angel Pagan,34.0,2017,2918,CF,outfield,-11.233333333333333,
Angel Pagan,35.0,2018,2918,CF,outfield,-12.433333333333334,
Angel Pagan,36.0,2019,2918,CF,outfield,-13.633333333333333,
Angel Pagan,37.0,2020,2918,CF,outfield,-14.833333333333332,
Angel Pagan,38.0,2021,2918,CF,outfield,-16.03333333333333,
Angel Pagan,39.0,2022,2918,CF,outfield,-17.233333333333334,
Angel Pagan,40.0,2023,2918,CF,outfield,-18.433333333333334,
Angel Pagan,41.0,2024,2918,CF,outfield,-19.633333333333333,
Angel Pagan,42.0,2025,2918,CF,outfield,-20.833333333333332,
Angel Pagan,35.0,2017,2918,LF,outfield,-5.1,
Angel Pagan,36.0,2018,2918,LF,outfield,-6.3,
Angel Pagan,37.0,2019,2918,LF,outfield,-7.5,
Angel Pagan,38.0,2020,2918,LF,outfield,-8.7,
Angel Pagan,39.0,2021,2918,LF,outfield,-9.9,
Angel Pagan,40.0,2022,2918,LF,outfield,-11.1,
Angel Pagan,41.0,2023,2918,LF,outfield,-12.3,
Angel Pagan,42.0,2024,2918,LF,outfield,-13.5,
Tommy Pham,29.0,2017,2967,CF,outfield,-11.533333333333331,
Tommy Pham,30.0,2018,2967,CF,outfield,-12.133333333333331,
Tommy Pham,31.0,2019,2967,CF,outfield,-12.73333333333333,
Tommy Pham,32.0,2020,2967,CF,outfield,-13.933333333333332,
Tommy Pham,33.0,2021,2967,CF,outfield,-15.133333333333333,
Tommy Pham,34.0,2022,2967,CF,outfield,-16.333333333333332,
Tommy Pham,35.0,2023,2967,CF,outfield,-17.53333333333333,
Tommy Pham,36.0,2024,2967,CF,outfield,-18.733333333333334,
Tommy Pham,37.0,2025,2967,CF,outfield,-19.93333333333333,
Tommy Pham,38.0,2026,2967,CF,outfield,-21.133333333333333,
Tommy Pham,39.0,2027,2967,CF,outfield,-22.33333333333333,
Tommy Pham,40.0,2028,2967,CF,outfield,-23.53333333333333,
Tommy Pham,41.0,2029,2967,CF,outfield,-24.733333333333327,
Tommy Pham,42.0,2030,2967,CF,outfield,-25.93333333333333,
Tommy Pham,29.0,2017,2967,LF,outfield,-6.6,
Tommy Pham,30.0,2018,2967,LF,outfield,-7.2,
Tommy Pham,31.0,2019,2967,LF,outfield,-7.8,
Tommy Pham,32.0,2020,2967,LF,outfield,-9.0,
Tommy Pham,33.0,2021,2967,LF,outfield,-10.2,
Tommy Pham,34.0,2022,2967,LF,outfield,-11.4,
Tommy Pham,35.0,2023,2967,LF,outfield,-12.600000000000001,
Tommy Pham,36.0,2024,2967,LF,outfield,-13.8,
Tommy Pham,37.0,2025,2967,LF,outfield,-15.0,
Tommy Pham,38.0,2026,2967,LF,outfield,-16.2,
Tommy Pham,39.0,2027,2967,LF,outfield,-17.4,
Tommy Pham,40.0,2028,2967,LF,outfield,-18.599999999999998,
Tommy Pham,41.0,2029,2967,LF,outfield,-19.799999999999997,
Tommy Pham,42.0,2030,2967,LF,outfield,-20.999999999999996,
Michael Morse,34.0,2017,3035,1B,infield,-2.4000000000000004,
Michael Morse,35.0,2018,3035,1B,infield,-3.6,
Michael Morse,36.0,2019,3035,1B,infield,-4.8,
Michael Morse,37.0,2020,3035,1B,infield,-6.0,
Michael Morse,38.0,2021,3035,1B,infield,-7.2,
Michael Morse,39.0,2022,3035,1B,infield,-8.4,
Michael Morse,40.0,2023,3035,1B,infield,-9.600000000000001,
Michael Morse,41.0,2024,3035,1B,infield,-10.8,
Michael Morse,42.0,2025,3035,1B,infield,-12.0,
Michael Morse,33.0,2017,3035,LF,outfield,-16.6,
Michael Morse,34.0,2018,3035,LF,outfield,-17.8,
Michael Morse,35.0,2019,3035,LF,outfield,-19.0,
Michael Morse,36.0,2020,3035,LF,outfield,-20.2,
Michael Morse,37.0,2021,3035,LF,outfield,-21.4,
Michael Morse,38.0,2022,3035,LF,outfield,-22.6,
Michael Morse,39.0,2023,3035,LF,outfield,-23.8,
Michael Morse,40.0,2024,3035,LF,outfield,-25.0,
Michael Morse,41.0,2025,3035,LF,outfield,-26.2,
Michael Morse,42.0,2026,3035,LF,outfield,-27.4,
Mike Napoli,35.0,2017,3057,1B,infield,-3.666666666666666,
Mike Napoli,36.0,2018,3057,1B,infield,-4.866666666666666,
Mike Napoli,37.0,2019,3057,1B,infield,-6.066666666666666,
Mike Napoli,38.0,2020,3057,1B,infield,-7.266666666666666,
Mike Napoli,39.0,2021,3057,1B,infield,-8.466666666666667,
Mike Napoli,40.0,2022,3057,1B,infield,-9.666666666666666,
Mike Napoli,41.0,2023,3057,1B,infield,-10.866666666666667,
Mike Napoli,42.0,2024,3057,1B,infield,-12.066666666666666,
Mike Napoli,34.0,2017,3057,LF,outfield,-84.2,
Mike Napoli,35.0,2018,3057,LF,outfield,-85.4,
Mike Napoli,36.0,2019,3057,LF,outfield,-86.6,
Mike Napoli,37.0,2020,3057,LF,outfield,-87.8,
Mike Napoli,38.0,2021,3057,LF,outfield,-89.0,
Mike Napoli,39.0,2022,3057,LF,outfield,-90.2,
Mike Napoli,40.0,2023,3057,LF,outfield,-91.4,
Mike Napoli,41.0,2024,3057,LF,outfield,-92.6,
Mike Napoli,42.0,2025,3057,LF,outfield,-93.8,
Mitch Moreland,31.0,2017,3086,1B,infield,5.0166666666666675,
Mitch Moreland,32.0,2018,3086,1B,infield,3.8166666666666673,
Mitch Moreland,33.0,2019,3086,1B,infield,2.616666666666667,
Mitch Moreland,34.0,2020,3086,1B,infield,1.416666666666667,
Mitch Moreland,35.0,2021,3086,1B,infield,0.21666666666666679,
Mitch Moreland,36.0,2022,3086,1B,infield,-0.9833333333333334,
Mitch Moreland,37.0,2023,3086,1B,infield,-2.1833333333333336,
Mitch Moreland,38.0,2024,3086,1B,infield,-3.383333333333333,
Mitch Moreland,39.0,2025,3086,1B,infield,-4.583333333333332,
Mitch Moreland,40.0,2026,3086,1B,infield,-5.783333333333331,
Mitch Moreland,41.0,2027,3086,1B,infield,-6.983333333333331,
Mitch Moreland,42.0,2028,3086,1B,infield,-8.18333333333333,
Jesus Guzman,31.0,2017,3118,1B,infield,12.0,
Jesus Guzman,32.0,2018,3118,1B,infield,10.8,
Jesus Guzman,33.0,2019,3118,1B,infield,9.6,
Jesus Guzman,34.0,2020,3118,1B,infield,8.399999999999999,
Jesus Guzman,35.0,2021,3118,1B,infield,7.199999999999999,
Jesus Guzman,36.0,2022,3118,1B,infield,5.999999999999999,
Jesus Guzman,37.0,2023,3118,1B,infield,4.799999999999999,
Jesus Guzman,38.0,2024,3118,1B,infield,3.5999999999999996,
Jesus Guzman,39.0,2025,3118,1B,infield,2.4000000000000004,
Jesus Guzman,40.0,2026,3118,1B,infield,1.200000000000001,
Jesus Guzman,41.0,2027,3118,1B,infield,1.7763568394002505e-15,
Jesus Guzman,42.0,2028,3118,1B,infield,-1.1999999999999975,
Gregor Blanco,33.0,2017,3123,CF,outfield,-6.466666666666667,
Gregor Blanco,34.0,2018,3123,CF,outfield,-7.666666666666666,
Gregor Blanco,35.0,2019,3123,CF,outfield,-8.866666666666667,
Gregor Blanco,36.0,2020,3123,CF,outfield,-10.066666666666666,
Gregor Blanco,37.0,2021,3123,CF,outfield,-11.266666666666666,
Gregor Blanco,38.0,2022,3123,CF,outfield,-12.466666666666667,
Gregor Blanco,39.0,2023,3123,CF,outfield,-13.666666666666668,
Gregor Blanco,40.0,2024,3123,CF,outfield,-14.866666666666667,
Gregor Blanco,41.0,2025,3123,CF,outfield,-16.066666666666666,
Gregor Blanco,42.0,2026,3123,CF,outfield,-17.266666666666666,
Gregor Blanco,33.0,2017,3123,LF,outfield,10.066666666666668,
Gregor Blanco,34.0,2018,3123,LF,outfield,8.866666666666667,
Gregor Blanco,35.0,2019,3123,LF,outfield,7.666666666666668,
Gregor Blanco,36.0,2020,3123,LF,outfield,6.466666666666668,
Gregor Blanco,37.0,2021,3123,LF,outfield,5.2666666666666675,
Gregor Blanco,38.0,2022,3123,LF,outfield,4.066666666666667,
Gregor Blanco,39.0,2023,3123,LF,outfield,2.866666666666667,
Gregor Blanco,40.0,2024,3123,LF,outfield,1.6666666666666679,
Gregor Blanco,41.0,2025,3123,LF,outfield,0.46666666666666856,
Gregor Blanco,42.0,2026,3123,LF,outfield,-0.7333333333333307,
Gregor Blanco,33.0,2017,3123,RF,outfield,-24.1,
Gregor Blanco,34.0,2018,3123,RF,outfield,-25.3,
Gregor Blanco,35.0,2019,3123,RF,outfield,-26.5,
Gregor Blanco,36.0,2020,3123,RF,outfield,-27.700000000000003,
Gregor Blanco,37.0,2021,3123,RF,outfield,-28.900000000000002,
Gregor Blanco,38.0,2022,3123,RF,outfield,-30.1,
Gregor Blanco,39.0,2023,3123,RF,outfield,-31.300000000000004,
Gregor Blanco,40.0,2024,3123,RF,outfield,-32.5,
Gregor Blanco,41.0,2025,3123,RF,outfield,-33.7,
Gregor Blanco,42.0,2026,3123,RF,outfield,-34.9,
Robinson Chirinos,33.0,2017,3142,C,catcher,,-3.7224892588614393
Robinson Chirinos,34.0,2018,3142,C,catcher,,-4.9224892588614395
Robinson Chirinos,35.0,2019,3142,C,catcher,,-6.122489258861439
Robinson Chirinos,36.0,2020,3142,C,catcher,,-7.32248925886144
Robinson Chirinos,37.0,2021,3142,C,catcher,,-8.52248925886144
Robinson Chirinos,38.0,2022,3142,C,catcher,,-9.72248925886144
Robinson Chirinos,39.0,2023,3142,C,catcher,,-10.92248925886144
Robinson Chirinos,40.0,2024,3142,C,catcher,,-12.122489258861439
Robinson Chirinos,41.0,2025,3142,C,catcher,,-13.322489258861438
Robinson Chirinos,42.0,2026,3142,C,catcher,,-14.522489258861437
Domonic Brown,27.0,2017,3154,LF,outfield,-7.5,
Domonic Brown,28.0,2018,3154,LF,outfield,-8.1,
Domonic Brown,29.0,2019,3154,LF,outfield,-8.7,
Domonic Brown,30.0,2020,3154,LF,outfield,-9.3,
Domonic Brown,31.0,2021,3154,LF,outfield,-9.9,
Domonic Brown,32.0,2022,3154,LF,outfield,-11.100000000000001,
Domonic Brown,33.0,2023,3154,LF,outfield,-12.3,
Domonic Brown,34.0,2024,3154,LF,outfield,-13.5,
Domonic Brown,35.0,2025,3154,LF,outfield,-14.700000000000001,
Domonic Brown,36.0,2026,3154,LF,outfield,-15.9,
Domonic Brown,37.0,2027,3154,LF,outfield,-17.1,
Domonic Brown,38.0,2028,3154,LF,outfield,-18.299999999999997,
Domonic Brown,39.0,2029,3154,LF,outfield,-19.5,
Domonic Brown,40.0,2030,3154,LF,outfield,-20.699999999999996,
Domonic Brown,41.0,2031,3154,LF,outfield,-21.9,
Domonic Brown,28.0,2017,3154,RF,outfield,-1.7000000000000002,
Domonic Brown,29.0,2018,3154,RF,outfield,-2.3,
Domonic Brown,30.0,2019,3154,RF,outfield,-2.9,
Domonic Brown,31.0,2020,3154,RF,outfield,-3.5,
Domonic Brown,32.0,2021,3154,RF,outfield,-4.699999999999999,
Domonic Brown,33.0,2022,3154,RF,outfield,-5.9,
Domonic Brown,34.0,2023,3154,RF,outfield,-7.1,
Domonic Brown,35.0,2024,3154,RF,outfield,-8.3,
Domonic Brown,36.0,2025,3154,RF,outfield,-9.5,
Domonic Brown,37.0,2026,3154,RF,outfield,-10.7,
Domonic Brown,38.0,2027,3154,RF,outfield,-11.899999999999999,
Domonic Brown,39.0,2028,3154,RF,outfield,-13.099999999999998,
Domonic Brown,40.0,2029,3154,RF,outfield,-14.299999999999997,
Domonic Brown,41.0,2030,3154,RF,outfield,-15.499999999999996,
Domonic Brown,42.0,2031,3154,RF,outfield,-16.699999999999996,
Shin-Soo Choo,32.0,2017,3174,LF,outfield,-21.3,
Shin-Soo Choo,33.0,2018,3174,LF,outfield,-22.5,
Shin-Soo Choo,34.0,2019,3174,LF,outfield,-23.700000000000003,
Shin-Soo Choo,35.0,2020,3174,LF,outfield,-24.900000000000002,
Shin-Soo Choo,36.0,2021,3174,LF,outfield,-26.1,
Shin-Soo Choo,37.0,2022,3174,LF,outfield,-27.3,
Shin-Soo Choo,38.0,2023,3174,LF,outfield,-28.5,
Shin-Soo Choo,39.0,2024,3174,LF,outfield,-29.700000000000003,
Shin-Soo Choo,40.0,2025,3174,LF,outfield,-30.9,
Shin-Soo Choo,41.0,2026,3174,LF,outfield,-32.1,
Shin-Soo Choo,42.0,2027,3174,LF,outfield,-33.3,
Shin-Soo Choo,34.0,2017,3174,RF,outfield,-2.916666666666667,
Shin-Soo Choo,35.0,2018,3174,RF,outfield,-4.116666666666667,
Shin-Soo Choo,36.0,2019,3174,RF,outfield,-5.316666666666666,
Shin-Soo Choo,37.0,2020,3174,RF,outfield,-6.516666666666667,
Shin-Soo Choo,38.0,2021,3174,RF,outfield,-7.716666666666667,
Shin-Soo Choo,39.0,2022,3174,RF,outfield,-8.916666666666668,
Shin-Soo Choo,40.0,2023,3174,RF,outfield,-10.116666666666667,
Shin-Soo Choo,41.0,2024,3174,RF,outfield,-11.316666666666666,
Shin-Soo Choo,42.0,2025,3174,RF,outfield,-12.516666666666666,
Dioner Navarro,33.0,2017,3179,C,catcher,,-17.704881533387226
Dioner Navarro,34.0,2018,3179,C,catcher,,-18.904881533387226
Dioner Navarro,35.0,2019,3179,C,catcher,,-20.10488153338723
Dioner Navarro,36.0,2020,3179,C,catcher,,-21.304881533387228
Dioner Navarro,37.0,2021,3179,C,catcher,,-22.504881533387227
Dioner Navarro,38.0,2022,3179,C,catcher,,-23.704881533387226
Dioner Navarro,39.0,2023,3179,C,catcher,,-24.904881533387226
Dioner Navarro,40.0,2024,3179,C,catcher,,-26.10488153338723
Dioner Navarro,41.0,2025,3179,C,catcher,,-27.304881533387224
Dioner Navarro,42.0,2026,3179,C,catcher,,-28.504881533387227
Nate McLouth,33.0,2017,3190,CF,outfield,57.3,
Nate McLouth,34.0,2018,3190,CF,outfield,56.1,
Nate McLouth,35.0,2019,3190,CF,outfield,54.9,
Nate McLouth,36.0,2020,3190,CF,outfield,53.7,
Nate McLouth,37.0,2021,3190,CF,outfield,52.5,
Nate McLouth,38.0,2022,3190,CF,outfield,51.3,
Nate McLouth,39.0,2023,3190,CF,outfield,50.1,
Nate McLouth,40.0,2024,3190,CF,outfield,48.9,
Nate McLouth,41.0,2025,3190,CF,outfield,47.7,
Nate McLouth,42.0,2026,3190,CF,outfield,46.5,
Nate McLouth,33.0,2017,3190,LF,outfield,3.7,
Nate McLouth,34.0,2018,3190,LF,outfield,2.5000000000000004,
Nate McLouth,35.0,2019,3190,LF,outfield,1.3000000000000007,
Nate McLouth,36.0,2020,3190,LF,outfield,0.10000000000000053,
Nate McLouth,37.0,2021,3190,LF,outfield,-1.0999999999999996,
Nate McLouth,38.0,2022,3190,LF,outfield,-2.3,
Nate McLouth,39.0,2023,3190,LF,outfield,-3.5,
Nate McLouth,40.0,2024,3190,LF,outfield,-4.699999999999999,
Nate McLouth,41.0,2025,3190,LF,outfield,-5.899999999999999,
Nate McLouth,42.0,2026,3190,LF,outfield,-7.099999999999998,
Nate McLouth,33.0,2017,3190,RF,outfield,-11.2,
Nate McLouth,34.0,2018,3190,RF,outfield,-12.4,
Nate McLouth,35.0,2019,3190,RF,outfield,-13.6,
Nate McLouth,36.0,2020,3190,RF,outfield,-14.8,
Nate McLouth,37.0,2021,3190,RF,outfield,-16.0,
Nate McLouth,38.0,2022,3190,RF,outfield,-17.2,
Nate McLouth,39.0,2023,3190,RF,outfield,-18.4,
Nate McLouth,40.0,2024,3190,RF,outfield,-19.6,
Nate McLouth,41.0,2025,3190,RF,outfield,-20.799999999999997,
Nate McLouth,42.0,2026,3190,RF,outfield,-22.0,
Tyler Ladendorf,29.0,2017,3211,2B,infield,5.7,
Tyler Ladendorf,30.0,2018,3211,2B,infield,5.1,
Tyler Ladendorf,31.0,2019,3211,2B,infield,4.5,
Tyler Ladendorf,32.0,2020,3211,2B,infield,3.3,
Tyler Ladendorf,33.0,2021,3211,2B,infield,2.0999999999999996,
Tyler Ladendorf,34.0,2022,3211,2B,infield,0.8999999999999995,
Tyler Ladendorf,35.0,2023,3211,2B,infield,-0.3000000000000007,
Tyler Ladendorf,36.0,2024,3211,2B,infield,-1.5000000000000009,
Tyler Ladendorf,37.0,2025,3211,2B,infield,-2.7,
Tyler Ladendorf,38.0,2026,3211,2B,infield,-3.8999999999999995,
Tyler Ladendorf,39.0,2027,3211,2B,infield,-5.099999999999999,
Tyler Ladendorf,40.0,2028,3211,2B,infield,-6.299999999999998,
Tyler Ladendorf,41.0,2029,3211,2B,infield,-7.499999999999997,
Tyler Ladendorf,42.0,2030,3211,2B,infield,-8.699999999999996,
Brayan Pena,33.0,2017,3231,1B,infield,2.5999999999999996,
Brayan Pena,34.0,2018,3231,1B,infield,1.4,
Brayan Pena,35.0,2019,3231,1B,infield,0.20000000000000018,
Brayan Pena,36.0,2020,3231,1B,infield,-1.0,
Brayan Pena,37.0,2021,3231,1B,infield,-2.2,
Brayan Pena,38.0,2022,3231,1B,infield,-3.4000000000000004,
Brayan Pena,39.0,2023,3231,1B,infield,-4.6000000000000005,
Brayan Pena,40.0,2024,3231,1B,infield,-5.8,
Brayan Pena,41.0,2025,3231,1B,infield,-6.999999999999999,
Brayan Pena,42.0,2026,3231,1B,infield,-8.2,
Brayan Pena,34.0,2017,3231,C,catcher,,-1.200474731768639
Brayan Pena,35.0,2018,3231,C,catcher,,-2.400474731768639
Brayan Pena,36.0,2019,3231,C,catcher,,-3.6004747317686387
Brayan Pena,37.0,2020,3231,C,catcher,,-4.800474731768639
Brayan Pena,38.0,2021,3231,C,catcher,,-6.000474731768639
Brayan Pena,39.0,2022,3231,C,catcher,,-7.200474731768639
Brayan Pena,40.0,2023,3231,C,catcher,,-8.40047473176864
Brayan Pena,41.0,2024,3231,C,catcher,,-9.600474731768639
Brayan Pena,42.0,2025,3231,C,catcher,,-10.800474731768638
Franklin Gutierrez,34.0,2017,3255,LF,outfield,17.266666666666666,
Franklin Gutierrez,35.0,2018,3255,LF,outfield,16.066666666666666,
Franklin Gutierrez,36.0,2019,3255,LF,outfield,14.866666666666665,
Franklin Gutierrez,37.0,2020,3255,LF,outfield,13.666666666666664,
Franklin Gutierrez,38.0,2021,3255,LF,outfield,12.466666666666665,
Franklin Gutierrez,39.0,2022,3255,LF,outfield,11.266666666666666,
Franklin Gutierrez,40.0,2023,3255,LF,outfield,10.066666666666665,
Franklin Gutierrez,41.0,2024,3255,LF,outfield,8.866666666666665,
Franklin Gutierrez,42.0,2025,3255,LF,outfield,7.666666666666666,
Franklin Gutierrez,34.0,2017,3255,RF,outfield,-10.899999999999999,
Franklin Gutierrez,35.0,2018,3255,RF,outfield,-12.1,
Franklin Gutierrez,36.0,2019,3255,RF,outfield,-13.299999999999999,
Franklin Gutierrez,37.0,2020,3255,RF,outfield,-14.5,
Franklin Gutierrez,38.0,2021,3255,RF,outfield,-15.7,
Franklin Gutierrez,39.0,2022,3255,RF,outfield,-16.9,
Franklin Gutierrez,40.0,2023,3255,RF,outfield,-18.1,
Franklin Gutierrez,41.0,2024,3255,RF,outfield,-19.299999999999997,
Franklin Gutierrez,42.0,2025,3255,RF,outfield,-20.5,
Welington Castillo,30.0,2017,3256,C,catcher,,-7.581950137806965
Welington Castillo,31.0,2018,3256,C,catcher,,-8.181950137806965
Welington Castillo,32.0,2019,3256,C,catcher,,-9.381950137806966
Welington Castillo,33.0,2020,3256,C,catcher,,-10.581950137806965
Welington Castillo,34.0,2021,3256,C,catcher,,-11.781950137806966
Welington Castillo,35.0,2022,3256,C,catcher,,-12.981950137806965
Welington Castillo,36.0,2023,3256,C,catcher,,-14.181950137806965
Welington Castillo,37.0,2024,3256,C,catcher,,-15.381950137806966
Welington Castillo,38.0,2025,3256,C,catcher,,-16.581950137806963
Welington Castillo,39.0,2026,3256,C,catcher,,-17.781950137806966
Welington Castillo,40.0,2027,3256,C,catcher,,-18.98195013780696
Welington Castillo,41.0,2028,3256,C,catcher,,-20.181950137806965
Welington Castillo,42.0,2029,3256,C,catcher,,-21.38195013780696
Robinson Cano,34.0,2017,3269,2B,infield,1.116666666666667,
Robinson Cano,35.0,2018,3269,2B,infield,-0.08333333333333304,
Robinson Cano,36.0,2019,3269,2B,infield,-1.2833333333333328,
Robinson Cano,37.0,2020,3269,2B,infield,-2.483333333333333,
Robinson Cano,38.0,2021,3269,2B,infield,-3.683333333333333,
Robinson Cano,39.0,2022,3269,2B,infield,-4.883333333333333,
Robinson Cano,40.0,2023,3269,2B,infield,-6.083333333333334,
Robinson Cano,41.0,2024,3269,2B,infield,-7.283333333333333,
Robinson Cano,42.0,2025,3269,2B,infield,-8.483333333333333,
Charlie Culberson,28.0,2017,3298,2B,infield,-23.9,
Charlie Culberson,29.0,2018,3298,2B,infield,-24.499999999999996,
Charlie Culberson,30.0,2019,3298,2B,infield,-25.099999999999998,
Charlie Culberson,31.0,2020,3298,2B,infield,-25.699999999999996,
Charlie Culberson,32.0,2021,3298,2B,infield,-26.9,
Charlie Culberson,33.0,2022,3298,2B,infield,-28.099999999999998,
Charlie Culberson,34.0,2023,3298,2B,infield,-29.299999999999997,
Charlie Culberson,35.0,2024,3298,2B,infield,-30.499999999999996,
Charlie Culberson,36.0,2025,3298,2B,infield,-31.699999999999996,
Charlie Culberson,37.0,2026,3298,2B,infield,-32.9,
Charlie Culberson,38.0,2027,3298,2B,infield,-34.099999999999994,
Charlie Culberson,39.0,2028,3298,2B,infield,-35.3,
Charlie Culberson,40.0,2029,3298,2B,infield,-36.49999999999999,
Charlie Culberson,41.0,2030,3298,2B,infield,-37.699999999999996,
Charlie Culberson,42.0,2031,3298,2B,infield,-38.89999999999999,
Charlie Culberson,26.0,2017,3298,3B,infield,-6.4,
Charlie Culberson,27.0,2018,3298,3B,infield,-7.0,
Charlie Culberson,28.0,2019,3298,3B,infield,-7.6000000000000005,
Charlie Culberson,29.0,2020,3298,3B,infield,-8.2,
Charlie Culberson,30.0,2021,3298,3B,infield,-8.8,
Charlie Culberson,31.0,2022,3298,3B,infield,-9.4,
Charlie Culberson,32.0,2023,3298,3B,infield,-10.600000000000001,
Charlie Culberson,33.0,2024,3298,3B,infield,-11.8,
Charlie Culberson,34.0,2025,3298,3B,infield,-13.0,
Charlie Culberson,35.0,2026,3298,3B,infield,-14.200000000000001,
Charlie Culberson,36.0,2027,3298,3B,infield,-15.4,
Charlie Culberson,37.0,2028,3298,3B,infield,-16.6,
Charlie Culberson,38.0,2029,3298,3B,infield,-17.799999999999997,
Charlie Culberson,39.0,2030,3298,3B,infield,-19.0,
Charlie Culberson,40.0,2031,3298,3B,infield,-20.199999999999996,
Charlie Culberson,28.0,2017,3298,SS,infield,14.025,
Charlie Culberson,29.0,2018,3298,SS,infield,13.425,
Charlie Culberson,30.0,2019,3298,SS,infield,12.825,
Charlie Culberson,31.0,2020,3298,SS,infield,12.225,
Charlie Culberson,32.0,2021,3298,SS,infield,11.025,
Charlie Culberson,33.0,2022,3298,SS,infield,9.825,
Charlie Culberson,34.0,2023,3298,SS,infield,8.625,
Charlie Culberson,35.0,2024,3298,SS,infield,7.425,
Charlie Culberson,36.0,2025,3298,SS,infield,6.225,
Charlie Culberson,37.0,2026,3298,SS,infield,5.025,
Charlie Culberson,38.0,2027,3298,SS,infield,3.825000000000001,
Charlie Culberson,39.0,2028,3298,SS,infield,2.6250000000000018,
Charlie Culberson,40.0,2029,3298,SS,infield,1.4250000000000025,
Charlie Culberson,41.0,2030,3298,SS,infield,0.2250000000000032,
Charlie Culberson,42.0,2031,3298,SS,infield,-0.9749999999999961,
Martin Prado,32.0,2017,3312,2B,infield,12.166666666666666,
Martin Prado,33.0,2018,3312,2B,infield,10.966666666666665,
Martin Prado,34.0,2019,3312,2B,infield,9.766666666666666,
Martin Prado,35.0,2020,3312,2B,infield,8.566666666666666,
Martin Prado,36.0,2021,3312,2B,infield,7.366666666666665,
Martin Prado,37.0,2022,3312,2B,infield,6.166666666666665,
Martin Prado,38.0,2023,3312,2B,infield,4.966666666666665,
Martin Prado,39.0,2024,3312,2B,infield,3.7666666666666657,
Martin Prado,40.0,2025,3312,2B,infield,2.5666666666666664,
Martin Prado,41.0,2026,3312,2B,infield,1.3666666666666671,
Martin Prado,42.0,2027,3312,2B,infield,0.16666666666666785,
Martin Prado,33.0,2017,3312,3B,infield,6.533333333333333,
Martin Prado,34.0,2018,3312,3B,infield,5.333333333333334,
Martin Prado,35.0,2019,3312,3B,infield,4.133333333333334,
Martin Prado,36.0,2020,3312,3B,infield,2.9333333333333336,
Martin Prado,37.0,2021,3312,3B,infield,1.7333333333333334,
Martin Prado,38.0,2022,3312,3B,infield,0.5333333333333332,
Martin Prado,39.0,2023,3312,3B,infield,-0.666666666666667,
Martin Prado,40.0,2024,3312,3B,infield,-1.8666666666666663,
Martin Prado,41.0,2025,3312,3B,infield,-3.0666666666666655,
Martin Prado,42.0,2026,3312,3B,infield,-4.266666666666665,
Martin Prado,31.0,2017,3312,RF,outfield,-21.8,
Martin Prado,32.0,2018,3312,RF,outfield,-23.0,
Martin Prado,33.0,2019,3312,RF,outfield,-24.2,
Martin Prado,34.0,2020,3312,RF,outfield,-25.4,
Martin Prado,35.0,2021,3312,RF,outfield,-26.6,
Martin Prado,36.0,2022,3312,RF,outfield,-27.8,
Martin Prado,37.0,2023,3312,RF,outfield,-29.0,
Martin Prado,38.0,2024,3312,RF,outfield,-30.2,
Martin Prado,39.0,2025,3312,RF,outfield,-31.4,
Martin Prado,40.0,2026,3312,RF,outfield,-32.599999999999994,
Martin Prado,41.0,2027,3312,RF,outfield,-33.8,
Martin Prado,42.0,2028,3312,RF,outfield,-35.0,
Alberto Callaspo,32.0,2017,3336,1B,infield,4.8,
Alberto Callaspo,33.0,2018,3336,1B,infield,3.6,
Alberto Callaspo,34.0,2019,3336,1B,infield,2.4000000000000004,
Alberto Callaspo,35.0,2020,3336,1B,infield,1.2000000000000002,
Alberto Callaspo,36.0,2021,3336,1B,infield,0.0,
Alberto Callaspo,37.0,2022,3336,1B,infield,-1.2000000000000002,
Alberto Callaspo,38.0,2023,3336,1B,infield,-2.4000000000000004,
Alberto Callaspo,39.0,2024,3336,1B,infield,-3.5999999999999996,
Alberto Callaspo,40.0,2025,3336,1B,infield,-4.799999999999999,
Alberto Callaspo,41.0,2026,3336,1B,infield,-5.999999999999998,
Alberto Callaspo,42.0,2027,3336,1B,infield,-7.1999999999999975,
Alberto Callaspo,32.0,2017,3336,2B,infield,-7.6000000000000005,
Alberto Callaspo,33.0,2018,3336,2B,infield,-8.8,
Alberto Callaspo,34.0,2019,3336,2B,infield,-10.0,
Alberto Callaspo,35.0,2020,3336,2B,infield,-11.2,
Alberto Callaspo,36.0,2021,3336,2B,infield,-12.4,
Alberto Callaspo,37.0,2022,3336,2B,infield,-13.600000000000001,
Alberto Callaspo,38.0,2023,3336,2B,infield,-14.8,
Alberto Callaspo,39.0,2024,3336,2B,infield,-16.0,
Alberto Callaspo,40.0,2025,3336,2B,infield,-17.2,
Alberto Callaspo,41.0,2026,3336,2B,infield,-18.4,
Alberto Callaspo,42.0,2027,3336,2B,infield,-19.599999999999998,
Alberto Callaspo,33.0,2017,3336,3B,infield,-1.5999999999999996,
Alberto Callaspo,34.0,2018,3336,3B,infield,-2.8,
Alberto Callaspo,35.0,2019,3336,3B,infield,-3.9999999999999996,
Alberto Callaspo,36.0,2020,3336,3B,infield,-5.199999999999999,
Alberto Callaspo,37.0,2021,3336,3B,infield,-6.3999999999999995,
Alberto Callaspo,38.0,2022,3336,3B,infield,-7.6,
Alberto Callaspo,39.0,2023,3336,3B,infield,-8.8,
Alberto Callaspo,40.0,2024,3336,3B,infield,-10.0,
Alberto Callaspo,41.0,2025,3336,3B,infield,-11.2,
Alberto Callaspo,42.0,2026,3336,3B,infield,-12.399999999999999,
Matt Joyce,32.0,2017,3353,LF,outfield,-1.15,
Matt Joyce,33.0,2018,3353,LF,outfield,-2.3499999999999996,
Matt Joyce,34.0,2019,3353,LF,outfield,-3.55,
Matt Joyce,35.0,2020,3353,LF,outfield,-4.75,
Matt Joyce,36.0,2021,3353,LF,outfield,-5.95,
Matt Joyce,37.0,2022,3353,LF,outfield,-7.15,
Matt Joyce,38.0,2023,3353,LF,outfield,-8.35,
Matt Joyce,39.0,2024,3353,LF,outfield,-9.549999999999999,
Matt Joyce,40.0,2025,3353,LF,outfield,-10.749999999999998,
Matt Joyce,41.0,2026,3353,LF,outfield,-11.949999999999998,
Matt Joyce,42.0,2027,3353,LF,outfield,-13.149999999999997,
Matt Joyce,32.0,2017,3353,RF,outfield,-8.0,
Matt Joyce,33.0,2018,3353,RF,outfield,-9.2,
Matt Joyce,34.0,2019,3353,RF,outfield,-10.399999999999999,
Matt Joyce,35.0,2020,3353,RF,outfield,-11.6,
Matt Joyce,36.0,2021,3353,RF,outfield,-12.8,
Matt Joyce,37.0,2022,3353,RF,outfield,-14.0,
Matt Joyce,38.0,2023,3353,RF,outfield,-15.2,
Matt Joyce,39.0,2024,3353,RF,outfield,-16.4,
Matt Joyce,40.0,2025,3353,RF,outfield,-17.599999999999998,
Matt Joyce,41.0,2026,3353,RF,outfield,-18.799999999999997,
Matt Joyce,42.0,2027,3353,RF,outfield,-19.999999999999996,
Gaby Sanchez,31.0,2017,3361,1B,infield,-2.8000000000000003,
Gaby Sanchez,32.0,2018,3361,1B,infield,-4.0,
Gaby Sanchez,33.0,2019,3361,1B,infield,-5.2,
Gaby Sanchez,34.0,2020,3361,1B,infield,-6.4,
Gaby Sanchez,35.0,2021,3361,1B,infield,-7.6000000000000005,
Gaby Sanchez,36.0,2022,3361,1B,infield,-8.8,
Gaby Sanchez,37.0,2023,3361,1B,infield,-10.0,
Gaby Sanchez,38.0,2024,3361,1B,infield,-11.2,
Gaby Sanchez,39.0,2025,3361,1B,infield,-12.399999999999999,
Gaby Sanchez,40.0,2026,3361,1B,infield,-13.599999999999998,
Gaby Sanchez,41.0,2027,3361,1B,infield,-14.799999999999997,
Gaby Sanchez,42.0,2028,3361,1B,infield,-15.999999999999996,
Miguel Montero,33.0,2017,3364,C,catcher,,2.9349431818181824
Miguel Montero,34.0,2018,3364,C,catcher,,1.7349431818181826
Miguel Montero,35.0,2019,3364,C,catcher,,0.5349431818181829
Miguel Montero,36.0,2020,3364,C,catcher,,-0.6650568181818173
Miguel Montero,37.0,2021,3364,C,catcher,,-1.8650568181818175
Miguel Montero,38.0,2022,3364,C,catcher,,-3.0650568181818176
Miguel Montero,39.0,2023,3364,C,catcher,,-4.265056818181818
Miguel Montero,40.0,2024,3364,C,catcher,,-5.465056818181817
Miguel Montero,41.0,2025,3364,C,catcher,,-6.665056818181816
Miguel Montero,42.0,2026,3364,C,catcher,,-7.865056818181816
Alejandro De Aza,33.0,2017,3371,CF,outfield,0.6000000000000003,
Alejandro De Aza,34.0,2018,3371,CF,outfield,-0.5999999999999996,
Alejandro De Aza,35.0,2019,3371,CF,outfield,-1.7999999999999994,
Alejandro De Aza,36.0,2020,3371,CF,outfield,-2.9999999999999996,
Alejandro De Aza,37.0,2021,3371,CF,outfield,-4.199999999999999,
Alejandro De Aza,38.0,2022,3371,CF,outfield,-5.4,
Alejandro De Aza,39.0,2023,3371,CF,outfield,-6.6,
Alejandro De Aza,40.0,2024,3371,CF,outfield,-7.799999999999999,
Alejandro De Aza,41.0,2025,3371,CF,outfield,-8.999999999999998,
Alejandro De Aza,42.0,2026,3371,CF,outfield,-10.199999999999998,
Alejandro De Aza,33.0,2017,3371,LF,outfield,-5.983333333333333,
Alejandro De Aza,34.0,2018,3371,LF,outfield,-7.183333333333334,
Alejandro De Aza,35.0,2019,3371,LF,outfield,-8.383333333333333,
Alejandro De Aza,36.0,2020,3371,LF,outfield,-9.583333333333332,
Alejandro De Aza,37.0,2021,3371,LF,outfield,-10.783333333333333,
Alejandro De Aza,38.0,2022,3371,LF,outfield,-11.983333333333334,
Alejandro De Aza,39.0,2023,3371,LF,outfield,-13.183333333333334,
Alejandro De Aza,40.0,2024,3371,LF,outfield,-14.383333333333333,
Alejandro De Aza,41.0,2025,3371,LF,outfield,-15.583333333333332,
Alejandro De Aza,42.0,2026,3371,LF,outfield,-16.78333333333333,
Alejandro De Aza,33.0,2017,3371,RF,outfield,-18.5,
Alejandro De Aza,34.0,2018,3371,RF,outfield,-19.7,
Alejandro De Aza,35.0,2019,3371,RF,outfield,-20.9,
Alejandro De Aza,36.0,2020,3371,RF,outfield,-22.1,
Alejandro De Aza,37.0,2021,3371,RF,outfield,-23.3,
Alejandro De Aza,38.0,2022,3371,RF,outfield,-24.5,
Alejandro De Aza,39.0,2023,3371,RF,outfield,-25.700000000000003,
Alejandro De Aza,40.0,2024,3371,RF,outfield,-26.9,
Alejandro De Aza,41.0,2025,3371,RF,outfield,-28.1,
Alejandro De Aza,42.0,2026,3371,RF,outfield,-29.299999999999997,
Nick Hundley,33.0,2017,3376,C,catcher,,-23.68424401635717
Nick Hundley,34.0,2018,3376,C,catcher,,-24.88424401635717
Nick Hundley,35.0,2019,3376,C,catcher,,-26.084244016357168
Nick Hundley,36.0,2020,3376,C,catcher,,-27.28424401635717
Nick Hundley,37.0,2021,3376,C,catcher,,-28.48424401635717
Nick Hundley,38.0,2022,3376,C,catcher,,-29.68424401635717
Nick Hundley,39.0,2023,3376,C,catcher,,-30.884244016357172
Nick Hundley,40.0,2024,3376,C,catcher,,-32.08424401635717
Nick Hundley,41.0,2025,3376,C,catcher,,-33.28424401635717
Nick Hundley,42.0,2026,3376,C,catcher,,-34.48424401635717
Chris Getz,31.0,2017,3388,2B,infield,-2.6,
Chris Getz,32.0,2018,3388,2B,infield,-3.8,
Chris Getz,33.0,2019,3388,2B,infield,-5.0,
Chris Getz,34.0,2020,3388,2B,infield,-6.2,
Chris Getz,35.0,2021,3388,2B,infield,-7.4,
Chris Getz,36.0,2022,3388,2B,infield,-8.600000000000001,
Chris Getz,37.0,2023,3388,2B,infield,-9.8,
Chris Getz,38.0,2024,3388,2B,infield,-11.0,
Chris Getz,39.0,2025,3388,2B,infield,-12.2,
Chris Getz,40.0,2026,3388,2B,infield,-13.399999999999999,
Chris Getz,41.0,2027,3388,2B,infield,-14.599999999999998,
Chris Getz,42.0,2028,3388,2B,infield,-15.799999999999997,
John Mayberry,31.0,2017,3390,1B,infield,-4.1,
John Mayberry,32.0,2018,3390,1B,infield,-5.3,
John Mayberry,33.0,2019,3390,1B,infield,-6.5,
John Mayberry,34.0,2020,3390,1B,infield,-7.7,
John Mayberry,35.0,2021,3390,1B,infield,-8.9,
John Mayberry,36.0,2022,3390,1B,infield,-10.100000000000001,
John Mayberry,37.0,2023,3390,1B,infield,-11.3,
John Mayberry,38.0,2024,3390,1B,infield,-12.5,
John Mayberry,39.0,2025,3390,1B,infield,-13.7,
John Mayberry,40.0,2026,3390,1B,infield,-14.899999999999999,
John Mayberry,41.0,2027,3390,1B,infield,-16.099999999999998,
John Mayberry,42.0,2028,3390,1B,infield,-17.299999999999997,
John Mayberry,31.0,2017,3390,CF,outfield,18.799999999999997,
John Mayberry,32.0,2018,3390,CF,outfield,17.599999999999998,
John Mayberry,33.0,2019,3390,CF,outfield,16.4,
John Mayberry,34.0,2020,3390,CF,outfield,15.2,
John Mayberry,35.0,2021,3390,CF,outfield,13.999999999999998,
John Mayberry,36.0,2022,3390,CF,outfield,12.799999999999997,
John Mayberry,37.0,2023,3390,CF,outfield,11.599999999999998,
John Mayberry,38.0,2024,3390,CF,outfield,10.399999999999999,
John Mayberry,39.0,2025,3390,CF,outfield,9.2,
John Mayberry,40.0,2026,3390,CF,outfield,8.0,
John Mayberry,41.0,2027,3390,CF,outfield,6.800000000000001,
John Mayberry,42.0,2028,3390,CF,outfield,5.600000000000001,
John Mayberry,32.0,2017,3390,LF,outfield,-1.5999999999999996,
John Mayberry,33.0,2018,3390,LF,outfield,-2.8,
John Mayberry,34.0,2019,3390,LF,outfield,-3.9999999999999996,
John Mayberry,35.0,2020,3390,LF,outfield,-5.199999999999999,
John Mayberry,36.0,2021,3390,LF,outfield,-6.3999999999999995,
John Mayberry,37.0,2022,3390,LF,outfield,-7.6,
John Mayberry,38.0,2023,3390,LF,outfield,-8.8,
John Mayberry,39.0,2024,3390,LF,outfield,-10.0,
John Mayberry,40.0,2025,3390,LF,outfield,-11.2,
John Mayberry,41.0,2026,3390,LF,outfield,-12.399999999999999,
John Mayberry,42.0,2027,3390,LF,outfield,-13.599999999999998,
John Mayberry,32.0,2017,3390,RF,outfield,-15.7,
John Mayberry,33.0,2018,3390,RF,outfield,-16.9,
John Mayberry,34.0,2019,3390,RF,outfield,-18.1,
John Mayberry,35.0,2020,3390,RF,outfield,-19.3,
John Mayberry,36.0,2021,3390,RF,outfield,-20.5,
John Mayberry,37.0,2022,3390,RF,outfield,-21.7,
John Mayberry,38.0,2023,3390,RF,outfield,-22.9,
John Mayberry,39.0,2024,3390,RF,outfield,-24.1,
John Mayberry,40.0,2025,3390,RF,outfield,-25.299999999999997,
John Mayberry,41.0,2026,3390,RF,outfield,-26.5,
John Mayberry,42.0,2027,3390,RF,outfield,-27.699999999999996,
Cliff Pennington,33.0,2017,3395,2B,infield,6.2333333333333325,
Cliff Pennington,34.0,2018,3395,2B,infield,5.033333333333333,
Cliff Pennington,35.0,2019,3395,2B,infield,3.833333333333333,
Cliff Pennington,36.0,2020,3395,2B,infield,2.633333333333333,
Cliff Pennington,37.0,2021,3395,2B,infield,1.4333333333333327,
Cliff Pennington,38.0,2022,3395,2B,infield,0.2333333333333325,
Cliff Pennington,39.0,2023,3395,2B,infield,-0.9666666666666677,
Cliff Pennington,40.0,2024,3395,2B,infield,-2.166666666666667,
Cliff Pennington,41.0,2025,3395,2B,infield,-3.3666666666666663,
Cliff Pennington,42.0,2026,3395,2B,infield,-4.5666666666666655,
Cliff Pennington,31.0,2017,3395,3B,infield,9.700000000000001,
Cliff Pennington,32.0,2018,3395,3B,infield,8.5,
Cliff Pennington,33.0,2019,3395,3B,infield,7.300000000000001,
Cliff Pennington,34.0,2020,3395,3B,infield,6.1000000000000005,
Cliff Pennington,35.0,2021,3395,3B,infield,4.9,
Cliff Pennington,36.0,2022,3395,3B,infield,3.7,
Cliff Pennington,37.0,2023,3395,3B,infield,2.5,
Cliff Pennington,38.0,2024,3395,3B,infield,1.3000000000000007,
Cliff Pennington,39.0,2025,3395,3B,infield,0.10000000000000142,
Cliff Pennington,40.0,2026,3395,3B,infield,-1.0999999999999979,
Cliff Pennington,41.0,2027,3395,3B,infield,-2.299999999999997,
Cliff Pennington,42.0,2028,3395,3B,infield,-3.4999999999999964,
Cliff Pennington,33.0,2017,3395,SS,infield,4.9833333333333325,
Cliff Pennington,34.0,2018,3395,SS,infield,3.7833333333333328,
Cliff Pennington,35.0,2019,3395,SS,infield,2.583333333333333,
Cliff Pennington,36.0,2020,3395,SS,infield,1.3833333333333329,
Cliff Pennington,37.0,2021,3395,SS,infield,0.18333333333333268,
Cliff Pennington,38.0,2022,3395,SS,infield,-1.0166666666666675,
Cliff Pennington,39.0,2023,3395,SS,infield,-2.2166666666666677,
Cliff Pennington,40.0,2024,3395,SS,infield,-3.416666666666667,
Cliff Pennington,41.0,2025,3395,SS,infield,-4.616666666666666,
Cliff Pennington,42.0,2026,3395,SS,infield,-5.8166666666666655,
Ryan Braun,33.0,2017,3410,LF,outfield,-3.2,
Ryan Braun,34.0,2018,3410,LF,outfield,-4.4,
Ryan Braun,35.0,2019,3410,LF,outfield,-5.6,
Ryan Braun,36.0,2020,3410,LF,outfield,-6.8,
Ryan Braun,37.0,2021,3410,LF,outfield,-8.0,
Ryan Braun,38.0,2022,3410,LF,outfield,-9.2,
Ryan Braun,39.0,2023,3410,LF,outfield,-10.4,
Ryan Braun,40.0,2024,3410,LF,outfield,-11.6,
Ryan Braun,41.0,2025,3410,LF,outfield,-12.799999999999999,
Ryan Braun,42.0,2026,3410,LF,outfield,-13.999999999999998,
Ryan Braun,32.0,2017,3410,RF,outfield,-6.0,
Ryan Braun,33.0,2018,3410,RF,outfield,-7.199999999999999,
Ryan Braun,34.0,2019,3410,RF,outfield,-8.399999999999999,
Ryan Braun,35.0,2020,3410,RF,outfield,-9.6,
Ryan Braun,36.0,2021,3410,RF,outfield,-10.8,
Ryan Braun,37.0,2022,3410,RF,outfield,-12.0,
Ryan Braun,38.0,2023,3410,RF,outfield,-13.2,
Ryan Braun,39.0,2024,3410,RF,outfield,-14.399999999999999,
Ryan Braun,40.0,2025,3410,RF,outfield,-15.599999999999998,
Ryan Braun,41.0,2026,3410,RF,outfield,-16.799999999999997,
Ryan Braun,42.0,2027,3410,RF,outfield,-17.999999999999996,
Drew Butera,33.0,2017,3411,C,catcher,,-14.801081385603739
Drew Butera,34.0,2018,3411,C,catcher,,-16.00108138560374
Drew Butera,35.0,2019,3411,C,catcher,,-17.20108138560374
Drew Butera,36.0,2020,3411,C,catcher,,-18.40108138560374
Drew Butera,37.0,2021,3411,C,catcher,,-19.60108138560374
Drew Butera,38.0,2022,3411,C,catcher,,-20.80108138560374
Drew Butera,39.0,2023,3411,C,catcher,,-22.00108138560374
Drew Butera,40.0,2024,3411,C,catcher,,-23.20108138560374
Drew Butera,41.0,2025,3411,C,catcher,,-24.40108138560374
Drew Butera,42.0,2026,3411,C,catcher,,-25.601081385603738
Allen Craig,30.0,2017,3433,1B,infield,-2.1,
Allen Craig,31.0,2018,3433,1B,infield,-2.7,
Allen Craig,32.0,2019,3433,1B,infield,-3.9,
Allen Craig,33.0,2020,3433,1B,infield,-5.1,
Allen Craig,34.0,2021,3433,1B,infield,-6.3,
Allen Craig,35.0,2022,3433,1B,infield,-7.5,
Allen Craig,36.0,2023,3433,1B,infield,-8.7,
Allen Craig,37.0,2024,3433,1B,infield,-9.9,
Allen Craig,38.0,2025,3433,1B,infield,-11.1,
Allen Craig,39.0,2026,3433,1B,infield,-12.299999999999999,
Allen Craig,40.0,2027,3433,1B,infield,-13.499999999999998,
Allen Craig,41.0,2028,3433,1B,infield,-14.699999999999998,
Allen Craig,42.0,2029,3433,1B,infield,-15.899999999999997,
Allen Craig,31.0,2017,3433,RF,outfield,-6.866666666666666,
Allen Craig,32.0,2018,3433,RF,outfield,-8.066666666666666,
Allen Craig,33.0,2019,3433,RF,outfield,-9.266666666666666,
Allen Craig,34.0,2020,3433,RF,outfield,-10.466666666666667,
Allen Craig,35.0,2021,3433,RF,outfield,-11.666666666666668,
Allen Craig,36.0,2022,3433,RF,outfield,-12.866666666666667,
Allen Craig,37.0,2023,3433,RF,outfield,-14.066666666666666,
Allen Craig,38.0,2024,3433,RF,outfield,-15.266666666666666,
Allen Craig,39.0,2025,3433,RF,outfield,-16.466666666666665,
Allen Craig,40.0,2026,3433,RF,outfield,-17.666666666666664,
Allen Craig,41.0,2027,3433,RF,outfield,-18.866666666666664,
Allen Craig,42.0,2028,3433,RF,outfield,-20.066666666666663,
Nolan Reimold,32.0,2017,3441,CF,outfield,-27.099999999999998,
Nolan Reimold,33.0,2018,3441,CF,outfield,-28.299999999999997,
Nolan Reimold,34.0,2019,3441,CF,outfield,-29.5,
Nolan Reimold,35.0,2020,3441,CF,outfield,-30.7,
Nolan Reimold,36.0,2021,3441,CF,outfield,-31.9,
Nolan Reimold,37.0,2022,3441,CF,outfield,-33.1,
Nolan Reimold,38.0,2023,3441,CF,outfield,-34.3,
Nolan Reimold,39.0,2024,3441,CF,outfield,-35.5,
Nolan Reimold,40.0,2025,3441,CF,outfield,-36.699999999999996,
Nolan Reimold,41.0,2026,3441,CF,outfield,-37.9,
Nolan Reimold,42.0,2027,3441,CF,outfield,-39.099999999999994,
Nolan Reimold,33.0,2017,3441,LF,outfield,3.2333333333333334,
Nolan Reimold,34.0,2018,3441,LF,outfield,2.0333333333333337,
Nolan Reimold,35.0,2019,3441,LF,outfield,0.8333333333333339,
Nolan Reimold,36.0,2020,3441,LF,outfield,-0.36666666666666625,
Nolan Reimold,37.0,2021,3441,LF,outfield,-1.5666666666666664,
Nolan Reimold,38.0,2022,3441,LF,outfield,-2.7666666666666666,
Nolan Reimold,39.0,2023,3441,LF,outfield,-3.966666666666667,
Nolan Reimold,40.0,2024,3441,LF,outfield,-5.166666666666666,
Nolan Reimold,41.0,2025,3441,LF,outfield,-6.366666666666665,
Nolan Reimold,42.0,2026,3441,LF,outfield,-7.566666666666665,
Nolan Reimold,33.0,2017,3441,RF,outfield,-4.7,
Nolan Reimold,34.0,2018,3441,RF,outfield,-5.9,
Nolan Reimold,35.0,2019,3441,RF,outfield,-7.1,
Nolan Reimold,36.0,2020,3441,RF,outfield,-8.3,
Nolan Reimold,37.0,2021,3441,RF,outfield,-9.5,
Nolan Reimold,38.0,2022,3441,RF,outfield,-10.7,
Nolan Reimold,39.0,2023,3441,RF,outfield,-11.9,
Nolan Reimold,40.0,2024,3441,RF,outfield,-13.1,
Nolan Reimold,41.0,2025,3441,RF,outfield,-14.299999999999999,
Nolan Reimold,42.0,2026,3441,RF,outfield,-15.499999999999998,
Dan Uggla,36.0,2017,3442,2B,infield,3.633333333333333,
Dan Uggla,37.0,2018,3442,2B,infield,2.433333333333333,
Dan Uggla,38.0,2019,3442,2B,infield,1.2333333333333334,
Dan Uggla,39.0,2020,3442,2B,infield,0.033333333333333215,
Dan Uggla,40.0,2021,3442,2B,infield,-1.166666666666667,
Dan Uggla,41.0,2022,3442,2B,infield,-2.366666666666667,
Dan Uggla,42.0,2023,3442,2B,infield,-3.5666666666666673,
Jeff Mathis,34.0,2017,3448,C,catcher,,21.85251155066564
Jeff Mathis,35.0,2018,3448,C,catcher,,20.65251155066564
Jeff Mathis,36.0,2019,3448,C,catcher,,19.45251155066564
Jeff Mathis,37.0,2020,3448,C,catcher,,18.252511550665638
Jeff Mathis,38.0,2021,3448,C,catcher,,17.05251155066564
Jeff Mathis,39.0,2022,3448,C,catcher,,15.852511550665639
Jeff Mathis,40.0,2023,3448,C,catcher,,14.652511550665638
Jeff Mathis,41.0,2024,3448,C,catcher,,13.452511550665639
Jeff Mathis,42.0,2025,3448,C,catcher,,12.25251155066564
Anthony Rizzo,27.0,2017,3473,1B,infield,2.1999999999999993,
Anthony Rizzo,28.0,2018,3473,1B,infield,1.5999999999999994,
Anthony Rizzo,29.0,2019,3473,1B,infield,0.9999999999999996,
Anthony Rizzo,30.0,2020,3473,1B,infield,0.39999999999999947,
Anthony Rizzo,31.0,2021,3473,1B,infield,-0.20000000000000062,
Anthony Rizzo,32.0,2022,3473,1B,infield,-1.4000000000000008,
Anthony Rizzo,33.0,2023,3473,1B,infield,-2.600000000000001,
Anthony Rizzo,34.0,2024,3473,1B,infield,-3.800000000000001,
Anthony Rizzo,35.0,2025,3473,1B,infield,-5.000000000000002,
Anthony Rizzo,36.0,2026,3473,1B,infield,-6.200000000000001,
Anthony Rizzo,37.0,2027,3473,1B,infield,-7.4,
Anthony Rizzo,38.0,2028,3473,1B,infield,-8.6,
Anthony Rizzo,39.0,2029,3473,1B,infield,-9.799999999999999,
Anthony Rizzo,40.0,2030,3473,1B,infield,-10.999999999999998,
Anthony Rizzo,41.0,2031,3473,1B,infield,-12.199999999999998,
Eric Hosmer,27.0,2017,3516,1B,infield,-2.35,
Eric Hosmer,28.0,2018,3516,1B,infield,-2.95,
Eric Hosmer,29.0,2019,3516,1B,infield,-3.55,
Eric Hosmer,30.0,2020,3516,1B,infield,-4.15,
Eric Hosmer,31.0,2021,3516,1B,infield,-4.75,
Eric Hosmer,32.0,2022,3516,1B,infield,-5.95,
Eric Hosmer,33.0,2023,3516,1B,infield,-7.15,
Eric Hosmer,34.0,2024,3516,1B,infield,-8.350000000000001,
Eric Hosmer,35.0,2025,3516,1B,infield,-9.55,
Eric Hosmer,36.0,2026,3516,1B,infield,-10.75,
Eric Hosmer,37.0,2027,3516,1B,infield,-11.95,
Eric Hosmer,38.0,2028,3516,1B,infield,-13.149999999999999,
Eric Hosmer,39.0,2029,3516,1B,infield,-14.349999999999998,
Eric Hosmer,40.0,2030,3516,1B,infield,-15.549999999999997,
Eric Hosmer,41.0,2031,3516,1B,infield,-16.749999999999996,
Troy Tulowitzki,32.0,2017,3531,SS,infield,3.5,
Troy Tulowitzki,33.0,2018,3531,SS,infield,2.3000000000000003,
Troy Tulowitzki,34.0,2019,3531,SS,infield,1.1000000000000005,
Troy Tulowitzki,35.0,2020,3531,SS,infield,-0.09999999999999964,
Troy Tulowitzki,36.0,2021,3531,SS,infield,-1.2999999999999998,
Troy Tulowitzki,37.0,2022,3531,SS,infield,-2.5,
Troy Tulowitzki,38.0,2023,3531,SS,infield,-3.7,
Troy Tulowitzki,39.0,2024,3531,SS,infield,-4.8999999999999995,
Troy Tulowitzki,40.0,2025,3531,SS,infield,-6.099999999999999,
Troy Tulowitzki,41.0,2026,3531,SS,infield,-7.299999999999998,
Troy Tulowitzki,42.0,2027,3531,SS,infield,-8.499999999999996,
Eli Whiteside,35.0,2017,3536,C,catcher,,-43.3875
Eli Whiteside,36.0,2018,3536,C,catcher,,-44.5875
Eli Whiteside,37.0,2019,3536,C,catcher,,-45.7875
Eli Whiteside,38.0,2020,3536,C,catcher,,-46.9875
Eli Whiteside,39.0,2021,3536,C,catcher,,-48.1875
Eli Whiteside,40.0,2022,3536,C,catcher,,-49.3875
Eli Whiteside,41.0,2023,3536,C,catcher,,-50.5875
Eli Whiteside,42.0,2024,3536,C,catcher,,-51.7875
Rene Rivera,33.0,2017,3648,C,catcher,,11.17703854531982
Rene Rivera,34.0,2018,3648,C,catcher,,9.97703854531982
Rene Rivera,35.0,2019,3648,C,catcher,,8.77703854531982
Rene Rivera,36.0,2020,3648,C,catcher,,7.57703854531982
Rene Rivera,37.0,2021,3648,C,catcher,,6.37703854531982
Rene Rivera,38.0,2022,3648,C,catcher,,5.17703854531982
Rene Rivera,39.0,2023,3648,C,catcher,,3.97703854531982
Rene Rivera,40.0,2024,3648,C,catcher,,2.7770385453198205
Rene Rivera,41.0,2025,3648,C,catcher,,1.5770385453198212
Rene Rivera,42.0,2026,3648,C,catcher,,0.37703854531982195
Brooks Conrad,35.0,2017,3664,2B,infield,-8.299999999999999,
Brooks Conrad,36.0,2018,3664,2B,infield,-9.5,
Brooks Conrad,37.0,2019,3664,2B,infield,-10.7,
Brooks Conrad,38.0,2020,3664,2B,infield,-11.899999999999999,
Brooks Conrad,39.0,2021,3664,2B,infield,-13.1,
Brooks Conrad,40.0,2022,3664,2B,infield,-14.3,
Brooks Conrad,41.0,2023,3664,2B,infield,-15.5,
Brooks Conrad,42.0,2024,3664,2B,infield,-16.7,
Jack Hannahan,35.0,2017,3692,1B,infield,22.0,
Jack Hannahan,36.0,2018,3692,1B,infield,20.8,
Jack Hannahan,37.0,2019,3692,1B,infield,19.6,
Jack Hannahan,38.0,2020,3692,1B,infield,18.4,
Jack Hannahan,39.0,2021,3692,1B,infield,17.2,
Jack Hannahan,40.0,2022,3692,1B,infield,16.0,
Jack Hannahan,41.0,2023,3692,1B,infield,14.799999999999999,
Jack Hannahan,42.0,2024,3692,1B,infield,13.6,
Skip Schumaker,36.0,2017,3704,2B,infield,-0.433333333333333,
Skip Schumaker,37.0,2018,3704,2B,infield,-1.6333333333333329,
Skip Schumaker,38.0,2019,3704,2B,infield,-2.8333333333333326,
Skip Schumaker,39.0,2020,3704,2B,infield,-4.033333333333333,
Skip Schumaker,40.0,2021,3704,2B,infield,-5.233333333333333,
Skip Schumaker,41.0,2022,3704,2B,infield,-6.433333333333334,
Skip Schumaker,42.0,2023,3704,2B,infield,-7.633333333333334,
Skip Schumaker,35.0,2017,3704,CF,outfield,-1.3,
Skip Schumaker,36.0,2018,3704,CF,outfield,-2.5,
Skip Schumaker,37.0,2019,3704,CF,outfield,-3.6999999999999997,
Skip Schumaker,38.0,2020,3704,CF,outfield,-4.8999999999999995,
Skip Schumaker,39.0,2021,3704,CF,outfield,-6.1,
Skip Schumaker,40.0,2022,3704,CF,outfield,-7.3,
Skip Schumaker,41.0,2023,3704,CF,outfield,-8.5,
Skip Schumaker,42.0,2024,3704,CF,outfield,-9.7,
Skip Schumaker,36.0,2017,3704,LF,outfield,-19.233333333333334,
Skip Schumaker,37.0,2018,3704,LF,outfield,-20.433333333333334,
Skip Schumaker,38.0,2019,3704,LF,outfield,-21.633333333333333,
Skip Schumaker,39.0,2020,3704,LF,outfield,-22.833333333333336,
Skip Schumaker,40.0,2021,3704,LF,outfield,-24.033333333333335,
Skip Schumaker,41.0,2022,3704,LF,outfield,-25.233333333333334,
Skip Schumaker,42.0,2023,3704,LF,outfield,-26.433333333333337,
Skip Schumaker,35.0,2017,3704,RF,outfield,-13.7,
Skip Schumaker,36.0,2018,3704,RF,outfield,-14.9,
Skip Schumaker,37.0,2019,3704,RF,outfield,-16.1,
Skip Schumaker,38.0,2020,3704,RF,outfield,-17.3,
Skip Schumaker,39.0,2021,3704,RF,outfield,-18.5,
Skip Schumaker,40.0,2022,3704,RF,outfield,-19.7,
Skip Schumaker,41.0,2023,3704,RF,outfield,-20.9,
Skip Schumaker,42.0,2024,3704,RF,outfield,-22.1,
Geovany Soto,34.0,2017,3707,C,catcher,,-10.990450772795258
Geovany Soto,35.0,2018,3707,C,catcher,,-12.19045077279526
Geovany Soto,36.0,2019,3707,C,catcher,,-13.390450772795258
Geovany Soto,37.0,2020,3707,C,catcher,,-14.590450772795258
Geovany Soto,38.0,2021,3707,C,catcher,,-15.790450772795259
Geovany Soto,39.0,2022,3707,C,catcher,,-16.99045077279526
Geovany Soto,40.0,2023,3707,C,catcher,,-18.19045077279526
Geovany Soto,41.0,2024,3707,C,catcher,,-19.39045077279526
Geovany Soto,42.0,2025,3707,C,catcher,,-20.590450772795258
Rajai Davis,36.0,2017,3708,CF,outfield,-2.2,
Rajai Davis,37.0,2018,3708,CF,outfield,-3.4,
Rajai Davis,38.0,2019,3708,CF,outfield,-4.6,
Rajai Davis,39.0,2020,3708,CF,outfield,-5.8,
Rajai Davis,40.0,2021,3708,CF,outfield,-7.0,
Rajai Davis,41.0,2022,3708,CF,outfield,-8.2,
Rajai Davis,42.0,2023,3708,CF,outfield,-9.4,
Rajai Davis,36.0,2017,3708,LF,outfield,-0.18333333333333335,
Rajai Davis,37.0,2018,3708,LF,outfield,-1.3833333333333333,
Rajai Davis,38.0,2019,3708,LF,outfield,-2.583333333333333,
Rajai Davis,39.0,2020,3708,LF,outfield,-3.783333333333333,
Rajai Davis,40.0,2021,3708,LF,outfield,-4.983333333333333,
Rajai Davis,41.0,2022,3708,LF,outfield,-6.183333333333334,
Rajai Davis,42.0,2023,3708,LF,outfield,-7.383333333333334,
Rajai Davis,35.0,2017,3708,RF,outfield,-36.400000000000006,
Rajai Davis,36.0,2018,3708,RF,outfield,-37.6,
Rajai Davis,37.0,2019,3708,RF,outfield,-38.800000000000004,
Rajai Davis,38.0,2020,3708,RF,outfield,-40.0,
Rajai Davis,39.0,2021,3708,RF,outfield,-41.2,
Rajai Davis,40.0,2022,3708,RF,outfield,-42.400000000000006,
Rajai Davis,41.0,2023,3708,RF,outfield,-43.6,
Rajai Davis,42.0,2024,3708,RF,outfield,-44.800000000000004,
David Wright,34.0,2017,3787,3B,infield,-11.366666666666665,
David Wright,35.0,2018,3787,3B,infield,-12.566666666666666,
David Wright,36.0,2019,3787,3B,infield,-13.766666666666666,
David Wright,37.0,2020,3787,3B,infield,-14.966666666666665,
David Wright,38.0,2021,3787,3B,infield,-16.166666666666664,
David Wright,39.0,2022,3787,3B,infield,-17.366666666666667,
David Wright,40.0,2023,3787,3B,infield,-18.566666666666666,
David Wright,41.0,2024,3787,3B,infield,-19.766666666666666,
David Wright,42.0,2025,3787,3B,infield,-20.966666666666665,
Jayson Nix,32.0,2017,3790,2B,infield,-0.8999999999999999,
Jayson Nix,33.0,2018,3790,2B,infield,-2.1,
Jayson Nix,34.0,2019,3790,2B,infield,-3.3,
Jayson Nix,35.0,2020,3790,2B,infield,-4.5,
Jayson Nix,36.0,2021,3790,2B,infield,-5.7,
Jayson Nix,37.0,2022,3790,2B,infield,-6.9,
Jayson Nix,38.0,2023,3790,2B,infield,-8.1,
Jayson Nix,39.0,2024,3790,2B,infield,-9.299999999999999,
Jayson Nix,40.0,2025,3790,2B,infield,-10.499999999999998,
Jayson Nix,41.0,2026,3790,2B,infield,-11.699999999999998,
Jayson Nix,42.0,2027,3790,2B,infield,-12.899999999999997,
Jayson Nix,32.0,2017,3790,3B,infield,-0.29999999999999993,
Jayson Nix,33.0,2018,3790,3B,infield,-1.5,
Jayson Nix,34.0,2019,3790,3B,infield,-2.6999999999999997,
Jayson Nix,35.0,2020,3790,3B,infield,-3.9,
Jayson Nix,36.0,2021,3790,3B,infield,-5.1,
Jayson Nix,37.0,2022,3790,3B,infield,-6.3,
Jayson Nix,38.0,2023,3790,3B,infield,-7.5,
Jayson Nix,39.0,2024,3790,3B,infield,-8.7,
Jayson Nix,40.0,2025,3790,3B,infield,-9.899999999999999,
Jayson Nix,41.0,2026,3790,3B,infield,-11.099999999999998,
Jayson Nix,42.0,2027,3790,3B,infield,-12.299999999999997,
J.J. Hardy,34.0,2017,3797,SS,infield,9.183333333333335,
J.J. Hardy,35.0,2018,3797,SS,infield,7.983333333333334,
J.J. Hardy,36.0,2019,3797,SS,infield,6.783333333333335,
J.J. Hardy,37.0,2020,3797,SS,infield,5.583333333333335,
J.J. Hardy,38.0,2021,3797,SS,infield,4.383333333333335,
J.J. Hardy,39.0,2022,3797,SS,infield,3.1833333333333345,
J.J. Hardy,40.0,2023,3797,SS,infield,1.9833333333333343,
J.J. Hardy,41.0,2024,3797,SS,infield,0.783333333333335,
J.J. Hardy,42.0,2025,3797,SS,infield,-0.4166666666666643,
Gregorio Petit,32.0,2017,3812,2B,infield,-10.166666666666666,
Gregorio Petit,33.0,2018,3812,2B,infield,-11.366666666666667,
Gregorio Petit,34.0,2019,3812,2B,infield,-12.566666666666666,
Gregorio Petit,35.0,2020,3812,2B,infield,-13.766666666666666,
Gregorio Petit,36.0,2021,3812,2B,infield,-14.966666666666667,
Gregorio Petit,37.0,2022,3812,2B,infield,-16.166666666666668,
Gregorio Petit,38.0,2023,3812,2B,infield,-17.366666666666667,
Gregorio Petit,39.0,2024,3812,2B,infield,-18.566666666666666,
Gregorio Petit,40.0,2025,3812,2B,infield,-19.766666666666666,
Gregorio Petit,41.0,2026,3812,2B,infield,-20.966666666666665,
Gregorio Petit,42.0,2027,3812,2B,infield,-22.166666666666664,
Gregorio Petit,32.0,2017,3812,3B,infield,3.2249999999999988,
Gregorio Petit,33.0,2018,3812,3B,infield,2.024999999999999,
Gregorio Petit,34.0,2019,3812,3B,infield,0.8249999999999993,
Gregorio Petit,35.0,2020,3812,3B,infield,-0.3750000000000009,
Gregorio Petit,36.0,2021,3812,3B,infield,-1.575000000000001,
Gregorio Petit,37.0,2022,3812,3B,infield,-2.7750000000000012,
Gregorio Petit,38.0,2023,3812,3B,infield,-3.9750000000000014,
Gregorio Petit,39.0,2024,3812,3B,infield,-5.175000000000001,
Gregorio Petit,40.0,2025,3812,3B,infield,-6.375,
Gregorio Petit,41.0,2026,3812,3B,infield,-7.574999999999999,
Gregorio Petit,42.0,2027,3812,3B,infield,-8.774999999999999,
Gregorio Petit,32.0,2017,3812,SS,infield,-3.8,
Gregorio Petit,33.0,2018,3812,SS,infield,-5.0,
Gregorio Petit,34.0,2019,3812,SS,infield,-6.199999999999999,
Gregorio Petit,35.0,2020,3812,SS,infield,-7.4,
Gregorio Petit,36.0,2021,3812,SS,infield,-8.6,
Gregorio Petit,37.0,2022,3812,SS,infield,-9.8,
Gregorio Petit,38.0,2023,3812,SS,infield,-11.0,
Gregorio Petit,39.0,2024,3812,SS,infield,-12.2,
Gregorio Petit,40.0,2025,3812,SS,infield,-13.399999999999999,
Gregorio Petit,41.0,2026,3812,SS,infield,-14.599999999999998,
Gregorio Petit,42.0,2027,3812,SS,infield,-15.799999999999997,
Joaquin Arias,30.0,2017,3817,1B,infield,-3.4,
Joaquin Arias,31.0,2018,3817,1B,infield,-4.0,
Joaquin Arias,32.0,2019,3817,1B,infield,-5.199999999999999,
Joaquin Arias,33.0,2020,3817,1B,infield,-6.3999999999999995,
Joaquin Arias,34.0,2021,3817,1B,infield,-7.6,
Joaquin Arias,35.0,2022,3817,1B,infield,-8.8,
Joaquin Arias,36.0,2023,3817,1B,infield,-10.0,
Joaquin Arias,37.0,2024,3817,1B,infield,-11.2,
Joaquin Arias,38.0,2025,3817,1B,infield,-12.399999999999999,
Joaquin Arias,39.0,2026,3817,1B,infield,-13.599999999999998,
Joaquin Arias,40.0,2027,3817,1B,infield,-14.799999999999997,
Joaquin Arias,41.0,2028,3817,1B,infield,-15.999999999999996,
Joaquin Arias,42.0,2029,3817,1B,infield,-17.199999999999996,
Joaquin Arias,30.0,2017,3817,2B,infield,-3.0,
Joaquin Arias,31.0,2018,3817,2B,infield,-3.5999999999999996,
Joaquin Arias,32.0,2019,3817,2B,infield,-4.8,
Joaquin Arias,33.0,2020,3817,2B,infield,-6.0,
Joaquin Arias,34.0,2021,3817,2B,infield,-7.199999999999999,
Joaquin Arias,35.0,2022,3817,2B,infield,-8.4,
Joaquin Arias,36.0,2023,3817,2B,infield,-9.6,
Joaquin Arias,37.0,2024,3817,2B,infield,-10.8,
Joaquin Arias,38.0,2025,3817,2B,infield,-12.0,
Joaquin Arias,39.0,2026,3817,2B,infield,-13.2,
Joaquin Arias,40.0,2027,3817,2B,infield,-14.399999999999999,
Joaquin Arias,41.0,2028,3817,2B,infield,-15.599999999999998,
Joaquin Arias,42.0,2029,3817,2B,infield,-16.799999999999997,
Joaquin Arias,30.0,2017,3817,3B,infield,11.4,
Joaquin Arias,31.0,2018,3817,3B,infield,10.8,
Joaquin Arias,32.0,2019,3817,3B,infield,9.6,
Joaquin Arias,33.0,2020,3817,3B,infield,8.4,
Joaquin Arias,34.0,2021,3817,3B,infield,7.2,
Joaquin Arias,35.0,2022,3817,3B,infield,6.0,
Joaquin Arias,36.0,2023,3817,3B,infield,4.8,
Joaquin Arias,37.0,2024,3817,3B,infield,3.5999999999999996,
Joaquin Arias,38.0,2025,3817,3B,infield,2.4000000000000004,
Joaquin Arias,39.0,2026,3817,3B,infield,1.200000000000001,
Joaquin Arias,40.0,2027,3817,3B,infield,1.7763568394002505e-15,
Joaquin Arias,41.0,2028,3817,3B,infield,-1.1999999999999975,
Joaquin Arias,42.0,2029,3817,3B,infield,-2.399999999999997,
Joaquin Arias,30.0,2017,3817,SS,infield,-10.799999999999999,
Joaquin Arias,31.0,2018,3817,SS,infield,-11.399999999999999,
Joaquin Arias,32.0,2019,3817,SS,infield,-12.6,
Joaquin Arias,33.0,2020,3817,SS,infield,-13.799999999999999,
Joaquin Arias,34.0,2021,3817,SS,infield,-15.0,
Joaquin Arias,35.0,2022,3817,SS,infield,-16.2,
Joaquin Arias,36.0,2023,3817,SS,infield,-17.4,
Joaquin Arias,37.0,2024,3817,SS,infield,-18.6,
Joaquin Arias,38.0,2025,3817,SS,infield,-19.799999999999997,
Joaquin Arias,39.0,2026,3817,SS,infield,-21.0,
Joaquin Arias,40.0,2027,3817,SS,infield,-22.199999999999996,
Joaquin Arias,41.0,2028,3817,SS,infield,-23.4,
Joaquin Arias,42.0,2029,3817,SS,infield,-24.599999999999994,
Chris Stewart,35.0,2017,3878,C,catcher,,-8.205087520428602
Chris Stewart,36.0,2018,3878,C,catcher,,-9.405087520428603
Chris Stewart,37.0,2019,3878,C,catcher,,-10.605087520428603
Chris Stewart,38.0,2020,3878,C,catcher,,-11.805087520428604
Chris Stewart,39.0,2021,3878,C,catcher,,-13.005087520428603
Chris Stewart,40.0,2022,3878,C,catcher,,-14.205087520428602
Chris Stewart,41.0,2023,3878,C,catcher,,-15.405087520428603
Chris Stewart,42.0,2024,3878,C,catcher,,-16.605087520428604
Chris Young,32.0,2017,3882,CF,outfield,-21.366666666666667,
Chris Young,33.0,2018,3882,CF,outfield,-22.566666666666666,
Chris Young,34.0,2019,3882,CF,outfield,-23.766666666666666,
Chris Young,35.0,2020,3882,CF,outfield,-24.96666666666667,
Chris Young,36.0,2021,3882,CF,outfield,-26.166666666666668,
Chris Young,37.0,2022,3882,CF,outfield,-27.366666666666667,
Chris Young,38.0,2023,3882,CF,outfield,-28.56666666666667,
Chris Young,39.0,2024,3882,CF,outfield,-29.766666666666666,
Chris Young,40.0,2025,3882,CF,outfield,-30.96666666666667,
Chris Young,41.0,2026,3882,CF,outfield,-32.166666666666664,
Chris Young,42.0,2027,3882,CF,outfield,-33.36666666666667,
Chris Young,33.0,2017,3882,LF,outfield,-8.466666666666669,
Chris Young,34.0,2018,3882,LF,outfield,-9.666666666666668,
Chris Young,35.0,2019,3882,LF,outfield,-10.866666666666667,
Chris Young,36.0,2020,3882,LF,outfield,-12.066666666666668,
Chris Young,37.0,2021,3882,LF,outfield,-13.26666666666667,
Chris Young,38.0,2022,3882,LF,outfield,-14.466666666666669,
Chris Young,39.0,2023,3882,LF,outfield,-15.666666666666668,
Chris Young,40.0,2024,3882,LF,outfield,-16.866666666666667,
Chris Young,41.0,2025,3882,LF,outfield,-18.066666666666666,
Chris Young,42.0,2026,3882,LF,outfield,-19.266666666666666,
Chris Young,32.0,2017,3882,RF,outfield,0.7,
Chris Young,33.0,2018,3882,RF,outfield,-0.5,
Chris Young,34.0,2019,3882,RF,outfield,-1.6999999999999997,
Chris Young,35.0,2020,3882,RF,outfield,-2.9,
Chris Young,36.0,2021,3882,RF,outfield,-4.1,
Chris Young,37.0,2022,3882,RF,outfield,-5.300000000000001,
Chris Young,38.0,2023,3882,RF,outfield,-6.5,
Chris Young,39.0,2024,3882,RF,outfield,-7.699999999999999,
Chris Young,40.0,2025,3882,RF,outfield,-8.899999999999999,
Chris Young,41.0,2026,3882,RF,outfield,-10.099999999999998,
Chris Young,42.0,2027,3882,RF,outfield,-11.299999999999997,
Josh Reddick,30.0,2017,3892,RF,outfield,-0.55,
Josh Reddick,31.0,2018,3892,RF,outfield,-1.15,
Josh Reddick,32.0,2019,3892,RF,outfield,-2.35,
Josh Reddick,33.0,2020,3892,RF,outfield,-3.55,
Josh Reddick,34.0,2021,3892,RF,outfield,-4.75,
Josh Reddick,35.0,2022,3892,RF,outfield,-5.95,
Josh Reddick,36.0,2023,3892,RF,outfield,-7.15,
Josh Reddick,37.0,2024,3892,RF,outfield,-8.35,
Josh Reddick,38.0,2025,3892,RF,outfield,-9.549999999999999,
Josh Reddick,39.0,2026,3892,RF,outfield,-10.749999999999998,
Josh Reddick,40.0,2027,3892,RF,outfield,-11.949999999999998,
Josh Reddick,41.0,2028,3892,RF,outfield,-13.149999999999997,
Josh Reddick,42.0,2029,3892,RF,outfield,-14.349999999999996,
Dayan Viciedo,26.0,2017,3917,LF,outfield,-17.8,
Dayan Viciedo,27.0,2018,3917,LF,outfield,-18.400000000000002,
Dayan Viciedo,28.0,2019,3917,LF,outfield,-19.0,
Dayan Viciedo,29.0,2020,3917,LF,outfield,-19.6,
Dayan Viciedo,30.0,2021,3917,LF,outfield,-20.2,
Dayan Viciedo,31.0,2022,3917,LF,outfield,-20.8,
Dayan Viciedo,32.0,2023,3917,LF,outfield,-22.0,
Dayan Viciedo,33.0,2024,3917,LF,outfield,-23.200000000000003,
Dayan Viciedo,34.0,2025,3917,LF,outfield,-24.400000000000002,
Dayan Viciedo,35.0,2026,3917,LF,outfield,-25.6,
Dayan Viciedo,36.0,2027,3917,LF,outfield,-26.8,
Dayan Viciedo,37.0,2028,3917,LF,outfield,-28.0,
Dayan Viciedo,38.0,2029,3917,LF,outfield,-29.2,
Dayan Viciedo,39.0,2030,3917,LF,outfield,-30.4,
Dayan Viciedo,40.0,2031,3917,LF,outfield,-31.599999999999998,
Dayan Viciedo,26.0,2017,3917,RF,outfield,-12.9,
Dayan Viciedo,27.0,2018,3917,RF,outfield,-13.5,
Dayan Viciedo,28.0,2019,3917,RF,outfield,-14.1,
Dayan Viciedo,29.0,2020,3917,RF,outfield,-14.7,
Dayan Viciedo,30.0,2021,3917,RF,outfield,-15.3,
Dayan Viciedo,31.0,2022,3917,RF,outfield,-15.9,
Dayan Viciedo,32.0,2023,3917,RF,outfield,-17.1,
Dayan Viciedo,33.0,2024,3917,RF,outfield,-18.3,
Dayan Viciedo,34.0,2025,3917,RF,outfield,-19.5,
Dayan Viciedo,35.0,2026,3917,RF,outfield,-20.700000000000003,
Dayan Viciedo,36.0,2027,3917,RF,outfield,-21.9,
Dayan Viciedo,37.0,2028,3917,RF,outfield,-23.1,
Dayan Viciedo,38.0,2029,3917,RF,outfield,-24.299999999999997,
Dayan Viciedo,39.0,2030,3917,RF,outfield,-25.5,
Dayan Viciedo,40.0,2031,3917,RF,outfield,-26.699999999999996,
Andy Parrino,29.0,2017,3972,SS,infield,5.9,
Andy Parrino,30.0,2018,3972,SS,infield,5.3,
Andy Parrino,31.0,2019,3972,SS,infield,4.7,
Andy Parrino,32.0,2020,3972,SS,infield,3.5,
Andy Parrino,33.0,2021,3972,SS,infield,2.3,
Andy Parrino,34.0,2022,3972,SS,infield,1.0999999999999996,
Andy Parrino,35.0,2023,3972,SS,infield,-0.10000000000000053,
Andy Parrino,36.0,2024,3972,SS,infield,-1.3000000000000007,
Andy Parrino,37.0,2025,3972,SS,infield,-2.5,
Andy Parrino,38.0,2026,3972,SS,infield,-3.6999999999999993,
Andy Parrino,39.0,2027,3972,SS,infield,-4.899999999999999,
Andy Parrino,40.0,2028,3972,SS,infield,-6.099999999999998,
Andy Parrino,41.0,2029,3972,SS,infield,-7.299999999999997,
Andy Parrino,42.0,2030,3972,SS,infield,-8.499999999999996,
Chris Heisey,31.0,2017,3978,CF,outfield,-18.333333333333332,
Chris Heisey,32.0,2018,3978,CF,outfield,-19.53333333333333,
Chris Heisey,33.0,2019,3978,CF,outfield,-20.73333333333333,
Chris Heisey,34.0,2020,3978,CF,outfield,-21.93333333333333,
Chris Heisey,35.0,2021,3978,CF,outfield,-23.133333333333333,
Chris Heisey,36.0,2022,3978,CF,outfield,-24.333333333333332,
Chris Heisey,37.0,2023,3978,CF,outfield,-25.53333333333333,
Chris Heisey,38.0,2024,3978,CF,outfield,-26.73333333333333,
Chris Heisey,39.0,2025,3978,CF,outfield,-27.93333333333333,
Chris Heisey,40.0,2026,3978,CF,outfield,-29.13333333333333,
Chris Heisey,41.0,2027,3978,CF,outfield,-30.33333333333333,
Chris Heisey,42.0,2028,3978,CF,outfield,-31.533333333333328,
Chris Heisey,32.0,2017,3978,LF,outfield,-2.325,
Chris Heisey,33.0,2018,3978,LF,outfield,-3.5250000000000004,
Chris Heisey,34.0,2019,3978,LF,outfield,-4.725,
Chris Heisey,35.0,2020,3978,LF,outfield,-5.925000000000001,
Chris Heisey,36.0,2021,3978,LF,outfield,-7.125,
Chris Heisey,37.0,2022,3978,LF,outfield,-8.325000000000001,
Chris Heisey,38.0,2023,3978,LF,outfield,-9.525,
Chris Heisey,39.0,2024,3978,LF,outfield,-10.725,
Chris Heisey,40.0,2025,3978,LF,outfield,-11.924999999999999,
Chris Heisey,41.0,2026,3978,LF,outfield,-13.124999999999998,
Chris Heisey,42.0,2027,3978,LF,outfield,-14.324999999999998,
Chris Heisey,32.0,2017,3978,RF,outfield,2.3666666666666663,
Chris Heisey,33.0,2018,3978,RF,outfield,1.1666666666666665,
Chris Heisey,34.0,2019,3978,RF,outfield,-0.033333333333333215,
Chris Heisey,35.0,2020,3978,RF,outfield,-1.2333333333333334,
Chris Heisey,36.0,2021,3978,RF,outfield,-2.4333333333333336,
Chris Heisey,37.0,2022,3978,RF,outfield,-3.6333333333333337,
Chris Heisey,38.0,2023,3978,RF,outfield,-4.833333333333334,
Chris Heisey,39.0,2024,3978,RF,outfield,-6.033333333333333,
Chris Heisey,40.0,2025,3978,RF,outfield,-7.2333333333333325,
Chris Heisey,41.0,2026,3978,RF,outfield,-8.433333333333332,
Chris Heisey,42.0,2027,3978,RF,outfield,-9.633333333333331,
Brandon Hicks,29.0,2017,4003,2B,infield,3.1999999999999997,
Brandon Hicks,30.0,2018,4003,2B,infield,2.5999999999999996,
Brandon Hicks,31.0,2019,4003,2B,infield,2.0,
Brandon Hicks,32.0,2020,4003,2B,infield,0.7999999999999998,
Brandon Hicks,33.0,2021,4003,2B,infield,-0.40000000000000036,
Brandon Hicks,34.0,2022,4003,2B,infield,-1.6000000000000005,
Brandon Hicks,35.0,2023,4003,2B,infield,-2.8000000000000007,
Brandon Hicks,36.0,2024,4003,2B,infield,-4.000000000000001,
Brandon Hicks,37.0,2025,4003,2B,infield,-5.2,
Brandon Hicks,38.0,2026,4003,2B,infield,-6.3999999999999995,
Brandon Hicks,39.0,2027,4003,2B,infield,-7.599999999999999,
Brandon Hicks,40.0,2028,4003,2B,infield,-8.799999999999997,
Brandon Hicks,41.0,2029,4003,2B,infield,-9.999999999999996,
Brandon Hicks,42.0,2030,4003,2B,infield,-11.199999999999996,
Jerry Sands,28.0,2017,4016,1B,infield,20.4,
Jerry Sands,29.0,2018,4016,1B,infield,19.8,
Jerry Sands,30.0,2019,4016,1B,infield,19.2,
Jerry Sands,31.0,2020,4016,1B,infield,18.6,
Jerry Sands,32.0,2021,4016,1B,infield,17.4,
Jerry Sands,33.0,2022,4016,1B,infield,16.2,
Jerry Sands,34.0,2023,4016,1B,infield,15.0,
Jerry Sands,35.0,2024,4016,1B,infield,13.8,
Jerry Sands,36.0,2025,4016,1B,infield,12.6,
Jerry Sands,37.0,2026,4016,1B,infield,11.4,
Jerry Sands,38.0,2027,4016,1B,infield,10.200000000000001,
Jerry Sands,39.0,2028,4016,1B,infield,9.000000000000002,
Jerry Sands,40.0,2029,4016,1B,infield,7.8000000000000025,
Jerry Sands,41.0,2030,4016,1B,infield,6.600000000000003,
Jerry Sands,42.0,2031,4016,1B,infield,5.400000000000004,
Jerry Sands,28.0,2017,4016,LF,outfield,-37.800000000000004,
Jerry Sands,29.0,2018,4016,LF,outfield,-38.400000000000006,
Jerry Sands,30.0,2019,4016,LF,outfield,-39.0,
Jerry Sands,31.0,2020,4016,LF,outfield,-39.6,
Jerry Sands,32.0,2021,4016,LF,outfield,-40.800000000000004,
Jerry Sands,33.0,2022,4016,LF,outfield,-42.0,
Jerry Sands,34.0,2023,4016,LF,outfield,-43.2,
Jerry Sands,35.0,2024,4016,LF,outfield,-44.400000000000006,
Jerry Sands,36.0,2025,4016,LF,outfield,-45.6,
Jerry Sands,37.0,2026,4016,LF,outfield,-46.800000000000004,
Jerry Sands,38.0,2027,4016,LF,outfield,-48.0,
Jerry Sands,39.0,2028,4016,LF,outfield,-49.2,
Jerry Sands,40.0,2029,4016,LF,outfield,-50.4,
Jerry Sands,41.0,2030,4016,LF,outfield,-51.6,
Jerry Sands,42.0,2031,4016,LF,outfield,-52.8,
Jerry Sands,28.0,2017,4016,RF,outfield,5.800000000000001,
Jerry Sands,29.0,2018,4016,RF,outfield,5.2,
Jerry Sands,30.0,2019,4016,RF,outfield,4.6000000000000005,
Jerry Sands,31.0,2020,4016,RF,outfield,4.0,
Jerry Sands,32.0,2021,4016,RF,outfield,2.8000000000000007,
Jerry Sands,33.0,2022,4016,RF,outfield,1.6000000000000005,
Jerry Sands,34.0,2023,4016,RF,outfield,0.40000000000000036,
Jerry Sands,35.0,2024,4016,RF,outfield,-0.7999999999999998,
Jerry Sands,36.0,2025,4016,RF,outfield,-2.0,
Jerry Sands,37.0,2026,4016,RF,outfield,-3.1999999999999993,
Jerry Sands,38.0,2027,4016,RF,outfield,-4.399999999999999,
Jerry Sands,39.0,2028,4016,RF,outfield,-5.599999999999998,
Jerry Sands,40.0,2029,4016,RF,outfield,-6.799999999999997,
Jerry Sands,41.0,2030,4016,RF,outfield,-7.9999999999999964,
Jerry Sands,42.0,2031,4016,RF,outfield,-9.199999999999996,
Melky Cabrera,32.0,2017,4022,LF,outfield,-4.433333333333333,
Melky Cabrera,33.0,2018,4022,LF,outfield,-5.633333333333333,
Melky Cabrera,34.0,2019,4022,LF,outfield,-6.833333333333332,
Melky Cabrera,35.0,2020,4022,LF,outfield,-8.033333333333333,
Melky Cabrera,36.0,2021,4022,LF,outfield,-9.233333333333333,
Melky Cabrera,37.0,2022,4022,LF,outfield,-10.433333333333334,
Melky Cabrera,38.0,2023,4022,LF,outfield,-11.633333333333333,
Melky Cabrera,39.0,2024,4022,LF,outfield,-12.833333333333332,
Melky Cabrera,40.0,2025,4022,LF,outfield,-14.033333333333331,
Melky Cabrera,41.0,2026,4022,LF,outfield,-15.23333333333333,
Melky Cabrera,42.0,2027,4022,LF,outfield,-16.43333333333333,
Emilio Bonifacio,31.0,2017,4054,2B,infield,4.366666666666667,
Emilio Bonifacio,32.0,2018,4054,2B,infield,3.166666666666667,
Emilio Bonifacio,33.0,2019,4054,2B,infield,1.9666666666666668,
Emilio Bonifacio,34.0,2020,4054,2B,infield,0.7666666666666666,
Emilio Bonifacio,35.0,2021,4054,2B,infield,-0.43333333333333357,
Emilio Bonifacio,36.0,2022,4054,2B,infield,-1.6333333333333337,
Emilio Bonifacio,37.0,2023,4054,2B,infield,-2.833333333333334,
Emilio Bonifacio,38.0,2024,4054,2B,infield,-4.033333333333333,
Emilio Bonifacio,39.0,2025,4054,2B,infield,-5.2333333333333325,
Emilio Bonifacio,40.0,2026,4054,2B,infield,-6.433333333333332,
Emilio Bonifacio,41.0,2027,4054,2B,infield,-7.633333333333331,
Emilio Bonifacio,42.0,2028,4054,2B,infield,-8.83333333333333,
Emilio Bonifacio,30.0,2017,4054,CF,outfield,9.1,
Emilio Bonifacio,31.0,2018,4054,CF,outfield,8.5,
Emilio Bonifacio,32.0,2019,4054,CF,outfield,7.299999999999999,
Emilio Bonifacio,33.0,2020,4054,CF,outfield,6.1,
Emilio Bonifacio,34.0,2021,4054,CF,outfield,4.8999999999999995,
Emilio Bonifacio,35.0,2022,4054,CF,outfield,3.6999999999999993,
Emilio Bonifacio,36.0,2023,4054,CF,outfield,2.499999999999999,
Emilio Bonifacio,37.0,2024,4054,CF,outfield,1.299999999999999,
Emilio Bonifacio,38.0,2025,4054,CF,outfield,0.09999999999999964,
Emilio Bonifacio,39.0,2026,4054,CF,outfield,-1.0999999999999996,
Emilio Bonifacio,40.0,2027,4054,CF,outfield,-2.299999999999999,
Emilio Bonifacio,41.0,2028,4054,CF,outfield,-3.4999999999999982,
Emilio Bonifacio,42.0,2029,4054,CF,outfield,-4.6999999999999975,
Emilio Bonifacio,32.0,2017,4054,LF,outfield,-13.7,
Emilio Bonifacio,33.0,2018,4054,LF,outfield,-14.9,
Emilio Bonifacio,34.0,2019,4054,LF,outfield,-16.1,
Emilio Bonifacio,35.0,2020,4054,LF,outfield,-17.3,
Emilio Bonifacio,36.0,2021,4054,LF,outfield,-18.5,
Emilio Bonifacio,37.0,2022,4054,LF,outfield,-19.7,
Emilio Bonifacio,38.0,2023,4054,LF,outfield,-20.9,
Emilio Bonifacio,39.0,2024,4054,LF,outfield,-22.1,
Emilio Bonifacio,40.0,2025,4054,LF,outfield,-23.299999999999997,
Emilio Bonifacio,41.0,2026,4054,LF,outfield,-24.5,
Emilio Bonifacio,42.0,2027,4054,LF,outfield,-25.699999999999996,
Dexter Fowler,31.0,2017,4062,CF,outfield,-5.766666666666667,
Dexter Fowler,32.0,2018,4062,CF,outfield,-6.966666666666667,
Dexter Fowler,33.0,2019,4062,CF,outfield,-8.166666666666668,
Dexter Fowler,34.0,2020,4062,CF,outfield,-9.366666666666667,
Dexter Fowler,35.0,2021,4062,CF,outfield,-10.566666666666666,
Dexter Fowler,36.0,2022,4062,CF,outfield,-11.766666666666667,
Dexter Fowler,37.0,2023,4062,CF,outfield,-12.966666666666669,
Dexter Fowler,38.0,2024,4062,CF,outfield,-14.166666666666668,
Dexter Fowler,39.0,2025,4062,CF,outfield,-15.366666666666667,
Dexter Fowler,40.0,2026,4062,CF,outfield,-16.566666666666666,
Dexter Fowler,41.0,2027,4062,CF,outfield,-17.766666666666666,
Dexter Fowler,42.0,2028,4062,CF,outfield,-18.966666666666665,
Anthony Recker,33.0,2017,4063,C,catcher,,-32.78009552677506
Anthony Recker,34.0,2018,4063,C,catcher,,-33.98009552677506
Anthony Recker,35.0,2019,4063,C,catcher,,-35.180095526775055
Anthony Recker,36.0,2020,4063,C,catcher,,-36.38009552677506
Anthony Recker,37.0,2021,4063,C,catcher,,-37.580095526775054
Anthony Recker,38.0,2022,4063,C,catcher,,-38.78009552677506
Anthony Recker,39.0,2023,4063,C,catcher,,-39.98009552677506
Anthony Recker,40.0,2024,4063,C,catcher,,-41.180095526775055
Anthony Recker,41.0,2025,4063,C,catcher,,-42.38009552677506
Anthony Recker,42.0,2026,4063,C,catcher,,-43.580095526775054
Erick Aybar,33.0,2017,4082,3B,infield,-15.899999999999999,
Erick Aybar,34.0,2018,4082,3B,infield,-17.099999999999998,
Erick Aybar,35.0,2019,4082,3B,infield,-18.299999999999997,
Erick Aybar,36.0,2020,4082,3B,infield,-19.5,
Erick Aybar,37.0,2021,4082,3B,infield,-20.7,
Erick Aybar,38.0,2022,4082,3B,infield,-21.9,
Erick Aybar,39.0,2023,4082,3B,infield,-23.1,
Erick Aybar,40.0,2024,4082,3B,infield,-24.299999999999997,
Erick Aybar,41.0,2025,4082,3B,infield,-25.5,
Erick Aybar,42.0,2026,4082,3B,infield,-26.699999999999996,
Erick Aybar,33.0,2017,4082,SS,infield,-6.166666666666666,
Erick Aybar,34.0,2018,4082,SS,infield,-7.366666666666665,
Erick Aybar,35.0,2019,4082,SS,infield,-8.566666666666666,
Erick Aybar,36.0,2020,4082,SS,infield,-9.766666666666666,
Erick Aybar,37.0,2021,4082,SS,infield,-10.966666666666665,
Erick Aybar,38.0,2022,4082,SS,infield,-12.166666666666666,
Erick Aybar,39.0,2023,4082,SS,infield,-13.366666666666667,
Erick Aybar,40.0,2024,4082,SS,infield,-14.566666666666666,
Erick Aybar,41.0,2025,4082,SS,infield,-15.766666666666666,
Erick Aybar,42.0,2026,4082,SS,infield,-16.966666666666665,
Michael Brantley,29.0,2017,4106,CF,outfield,-14.399999999999999,
Michael Brantley,30.0,2018,4106,CF,outfield,-14.999999999999998,
Michael Brantley,31.0,2019,4106,CF,outfield,-15.599999999999998,
Michael Brantley,32.0,2020,4106,CF,outfield,-16.799999999999997,
Michael Brantley,33.0,2021,4106,CF,outfield,-18.0,
Michael Brantley,34.0,2022,4106,CF,outfield,-19.2,
Michael Brantley,35.0,2023,4106,CF,outfield,-20.4,
Michael Brantley,36.0,2024,4106,CF,outfield,-21.6,
Michael Brantley,37.0,2025,4106,CF,outfield,-22.799999999999997,
Michael Brantley,38.0,2026,4106,CF,outfield,-24.0,
Michael Brantley,39.0,2027,4106,CF,outfield,-25.199999999999996,
Michael Brantley,40.0,2028,4106,CF,outfield,-26.4,
Michael Brantley,41.0,2029,4106,CF,outfield,-27.599999999999994,
Michael Brantley,42.0,2030,4106,CF,outfield,-28.799999999999997,
Michael Brantley,30.0,2017,4106,LF,outfield,10.266666666666667,
Michael Brantley,31.0,2018,4106,LF,outfield,9.666666666666668,
Michael Brantley,32.0,2019,4106,LF,outfield,8.466666666666667,
Michael Brantley,33.0,2020,4106,LF,outfield,7.2666666666666675,
Michael Brantley,34.0,2021,4106,LF,outfield,6.066666666666667,
Michael Brantley,35.0,2022,4106,LF,outfield,4.866666666666667,
Michael Brantley,36.0,2023,4106,LF,outfield,3.666666666666667,
Michael Brantley,37.0,2024,4106,LF,outfield,2.466666666666667,
Michael Brantley,38.0,2025,4106,LF,outfield,1.2666666666666675,
Michael Brantley,39.0,2026,4106,LF,outfield,0.0666666666666682,
Michael Brantley,40.0,2027,4106,LF,outfield,-1.133333333333331,
Michael Brantley,41.0,2028,4106,LF,outfield,-2.3333333333333304,
Michael Brantley,42.0,2029,4106,LF,outfield,-3.5333333333333297,
Jonathan Diaz,30.0,2017,4142,SS,infield,20.4,
Jonathan Diaz,31.0,2018,4142,SS,infield,19.8,
Jonathan Diaz,32.0,2019,4142,SS,infield,18.6,
Jonathan Diaz,33.0,2020,4142,SS,infield,17.4,
Jonathan Diaz,34.0,2021,4142,SS,infield,16.2,
Jonathan Diaz,35.0,2022,4142,SS,infield,15.0,
Jonathan Diaz,36.0,2023,4142,SS,infield,13.8,
Jonathan Diaz,37.0,2024,4142,SS,infield,12.6,
Jonathan Diaz,38.0,2025,4142,SS,infield,11.4,
Jonathan Diaz,39.0,2026,4142,SS,infield,10.200000000000001,
Jonathan Diaz,40.0,2027,4142,SS,infield,9.000000000000002,
Jonathan Diaz,41.0,2028,4142,SS,infield,7.8000000000000025,
Jonathan Diaz,42.0,2029,4142,SS,infield,6.600000000000003,
Gorkys Hernandez,29.0,2017,4146,CF,outfield,25.799999999999997,
Gorkys Hernandez,30.0,2018,4146,CF,outfield,25.2,
Gorkys Hernandez,31.0,2019,4146,CF,outfield,24.599999999999998,
Gorkys Hernandez,32.0,2020,4146,CF,outfield,23.4,
Gorkys Hernandez,33.0,2021,4146,CF,outfield,22.2,
Gorkys Hernandez,34.0,2022,4146,CF,outfield,21.0,
Gorkys Hernandez,35.0,2023,4146,CF,outfield,19.799999999999997,
Gorkys Hernandez,36.0,2024,4146,CF,outfield,18.599999999999998,
Gorkys Hernandez,37.0,2025,4146,CF,outfield,17.4,
Gorkys Hernandez,38.0,2026,4146,CF,outfield,16.2,
Gorkys Hernandez,39.0,2027,4146,CF,outfield,15.0,
Gorkys Hernandez,40.0,2028,4146,CF,outfield,13.8,
Gorkys Hernandez,41.0,2029,4146,CF,outfield,12.600000000000001,
Gorkys Hernandez,42.0,2030,4146,CF,outfield,11.400000000000002,
Jonathan Herrera,31.0,2017,4182,2B,infield,-15.0,
Jonathan Herrera,32.0,2018,4182,2B,infield,-16.2,
Jonathan Herrera,33.0,2019,4182,2B,infield,-17.4,
Jonathan Herrera,34.0,2020,4182,2B,infield,-18.6,
Jonathan Herrera,35.0,2021,4182,2B,infield,-19.8,
Jonathan Herrera,36.0,2022,4182,2B,infield,-21.0,
Jonathan Herrera,37.0,2023,4182,2B,infield,-22.200000000000003,
Jonathan Herrera,38.0,2024,4182,2B,infield,-23.4,
Jonathan Herrera,39.0,2025,4182,2B,infield,-24.6,
Jonathan Herrera,40.0,2026,4182,2B,infield,-25.799999999999997,
Jonathan Herrera,41.0,2027,4182,2B,infield,-27.0,
Jonathan Herrera,42.0,2028,4182,2B,infield,-28.199999999999996,
Jonathan Herrera,31.0,2017,4182,3B,infield,5.7666666666666675,
Jonathan Herrera,32.0,2018,4182,3B,infield,4.566666666666667,
Jonathan Herrera,33.0,2019,4182,3B,infield,3.366666666666667,
Jonathan Herrera,34.0,2020,4182,3B,infield,2.166666666666667,
Jonathan Herrera,35.0,2021,4182,3B,infield,0.9666666666666668,
Jonathan Herrera,36.0,2022,4182,3B,infield,-0.2333333333333334,
Jonathan Herrera,37.0,2023,4182,3B,infield,-1.4333333333333336,
Jonathan Herrera,38.0,2024,4182,3B,infield,-2.633333333333333,
Jonathan Herrera,39.0,2025,4182,3B,infield,-3.833333333333332,
Jonathan Herrera,40.0,2026,4182,3B,infield,-5.033333333333331,
Jonathan Herrera,41.0,2027,4182,3B,infield,-6.233333333333331,
Jonathan Herrera,42.0,2028,4182,3B,infield,-7.43333333333333,
Jonathan Herrera,30.0,2017,4182,SS,infield,12.6,
Jonathan Herrera,31.0,2018,4182,SS,infield,12.0,
Jonathan Herrera,32.0,2019,4182,SS,infield,10.799999999999999,
Jonathan Herrera,33.0,2020,4182,SS,infield,9.6,
Jonathan Herrera,34.0,2021,4182,SS,infield,8.399999999999999,
Jonathan Herrera,35.0,2022,4182,SS,infield,7.199999999999999,
Jonathan Herrera,36.0,2023,4182,SS,infield,5.999999999999999,
Jonathan Herrera,37.0,2024,4182,SS,infield,4.799999999999999,
Jonathan Herrera,38.0,2025,4182,SS,infield,3.5999999999999996,
Jonathan Herrera,39.0,2026,4182,SS,infield,2.4000000000000004,
Jonathan Herrera,40.0,2027,4182,SS,infield,1.200000000000001,
Jonathan Herrera,41.0,2028,4182,SS,infield,1.7763568394002505e-15,
Jonathan Herrera,42.0,2029,4182,SS,infield,-1.1999999999999975,
Yunel Escobar,34.0,2017,4191,3B,infield,-7.166666666666666,
Yunel Escobar,35.0,2018,4191,3B,infield,-8.366666666666665,
Yunel Escobar,36.0,2019,4191,3B,infield,-9.566666666666666,
Yunel Escobar,37.0,2020,4191,3B,infield,-10.766666666666666,
Yunel Escobar,38.0,2021,4191,3B,infield,-11.966666666666665,
Yunel Escobar,39.0,2022,4191,3B,infield,-13.166666666666666,
Yunel Escobar,40.0,2023,4191,3B,infield,-14.366666666666667,
Yunel Escobar,41.0,2024,4191,3B,infield,-15.566666666666666,
Yunel Escobar,42.0,2025,4191,3B,infield,-16.766666666666666,
Yunel Escobar,32.0,2017,4191,SS,infield,-20.4,
Yunel Escobar,33.0,2018,4191,SS,infield,-21.599999999999998,
Yunel Escobar,34.0,2019,4191,SS,infield,-22.799999999999997,
Yunel Escobar,35.0,2020,4191,SS,infield,-24.0,
Yunel Escobar,36.0,2021,4191,SS,infield,-25.2,
Yunel Escobar,37.0,2022,4191,SS,infield,-26.4,
Yunel Escobar,38.0,2023,4191,SS,infield,-27.6,
Yunel Escobar,39.0,2024,4191,SS,infield,-28.799999999999997,
Yunel Escobar,40.0,2025,4191,SS,infield,-30.0,
Yunel Escobar,41.0,2026,4191,SS,infield,-31.199999999999996,
Yunel Escobar,42.0,2027,4191,SS,infield,-32.4,
Ryan Zimmerman,32.0,2017,4220,1B,infield,-2.3,
Ryan Zimmerman,33.0,2018,4220,1B,infield,-3.5,
Ryan Zimmerman,34.0,2019,4220,1B,infield,-4.699999999999999,
Ryan Zimmerman,35.0,2020,4220,1B,infield,-5.9,
Ryan Zimmerman,36.0,2021,4220,1B,infield,-7.1,
Ryan Zimmerman,37.0,2022,4220,1B,infield,-8.3,
Ryan Zimmerman,38.0,2023,4220,1B,infield,-9.5,
Ryan Zimmerman,39.0,2024,4220,1B,infield,-10.7,
Ryan Zimmerman,40.0,2025,4220,1B,infield,-11.899999999999999,
Ryan Zimmerman,41.0,2026,4220,1B,infield,-13.099999999999998,
Ryan Zimmerman,42.0,2027,4220,1B,infield,-14.299999999999997,
Ryan Zimmerman,30.0,2017,4220,3B,infield,2.3,
Ryan Zimmerman,31.0,2018,4220,3B,infield,1.7,
Ryan Zimmerman,32.0,2019,4220,3B,infield,0.5,
Ryan Zimmerman,33.0,2020,4220,3B,infield,-0.6999999999999997,
Ryan Zimmerman,34.0,2021,4220,3B,infield,-1.9,
Ryan Zimmerman,35.0,2022,4220,3B,infield,-3.1,
Ryan Zimmerman,36.0,2023,4220,3B,infield,-4.300000000000001,
Ryan Zimmerman,37.0,2024,4220,3B,infield,-5.5,
Ryan Zimmerman,38.0,2025,4220,3B,infield,-6.699999999999999,
Ryan Zimmerman,39.0,2026,4220,3B,infield,-7.899999999999999,
Ryan Zimmerman,40.0,2027,4220,3B,infield,-9.099999999999998,
Ryan Zimmerman,41.0,2028,4220,3B,infield,-10.299999999999997,
Ryan Zimmerman,42.0,2029,4220,3B,infield,-11.499999999999996,
Ryan Zimmerman,30.0,2017,4220,LF,outfield,-0.09999999999999998,
Ryan Zimmerman,31.0,2018,4220,LF,outfield,-0.7,
Ryan Zimmerman,32.0,2019,4220,LF,outfield,-1.9,
Ryan Zimmerman,33.0,2020,4220,LF,outfield,-3.0999999999999996,
Ryan Zimmerman,34.0,2021,4220,LF,outfield,-4.3,
Ryan Zimmerman,35.0,2022,4220,LF,outfield,-5.5,
Ryan Zimmerman,36.0,2023,4220,LF,outfield,-6.7,
Ryan Zimmerman,37.0,2024,4220,LF,outfield,-7.9,
Ryan Zimmerman,38.0,2025,4220,LF,outfield,-9.1,
Ryan Zimmerman,39.0,2026,4220,LF,outfield,-10.299999999999999,
Ryan Zimmerman,40.0,2027,4220,LF,outfield,-11.499999999999998,
Ryan Zimmerman,41.0,2028,4220,LF,outfield,-12.699999999999998,
Ryan Zimmerman,42.0,2029,4220,LF,outfield,-13.899999999999997,
Howie Kendrick,33.0,2017,4229,1B,infield,-24.5,
Howie Kendrick,34.0,2018,4229,1B,infield,-25.7,
Howie Kendrick,35.0,2019,4229,1B,infield,-26.9,
Howie Kendrick,36.0,2020,4229,1B,infield,-28.1,
Howie Kendrick,37.0,2021,4229,1B,infield,-29.3,
Howie Kendrick,38.0,2022,4229,1B,infield,-30.5,
Howie Kendrick,39.0,2023,4229,1B,infield,-31.700000000000003,
Howie Kendrick,40.0,2024,4229,1B,infield,-32.9,
Howie Kendrick,41.0,2025,4229,1B,infield,-34.1,
Howie Kendrick,42.0,2026,4229,1B,infield,-35.3,
Howie Kendrick,33.0,2017,4229,2B,infield,-6.8999999999999995,
Howie Kendrick,34.0,2018,4229,2B,infield,-8.1,
Howie Kendrick,35.0,2019,4229,2B,infield,-9.299999999999999,
Howie Kendrick,36.0,2020,4229,2B,infield,-10.5,
Howie Kendrick,37.0,2021,4229,2B,infield,-11.7,
Howie Kendrick,38.0,2022,4229,2B,infield,-12.899999999999999,
Howie Kendrick,39.0,2023,4229,2B,infield,-14.1,
Howie Kendrick,40.0,2024,4229,2B,infield,-15.299999999999999,
Howie Kendrick,41.0,2025,4229,2B,infield,-16.5,
Howie Kendrick,42.0,2026,4229,2B,infield,-17.699999999999996,
Howie Kendrick,33.0,2017,4229,3B,infield,-10.899999999999999,
Howie Kendrick,34.0,2018,4229,3B,infield,-12.1,
Howie Kendrick,35.0,2019,4229,3B,infield,-13.299999999999999,
Howie Kendrick,36.0,2020,4229,3B,infield,-14.5,
Howie Kendrick,37.0,2021,4229,3B,infield,-15.7,
Howie Kendrick,38.0,2022,4229,3B,infield,-16.9,
Howie Kendrick,39.0,2023,4229,3B,infield,-18.1,
Howie Kendrick,40.0,2024,4229,3B,infield,-19.299999999999997,
Howie Kendrick,41.0,2025,4229,3B,infield,-20.5,
Howie Kendrick,42.0,2026,4229,3B,infield,-21.699999999999996,
Howie Kendrick,33.0,2017,4229,LF,outfield,1.2,
Howie Kendrick,34.0,2018,4229,LF,outfield,0.0,
Howie Kendrick,35.0,2019,4229,LF,outfield,-1.1999999999999997,
Howie Kendrick,36.0,2020,4229,LF,outfield,-2.4,
Howie Kendrick,37.0,2021,4229,LF,outfield,-3.6,
Howie Kendrick,38.0,2022,4229,LF,outfield,-4.800000000000001,
Howie Kendrick,39.0,2023,4229,LF,outfield,-6.0,
Howie Kendrick,40.0,2024,4229,LF,outfield,-7.199999999999999,
Howie Kendrick,41.0,2025,4229,LF,outfield,-8.399999999999999,
Howie Kendrick,42.0,2026,4229,LF,outfield,-9.599999999999998,
Jose Lobaton,32.0,2017,4243,C,catcher,,5.300094922176017
Jose Lobaton,33.0,2018,4243,C,catcher,,4.100094922176018
Jose Lobaton,34.0,2019,4243,C,catcher,,2.9000949221760175
Jose Lobaton,35.0,2020,4243,C,catcher,,1.7000949221760173
Jose Lobaton,36.0,2021,4243,C,catcher,,0.5000949221760171
Jose Lobaton,37.0,2022,4243,C,catcher,,-0.699905077823983
Jose Lobaton,38.0,2023,4243,C,catcher,,-1.8999050778239832
Jose Lobaton,39.0,2024,4243,C,catcher,,-3.0999050778239825
Jose Lobaton,40.0,2025,4243,C,catcher,,-4.299905077823982
Jose Lobaton,41.0,2026,4243,C,catcher,,-5.499905077823981
Jose Lobaton,42.0,2027,4243,C,catcher,,-6.69990507782398
Shane Robinson,32.0,2017,4249,CF,outfield,-9.566666666666665,
Shane Robinson,33.0,2018,4249,CF,outfield,-10.766666666666666,
Shane Robinson,34.0,2019,4249,CF,outfield,-11.966666666666665,
Shane Robinson,35.0,2020,4249,CF,outfield,-13.166666666666664,
Shane Robinson,36.0,2021,4249,CF,outfield,-14.366666666666665,
Shane Robinson,37.0,2022,4249,CF,outfield,-15.566666666666666,
Shane Robinson,38.0,2023,4249,CF,outfield,-16.766666666666666,
Shane Robinson,39.0,2024,4249,CF,outfield,-17.966666666666665,
Shane Robinson,40.0,2025,4249,CF,outfield,-19.166666666666664,
Shane Robinson,41.0,2026,4249,CF,outfield,-20.366666666666664,
Shane Robinson,42.0,2027,4249,CF,outfield,-21.566666666666663,
Shane Robinson,32.0,2017,4249,LF,outfield,17.1,
Shane Robinson,33.0,2018,4249,LF,outfield,15.9,
Shane Robinson,34.0,2019,4249,LF,outfield,14.700000000000001,
Shane Robinson,35.0,2020,4249,LF,outfield,13.5,
Shane Robinson,36.0,2021,4249,LF,outfield,12.3,
Shane Robinson,37.0,2022,4249,LF,outfield,11.100000000000001,
Shane Robinson,38.0,2023,4249,LF,outfield,9.9,
Shane Robinson,39.0,2024,4249,LF,outfield,8.700000000000001,
Shane Robinson,40.0,2025,4249,LF,outfield,7.500000000000002,
Shane Robinson,41.0,2026,4249,LF,outfield,6.3000000000000025,
Shane Robinson,42.0,2027,4249,LF,outfield,5.100000000000003,
Shane Robinson,30.0,2017,4249,RF,outfield,12.8,
Shane Robinson,31.0,2018,4249,RF,outfield,12.200000000000001,
Shane Robinson,32.0,2019,4249,RF,outfield,11.0,
Shane Robinson,33.0,2020,4249,RF,outfield,9.8,
Shane Robinson,34.0,2021,4249,RF,outfield,8.600000000000001,
Shane Robinson,35.0,2022,4249,RF,outfield,7.4,
Shane Robinson,36.0,2023,4249,RF,outfield,6.2,
Shane Robinson,37.0,2024,4249,RF,outfield,5.0,
Shane Robinson,38.0,2025,4249,RF,outfield,3.8000000000000007,
Shane Robinson,39.0,2026,4249,RF,outfield,2.6000000000000014,
Shane Robinson,40.0,2027,4249,RF,outfield,1.4000000000000021,
Shane Robinson,41.0,2028,4249,RF,outfield,0.20000000000000284,
Shane Robinson,42.0,2029,4249,RF,outfield,-0.9999999999999964,
Stephen Drew,34.0,2017,4251,2B,infield,-5.016666666666667,
Stephen Drew,35.0,2018,4251,2B,infield,-6.216666666666667,
Stephen Drew,36.0,2019,4251,2B,infield,-7.416666666666666,
Stephen Drew,37.0,2020,4251,2B,infield,-8.616666666666667,
Stephen Drew,38.0,2021,4251,2B,infield,-9.816666666666666,
Stephen Drew,39.0,2022,4251,2B,infield,-11.016666666666666,
Stephen Drew,40.0,2023,4251,2B,infield,-12.216666666666667,
Stephen Drew,41.0,2024,4251,2B,infield,-13.416666666666666,
Stephen Drew,42.0,2025,4251,2B,infield,-14.616666666666665,
Stephen Drew,34.0,2017,4251,3B,infield,2.8,
Stephen Drew,35.0,2018,4251,3B,infield,1.6,
Stephen Drew,36.0,2019,4251,3B,infield,0.40000000000000036,
Stephen Drew,37.0,2020,4251,3B,infield,-0.7999999999999998,
Stephen Drew,38.0,2021,4251,3B,infield,-2.0,
Stephen Drew,39.0,2022,4251,3B,infield,-3.2,
Stephen Drew,40.0,2023,4251,3B,infield,-4.4,
Stephen Drew,41.0,2024,4251,3B,infield,-5.6,
Stephen Drew,42.0,2025,4251,3B,infield,-6.799999999999999,
Stephen Drew,34.0,2017,4251,SS,infield,-12.549999999999999,
Stephen Drew,35.0,2018,4251,SS,infield,-13.75,
Stephen Drew,36.0,2019,4251,SS,infield,-14.95,
Stephen Drew,37.0,2020,4251,SS,infield,-16.15,
Stephen Drew,38.0,2021,4251,SS,infield,-17.35,
Stephen Drew,39.0,2022,4251,SS,infield,-18.55,
Stephen Drew,40.0,2023,4251,SS,infield,-19.75,
Stephen Drew,41.0,2024,4251,SS,infield,-20.95,
Stephen Drew,42.0,2025,4251,SS,infield,-22.15,
Brett Hayes,32.0,2017,4293,C,catcher,,-41.232705250096565
Brett Hayes,33.0,2018,4293,C,catcher,,-42.43270525009656
Brett Hayes,34.0,2019,4293,C,catcher,,-43.63270525009656
Brett Hayes,35.0,2020,4293,C,catcher,,-44.83270525009656
Brett Hayes,36.0,2021,4293,C,catcher,,-46.03270525009656
Brett Hayes,37.0,2022,4293,C,catcher,,-47.232705250096565
Brett Hayes,38.0,2023,4293,C,catcher,,-48.43270525009656
Brett Hayes,39.0,2024,4293,C,catcher,,-49.63270525009656
Brett Hayes,40.0,2025,4293,C,catcher,,-50.83270525009656
Brett Hayes,41.0,2026,4293,C,catcher,,-52.03270525009656
Brett Hayes,42.0,2027,4293,C,catcher,,-53.23270525009656
Matt Wieters,31.0,2017,4298,C,catcher,,-12.17767070536073
Matt Wieters,32.0,2018,4298,C,catcher,,-13.377670705360732
Matt Wieters,33.0,2019,4298,C,catcher,,-14.577670705360731
Matt Wieters,34.0,2020,4298,C,catcher,,-15.77767070536073
Matt Wieters,35.0,2021,4298,C,catcher,,-16.97767070536073
Matt Wieters,36.0,2022,4298,C,catcher,,-18.177670705360732
Matt Wieters,37.0,2023,4298,C,catcher,,-19.37767070536073
Matt Wieters,38.0,2024,4298,C,catcher,,-20.57767070536073
Matt Wieters,39.0,2025,4298,C,catcher,,-21.77767070536073
Matt Wieters,40.0,2026,4298,C,catcher,,-22.97767070536073
Matt Wieters,41.0,2027,4298,C,catcher,,-24.17767070536073
Matt Wieters,42.0,2028,4298,C,catcher,,-25.377670705360728
Joey Votto,33.0,2017,4314,1B,infield,-3.466666666666667,
Joey Votto,34.0,2018,4314,1B,infield,-4.666666666666667,
Joey Votto,35.0,2019,4314,1B,infield,-5.866666666666667,
Joey Votto,36.0,2020,4314,1B,infield,-7.066666666666666,
Joey Votto,37.0,2021,4314,1B,infield,-8.266666666666667,
Joey Votto,38.0,2022,4314,1B,infield,-9.466666666666667,
Joey Votto,39.0,2023,4314,1B,infield,-10.666666666666668,
Joey Votto,40.0,2024,4314,1B,infield,-11.866666666666667,
Joey Votto,41.0,2025,4314,1B,infield,-13.066666666666666,
Joey Votto,42.0,2026,4314,1B,infield,-14.266666666666666,
Daniel Murphy,32.0,2017,4316,1B,infield,3.8666666666666663,
Daniel Murphy,33.0,2018,4316,1B,infield,2.6666666666666665,
Daniel Murphy,34.0,2019,4316,1B,infield,1.4666666666666668,
Daniel Murphy,35.0,2020,4316,1B,infield,0.2666666666666666,
Daniel Murphy,36.0,2021,4316,1B,infield,-0.9333333333333336,
Daniel Murphy,37.0,2022,4316,1B,infield,-2.1333333333333337,
Daniel Murphy,38.0,2023,4316,1B,infield,-3.333333333333334,
Daniel Murphy,39.0,2024,4316,1B,infield,-4.533333333333333,
Daniel Murphy,40.0,2025,4316,1B,infield,-5.7333333333333325,
Daniel Murphy,41.0,2026,4316,1B,infield,-6.933333333333332,
Daniel Murphy,42.0,2027,4316,1B,infield,-8.133333333333331,
Daniel Murphy,32.0,2017,4316,2B,infield,-6.583333333333333,
Daniel Murphy,33.0,2018,4316,2B,infield,-7.783333333333333,
Daniel Murphy,34.0,2019,4316,2B,infield,-8.983333333333333,
Daniel Murphy,35.0,2020,4316,2B,infield,-10.183333333333334,
Daniel Murphy,36.0,2021,4316,2B,infield,-11.383333333333333,
Daniel Murphy,37.0,2022,4316,2B,infield,-12.583333333333332,
Daniel Murphy,38.0,2023,4316,2B,infield,-13.783333333333333,
Daniel Murphy,39.0,2024,4316,2B,infield,-14.983333333333333,
Daniel Murphy,40.0,2025,4316,2B,infield,-16.18333333333333,
Daniel Murphy,41.0,2026,4316,2B,infield,-17.383333333333333,
Daniel Murphy,42.0,2027,4316,2B,infield,-18.58333333333333,
Daniel Murphy,31.0,2017,4316,3B,infield,-5.3,
Daniel Murphy,32.0,2018,4316,3B,infield,-6.5,
Daniel Murphy,33.0,2019,4316,3B,infield,-7.7,
Daniel Murphy,34.0,2020,4316,3B,infield,-8.9,
Daniel Murphy,35.0,2021,4316,3B,infield,-10.100000000000001,
Daniel Murphy,36.0,2022,4316,3B,infield,-11.3,
Daniel Murphy,37.0,2023,4316,3B,infield,-12.5,
Daniel Murphy,38.0,2024,4316,3B,infield,-13.7,
Daniel Murphy,39.0,2025,4316,3B,infield,-14.899999999999999,
Daniel Murphy,40.0,2026,4316,3B,infield,-16.099999999999998,
Daniel Murphy,41.0,2027,4316,3B,infield,-17.299999999999997,
Daniel Murphy,42.0,2028,4316,3B,infield,-18.499999999999996,
Scott Van Slyke,29.0,2017,4365,1B,infield,7.433333333333334,
Scott Van Slyke,30.0,2018,4365,1B,infield,6.833333333333333,
Scott Van Slyke,31.0,2019,4365,1B,infield,6.233333333333333,
Scott Van Slyke,32.0,2020,4365,1B,infield,5.033333333333333,
Scott Van Slyke,33.0,2021,4365,1B,infield,3.833333333333333,
Scott Van Slyke,34.0,2022,4365,1B,infield,2.633333333333333,
Scott Van Slyke,35.0,2023,4365,1B,infield,1.4333333333333327,
Scott Van Slyke,36.0,2024,4365,1B,infield,0.2333333333333325,
Scott Van Slyke,37.0,2025,4365,1B,infield,-0.9666666666666668,
Scott Van Slyke,38.0,2026,4365,1B,infield,-2.166666666666666,
Scott Van Slyke,39.0,2027,4365,1B,infield,-3.3666666666666654,
Scott Van Slyke,40.0,2028,4365,1B,infield,-4.566666666666665,
Scott Van Slyke,41.0,2029,4365,1B,infield,-5.766666666666664,
Scott Van Slyke,42.0,2030,4365,1B,infield,-6.966666666666663,
Scott Van Slyke,28.0,2017,4365,CF,outfield,-5.6,
Scott Van Slyke,29.0,2018,4365,CF,outfield,-6.2,
Scott Van Slyke,30.0,2019,4365,CF,outfield,-6.8,
Scott Van Slyke,31.0,2020,4365,CF,outfield,-7.4,
Scott Van Slyke,32.0,2021,4365,CF,outfield,-8.6,
Scott Van Slyke,33.0,2022,4365,CF,outfield,-9.8,
Scott Van Slyke,34.0,2023,4365,CF,outfield,-11.0,
Scott Van Slyke,35.0,2024,4365,CF,outfield,-12.2,
Scott Van Slyke,36.0,2025,4365,CF,outfield,-13.4,
Scott Van Slyke,37.0,2026,4365,CF,outfield,-14.6,
Scott Van Slyke,38.0,2027,4365,CF,outfield,-15.799999999999999,
Scott Van Slyke,39.0,2028,4365,CF,outfield,-17.0,
Scott Van Slyke,40.0,2029,4365,CF,outfield,-18.199999999999996,
Scott Van Slyke,41.0,2030,4365,CF,outfield,-19.4,
Scott Van Slyke,42.0,2031,4365,CF,outfield,-20.599999999999994,
Scott Van Slyke,30.0,2017,4365,LF,outfield,11.100000000000001,
Scott Van Slyke,31.0,2018,4365,LF,outfield,10.500000000000002,
Scott Van Slyke,32.0,2019,4365,LF,outfield,9.3,
Scott Van Slyke,33.0,2020,4365,LF,outfield,8.100000000000001,
Scott Van Slyke,34.0,2021,4365,LF,outfield,6.900000000000001,
Scott Van Slyke,35.0,2022,4365,LF,outfield,5.700000000000001,
Scott Van Slyke,36.0,2023,4365,LF,outfield,4.500000000000001,
Scott Van Slyke,37.0,2024,4365,LF,outfield,3.3000000000000007,
Scott Van Slyke,38.0,2025,4365,LF,outfield,2.1000000000000014,
Scott Van Slyke,39.0,2026,4365,LF,outfield,0.9000000000000021,
Scott Van Slyke,40.0,2027,4365,LF,outfield,-0.29999999999999716,
Scott Van Slyke,41.0,2028,4365,LF,outfield,-1.4999999999999964,
Scott Van Slyke,42.0,2029,4365,LF,outfield,-2.6999999999999957,
Scott Van Slyke,30.0,2017,4365,RF,outfield,-12.666666666666664,
Scott Van Slyke,31.0,2018,4365,RF,outfield,-13.266666666666664,
Scott Van Slyke,32.0,2019,4365,RF,outfield,-14.466666666666665,
Scott Van Slyke,33.0,2020,4365,RF,outfield,-15.666666666666664,
Scott Van Slyke,34.0,2021,4365,RF,outfield,-16.866666666666664,
Scott Van Slyke,35.0,2022,4365,RF,outfield,-18.066666666666663,
Scott Van Slyke,36.0,2023,4365,RF,outfield,-19.266666666666666,
Scott Van Slyke,37.0,2024,4365,RF,outfield,-20.466666666666665,
Scott Van Slyke,38.0,2025,4365,RF,outfield,-21.666666666666664,
Scott Van Slyke,39.0,2026,4365,RF,outfield,-22.866666666666664,
Scott Van Slyke,40.0,2027,4365,RF,outfield,-24.066666666666663,
Scott Van Slyke,41.0,2028,4365,RF,outfield,-25.266666666666662,
Scott Van Slyke,42.0,2029,4365,RF,outfield,-26.46666666666666,
Chris Denorfia,34.0,2017,4400,CF,outfield,-5.0,
Chris Denorfia,35.0,2018,4400,CF,outfield,-6.199999999999999,
Chris Denorfia,36.0,2019,4400,CF,outfield,-7.3999999999999995,
Chris Denorfia,37.0,2020,4400,CF,outfield,-8.6,
Chris Denorfia,38.0,2021,4400,CF,outfield,-9.8,
Chris Denorfia,39.0,2022,4400,CF,outfield,-11.0,
Chris Denorfia,40.0,2023,4400,CF,outfield,-12.2,
Chris Denorfia,41.0,2024,4400,CF,outfield,-13.399999999999999,
Chris Denorfia,42.0,2025,4400,CF,outfield,-14.599999999999998,
Chris Denorfia,35.0,2017,4400,LF,outfield,6.833333333333333,
Chris Denorfia,36.0,2018,4400,LF,outfield,5.633333333333333,
Chris Denorfia,37.0,2019,4400,LF,outfield,4.433333333333334,
Chris Denorfia,38.0,2020,4400,LF,outfield,3.2333333333333334,
Chris Denorfia,39.0,2021,4400,LF,outfield,2.033333333333333,
Chris Denorfia,40.0,2022,4400,LF,outfield,0.833333333333333,
Chris Denorfia,41.0,2023,4400,LF,outfield,-0.36666666666666714,
Chris Denorfia,42.0,2024,4400,LF,outfield,-1.5666666666666664,
Chris Denorfia,35.0,2017,4400,RF,outfield,1.1666666666666667,
Chris Denorfia,36.0,2018,4400,RF,outfield,-0.033333333333333215,
Chris Denorfia,37.0,2019,4400,RF,outfield,-1.233333333333333,
Chris Denorfia,38.0,2020,4400,RF,outfield,-2.433333333333333,
Chris Denorfia,39.0,2021,4400,RF,outfield,-3.6333333333333333,
Chris Denorfia,40.0,2022,4400,RF,outfield,-4.833333333333334,
Chris Denorfia,41.0,2023,4400,RF,outfield,-6.033333333333333,
Chris Denorfia,42.0,2024,4400,RF,outfield,-7.2333333333333325,
Erik Kratz,37.0,2017,4403,C,catcher,,9.360810810810811
Erik Kratz,38.0,2018,4403,C,catcher,,8.16081081081081
Erik Kratz,39.0,2019,4403,C,catcher,,6.960810810810811
Erik Kratz,40.0,2020,4403,C,catcher,,5.760810810810811
Erik Kratz,41.0,2021,4403,C,catcher,,4.5608108108108105
Erik Kratz,42.0,2022,4403,C,catcher,,3.3608108108108103
Jed Lowrie,33.0,2017,4418,2B,infield,-6.7,
Jed Lowrie,34.0,2018,4418,2B,infield,-7.9,
Jed Lowrie,35.0,2019,4418,2B,infield,-9.1,
Jed Lowrie,36.0,2020,4418,2B,infield,-10.3,
Jed Lowrie,37.0,2021,4418,2B,infield,-11.5,
Jed Lowrie,38.0,2022,4418,2B,infield,-12.7,
Jed Lowrie,39.0,2023,4418,2B,infield,-13.9,
Jed Lowrie,40.0,2024,4418,2B,infield,-15.1,
Jed Lowrie,41.0,2025,4418,2B,infield,-16.299999999999997,
Jed Lowrie,42.0,2026,4418,2B,infield,-17.5,
Jed Lowrie,32.0,2017,4418,3B,infield,-6.4,
Jed Lowrie,33.0,2018,4418,3B,infield,-7.6,
Jed Lowrie,34.0,2019,4418,3B,infield,-8.8,
Jed Lowrie,35.0,2020,4418,3B,infield,-10.0,
Jed Lowrie,36.0,2021,4418,3B,infield,-11.2,
Jed Lowrie,37.0,2022,4418,3B,infield,-12.4,
Jed Lowrie,38.0,2023,4418,3B,infield,-13.600000000000001,
Jed Lowrie,39.0,2024,4418,3B,infield,-14.8,
Jed Lowrie,40.0,2025,4418,3B,infield,-16.0,
Jed Lowrie,41.0,2026,4418,3B,infield,-17.2,
Jed Lowrie,42.0,2027,4418,3B,infield,-18.4,
Jed Lowrie,32.0,2017,4418,SS,infield,-3.966666666666667,
Jed Lowrie,33.0,2018,4418,SS,infield,-5.166666666666667,
Jed Lowrie,34.0,2019,4418,SS,infield,-6.366666666666667,
Jed Lowrie,35.0,2020,4418,SS,infield,-7.566666666666666,
Jed Lowrie,36.0,2021,4418,SS,infield,-8.766666666666667,
Jed Lowrie,37.0,2022,4418,SS,infield,-9.966666666666667,
Jed Lowrie,38.0,2023,4418,SS,infield,-11.166666666666668,
Jed Lowrie,39.0,2024,4418,SS,infield,-12.366666666666667,
Jed Lowrie,40.0,2025,4418,SS,infield,-13.566666666666666,
Jed Lowrie,41.0,2026,4418,SS,infield,-14.766666666666666,
Jed Lowrie,42.0,2027,4418,SS,infield,-15.966666666666665,
Steve Tolleson,32.0,2017,4450,2B,infield,8.933333333333334,
Steve Tolleson,33.0,2018,4450,2B,infield,7.7333333333333325,
Steve Tolleson,34.0,2019,4450,2B,infield,6.533333333333333,
Steve Tolleson,35.0,2020,4450,2B,infield,5.333333333333333,
Steve Tolleson,36.0,2021,4450,2B,infield,4.133333333333333,
Steve Tolleson,37.0,2022,4450,2B,infield,2.9333333333333327,
Steve Tolleson,38.0,2023,4450,2B,infield,1.7333333333333325,
Steve Tolleson,39.0,2024,4450,2B,infield,0.5333333333333332,
Steve Tolleson,40.0,2025,4450,2B,infield,-0.6666666666666661,
Steve Tolleson,41.0,2026,4450,2B,infield,-1.8666666666666654,
Steve Tolleson,42.0,2027,4450,2B,infield,-3.0666666666666647,
Steve Tolleson,31.0,2017,4450,3B,infield,13.8,
Steve Tolleson,32.0,2018,4450,3B,infield,12.600000000000001,
Steve Tolleson,33.0,2019,4450,3B,infield,11.4,
Steve Tolleson,34.0,2020,4450,3B,infield,10.2,
Steve Tolleson,35.0,2021,4450,3B,infield,9.0,
Steve Tolleson,36.0,2022,4450,3B,infield,7.8,
Steve Tolleson,37.0,2023,4450,3B,infield,6.6,
Steve Tolleson,38.0,2024,4450,3B,infield,5.4,
Steve Tolleson,39.0,2025,4450,3B,infield,4.200000000000001,
Steve Tolleson,40.0,2026,4450,3B,infield,3.0000000000000018,
Steve Tolleson,41.0,2027,4450,3B,infield,1.8000000000000025,
Steve Tolleson,42.0,2028,4450,3B,infield,0.6000000000000032,
Mike Baxter,31.0,2017,4464,RF,outfield,23.299999999999997,
Mike Baxter,32.0,2018,4464,RF,outfield,22.099999999999998,
Mike Baxter,33.0,2019,4464,RF,outfield,20.9,
Mike Baxter,34.0,2020,4464,RF,outfield,19.7,
Mike Baxter,35.0,2021,4464,RF,outfield,18.5,
Mike Baxter,36.0,2022,4464,RF,outfield,17.299999999999997,
Mike Baxter,37.0,2023,4464,RF,outfield,16.099999999999998,
Mike Baxter,38.0,2024,4464,RF,outfield,14.899999999999999,
Mike Baxter,39.0,2025,4464,RF,outfield,13.7,
Mike Baxter,40.0,2026,4464,RF,outfield,12.5,
Mike Baxter,41.0,2027,4464,RF,outfield,11.3,
Mike Baxter,42.0,2028,4464,RF,outfield,10.100000000000001,
Brandon Moss,33.0,2017,4467,1B,infield,-5.016666666666667,
Brandon Moss,34.0,2018,4467,1B,infield,-6.216666666666667,
Brandon Moss,35.0,2019,4467,1B,infield,-7.416666666666666,
Brandon Moss,36.0,2020,4467,1B,infield,-8.616666666666667,
Brandon Moss,37.0,2021,4467,1B,infield,-9.816666666666666,
Brandon Moss,38.0,2022,4467,1B,infield,-11.016666666666666,
Brandon Moss,39.0,2023,4467,1B,infield,-12.216666666666667,
Brandon Moss,40.0,2024,4467,1B,infield,-13.416666666666666,
Brandon Moss,41.0,2025,4467,1B,infield,-14.616666666666665,
Brandon Moss,42.0,2026,4467,1B,infield,-15.816666666666665,
Brandon Moss,33.0,2017,4467,LF,outfield,12.666666666666666,
Brandon Moss,34.0,2018,4467,LF,outfield,11.466666666666665,
Brandon Moss,35.0,2019,4467,LF,outfield,10.266666666666666,
Brandon Moss,36.0,2020,4467,LF,outfield,9.066666666666666,
Brandon Moss,37.0,2021,4467,LF,outfield,7.866666666666665,
Brandon Moss,38.0,2022,4467,LF,outfield,6.666666666666665,
Brandon Moss,39.0,2023,4467,LF,outfield,5.466666666666665,
Brandon Moss,40.0,2024,4467,LF,outfield,4.266666666666666,
Brandon Moss,41.0,2025,4467,LF,outfield,3.0666666666666664,
Brandon Moss,42.0,2026,4467,LF,outfield,1.8666666666666671,
Brandon Moss,33.0,2017,4467,RF,outfield,7.416666666666667,
Brandon Moss,34.0,2018,4467,RF,outfield,6.216666666666667,
Brandon Moss,35.0,2019,4467,RF,outfield,5.0166666666666675,
Brandon Moss,36.0,2020,4467,RF,outfield,3.8166666666666673,
Brandon Moss,37.0,2021,4467,RF,outfield,2.616666666666667,
Brandon Moss,38.0,2022,4467,RF,outfield,1.416666666666667,
Brandon Moss,39.0,2023,4467,RF,outfield,0.21666666666666679,
Brandon Moss,40.0,2024,4467,RF,outfield,-0.9833333333333325,
Brandon Moss,41.0,2025,4467,RF,outfield,-2.183333333333332,
Brandon Moss,42.0,2026,4467,RF,outfield,-3.383333333333331,
James Loney,33.0,2017,4556,1B,infield,-3.8,
James Loney,34.0,2018,4556,1B,infield,-5.0,
James Loney,35.0,2019,4556,1B,infield,-6.199999999999999,
James Loney,36.0,2020,4556,1B,infield,-7.4,
James Loney,37.0,2021,4556,1B,infield,-8.6,
James Loney,38.0,2022,4556,1B,infield,-9.8,
James Loney,39.0,2023,4556,1B,infield,-11.0,
James Loney,40.0,2024,4556,1B,infield,-12.2,
James Loney,41.0,2025,4556,1B,infield,-13.399999999999999,
James Loney,42.0,2026,4556,1B,infield,-14.599999999999998,
Starlin Castro,27.0,2017,4579,2B,infield,-5.8999999999999995,
Starlin Castro,28.0,2018,4579,2B,infield,-6.5,
Starlin Castro,29.0,2019,4579,2B,infield,-7.1,
Starlin Castro,30.0,2020,4579,2B,infield,-7.699999999999999,
Starlin Castro,31.0,2021,4579,2B,infield,-8.3,
Starlin Castro,32.0,2022,4579,2B,infield,-9.5,
Starlin Castro,33.0,2023,4579,2B,infield,-10.7,
Starlin Castro,34.0,2024,4579,2B,infield,-11.9,
Starlin Castro,35.0,2025,4579,2B,infield,-13.100000000000001,
Starlin Castro,36.0,2026,4579,2B,infield,-14.3,
Starlin Castro,37.0,2027,4579,2B,infield,-15.5,
Starlin Castro,38.0,2028,4579,2B,infield,-16.7,
Starlin Castro,39.0,2029,4579,2B,infield,-17.9,
Starlin Castro,40.0,2030,4579,2B,infield,-19.099999999999998,
Starlin Castro,41.0,2031,4579,2B,infield,-20.299999999999997,
Starlin Castro,26.0,2017,4579,SS,infield,0.06666666666666667,
Starlin Castro,27.0,2018,4579,SS,infield,-0.5333333333333333,
Starlin Castro,28.0,2019,4579,SS,infield,-1.1333333333333333,
Starlin Castro,29.0,2020,4579,SS,infield,-1.7333333333333332,
Starlin Castro,30.0,2021,4579,SS,infield,-2.333333333333333,
Starlin Castro,31.0,2022,4579,SS,infield,-2.933333333333333,
Starlin Castro,32.0,2023,4579,SS,infield,-4.133333333333334,
Starlin Castro,33.0,2024,4579,SS,infield,-5.333333333333334,
Starlin Castro,34.0,2025,4579,SS,infield,-6.533333333333334,
Starlin Castro,35.0,2026,4579,SS,infield,-7.733333333333334,
Starlin Castro,36.0,2027,4579,SS,infield,-8.933333333333334,
Starlin Castro,37.0,2028,4579,SS,infield,-10.133333333333333,
Starlin Castro,38.0,2029,4579,SS,infield,-11.333333333333332,
Starlin Castro,39.0,2030,4579,SS,infield,-12.533333333333331,
Starlin Castro,40.0,2031,4579,SS,infield,-13.73333333333333,
Nick Swisher,35.0,2017,4599,1B,infield,-2.000000000000001,
Nick Swisher,36.0,2018,4599,1B,infield,-3.2000000000000006,
Nick Swisher,37.0,2019,4599,1B,infield,-4.4,
Nick Swisher,38.0,2020,4599,1B,infield,-5.6000000000000005,
Nick Swisher,39.0,2021,4599,1B,infield,-6.800000000000001,
Nick Swisher,40.0,2022,4599,1B,infield,-8.0,
Nick Swisher,41.0,2023,4599,1B,infield,-9.200000000000001,
Nick Swisher,42.0,2024,4599,1B,infield,-10.4,
Nick Swisher,35.0,2017,4599,LF,outfield,-4.1,
Nick Swisher,36.0,2018,4599,LF,outfield,-5.3,
Nick Swisher,37.0,2019,4599,LF,outfield,-6.5,
Nick Swisher,38.0,2020,4599,LF,outfield,-7.699999999999999,
Nick Swisher,39.0,2021,4599,LF,outfield,-8.9,
Nick Swisher,40.0,2022,4599,LF,outfield,-10.1,
Nick Swisher,41.0,2023,4599,LF,outfield,-11.3,
Nick Swisher,42.0,2024,4599,LF,outfield,-12.5,
Prince Fielder,33.0,2017,4613,1B,infield,-26.333333333333336,
Prince Fielder,34.0,2018,4613,1B,infield,-27.533333333333335,
Prince Fielder,35.0,2019,4613,1B,infield,-28.733333333333334,
Prince Fielder,36.0,2020,4613,1B,infield,-29.933333333333337,
Prince Fielder,37.0,2021,4613,1B,infield,-31.133333333333336,
Prince Fielder,38.0,2022,4613,1B,infield,-32.333333333333336,
Prince Fielder,39.0,2023,4613,1B,infield,-33.53333333333334,
Prince Fielder,40.0,2024,4613,1B,infield,-34.733333333333334,
Prince Fielder,41.0,2025,4613,1B,infield,-35.93333333333334,
Prince Fielder,42.0,2026,4613,1B,infield,-37.13333333333333,
Russell Martin,34.0,2017,4616,C,catcher,,9.960592421397601
Russell Martin,35.0,2018,4616,C,catcher,,8.7605924213976
Russell Martin,36.0,2019,4616,C,catcher,,7.560592421397601
Russell Martin,37.0,2020,4616,C,catcher,,6.360592421397601
Russell Martin,38.0,2021,4616,C,catcher,,5.160592421397601
Russell Martin,39.0,2022,4616,C,catcher,,3.9605924213976005
Russell Martin,40.0,2023,4616,C,catcher,,2.7605924213976003
Russell Martin,41.0,2024,4616,C,catcher,,1.560592421397601
Russell Martin,42.0,2025,4616,C,catcher,,0.3605924213976017
Junior Lake,25.0,2017,4672,CF,outfield,-31.6,
Junior Lake,26.0,2018,4672,CF,outfield,-31.6,
Junior Lake,27.0,2019,4672,CF,outfield,-32.2,
Junior Lake,28.0,2020,4672,CF,outfield,-32.800000000000004,
Junior Lake,29.0,2021,4672,CF,outfield,-33.4,
Junior Lake,30.0,2022,4672,CF,outfield,-34.0,
Junior Lake,31.0,2023,4672,CF,outfield,-34.6,
Junior Lake,32.0,2024,4672,CF,outfield,-35.800000000000004,
Junior Lake,33.0,2025,4672,CF,outfield,-37.0,
Junior Lake,34.0,2026,4672,CF,outfield,-38.2,
Junior Lake,35.0,2027,4672,CF,outfield,-39.400000000000006,
Junior Lake,36.0,2028,4672,CF,outfield,-40.6,
Junior Lake,37.0,2029,4672,CF,outfield,-41.8,
Junior Lake,38.0,2030,4672,CF,outfield,-43.0,
Junior Lake,39.0,2031,4672,CF,outfield,-44.2,
Junior Lake,26.0,2017,4672,LF,outfield,-1.7000000000000004,
Junior Lake,27.0,2018,4672,LF,outfield,-2.3000000000000003,
Junior Lake,28.0,2019,4672,LF,outfield,-2.9000000000000004,
Junior Lake,29.0,2020,4672,LF,outfield,-3.5,
Junior Lake,30.0,2021,4672,LF,outfield,-4.1000000000000005,
Junior Lake,31.0,2022,4672,LF,outfield,-4.7,
Junior Lake,32.0,2023,4672,LF,outfield,-5.9,
Junior Lake,33.0,2024,4672,LF,outfield,-7.1000000000000005,
Junior Lake,34.0,2025,4672,LF,outfield,-8.3,
Junior Lake,35.0,2026,4672,LF,outfield,-9.500000000000002,
Junior Lake,36.0,2027,4672,LF,outfield,-10.700000000000001,
Junior Lake,37.0,2028,4672,LF,outfield,-11.9,
Junior Lake,38.0,2029,4672,LF,outfield,-13.1,
Junior Lake,39.0,2030,4672,LF,outfield,-14.299999999999999,
Junior Lake,40.0,2031,4672,LF,outfield,-15.499999999999998,
Junior Lake,27.0,2017,4672,RF,outfield,-18.26666666666667,
Junior Lake,28.0,2018,4672,RF,outfield,-18.866666666666667,
Junior Lake,29.0,2019,4672,RF,outfield,-19.46666666666667,
Junior Lake,30.0,2020,4672,RF,outfield,-20.066666666666666,
Junior Lake,31.0,2021,4672,RF,outfield,-20.666666666666668,
Junior Lake,32.0,2022,4672,RF,outfield,-21.866666666666667,
Junior Lake,33.0,2023,4672,RF,outfield,-23.06666666666667,
Junior Lake,34.0,2024,4672,RF,outfield,-24.26666666666667,
Junior Lake,35.0,2025,4672,RF,outfield,-25.46666666666667,
Junior Lake,36.0,2026,4672,RF,outfield,-26.666666666666668,
Junior Lake,37.0,2027,4672,RF,outfield,-27.866666666666667,
Junior Lake,38.0,2028,4672,RF,outfield,-29.066666666666666,
Junior Lake,39.0,2029,4672,RF,outfield,-30.266666666666666,
Junior Lake,40.0,2030,4672,RF,outfield,-31.466666666666665,
Junior Lake,41.0,2031,4672,RF,outfield,-32.666666666666664,
Donnie Murphy,32.0,2017,4704,2B,infield,-5.1,
Donnie Murphy,33.0,2018,4704,2B,infield,-6.3,
Donnie Murphy,34.0,2019,4704,2B,infield,-7.5,
Donnie Murphy,35.0,2020,4704,2B,infield,-8.7,
Donnie Murphy,36.0,2021,4704,2B,infield,-9.9,
Donnie Murphy,37.0,2022,4704,2B,infield,-11.1,
Donnie Murphy,38.0,2023,4704,2B,infield,-12.3,
Donnie Murphy,39.0,2024,4704,2B,infield,-13.5,
Donnie Murphy,40.0,2025,4704,2B,infield,-14.7,
Donnie Murphy,41.0,2026,4704,2B,infield,-15.899999999999999,
Donnie Murphy,42.0,2027,4704,2B,infield,-17.099999999999998,
Ben Revere,29.0,2017,4712,CF,outfield,1.4500000000000002,
Ben Revere,30.0,2018,4712,CF,outfield,0.8500000000000003,
Ben Revere,31.0,2019,4712,CF,outfield,0.25000000000000044,
Ben Revere,32.0,2020,4712,CF,outfield,-0.9499999999999997,
Ben Revere,33.0,2021,4712,CF,outfield,-2.15,
Ben Revere,34.0,2022,4712,CF,outfield,-3.35,
Ben Revere,35.0,2023,4712,CF,outfield,-4.550000000000001,
Ben Revere,36.0,2024,4712,CF,outfield,-5.75,
Ben Revere,37.0,2025,4712,CF,outfield,-6.949999999999999,
Ben Revere,38.0,2026,4712,CF,outfield,-8.149999999999999,
Ben Revere,39.0,2027,4712,CF,outfield,-9.349999999999998,
Ben Revere,40.0,2028,4712,CF,outfield,-10.549999999999997,
Ben Revere,41.0,2029,4712,CF,outfield,-11.749999999999996,
Ben Revere,42.0,2030,4712,CF,outfield,-12.949999999999996,
Ben Revere,29.0,2017,4712,LF,outfield,-4.2,
Ben Revere,30.0,2018,4712,LF,outfield,-4.8,
Ben Revere,31.0,2019,4712,LF,outfield,-5.4,
Ben Revere,32.0,2020,4712,LF,outfield,-6.6,
Ben Revere,33.0,2021,4712,LF,outfield,-7.800000000000001,
Ben Revere,34.0,2022,4712,LF,outfield,-9.0,
Ben Revere,35.0,2023,4712,LF,outfield,-10.200000000000001,
Ben Revere,36.0,2024,4712,LF,outfield,-11.4,
Ben Revere,37.0,2025,4712,LF,outfield,-12.6,
Ben Revere,38.0,2026,4712,LF,outfield,-13.799999999999999,
Ben Revere,39.0,2027,4712,LF,outfield,-14.999999999999998,
Ben Revere,40.0,2028,4712,LF,outfield,-16.2,
Ben Revere,41.0,2029,4712,LF,outfield,-17.4,
Ben Revere,42.0,2030,4712,LF,outfield,-18.599999999999998,
Ben Revere,28.0,2017,4712,RF,outfield,-7.699999999999999,
Ben Revere,29.0,2018,4712,RF,outfield,-8.299999999999999,
Ben Revere,30.0,2019,4712,RF,outfield,-8.899999999999999,
Ben Revere,31.0,2020,4712,RF,outfield,-9.5,
Ben Revere,32.0,2021,4712,RF,outfield,-10.7,
Ben Revere,33.0,2022,4712,RF,outfield,-11.899999999999999,
Ben Revere,34.0,2023,4712,RF,outfield,-13.1,
Ben Revere,35.0,2024,4712,RF,outfield,-14.3,
Ben Revere,36.0,2025,4712,RF,outfield,-15.5,
Ben Revere,37.0,2026,4712,RF,outfield,-16.7,
Ben Revere,38.0,2027,4712,RF,outfield,-17.9,
Ben Revere,39.0,2028,4712,RF,outfield,-19.099999999999998,
Ben Revere,40.0,2029,4712,RF,outfield,-20.299999999999997,
Ben Revere,41.0,2030,4712,RF,outfield,-21.499999999999996,
Ben Revere,42.0,2031,4712,RF,outfield,-22.699999999999996,
Brian Bogusevic,32.0,2017,4719,RF,outfield,2.5,
Brian Bogusevic,33.0,2018,4719,RF,outfield,1.3000000000000003,
Brian Bogusevic,34.0,2019,4719,RF,outfield,0.10000000000000053,
Brian Bogusevic,35.0,2020,4719,RF,outfield,-1.0999999999999996,
Brian Bogusevic,36.0,2021,4719,RF,outfield,-2.3,
Brian Bogusevic,37.0,2022,4719,RF,outfield,-3.5,
Brian Bogusevic,38.0,2023,4719,RF,outfield,-4.7,
Brian Bogusevic,39.0,2024,4719,RF,outfield,-5.8999999999999995,
Brian Bogusevic,40.0,2025,4719,RF,outfield,-7.099999999999999,
Brian Bogusevic,41.0,2026,4719,RF,outfield,-8.299999999999997,
Brian Bogusevic,42.0,2027,4719,RF,outfield,-9.499999999999996,
Chase Headley,31.0,2017,4720,1B,infield,-11.5,
Chase Headley,32.0,2018,4720,1B,infield,-12.7,
Chase Headley,33.0,2019,4720,1B,infield,-13.9,
Chase Headley,34.0,2020,4720,1B,infield,-15.100000000000001,
Chase Headley,35.0,2021,4720,1B,infield,-16.3,
Chase Headley,36.0,2022,4720,1B,infield,-17.5,
Chase Headley,37.0,2023,4720,1B,infield,-18.700000000000003,
Chase Headley,38.0,2024,4720,1B,infield,-19.9,
Chase Headley,39.0,2025,4720,1B,infield,-21.1,
Chase Headley,40.0,2026,4720,1B,infield,-22.299999999999997,
Chase Headley,41.0,2027,4720,1B,infield,-23.5,
Chase Headley,42.0,2028,4720,1B,infield,-24.699999999999996,
Chase Headley,33.0,2017,4720,3B,infield,5.85,
Chase Headley,34.0,2018,4720,3B,infield,4.65,
Chase Headley,35.0,2019,4720,3B,infield,3.45,
Chase Headley,36.0,2020,4720,3B,infield,2.25,
Chase Headley,37.0,2021,4720,3B,infield,1.0499999999999998,
Chase Headley,38.0,2022,4720,3B,infield,-0.15000000000000036,
Chase Headley,39.0,2023,4720,3B,infield,-1.3500000000000005,
Chase Headley,40.0,2024,4720,3B,infield,-2.55,
Chase Headley,41.0,2025,4720,3B,infield,-3.749999999999999,
Chase Headley,42.0,2026,4720,3B,infield,-4.949999999999998,
Jacoby Ellsbury,33.0,2017,4727,CF,outfield,-3.1833333333333336,
Jacoby Ellsbury,34.0,2018,4727,CF,outfield,-4.383333333333333,
Jacoby Ellsbury,35.0,2019,4727,CF,outfield,-5.583333333333333,
Jacoby Ellsbury,36.0,2020,4727,CF,outfield,-6.783333333333333,
Jacoby Ellsbury,37.0,2021,4727,CF,outfield,-7.983333333333333,
Jacoby Ellsbury,38.0,2022,4727,CF,outfield,-9.183333333333334,
Jacoby Ellsbury,39.0,2023,4727,CF,outfield,-10.383333333333333,
Jacoby Ellsbury,40.0,2024,4727,CF,outfield,-11.583333333333332,
Jacoby Ellsbury,41.0,2025,4727,CF,outfield,-12.783333333333331,
Jacoby Ellsbury,42.0,2026,4727,CF,outfield,-13.98333333333333,
Curtis Granderson,36.0,2017,4747,CF,outfield,-2.9749999999999996,
Curtis Granderson,37.0,2018,4747,CF,outfield,-4.175,
Curtis Granderson,38.0,2019,4747,CF,outfield,-5.375,
Curtis Granderson,39.0,2020,4747,CF,outfield,-6.574999999999999,
Curtis Granderson,40.0,2021,4747,CF,outfield,-7.775,
Curtis Granderson,41.0,2022,4747,CF,outfield,-8.975,
Curtis Granderson,42.0,2023,4747,CF,outfield,-10.175,
Curtis Granderson,36.0,2017,4747,LF,outfield,-11.674999999999999,
Curtis Granderson,37.0,2018,4747,LF,outfield,-12.875,
Curtis Granderson,38.0,2019,4747,LF,outfield,-14.075,
Curtis Granderson,39.0,2020,4747,LF,outfield,-15.274999999999999,
Curtis Granderson,40.0,2021,4747,LF,outfield,-16.475,
Curtis Granderson,41.0,2022,4747,LF,outfield,-17.675,
Curtis Granderson,42.0,2023,4747,LF,outfield,-18.875,
Curtis Granderson,36.0,2017,4747,RF,outfield,0.9999999999999998,
Curtis Granderson,37.0,2018,4747,RF,outfield,-0.20000000000000018,
Curtis Granderson,38.0,2019,4747,RF,outfield,-1.4,
Curtis Granderson,39.0,2020,4747,RF,outfield,-2.6,
Curtis Granderson,40.0,2021,4747,RF,outfield,-3.8000000000000003,
Curtis Granderson,41.0,2022,4747,RF,outfield,-5.0,
Curtis Granderson,42.0,2023,4747,RF,outfield,-6.200000000000001,
John Baker,34.0,2017,4756,C,catcher,,-15.778833693304534
John Baker,35.0,2018,4756,C,catcher,,-16.978833693304534
John Baker,36.0,2019,4756,C,catcher,,-18.178833693304533
John Baker,37.0,2020,4756,C,catcher,,-19.378833693304536
John Baker,38.0,2021,4756,C,catcher,,-20.578833693304535
John Baker,39.0,2022,4756,C,catcher,,-21.778833693304534
John Baker,40.0,2023,4756,C,catcher,,-22.978833693304537
John Baker,41.0,2024,4756,C,catcher,,-24.178833693304533
John Baker,42.0,2025,4756,C,catcher,,-25.378833693304536
Rymer Liriano,24.0,2017,4779,RF,outfield,-8.7,
Rymer Liriano,25.0,2018,4779,RF,outfield,-8.7,
Rymer Liriano,26.0,2019,4779,RF,outfield,-8.7,
Rymer Liriano,27.0,2020,4779,RF,outfield,-9.299999999999999,
Rymer Liriano,28.0,2021,4779,RF,outfield,-9.899999999999999,
Rymer Liriano,29.0,2022,4779,RF,outfield,-10.5,
Rymer Liriano,30.0,2023,4779,RF,outfield,-11.1,
Rymer Liriano,31.0,2024,4779,RF,outfield,-11.7,
Rymer Liriano,32.0,2025,4779,RF,outfield,-12.899999999999999,
Rymer Liriano,33.0,2026,4779,RF,outfield,-14.1,
Rymer Liriano,34.0,2027,4779,RF,outfield,-15.3,
Rymer Liriano,35.0,2028,4779,RF,outfield,-16.5,
Rymer Liriano,36.0,2029,4779,RF,outfield,-17.7,
Rymer Liriano,37.0,2030,4779,RF,outfield,-18.9,
Rymer Liriano,38.0,2031,4779,RF,outfield,-20.099999999999998,
Jeff Francoeur,33.0,2017,4792,LF,outfield,-9.933333333333332,
Jeff Francoeur,34.0,2018,4792,LF,outfield,-11.133333333333333,
Jeff Francoeur,35.0,2019,4792,LF,outfield,-12.333333333333332,
Jeff Francoeur,36.0,2020,4792,LF,outfield,-13.533333333333331,
Jeff Francoeur,37.0,2021,4792,LF,outfield,-14.733333333333333,
Jeff Francoeur,38.0,2022,4792,LF,outfield,-15.933333333333334,
Jeff Francoeur,39.0,2023,4792,LF,outfield,-17.133333333333333,
Jeff Francoeur,40.0,2024,4792,LF,outfield,-18.333333333333332,
Jeff Francoeur,41.0,2025,4792,LF,outfield,-19.53333333333333,
Jeff Francoeur,42.0,2026,4792,LF,outfield,-20.73333333333333,
Jeff Francoeur,33.0,2017,4792,RF,outfield,4.933333333333334,
Jeff Francoeur,34.0,2018,4792,RF,outfield,3.733333333333334,
Jeff Francoeur,35.0,2019,4792,RF,outfield,2.533333333333334,
Jeff Francoeur,36.0,2020,4792,RF,outfield,1.333333333333334,
Jeff Francoeur,37.0,2021,4792,RF,outfield,0.13333333333333375,
Jeff Francoeur,38.0,2022,4792,RF,outfield,-1.0666666666666664,
Jeff Francoeur,39.0,2023,4792,RF,outfield,-2.2666666666666666,
Jeff Francoeur,40.0,2024,4792,RF,outfield,-3.466666666666666,
Jeff Francoeur,41.0,2025,4792,RF,outfield,-4.666666666666665,
Jeff Francoeur,42.0,2026,4792,RF,outfield,-5.8666666666666645,
Travis Ishikawa,32.0,2017,4793,1B,infield,8.433333333333334,
Travis Ishikawa,33.0,2018,4793,1B,infield,7.2333333333333325,
Travis Ishikawa,34.0,2019,4793,1B,infield,6.033333333333333,
Travis Ishikawa,35.0,2020,4793,1B,infield,4.833333333333333,
Travis Ishikawa,36.0,2021,4793,1B,infield,3.633333333333333,
Travis Ishikawa,37.0,2022,4793,1B,infield,2.4333333333333327,
Travis Ishikawa,38.0,2023,4793,1B,infield,1.2333333333333325,
Travis Ishikawa,39.0,2024,4793,1B,infield,0.033333333333333215,
Travis Ishikawa,40.0,2025,4793,1B,infield,-1.166666666666666,
Travis Ishikawa,41.0,2026,4793,1B,infield,-2.3666666666666654,
Travis Ishikawa,42.0,2027,4793,1B,infield,-3.5666666666666647,
Brian McCann,31.0,2017,4810,1B,infield,-3.1,
Brian McCann,32.0,2018,4810,1B,infield,-4.3,
Brian McCann,33.0,2019,4810,1B,infield,-5.5,
Brian McCann,34.0,2020,4810,1B,infield,-6.7,
Brian McCann,35.0,2021,4810,1B,infield,-7.9,
Brian McCann,36.0,2022,4810,1B,infield,-9.100000000000001,
Brian McCann,37.0,2023,4810,1B,infield,-10.3,
Brian McCann,38.0,2024,4810,1B,infield,-11.5,
Brian McCann,39.0,2025,4810,1B,infield,-12.7,
Brian McCann,40.0,2026,4810,1B,infield,-13.899999999999999,
Brian McCann,41.0,2027,4810,1B,infield,-15.099999999999998,
Brian McCann,42.0,2028,4810,1B,infield,-16.299999999999997,
Brian McCann,33.0,2017,4810,C,catcher,,-5.493320504489148
Brian McCann,34.0,2018,4810,C,catcher,,-6.693320504489147
Brian McCann,35.0,2019,4810,C,catcher,,-7.8933205044891475
Brian McCann,36.0,2020,4810,C,catcher,,-9.093320504489148
Brian McCann,37.0,2021,4810,C,catcher,,-10.293320504489149
Brian McCann,38.0,2022,4810,C,catcher,,-11.493320504489148
Brian McCann,39.0,2023,4810,C,catcher,,-12.693320504489147
Brian McCann,40.0,2024,4810,C,catcher,,-13.893320504489147
Brian McCann,41.0,2025,4810,C,catcher,,-15.093320504489146
Brian McCann,42.0,2026,4810,C,catcher,,-16.293320504489145
Jarrod Dyson,32.0,2017,4866,CF,outfield,13.200000000000001,
Jarrod Dyson,33.0,2018,4866,CF,outfield,12.0,
Jarrod Dyson,34.0,2019,4866,CF,outfield,10.8,
Jarrod Dyson,35.0,2020,4866,CF,outfield,9.600000000000001,
Jarrod Dyson,36.0,2021,4866,CF,outfield,8.4,
Jarrod Dyson,37.0,2022,4866,CF,outfield,7.2,
Jarrod Dyson,38.0,2023,4866,CF,outfield,6.0,
Jarrod Dyson,39.0,2024,4866,CF,outfield,4.800000000000001,
Jarrod Dyson,40.0,2025,4866,CF,outfield,3.6000000000000014,
Jarrod Dyson,41.0,2026,4866,CF,outfield,2.400000000000002,
Jarrod Dyson,42.0,2027,4866,CF,outfield,1.2000000000000028,
Jarrod Dyson,32.0,2017,4866,LF,outfield,15.933333333333334,
Jarrod Dyson,33.0,2018,4866,LF,outfield,14.733333333333333,
Jarrod Dyson,34.0,2019,4866,LF,outfield,13.533333333333333,
Jarrod Dyson,35.0,2020,4866,LF,outfield,12.333333333333332,
Jarrod Dyson,36.0,2021,4866,LF,outfield,11.133333333333333,
Jarrod Dyson,37.0,2022,4866,LF,outfield,9.933333333333334,
Jarrod Dyson,38.0,2023,4866,LF,outfield,8.733333333333333,
Jarrod Dyson,39.0,2024,4866,LF,outfield,7.533333333333333,
Jarrod Dyson,40.0,2025,4866,LF,outfield,6.333333333333334,
Jarrod Dyson,41.0,2026,4866,LF,outfield,5.133333333333335,
Jarrod Dyson,42.0,2027,4866,LF,outfield,3.9333333333333353,
Jarrod Dyson,32.0,2017,4866,RF,outfield,22.9,
Jarrod Dyson,33.0,2018,4866,RF,outfield,21.7,
Jarrod Dyson,34.0,2019,4866,RF,outfield,20.5,
Jarrod Dyson,35.0,2020,4866,RF,outfield,19.299999999999997,
Jarrod Dyson,36.0,2021,4866,RF,outfield,18.099999999999998,
Jarrod Dyson,37.0,2022,4866,RF,outfield,16.9,
Jarrod Dyson,38.0,2023,4866,RF,outfield,15.699999999999998,
Jarrod Dyson,39.0,2024,4866,RF,outfield,14.499999999999998,
Jarrod Dyson,40.0,2025,4866,RF,outfield,13.299999999999999,
Jarrod Dyson,41.0,2026,4866,RF,outfield,12.1,
Jarrod Dyson,42.0,2027,4866,RF,outfield,10.9,
Logan Watkins,25.0,2017,4875,2B,infield,-43.8,
Logan Watkins,26.0,2018,4875,2B,infield,-43.8,
Logan Watkins,27.0,2019,4875,2B,infield,-44.4,
Logan Watkins,28.0,2020,4875,2B,infield,-45.0,
Logan Watkins,29.0,2021,4875,2B,infield,-45.599999999999994,
Logan Watkins,30.0,2022,4875,2B,infield,-46.199999999999996,
Logan Watkins,31.0,2023,4875,2B,infield,-46.8,
Logan Watkins,32.0,2024,4875,2B,infield,-48.0,
Logan Watkins,33.0,2025,4875,2B,infield,-49.199999999999996,
Logan Watkins,34.0,2026,4875,2B,infield,-50.4,
Logan Watkins,35.0,2027,4875,2B,infield,-51.599999999999994,
Logan Watkins,36.0,2028,4875,2B,infield,-52.8,
Logan Watkins,37.0,2029,4875,2B,infield,-54.0,
Logan Watkins,38.0,2030,4875,2B,infield,-55.199999999999996,
Logan Watkins,39.0,2031,4875,2B,infield,-56.39999999999999,
Carlos Gomez,31.0,2017,4881,CF,outfield,-5.6000000000000005,
Carlos Gomez,32.0,2018,4881,CF,outfield,-6.800000000000001,
Carlos Gomez,33.0,2019,4881,CF,outfield,-8.0,
Carlos Gomez,34.0,2020,4881,CF,outfield,-9.200000000000001,
Carlos Gomez,35.0,2021,4881,CF,outfield,-10.400000000000002,
Carlos Gomez,36.0,2022,4881,CF,outfield,-11.600000000000001,
Carlos Gomez,37.0,2023,4881,CF,outfield,-12.8,
Carlos Gomez,38.0,2024,4881,CF,outfield,-14.0,
Carlos Gomez,39.0,2025,4881,CF,outfield,-15.2,
Carlos Gomez,40.0,2026,4881,CF,outfield,-16.4,
Carlos Gomez,41.0,2027,4881,CF,outfield,-17.599999999999998,
Carlos Gomez,42.0,2028,4881,CF,outfield,-18.799999999999997,
Carlos Gomez,31.0,2017,4881,LF,outfield,-7.1,
Carlos Gomez,32.0,2018,4881,LF,outfield,-8.3,
Carlos Gomez,33.0,2019,4881,LF,outfield,-9.5,
Carlos Gomez,34.0,2020,4881,LF,outfield,-10.7,
Carlos Gomez,35.0,2021,4881,LF,outfield,-11.9,
Carlos Gomez,36.0,2022,4881,LF,outfield,-13.100000000000001,
Carlos Gomez,37.0,2023,4881,LF,outfield,-14.3,
Carlos Gomez,38.0,2024,4881,LF,outfield,-15.5,
Carlos Gomez,39.0,2025,4881,LF,outfield,-16.7,
Carlos Gomez,40.0,2026,4881,LF,outfield,-17.9,
Carlos Gomez,41.0,2027,4881,LF,outfield,-19.099999999999998,
Carlos Gomez,42.0,2028,4881,LF,outfield,-20.299999999999997,
Nyjer Morgan,34.0,2017,4885,CF,outfield,-51.0,
Nyjer Morgan,35.0,2018,4885,CF,outfield,-52.199999999999996,
Nyjer Morgan,36.0,2019,4885,CF,outfield,-53.4,
Nyjer Morgan,37.0,2020,4885,CF,outfield,-54.599999999999994,
Nyjer Morgan,38.0,2021,4885,CF,outfield,-55.8,
Nyjer Morgan,39.0,2022,4885,CF,outfield,-57.0,
Nyjer Morgan,40.0,2023,4885,CF,outfield,-58.199999999999996,
Nyjer Morgan,41.0,2024,4885,CF,outfield,-59.4,
Nyjer Morgan,42.0,2025,4885,CF,outfield,-60.599999999999994,
Mike Moustakas,28.0,2017,4892,3B,infield,9.433333333333334,
Mike Moustakas,29.0,2018,4892,3B,infield,8.833333333333334,
Mike Moustakas,30.0,2019,4892,3B,infield,8.233333333333334,
Mike Moustakas,31.0,2020,4892,3B,infield,7.633333333333333,
Mike Moustakas,32.0,2021,4892,3B,infield,6.433333333333334,
Mike Moustakas,33.0,2022,4892,3B,infield,5.233333333333333,
Mike Moustakas,34.0,2023,4892,3B,infield,4.033333333333333,
Mike Moustakas,35.0,2024,4892,3B,infield,2.833333333333333,
Mike Moustakas,36.0,2025,4892,3B,infield,1.6333333333333329,
Mike Moustakas,37.0,2026,4892,3B,infield,0.43333333333333357,
Mike Moustakas,38.0,2027,4892,3B,infield,-0.7666666666666657,
Mike Moustakas,39.0,2028,4892,3B,infield,-1.966666666666665,
Mike Moustakas,40.0,2029,4892,3B,infield,-3.1666666666666643,
Mike Moustakas,41.0,2030,4892,3B,infield,-4.366666666666664,
Mike Moustakas,42.0,2031,4892,3B,infield,-5.566666666666663,
Matt Dominguez,25.0,2017,4903,3B,infield,-4.0,
Matt Dominguez,26.0,2018,4903,3B,infield,-4.0,
Matt Dominguez,27.0,2019,4903,3B,infield,-4.6,
Matt Dominguez,28.0,2020,4903,3B,infield,-5.2,
Matt Dominguez,29.0,2021,4903,3B,infield,-5.8,
Matt Dominguez,30.0,2022,4903,3B,infield,-6.4,
Matt Dominguez,31.0,2023,4903,3B,infield,-7.0,
Matt Dominguez,32.0,2024,4903,3B,infield,-8.2,
Matt Dominguez,33.0,2025,4903,3B,infield,-9.4,
Matt Dominguez,34.0,2026,4903,3B,infield,-10.600000000000001,
Matt Dominguez,35.0,2027,4903,3B,infield,-11.8,
Matt Dominguez,36.0,2028,4903,3B,infield,-13.0,
Matt Dominguez,37.0,2029,4903,3B,infield,-14.2,
Matt Dominguez,38.0,2030,4903,3B,infield,-15.399999999999999,
Matt Dominguez,39.0,2031,4903,3B,infield,-16.599999999999998,
Ender Inciarte,26.0,2017,4922,CF,outfield,9.549999999999999,
Ender Inciarte,27.0,2018,4922,CF,outfield,8.95,
Ender Inciarte,28.0,2019,4922,CF,outfield,8.35,
Ender Inciarte,29.0,2020,4922,CF,outfield,7.749999999999999,
Ender Inciarte,30.0,2021,4922,CF,outfield,7.149999999999999,
Ender Inciarte,31.0,2022,4922,CF,outfield,6.549999999999999,
Ender Inciarte,32.0,2023,4922,CF,outfield,5.349999999999999,
Ender Inciarte,33.0,2024,4922,CF,outfield,4.149999999999999,
Ender Inciarte,34.0,2025,4922,CF,outfield,2.9499999999999984,
Ender Inciarte,35.0,2026,4922,CF,outfield,1.7499999999999982,
Ender Inciarte,36.0,2027,4922,CF,outfield,0.5499999999999989,
Ender Inciarte,37.0,2028,4922,CF,outfield,-0.6500000000000004,
Ender Inciarte,38.0,2029,4922,CF,outfield,-1.8499999999999996,
Ender Inciarte,39.0,2030,4922,CF,outfield,-3.049999999999999,
Ender Inciarte,40.0,2031,4922,CF,outfield,-4.249999999999998,
Ender Inciarte,26.0,2017,4922,LF,outfield,26.8,
Ender Inciarte,27.0,2018,4922,LF,outfield,26.2,
Ender Inciarte,28.0,2019,4922,LF,outfield,25.6,
Ender Inciarte,29.0,2020,4922,LF,outfield,25.0,
Ender Inciarte,30.0,2021,4922,LF,outfield,24.400000000000002,
Ender Inciarte,31.0,2022,4922,LF,outfield,23.8,
Ender Inciarte,32.0,2023,4922,LF,outfield,22.6,
Ender Inciarte,33.0,2024,4922,LF,outfield,21.4,
Ender Inciarte,34.0,2025,4922,LF,outfield,20.2,
Ender Inciarte,35.0,2026,4922,LF,outfield,19.0,
Ender Inciarte,36.0,2027,4922,LF,outfield,17.8,
Ender Inciarte,37.0,2028,4922,LF,outfield,16.6,
Ender Inciarte,38.0,2029,4922,LF,outfield,15.400000000000002,
Ender Inciarte,39.0,2030,4922,LF,outfield,14.200000000000003,
Ender Inciarte,40.0,2031,4922,LF,outfield,13.000000000000004,
Ender Inciarte,25.0,2017,4922,RF,outfield,7.8,
Ender Inciarte,26.0,2018,4922,RF,outfield,7.8,
Ender Inciarte,27.0,2019,4922,RF,outfield,7.2,
Ender Inciarte,28.0,2020,4922,RF,outfield,6.6,
Ender Inciarte,29.0,2021,4922,RF,outfield,6.0,
Ender Inciarte,30.0,2022,4922,RF,outfield,5.4,
Ender Inciarte,31.0,2023,4922,RF,outfield,4.8,
Ender Inciarte,32.0,2024,4922,RF,outfield,3.5999999999999996,
Ender Inciarte,33.0,2025,4922,RF,outfield,2.3999999999999995,
Ender Inciarte,34.0,2026,4922,RF,outfield,1.1999999999999993,
Ender Inciarte,35.0,2027,4922,RF,outfield,-8.881784197001252e-16,
Ender Inciarte,36.0,2028,4922,RF,outfield,-1.2000000000000002,
Ender Inciarte,37.0,2029,4922,RF,outfield,-2.3999999999999995,
Ender Inciarte,38.0,2030,4922,RF,outfield,-3.5999999999999988,
Ender Inciarte,39.0,2031,4922,RF,outfield,-4.799999999999998,
Jason Heyward,27.0,2017,4940,CF,outfield,31.766666666666666,
Jason Heyward,28.0,2018,4940,CF,outfield,31.166666666666668,
Jason Heyward,29.0,2019,4940,CF,outfield,30.566666666666666,
Jason Heyward,30.0,2020,4940,CF,outfield,29.96666666666667,
Jason Heyward,31.0,2021,4940,CF,outfield,29.366666666666667,
Jason Heyward,32.0,2022,4940,CF,outfield,28.166666666666668,
Jason Heyward,33.0,2023,4940,CF,outfield,26.96666666666667,
Jason Heyward,34.0,2024,4940,CF,outfield,25.766666666666666,
Jason Heyward,35.0,2025,4940,CF,outfield,24.566666666666666,
Jason Heyward,36.0,2026,4940,CF,outfield,23.366666666666667,
Jason Heyward,37.0,2027,4940,CF,outfield,22.166666666666668,
Jason Heyward,38.0,2028,4940,CF,outfield,20.96666666666667,
Jason Heyward,39.0,2029,4940,CF,outfield,19.76666666666667,
Jason Heyward,40.0,2030,4940,CF,outfield,18.56666666666667,
Jason Heyward,41.0,2031,4940,CF,outfield,17.36666666666667,
Jason Heyward,27.0,2017,4940,RF,outfield,17.066666666666666,
Jason Heyward,28.0,2018,4940,RF,outfield,16.46666666666667,
Jason Heyward,29.0,2019,4940,RF,outfield,15.866666666666667,
Jason Heyward,30.0,2020,4940,RF,outfield,15.266666666666667,
Jason Heyward,31.0,2021,4940,RF,outfield,14.666666666666668,
Jason Heyward,32.0,2022,4940,RF,outfield,13.466666666666669,
Jason Heyward,33.0,2023,4940,RF,outfield,12.266666666666667,
Jason Heyward,34.0,2024,4940,RF,outfield,11.066666666666666,
Jason Heyward,35.0,2025,4940,RF,outfield,9.866666666666667,
Jason Heyward,36.0,2026,4940,RF,outfield,8.666666666666668,
Jason Heyward,37.0,2027,4940,RF,outfield,7.466666666666669,
Jason Heyward,38.0,2028,4940,RF,outfield,6.266666666666669,
Jason Heyward,39.0,2029,4940,RF,outfield,5.06666666666667,
Jason Heyward,40.0,2030,4940,RF,outfield,3.8666666666666707,
Jason Heyward,41.0,2031,4940,RF,outfield,2.6666666666666714,
Giancarlo Stanton,27.0,2017,4949,RF,outfield,4.383333333333334,
Giancarlo Stanton,28.0,2018,4949,RF,outfield,3.783333333333333,
Giancarlo Stanton,29.0,2019,4949,RF,outfield,3.1833333333333336,
Giancarlo Stanton,30.0,2020,4949,RF,outfield,2.5833333333333335,
Giancarlo Stanton,31.0,2021,4949,RF,outfield,1.9833333333333334,
Giancarlo Stanton,32.0,2022,4949,RF,outfield,0.7833333333333332,
Giancarlo Stanton,33.0,2023,4949,RF,outfield,-0.41666666666666696,
Giancarlo Stanton,34.0,2024,4949,RF,outfield,-1.6166666666666671,
Giancarlo Stanton,35.0,2025,4949,RF,outfield,-2.8166666666666673,
Giancarlo Stanton,36.0,2026,4949,RF,outfield,-4.016666666666667,
Giancarlo Stanton,37.0,2027,4949,RF,outfield,-5.216666666666666,
Giancarlo Stanton,38.0,2028,4949,RF,outfield,-6.416666666666665,
Giancarlo Stanton,39.0,2029,4949,RF,outfield,-7.6166666666666645,
Giancarlo Stanton,40.0,2030,4949,RF,outfield,-8.816666666666663,
Giancarlo Stanton,41.0,2031,4949,RF,outfield,-10.016666666666662,
Ryan Hanigan,36.0,2017,4952,C,catcher,,-5.769480411758431
Ryan Hanigan,37.0,2018,4952,C,catcher,,-6.969480411758431
Ryan Hanigan,38.0,2019,4952,C,catcher,,-8.16948041175843
Ryan Hanigan,39.0,2020,4952,C,catcher,,-9.369480411758431
Ryan Hanigan,40.0,2021,4952,C,catcher,,-10.56948041175843
Ryan Hanigan,41.0,2022,4952,C,catcher,,-11.76948041175843
Ryan Hanigan,42.0,2023,4952,C,catcher,,-12.96948041175843
Asdrubal Cabrera,29.0,2017,4962,2B,infield,3.9,
Asdrubal Cabrera,30.0,2018,4962,2B,infield,3.3,
Asdrubal Cabrera,31.0,2019,4962,2B,infield,2.7,
Asdrubal Cabrera,32.0,2020,4962,2B,infield,1.5,
Asdrubal Cabrera,33.0,2021,4962,2B,infield,0.2999999999999998,
Asdrubal Cabrera,34.0,2022,4962,2B,infield,-0.9000000000000004,
Asdrubal Cabrera,35.0,2023,4962,2B,infield,-2.1000000000000005,
Asdrubal Cabrera,36.0,2024,4962,2B,infield,-3.3000000000000007,
Asdrubal Cabrera,37.0,2025,4962,2B,infield,-4.5,
Asdrubal Cabrera,38.0,2026,4962,2B,infield,-5.699999999999999,
Asdrubal Cabrera,39.0,2027,4962,2B,infield,-6.899999999999999,
Asdrubal Cabrera,40.0,2028,4962,2B,infield,-8.099999999999998,
Asdrubal Cabrera,41.0,2029,4962,2B,infield,-9.299999999999997,
Asdrubal Cabrera,42.0,2030,4962,2B,infield,-10.499999999999996,
Asdrubal Cabrera,31.0,2017,4962,SS,infield,-2.1999999999999997,
Asdrubal Cabrera,32.0,2018,4962,SS,infield,-3.3999999999999995,
Asdrubal Cabrera,33.0,2019,4962,SS,infield,-4.6,
Asdrubal Cabrera,34.0,2020,4962,SS,infield,-5.8,
Asdrubal Cabrera,35.0,2021,4962,SS,infield,-7.0,
Asdrubal Cabrera,36.0,2022,4962,SS,infield,-8.200000000000001,
Asdrubal Cabrera,37.0,2023,4962,SS,infield,-9.4,
Asdrubal Cabrera,38.0,2024,4962,SS,infield,-10.6,
Asdrubal Cabrera,39.0,2025,4962,SS,infield,-11.799999999999999,
Asdrubal Cabrera,40.0,2026,4962,SS,infield,-12.999999999999998,
Asdrubal Cabrera,41.0,2027,4962,SS,infield,-14.199999999999998,
Asdrubal Cabrera,42.0,2028,4962,SS,infield,-15.399999999999997,
Tony Campana,29.0,2017,4964,CF,outfield,-7.1,
Tony Campana,30.0,2018,4964,CF,outfield,-7.7,
Tony Campana,31.0,2019,4964,CF,outfield,-8.3,
Tony Campana,32.0,2020,4964,CF,outfield,-9.5,
Tony Campana,33.0,2021,4964,CF,outfield,-10.7,
Tony Campana,34.0,2022,4964,CF,outfield,-11.9,
Tony Campana,35.0,2023,4964,CF,outfield,-13.100000000000001,
Tony Campana,36.0,2024,4964,CF,outfield,-14.3,
Tony Campana,37.0,2025,4964,CF,outfield,-15.5,
Tony Campana,38.0,2026,4964,CF,outfield,-16.7,
Tony Campana,39.0,2027,4964,CF,outfield,-17.9,
Tony Campana,40.0,2028,4964,CF,outfield,-19.099999999999998,
Tony Campana,41.0,2029,4964,CF,outfield,-20.299999999999997,
Tony Campana,42.0,2030,4964,CF,outfield,-21.499999999999996,
Luis Valbuena,31.0,2017,4969,1B,infield,16.833333333333332,
Luis Valbuena,32.0,2018,4969,1B,infield,15.633333333333333,
Luis Valbuena,33.0,2019,4969,1B,infield,14.433333333333334,
Luis Valbuena,34.0,2020,4969,1B,infield,13.233333333333334,
Luis Valbuena,35.0,2021,4969,1B,infield,12.033333333333333,
Luis Valbuena,36.0,2022,4969,1B,infield,10.833333333333332,
Luis Valbuena,37.0,2023,4969,1B,infield,9.633333333333333,
Luis Valbuena,38.0,2024,4969,1B,infield,8.433333333333334,
Luis Valbuena,39.0,2025,4969,1B,infield,7.233333333333334,
Luis Valbuena,40.0,2026,4969,1B,infield,6.033333333333335,
Luis Valbuena,41.0,2027,4969,1B,infield,4.833333333333336,
Luis Valbuena,42.0,2028,4969,1B,infield,3.6333333333333364,
Luis Valbuena,29.0,2017,4969,2B,infield,1.0,
Luis Valbuena,30.0,2018,4969,2B,infield,0.40000000000000013,
Luis Valbuena,31.0,2019,4969,2B,infield,-0.19999999999999973,
Luis Valbuena,32.0,2020,4969,2B,infield,-1.4,
Luis Valbuena,33.0,2021,4969,2B,infield,-2.6,
Luis Valbuena,34.0,2022,4969,2B,infield,-3.8000000000000003,
Luis Valbuena,35.0,2023,4969,2B,infield,-5.0,
Luis Valbuena,36.0,2024,4969,2B,infield,-6.200000000000001,
Luis Valbuena,37.0,2025,4969,2B,infield,-7.4,
Luis Valbuena,38.0,2026,4969,2B,infield,-8.6,
Luis Valbuena,39.0,2027,4969,2B,infield,-9.799999999999999,
Luis Valbuena,40.0,2028,4969,2B,infield,-10.999999999999998,
Luis Valbuena,41.0,2029,4969,2B,infield,-12.199999999999998,
Luis Valbuena,42.0,2030,4969,2B,infield,-13.399999999999997,
Luis Valbuena,31.0,2017,4969,3B,infield,-4.999999999999999,
Luis Valbuena,32.0,2018,4969,3B,infield,-6.199999999999999,
Luis Valbuena,33.0,2019,4969,3B,infield,-7.3999999999999995,
Luis Valbuena,34.0,2020,4969,3B,infield,-8.6,
Luis Valbuena,35.0,2021,4969,3B,infield,-9.8,
Luis Valbuena,36.0,2022,4969,3B,infield,-11.0,
Luis Valbuena,37.0,2023,4969,3B,infield,-12.2,
Luis Valbuena,38.0,2024,4969,3B,infield,-13.399999999999999,
Luis Valbuena,39.0,2025,4969,3B,infield,-14.599999999999998,
Luis Valbuena,40.0,2026,4969,3B,infield,-15.799999999999997,
Luis Valbuena,41.0,2027,4969,3B,infield,-16.999999999999996,
Luis Valbuena,42.0,2028,4969,3B,infield,-18.199999999999996,
Stephen Vogt,31.0,2017,5000,1B,infield,-7.533333333333333,
Stephen Vogt,32.0,2018,5000,1B,infield,-8.733333333333334,
Stephen Vogt,33.0,2019,5000,1B,infield,-9.933333333333334,
Stephen Vogt,34.0,2020,5000,1B,infield,-11.133333333333333,
Stephen Vogt,35.0,2021,5000,1B,infield,-12.333333333333334,
Stephen Vogt,36.0,2022,5000,1B,infield,-13.533333333333335,
Stephen Vogt,37.0,2023,5000,1B,infield,-14.733333333333334,
Stephen Vogt,38.0,2024,5000,1B,infield,-15.933333333333334,
Stephen Vogt,39.0,2025,5000,1B,infield,-17.133333333333333,
Stephen Vogt,40.0,2026,5000,1B,infield,-18.333333333333332,
Stephen Vogt,41.0,2027,5000,1B,infield,-19.53333333333333,
Stephen Vogt,42.0,2028,5000,1B,infield,-20.73333333333333,
Stephen Vogt,32.0,2017,5000,C,catcher,,-4.921493474562108
Stephen Vogt,33.0,2018,5000,C,catcher,,-6.121493474562108
Stephen Vogt,34.0,2019,5000,C,catcher,,-7.321493474562107
Stephen Vogt,35.0,2020,5000,C,catcher,,-8.521493474562108
Stephen Vogt,36.0,2021,5000,C,catcher,,-9.721493474562108
Stephen Vogt,37.0,2022,5000,C,catcher,,-10.921493474562109
Stephen Vogt,38.0,2023,5000,C,catcher,,-12.121493474562108
Stephen Vogt,39.0,2024,5000,C,catcher,,-13.321493474562107
Stephen Vogt,40.0,2025,5000,C,catcher,,-14.521493474562106
Stephen Vogt,41.0,2026,5000,C,catcher,,-15.721493474562106
Stephen Vogt,42.0,2027,5000,C,catcher,,-16.921493474562105
Stephen Vogt,30.0,2017,5000,RF,outfield,-10.6,
Stephen Vogt,31.0,2018,5000,RF,outfield,-11.2,
Stephen Vogt,32.0,2019,5000,RF,outfield,-12.4,
Stephen Vogt,33.0,2020,5000,RF,outfield,-13.6,
Stephen Vogt,34.0,2021,5000,RF,outfield,-14.8,
Stephen Vogt,35.0,2022,5000,RF,outfield,-16.0,
Stephen Vogt,36.0,2023,5000,RF,outfield,-17.2,
Stephen Vogt,37.0,2024,5000,RF,outfield,-18.4,
Stephen Vogt,38.0,2025,5000,RF,outfield,-19.6,
Stephen Vogt,39.0,2026,5000,RF,outfield,-20.799999999999997,
Stephen Vogt,40.0,2027,5000,RF,outfield,-22.0,
Stephen Vogt,41.0,2028,5000,RF,outfield,-23.199999999999996,
Stephen Vogt,42.0,2029,5000,RF,outfield,-24.4,
Melvin Upton Jr.,32.0,2017,5015,CF,outfield,-0.6666666666666667,
Melvin Upton Jr.,33.0,2018,5015,CF,outfield,-1.8666666666666667,
Melvin Upton Jr.,34.0,2019,5015,CF,outfield,-3.0666666666666664,
Melvin Upton Jr.,35.0,2020,5015,CF,outfield,-4.266666666666667,
Melvin Upton Jr.,36.0,2021,5015,CF,outfield,-5.466666666666667,
Melvin Upton Jr.,37.0,2022,5015,CF,outfield,-6.666666666666667,
Melvin Upton Jr.,38.0,2023,5015,CF,outfield,-7.866666666666667,
Melvin Upton Jr.,39.0,2024,5015,CF,outfield,-9.066666666666666,
Melvin Upton Jr.,40.0,2025,5015,CF,outfield,-10.266666666666666,
Melvin Upton Jr.,41.0,2026,5015,CF,outfield,-11.466666666666665,
Melvin Upton Jr.,42.0,2027,5015,CF,outfield,-12.666666666666664,
Melvin Upton Jr.,32.0,2017,5015,LF,outfield,6.5,
Melvin Upton Jr.,33.0,2018,5015,LF,outfield,5.300000000000001,
Melvin Upton Jr.,34.0,2019,5015,LF,outfield,4.1000000000000005,
Melvin Upton Jr.,35.0,2020,5015,LF,outfield,2.9000000000000004,
Melvin Upton Jr.,36.0,2021,5015,LF,outfield,1.7000000000000002,
Melvin Upton Jr.,37.0,2022,5015,LF,outfield,0.5,
Melvin Upton Jr.,38.0,2023,5015,LF,outfield,-0.7000000000000002,
Melvin Upton Jr.,39.0,2024,5015,LF,outfield,-1.8999999999999995,
Melvin Upton Jr.,40.0,2025,5015,LF,outfield,-3.0999999999999988,
Melvin Upton Jr.,41.0,2026,5015,LF,outfield,-4.299999999999998,
Melvin Upton Jr.,42.0,2027,5015,LF,outfield,-5.499999999999997,
Josh Donaldson,31.0,2017,5038,3B,infield,5.366666666666666,
Josh Donaldson,32.0,2018,5038,3B,infield,4.166666666666666,
Josh Donaldson,33.0,2019,5038,3B,infield,2.966666666666666,
Josh Donaldson,34.0,2020,5038,3B,infield,1.7666666666666657,
Josh Donaldson,35.0,2021,5038,3B,infield,0.5666666666666655,
Josh Donaldson,36.0,2022,5038,3B,infield,-0.6333333333333346,
Josh Donaldson,37.0,2023,5038,3B,infield,-1.8333333333333348,
Josh Donaldson,38.0,2024,5038,3B,infield,-3.033333333333334,
Josh Donaldson,39.0,2025,5038,3B,infield,-4.233333333333333,
Josh Donaldson,40.0,2026,5038,3B,infield,-5.433333333333333,
Josh Donaldson,41.0,2027,5038,3B,infield,-6.633333333333332,
Josh Donaldson,42.0,2028,5038,3B,infield,-7.833333333333331,
Anthony Gose,26.0,2017,5097,CF,outfield,1.0499999999999998,
Anthony Gose,27.0,2018,5097,CF,outfield,0.44999999999999984,
Anthony Gose,28.0,2019,5097,CF,outfield,-0.15000000000000013,
Anthony Gose,29.0,2020,5097,CF,outfield,-0.75,
Anthony Gose,30.0,2021,5097,CF,outfield,-1.35,
Anthony Gose,31.0,2022,5097,CF,outfield,-1.9500000000000002,
Anthony Gose,32.0,2023,5097,CF,outfield,-3.1500000000000004,
Anthony Gose,33.0,2024,5097,CF,outfield,-4.3500000000000005,
Anthony Gose,34.0,2025,5097,CF,outfield,-5.550000000000001,
Anthony Gose,35.0,2026,5097,CF,outfield,-6.750000000000001,
Anthony Gose,36.0,2027,5097,CF,outfield,-7.95,
Anthony Gose,37.0,2028,5097,CF,outfield,-9.149999999999999,
Anthony Gose,38.0,2029,5097,CF,outfield,-10.349999999999998,
Anthony Gose,39.0,2030,5097,CF,outfield,-11.549999999999997,
Anthony Gose,40.0,2031,5097,CF,outfield,-12.749999999999996,
Anthony Gose,24.0,2017,5097,LF,outfield,57.9,
Anthony Gose,25.0,2018,5097,LF,outfield,57.9,
Anthony Gose,26.0,2019,5097,LF,outfield,57.9,
Anthony Gose,27.0,2020,5097,LF,outfield,57.3,
Anthony Gose,28.0,2021,5097,LF,outfield,56.699999999999996,
Anthony Gose,29.0,2022,5097,LF,outfield,56.1,
Anthony Gose,30.0,2023,5097,LF,outfield,55.5,
Anthony Gose,31.0,2024,5097,LF,outfield,54.9,
Anthony Gose,32.0,2025,5097,LF,outfield,53.699999999999996,
Anthony Gose,33.0,2026,5097,LF,outfield,52.5,
Anthony Gose,34.0,2027,5097,LF,outfield,51.3,
Anthony Gose,35.0,2028,5097,LF,outfield,50.099999999999994,
Anthony Gose,36.0,2029,5097,LF,outfield,48.9,
Anthony Gose,37.0,2030,5097,LF,outfield,47.7,
Anthony Gose,38.0,2031,5097,LF,outfield,46.5,
Anthony Gose,24.0,2017,5097,RF,outfield,-8.0,
Anthony Gose,25.0,2018,5097,RF,outfield,-8.0,
Anthony Gose,26.0,2019,5097,RF,outfield,-8.0,
Anthony Gose,27.0,2020,5097,RF,outfield,-8.6,
Anthony Gose,28.0,2021,5097,RF,outfield,-9.2,
Anthony Gose,29.0,2022,5097,RF,outfield,-9.8,
Anthony Gose,30.0,2023,5097,RF,outfield,-10.4,
Anthony Gose,31.0,2024,5097,RF,outfield,-11.0,
Anthony Gose,32.0,2025,5097,RF,outfield,-12.2,
Anthony Gose,33.0,2026,5097,RF,outfield,-13.4,
Anthony Gose,34.0,2027,5097,RF,outfield,-14.600000000000001,
Anthony Gose,35.0,2028,5097,RF,outfield,-15.8,
Anthony Gose,36.0,2029,5097,RF,outfield,-17.0,
Anthony Gose,37.0,2030,5097,RF,outfield,-18.2,
Anthony Gose,38.0,2031,5097,RF,outfield,-19.4,
Jordany Valdespin,27.0,2017,5098,2B,infield,-15.4,
Jordany Valdespin,28.0,2018,5098,2B,infield,-16.0,
Jordany Valdespin,29.0,2019,5098,2B,infield,-16.6,
Jordany Valdespin,30.0,2020,5098,2B,infield,-17.2,
Jordany Valdespin,31.0,2021,5098,2B,infield,-17.8,
Jordany Valdespin,32.0,2022,5098,2B,infield,-19.0,
Jordany Valdespin,33.0,2023,5098,2B,infield,-20.200000000000003,
Jordany Valdespin,34.0,2024,5098,2B,infield,-21.400000000000002,
Jordany Valdespin,35.0,2025,5098,2B,infield,-22.6,
Jordany Valdespin,36.0,2026,5098,2B,infield,-23.8,
Jordany Valdespin,37.0,2027,5098,2B,infield,-25.0,
Jordany Valdespin,38.0,2028,5098,2B,infield,-26.2,
Jordany Valdespin,39.0,2029,5098,2B,infield,-27.4,
Jordany Valdespin,40.0,2030,5098,2B,infield,-28.599999999999998,
Jordany Valdespin,41.0,2031,5098,2B,infield,-29.799999999999997,
Jefry Marte,26.0,2017,5107,1B,infield,-7.833333333333333,
Jefry Marte,27.0,2018,5107,1B,infield,-8.433333333333334,
Jefry Marte,28.0,2019,5107,1B,infield,-9.033333333333333,
Jefry Marte,29.0,2020,5107,1B,infield,-9.633333333333333,
Jefry Marte,30.0,2021,5107,1B,infield,-10.233333333333333,
Jefry Marte,31.0,2022,5107,1B,infield,-10.833333333333332,
Jefry Marte,32.0,2023,5107,1B,infield,-12.033333333333333,
Jefry Marte,33.0,2024,5107,1B,infield,-13.233333333333334,
Jefry Marte,34.0,2025,5107,1B,infield,-14.433333333333334,
Jefry Marte,35.0,2026,5107,1B,infield,-15.633333333333333,
Jefry Marte,36.0,2027,5107,1B,infield,-16.833333333333332,
Jefry Marte,37.0,2028,5107,1B,infield,-18.03333333333333,
Jefry Marte,38.0,2029,5107,1B,infield,-19.23333333333333,
Jefry Marte,39.0,2030,5107,1B,infield,-20.43333333333333,
Jefry Marte,40.0,2031,5107,1B,infield,-21.63333333333333,
Jefry Marte,26.0,2017,5107,3B,infield,15.533333333333333,
Jefry Marte,27.0,2018,5107,3B,infield,14.933333333333334,
Jefry Marte,28.0,2019,5107,3B,infield,14.333333333333334,
Jefry Marte,29.0,2020,5107,3B,infield,13.733333333333334,
Jefry Marte,30.0,2021,5107,3B,infield,13.133333333333333,
Jefry Marte,31.0,2022,5107,3B,infield,12.533333333333333,
Jefry Marte,32.0,2023,5107,3B,infield,11.333333333333332,
Jefry Marte,33.0,2024,5107,3B,infield,10.133333333333333,
Jefry Marte,34.0,2025,5107,3B,infield,8.933333333333334,
Jefry Marte,35.0,2026,5107,3B,infield,7.7333333333333325,
Jefry Marte,36.0,2027,5107,3B,infield,6.533333333333333,
Jefry Marte,37.0,2028,5107,3B,infield,5.333333333333334,
Jefry Marte,38.0,2029,5107,3B,infield,4.133333333333335,
Jefry Marte,39.0,2030,5107,3B,infield,2.9333333333333353,
Jefry Marte,40.0,2031,5107,3B,infield,1.733333333333336,
Jefry Marte,26.0,2017,5107,LF,outfield,1.3,
Jefry Marte,27.0,2018,5107,LF,outfield,0.7000000000000001,
Jefry Marte,28.0,2019,5107,LF,outfield,0.10000000000000009,
Jefry Marte,29.0,2020,5107,LF,outfield,-0.4999999999999998,
Jefry Marte,30.0,2021,5107,LF,outfield,-1.0999999999999999,
Jefry Marte,31.0,2022,5107,LF,outfield,-1.7,
Jefry Marte,32.0,2023,5107,LF,outfield,-2.9000000000000004,
Jefry Marte,33.0,2024,5107,LF,outfield,-4.1000000000000005,
Jefry Marte,34.0,2025,5107,LF,outfield,-5.300000000000001,
Jefry Marte,35.0,2026,5107,LF,outfield,-6.500000000000001,
Jefry Marte,36.0,2027,5107,LF,outfield,-7.7,
Jefry Marte,37.0,2028,5107,LF,outfield,-8.899999999999999,
Jefry Marte,38.0,2029,5107,LF,outfield,-10.099999999999998,
Jefry Marte,39.0,2030,5107,LF,outfield,-11.299999999999997,
Jefry Marte,40.0,2031,5107,LF,outfield,-12.499999999999996,
Alexei Ramirez,35.0,2017,5133,SS,infield,-7.916666666666668,
Alexei Ramirez,36.0,2018,5133,SS,infield,-9.116666666666667,
Alexei Ramirez,37.0,2019,5133,SS,infield,-10.316666666666666,
Alexei Ramirez,38.0,2020,5133,SS,infield,-11.516666666666667,
Alexei Ramirez,39.0,2021,5133,SS,infield,-12.716666666666669,
Alexei Ramirez,40.0,2022,5133,SS,infield,-13.916666666666668,
Alexei Ramirez,41.0,2023,5133,SS,infield,-15.116666666666667,
Alexei Ramirez,42.0,2024,5133,SS,infield,-16.316666666666666,
Taylor Teagarden,31.0,2017,5199,C,catcher,,-19.35
Taylor Teagarden,32.0,2018,5199,C,catcher,,-20.55
Taylor Teagarden,33.0,2019,5199,C,catcher,,-21.75
Taylor Teagarden,34.0,2020,5199,C,catcher,,-22.95
Taylor Teagarden,35.0,2021,5199,C,catcher,,-24.15
Taylor Teagarden,36.0,2022,5199,C,catcher,,-25.35
Taylor Teagarden,37.0,2023,5199,C,catcher,,-26.55
Taylor Teagarden,38.0,2024,5199,C,catcher,,-27.75
Taylor Teagarden,39.0,2025,5199,C,catcher,,-28.95
Taylor Teagarden,40.0,2026,5199,C,catcher,,-30.15
Taylor Teagarden,41.0,2027,5199,C,catcher,,-31.349999999999998
Taylor Teagarden,42.0,2028,5199,C,catcher,,-32.55
Alex Gordon,33.0,2017,5209,LF,outfield,5.833333333333332,
Alex Gordon,34.0,2018,5209,LF,outfield,4.633333333333333,
Alex Gordon,35.0,2019,5209,LF,outfield,3.4333333333333327,
Alex Gordon,36.0,2020,5209,LF,outfield,2.2333333333333325,
Alex Gordon,37.0,2021,5209,LF,outfield,1.0333333333333323,
Alex Gordon,38.0,2022,5209,LF,outfield,-0.16666666666666785,
Alex Gordon,39.0,2023,5209,LF,outfield,-1.366666666666668,
Alex Gordon,40.0,2024,5209,LF,outfield,-2.5666666666666673,
Alex Gordon,41.0,2025,5209,LF,outfield,-3.7666666666666666,
Alex Gordon,42.0,2026,5209,LF,outfield,-4.966666666666666,
Alfredo Marte,26.0,2017,5212,LF,outfield,-14.3,
Alfredo Marte,27.0,2018,5212,LF,outfield,-14.9,
Alfredo Marte,28.0,2019,5212,LF,outfield,-15.5,
Alfredo Marte,29.0,2020,5212,LF,outfield,-16.1,
Alfredo Marte,30.0,2021,5212,LF,outfield,-16.7,
Alfredo Marte,31.0,2022,5212,LF,outfield,-17.3,
Alfredo Marte,32.0,2023,5212,LF,outfield,-18.5,
Alfredo Marte,33.0,2024,5212,LF,outfield,-19.700000000000003,
Alfredo Marte,34.0,2025,5212,LF,outfield,-20.900000000000002,
Alfredo Marte,35.0,2026,5212,LF,outfield,-22.1,
Alfredo Marte,36.0,2027,5212,LF,outfield,-23.3,
Alfredo Marte,37.0,2028,5212,LF,outfield,-24.5,
Alfredo Marte,38.0,2029,5212,LF,outfield,-25.7,
Alfredo Marte,39.0,2030,5212,LF,outfield,-26.9,
Alfredo Marte,40.0,2031,5212,LF,outfield,-28.099999999999998,
Justin Upton,29.0,2017,5222,LF,outfield,-0.9166666666666666,
Justin Upton,30.0,2018,5222,LF,outfield,-1.5166666666666666,
Justin Upton,31.0,2019,5222,LF,outfield,-2.1166666666666663,
Justin Upton,32.0,2020,5222,LF,outfield,-3.3166666666666664,
Justin Upton,33.0,2021,5222,LF,outfield,-4.516666666666667,
Justin Upton,34.0,2022,5222,LF,outfield,-5.716666666666667,
Justin Upton,35.0,2023,5222,LF,outfield,-6.916666666666667,
Justin Upton,36.0,2024,5222,LF,outfield,-8.116666666666667,
Justin Upton,37.0,2025,5222,LF,outfield,-9.316666666666666,
Justin Upton,38.0,2026,5222,LF,outfield,-10.516666666666666,
Justin Upton,39.0,2027,5222,LF,outfield,-11.716666666666665,
Justin Upton,40.0,2028,5222,LF,outfield,-12.916666666666664,
Justin Upton,41.0,2029,5222,LF,outfield,-14.116666666666664,
Justin Upton,42.0,2030,5222,LF,outfield,-15.316666666666663,
Cameron Maybin,30.0,2017,5223,CF,outfield,-3.9499999999999997,
Cameron Maybin,31.0,2018,5223,CF,outfield,-4.55,
Cameron Maybin,32.0,2019,5223,CF,outfield,-5.75,
Cameron Maybin,33.0,2020,5223,CF,outfield,-6.949999999999999,
Cameron Maybin,34.0,2021,5223,CF,outfield,-8.149999999999999,
Cameron Maybin,35.0,2022,5223,CF,outfield,-9.35,
Cameron Maybin,36.0,2023,5223,CF,outfield,-10.55,
Cameron Maybin,37.0,2024,5223,CF,outfield,-11.75,
Cameron Maybin,38.0,2025,5223,CF,outfield,-12.95,
Cameron Maybin,39.0,2026,5223,CF,outfield,-14.149999999999999,
Cameron Maybin,40.0,2027,5223,CF,outfield,-15.349999999999998,
Cameron Maybin,41.0,2028,5223,CF,outfield,-16.549999999999997,
Cameron Maybin,42.0,2029,5223,CF,outfield,-17.749999999999996,
Jon Jay,32.0,2017,5227,CF,outfield,-4.866666666666666,
Jon Jay,33.0,2018,5227,CF,outfield,-6.066666666666666,
Jon Jay,34.0,2019,5227,CF,outfield,-7.266666666666666,
Jon Jay,35.0,2020,5227,CF,outfield,-8.466666666666667,
Jon Jay,36.0,2021,5227,CF,outfield,-9.666666666666666,
Jon Jay,37.0,2022,5227,CF,outfield,-10.866666666666667,
Jon Jay,38.0,2023,5227,CF,outfield,-12.066666666666666,
Jon Jay,39.0,2024,5227,CF,outfield,-13.266666666666666,
Jon Jay,40.0,2025,5227,CF,outfield,-14.466666666666665,
Jon Jay,41.0,2026,5227,CF,outfield,-15.666666666666664,
Jon Jay,42.0,2027,5227,CF,outfield,-16.866666666666664,
Jon Jay,31.0,2017,5227,LF,outfield,10.666666666666666,
Jon Jay,32.0,2018,5227,LF,outfield,9.466666666666665,
Jon Jay,33.0,2019,5227,LF,outfield,8.266666666666666,
Jon Jay,34.0,2020,5227,LF,outfield,7.0666666666666655,
Jon Jay,35.0,2021,5227,LF,outfield,5.866666666666665,
Jon Jay,36.0,2022,5227,LF,outfield,4.666666666666665,
Jon Jay,37.0,2023,5227,LF,outfield,3.466666666666665,
Jon Jay,38.0,2024,5227,LF,outfield,2.2666666666666657,
Jon Jay,39.0,2025,5227,LF,outfield,1.0666666666666664,
Jon Jay,40.0,2026,5227,LF,outfield,-0.13333333333333286,
Jon Jay,41.0,2027,5227,LF,outfield,-1.3333333333333321,
Jon Jay,42.0,2028,5227,LF,outfield,-2.5333333333333314,
Jon Jay,32.0,2017,5227,RF,outfield,2.2249999999999988,
Jon Jay,33.0,2018,5227,RF,outfield,1.024999999999999,
Jon Jay,34.0,2019,5227,RF,outfield,-0.1750000000000007,
Jon Jay,35.0,2020,5227,RF,outfield,-1.3750000000000009,
Jon Jay,36.0,2021,5227,RF,outfield,-2.575000000000001,
Jon Jay,37.0,2022,5227,RF,outfield,-3.7750000000000012,
Jon Jay,38.0,2023,5227,RF,outfield,-4.975000000000001,
Jon Jay,39.0,2024,5227,RF,outfield,-6.175000000000001,
Jon Jay,40.0,2025,5227,RF,outfield,-7.375,
Jon Jay,41.0,2026,5227,RF,outfield,-8.575,
Jon Jay,42.0,2027,5227,RF,outfield,-9.774999999999999,
Justin Turner,31.0,2017,5235,1B,infield,1.6,
Justin Turner,32.0,2018,5235,1B,infield,0.40000000000000036,
Justin Turner,33.0,2019,5235,1B,infield,-0.7999999999999998,
Justin Turner,34.0,2020,5235,1B,infield,-2.0,
Justin Turner,35.0,2021,5235,1B,infield,-3.2,
Justin Turner,36.0,2022,5235,1B,infield,-4.4,
Justin Turner,37.0,2023,5235,1B,infield,-5.6000000000000005,
Justin Turner,38.0,2024,5235,1B,infield,-6.8,
Justin Turner,39.0,2025,5235,1B,infield,-7.999999999999999,
Justin Turner,40.0,2026,5235,1B,infield,-9.2,
Justin Turner,41.0,2027,5235,1B,infield,-10.399999999999999,
Justin Turner,42.0,2028,5235,1B,infield,-11.599999999999998,
Justin Turner,30.0,2017,5235,2B,infield,-24.200000000000003,
Justin Turner,31.0,2018,5235,2B,infield,-24.8,
Justin Turner,32.0,2019,5235,2B,infield,-26.0,
Justin Turner,33.0,2020,5235,2B,infield,-27.200000000000003,
Justin Turner,34.0,2021,5235,2B,infield,-28.400000000000002,
Justin Turner,35.0,2022,5235,2B,infield,-29.6,
Justin Turner,36.0,2023,5235,2B,infield,-30.8,
Justin Turner,37.0,2024,5235,2B,infield,-32.0,
Justin Turner,38.0,2025,5235,2B,infield,-33.2,
Justin Turner,39.0,2026,5235,2B,infield,-34.4,
Justin Turner,40.0,2027,5235,2B,infield,-35.6,
Justin Turner,41.0,2028,5235,2B,infield,-36.8,
Justin Turner,42.0,2029,5235,2B,infield,-38.0,
Justin Turner,32.0,2017,5235,3B,infield,6.5166666666666675,
Justin Turner,33.0,2018,5235,3B,infield,5.316666666666668,
Justin Turner,34.0,2019,5235,3B,infield,4.116666666666668,
Justin Turner,35.0,2020,5235,3B,infield,2.916666666666668,
Justin Turner,36.0,2021,5235,3B,infield,1.7166666666666677,
Justin Turner,37.0,2022,5235,3B,infield,0.5166666666666675,
Justin Turner,38.0,2023,5235,3B,infield,-0.6833333333333327,
Justin Turner,39.0,2024,5235,3B,infield,-1.883333333333332,
Justin Turner,40.0,2025,5235,3B,infield,-3.0833333333333313,
Justin Turner,41.0,2026,5235,3B,infield,-4.2833333333333306,
Justin Turner,42.0,2027,5235,3B,infield,-5.48333333333333,
Justin Turner,30.0,2017,5235,SS,infield,-25.8,
Justin Turner,31.0,2018,5235,SS,infield,-26.4,
Justin Turner,32.0,2019,5235,SS,infield,-27.599999999999998,
Justin Turner,33.0,2020,5235,SS,infield,-28.799999999999997,
Justin Turner,34.0,2021,5235,SS,infield,-30.0,
Justin Turner,35.0,2022,5235,SS,infield,-31.2,
Justin Turner,36.0,2023,5235,SS,infield,-32.4,
Justin Turner,37.0,2024,5235,SS,infield,-33.6,
Justin Turner,38.0,2025,5235,SS,infield,-34.8,
Justin Turner,39.0,2026,5235,SS,infield,-36.0,
Justin Turner,40.0,2027,5235,SS,infield,-37.199999999999996,
Justin Turner,41.0,2028,5235,SS,infield,-38.4,
Justin Turner,42.0,2029,5235,SS,infield,-39.599999999999994,
Brett Lawrie,27.0,2017,5247,2B,infield,-8.833333333333332,
Brett Lawrie,28.0,2018,5247,2B,infield,-9.433333333333332,
Brett Lawrie,29.0,2019,5247,2B,infield,-10.033333333333331,
Brett Lawrie,30.0,2020,5247,2B,infield,-10.633333333333333,
Brett Lawrie,31.0,2021,5247,2B,infield,-11.233333333333333,
Brett Lawrie,32.0,2022,5247,2B,infield,-12.433333333333334,
Brett Lawrie,33.0,2023,5247,2B,infield,-13.633333333333333,
Brett Lawrie,34.0,2024,5247,2B,infield,-14.833333333333332,
Brett Lawrie,35.0,2025,5247,2B,infield,-16.03333333333333,
Brett Lawrie,36.0,2026,5247,2B,infield,-17.233333333333334,
Brett Lawrie,37.0,2027,5247,2B,infield,-18.43333333333333,
Brett Lawrie,38.0,2028,5247,2B,infield,-19.633333333333333,
Brett Lawrie,39.0,2029,5247,2B,infield,-20.83333333333333,
Brett Lawrie,40.0,2030,5247,2B,infield,-22.03333333333333,
Brett Lawrie,41.0,2031,5247,2B,infield,-23.233333333333327,
Brett Lawrie,26.0,2017,5247,3B,infield,-4.8,
Brett Lawrie,27.0,2018,5247,3B,infield,-5.3999999999999995,
Brett Lawrie,28.0,2019,5247,3B,infield,-6.0,
Brett Lawrie,29.0,2020,5247,3B,infield,-6.6,
Brett Lawrie,30.0,2021,5247,3B,infield,-7.199999999999999,
Brett Lawrie,31.0,2022,5247,3B,infield,-7.8,
Brett Lawrie,32.0,2023,5247,3B,infield,-9.0,
Brett Lawrie,33.0,2024,5247,3B,infield,-10.2,
Brett Lawrie,34.0,2025,5247,3B,infield,-11.4,
Brett Lawrie,35.0,2026,5247,3B,infield,-12.600000000000001,
Brett Lawrie,36.0,2027,5247,3B,infield,-13.8,
Brett Lawrie,37.0,2028,5247,3B,infield,-15.0,
Brett Lawrie,38.0,2029,5247,3B,infield,-16.2,
Brett Lawrie,39.0,2030,5247,3B,infield,-17.4,
Brett Lawrie,40.0,2031,5247,3B,infield,-18.599999999999998,
Robbie Grossman,27.0,2017,5254,LF,outfield,-13.299999999999997,
Robbie Grossman,28.0,2018,5254,LF,outfield,-13.899999999999997,
Robbie Grossman,29.0,2019,5254,LF,outfield,-14.499999999999996,
Robbie Grossman,30.0,2020,5254,LF,outfield,-15.099999999999998,
Robbie Grossman,31.0,2021,5254,LF,outfield,-15.699999999999998,
Robbie Grossman,32.0,2022,5254,LF,outfield,-16.9,
Robbie Grossman,33.0,2023,5254,LF,outfield,-18.099999999999998,
Robbie Grossman,34.0,2024,5254,LF,outfield,-19.299999999999997,
Robbie Grossman,35.0,2025,5254,LF,outfield,-20.5,
Robbie Grossman,36.0,2026,5254,LF,outfield,-21.699999999999996,
Robbie Grossman,37.0,2027,5254,LF,outfield,-22.9,
Robbie Grossman,38.0,2028,5254,LF,outfield,-24.099999999999994,
Robbie Grossman,39.0,2029,5254,LF,outfield,-25.299999999999997,
Robbie Grossman,40.0,2030,5254,LF,outfield,-26.499999999999993,
Robbie Grossman,41.0,2031,5254,LF,outfield,-27.699999999999996,
Robbie Grossman,25.0,2017,5254,RF,outfield,12.2,
Robbie Grossman,26.0,2018,5254,RF,outfield,12.2,
Robbie Grossman,27.0,2019,5254,RF,outfield,11.6,
Robbie Grossman,28.0,2020,5254,RF,outfield,11.0,
Robbie Grossman,29.0,2021,5254,RF,outfield,10.399999999999999,
Robbie Grossman,30.0,2022,5254,RF,outfield,9.799999999999999,
Robbie Grossman,31.0,2023,5254,RF,outfield,9.2,
Robbie Grossman,32.0,2024,5254,RF,outfield,7.999999999999999,
Robbie Grossman,33.0,2025,5254,RF,outfield,6.799999999999999,
Robbie Grossman,34.0,2026,5254,RF,outfield,5.599999999999999,
Robbie Grossman,35.0,2027,5254,RF,outfield,4.399999999999999,
Robbie Grossman,36.0,2028,5254,RF,outfield,3.1999999999999993,
Robbie Grossman,37.0,2029,5254,RF,outfield,2.0,
Robbie Grossman,38.0,2030,5254,RF,outfield,0.8000000000000007,
Robbie Grossman,39.0,2031,5254,RF,outfield,-0.3999999999999986,
Sandy Leon,28.0,2017,5273,C,catcher,,11.398079937844752
Sandy Leon,29.0,2018,5273,C,catcher,,10.798079937844753
Sandy Leon,30.0,2019,5273,C,catcher,,10.198079937844753
Sandy Leon,31.0,2020,5273,C,catcher,,9.598079937844751
Sandy Leon,32.0,2021,5273,C,catcher,,8.398079937844752
Sandy Leon,33.0,2022,5273,C,catcher,,7.198079937844752
Sandy Leon,34.0,2023,5273,C,catcher,,5.998079937844752
Sandy Leon,35.0,2024,5273,C,catcher,,4.798079937844752
Sandy Leon,36.0,2025,5273,C,catcher,,3.5980799378447514
Sandy Leon,37.0,2026,5273,C,catcher,,2.398079937844752
Sandy Leon,38.0,2027,5273,C,catcher,,1.1980799378447529
Sandy Leon,39.0,2028,5273,C,catcher,,-0.001920062155246427
Sandy Leon,40.0,2029,5273,C,catcher,,-1.2019200621552457
Sandy Leon,41.0,2030,5273,C,catcher,,-2.401920062155245
Sandy Leon,42.0,2031,5273,C,catcher,,-3.6019200621552443
Francisco Cervelli,31.0,2017,5275,C,catcher,,11.281313912523611
Francisco Cervelli,32.0,2018,5275,C,catcher,,10.081313912523612
Francisco Cervelli,33.0,2019,5275,C,catcher,,8.881313912523611
Francisco Cervelli,34.0,2020,5275,C,catcher,,7.681313912523611
Francisco Cervelli,35.0,2021,5275,C,catcher,,6.4813139125236106
Francisco Cervelli,36.0,2022,5275,C,catcher,,5.28131391252361
Francisco Cervelli,37.0,2023,5275,C,catcher,,4.08131391252361
Francisco Cervelli,38.0,2024,5275,C,catcher,,2.881313912523611
Francisco Cervelli,39.0,2025,5275,C,catcher,,1.6813139125236116
Francisco Cervelli,40.0,2026,5275,C,catcher,,0.48131391252361233
Francisco Cervelli,41.0,2027,5275,C,catcher,,-0.718686087476387
Francisco Cervelli,42.0,2028,5275,C,catcher,,-1.9186860874763862
Tuffy Gosewisch,33.0,2017,5277,C,catcher,,-6.311994966802569
Tuffy Gosewisch,34.0,2018,5277,C,catcher,,-7.511994966802568
Tuffy Gosewisch,35.0,2019,5277,C,catcher,,-8.711994966802568
Tuffy Gosewisch,36.0,2020,5277,C,catcher,,-9.911994966802569
Tuffy Gosewisch,37.0,2021,5277,C,catcher,,-11.11199496680257
Tuffy Gosewisch,38.0,2022,5277,C,catcher,,-12.311994966802569
Tuffy Gosewisch,39.0,2023,5277,C,catcher,,-13.511994966802568
Tuffy Gosewisch,40.0,2024,5277,C,catcher,,-14.711994966802568
Tuffy Gosewisch,41.0,2025,5277,C,catcher,,-15.911994966802567
Tuffy Gosewisch,42.0,2026,5277,C,catcher,,-17.111994966802566
Pedro Ciriaco,29.0,2017,5278,2B,infield,3.3,
Pedro Ciriaco,30.0,2018,5278,2B,infield,2.7,
Pedro Ciriaco,31.0,2019,5278,2B,infield,2.1,
Pedro Ciriaco,32.0,2020,5278,2B,infield,0.8999999999999999,
Pedro Ciriaco,33.0,2021,5278,2B,infield,-0.30000000000000027,
Pedro Ciriaco,34.0,2022,5278,2B,infield,-1.5000000000000004,
Pedro Ciriaco,35.0,2023,5278,2B,infield,-2.7000000000000006,
Pedro Ciriaco,36.0,2024,5278,2B,infield,-3.900000000000001,
Pedro Ciriaco,37.0,2025,5278,2B,infield,-5.1,
Pedro Ciriaco,38.0,2026,5278,2B,infield,-6.299999999999999,
Pedro Ciriaco,39.0,2027,5278,2B,infield,-7.499999999999998,
Pedro Ciriaco,40.0,2028,5278,2B,infield,-8.699999999999998,
Pedro Ciriaco,41.0,2029,5278,2B,infield,-9.899999999999997,
Pedro Ciriaco,42.0,2030,5278,2B,infield,-11.099999999999996,
Pedro Ciriaco,30.0,2017,5278,3B,infield,-6.6,
Pedro Ciriaco,31.0,2018,5278,3B,infield,-7.2,
Pedro Ciriaco,32.0,2019,5278,3B,infield,-8.4,
Pedro Ciriaco,33.0,2020,5278,3B,infield,-9.6,
Pedro Ciriaco,34.0,2021,5278,3B,infield,-10.8,
Pedro Ciriaco,35.0,2022,5278,3B,infield,-12.0,
Pedro Ciriaco,36.0,2023,5278,3B,infield,-13.2,
Pedro Ciriaco,37.0,2024,5278,3B,infield,-14.4,
Pedro Ciriaco,38.0,2025,5278,3B,infield,-15.6,
Pedro Ciriaco,39.0,2026,5278,3B,infield,-16.799999999999997,
Pedro Ciriaco,40.0,2027,5278,3B,infield,-18.0,
Pedro Ciriaco,41.0,2028,5278,3B,infield,-19.199999999999996,
Pedro Ciriaco,42.0,2029,5278,3B,infield,-20.4,
Pedro Ciriaco,30.0,2017,5278,SS,infield,18.299999999999997,
Pedro Ciriaco,31.0,2018,5278,SS,infield,17.7,
Pedro Ciriaco,32.0,2019,5278,SS,infield,16.5,
Pedro Ciriaco,33.0,2020,5278,SS,infield,15.299999999999999,
Pedro Ciriaco,34.0,2021,5278,SS,infield,14.099999999999998,
Pedro Ciriaco,35.0,2022,5278,SS,infield,12.899999999999999,
Pedro Ciriaco,36.0,2023,5278,SS,infield,11.7,
Pedro Ciriaco,37.0,2024,5278,SS,infield,10.499999999999998,
Pedro Ciriaco,38.0,2025,5278,SS,infield,9.299999999999999,
Pedro Ciriaco,39.0,2026,5278,SS,infield,8.1,
Pedro Ciriaco,40.0,2027,5278,SS,infield,6.9,
Pedro Ciriaco,41.0,2028,5278,SS,infield,5.700000000000001,
Pedro Ciriaco,42.0,2029,5278,SS,infield,4.500000000000002,
Aaron Hicks,27.0,2017,5297,CF,outfield,2.6999999999999993,
Aaron Hicks,28.0,2018,5297,CF,outfield,2.0999999999999996,
Aaron Hicks,29.0,2019,5297,CF,outfield,1.4999999999999996,
Aaron Hicks,30.0,2020,5297,CF,outfield,0.8999999999999995,
Aaron Hicks,31.0,2021,5297,CF,outfield,0.2999999999999994,
Aaron Hicks,32.0,2022,5297,CF,outfield,-0.9000000000000008,
Aaron Hicks,33.0,2023,5297,CF,outfield,-2.100000000000001,
Aaron Hicks,34.0,2024,5297,CF,outfield,-3.300000000000001,
Aaron Hicks,35.0,2025,5297,CF,outfield,-4.500000000000002,
Aaron Hicks,36.0,2026,5297,CF,outfield,-5.700000000000001,
Aaron Hicks,37.0,2027,5297,CF,outfield,-6.9,
Aaron Hicks,38.0,2028,5297,CF,outfield,-8.1,
Aaron Hicks,39.0,2029,5297,CF,outfield,-9.299999999999999,
Aaron Hicks,40.0,2030,5297,CF,outfield,-10.499999999999998,
Aaron Hicks,41.0,2031,5297,CF,outfield,-11.699999999999998,
Aaron Hicks,27.0,2017,5297,LF,outfield,6.1000000000000005,
Aaron Hicks,28.0,2018,5297,LF,outfield,5.5,
Aaron Hicks,29.0,2019,5297,LF,outfield,4.9,
Aaron Hicks,30.0,2020,5297,LF,outfield,4.300000000000001,
Aaron Hicks,31.0,2021,5297,LF,outfield,3.7,
Aaron Hicks,32.0,2022,5297,LF,outfield,2.5,
Aaron Hicks,33.0,2023,5297,LF,outfield,1.2999999999999998,
Aaron Hicks,34.0,2024,5297,LF,outfield,0.09999999999999964,
Aaron Hicks,35.0,2025,5297,LF,outfield,-1.1000000000000005,
Aaron Hicks,36.0,2026,5297,LF,outfield,-2.3,
Aaron Hicks,37.0,2027,5297,LF,outfield,-3.499999999999999,
Aaron Hicks,38.0,2028,5297,LF,outfield,-4.699999999999998,
Aaron Hicks,39.0,2029,5297,LF,outfield,-5.899999999999998,
Aaron Hicks,40.0,2030,5297,LF,outfield,-7.099999999999997,
Aaron Hicks,41.0,2031,5297,LF,outfield,-8.299999999999997,
Aaron Hicks,27.0,2017,5297,RF,outfield,4.9,
Aaron Hicks,28.0,2018,5297,RF,outfield,4.3,
Aaron Hicks,29.0,2019,5297,RF,outfield,3.7,
Aaron Hicks,30.0,2020,5297,RF,outfield,3.1,
Aaron Hicks,31.0,2021,5297,RF,outfield,2.5,
Aaron Hicks,32.0,2022,5297,RF,outfield,1.2999999999999998,
Aaron Hicks,33.0,2023,5297,RF,outfield,0.09999999999999964,
Aaron Hicks,34.0,2024,5297,RF,outfield,-1.1000000000000005,
Aaron Hicks,35.0,2025,5297,RF,outfield,-2.3000000000000007,
Aaron Hicks,36.0,2026,5297,RF,outfield,-3.5,
Aaron Hicks,37.0,2027,5297,RF,outfield,-4.699999999999999,
Aaron Hicks,38.0,2028,5297,RF,outfield,-5.899999999999999,
Aaron Hicks,39.0,2029,5297,RF,outfield,-7.099999999999998,
Aaron Hicks,40.0,2030,5297,RF,outfield,-8.299999999999997,
Aaron Hicks,41.0,2031,5297,RF,outfield,-9.499999999999996,
Alex Presley,29.0,2017,5305,CF,outfield,2.9,
Alex Presley,30.0,2018,5305,CF,outfield,2.3,
Alex Presley,31.0,2019,5305,CF,outfield,1.7000000000000002,
Alex Presley,32.0,2020,5305,CF,outfield,0.5,
Alex Presley,33.0,2021,5305,CF,outfield,-0.7000000000000002,
Alex Presley,34.0,2022,5305,CF,outfield,-1.9000000000000004,
Alex Presley,35.0,2023,5305,CF,outfield,-3.1000000000000005,
Alex Presley,36.0,2024,5305,CF,outfield,-4.300000000000001,
Alex Presley,37.0,2025,5305,CF,outfield,-5.5,
Alex Presley,38.0,2026,5305,CF,outfield,-6.699999999999999,
Alex Presley,39.0,2027,5305,CF,outfield,-7.899999999999999,
Alex Presley,40.0,2028,5305,CF,outfield,-9.099999999999998,
Alex Presley,41.0,2029,5305,CF,outfield,-10.299999999999997,
Alex Presley,42.0,2030,5305,CF,outfield,-11.499999999999996,
Alex Presley,31.0,2017,5305,LF,outfield,-9.174999999999999,
Alex Presley,32.0,2018,5305,LF,outfield,-10.375,
Alex Presley,33.0,2019,5305,LF,outfield,-11.575,
Alex Presley,34.0,2020,5305,LF,outfield,-12.774999999999999,
Alex Presley,35.0,2021,5305,LF,outfield,-13.975,
Alex Presley,36.0,2022,5305,LF,outfield,-15.175,
Alex Presley,37.0,2023,5305,LF,outfield,-16.375,
Alex Presley,38.0,2024,5305,LF,outfield,-17.575,
Alex Presley,39.0,2025,5305,LF,outfield,-18.775,
Alex Presley,40.0,2026,5305,LF,outfield,-19.974999999999998,
Alex Presley,41.0,2027,5305,LF,outfield,-21.174999999999997,
Alex Presley,42.0,2028,5305,LF,outfield,-22.374999999999996,
Alex Presley,31.0,2017,5305,RF,outfield,-3.525,
Alex Presley,32.0,2018,5305,RF,outfield,-4.725,
Alex Presley,33.0,2019,5305,RF,outfield,-5.925,
Alex Presley,34.0,2020,5305,RF,outfield,-7.125,
Alex Presley,35.0,2021,5305,RF,outfield,-8.325,
Alex Presley,36.0,2022,5305,RF,outfield,-9.525,
Alex Presley,37.0,2023,5305,RF,outfield,-10.725000000000001,
Alex Presley,38.0,2024,5305,RF,outfield,-11.925,
Alex Presley,39.0,2025,5305,RF,outfield,-13.125,
Alex Presley,40.0,2026,5305,RF,outfield,-14.325,
Alex Presley,41.0,2027,5305,RF,outfield,-15.524999999999999,
Alex Presley,42.0,2028,5305,RF,outfield,-16.724999999999998,
Kristopher Negron,29.0,2017,5306,2B,infield,11.9,
Kristopher Negron,30.0,2018,5306,2B,infield,11.3,
Kristopher Negron,31.0,2019,5306,2B,infield,10.7,
Kristopher Negron,32.0,2020,5306,2B,infield,9.5,
Kristopher Negron,33.0,2021,5306,2B,infield,8.3,
Kristopher Negron,34.0,2022,5306,2B,infield,7.1,
Kristopher Negron,35.0,2023,5306,2B,infield,5.8999999999999995,
Kristopher Negron,36.0,2024,5306,2B,infield,4.699999999999999,
Kristopher Negron,37.0,2025,5306,2B,infield,3.5,
Kristopher Negron,38.0,2026,5306,2B,infield,2.3000000000000007,
Kristopher Negron,39.0,2027,5306,2B,infield,1.1000000000000014,
Kristopher Negron,40.0,2028,5306,2B,infield,-0.09999999999999787,
Kristopher Negron,41.0,2029,5306,2B,infield,-1.2999999999999972,
Kristopher Negron,42.0,2030,5306,2B,infield,-2.4999999999999964,
Kristopher Negron,29.0,2017,5306,3B,infield,19.599999999999998,
Kristopher Negron,30.0,2018,5306,3B,infield,19.0,
Kristopher Negron,31.0,2019,5306,3B,infield,18.4,
Kristopher Negron,32.0,2020,5306,3B,infield,17.2,
Kristopher Negron,33.0,2021,5306,3B,infield,16.0,
Kristopher Negron,34.0,2022,5306,3B,infield,14.799999999999999,
Kristopher Negron,35.0,2023,5306,3B,infield,13.599999999999998,
Kristopher Negron,36.0,2024,5306,3B,infield,12.399999999999999,
Kristopher Negron,37.0,2025,5306,3B,infield,11.2,
Kristopher Negron,38.0,2026,5306,3B,infield,10.0,
Kristopher Negron,39.0,2027,5306,3B,infield,8.8,
Kristopher Negron,40.0,2028,5306,3B,infield,7.600000000000001,
Kristopher Negron,41.0,2029,5306,3B,infield,6.400000000000002,
Kristopher Negron,42.0,2030,5306,3B,infield,5.200000000000003,
Kristopher Negron,30.0,2017,5306,SS,infield,14.8,
Kristopher Negron,31.0,2018,5306,SS,infield,14.200000000000001,
Kristopher Negron,32.0,2019,5306,SS,infield,13.0,
Kristopher Negron,33.0,2020,5306,SS,infield,11.8,
Kristopher Negron,34.0,2021,5306,SS,infield,10.600000000000001,
Kristopher Negron,35.0,2022,5306,SS,infield,9.4,
Kristopher Negron,36.0,2023,5306,SS,infield,8.2,
Kristopher Negron,37.0,2024,5306,SS,infield,7.0,
Kristopher Negron,38.0,2025,5306,SS,infield,5.800000000000001,
Kristopher Negron,39.0,2026,5306,SS,infield,4.600000000000001,
Kristopher Negron,40.0,2027,5306,SS,infield,3.400000000000002,
Kristopher Negron,41.0,2028,5306,SS,infield,2.200000000000003,
Kristopher Negron,42.0,2029,5306,SS,infield,1.0000000000000036,
Tyler Colvin,29.0,2017,5310,LF,outfield,1.1,
Tyler Colvin,30.0,2018,5310,LF,outfield,0.5,
Tyler Colvin,31.0,2019,5310,LF,outfield,-0.09999999999999987,
Tyler Colvin,32.0,2020,5310,LF,outfield,-1.3,
Tyler Colvin,33.0,2021,5310,LF,outfield,-2.5,
Tyler Colvin,34.0,2022,5310,LF,outfield,-3.7,
Tyler Colvin,35.0,2023,5310,LF,outfield,-4.9,
Tyler Colvin,36.0,2024,5310,LF,outfield,-6.1000000000000005,
Tyler Colvin,37.0,2025,5310,LF,outfield,-7.3,
Tyler Colvin,38.0,2026,5310,LF,outfield,-8.5,
Tyler Colvin,39.0,2027,5310,LF,outfield,-9.7,
Tyler Colvin,40.0,2028,5310,LF,outfield,-10.899999999999999,
Tyler Colvin,41.0,2029,5310,LF,outfield,-12.099999999999998,
Tyler Colvin,42.0,2030,5310,LF,outfield,-13.299999999999997,
Brandon Crawford,30.0,2017,5343,SS,infield,12.15,
Brandon Crawford,31.0,2018,5343,SS,infield,11.55,
Brandon Crawford,32.0,2019,5343,SS,infield,10.35,
Brandon Crawford,33.0,2020,5343,SS,infield,9.15,
Brandon Crawford,34.0,2021,5343,SS,infield,7.95,
Brandon Crawford,35.0,2022,5343,SS,infield,6.75,
Brandon Crawford,36.0,2023,5343,SS,infield,5.55,
Brandon Crawford,37.0,2024,5343,SS,infield,4.35,
Brandon Crawford,38.0,2025,5343,SS,infield,3.1500000000000004,
Brandon Crawford,39.0,2026,5343,SS,infield,1.950000000000001,
Brandon Crawford,40.0,2027,5343,SS,infield,0.7500000000000018,
Brandon Crawford,41.0,2028,5343,SS,infield,-0.4499999999999975,
Brandon Crawford,42.0,2029,5343,SS,infield,-1.6499999999999968,
Yangervis Solarte,28.0,2017,5352,1B,infield,-19.8,
Yangervis Solarte,29.0,2018,5352,1B,infield,-20.4,
Yangervis Solarte,30.0,2019,5352,1B,infield,-21.0,
Yangervis Solarte,31.0,2020,5352,1B,infield,-21.599999999999998,
Yangervis Solarte,32.0,2021,5352,1B,infield,-22.799999999999997,
Yangervis Solarte,33.0,2022,5352,1B,infield,-24.0,
Yangervis Solarte,34.0,2023,5352,1B,infield,-25.2,
Yangervis Solarte,35.0,2024,5352,1B,infield,-26.4,
Yangervis Solarte,36.0,2025,5352,1B,infield,-27.6,
Yangervis Solarte,37.0,2026,5352,1B,infield,-28.799999999999997,
Yangervis Solarte,38.0,2027,5352,1B,infield,-30.0,
Yangervis Solarte,39.0,2028,5352,1B,infield,-31.199999999999996,
Yangervis Solarte,40.0,2029,5352,1B,infield,-32.4,
Yangervis Solarte,41.0,2030,5352,1B,infield,-33.599999999999994,
Yangervis Solarte,42.0,2031,5352,1B,infield,-34.8,
Yangervis Solarte,29.0,2017,5352,2B,infield,-2.2333333333333334,
Yangervis Solarte,30.0,2018,5352,2B,infield,-2.8333333333333335,
Yangervis Solarte,31.0,2019,5352,2B,infield,-3.4333333333333336,
Yangervis Solarte,32.0,2020,5352,2B,infield,-4.633333333333334,
Yangervis Solarte,33.0,2021,5352,2B,infield,-5.833333333333334,
Yangervis Solarte,34.0,2022,5352,2B,infield,-7.033333333333334,
Yangervis Solarte,35.0,2023,5352,2B,infield,-8.233333333333334,
Yangervis Solarte,36.0,2024,5352,2B,infield,-9.433333333333334,
Yangervis Solarte,37.0,2025,5352,2B,infield,-10.633333333333333,
Yangervis Solarte,38.0,2026,5352,2B,infield,-11.833333333333332,
Yangervis Solarte,39.0,2027,5352,2B,infield,-13.033333333333331,
Yangervis Solarte,40.0,2028,5352,2B,infield,-14.23333333333333,
Yangervis Solarte,41.0,2029,5352,2B,infield,-15.43333333333333,
Yangervis Solarte,42.0,2030,5352,2B,infield,-16.63333333333333,
Yangervis Solarte,29.0,2017,5352,3B,infield,-0.3500000000000001,
Yangervis Solarte,30.0,2018,5352,3B,infield,-0.9500000000000001,
Yangervis Solarte,31.0,2019,5352,3B,infield,-1.5499999999999998,
Yangervis Solarte,32.0,2020,5352,3B,infield,-2.75,
Yangervis Solarte,33.0,2021,5352,3B,infield,-3.95,
Yangervis Solarte,34.0,2022,5352,3B,infield,-5.15,
Yangervis Solarte,35.0,2023,5352,3B,infield,-6.3500000000000005,
Yangervis Solarte,36.0,2024,5352,3B,infield,-7.550000000000001,
Yangervis Solarte,37.0,2025,5352,3B,infield,-8.75,
Yangervis Solarte,38.0,2026,5352,3B,infield,-9.95,
Yangervis Solarte,39.0,2027,5352,3B,infield,-11.149999999999999,
Yangervis Solarte,40.0,2028,5352,3B,infield,-12.349999999999998,
Yangervis Solarte,41.0,2029,5352,3B,infield,-13.549999999999997,
Yangervis Solarte,42.0,2030,5352,3B,infield,-14.749999999999996,
Freddie Freeman,27.0,2017,5361,1B,infield,4.500000000000001,
Freddie Freeman,28.0,2018,5361,1B,infield,3.9000000000000004,
Freddie Freeman,29.0,2019,5361,1B,infield,3.3000000000000007,
Freddie Freeman,30.0,2020,5361,1B,infield,2.7000000000000006,
Freddie Freeman,31.0,2021,5361,1B,infield,2.1000000000000005,
Freddie Freeman,32.0,2022,5361,1B,infield,0.9000000000000004,
Freddie Freeman,33.0,2023,5361,1B,infield,-0.2999999999999998,
Freddie Freeman,34.0,2024,5361,1B,infield,-1.5,
Freddie Freeman,35.0,2025,5361,1B,infield,-2.7,
Freddie Freeman,36.0,2026,5361,1B,infield,-3.8999999999999995,
Freddie Freeman,37.0,2027,5361,1B,infield,-5.099999999999999,
Freddie Freeman,38.0,2028,5361,1B,infield,-6.299999999999998,
Freddie Freeman,39.0,2029,5361,1B,infield,-7.499999999999997,
Freddie Freeman,40.0,2030,5361,1B,infield,-8.699999999999996,
Freddie Freeman,41.0,2031,5361,1B,infield,-9.899999999999995,
Juan Perez,28.0,2017,5371,CF,outfield,6.5,
Juan Perez,29.0,2018,5371,CF,outfield,5.8999999999999995,
Juan Perez,30.0,2019,5371,CF,outfield,5.3,
Juan Perez,31.0,2020,5371,CF,outfield,4.699999999999999,
Juan Perez,32.0,2021,5371,CF,outfield,3.5,
Juan Perez,33.0,2022,5371,CF,outfield,2.3,
Juan Perez,34.0,2023,5371,CF,outfield,1.0999999999999996,
Juan Perez,35.0,2024,5371,CF,outfield,-0.10000000000000053,
Juan Perez,36.0,2025,5371,CF,outfield,-1.3000000000000007,
Juan Perez,37.0,2026,5371,CF,outfield,-2.5,
Juan Perez,38.0,2027,5371,CF,outfield,-3.6999999999999993,
Juan Perez,39.0,2028,5371,CF,outfield,-4.899999999999999,
Juan Perez,40.0,2029,5371,CF,outfield,-6.099999999999998,
Juan Perez,41.0,2030,5371,CF,outfield,-7.299999999999997,
Juan Perez,42.0,2031,5371,CF,outfield,-8.499999999999996,
Juan Perez,28.0,2017,5371,LF,outfield,-0.5,
Juan Perez,29.0,2018,5371,LF,outfield,-1.0999999999999999,
Juan Perez,30.0,2019,5371,LF,outfield,-1.6999999999999997,
Juan Perez,31.0,2020,5371,LF,outfield,-2.3,
Juan Perez,32.0,2021,5371,LF,outfield,-3.4999999999999996,
Juan Perez,33.0,2022,5371,LF,outfield,-4.7,
Juan Perez,34.0,2023,5371,LF,outfield,-5.9,
Juan Perez,35.0,2024,5371,LF,outfield,-7.1000000000000005,
Juan Perez,36.0,2025,5371,LF,outfield,-8.3,
Juan Perez,37.0,2026,5371,LF,outfield,-9.5,
Juan Perez,38.0,2027,5371,LF,outfield,-10.7,
Juan Perez,39.0,2028,5371,LF,outfield,-11.899999999999999,
Juan Perez,40.0,2029,5371,LF,outfield,-13.099999999999998,
Juan Perez,41.0,2030,5371,LF,outfield,-14.299999999999997,
Juan Perez,42.0,2031,5371,LF,outfield,-15.499999999999996,
Juan Lagares,28.0,2017,5384,CF,outfield,3.3166666666666664,
Juan Lagares,29.0,2018,5384,CF,outfield,2.716666666666667,
Juan Lagares,30.0,2019,5384,CF,outfield,2.1166666666666667,
Juan Lagares,31.0,2020,5384,CF,outfield,1.5166666666666666,
Juan Lagares,32.0,2021,5384,CF,outfield,0.3166666666666669,
Juan Lagares,33.0,2022,5384,CF,outfield,-0.8833333333333333,
Juan Lagares,34.0,2023,5384,CF,outfield,-2.0833333333333335,
Juan Lagares,35.0,2024,5384,CF,outfield,-3.2833333333333337,
Juan Lagares,36.0,2025,5384,CF,outfield,-4.483333333333334,
Juan Lagares,37.0,2026,5384,CF,outfield,-5.683333333333334,
Juan Lagares,38.0,2027,5384,CF,outfield,-6.883333333333333,
Juan Lagares,39.0,2028,5384,CF,outfield,-8.083333333333332,
Juan Lagares,40.0,2029,5384,CF,outfield,-9.283333333333331,
Juan Lagares,41.0,2030,5384,CF,outfield,-10.48333333333333,
Juan Lagares,42.0,2031,5384,CF,outfield,-11.68333333333333,
Jake Smolinski,28.0,2017,5408,CF,outfield,0.7000000000000001,
Jake Smolinski,29.0,2018,5408,CF,outfield,0.10000000000000009,
Jake Smolinski,30.0,2019,5408,CF,outfield,-0.4999999999999998,
Jake Smolinski,31.0,2020,5408,CF,outfield,-1.0999999999999999,
Jake Smolinski,32.0,2021,5408,CF,outfield,-2.3,
Jake Smolinski,33.0,2022,5408,CF,outfield,-3.5,
Jake Smolinski,34.0,2023,5408,CF,outfield,-4.7,
Jake Smolinski,35.0,2024,5408,CF,outfield,-5.9,
Jake Smolinski,36.0,2025,5408,CF,outfield,-7.1000000000000005,
Jake Smolinski,37.0,2026,5408,CF,outfield,-8.299999999999999,
Jake Smolinski,38.0,2027,5408,CF,outfield,-9.499999999999998,
Jake Smolinski,39.0,2028,5408,CF,outfield,-10.699999999999998,
Jake Smolinski,40.0,2029,5408,CF,outfield,-11.899999999999997,
Jake Smolinski,41.0,2030,5408,CF,outfield,-13.099999999999996,
Jake Smolinski,42.0,2031,5408,CF,outfield,-14.299999999999995,
Jake Smolinski,28.0,2017,5408,LF,outfield,2.8500000000000005,
Jake Smolinski,29.0,2018,5408,LF,outfield,2.250000000000001,
Jake Smolinski,30.0,2019,5408,LF,outfield,1.6500000000000008,
Jake Smolinski,31.0,2020,5408,LF,outfield,1.0500000000000007,
Jake Smolinski,32.0,2021,5408,LF,outfield,-0.14999999999999902,
Jake Smolinski,33.0,2022,5408,LF,outfield,-1.3499999999999992,
Jake Smolinski,34.0,2023,5408,LF,outfield,-2.5499999999999994,
Jake Smolinski,35.0,2024,5408,LF,outfield,-3.7499999999999996,
Jake Smolinski,36.0,2025,5408,LF,outfield,-4.949999999999999,
Jake Smolinski,37.0,2026,5408,LF,outfield,-6.149999999999999,
Jake Smolinski,38.0,2027,5408,LF,outfield,-7.349999999999998,
Jake Smolinski,39.0,2028,5408,LF,outfield,-8.549999999999997,
Jake Smolinski,40.0,2029,5408,LF,outfield,-9.749999999999996,
Jake Smolinski,41.0,2030,5408,LF,outfield,-10.949999999999996,
Jake Smolinski,42.0,2031,5408,LF,outfield,-12.149999999999995,
Jake Smolinski,28.0,2017,5408,RF,outfield,-5.783333333333333,
Jake Smolinski,29.0,2018,5408,RF,outfield,-6.383333333333334,
Jake Smolinski,30.0,2019,5408,RF,outfield,-6.983333333333333,
Jake Smolinski,31.0,2020,5408,RF,outfield,-7.583333333333334,
Jake Smolinski,32.0,2021,5408,RF,outfield,-8.783333333333333,
Jake Smolinski,33.0,2022,5408,RF,outfield,-9.983333333333334,
Jake Smolinski,34.0,2023,5408,RF,outfield,-11.183333333333334,
Jake Smolinski,35.0,2024,5408,RF,outfield,-12.383333333333333,
Jake Smolinski,36.0,2025,5408,RF,outfield,-13.583333333333334,
Jake Smolinski,37.0,2026,5408,RF,outfield,-14.783333333333333,
Jake Smolinski,38.0,2027,5408,RF,outfield,-15.983333333333333,
Jake Smolinski,39.0,2028,5408,RF,outfield,-17.18333333333333,
Jake Smolinski,40.0,2029,5408,RF,outfield,-18.383333333333333,
Jake Smolinski,41.0,2030,5408,RF,outfield,-19.58333333333333,
Jake Smolinski,42.0,2031,5408,RF,outfield,-20.78333333333333,
Pablo Sandoval,29.0,2017,5409,3B,infield,-7.333333333333333,
Pablo Sandoval,30.0,2018,5409,3B,infield,-7.933333333333334,
Pablo Sandoval,31.0,2019,5409,3B,infield,-8.533333333333333,
Pablo Sandoval,32.0,2020,5409,3B,infield,-9.733333333333334,
Pablo Sandoval,33.0,2021,5409,3B,infield,-10.933333333333334,
Pablo Sandoval,34.0,2022,5409,3B,infield,-12.133333333333333,
Pablo Sandoval,35.0,2023,5409,3B,infield,-13.333333333333334,
Pablo Sandoval,36.0,2024,5409,3B,infield,-14.533333333333335,
Pablo Sandoval,37.0,2025,5409,3B,infield,-15.733333333333334,
Pablo Sandoval,38.0,2026,5409,3B,infield,-16.933333333333334,
Pablo Sandoval,39.0,2027,5409,3B,infield,-18.133333333333333,
Pablo Sandoval,40.0,2028,5409,3B,infield,-19.333333333333332,
Pablo Sandoval,41.0,2029,5409,3B,infield,-20.53333333333333,
Pablo Sandoval,42.0,2030,5409,3B,infield,-21.73333333333333,
Jose Altuve,27.0,2017,5417,2B,infield,-4.7,
Jose Altuve,28.0,2018,5417,2B,infield,-5.300000000000001,
Jose Altuve,29.0,2019,5417,2B,infield,-5.9,
Jose Altuve,30.0,2020,5417,2B,infield,-6.5,
Jose Altuve,31.0,2021,5417,2B,infield,-7.1000000000000005,
Jose Altuve,32.0,2022,5417,2B,infield,-8.3,
Jose Altuve,33.0,2023,5417,2B,infield,-9.5,
Jose Altuve,34.0,2024,5417,2B,infield,-10.700000000000001,
Jose Altuve,35.0,2025,5417,2B,infield,-11.900000000000002,
Jose Altuve,36.0,2026,5417,2B,infield,-13.100000000000001,
Jose Altuve,37.0,2027,5417,2B,infield,-14.3,
Jose Altuve,38.0,2028,5417,2B,infield,-15.5,
Jose Altuve,39.0,2029,5417,2B,infield,-16.7,
Jose Altuve,40.0,2030,5417,2B,infield,-17.9,
Jose Altuve,41.0,2031,5417,2B,infield,-19.099999999999998,
Steve Lombardozzi,26.0,2017,5422,2B,infield,-1.0,
Steve Lombardozzi,27.0,2018,5422,2B,infield,-1.6,
Steve Lombardozzi,28.0,2019,5422,2B,infield,-2.2,
Steve Lombardozzi,29.0,2020,5422,2B,infield,-2.8,
Steve Lombardozzi,30.0,2021,5422,2B,infield,-3.4,
Steve Lombardozzi,31.0,2022,5422,2B,infield,-4.0,
Steve Lombardozzi,32.0,2023,5422,2B,infield,-5.2,
Steve Lombardozzi,33.0,2024,5422,2B,infield,-6.4,
Steve Lombardozzi,34.0,2025,5422,2B,infield,-7.6000000000000005,
Steve Lombardozzi,35.0,2026,5422,2B,infield,-8.8,
Steve Lombardozzi,36.0,2027,5422,2B,infield,-10.0,
Steve Lombardozzi,37.0,2028,5422,2B,infield,-11.2,
Steve Lombardozzi,38.0,2029,5422,2B,infield,-12.399999999999999,
Steve Lombardozzi,39.0,2030,5422,2B,infield,-13.599999999999998,
Steve Lombardozzi,40.0,2031,5422,2B,infield,-14.799999999999997,
Carson Blair,26.0,2017,5429,C,catcher,,-97.35576923076923
Carson Blair,27.0,2018,5429,C,catcher,,-97.95576923076922
Carson Blair,28.0,2019,5429,C,catcher,,-98.55576923076923
Carson Blair,29.0,2020,5429,C,catcher,,-99.15576923076922
Carson Blair,30.0,2021,5429,C,catcher,,-99.75576923076923
Carson Blair,31.0,2022,5429,C,catcher,,-100.35576923076923
Carson Blair,32.0,2023,5429,C,catcher,,-101.55576923076923
Carson Blair,33.0,2024,5429,C,catcher,,-102.75576923076923
Carson Blair,34.0,2025,5429,C,catcher,,-103.95576923076922
Carson Blair,35.0,2026,5429,C,catcher,,-105.15576923076922
Carson Blair,36.0,2027,5429,C,catcher,,-106.35576923076923
Carson Blair,37.0,2028,5429,C,catcher,,-107.55576923076923
Carson Blair,38.0,2029,5429,C,catcher,,-108.75576923076923
Carson Blair,39.0,2030,5429,C,catcher,,-109.95576923076922
Carson Blair,40.0,2031,5429,C,catcher,,-111.15576923076922
Elian Herrera,31.0,2017,5432,2B,infield,-2.5,
Elian Herrera,32.0,2018,5432,2B,infield,-3.6999999999999997,
Elian Herrera,33.0,2019,5432,2B,infield,-4.9,
Elian Herrera,34.0,2020,5432,2B,infield,-6.1,
Elian Herrera,35.0,2021,5432,2B,infield,-7.300000000000001,
Elian Herrera,36.0,2022,5432,2B,infield,-8.5,
Elian Herrera,37.0,2023,5432,2B,infield,-9.700000000000001,
Elian Herrera,38.0,2024,5432,2B,infield,-10.9,
Elian Herrera,39.0,2025,5432,2B,infield,-12.1,
Elian Herrera,40.0,2026,5432,2B,infield,-13.299999999999999,
Elian Herrera,41.0,2027,5432,2B,infield,-14.499999999999998,
Elian Herrera,42.0,2028,5432,2B,infield,-15.699999999999998,
Elian Herrera,31.0,2017,5432,3B,infield,-11.2,
Elian Herrera,32.0,2018,5432,3B,infield,-12.399999999999999,
Elian Herrera,33.0,2019,5432,3B,infield,-13.6,
Elian Herrera,34.0,2020,5432,3B,infield,-14.8,
Elian Herrera,35.0,2021,5432,3B,infield,-16.0,
Elian Herrera,36.0,2022,5432,3B,infield,-17.2,
Elian Herrera,37.0,2023,5432,3B,infield,-18.4,
Elian Herrera,38.0,2024,5432,3B,infield,-19.6,
Elian Herrera,39.0,2025,5432,3B,infield,-20.799999999999997,
Elian Herrera,40.0,2026,5432,3B,infield,-22.0,
Elian Herrera,41.0,2027,5432,3B,infield,-23.199999999999996,
Elian Herrera,42.0,2028,5432,3B,infield,-24.4,
Elian Herrera,30.0,2017,5432,CF,outfield,7.5,
Elian Herrera,31.0,2018,5432,CF,outfield,6.8999999999999995,
Elian Herrera,32.0,2019,5432,CF,outfield,5.699999999999999,
Elian Herrera,33.0,2020,5432,CF,outfield,4.5,
Elian Herrera,34.0,2021,5432,CF,outfield,3.3,
Elian Herrera,35.0,2022,5432,CF,outfield,2.0999999999999996,
Elian Herrera,36.0,2023,5432,CF,outfield,0.8999999999999995,
Elian Herrera,37.0,2024,5432,CF,outfield,-0.3000000000000007,
Elian Herrera,38.0,2025,5432,CF,outfield,-1.5,
Elian Herrera,39.0,2026,5432,CF,outfield,-2.6999999999999993,
Elian Herrera,40.0,2027,5432,CF,outfield,-3.8999999999999986,
Elian Herrera,41.0,2028,5432,CF,outfield,-5.099999999999998,
Elian Herrera,42.0,2029,5432,CF,outfield,-6.299999999999997,
Elian Herrera,30.0,2017,5432,RF,outfield,-33.5,
Elian Herrera,31.0,2018,5432,RF,outfield,-34.1,
Elian Herrera,32.0,2019,5432,RF,outfield,-35.3,
Elian Herrera,33.0,2020,5432,RF,outfield,-36.5,
Elian Herrera,34.0,2021,5432,RF,outfield,-37.699999999999996,
Elian Herrera,35.0,2022,5432,RF,outfield,-38.9,
Elian Herrera,36.0,2023,5432,RF,outfield,-40.1,
Elian Herrera,37.0,2024,5432,RF,outfield,-41.3,
Elian Herrera,38.0,2025,5432,RF,outfield,-42.5,
Elian Herrera,39.0,2026,5432,RF,outfield,-43.699999999999996,
Elian Herrera,40.0,2027,5432,RF,outfield,-44.9,
Elian Herrera,41.0,2028,5432,RF,outfield,-46.099999999999994,
Elian Herrera,42.0,2029,5432,RF,outfield,-47.3,
Elian Herrera,30.0,2017,5432,SS,infield,-23.5,
Elian Herrera,31.0,2018,5432,SS,infield,-24.099999999999998,
Elian Herrera,32.0,2019,5432,SS,infield,-25.299999999999997,
Elian Herrera,33.0,2020,5432,SS,infield,-26.5,
Elian Herrera,34.0,2021,5432,SS,infield,-27.7,
Elian Herrera,35.0,2022,5432,SS,infield,-28.9,
Elian Herrera,36.0,2023,5432,SS,infield,-30.099999999999998,
Elian Herrera,37.0,2024,5432,SS,infield,-31.299999999999997,
Elian Herrera,38.0,2025,5432,SS,infield,-32.5,
Elian Herrera,39.0,2026,5432,SS,infield,-33.699999999999996,
Elian Herrera,40.0,2027,5432,SS,infield,-34.9,
Elian Herrera,41.0,2028,5432,SS,infield,-36.099999999999994,
Elian Herrera,42.0,2029,5432,SS,infield,-37.3,
Daniel Nava,33.0,2017,5450,1B,infield,13.933333333333335,
Daniel Nava,34.0,2018,5450,1B,infield,12.733333333333334,
Daniel Nava,35.0,2019,5450,1B,infield,11.533333333333335,
Daniel Nava,36.0,2020,5450,1B,infield,10.333333333333336,
Daniel Nava,37.0,2021,5450,1B,infield,9.133333333333335,
Daniel Nava,38.0,2022,5450,1B,infield,7.9333333333333345,
Daniel Nava,39.0,2023,5450,1B,infield,6.733333333333334,
Daniel Nava,40.0,2024,5450,1B,infield,5.533333333333335,
Daniel Nava,41.0,2025,5450,1B,infield,4.333333333333336,
Daniel Nava,42.0,2026,5450,1B,infield,3.1333333333333364,
Daniel Nava,34.0,2017,5450,LF,outfield,-4.825,
Daniel Nava,35.0,2018,5450,LF,outfield,-6.025,
Daniel Nava,36.0,2019,5450,LF,outfield,-7.225,
Daniel Nava,37.0,2020,5450,LF,outfield,-8.425,
Daniel Nava,38.0,2021,5450,LF,outfield,-9.625,
Daniel Nava,39.0,2022,5450,LF,outfield,-10.825,
Daniel Nava,40.0,2023,5450,LF,outfield,-12.025,
Daniel Nava,41.0,2024,5450,LF,outfield,-13.225,
Daniel Nava,42.0,2025,5450,LF,outfield,-14.424999999999999,
Daniel Nava,33.0,2017,5450,RF,outfield,9.4,
Daniel Nava,34.0,2018,5450,RF,outfield,8.2,
Daniel Nava,35.0,2019,5450,RF,outfield,7.0,
Daniel Nava,36.0,2020,5450,RF,outfield,5.8,
Daniel Nava,37.0,2021,5450,RF,outfield,4.6,
Daniel Nava,38.0,2022,5450,RF,outfield,3.3999999999999995,
Daniel Nava,39.0,2023,5450,RF,outfield,2.1999999999999993,
Daniel Nava,40.0,2024,5450,RF,outfield,1.0,
Daniel Nava,41.0,2025,5450,RF,outfield,-0.1999999999999993,
Daniel Nava,42.0,2026,5450,RF,outfield,-1.3999999999999986,
Ji-Man Choi,26.0,2017,5452,1B,infield,2.3,
Ji-Man Choi,27.0,2018,5452,1B,infield,1.6999999999999997,
Ji-Man Choi,28.0,2019,5452,1B,infield,1.0999999999999999,
Ji-Man Choi,29.0,2020,5452,1B,infield,0.5,
Ji-Man Choi,30.0,2021,5452,1B,infield,-0.10000000000000009,
Ji-Man Choi,31.0,2022,5452,1B,infield,-0.7000000000000002,
Ji-Man Choi,32.0,2023,5452,1B,infield,-1.9000000000000004,
Ji-Man Choi,33.0,2024,5452,1B,infield,-3.1000000000000005,
Ji-Man Choi,34.0,2025,5452,1B,infield,-4.300000000000001,
Ji-Man Choi,35.0,2026,5452,1B,infield,-5.500000000000001,
Ji-Man Choi,36.0,2027,5452,1B,infield,-6.7,
Ji-Man Choi,37.0,2028,5452,1B,infield,-7.8999999999999995,
Ji-Man Choi,38.0,2029,5452,1B,infield,-9.099999999999998,
Ji-Man Choi,39.0,2030,5452,1B,infield,-10.299999999999997,
Ji-Man Choi,40.0,2031,5452,1B,infield,-11.499999999999996,
Ji-Man Choi,26.0,2017,5452,LF,outfield,9.2,
Ji-Man Choi,27.0,2018,5452,LF,outfield,8.6,
Ji-Man Choi,28.0,2019,5452,LF,outfield,7.999999999999999,
Ji-Man Choi,29.0,2020,5452,LF,outfield,7.3999999999999995,
Ji-Man Choi,30.0,2021,5452,LF,outfield,6.799999999999999,
Ji-Man Choi,31.0,2022,5452,LF,outfield,6.199999999999999,
Ji-Man Choi,32.0,2023,5452,LF,outfield,4.999999999999999,
Ji-Man Choi,33.0,2024,5452,LF,outfield,3.799999999999999,
Ji-Man Choi,34.0,2025,5452,LF,outfield,2.5999999999999988,
Ji-Man Choi,35.0,2026,5452,LF,outfield,1.3999999999999986,
Ji-Man Choi,36.0,2027,5452,LF,outfield,0.1999999999999993,
Ji-Man Choi,37.0,2028,5452,LF,outfield,-1.0,
Ji-Man Choi,38.0,2029,5452,LF,outfield,-2.1999999999999993,
Ji-Man Choi,39.0,2030,5452,LF,outfield,-3.3999999999999986,
Ji-Man Choi,40.0,2031,5452,LF,outfield,-4.599999999999998,
Jimmy Paredes,27.0,2017,5481,2B,infield,1.2000000000000002,
Jimmy Paredes,28.0,2018,5481,2B,infield,0.6000000000000001,
Jimmy Paredes,29.0,2019,5481,2B,infield,2.220446049250313e-16,
Jimmy Paredes,30.0,2020,5481,2B,infield,-0.5999999999999999,
Jimmy Paredes,31.0,2021,5481,2B,infield,-1.2,
Jimmy Paredes,32.0,2022,5481,2B,infield,-2.4000000000000004,
Jimmy Paredes,33.0,2023,5481,2B,infield,-3.6000000000000005,
Jimmy Paredes,34.0,2024,5481,2B,infield,-4.800000000000001,
Jimmy Paredes,35.0,2025,5481,2B,infield,-6.000000000000001,
Jimmy Paredes,36.0,2026,5481,2B,infield,-7.2,
Jimmy Paredes,37.0,2027,5481,2B,infield,-8.399999999999999,
Jimmy Paredes,38.0,2028,5481,2B,infield,-9.599999999999998,
Jimmy Paredes,39.0,2029,5481,2B,infield,-10.799999999999997,
Jimmy Paredes,40.0,2030,5481,2B,infield,-11.999999999999996,
Jimmy Paredes,41.0,2031,5481,2B,infield,-13.199999999999996,
Jimmy Paredes,26.0,2017,5481,3B,infield,-24.0,
Jimmy Paredes,27.0,2018,5481,3B,infield,-24.6,
Jimmy Paredes,28.0,2019,5481,3B,infield,-25.2,
Jimmy Paredes,29.0,2020,5481,3B,infield,-25.8,
Jimmy Paredes,30.0,2021,5481,3B,infield,-26.4,
Jimmy Paredes,31.0,2022,5481,3B,infield,-27.0,
Jimmy Paredes,32.0,2023,5481,3B,infield,-28.2,
Jimmy Paredes,33.0,2024,5481,3B,infield,-29.4,
Jimmy Paredes,34.0,2025,5481,3B,infield,-30.6,
Jimmy Paredes,35.0,2026,5481,3B,infield,-31.8,
Jimmy Paredes,36.0,2027,5481,3B,infield,-33.0,
Jimmy Paredes,37.0,2028,5481,3B,infield,-34.2,
Jimmy Paredes,38.0,2029,5481,3B,infield,-35.4,
Jimmy Paredes,39.0,2030,5481,3B,infield,-36.599999999999994,
Jimmy Paredes,40.0,2031,5481,3B,infield,-37.8,
Jimmy Paredes,28.0,2017,5481,LF,outfield,4.300000000000001,
Jimmy Paredes,29.0,2018,5481,LF,outfield,3.7,
Jimmy Paredes,30.0,2019,5481,LF,outfield,3.1000000000000005,
Jimmy Paredes,31.0,2020,5481,LF,outfield,2.5000000000000004,
Jimmy Paredes,32.0,2021,5481,LF,outfield,1.3000000000000007,
Jimmy Paredes,33.0,2022,5481,LF,outfield,0.10000000000000053,
Jimmy Paredes,34.0,2023,5481,LF,outfield,-1.0999999999999996,
Jimmy Paredes,35.0,2024,5481,LF,outfield,-2.3,
Jimmy Paredes,36.0,2025,5481,LF,outfield,-3.5,
Jimmy Paredes,37.0,2026,5481,LF,outfield,-4.699999999999999,
Jimmy Paredes,38.0,2027,5481,LF,outfield,-5.899999999999999,
Jimmy Paredes,39.0,2028,5481,LF,outfield,-7.099999999999998,
Jimmy Paredes,40.0,2029,5481,LF,outfield,-8.299999999999997,
Jimmy Paredes,41.0,2030,5481,LF,outfield,-9.499999999999996,
Jimmy Paredes,42.0,2031,5481,LF,outfield,-10.699999999999996,
Jimmy Paredes,28.0,2017,5481,RF,outfield,-1.7999999999999998,
Jimmy Paredes,29.0,2018,5481,RF,outfield,-2.4,
Jimmy Paredes,30.0,2019,5481,RF,outfield,-3.0,
Jimmy Paredes,31.0,2020,5481,RF,outfield,-3.5999999999999996,
Jimmy Paredes,32.0,2021,5481,RF,outfield,-4.8,
Jimmy Paredes,33.0,2022,5481,RF,outfield,-6.0,
Jimmy Paredes,34.0,2023,5481,RF,outfield,-7.2,
Jimmy Paredes,35.0,2024,5481,RF,outfield,-8.4,
Jimmy Paredes,36.0,2025,5481,RF,outfield,-9.6,
Jimmy Paredes,37.0,2026,5481,RF,outfield,-10.799999999999999,
Jimmy Paredes,38.0,2027,5481,RF,outfield,-11.999999999999998,
Jimmy Paredes,39.0,2028,5481,RF,outfield,-13.199999999999998,
Jimmy Paredes,40.0,2029,5481,RF,outfield,-14.399999999999997,
Jimmy Paredes,41.0,2030,5481,RF,outfield,-15.599999999999996,
Jimmy Paredes,42.0,2031,5481,RF,outfield,-16.799999999999997,
Jose Pirela,27.0,2017,5485,2B,infield,-20.3,
Jose Pirela,28.0,2018,5485,2B,infield,-20.9,
Jose Pirela,29.0,2019,5485,2B,infield,-21.5,
Jose Pirela,30.0,2020,5485,2B,infield,-22.099999999999998,
Jose Pirela,31.0,2021,5485,2B,infield,-22.7,
Jose Pirela,32.0,2022,5485,2B,infield,-23.9,
Jose Pirela,33.0,2023,5485,2B,infield,-25.1,
Jose Pirela,34.0,2024,5485,2B,infield,-26.3,
Jose Pirela,35.0,2025,5485,2B,infield,-27.5,
Jose Pirela,36.0,2026,5485,2B,infield,-28.7,
Jose Pirela,37.0,2027,5485,2B,infield,-29.9,
Jose Pirela,38.0,2028,5485,2B,infield,-31.099999999999998,
Jose Pirela,39.0,2029,5485,2B,infield,-32.3,
Jose Pirela,40.0,2030,5485,2B,infield,-33.5,
Jose Pirela,41.0,2031,5485,2B,infield,-34.699999999999996,
Abraham Almonte,27.0,2017,5486,CF,outfield,9.066666666666666,
Abraham Almonte,28.0,2018,5486,CF,outfield,8.466666666666667,
Abraham Almonte,29.0,2019,5486,CF,outfield,7.866666666666666,
Abraham Almonte,30.0,2020,5486,CF,outfield,7.266666666666666,
Abraham Almonte,31.0,2021,5486,CF,outfield,6.666666666666666,
Abraham Almonte,32.0,2022,5486,CF,outfield,5.466666666666666,
Abraham Almonte,33.0,2023,5486,CF,outfield,4.266666666666666,
Abraham Almonte,34.0,2024,5486,CF,outfield,3.0666666666666655,
Abraham Almonte,35.0,2025,5486,CF,outfield,1.8666666666666654,
Abraham Almonte,36.0,2026,5486,CF,outfield,0.6666666666666661,
Abraham Almonte,37.0,2027,5486,CF,outfield,-0.5333333333333332,
Abraham Almonte,38.0,2028,5486,CF,outfield,-1.7333333333333325,
Abraham Almonte,39.0,2029,5486,CF,outfield,-2.933333333333332,
Abraham Almonte,40.0,2030,5486,CF,outfield,-4.133333333333331,
Abraham Almonte,41.0,2031,5486,CF,outfield,-5.33333333333333,
Abraham Almonte,28.0,2017,5486,LF,outfield,-8.425,
Abraham Almonte,29.0,2018,5486,LF,outfield,-9.025,
Abraham Almonte,30.0,2019,5486,LF,outfield,-9.625,
Abraham Almonte,31.0,2020,5486,LF,outfield,-10.225,
Abraham Almonte,32.0,2021,5486,LF,outfield,-11.425,
Abraham Almonte,33.0,2022,5486,LF,outfield,-12.625,
Abraham Almonte,34.0,2023,5486,LF,outfield,-13.825,
Abraham Almonte,35.0,2024,5486,LF,outfield,-15.025,
Abraham Almonte,36.0,2025,5486,LF,outfield,-16.225,
Abraham Almonte,37.0,2026,5486,LF,outfield,-17.425,
Abraham Almonte,38.0,2027,5486,LF,outfield,-18.625,
Abraham Almonte,39.0,2028,5486,LF,outfield,-19.825,
Abraham Almonte,40.0,2029,5486,LF,outfield,-21.025,
Abraham Almonte,41.0,2030,5486,LF,outfield,-22.224999999999998,
Abraham Almonte,42.0,2031,5486,LF,outfield,-23.424999999999997,
Abraham Almonte,28.0,2017,5486,RF,outfield,23.099999999999998,
Abraham Almonte,29.0,2018,5486,RF,outfield,22.5,
Abraham Almonte,30.0,2019,5486,RF,outfield,21.9,
Abraham Almonte,31.0,2020,5486,RF,outfield,21.3,
Abraham Almonte,32.0,2021,5486,RF,outfield,20.1,
Abraham Almonte,33.0,2022,5486,RF,outfield,18.9,
Abraham Almonte,34.0,2023,5486,RF,outfield,17.7,
Abraham Almonte,35.0,2024,5486,RF,outfield,16.5,
Abraham Almonte,36.0,2025,5486,RF,outfield,15.299999999999999,
Abraham Almonte,37.0,2026,5486,RF,outfield,14.1,
Abraham Almonte,38.0,2027,5486,RF,outfield,12.9,
Abraham Almonte,39.0,2028,5486,RF,outfield,11.700000000000001,
Abraham Almonte,40.0,2029,5486,RF,outfield,10.500000000000002,
Abraham Almonte,41.0,2030,5486,RF,outfield,9.300000000000002,
Abraham Almonte,42.0,2031,5486,RF,outfield,8.100000000000003,
Austin Romine,28.0,2017,5491,C,catcher,,-4.401745987045902
Austin Romine,29.0,2018,5491,C,catcher,,-5.0017459870459025
Austin Romine,30.0,2019,5491,C,catcher,,-5.601745987045902
Austin Romine,31.0,2020,5491,C,catcher,,-6.201745987045902
Austin Romine,32.0,2021,5491,C,catcher,,-7.401745987045902
Austin Romine,33.0,2022,5491,C,catcher,,-8.601745987045902
Austin Romine,34.0,2023,5491,C,catcher,,-9.801745987045901
Austin Romine,35.0,2024,5491,C,catcher,,-11.001745987045902
Austin Romine,36.0,2025,5491,C,catcher,,-12.201745987045904
Austin Romine,37.0,2026,5491,C,catcher,,-13.401745987045903
Austin Romine,38.0,2027,5491,C,catcher,,-14.601745987045902
Austin Romine,39.0,2028,5491,C,catcher,,-15.801745987045901
Austin Romine,40.0,2029,5491,C,catcher,,-17.0017459870459
Austin Romine,41.0,2030,5491,C,catcher,,-18.2017459870459
Austin Romine,42.0,2031,5491,C,catcher,,-19.4017459870459
Marwin Gonzalez,28.0,2017,5497,1B,infield,2.7333333333333334,
Marwin Gonzalez,29.0,2018,5497,1B,infield,2.1333333333333337,
Marwin Gonzalez,30.0,2019,5497,1B,infield,1.5333333333333337,
Marwin Gonzalez,31.0,2020,5497,1B,infield,0.9333333333333336,
Marwin Gonzalez,32.0,2021,5497,1B,infield,-0.26666666666666616,
Marwin Gonzalez,33.0,2022,5497,1B,infield,-1.4666666666666663,
Marwin Gonzalez,34.0,2023,5497,1B,infield,-2.6666666666666665,
Marwin Gonzalez,35.0,2024,5497,1B,infield,-3.8666666666666667,
Marwin Gonzalez,36.0,2025,5497,1B,infield,-5.066666666666666,
Marwin Gonzalez,37.0,2026,5497,1B,infield,-6.266666666666666,
Marwin Gonzalez,38.0,2027,5497,1B,infield,-7.466666666666665,
Marwin Gonzalez,39.0,2028,5497,1B,infield,-8.666666666666664,
Marwin Gonzalez,40.0,2029,5497,1B,infield,-9.866666666666664,
Marwin Gonzalez,41.0,2030,5497,1B,infield,-11.066666666666663,
Marwin Gonzalez,42.0,2031,5497,1B,infield,-12.266666666666662,
Marwin Gonzalez,28.0,2017,5497,2B,infield,-25.499999999999996,
Marwin Gonzalez,29.0,2018,5497,2B,infield,-26.099999999999994,
Marwin Gonzalez,30.0,2019,5497,2B,infield,-26.699999999999996,
Marwin Gonzalez,31.0,2020,5497,2B,infield,-27.299999999999994,
Marwin Gonzalez,32.0,2021,5497,2B,infield,-28.499999999999993,
Marwin Gonzalez,33.0,2022,5497,2B,infield,-29.699999999999996,
Marwin Gonzalez,34.0,2023,5497,2B,infield,-30.899999999999995,
Marwin Gonzalez,35.0,2024,5497,2B,infield,-32.099999999999994,
Marwin Gonzalez,36.0,2025,5497,2B,infield,-33.3,
Marwin Gonzalez,37.0,2026,5497,2B,infield,-34.49999999999999,
Marwin Gonzalez,38.0,2027,5497,2B,infield,-35.699999999999996,
Marwin Gonzalez,39.0,2028,5497,2B,infield,-36.89999999999999,
Marwin Gonzalez,40.0,2029,5497,2B,infield,-38.099999999999994,
Marwin Gonzalez,41.0,2030,5497,2B,infield,-39.29999999999999,
Marwin Gonzalez,42.0,2031,5497,2B,infield,-40.49999999999999,
Marwin Gonzalez,28.0,2017,5497,3B,infield,-8.233333333333334,
Marwin Gonzalez,29.0,2018,5497,3B,infield,-8.833333333333334,
Marwin Gonzalez,30.0,2019,5497,3B,infield,-9.433333333333334,
Marwin Gonzalez,31.0,2020,5497,3B,infield,-10.033333333333333,
Marwin Gonzalez,32.0,2021,5497,3B,infield,-11.233333333333334,
Marwin Gonzalez,33.0,2022,5497,3B,infield,-12.433333333333334,
Marwin Gonzalez,34.0,2023,5497,3B,infield,-13.633333333333333,
Marwin Gonzalez,35.0,2024,5497,3B,infield,-14.833333333333334,
Marwin Gonzalez,36.0,2025,5497,3B,infield,-16.033333333333335,
Marwin Gonzalez,37.0,2026,5497,3B,infield,-17.233333333333334,
Marwin Gonzalez,38.0,2027,5497,3B,infield,-18.433333333333334,
Marwin Gonzalez,39.0,2028,5497,3B,infield,-19.633333333333333,
Marwin Gonzalez,40.0,2029,5497,3B,infield,-20.833333333333332,
Marwin Gonzalez,41.0,2030,5497,3B,infield,-22.03333333333333,
Marwin Gonzalez,42.0,2031,5497,3B,infield,-23.23333333333333,
Marwin Gonzalez,28.0,2017,5497,LF,outfield,4.833333333333334,
Marwin Gonzalez,29.0,2018,5497,LF,outfield,4.233333333333333,
Marwin Gonzalez,30.0,2019,5497,LF,outfield,3.6333333333333337,
Marwin Gonzalez,31.0,2020,5497,LF,outfield,3.0333333333333337,
Marwin Gonzalez,32.0,2021,5497,LF,outfield,1.833333333333334,
Marwin Gonzalez,33.0,2022,5497,LF,outfield,0.6333333333333337,
Marwin Gonzalez,34.0,2023,5497,LF,outfield,-0.5666666666666664,
Marwin Gonzalez,35.0,2024,5497,LF,outfield,-1.7666666666666666,
Marwin Gonzalez,36.0,2025,5497,LF,outfield,-2.966666666666667,
Marwin Gonzalez,37.0,2026,5497,LF,outfield,-4.166666666666666,
Marwin Gonzalez,38.0,2027,5497,LF,outfield,-5.366666666666665,
Marwin Gonzalez,39.0,2028,5497,LF,outfield,-6.566666666666665,
Marwin Gonzalez,40.0,2029,5497,LF,outfield,-7.766666666666664,
Marwin Gonzalez,41.0,2030,5497,LF,outfield,-8.966666666666663,
Marwin Gonzalez,42.0,2031,5497,LF,outfield,-10.166666666666663,
Marwin Gonzalez,28.0,2017,5497,SS,infield,3.6333333333333333,
Marwin Gonzalez,29.0,2018,5497,SS,infield,3.033333333333333,
Marwin Gonzalez,30.0,2019,5497,SS,infield,2.4333333333333336,
Marwin Gonzalez,31.0,2020,5497,SS,infield,1.8333333333333335,
Marwin Gonzalez,32.0,2021,5497,SS,infield,0.6333333333333337,
Marwin Gonzalez,33.0,2022,5497,SS,infield,-0.5666666666666664,
Marwin Gonzalez,34.0,2023,5497,SS,infield,-1.7666666666666666,
Marwin Gonzalez,35.0,2024,5497,SS,infield,-2.966666666666667,
Marwin Gonzalez,36.0,2025,5497,SS,infield,-4.166666666666667,
Marwin Gonzalez,37.0,2026,5497,SS,infield,-5.366666666666666,
Marwin Gonzalez,38.0,2027,5497,SS,infield,-6.5666666666666655,
Marwin Gonzalez,39.0,2028,5497,SS,infield,-7.766666666666665,
Marwin Gonzalez,40.0,2029,5497,SS,infield,-8.966666666666665,
Marwin Gonzalez,41.0,2030,5497,SS,infield,-10.166666666666664,
Marwin Gonzalez,42.0,2031,5497,SS,infield,-11.366666666666664,
George Kottaras,32.0,2017,5506,C,catcher,,-34.12682926829269
George Kottaras,33.0,2018,5506,C,catcher,,-35.326829268292684
George Kottaras,34.0,2019,5506,C,catcher,,-36.52682926829269
George Kottaras,35.0,2020,5506,C,catcher,,-37.72682926829268
George Kottaras,36.0,2021,5506,C,catcher,,-38.926829268292686
George Kottaras,37.0,2022,5506,C,catcher,,-40.12682926829269
George Kottaras,38.0,2023,5506,C,catcher,,-41.326829268292684
George Kottaras,39.0,2024,5506,C,catcher,,-42.52682926829269
George Kottaras,40.0,2025,5506,C,catcher,,-43.72682926829268
George Kottaras,41.0,2026,5506,C,catcher,,-44.926829268292686
George Kottaras,42.0,2027,5506,C,catcher,,-46.12682926829268
Jesus Montero,26.0,2017,5514,1B,infield,-7.2,
Jesus Montero,27.0,2018,5514,1B,infield,-7.8,
Jesus Montero,28.0,2019,5514,1B,infield,-8.4,
Jesus Montero,29.0,2020,5514,1B,infield,-9.0,
Jesus Montero,30.0,2021,5514,1B,infield,-9.6,
Jesus Montero,31.0,2022,5514,1B,infield,-10.2,
Jesus Montero,32.0,2023,5514,1B,infield,-11.4,
Jesus Montero,33.0,2024,5514,1B,infield,-12.600000000000001,
Jesus Montero,34.0,2025,5514,1B,infield,-13.8,
Jesus Montero,35.0,2026,5514,1B,infield,-15.0,
Jesus Montero,36.0,2027,5514,1B,infield,-16.2,
Jesus Montero,37.0,2028,5514,1B,infield,-17.4,
Jesus Montero,38.0,2029,5514,1B,infield,-18.599999999999998,
Jesus Montero,39.0,2030,5514,1B,infield,-19.799999999999997,
Jesus Montero,40.0,2031,5514,1B,infield,-20.999999999999996,
Ruben Tejada,26.0,2017,5519,2B,infield,6.9,
Ruben Tejada,27.0,2018,5519,2B,infield,6.300000000000001,
Ruben Tejada,28.0,2019,5519,2B,infield,5.7,
Ruben Tejada,29.0,2020,5519,2B,infield,5.1000000000000005,
Ruben Tejada,30.0,2021,5519,2B,infield,4.5,
Ruben Tejada,31.0,2022,5519,2B,infield,3.9000000000000004,
Ruben Tejada,32.0,2023,5519,2B,infield,2.7,
Ruben Tejada,33.0,2024,5519,2B,infield,1.5,
Ruben Tejada,34.0,2025,5519,2B,infield,0.2999999999999998,
Ruben Tejada,35.0,2026,5519,2B,infield,-0.9000000000000004,
Ruben Tejada,36.0,2027,5519,2B,infield,-2.0999999999999996,
Ruben Tejada,37.0,2028,5519,2B,infield,-3.299999999999999,
Ruben Tejada,38.0,2029,5519,2B,infield,-4.499999999999998,
Ruben Tejada,39.0,2030,5519,2B,infield,-5.6999999999999975,
Ruben Tejada,40.0,2031,5519,2B,infield,-6.899999999999997,
Ruben Tejada,27.0,2017,5519,3B,infield,5.166666666666666,
Ruben Tejada,28.0,2018,5519,3B,infield,4.5666666666666655,
Ruben Tejada,29.0,2019,5519,3B,infield,3.966666666666666,
Ruben Tejada,30.0,2020,5519,3B,infield,3.366666666666666,
Ruben Tejada,31.0,2021,5519,3B,infield,2.7666666666666657,
Ruben Tejada,32.0,2022,5519,3B,infield,1.5666666666666655,
Ruben Tejada,33.0,2023,5519,3B,infield,0.36666666666666536,
Ruben Tejada,34.0,2024,5519,3B,infield,-0.8333333333333348,
Ruben Tejada,35.0,2025,5519,3B,infield,-2.033333333333335,
Ruben Tejada,36.0,2026,5519,3B,infield,-3.2333333333333343,
Ruben Tejada,37.0,2027,5519,3B,infield,-4.433333333333334,
Ruben Tejada,38.0,2028,5519,3B,infield,-5.633333333333333,
Ruben Tejada,39.0,2029,5519,3B,infield,-6.833333333333332,
Ruben Tejada,40.0,2030,5519,3B,infield,-8.033333333333331,
Ruben Tejada,41.0,2031,5519,3B,infield,-9.23333333333333,
Ruben Tejada,26.0,2017,5519,SS,infield,-3.6,
Ruben Tejada,27.0,2018,5519,SS,infield,-4.2,
Ruben Tejada,28.0,2019,5519,SS,infield,-4.8,
Ruben Tejada,29.0,2020,5519,SS,infield,-5.4,
Ruben Tejada,30.0,2021,5519,SS,infield,-6.0,
Ruben Tejada,31.0,2022,5519,SS,infield,-6.6,
Ruben Tejada,32.0,2023,5519,SS,infield,-7.800000000000001,
Ruben Tejada,33.0,2024,5519,SS,infield,-9.0,
Ruben Tejada,34.0,2025,5519,SS,infield,-10.200000000000001,
Ruben Tejada,35.0,2026,5519,SS,infield,-11.4,
Ruben Tejada,36.0,2027,5519,SS,infield,-12.6,
Ruben Tejada,37.0,2028,5519,SS,infield,-13.799999999999999,
Ruben Tejada,38.0,2029,5519,SS,infield,-14.999999999999998,
Ruben Tejada,39.0,2030,5519,SS,infield,-16.2,
Ruben Tejada,40.0,2031,5519,SS,infield,-17.4,
Jarrod Saltalamacchia,32.0,2017,5557,1B,infield,-19.7,
Jarrod Saltalamacchia,33.0,2018,5557,1B,infield,-20.9,
Jarrod Saltalamacchia,34.0,2019,5557,1B,infield,-22.1,
Jarrod Saltalamacchia,35.0,2020,5557,1B,infield,-23.3,
Jarrod Saltalamacchia,36.0,2021,5557,1B,infield,-24.5,
Jarrod Saltalamacchia,37.0,2022,5557,1B,infield,-25.7,
Jarrod Saltalamacchia,38.0,2023,5557,1B,infield,-26.9,
Jarrod Saltalamacchia,39.0,2024,5557,1B,infield,-28.1,
Jarrod Saltalamacchia,40.0,2025,5557,1B,infield,-29.299999999999997,
Jarrod Saltalamacchia,41.0,2026,5557,1B,infield,-30.5,
Jarrod Saltalamacchia,42.0,2027,5557,1B,infield,-31.699999999999996,
Jarrod Saltalamacchia,32.0,2017,5557,C,catcher,,-18.489458863996447
Jarrod Saltalamacchia,33.0,2018,5557,C,catcher,,-19.689458863996446
Jarrod Saltalamacchia,34.0,2019,5557,C,catcher,,-20.889458863996445
Jarrod Saltalamacchia,35.0,2020,5557,C,catcher,,-22.089458863996448
Jarrod Saltalamacchia,36.0,2021,5557,C,catcher,,-23.289458863996447
Jarrod Saltalamacchia,37.0,2022,5557,C,catcher,,-24.489458863996447
Jarrod Saltalamacchia,38.0,2023,5557,C,catcher,,-25.68945886399645
Jarrod Saltalamacchia,39.0,2024,5557,C,catcher,,-26.889458863996445
Jarrod Saltalamacchia,40.0,2025,5557,C,catcher,,-28.089458863996448
Jarrod Saltalamacchia,41.0,2026,5557,C,catcher,,-29.289458863996444
Jarrod Saltalamacchia,42.0,2027,5557,C,catcher,,-30.489458863996447
Carlos Corporan,32.0,2017,5587,C,catcher,,-0.15640074211502775
Carlos Corporan,33.0,2018,5587,C,catcher,,-1.3564007421150277
Carlos Corporan,34.0,2019,5587,C,catcher,,-2.556400742115027
Carlos Corporan,35.0,2020,5587,C,catcher,,-3.7564007421150274
Carlos Corporan,36.0,2021,5587,C,catcher,,-4.956400742115028
Carlos Corporan,37.0,2022,5587,C,catcher,,-6.156400742115028
Carlos Corporan,38.0,2023,5587,C,catcher,,-7.356400742115028
Carlos Corporan,39.0,2024,5587,C,catcher,,-8.556400742115027
Carlos Corporan,40.0,2025,5587,C,catcher,,-9.756400742115027
Carlos Corporan,41.0,2026,5587,C,catcher,,-10.956400742115026
Carlos Corporan,42.0,2027,5587,C,catcher,,-12.156400742115025
Matt Kemp,30.0,2017,5631,CF,outfield,-27.200000000000003,
Matt Kemp,31.0,2018,5631,CF,outfield,-27.8,
Matt Kemp,32.0,2019,5631,CF,outfield,-29.0,
Matt Kemp,33.0,2020,5631,CF,outfield,-30.200000000000003,
Matt Kemp,34.0,2021,5631,CF,outfield,-31.400000000000002,
Matt Kemp,35.0,2022,5631,CF,outfield,-32.6,
Matt Kemp,36.0,2023,5631,CF,outfield,-33.800000000000004,
Matt Kemp,37.0,2024,5631,CF,outfield,-35.0,
Matt Kemp,38.0,2025,5631,CF,outfield,-36.2,
Matt Kemp,39.0,2026,5631,CF,outfield,-37.4,
Matt Kemp,40.0,2027,5631,CF,outfield,-38.6,
Matt Kemp,41.0,2028,5631,CF,outfield,-39.8,
Matt Kemp,42.0,2029,5631,CF,outfield,-41.0,
Matt Kemp,32.0,2017,5631,LF,outfield,-21.124999999999996,
Matt Kemp,33.0,2018,5631,LF,outfield,-22.324999999999996,
Matt Kemp,34.0,2019,5631,LF,outfield,-23.525,
Matt Kemp,35.0,2020,5631,LF,outfield,-24.724999999999998,
Matt Kemp,36.0,2021,5631,LF,outfield,-25.924999999999997,
Matt Kemp,37.0,2022,5631,LF,outfield,-27.124999999999996,
Matt Kemp,38.0,2023,5631,LF,outfield,-28.324999999999996,
Matt Kemp,39.0,2024,5631,LF,outfield,-29.525,
Matt Kemp,40.0,2025,5631,LF,outfield,-30.724999999999994,
Matt Kemp,41.0,2026,5631,LF,outfield,-31.924999999999997,
Matt Kemp,42.0,2027,5631,LF,outfield,-33.12499999999999,
Matt Kemp,32.0,2017,5631,RF,outfield,-9.799999999999999,
Matt Kemp,33.0,2018,5631,RF,outfield,-11.0,
Matt Kemp,34.0,2019,5631,RF,outfield,-12.2,
Matt Kemp,35.0,2020,5631,RF,outfield,-13.399999999999999,
Matt Kemp,36.0,2021,5631,RF,outfield,-14.6,
Matt Kemp,37.0,2022,5631,RF,outfield,-15.8,
Matt Kemp,38.0,2023,5631,RF,outfield,-17.0,
Matt Kemp,39.0,2024,5631,RF,outfield,-18.2,
Matt Kemp,40.0,2025,5631,RF,outfield,-19.4,
Matt Kemp,41.0,2026,5631,RF,outfield,-20.599999999999998,
Matt Kemp,42.0,2027,5631,RF,outfield,-21.799999999999997,
Ryan Roberts,34.0,2017,5653,3B,infield,6.0,
Ryan Roberts,35.0,2018,5653,3B,infield,4.800000000000001,
Ryan Roberts,36.0,2019,5653,3B,infield,3.6000000000000005,
Ryan Roberts,37.0,2020,5653,3B,infield,2.4000000000000004,
Ryan Roberts,38.0,2021,5653,3B,infield,1.2000000000000002,
Ryan Roberts,39.0,2022,5653,3B,infield,0.0,
Ryan Roberts,40.0,2023,5653,3B,infield,-1.2000000000000002,
Ryan Roberts,41.0,2024,5653,3B,infield,-2.3999999999999995,
Ryan Roberts,42.0,2025,5653,3B,infield,-3.5999999999999988,
Devin Mesoraco,29.0,2017,5666,C,catcher,,-10.384862460258617
Devin Mesoraco,30.0,2018,5666,C,catcher,,-10.984862460258617
Devin Mesoraco,31.0,2019,5666,C,catcher,,-11.584862460258616
Devin Mesoraco,32.0,2020,5666,C,catcher,,-12.784862460258617
Devin Mesoraco,33.0,2021,5666,C,catcher,,-13.984862460258618
Devin Mesoraco,34.0,2022,5666,C,catcher,,-15.184862460258618
Devin Mesoraco,35.0,2023,5666,C,catcher,,-16.384862460258617
Devin Mesoraco,36.0,2024,5666,C,catcher,,-17.58486246025862
Devin Mesoraco,37.0,2025,5666,C,catcher,,-18.784862460258616
Devin Mesoraco,38.0,2026,5666,C,catcher,,-19.98486246025862
Devin Mesoraco,39.0,2027,5666,C,catcher,,-21.184862460258614
Devin Mesoraco,40.0,2028,5666,C,catcher,,-22.384862460258617
Devin Mesoraco,41.0,2029,5666,C,catcher,,-23.584862460258613
Devin Mesoraco,42.0,2030,5666,C,catcher,,-24.784862460258616
Steven Souza Jr.,28.0,2017,5667,RF,outfield,-0.8333333333333333,
Steven Souza Jr.,29.0,2018,5667,RF,outfield,-1.4333333333333333,
Steven Souza Jr.,30.0,2019,5667,RF,outfield,-2.033333333333333,
Steven Souza Jr.,31.0,2020,5667,RF,outfield,-2.6333333333333333,
Steven Souza Jr.,32.0,2021,5667,RF,outfield,-3.833333333333333,
Steven Souza Jr.,33.0,2022,5667,RF,outfield,-5.033333333333333,
Steven Souza Jr.,34.0,2023,5667,RF,outfield,-6.233333333333333,
Steven Souza Jr.,35.0,2024,5667,RF,outfield,-7.433333333333334,
Steven Souza Jr.,36.0,2025,5667,RF,outfield,-8.633333333333333,
Steven Souza Jr.,37.0,2026,5667,RF,outfield,-9.833333333333332,
Steven Souza Jr.,38.0,2027,5667,RF,outfield,-11.033333333333331,
Steven Souza Jr.,39.0,2028,5667,RF,outfield,-12.23333333333333,
Steven Souza Jr.,40.0,2029,5667,RF,outfield,-13.43333333333333,
Steven Souza Jr.,41.0,2030,5667,RF,outfield,-14.63333333333333,
Steven Souza Jr.,42.0,2031,5667,RF,outfield,-15.833333333333329,
A.J. Ellis,36.0,2017,5677,C,catcher,,-7.774592462181158
A.J. Ellis,37.0,2018,5677,C,catcher,,-8.974592462181159
A.J. Ellis,38.0,2019,5677,C,catcher,,-10.174592462181158
A.J. Ellis,39.0,2020,5677,C,catcher,,-11.374592462181159
A.J. Ellis,40.0,2021,5677,C,catcher,,-12.574592462181158
A.J. Ellis,41.0,2022,5677,C,catcher,,-13.774592462181158
A.J. Ellis,42.0,2023,5677,C,catcher,,-14.974592462181159
Hernan Perez,26.0,2017,5751,2B,infield,-23.266666666666666,
Hernan Perez,27.0,2018,5751,2B,infield,-23.866666666666667,
Hernan Perez,28.0,2019,5751,2B,infield,-24.466666666666665,
Hernan Perez,29.0,2020,5751,2B,infield,-25.066666666666666,
Hernan Perez,30.0,2021,5751,2B,infield,-25.666666666666664,
Hernan Perez,31.0,2022,5751,2B,infield,-26.266666666666666,
Hernan Perez,32.0,2023,5751,2B,infield,-27.466666666666665,
Hernan Perez,33.0,2024,5751,2B,infield,-28.666666666666664,
Hernan Perez,34.0,2025,5751,2B,infield,-29.866666666666667,
Hernan Perez,35.0,2026,5751,2B,infield,-31.066666666666666,
Hernan Perez,36.0,2027,5751,2B,infield,-32.266666666666666,
Hernan Perez,37.0,2028,5751,2B,infield,-33.46666666666667,
Hernan Perez,38.0,2029,5751,2B,infield,-34.666666666666664,
Hernan Perez,39.0,2030,5751,2B,infield,-35.86666666666666,
Hernan Perez,40.0,2031,5751,2B,infield,-37.06666666666666,
Hernan Perez,26.0,2017,5751,3B,infield,1.4999999999999998,
Hernan Perez,27.0,2018,5751,3B,infield,0.8999999999999998,
Hernan Perez,28.0,2019,5751,3B,infield,0.2999999999999998,
Hernan Perez,29.0,2020,5751,3B,infield,-0.30000000000000004,
Hernan Perez,30.0,2021,5751,3B,infield,-0.9000000000000001,
Hernan Perez,31.0,2022,5751,3B,infield,-1.5000000000000002,
Hernan Perez,32.0,2023,5751,3B,infield,-2.7,
Hernan Perez,33.0,2024,5751,3B,infield,-3.9000000000000004,
Hernan Perez,34.0,2025,5751,3B,infield,-5.1000000000000005,
Hernan Perez,35.0,2026,5751,3B,infield,-6.300000000000001,
Hernan Perez,36.0,2027,5751,3B,infield,-7.5,
Hernan Perez,37.0,2028,5751,3B,infield,-8.7,
Hernan Perez,38.0,2029,5751,3B,infield,-9.899999999999999,
Hernan Perez,39.0,2030,5751,3B,infield,-11.099999999999998,
Hernan Perez,40.0,2031,5751,3B,infield,-12.299999999999997,
Hernan Perez,26.0,2017,5751,CF,outfield,8.1,
Hernan Perez,27.0,2018,5751,CF,outfield,7.5,
Hernan Perez,28.0,2019,5751,CF,outfield,6.8999999999999995,
Hernan Perez,29.0,2020,5751,CF,outfield,6.3,
Hernan Perez,30.0,2021,5751,CF,outfield,5.699999999999999,
Hernan Perez,31.0,2022,5751,CF,outfield,5.1,
Hernan Perez,32.0,2023,5751,CF,outfield,3.8999999999999995,
Hernan Perez,33.0,2024,5751,CF,outfield,2.6999999999999993,
Hernan Perez,34.0,2025,5751,CF,outfield,1.4999999999999991,
Hernan Perez,35.0,2026,5751,CF,outfield,0.29999999999999893,
Hernan Perez,36.0,2027,5751,CF,outfield,-0.9000000000000004,
Hernan Perez,37.0,2028,5751,CF,outfield,-2.0999999999999996,
Hernan Perez,38.0,2029,5751,CF,outfield,-3.299999999999999,
Hernan Perez,39.0,2030,5751,CF,outfield,-4.499999999999998,
Hernan Perez,40.0,2031,5751,CF,outfield,-5.6999999999999975,
Hernan Perez,26.0,2017,5751,RF,outfield,-3.0,
Hernan Perez,27.0,2018,5751,RF,outfield,-3.6,
Hernan Perez,28.0,2019,5751,RF,outfield,-4.2,
Hernan Perez,29.0,2020,5751,RF,outfield,-4.8,
Hernan Perez,30.0,2021,5751,RF,outfield,-5.4,
Hernan Perez,31.0,2022,5751,RF,outfield,-6.0,
Hernan Perez,32.0,2023,5751,RF,outfield,-7.2,
Hernan Perez,33.0,2024,5751,RF,outfield,-8.4,
Hernan Perez,34.0,2025,5751,RF,outfield,-9.600000000000001,
Hernan Perez,35.0,2026,5751,RF,outfield,-10.8,
Hernan Perez,36.0,2027,5751,RF,outfield,-12.0,
Hernan Perez,37.0,2028,5751,RF,outfield,-13.2,
Hernan Perez,38.0,2029,5751,RF,outfield,-14.399999999999999,
Hernan Perez,39.0,2030,5751,RF,outfield,-15.599999999999998,
Hernan Perez,40.0,2031,5751,RF,outfield,-16.799999999999997,
Avisail Garcia,26.0,2017,5760,LF,outfield,-0.8,
Avisail Garcia,27.0,2018,5760,LF,outfield,-1.4,
Avisail Garcia,28.0,2019,5760,LF,outfield,-2.0,
Avisail Garcia,29.0,2020,5760,LF,outfield,-2.5999999999999996,
Avisail Garcia,30.0,2021,5760,LF,outfield,-3.2,
Avisail Garcia,31.0,2022,5760,LF,outfield,-3.8,
Avisail Garcia,32.0,2023,5760,LF,outfield,-5.0,
Avisail Garcia,33.0,2024,5760,LF,outfield,-6.2,
Avisail Garcia,34.0,2025,5760,LF,outfield,-7.4,
Avisail Garcia,35.0,2026,5760,LF,outfield,-8.600000000000001,
Avisail Garcia,36.0,2027,5760,LF,outfield,-9.8,
Avisail Garcia,37.0,2028,5760,LF,outfield,-11.0,
Avisail Garcia,38.0,2029,5760,LF,outfield,-12.2,
Avisail Garcia,39.0,2030,5760,LF,outfield,-13.399999999999999,
Avisail Garcia,40.0,2031,5760,LF,outfield,-14.599999999999998,
Avisail Garcia,26.0,2017,5760,RF,outfield,3.9666666666666663,
Avisail Garcia,27.0,2018,5760,RF,outfield,3.3666666666666663,
Avisail Garcia,28.0,2019,5760,RF,outfield,2.7666666666666666,
Avisail Garcia,29.0,2020,5760,RF,outfield,2.1666666666666665,
Avisail Garcia,30.0,2021,5760,RF,outfield,1.5666666666666664,
Avisail Garcia,31.0,2022,5760,RF,outfield,0.9666666666666663,
Avisail Garcia,32.0,2023,5760,RF,outfield,-0.23333333333333384,
Avisail Garcia,33.0,2024,5760,RF,outfield,-1.433333333333334,
Avisail Garcia,34.0,2025,5760,RF,outfield,-2.633333333333334,
Avisail Garcia,35.0,2026,5760,RF,outfield,-3.8333333333333344,
Avisail Garcia,36.0,2027,5760,RF,outfield,-5.033333333333333,
Avisail Garcia,37.0,2028,5760,RF,outfield,-6.2333333333333325,
Avisail Garcia,38.0,2029,5760,RF,outfield,-7.433333333333332,
Avisail Garcia,39.0,2030,5760,RF,outfield,-8.633333333333331,
Avisail Garcia,40.0,2031,5760,RF,outfield,-9.83333333333333,
Wilmer Flores,25.0,2017,5827,1B,infield,11.4,
Wilmer Flores,26.0,2018,5827,1B,infield,11.4,
Wilmer Flores,27.0,2019,5827,1B,infield,10.8,
Wilmer Flores,28.0,2020,5827,1B,infield,10.200000000000001,
Wilmer Flores,29.0,2021,5827,1B,infield,9.600000000000001,
Wilmer Flores,30.0,2022,5827,1B,infield,9.0,
Wilmer Flores,31.0,2023,5827,1B,infield,8.4,
Wilmer Flores,32.0,2024,5827,1B,infield,7.2,
Wilmer Flores,33.0,2025,5827,1B,infield,6.0,
Wilmer Flores,34.0,2026,5827,1B,infield,4.8,
Wilmer Flores,35.0,2027,5827,1B,infield,3.5999999999999996,
Wilmer Flores,36.0,2028,5827,1B,infield,2.4000000000000004,
Wilmer Flores,37.0,2029,5827,1B,infield,1.200000000000001,
Wilmer Flores,38.0,2030,5827,1B,infield,1.7763568394002505e-15,
Wilmer Flores,39.0,2031,5827,1B,infield,-1.1999999999999975,
Wilmer Flores,25.0,2017,5827,2B,infield,-0.5499999999999989,
Wilmer Flores,26.0,2018,5827,2B,infield,-0.5499999999999989,
Wilmer Flores,27.0,2019,5827,2B,infield,-1.149999999999999,
Wilmer Flores,28.0,2020,5827,2B,infield,-1.749999999999999,
Wilmer Flores,29.0,2021,5827,2B,infield,-2.3499999999999988,
Wilmer Flores,30.0,2022,5827,2B,infield,-2.949999999999999,
Wilmer Flores,31.0,2023,5827,2B,infield,-3.549999999999999,
Wilmer Flores,32.0,2024,5827,2B,infield,-4.749999999999999,
Wilmer Flores,33.0,2025,5827,2B,infield,-5.949999999999999,
Wilmer Flores,34.0,2026,5827,2B,infield,-7.1499999999999995,
Wilmer Flores,35.0,2027,5827,2B,infield,-8.35,
Wilmer Flores,36.0,2028,5827,2B,infield,-9.549999999999999,
Wilmer Flores,37.0,2029,5827,2B,infield,-10.749999999999998,
Wilmer Flores,38.0,2030,5827,2B,infield,-11.949999999999998,
Wilmer Flores,39.0,2031,5827,2B,infield,-13.149999999999997,
Wilmer Flores,25.0,2017,5827,3B,infield,-2.5,
Wilmer Flores,26.0,2018,5827,3B,infield,-2.5,
Wilmer Flores,27.0,2019,5827,3B,infield,-3.1,
Wilmer Flores,28.0,2020,5827,3B,infield,-3.7,
Wilmer Flores,29.0,2021,5827,3B,infield,-4.3,
Wilmer Flores,30.0,2022,5827,3B,infield,-4.9,
Wilmer Flores,31.0,2023,5827,3B,infield,-5.5,
Wilmer Flores,32.0,2024,5827,3B,infield,-6.7,
Wilmer Flores,33.0,2025,5827,3B,infield,-7.9,
Wilmer Flores,34.0,2026,5827,3B,infield,-9.100000000000001,
Wilmer Flores,35.0,2027,5827,3B,infield,-10.3,
Wilmer Flores,36.0,2028,5827,3B,infield,-11.5,
Wilmer Flores,37.0,2029,5827,3B,infield,-12.7,
Wilmer Flores,38.0,2030,5827,3B,infield,-13.899999999999999,
Wilmer Flores,39.0,2031,5827,3B,infield,-15.099999999999998,
Wilmer Flores,24.0,2017,5827,SS,infield,-0.6999999999999998,
Wilmer Flores,25.0,2018,5827,SS,infield,-0.6999999999999998,
Wilmer Flores,26.0,2019,5827,SS,infield,-0.6999999999999998,
Wilmer Flores,27.0,2020,5827,SS,infield,-1.2999999999999998,
Wilmer Flores,28.0,2021,5827,SS,infield,-1.9,
Wilmer Flores,29.0,2022,5827,SS,infield,-2.4999999999999996,
Wilmer Flores,30.0,2023,5827,SS,infield,-3.0999999999999996,
Wilmer Flores,31.0,2024,5827,SS,infield,-3.6999999999999997,
Wilmer Flores,32.0,2025,5827,SS,infield,-4.9,
Wilmer Flores,33.0,2026,5827,SS,infield,-6.1000000000000005,
Wilmer Flores,34.0,2027,5827,SS,infield,-7.300000000000001,
Wilmer Flores,35.0,2028,5827,SS,infield,-8.5,
Wilmer Flores,36.0,2029,5827,SS,infield,-9.7,
Wilmer Flores,37.0,2030,5827,SS,infield,-10.899999999999999,
Wilmer Flores,38.0,2031,5827,SS,infield,-12.099999999999998,
John Jaso,33.0,2017,5887,1B,infield,-2.0,
John Jaso,34.0,2018,5887,1B,infield,-3.2,
John Jaso,35.0,2019,5887,1B,infield,-4.3999999999999995,
John Jaso,36.0,2020,5887,1B,infield,-5.6,
John Jaso,37.0,2021,5887,1B,infield,-6.8,
John Jaso,38.0,2022,5887,1B,infield,-8.0,
John Jaso,39.0,2023,5887,1B,infield,-9.200000000000001,
John Jaso,40.0,2024,5887,1B,infield,-10.4,
John Jaso,41.0,2025,5887,1B,infield,-11.6,
John Jaso,42.0,2026,5887,1B,infield,-12.799999999999999,
John Jaso,31.0,2017,5887,C,catcher,,-21.31611253196931
John Jaso,32.0,2018,5887,C,catcher,,-22.51611253196931
John Jaso,33.0,2019,5887,C,catcher,,-23.71611253196931
John Jaso,34.0,2020,5887,C,catcher,,-24.916112531969308
John Jaso,35.0,2021,5887,C,catcher,,-26.116112531969307
John Jaso,36.0,2022,5887,C,catcher,,-27.31611253196931
John Jaso,37.0,2023,5887,C,catcher,,-28.51611253196931
John Jaso,38.0,2024,5887,C,catcher,,-29.71611253196931
John Jaso,39.0,2025,5887,C,catcher,,-30.916112531969308
John Jaso,40.0,2026,5887,C,catcher,,-32.11611253196931
John Jaso,41.0,2027,5887,C,catcher,,-33.31611253196931
John Jaso,42.0,2028,5887,C,catcher,,-34.516112531969306
Cole Gillespie,32.0,2017,5888,CF,outfield,-5.8,
Cole Gillespie,33.0,2018,5888,CF,outfield,-7.0,
Cole Gillespie,34.0,2019,5888,CF,outfield,-8.2,
Cole Gillespie,35.0,2020,5888,CF,outfield,-9.399999999999999,
Cole Gillespie,36.0,2021,5888,CF,outfield,-10.6,
Cole Gillespie,37.0,2022,5888,CF,outfield,-11.8,
Cole Gillespie,38.0,2023,5888,CF,outfield,-13.0,
Cole Gillespie,39.0,2024,5888,CF,outfield,-14.2,
Cole Gillespie,40.0,2025,5888,CF,outfield,-15.399999999999999,
Cole Gillespie,41.0,2026,5888,CF,outfield,-16.599999999999998,
Cole Gillespie,42.0,2027,5888,CF,outfield,-17.799999999999997,
Cole Gillespie,31.0,2017,5888,LF,outfield,-35.5,
Cole Gillespie,32.0,2018,5888,LF,outfield,-36.699999999999996,
Cole Gillespie,33.0,2019,5888,LF,outfield,-37.9,
Cole Gillespie,34.0,2020,5888,LF,outfield,-39.1,
Cole Gillespie,35.0,2021,5888,LF,outfield,-40.3,
Cole Gillespie,36.0,2022,5888,LF,outfield,-41.5,
Cole Gillespie,37.0,2023,5888,LF,outfield,-42.7,
Cole Gillespie,38.0,2024,5888,LF,outfield,-43.9,
Cole Gillespie,39.0,2025,5888,LF,outfield,-45.099999999999994,
Cole Gillespie,40.0,2026,5888,LF,outfield,-46.3,
Cole Gillespie,41.0,2027,5888,LF,outfield,-47.5,
Cole Gillespie,42.0,2028,5888,LF,outfield,-48.699999999999996,
Cole Gillespie,32.0,2017,5888,RF,outfield,-24.933333333333334,
Cole Gillespie,33.0,2018,5888,RF,outfield,-26.133333333333333,
Cole Gillespie,34.0,2019,5888,RF,outfield,-27.333333333333336,
Cole Gillespie,35.0,2020,5888,RF,outfield,-28.533333333333335,
Cole Gillespie,36.0,2021,5888,RF,outfield,-29.733333333333334,
Cole Gillespie,37.0,2022,5888,RF,outfield,-30.933333333333334,
Cole Gillespie,38.0,2023,5888,RF,outfield,-32.13333333333333,
Cole Gillespie,39.0,2024,5888,RF,outfield,-33.333333333333336,
Cole Gillespie,40.0,2025,5888,RF,outfield,-34.53333333333333,
Cole Gillespie,41.0,2026,5888,RF,outfield,-35.733333333333334,
Cole Gillespie,42.0,2027,5888,RF,outfield,-36.93333333333333,
Leury Garcia,24.0,2017,5913,2B,infield,-7.9,
Leury Garcia,25.0,2018,5913,2B,infield,-7.9,
Leury Garcia,26.0,2019,5913,2B,infield,-7.9,
Leury Garcia,27.0,2020,5913,2B,infield,-8.5,
Leury Garcia,28.0,2021,5913,2B,infield,-9.1,
Leury Garcia,29.0,2022,5913,2B,infield,-9.7,
Leury Garcia,30.0,2023,5913,2B,infield,-10.3,
Leury Garcia,31.0,2024,5913,2B,infield,-10.9,
Leury Garcia,32.0,2025,5913,2B,infield,-12.100000000000001,
Leury Garcia,33.0,2026,5913,2B,infield,-13.3,
Leury Garcia,34.0,2027,5913,2B,infield,-14.5,
Leury Garcia,35.0,2028,5913,2B,infield,-15.700000000000001,
Leury Garcia,36.0,2029,5913,2B,infield,-16.9,
Leury Garcia,37.0,2030,5913,2B,infield,-18.1,
Leury Garcia,38.0,2031,5913,2B,infield,-19.299999999999997,
Leury Garcia,24.0,2017,5913,3B,infield,-4.5,
Leury Garcia,25.0,2018,5913,3B,infield,-4.5,
Leury Garcia,26.0,2019,5913,3B,infield,-4.5,
Leury Garcia,27.0,2020,5913,3B,infield,-5.1,
Leury Garcia,28.0,2021,5913,3B,infield,-5.7,
Leury Garcia,29.0,2022,5913,3B,infield,-6.3,
Leury Garcia,30.0,2023,5913,3B,infield,-6.9,
Leury Garcia,31.0,2024,5913,3B,infield,-7.5,
Leury Garcia,32.0,2025,5913,3B,infield,-8.7,
Leury Garcia,33.0,2026,5913,3B,infield,-9.9,
Leury Garcia,34.0,2027,5913,3B,infield,-11.100000000000001,
Leury Garcia,35.0,2028,5913,3B,infield,-12.3,
Leury Garcia,36.0,2029,5913,3B,infield,-13.5,
Leury Garcia,37.0,2030,5913,3B,infield,-14.7,
Leury Garcia,38.0,2031,5913,3B,infield,-15.899999999999999,
Leury Garcia,26.0,2017,5913,CF,outfield,-15.524999999999999,
Leury Garcia,27.0,2018,5913,CF,outfield,-16.125,
Leury Garcia,28.0,2019,5913,CF,outfield,-16.724999999999998,
Leury Garcia,29.0,2020,5913,CF,outfield,-17.325,
Leury Garcia,30.0,2021,5913,CF,outfield,-17.924999999999997,
Leury Garcia,31.0,2022,5913,CF,outfield,-18.525,
Leury Garcia,32.0,2023,5913,CF,outfield,-19.724999999999998,
Leury Garcia,33.0,2024,5913,CF,outfield,-20.924999999999997,
Leury Garcia,34.0,2025,5913,CF,outfield,-22.125,
Leury Garcia,35.0,2026,5913,CF,outfield,-23.325,
Leury Garcia,36.0,2027,5913,CF,outfield,-24.525,
Leury Garcia,37.0,2028,5913,CF,outfield,-25.724999999999998,
Leury Garcia,38.0,2029,5913,CF,outfield,-26.924999999999997,
Leury Garcia,39.0,2030,5913,CF,outfield,-28.124999999999996,
Leury Garcia,40.0,2031,5913,CF,outfield,-29.324999999999996,
Daric Barton,29.0,2017,5928,1B,infield,1.2999999999999998,
Daric Barton,30.0,2018,5928,1B,infield,0.7,
Daric Barton,31.0,2019,5928,1B,infield,0.10000000000000009,
Daric Barton,32.0,2020,5928,1B,infield,-1.1,
Daric Barton,33.0,2021,5928,1B,infield,-2.3000000000000003,
Daric Barton,34.0,2022,5928,1B,infield,-3.5000000000000004,
Daric Barton,35.0,2023,5928,1B,infield,-4.700000000000001,
Daric Barton,36.0,2024,5928,1B,infield,-5.9,
Daric Barton,37.0,2025,5928,1B,infield,-7.1,
Daric Barton,38.0,2026,5928,1B,infield,-8.299999999999999,
Daric Barton,39.0,2027,5928,1B,infield,-9.499999999999998,
Daric Barton,40.0,2028,5928,1B,infield,-10.699999999999998,
Daric Barton,41.0,2029,5928,1B,infield,-11.899999999999997,
Daric Barton,42.0,2030,5928,1B,infield,-13.099999999999996,
Nick Markakis,33.0,2017,5930,RF,outfield,-0.7999999999999998,
Nick Markakis,34.0,2018,5930,RF,outfield,-1.9999999999999998,
Nick Markakis,35.0,2019,5930,RF,outfield,-3.1999999999999997,
Nick Markakis,36.0,2020,5930,RF,outfield,-4.3999999999999995,
Nick Markakis,37.0,2021,5930,RF,outfield,-5.6,
Nick Markakis,38.0,2022,5930,RF,outfield,-6.8,
Nick Markakis,39.0,2023,5930,RF,outfield,-8.0,
Nick Markakis,40.0,2024,5930,RF,outfield,-9.2,
Nick Markakis,41.0,2025,5930,RF,outfield,-10.399999999999999,
Nick Markakis,42.0,2026,5930,RF,outfield,-11.599999999999998,
Jean Segura,27.0,2017,5933,2B,infield,-3.0,
Jean Segura,28.0,2018,5933,2B,infield,-3.5999999999999996,
Jean Segura,29.0,2019,5933,2B,infield,-4.199999999999999,
Jean Segura,30.0,2020,5933,2B,infield,-4.8,
Jean Segura,31.0,2021,5933,2B,infield,-5.4,
Jean Segura,32.0,2022,5933,2B,infield,-6.6,
Jean Segura,33.0,2023,5933,2B,infield,-7.800000000000001,
Jean Segura,34.0,2024,5933,2B,infield,-9.0,
Jean Segura,35.0,2025,5933,2B,infield,-10.200000000000001,
Jean Segura,36.0,2026,5933,2B,infield,-11.4,
Jean Segura,37.0,2027,5933,2B,infield,-12.6,
Jean Segura,38.0,2028,5933,2B,infield,-13.799999999999999,
Jean Segura,39.0,2029,5933,2B,infield,-14.999999999999998,
Jean Segura,40.0,2030,5933,2B,infield,-16.199999999999996,
Jean Segura,41.0,2031,5933,2B,infield,-17.399999999999995,
Jean Segura,27.0,2017,5933,SS,infield,-2.4833333333333334,
Jean Segura,28.0,2018,5933,SS,infield,-3.0833333333333335,
Jean Segura,29.0,2019,5933,SS,infield,-3.6833333333333336,
Jean Segura,30.0,2020,5933,SS,infield,-4.283333333333333,
Jean Segura,31.0,2021,5933,SS,infield,-4.883333333333334,
Jean Segura,32.0,2022,5933,SS,infield,-6.083333333333334,
Jean Segura,33.0,2023,5933,SS,infield,-7.283333333333334,
Jean Segura,34.0,2024,5933,SS,infield,-8.483333333333334,
Jean Segura,35.0,2025,5933,SS,infield,-9.683333333333334,
Jean Segura,36.0,2026,5933,SS,infield,-10.883333333333333,
Jean Segura,37.0,2027,5933,SS,infield,-12.083333333333332,
Jean Segura,38.0,2028,5933,SS,infield,-13.283333333333331,
Jean Segura,39.0,2029,5933,SS,infield,-14.48333333333333,
Jean Segura,40.0,2030,5933,SS,infield,-15.68333333333333,
Jean Segura,41.0,2031,5933,SS,infield,-16.88333333333333,
Jesus Sucre,29.0,2017,5942,C,catcher,,-5.3399268003165385
Jesus Sucre,30.0,2018,5942,C,catcher,,-5.939926800316539
Jesus Sucre,31.0,2019,5942,C,catcher,,-6.539926800316539
Jesus Sucre,32.0,2020,5942,C,catcher,,-7.739926800316539
Jesus Sucre,33.0,2021,5942,C,catcher,,-8.939926800316538
Jesus Sucre,34.0,2022,5942,C,catcher,,-10.13992680031654
Jesus Sucre,35.0,2023,5942,C,catcher,,-11.33992680031654
Jesus Sucre,36.0,2024,5942,C,catcher,,-12.53992680031654
Jesus Sucre,37.0,2025,5942,C,catcher,,-13.739926800316539
Jesus Sucre,38.0,2026,5942,C,catcher,,-14.939926800316538
Jesus Sucre,39.0,2027,5942,C,catcher,,-16.139926800316537
Jesus Sucre,40.0,2028,5942,C,catcher,,-17.339926800316537
Jesus Sucre,41.0,2029,5942,C,catcher,,-18.539926800316536
Jesus Sucre,42.0,2030,5942,C,catcher,,-19.739926800316535
Ian Stewart,30.0,2017,5950,3B,infield,-25.8,
Ian Stewart,31.0,2018,5950,3B,infield,-26.4,
Ian Stewart,32.0,2019,5950,3B,infield,-27.599999999999998,
Ian Stewart,33.0,2020,5950,3B,infield,-28.799999999999997,
Ian Stewart,34.0,2021,5950,3B,infield,-30.0,
Ian Stewart,35.0,2022,5950,3B,infield,-31.2,
Ian Stewart,36.0,2023,5950,3B,infield,-32.4,
Ian Stewart,37.0,2024,5950,3B,infield,-33.6,
Ian Stewart,38.0,2025,5950,3B,infield,-34.8,
Ian Stewart,39.0,2026,5950,3B,infield,-36.0,
Ian Stewart,40.0,2027,5950,3B,infield,-37.199999999999996,
Ian Stewart,41.0,2028,5950,3B,infield,-38.4,
Ian Stewart,42.0,2029,5950,3B,infield,-39.599999999999994,
Mike Aviles,36.0,2017,5986,2B,infield,8.65,
Mike Aviles,37.0,2018,5986,2B,infield,7.449999999999999,
Mike Aviles,38.0,2019,5986,2B,infield,6.25,
Mike Aviles,39.0,2020,5986,2B,infield,5.05,
Mike Aviles,40.0,2021,5986,2B,infield,3.8499999999999996,
Mike Aviles,41.0,2022,5986,2B,infield,2.6499999999999995,
Mike Aviles,42.0,2023,5986,2B,infield,1.4499999999999993,
Mike Aviles,36.0,2017,5986,3B,infield,-37.166666666666664,
Mike Aviles,37.0,2018,5986,3B,infield,-38.36666666666666,
Mike Aviles,38.0,2019,5986,3B,infield,-39.56666666666666,
Mike Aviles,39.0,2020,5986,3B,infield,-40.76666666666666,
Mike Aviles,40.0,2021,5986,3B,infield,-41.96666666666666,
Mike Aviles,41.0,2022,5986,3B,infield,-43.166666666666664,
Mike Aviles,42.0,2023,5986,3B,infield,-44.36666666666666,
Mike Aviles,35.0,2017,5986,LF,outfield,-2.2333333333333334,
Mike Aviles,36.0,2018,5986,LF,outfield,-3.433333333333333,
Mike Aviles,37.0,2019,5986,LF,outfield,-4.633333333333333,
Mike Aviles,38.0,2020,5986,LF,outfield,-5.833333333333333,
Mike Aviles,39.0,2021,5986,LF,outfield,-7.033333333333333,
Mike Aviles,40.0,2022,5986,LF,outfield,-8.233333333333334,
Mike Aviles,41.0,2023,5986,LF,outfield,-9.433333333333334,
Mike Aviles,42.0,2024,5986,LF,outfield,-10.633333333333333,
Mike Aviles,36.0,2017,5986,RF,outfield,-18.0,
Mike Aviles,37.0,2018,5986,RF,outfield,-19.2,
Mike Aviles,38.0,2019,5986,RF,outfield,-20.4,
Mike Aviles,39.0,2020,5986,RF,outfield,-21.6,
Mike Aviles,40.0,2021,5986,RF,outfield,-22.8,
Mike Aviles,41.0,2022,5986,RF,outfield,-24.0,
Mike Aviles,42.0,2023,5986,RF,outfield,-25.200000000000003,
Mike Aviles,35.0,2017,5986,SS,infield,-2.1000000000000005,
Mike Aviles,36.0,2018,5986,SS,infield,-3.3000000000000003,
Mike Aviles,37.0,2019,5986,SS,infield,-4.5,
Mike Aviles,38.0,2020,5986,SS,infield,-5.7,
Mike Aviles,39.0,2021,5986,SS,infield,-6.9,
Mike Aviles,40.0,2022,5986,SS,infield,-8.100000000000001,
Mike Aviles,41.0,2023,5986,SS,infield,-9.3,
Mike Aviles,42.0,2024,5986,SS,infield,-10.5,
Kevin Kouzmanoff,33.0,2017,5995,3B,infield,-14.7,
Kevin Kouzmanoff,34.0,2018,5995,3B,infield,-15.9,
Kevin Kouzmanoff,35.0,2019,5995,3B,infield,-17.1,
Kevin Kouzmanoff,36.0,2020,5995,3B,infield,-18.3,
Kevin Kouzmanoff,37.0,2021,5995,3B,infield,-19.5,
Kevin Kouzmanoff,38.0,2022,5995,3B,infield,-20.7,
Kevin Kouzmanoff,39.0,2023,5995,3B,infield,-21.9,
Kevin Kouzmanoff,40.0,2024,5995,3B,infield,-23.1,
Kevin Kouzmanoff,41.0,2025,5995,3B,infield,-24.299999999999997,
Kevin Kouzmanoff,42.0,2026,5995,3B,infield,-25.5,
Reynaldo Navarro,26.0,2017,6008,2B,infield,-14.6,
Reynaldo Navarro,27.0,2018,6008,2B,infield,-15.2,
Reynaldo Navarro,28.0,2019,6008,2B,infield,-15.799999999999999,
Reynaldo Navarro,29.0,2020,6008,2B,infield,-16.4,
Reynaldo Navarro,30.0,2021,6008,2B,infield,-17.0,
Reynaldo Navarro,31.0,2022,6008,2B,infield,-17.6,
Reynaldo Navarro,32.0,2023,6008,2B,infield,-18.8,
Reynaldo Navarro,33.0,2024,6008,2B,infield,-20.0,
Reynaldo Navarro,34.0,2025,6008,2B,infield,-21.2,
Reynaldo Navarro,35.0,2026,6008,2B,infield,-22.4,
Reynaldo Navarro,36.0,2027,6008,2B,infield,-23.6,
Reynaldo Navarro,37.0,2028,6008,2B,infield,-24.799999999999997,
Reynaldo Navarro,38.0,2029,6008,2B,infield,-26.0,
Reynaldo Navarro,39.0,2030,6008,2B,infield,-27.199999999999996,
Reynaldo Navarro,40.0,2031,6008,2B,infield,-28.4,
Didi Gregorius,25.0,2017,6012,2B,infield,-13.5,
Didi Gregorius,26.0,2018,6012,2B,infield,-13.5,
Didi Gregorius,27.0,2019,6012,2B,infield,-14.1,
Didi Gregorius,28.0,2020,6012,2B,infield,-14.7,
Didi Gregorius,29.0,2021,6012,2B,infield,-15.3,
Didi Gregorius,30.0,2022,6012,2B,infield,-15.9,
Didi Gregorius,31.0,2023,6012,2B,infield,-16.5,
Didi Gregorius,32.0,2024,6012,2B,infield,-17.7,
Didi Gregorius,33.0,2025,6012,2B,infield,-18.9,
Didi Gregorius,34.0,2026,6012,2B,infield,-20.1,
Didi Gregorius,35.0,2027,6012,2B,infield,-21.3,
Didi Gregorius,36.0,2028,6012,2B,infield,-22.5,
Didi Gregorius,37.0,2029,6012,2B,infield,-23.7,
Didi Gregorius,38.0,2030,6012,2B,infield,-24.9,
Didi Gregorius,39.0,2031,6012,2B,infield,-26.099999999999998,
Didi Gregorius,27.0,2017,6012,SS,infield,-0.6833333333333333,
Didi Gregorius,28.0,2018,6012,SS,infield,-1.2833333333333332,
Didi Gregorius,29.0,2019,6012,SS,infield,-1.883333333333333,
Didi Gregorius,30.0,2020,6012,SS,infield,-2.4833333333333334,
Didi Gregorius,31.0,2021,6012,SS,infield,-3.0833333333333335,
Didi Gregorius,32.0,2022,6012,SS,infield,-4.283333333333333,
Didi Gregorius,33.0,2023,6012,SS,infield,-5.483333333333333,
Didi Gregorius,34.0,2024,6012,SS,infield,-6.683333333333334,
Didi Gregorius,35.0,2025,6012,SS,infield,-7.883333333333334,
Didi Gregorius,36.0,2026,6012,SS,infield,-9.083333333333334,
Didi Gregorius,37.0,2027,6012,SS,infield,-10.283333333333333,
Didi Gregorius,38.0,2028,6012,SS,infield,-11.483333333333333,
Didi Gregorius,39.0,2029,6012,SS,infield,-12.683333333333332,
Didi Gregorius,40.0,2030,6012,SS,infield,-13.883333333333331,
Didi Gregorius,41.0,2031,6012,SS,infield,-15.08333333333333,
Cristhian Adames,25.0,2017,6013,2B,infield,-20.8,
Cristhian Adames,26.0,2018,6013,2B,infield,-20.8,
Cristhian Adames,27.0,2019,6013,2B,infield,-21.400000000000002,
Cristhian Adames,28.0,2020,6013,2B,infield,-22.0,
Cristhian Adames,29.0,2021,6013,2B,infield,-22.6,
Cristhian Adames,30.0,2022,6013,2B,infield,-23.2,
Cristhian Adames,31.0,2023,6013,2B,infield,-23.8,
Cristhian Adames,32.0,2024,6013,2B,infield,-25.0,
Cristhian Adames,33.0,2025,6013,2B,infield,-26.200000000000003,
Cristhian Adames,34.0,2026,6013,2B,infield,-27.400000000000002,
Cristhian Adames,35.0,2027,6013,2B,infield,-28.6,
Cristhian Adames,36.0,2028,6013,2B,infield,-29.8,
Cristhian Adames,37.0,2029,6013,2B,infield,-31.0,
Cristhian Adames,38.0,2030,6013,2B,infield,-32.2,
Cristhian Adames,39.0,2031,6013,2B,infield,-33.4,
Cristhian Adames,25.0,2017,6013,SS,infield,-12.299999999999999,
Cristhian Adames,26.0,2018,6013,SS,infield,-12.299999999999999,
Cristhian Adames,27.0,2019,6013,SS,infield,-12.899999999999999,
Cristhian Adames,28.0,2020,6013,SS,infield,-13.499999999999998,
Cristhian Adames,29.0,2021,6013,SS,infield,-14.099999999999998,
Cristhian Adames,30.0,2022,6013,SS,infield,-14.7,
Cristhian Adames,31.0,2023,6013,SS,infield,-15.299999999999999,
Cristhian Adames,32.0,2024,6013,SS,infield,-16.5,
Cristhian Adames,33.0,2025,6013,SS,infield,-17.7,
Cristhian Adames,34.0,2026,6013,SS,infield,-18.9,
Cristhian Adames,35.0,2027,6013,SS,infield,-20.1,
Cristhian Adames,36.0,2028,6013,SS,infield,-21.299999999999997,
Cristhian Adames,37.0,2029,6013,SS,infield,-22.5,
Cristhian Adames,38.0,2030,6013,SS,infield,-23.699999999999996,
Cristhian Adames,39.0,2031,6013,SS,infield,-24.9,
David Murphy,34.0,2017,6035,LF,outfield,-5.6000000000000005,
David Murphy,35.0,2018,6035,LF,outfield,-6.800000000000001,
David Murphy,36.0,2019,6035,LF,outfield,-8.0,
David Murphy,37.0,2020,6035,LF,outfield,-9.2,
David Murphy,38.0,2021,6035,LF,outfield,-10.4,
David Murphy,39.0,2022,6035,LF,outfield,-11.600000000000001,
David Murphy,40.0,2023,6035,LF,outfield,-12.8,
David Murphy,41.0,2024,6035,LF,outfield,-14.0,
David Murphy,42.0,2025,6035,LF,outfield,-15.2,
David Murphy,34.0,2017,6035,RF,outfield,-20.766666666666666,
David Murphy,35.0,2018,6035,RF,outfield,-21.966666666666665,
David Murphy,36.0,2019,6035,RF,outfield,-23.166666666666664,
David Murphy,37.0,2020,6035,RF,outfield,-24.366666666666667,
David Murphy,38.0,2021,6035,RF,outfield,-25.566666666666666,
David Murphy,39.0,2022,6035,RF,outfield,-26.766666666666666,
David Murphy,40.0,2023,6035,RF,outfield,-27.96666666666667,
David Murphy,41.0,2024,6035,RF,outfield,-29.166666666666664,
David Murphy,42.0,2025,6035,RF,outfield,-30.366666666666667,
Moises Sierra,26.0,2017,6050,RF,outfield,3.3,
Moises Sierra,27.0,2018,6050,RF,outfield,2.6999999999999997,
Moises Sierra,28.0,2019,6050,RF,outfield,2.0999999999999996,
Moises Sierra,29.0,2020,6050,RF,outfield,1.5,
Moises Sierra,30.0,2021,6050,RF,outfield,0.8999999999999999,
Moises Sierra,31.0,2022,6050,RF,outfield,0.2999999999999998,
Moises Sierra,32.0,2023,6050,RF,outfield,-0.9000000000000004,
Moises Sierra,33.0,2024,6050,RF,outfield,-2.1000000000000005,
Moises Sierra,34.0,2025,6050,RF,outfield,-3.3000000000000007,
Moises Sierra,35.0,2026,6050,RF,outfield,-4.500000000000001,
Moises Sierra,36.0,2027,6050,RF,outfield,-5.7,
Moises Sierra,37.0,2028,6050,RF,outfield,-6.8999999999999995,
Moises Sierra,38.0,2029,6050,RF,outfield,-8.099999999999998,
Moises Sierra,39.0,2030,6050,RF,outfield,-9.299999999999997,
Moises Sierra,40.0,2031,6050,RF,outfield,-10.499999999999996,
Brad Snyder,33.0,2017,6052,1B,infield,14.900000000000002,
Brad Snyder,34.0,2018,6052,1B,infield,13.700000000000001,
Brad Snyder,35.0,2019,6052,1B,infield,12.500000000000002,
Brad Snyder,36.0,2020,6052,1B,infield,11.3,
Brad Snyder,37.0,2021,6052,1B,infield,10.100000000000001,
Brad Snyder,38.0,2022,6052,1B,infield,8.900000000000002,
Brad Snyder,39.0,2023,6052,1B,infield,7.700000000000001,
Brad Snyder,40.0,2024,6052,1B,infield,6.500000000000002,
Brad Snyder,41.0,2025,6052,1B,infield,5.3000000000000025,
Brad Snyder,42.0,2026,6052,1B,infield,4.100000000000003,
Brendan Ryan,34.0,2017,6073,2B,infield,-3.299999999999999,
Brendan Ryan,35.0,2018,6073,2B,infield,-4.499999999999999,
Brendan Ryan,36.0,2019,6073,2B,infield,-5.699999999999999,
Brendan Ryan,37.0,2020,6073,2B,infield,-6.899999999999999,
Brendan Ryan,38.0,2021,6073,2B,infield,-8.1,
Brendan Ryan,39.0,2022,6073,2B,infield,-9.299999999999999,
Brendan Ryan,40.0,2023,6073,2B,infield,-10.5,
Brendan Ryan,41.0,2024,6073,2B,infield,-11.7,
Brendan Ryan,42.0,2025,6073,2B,infield,-12.899999999999999,
Brendan Ryan,34.0,2017,6073,3B,infield,-6.0,
Brendan Ryan,35.0,2018,6073,3B,infield,-7.199999999999999,
Brendan Ryan,36.0,2019,6073,3B,infield,-8.399999999999999,
Brendan Ryan,37.0,2020,6073,3B,infield,-9.6,
Brendan Ryan,38.0,2021,6073,3B,infield,-10.8,
Brendan Ryan,39.0,2022,6073,3B,infield,-12.0,
Brendan Ryan,40.0,2023,6073,3B,infield,-13.2,
Brendan Ryan,41.0,2024,6073,3B,infield,-14.399999999999999,
Brendan Ryan,42.0,2025,6073,3B,infield,-15.599999999999998,
Brendan Ryan,33.0,2017,6073,SS,infield,-4.0,
Brendan Ryan,34.0,2018,6073,SS,infield,-5.199999999999999,
Brendan Ryan,35.0,2019,6073,SS,infield,-6.3999999999999995,
Brendan Ryan,36.0,2020,6073,SS,infield,-7.6,
Brendan Ryan,37.0,2021,6073,SS,infield,-8.8,
Brendan Ryan,38.0,2022,6073,SS,infield,-10.0,
Brendan Ryan,39.0,2023,6073,SS,infield,-11.2,
Brendan Ryan,40.0,2024,6073,SS,infield,-12.399999999999999,
Brendan Ryan,41.0,2025,6073,SS,infield,-13.599999999999998,
Brendan Ryan,42.0,2026,6073,SS,infield,-14.799999999999997,
Casey McGehee,33.0,2017,6086,1B,infield,-7.2,
Casey McGehee,34.0,2018,6086,1B,infield,-8.4,
Casey McGehee,35.0,2019,6086,1B,infield,-9.6,
Casey McGehee,36.0,2020,6086,1B,infield,-10.8,
Casey McGehee,37.0,2021,6086,1B,infield,-12.0,
Casey McGehee,38.0,2022,6086,1B,infield,-13.2,
Casey McGehee,39.0,2023,6086,1B,infield,-14.4,
Casey McGehee,40.0,2024,6086,1B,infield,-15.6,
Casey McGehee,41.0,2025,6086,1B,infield,-16.799999999999997,
Casey McGehee,42.0,2026,6086,1B,infield,-18.0,
Casey McGehee,34.0,2017,6086,3B,infield,2.2333333333333334,
Casey McGehee,35.0,2018,6086,3B,infield,1.0333333333333337,
Casey McGehee,36.0,2019,6086,3B,infield,-0.16666666666666607,
Casey McGehee,37.0,2020,6086,3B,infield,-1.3666666666666663,
Casey McGehee,38.0,2021,6086,3B,infield,-2.5666666666666664,
Casey McGehee,39.0,2022,6086,3B,infield,-3.7666666666666666,
Casey McGehee,40.0,2023,6086,3B,infield,-4.966666666666667,
Casey McGehee,41.0,2024,6086,3B,infield,-6.166666666666666,
Casey McGehee,42.0,2025,6086,3B,infield,-7.366666666666665,
Aaron Hill,35.0,2017,6104,2B,infield,-5.483333333333333,
Aaron Hill,36.0,2018,6104,2B,infield,-6.683333333333334,
Aaron Hill,37.0,2019,6104,2B,infield,-7.883333333333333,
Aaron Hill,38.0,2020,6104,2B,infield,-9.083333333333332,
Aaron Hill,39.0,2021,6104,2B,infield,-10.283333333333333,
Aaron Hill,40.0,2022,6104,2B,infield,-11.483333333333334,
Aaron Hill,41.0,2023,6104,2B,infield,-12.683333333333334,
Aaron Hill,42.0,2024,6104,2B,infield,-13.883333333333333,
Aaron Hill,35.0,2017,6104,3B,infield,-3.05,
Aaron Hill,36.0,2018,6104,3B,infield,-4.25,
Aaron Hill,37.0,2019,6104,3B,infield,-5.449999999999999,
Aaron Hill,38.0,2020,6104,3B,infield,-6.6499999999999995,
Aaron Hill,39.0,2021,6104,3B,infield,-7.85,
Aaron Hill,40.0,2022,6104,3B,infield,-9.05,
Aaron Hill,41.0,2023,6104,3B,infield,-10.25,
Aaron Hill,42.0,2024,6104,3B,infield,-11.45,
Tony Gwynn,32.0,2017,6141,CF,outfield,-7.7,
Tony Gwynn,33.0,2018,6141,CF,outfield,-8.9,
Tony Gwynn,34.0,2019,6141,CF,outfield,-10.1,
Tony Gwynn,35.0,2020,6141,CF,outfield,-11.3,
Tony Gwynn,36.0,2021,6141,CF,outfield,-12.5,
Tony Gwynn,37.0,2022,6141,CF,outfield,-13.7,
Tony Gwynn,38.0,2023,6141,CF,outfield,-14.9,
Tony Gwynn,39.0,2024,6141,CF,outfield,-16.1,
Tony Gwynn,40.0,2025,6141,CF,outfield,-17.299999999999997,
Tony Gwynn,41.0,2026,6141,CF,outfield,-18.5,
Tony Gwynn,42.0,2027,6141,CF,outfield,-19.699999999999996,
Eduardo Escobar,26.0,2017,6153,2B,infield,-24.1,
Eduardo Escobar,27.0,2018,6153,2B,infield,-24.700000000000003,
Eduardo Escobar,28.0,2019,6153,2B,infield,-25.3,
Eduardo Escobar,29.0,2020,6153,2B,infield,-25.900000000000002,
Eduardo Escobar,30.0,2021,6153,2B,infield,-26.5,
Eduardo Escobar,31.0,2022,6153,2B,infield,-27.1,
Eduardo Escobar,32.0,2023,6153,2B,infield,-28.3,
Eduardo Escobar,33.0,2024,6153,2B,infield,-29.5,
Eduardo Escobar,34.0,2025,6153,2B,infield,-30.700000000000003,
Eduardo Escobar,35.0,2026,6153,2B,infield,-31.900000000000002,
Eduardo Escobar,36.0,2027,6153,2B,infield,-33.1,
Eduardo Escobar,37.0,2028,6153,2B,infield,-34.3,
Eduardo Escobar,38.0,2029,6153,2B,infield,-35.5,
Eduardo Escobar,39.0,2030,6153,2B,infield,-36.7,
Eduardo Escobar,40.0,2031,6153,2B,infield,-37.9,
Eduardo Escobar,28.0,2017,6153,3B,infield,10.299999999999999,
Eduardo Escobar,29.0,2018,6153,3B,infield,9.7,
Eduardo Escobar,30.0,2019,6153,3B,infield,9.099999999999998,
Eduardo Escobar,31.0,2020,6153,3B,infield,8.499999999999998,
Eduardo Escobar,32.0,2021,6153,3B,infield,7.299999999999999,
Eduardo Escobar,33.0,2022,6153,3B,infield,6.099999999999999,
Eduardo Escobar,34.0,2023,6153,3B,infield,4.899999999999999,
Eduardo Escobar,35.0,2024,6153,3B,infield,3.6999999999999984,
Eduardo Escobar,36.0,2025,6153,3B,infield,2.4999999999999982,
Eduardo Escobar,37.0,2026,6153,3B,infield,1.299999999999999,
Eduardo Escobar,38.0,2027,6153,3B,infield,0.09999999999999964,
Eduardo Escobar,39.0,2028,6153,3B,infield,-1.0999999999999996,
Eduardo Escobar,40.0,2029,6153,3B,infield,-2.299999999999999,
Eduardo Escobar,41.0,2030,6153,3B,infield,-3.4999999999999982,
Eduardo Escobar,42.0,2031,6153,3B,infield,-4.6999999999999975,
Eduardo Escobar,27.0,2017,6153,LF,outfield,-3.0,
Eduardo Escobar,28.0,2018,6153,LF,outfield,-3.5999999999999996,
Eduardo Escobar,29.0,2019,6153,LF,outfield,-4.199999999999999,
Eduardo Escobar,30.0,2020,6153,LF,outfield,-4.8,
Eduardo Escobar,31.0,2021,6153,LF,outfield,-5.4,
Eduardo Escobar,32.0,2022,6153,LF,outfield,-6.6,
Eduardo Escobar,33.0,2023,6153,LF,outfield,-7.800000000000001,
Eduardo Escobar,34.0,2024,6153,LF,outfield,-9.0,
Eduardo Escobar,35.0,2025,6153,LF,outfield,-10.200000000000001,
Eduardo Escobar,36.0,2026,6153,LF,outfield,-11.4,
Eduardo Escobar,37.0,2027,6153,LF,outfield,-12.6,
Eduardo Escobar,38.0,2028,6153,LF,outfield,-13.799999999999999,
Eduardo Escobar,39.0,2029,6153,LF,outfield,-14.999999999999998,
Eduardo Escobar,40.0,2030,6153,LF,outfield,-16.199999999999996,
Eduardo Escobar,41.0,2031,6153,LF,outfield,-17.399999999999995,
Eduardo Escobar,28.0,2017,6153,SS,infield,1.516666666666667,
Eduardo Escobar,29.0,2018,6153,SS,infield,0.9166666666666672,
Eduardo Escobar,30.0,2019,6153,SS,infield,0.3166666666666673,
Eduardo Escobar,31.0,2020,6153,SS,infield,-0.28333333333333277,
Eduardo Escobar,32.0,2021,6153,SS,infield,-1.4833333333333325,
Eduardo Escobar,33.0,2022,6153,SS,infield,-2.6833333333333327,
Eduardo Escobar,34.0,2023,6153,SS,infield,-3.883333333333333,
Eduardo Escobar,35.0,2024,6153,SS,infield,-5.083333333333333,
Eduardo Escobar,36.0,2025,6153,SS,infield,-6.283333333333333,
Eduardo Escobar,37.0,2026,6153,SS,infield,-7.4833333333333325,
Eduardo Escobar,38.0,2027,6153,SS,infield,-8.683333333333332,
Eduardo Escobar,39.0,2028,6153,SS,infield,-9.883333333333331,
Eduardo Escobar,40.0,2029,6153,SS,infield,-11.08333333333333,
Eduardo Escobar,41.0,2030,6153,SS,infield,-12.28333333333333,
Eduardo Escobar,42.0,2031,6153,SS,infield,-13.483333333333329,
Irving Falu,32.0,2017,6165,2B,infield,41.8,
Irving Falu,33.0,2018,6165,2B,infield,40.6,
Irving Falu,34.0,2019,6165,2B,infield,39.4,
Irving Falu,35.0,2020,6165,2B,infield,38.2,
Irving Falu,36.0,2021,6165,2B,infield,37.0,
Irving Falu,37.0,2022,6165,2B,infield,35.8,
Irving Falu,38.0,2023,6165,2B,infield,34.6,
Irving Falu,39.0,2024,6165,2B,infield,33.4,
Irving Falu,40.0,2025,6165,2B,infield,32.2,
Irving Falu,41.0,2026,6165,2B,infield,31.0,
Irving Falu,42.0,2027,6165,2B,infield,29.800000000000004,
Tony Sanchez,27.0,2017,6178,C,catcher,,-17.04336175395859
Tony Sanchez,28.0,2018,6178,C,catcher,,-17.643361753958587
Tony Sanchez,29.0,2019,6178,C,catcher,,-18.243361753958588
Tony Sanchez,30.0,2020,6178,C,catcher,,-18.843361753958586
Tony Sanchez,31.0,2021,6178,C,catcher,,-19.443361753958587
Tony Sanchez,32.0,2022,6178,C,catcher,,-20.643361753958587
Tony Sanchez,33.0,2023,6178,C,catcher,,-21.84336175395859
Tony Sanchez,34.0,2024,6178,C,catcher,,-23.04336175395859
Tony Sanchez,35.0,2025,6178,C,catcher,,-24.243361753958588
Tony Sanchez,36.0,2026,6178,C,catcher,,-25.443361753958587
Tony Sanchez,37.0,2027,6178,C,catcher,,-26.643361753958587
Tony Sanchez,38.0,2028,6178,C,catcher,,-27.843361753958586
Tony Sanchez,39.0,2029,6178,C,catcher,,-29.043361753958585
Tony Sanchez,40.0,2030,6178,C,catcher,,-30.243361753958585
Tony Sanchez,41.0,2031,6178,C,catcher,,-31.443361753958584
J.D. Martinez,27.0,2017,6184,LF,outfield,-9.799999999999999,
J.D. Martinez,28.0,2018,6184,LF,outfield,-10.399999999999999,
J.D. Martinez,29.0,2019,6184,LF,outfield,-11.0,
J.D. Martinez,30.0,2020,6184,LF,outfield,-11.6,
J.D. Martinez,31.0,2021,6184,LF,outfield,-12.2,
J.D. Martinez,32.0,2022,6184,LF,outfield,-13.399999999999999,
J.D. Martinez,33.0,2023,6184,LF,outfield,-14.6,
J.D. Martinez,34.0,2024,6184,LF,outfield,-15.8,
J.D. Martinez,35.0,2025,6184,LF,outfield,-17.0,
J.D. Martinez,36.0,2026,6184,LF,outfield,-18.2,
J.D. Martinez,37.0,2027,6184,LF,outfield,-19.4,
J.D. Martinez,38.0,2028,6184,LF,outfield,-20.599999999999998,
J.D. Martinez,39.0,2029,6184,LF,outfield,-21.799999999999997,
J.D. Martinez,40.0,2030,6184,LF,outfield,-22.999999999999996,
J.D. Martinez,41.0,2031,6184,LF,outfield,-24.199999999999996,
J.D. Martinez,29.0,2017,6184,RF,outfield,-4.383333333333332,
J.D. Martinez,30.0,2018,6184,RF,outfield,-4.983333333333332,
J.D. Martinez,31.0,2019,6184,RF,outfield,-5.583333333333332,
J.D. Martinez,32.0,2020,6184,RF,outfield,-6.783333333333331,
J.D. Martinez,33.0,2021,6184,RF,outfield,-7.9833333333333325,
J.D. Martinez,34.0,2022,6184,RF,outfield,-9.183333333333332,
J.D. Martinez,35.0,2023,6184,RF,outfield,-10.383333333333333,
J.D. Martinez,36.0,2024,6184,RF,outfield,-11.583333333333332,
J.D. Martinez,37.0,2025,6184,RF,outfield,-12.783333333333331,
J.D. Martinez,38.0,2026,6184,RF,outfield,-13.98333333333333,
J.D. Martinez,39.0,2027,6184,RF,outfield,-15.18333333333333,
J.D. Martinez,40.0,2028,6184,RF,outfield,-16.38333333333333,
J.D. Martinez,41.0,2029,6184,RF,outfield,-17.58333333333333,
J.D. Martinez,42.0,2030,6184,RF,outfield,-18.783333333333328,
Ian Kinsler,35.0,2017,6195,2B,infield,3.05,
Ian Kinsler,36.0,2018,6195,2B,infield,1.85,
Ian Kinsler,37.0,2019,6195,2B,infield,0.6500000000000004,
Ian Kinsler,38.0,2020,6195,2B,infield,-0.5499999999999998,
Ian Kinsler,39.0,2021,6195,2B,infield,-1.75,
Ian Kinsler,40.0,2022,6195,2B,infield,-2.95,
Ian Kinsler,41.0,2023,6195,2B,infield,-4.15,
Ian Kinsler,42.0,2024,6195,2B,infield,-5.35,
Nate Schierholtz,31.0,2017,6201,RF,outfield,5.9,
Nate Schierholtz,32.0,2018,6201,RF,outfield,4.7,
Nate Schierholtz,33.0,2019,6201,RF,outfield,3.5,
Nate Schierholtz,34.0,2020,6201,RF,outfield,2.3,
Nate Schierholtz,35.0,2021,6201,RF,outfield,1.0999999999999996,
Nate Schierholtz,36.0,2022,6201,RF,outfield,-0.10000000000000053,
Nate Schierholtz,37.0,2023,6201,RF,outfield,-1.3000000000000007,
Nate Schierholtz,38.0,2024,6201,RF,outfield,-2.5,
Nate Schierholtz,39.0,2025,6201,RF,outfield,-3.6999999999999993,
Nate Schierholtz,40.0,2026,6201,RF,outfield,-4.899999999999999,
Nate Schierholtz,41.0,2027,6201,RF,outfield,-6.099999999999998,
Nate Schierholtz,42.0,2028,6201,RF,outfield,-7.299999999999997,
Tommy Field,29.0,2017,6262,2B,infield,-8.3,
Tommy Field,30.0,2018,6262,2B,infield,-8.9,
Tommy Field,31.0,2019,6262,2B,infield,-9.5,
Tommy Field,32.0,2020,6262,2B,infield,-10.7,
Tommy Field,33.0,2021,6262,2B,infield,-11.9,
Tommy Field,34.0,2022,6262,2B,infield,-13.100000000000001,
Tommy Field,35.0,2023,6262,2B,infield,-14.3,
Tommy Field,36.0,2024,6262,2B,infield,-15.5,
Tommy Field,37.0,2025,6262,2B,infield,-16.7,
Tommy Field,38.0,2026,6262,2B,infield,-17.9,
Tommy Field,39.0,2027,6262,2B,infield,-19.099999999999998,
Tommy Field,40.0,2028,6262,2B,infield,-20.299999999999997,
Tommy Field,41.0,2029,6262,2B,infield,-21.499999999999996,
Tommy Field,42.0,2030,6262,2B,infield,-22.699999999999996,
Andre Ethier,33.0,2017,6265,CF,outfield,-3.5,
Andre Ethier,34.0,2018,6265,CF,outfield,-4.699999999999999,
Andre Ethier,35.0,2019,6265,CF,outfield,-5.8999999999999995,
Andre Ethier,36.0,2020,6265,CF,outfield,-7.1,
Andre Ethier,37.0,2021,6265,CF,outfield,-8.3,
Andre Ethier,38.0,2022,6265,CF,outfield,-9.5,
Andre Ethier,39.0,2023,6265,CF,outfield,-10.7,
Andre Ethier,40.0,2024,6265,CF,outfield,-11.899999999999999,
Andre Ethier,41.0,2025,6265,CF,outfield,-13.099999999999998,
Andre Ethier,42.0,2026,6265,CF,outfield,-14.299999999999997,
Andre Ethier,34.0,2017,6265,LF,outfield,-3.666666666666666,
Andre Ethier,35.0,2018,6265,LF,outfield,-4.866666666666666,
Andre Ethier,36.0,2019,6265,LF,outfield,-6.066666666666666,
Andre Ethier,37.0,2020,6265,LF,outfield,-7.266666666666666,
Andre Ethier,38.0,2021,6265,LF,outfield,-8.466666666666667,
Andre Ethier,39.0,2022,6265,LF,outfield,-9.666666666666666,
Andre Ethier,40.0,2023,6265,LF,outfield,-10.866666666666667,
Andre Ethier,41.0,2024,6265,LF,outfield,-12.066666666666666,
Andre Ethier,42.0,2025,6265,LF,outfield,-13.266666666666666,
Andre Ethier,34.0,2017,6265,RF,outfield,2.966666666666667,
Andre Ethier,35.0,2018,6265,RF,outfield,1.766666666666667,
Andre Ethier,36.0,2019,6265,RF,outfield,0.5666666666666673,
Andre Ethier,37.0,2020,6265,RF,outfield,-0.6333333333333329,
Andre Ethier,38.0,2021,6265,RF,outfield,-1.833333333333333,
Andre Ethier,39.0,2022,6265,RF,outfield,-3.033333333333333,
Andre Ethier,40.0,2023,6265,RF,outfield,-4.233333333333333,
Andre Ethier,41.0,2024,6265,RF,outfield,-5.433333333333333,
Andre Ethier,42.0,2025,6265,RF,outfield,-6.633333333333332,
Daniel Robertson,29.0,2017,6266,CF,outfield,-20.0,
Daniel Robertson,30.0,2018,6266,CF,outfield,-20.599999999999998,
Daniel Robertson,31.0,2019,6266,CF,outfield,-21.2,
Daniel Robertson,32.0,2020,6266,CF,outfield,-22.4,
Daniel Robertson,33.0,2021,6266,CF,outfield,-23.599999999999998,
Daniel Robertson,34.0,2022,6266,CF,outfield,-24.799999999999997,
Daniel Robertson,35.0,2023,6266,CF,outfield,-26.0,
Daniel Robertson,36.0,2024,6266,CF,outfield,-27.2,
Daniel Robertson,37.0,2025,6266,CF,outfield,-28.4,
Daniel Robertson,38.0,2026,6266,CF,outfield,-29.599999999999998,
Daniel Robertson,39.0,2027,6266,CF,outfield,-30.799999999999997,
Daniel Robertson,40.0,2028,6266,CF,outfield,-31.999999999999996,
Daniel Robertson,41.0,2029,6266,CF,outfield,-33.199999999999996,
Daniel Robertson,42.0,2030,6266,CF,outfield,-34.39999999999999,
Daniel Robertson,30.0,2017,6266,LF,outfield,13.3,
Daniel Robertson,31.0,2018,6266,LF,outfield,12.700000000000001,
Daniel Robertson,32.0,2019,6266,LF,outfield,11.5,
Daniel Robertson,33.0,2020,6266,LF,outfield,10.3,
Daniel Robertson,34.0,2021,6266,LF,outfield,9.100000000000001,
Daniel Robertson,35.0,2022,6266,LF,outfield,7.9,
Daniel Robertson,36.0,2023,6266,LF,outfield,6.7,
Daniel Robertson,37.0,2024,6266,LF,outfield,5.5,
Daniel Robertson,38.0,2025,6266,LF,outfield,4.300000000000001,
Daniel Robertson,39.0,2026,6266,LF,outfield,3.1000000000000014,
Daniel Robertson,40.0,2027,6266,LF,outfield,1.9000000000000021,
Daniel Robertson,41.0,2028,6266,LF,outfield,0.7000000000000028,
Daniel Robertson,42.0,2029,6266,LF,outfield,-0.49999999999999645,
Daniel Robertson,29.0,2017,6266,RF,outfield,1.2999999999999998,
Daniel Robertson,30.0,2018,6266,RF,outfield,0.7,
Daniel Robertson,31.0,2019,6266,RF,outfield,0.10000000000000009,
Daniel Robertson,32.0,2020,6266,RF,outfield,-1.1,
Daniel Robertson,33.0,2021,6266,RF,outfield,-2.3000000000000003,
Daniel Robertson,34.0,2022,6266,RF,outfield,-3.5000000000000004,
Daniel Robertson,35.0,2023,6266,RF,outfield,-4.700000000000001,
Daniel Robertson,36.0,2024,6266,RF,outfield,-5.9,
Daniel Robertson,37.0,2025,6266,RF,outfield,-7.1,
Daniel Robertson,38.0,2026,6266,RF,outfield,-8.299999999999999,
Daniel Robertson,39.0,2027,6266,RF,outfield,-9.499999999999998,
Daniel Robertson,40.0,2028,6266,RF,outfield,-10.699999999999998,
Daniel Robertson,41.0,2029,6266,RF,outfield,-11.899999999999997,
Daniel Robertson,42.0,2030,6266,RF,outfield,-13.099999999999996,
Carlos Quentin,32.0,2017,6274,LF,outfield,-13.6,
Carlos Quentin,33.0,2018,6274,LF,outfield,-14.8,
Carlos Quentin,34.0,2019,6274,LF,outfield,-16.0,
Carlos Quentin,35.0,2020,6274,LF,outfield,-17.2,
Carlos Quentin,36.0,2021,6274,LF,outfield,-18.4,
Carlos Quentin,37.0,2022,6274,LF,outfield,-19.6,
Carlos Quentin,38.0,2023,6274,LF,outfield,-20.8,
Carlos Quentin,39.0,2024,6274,LF,outfield,-22.0,
Carlos Quentin,40.0,2025,6274,LF,outfield,-23.2,
Carlos Quentin,41.0,2026,6274,LF,outfield,-24.4,
Carlos Quentin,42.0,2027,6274,LF,outfield,-25.599999999999998,
Alcides Escobar,30.0,2017,6310,SS,infield,2.833333333333333,
Alcides Escobar,31.0,2018,6310,SS,infield,2.2333333333333334,
Alcides Escobar,32.0,2019,6310,SS,infield,1.0333333333333332,
Alcides Escobar,33.0,2020,6310,SS,infield,-0.16666666666666652,
Alcides Escobar,34.0,2021,6310,SS,infield,-1.3666666666666667,
Alcides Escobar,35.0,2022,6310,SS,infield,-2.566666666666667,
Alcides Escobar,36.0,2023,6310,SS,infield,-3.766666666666667,
Alcides Escobar,37.0,2024,6310,SS,infield,-4.966666666666667,
Alcides Escobar,38.0,2025,6310,SS,infield,-6.166666666666666,
Alcides Escobar,39.0,2026,6310,SS,infield,-7.366666666666665,
Alcides Escobar,40.0,2027,6310,SS,infield,-8.566666666666665,
Alcides Escobar,41.0,2028,6310,SS,infield,-9.766666666666664,
Alcides Escobar,42.0,2029,6310,SS,infield,-10.966666666666663,
Omar Quintanilla,33.0,2017,6335,SS,infield,-16.8,
Omar Quintanilla,34.0,2018,6335,SS,infield,-18.0,
Omar Quintanilla,35.0,2019,6335,SS,infield,-19.2,
Omar Quintanilla,36.0,2020,6335,SS,infield,-20.4,
Omar Quintanilla,37.0,2021,6335,SS,infield,-21.6,
Omar Quintanilla,38.0,2022,6335,SS,infield,-22.8,
Omar Quintanilla,39.0,2023,6335,SS,infield,-24.0,
Omar Quintanilla,40.0,2024,6335,SS,infield,-25.2,
Omar Quintanilla,41.0,2025,6335,SS,infield,-26.4,
Omar Quintanilla,42.0,2026,6335,SS,infield,-27.599999999999998,
Luis Jimenez,27.0,2017,6341,3B,infield,7.6,
Luis Jimenez,28.0,2018,6341,3B,infield,6.999999999999999,
Luis Jimenez,29.0,2019,6341,3B,infield,6.3999999999999995,
Luis Jimenez,30.0,2020,6341,3B,infield,5.799999999999999,
Luis Jimenez,31.0,2021,6341,3B,infield,5.199999999999999,
Luis Jimenez,32.0,2022,6341,3B,infield,3.999999999999999,
Luis Jimenez,33.0,2023,6341,3B,infield,2.799999999999999,
Luis Jimenez,34.0,2024,6341,3B,infield,1.5999999999999988,
Luis Jimenez,35.0,2025,6341,3B,infield,0.3999999999999986,
Luis Jimenez,36.0,2026,6341,3B,infield,-0.8000000000000007,
Luis Jimenez,37.0,2027,6341,3B,infield,-2.0,
Luis Jimenez,38.0,2028,6341,3B,infield,-3.1999999999999993,
Luis Jimenez,39.0,2029,6341,3B,infield,-4.399999999999999,
Luis Jimenez,40.0,2030,6341,3B,infield,-5.599999999999998,
Luis Jimenez,41.0,2031,6341,3B,infield,-6.799999999999997,
Ryan Sweeney,30.0,2017,6352,CF,outfield,-9.7,
Ryan Sweeney,31.0,2018,6352,CF,outfield,-10.299999999999999,
Ryan Sweeney,32.0,2019,6352,CF,outfield,-11.5,
Ryan Sweeney,33.0,2020,6352,CF,outfield,-12.7,
Ryan Sweeney,34.0,2021,6352,CF,outfield,-13.899999999999999,
Ryan Sweeney,35.0,2022,6352,CF,outfield,-15.1,
Ryan Sweeney,36.0,2023,6352,CF,outfield,-16.3,
Ryan Sweeney,37.0,2024,6352,CF,outfield,-17.5,
Ryan Sweeney,38.0,2025,6352,CF,outfield,-18.7,
Ryan Sweeney,39.0,2026,6352,CF,outfield,-19.9,
Ryan Sweeney,40.0,2027,6352,CF,outfield,-21.099999999999998,
Ryan Sweeney,41.0,2028,6352,CF,outfield,-22.299999999999997,
Ryan Sweeney,42.0,2029,6352,CF,outfield,-23.499999999999996,
Ryan Sweeney,30.0,2017,6352,LF,outfield,24.099999999999998,
Ryan Sweeney,31.0,2018,6352,LF,outfield,23.5,
Ryan Sweeney,32.0,2019,6352,LF,outfield,22.3,
Ryan Sweeney,33.0,2020,6352,LF,outfield,21.1,
Ryan Sweeney,34.0,2021,6352,LF,outfield,19.9,
Ryan Sweeney,35.0,2022,6352,LF,outfield,18.7,
Ryan Sweeney,36.0,2023,6352,LF,outfield,17.5,
Ryan Sweeney,37.0,2024,6352,LF,outfield,16.299999999999997,
Ryan Sweeney,38.0,2025,6352,LF,outfield,15.1,
Ryan Sweeney,39.0,2026,6352,LF,outfield,13.9,
Ryan Sweeney,40.0,2027,6352,LF,outfield,12.700000000000001,
Ryan Sweeney,41.0,2028,6352,LF,outfield,11.500000000000002,
Ryan Sweeney,42.0,2029,6352,LF,outfield,10.300000000000002,
Ryan Sweeney,30.0,2017,6352,RF,outfield,10.8,
Ryan Sweeney,31.0,2018,6352,RF,outfield,10.200000000000001,
Ryan Sweeney,32.0,2019,6352,RF,outfield,9.0,
Ryan Sweeney,33.0,2020,6352,RF,outfield,7.800000000000001,
Ryan Sweeney,34.0,2021,6352,RF,outfield,6.6000000000000005,
Ryan Sweeney,35.0,2022,6352,RF,outfield,5.4,
Ryan Sweeney,36.0,2023,6352,RF,outfield,4.2,
Ryan Sweeney,37.0,2024,6352,RF,outfield,3.0,
Ryan Sweeney,38.0,2025,6352,RF,outfield,1.8000000000000007,
Ryan Sweeney,39.0,2026,6352,RF,outfield,0.6000000000000014,
Ryan Sweeney,40.0,2027,6352,RF,outfield,-0.5999999999999979,
Ryan Sweeney,41.0,2028,6352,RF,outfield,-1.7999999999999972,
Ryan Sweeney,42.0,2029,6352,RF,outfield,-2.9999999999999964,
Danny Valencia,32.0,2017,6364,1B,infield,-2.499999999999999,
Danny Valencia,33.0,2018,6364,1B,infield,-3.699999999999999,
Danny Valencia,34.0,2019,6364,1B,infield,-4.899999999999999,
Danny Valencia,35.0,2020,6364,1B,infield,-6.099999999999999,
Danny Valencia,36.0,2021,6364,1B,infield,-7.299999999999999,
Danny Valencia,37.0,2022,6364,1B,infield,-8.5,
Danny Valencia,38.0,2023,6364,1B,infield,-9.7,
Danny Valencia,39.0,2024,6364,1B,infield,-10.899999999999999,
Danny Valencia,40.0,2025,6364,1B,infield,-12.099999999999998,
Danny Valencia,41.0,2026,6364,1B,infield,-13.299999999999997,
Danny Valencia,42.0,2027,6364,1B,infield,-14.499999999999996,
Danny Valencia,32.0,2017,6364,3B,infield,-7.166666666666666,
Danny Valencia,33.0,2018,6364,3B,infield,-8.366666666666665,
Danny Valencia,34.0,2019,6364,3B,infield,-9.566666666666666,
Danny Valencia,35.0,2020,6364,3B,infield,-10.766666666666666,
Danny Valencia,36.0,2021,6364,3B,infield,-11.966666666666665,
Danny Valencia,37.0,2022,6364,3B,infield,-13.166666666666666,
Danny Valencia,38.0,2023,6364,3B,infield,-14.366666666666667,
Danny Valencia,39.0,2024,6364,3B,infield,-15.566666666666666,
Danny Valencia,40.0,2025,6364,3B,infield,-16.766666666666666,
Danny Valencia,41.0,2026,6364,3B,infield,-17.966666666666665,
Danny Valencia,42.0,2027,6364,3B,infield,-19.166666666666664,
Danny Valencia,31.0,2017,6364,LF,outfield,7.6,
Danny Valencia,32.0,2018,6364,LF,outfield,6.3999999999999995,
Danny Valencia,33.0,2019,6364,LF,outfield,5.199999999999999,
Danny Valencia,34.0,2020,6364,LF,outfield,3.999999999999999,
Danny Valencia,35.0,2021,6364,LF,outfield,2.799999999999999,
Danny Valencia,36.0,2022,6364,LF,outfield,1.5999999999999988,
Danny Valencia,37.0,2023,6364,LF,outfield,0.3999999999999986,
Danny Valencia,38.0,2024,6364,LF,outfield,-0.8000000000000007,
Danny Valencia,39.0,2025,6364,LF,outfield,-2.0,
Danny Valencia,40.0,2026,6364,LF,outfield,-3.1999999999999993,
Danny Valencia,41.0,2027,6364,LF,outfield,-4.399999999999999,
Danny Valencia,42.0,2028,6364,LF,outfield,-5.599999999999998,
Danny Valencia,32.0,2017,6364,RF,outfield,0.9000000000000001,
Danny Valencia,33.0,2018,6364,RF,outfield,-0.2999999999999998,
Danny Valencia,34.0,2019,6364,RF,outfield,-1.4999999999999996,
Danny Valencia,35.0,2020,6364,RF,outfield,-2.6999999999999997,
Danny Valencia,36.0,2021,6364,RF,outfield,-3.9,
Danny Valencia,37.0,2022,6364,RF,outfield,-5.1,
Danny Valencia,38.0,2023,6364,RF,outfield,-6.300000000000001,
Danny Valencia,39.0,2024,6364,RF,outfield,-7.5,
Danny Valencia,40.0,2025,6364,RF,outfield,-8.7,
Danny Valencia,41.0,2026,6364,RF,outfield,-9.899999999999999,
Danny Valencia,42.0,2027,6364,RF,outfield,-11.099999999999998,
Adam Jones,31.0,2017,6368,CF,outfield,-1.983333333333333,
Adam Jones,32.0,2018,6368,CF,outfield,-3.1833333333333327,
Adam Jones,33.0,2019,6368,CF,outfield,-4.383333333333333,
Adam Jones,34.0,2020,6368,CF,outfield,-5.583333333333333,
Adam Jones,35.0,2021,6368,CF,outfield,-6.783333333333333,
Adam Jones,36.0,2022,6368,CF,outfield,-7.983333333333333,
Adam Jones,37.0,2023,6368,CF,outfield,-9.183333333333334,
Adam Jones,38.0,2024,6368,CF,outfield,-10.383333333333333,
Adam Jones,39.0,2025,6368,CF,outfield,-11.583333333333332,
Adam Jones,40.0,2026,6368,CF,outfield,-12.783333333333331,
Adam Jones,41.0,2027,6368,CF,outfield,-13.98333333333333,
Adam Jones,42.0,2028,6368,CF,outfield,-15.18333333333333,
Michael Bourn,34.0,2017,6387,CF,outfield,-2.1166666666666667,
Michael Bourn,35.0,2018,6387,CF,outfield,-3.3166666666666664,
Michael Bourn,36.0,2019,6387,CF,outfield,-4.516666666666667,
Michael Bourn,37.0,2020,6387,CF,outfield,-5.716666666666667,
Michael Bourn,38.0,2021,6387,CF,outfield,-6.916666666666667,
Michael Bourn,39.0,2022,6387,CF,outfield,-8.116666666666667,
Michael Bourn,40.0,2023,6387,CF,outfield,-9.316666666666666,
Michael Bourn,41.0,2024,6387,CF,outfield,-10.516666666666666,
Michael Bourn,42.0,2025,6387,CF,outfield,-11.716666666666665,
Michael Bourn,34.0,2017,6387,LF,outfield,19.5,
Michael Bourn,35.0,2018,6387,LF,outfield,18.3,
Michael Bourn,36.0,2019,6387,LF,outfield,17.1,
Michael Bourn,37.0,2020,6387,LF,outfield,15.899999999999999,
Michael Bourn,38.0,2021,6387,LF,outfield,14.7,
Michael Bourn,39.0,2022,6387,LF,outfield,13.5,
Michael Bourn,40.0,2023,6387,LF,outfield,12.299999999999999,
Michael Bourn,41.0,2024,6387,LF,outfield,11.1,
Michael Bourn,42.0,2025,6387,LF,outfield,9.9,
Michael Bourn,34.0,2017,6387,RF,outfield,-37.0,
Michael Bourn,35.0,2018,6387,RF,outfield,-38.199999999999996,
Michael Bourn,36.0,2019,6387,RF,outfield,-39.4,
Michael Bourn,37.0,2020,6387,RF,outfield,-40.599999999999994,
Michael Bourn,38.0,2021,6387,RF,outfield,-41.8,
Michael Bourn,39.0,2022,6387,RF,outfield,-43.0,
Michael Bourn,40.0,2023,6387,RF,outfield,-44.199999999999996,
Michael Bourn,41.0,2024,6387,RF,outfield,-45.4,
Michael Bourn,42.0,2025,6387,RF,outfield,-46.599999999999994,
Kirk Nieuwenhuis,29.0,2017,6400,CF,outfield,2.916666666666667,
Kirk Nieuwenhuis,30.0,2018,6400,CF,outfield,2.3166666666666673,
Kirk Nieuwenhuis,31.0,2019,6400,CF,outfield,1.7166666666666672,
Kirk Nieuwenhuis,32.0,2020,6400,CF,outfield,0.516666666666667,
Kirk Nieuwenhuis,33.0,2021,6400,CF,outfield,-0.6833333333333331,
Kirk Nieuwenhuis,34.0,2022,6400,CF,outfield,-1.8833333333333333,
Kirk Nieuwenhuis,35.0,2023,6400,CF,outfield,-3.0833333333333335,
Kirk Nieuwenhuis,36.0,2024,6400,CF,outfield,-4.283333333333333,
Kirk Nieuwenhuis,37.0,2025,6400,CF,outfield,-5.4833333333333325,
Kirk Nieuwenhuis,38.0,2026,6400,CF,outfield,-6.683333333333332,
Kirk Nieuwenhuis,39.0,2027,6400,CF,outfield,-7.883333333333331,
Kirk Nieuwenhuis,40.0,2028,6400,CF,outfield,-9.08333333333333,
Kirk Nieuwenhuis,41.0,2029,6400,CF,outfield,-10.28333333333333,
Kirk Nieuwenhuis,42.0,2030,6400,CF,outfield,-11.483333333333329,
Kirk Nieuwenhuis,28.0,2017,6400,LF,outfield,-0.20000000000000023,
Kirk Nieuwenhuis,29.0,2018,6400,LF,outfield,-0.8000000000000003,
Kirk Nieuwenhuis,30.0,2019,6400,LF,outfield,-1.4000000000000001,
Kirk Nieuwenhuis,31.0,2020,6400,LF,outfield,-2.0,
Kirk Nieuwenhuis,32.0,2021,6400,LF,outfield,-3.1999999999999997,
Kirk Nieuwenhuis,33.0,2022,6400,LF,outfield,-4.4,
Kirk Nieuwenhuis,34.0,2023,6400,LF,outfield,-5.6000000000000005,
Kirk Nieuwenhuis,35.0,2024,6400,LF,outfield,-6.800000000000001,
Kirk Nieuwenhuis,36.0,2025,6400,LF,outfield,-8.0,
Kirk Nieuwenhuis,37.0,2026,6400,LF,outfield,-9.2,
Kirk Nieuwenhuis,38.0,2027,6400,LF,outfield,-10.399999999999999,
Kirk Nieuwenhuis,39.0,2028,6400,LF,outfield,-11.599999999999998,
Kirk Nieuwenhuis,40.0,2029,6400,LF,outfield,-12.799999999999997,
Kirk Nieuwenhuis,41.0,2030,6400,LF,outfield,-13.999999999999996,
Kirk Nieuwenhuis,42.0,2031,6400,LF,outfield,-15.199999999999996,
Kirk Nieuwenhuis,29.0,2017,6400,RF,outfield,-21.400000000000002,
Kirk Nieuwenhuis,30.0,2018,6400,RF,outfield,-22.0,
Kirk Nieuwenhuis,31.0,2019,6400,RF,outfield,-22.6,
Kirk Nieuwenhuis,32.0,2020,6400,RF,outfield,-23.8,
Kirk Nieuwenhuis,33.0,2021,6400,RF,outfield,-25.0,
Kirk Nieuwenhuis,34.0,2022,6400,RF,outfield,-26.200000000000003,
Kirk Nieuwenhuis,35.0,2023,6400,RF,outfield,-27.400000000000002,
Kirk Nieuwenhuis,36.0,2024,6400,RF,outfield,-28.6,
Kirk Nieuwenhuis,37.0,2025,6400,RF,outfield,-29.8,
Kirk Nieuwenhuis,38.0,2026,6400,RF,outfield,-31.0,
Kirk Nieuwenhuis,39.0,2027,6400,RF,outfield,-32.2,
Kirk Nieuwenhuis,40.0,2028,6400,RF,outfield,-33.4,
Kirk Nieuwenhuis,41.0,2029,6400,RF,outfield,-34.599999999999994,
Kirk Nieuwenhuis,42.0,2030,6400,RF,outfield,-35.8,
Brent Morel,28.0,2017,6402,3B,infield,2.1999999999999997,
Brent Morel,29.0,2018,6402,3B,infield,1.5999999999999999,
Brent Morel,30.0,2019,6402,3B,infield,1.0,
Brent Morel,31.0,2020,6402,3B,infield,0.3999999999999999,
Brent Morel,32.0,2021,6402,3B,infield,-0.7999999999999998,
Brent Morel,33.0,2022,6402,3B,infield,-2.0,
Brent Morel,34.0,2023,6402,3B,infield,-3.2,
Brent Morel,35.0,2024,6402,3B,infield,-4.4,
Brent Morel,36.0,2025,6402,3B,infield,-5.6000000000000005,
Brent Morel,37.0,2026,6402,3B,infield,-6.8,
Brent Morel,38.0,2027,6402,3B,infield,-7.999999999999999,
Brent Morel,39.0,2028,6402,3B,infield,-9.2,
Brent Morel,40.0,2029,6402,3B,infield,-10.399999999999999,
Brent Morel,41.0,2030,6402,3B,infield,-11.599999999999998,
Brent Morel,42.0,2031,6402,3B,infield,-12.799999999999997,
Jim Adduci,30.0,2017,6448,LF,outfield,32.199999999999996,
Jim Adduci,31.0,2018,6448,LF,outfield,31.599999999999998,
Jim Adduci,32.0,2019,6448,LF,outfield,30.4,
Jim Adduci,33.0,2020,6448,LF,outfield,29.199999999999996,
Jim Adduci,34.0,2021,6448,LF,outfield,27.999999999999996,
Jim Adduci,35.0,2022,6448,LF,outfield,26.799999999999997,
Jim Adduci,36.0,2023,6448,LF,outfield,25.599999999999998,
Jim Adduci,37.0,2024,6448,LF,outfield,24.4,
Jim Adduci,38.0,2025,6448,LF,outfield,23.199999999999996,
Jim Adduci,39.0,2026,6448,LF,outfield,22.0,
Jim Adduci,40.0,2027,6448,LF,outfield,20.799999999999997,
Jim Adduci,41.0,2028,6448,LF,outfield,19.6,
Jim Adduci,42.0,2029,6448,LF,outfield,18.4,
Jordy Mercer,30.0,2017,6547,SS,infield,-3.0833333333333335,
Jordy Mercer,31.0,2018,6547,SS,infield,-3.6833333333333336,
Jordy Mercer,32.0,2019,6547,SS,infield,-4.883333333333333,
Jordy Mercer,33.0,2020,6547,SS,infield,-6.083333333333333,
Jordy Mercer,34.0,2021,6547,SS,infield,-7.283333333333333,
Jordy Mercer,35.0,2022,6547,SS,infield,-8.483333333333334,
Jordy Mercer,36.0,2023,6547,SS,infield,-9.683333333333334,
Jordy Mercer,37.0,2024,6547,SS,infield,-10.883333333333333,
Jordy Mercer,38.0,2025,6547,SS,infield,-12.083333333333332,
Jordy Mercer,39.0,2026,6547,SS,infield,-13.283333333333331,
Jordy Mercer,40.0,2027,6547,SS,infield,-14.48333333333333,
Jordy Mercer,41.0,2028,6547,SS,infield,-15.68333333333333,
Jordy Mercer,42.0,2029,6547,SS,infield,-16.88333333333333,
Bobby Wilson,34.0,2017,6564,C,catcher,,-4.839731629503462
Bobby Wilson,35.0,2018,6564,C,catcher,,-6.039731629503462
Bobby Wilson,36.0,2019,6564,C,catcher,,-7.239731629503462
Bobby Wilson,37.0,2020,6564,C,catcher,,-8.439731629503463
Bobby Wilson,38.0,2021,6564,C,catcher,,-9.639731629503462
Bobby Wilson,39.0,2022,6564,C,catcher,,-10.839731629503463
Bobby Wilson,40.0,2023,6564,C,catcher,,-12.039731629503462
Bobby Wilson,41.0,2024,6564,C,catcher,,-13.239731629503462
Bobby Wilson,42.0,2025,6564,C,catcher,,-14.439731629503461
Nate Freiman,28.0,2017,6582,1B,infield,-1.4,
Nate Freiman,29.0,2018,6582,1B,infield,-2.0,
Nate Freiman,30.0,2019,6582,1B,infield,-2.5999999999999996,
Nate Freiman,31.0,2020,6582,1B,infield,-3.2,
Nate Freiman,32.0,2021,6582,1B,infield,-4.3999999999999995,
Nate Freiman,33.0,2022,6582,1B,infield,-5.6,
Nate Freiman,34.0,2023,6582,1B,infield,-6.8,
Nate Freiman,35.0,2024,6582,1B,infield,-8.0,
Nate Freiman,36.0,2025,6582,1B,infield,-9.200000000000001,
Nate Freiman,37.0,2026,6582,1B,infield,-10.4,
Nate Freiman,38.0,2027,6582,1B,infield,-11.6,
Nate Freiman,39.0,2028,6582,1B,infield,-12.799999999999999,
Nate Freiman,40.0,2029,6582,1B,infield,-13.999999999999998,
Nate Freiman,41.0,2030,6582,1B,infield,-15.199999999999998,
Nate Freiman,42.0,2031,6582,1B,infield,-16.399999999999995,
Sean Rodriguez,32.0,2017,6589,1B,infield,-4.2,
Sean Rodriguez,33.0,2018,6589,1B,infield,-5.4,
Sean Rodriguez,34.0,2019,6589,1B,infield,-6.6,
Sean Rodriguez,35.0,2020,6589,1B,infield,-7.8,
Sean Rodriguez,36.0,2021,6589,1B,infield,-9.0,
Sean Rodriguez,37.0,2022,6589,1B,infield,-10.2,
Sean Rodriguez,38.0,2023,6589,1B,infield,-11.4,
Sean Rodriguez,39.0,2024,6589,1B,infield,-12.6,
Sean Rodriguez,40.0,2025,6589,1B,infield,-13.799999999999999,
Sean Rodriguez,41.0,2026,6589,1B,infield,-14.999999999999998,
Sean Rodriguez,42.0,2027,6589,1B,infield,-16.199999999999996,
Sean Rodriguez,32.0,2017,6589,2B,infield,-2.0250000000000004,
Sean Rodriguez,33.0,2018,6589,2B,infield,-3.225,
Sean Rodriguez,34.0,2019,6589,2B,infield,-4.425,
Sean Rodriguez,35.0,2020,6589,2B,infield,-5.625,
Sean Rodriguez,36.0,2021,6589,2B,infield,-6.825,
Sean Rodriguez,37.0,2022,6589,2B,infield,-8.025,
Sean Rodriguez,38.0,2023,6589,2B,infield,-9.225000000000001,
Sean Rodriguez,39.0,2024,6589,2B,infield,-10.425,
Sean Rodriguez,40.0,2025,6589,2B,infield,-11.625,
Sean Rodriguez,41.0,2026,6589,2B,infield,-12.825,
Sean Rodriguez,42.0,2027,6589,2B,infield,-14.024999999999999,
Sean Rodriguez,32.0,2017,6589,3B,infield,-14.475,
Sean Rodriguez,33.0,2018,6589,3B,infield,-15.675,
Sean Rodriguez,34.0,2019,6589,3B,infield,-16.875,
Sean Rodriguez,35.0,2020,6589,3B,infield,-18.075,
Sean Rodriguez,36.0,2021,6589,3B,infield,-19.275,
Sean Rodriguez,37.0,2022,6589,3B,infield,-20.475,
Sean Rodriguez,38.0,2023,6589,3B,infield,-21.675,
Sean Rodriguez,39.0,2024,6589,3B,infield,-22.875,
Sean Rodriguez,40.0,2025,6589,3B,infield,-24.075,
Sean Rodriguez,41.0,2026,6589,3B,infield,-25.275,
Sean Rodriguez,42.0,2027,6589,3B,infield,-26.474999999999998,
Sean Rodriguez,31.0,2017,6589,LF,outfield,-9.233333333333333,
Sean Rodriguez,32.0,2018,6589,LF,outfield,-10.433333333333334,
Sean Rodriguez,33.0,2019,6589,LF,outfield,-11.633333333333333,
Sean Rodriguez,34.0,2020,6589,LF,outfield,-12.833333333333332,
Sean Rodriguez,35.0,2021,6589,LF,outfield,-14.033333333333333,
Sean Rodriguez,36.0,2022,6589,LF,outfield,-15.233333333333334,
Sean Rodriguez,37.0,2023,6589,LF,outfield,-16.433333333333334,
Sean Rodriguez,38.0,2024,6589,LF,outfield,-17.633333333333333,
Sean Rodriguez,39.0,2025,6589,LF,outfield,-18.833333333333332,
Sean Rodriguez,40.0,2026,6589,LF,outfield,-20.03333333333333,
Sean Rodriguez,41.0,2027,6589,LF,outfield,-21.23333333333333,
Sean Rodriguez,42.0,2028,6589,LF,outfield,-22.43333333333333,
Sean Rodriguez,32.0,2017,6589,RF,outfield,-2.8666666666666667,
Sean Rodriguez,33.0,2018,6589,RF,outfield,-4.066666666666666,
Sean Rodriguez,34.0,2019,6589,RF,outfield,-5.266666666666667,
Sean Rodriguez,35.0,2020,6589,RF,outfield,-6.466666666666667,
Sean Rodriguez,36.0,2021,6589,RF,outfield,-7.666666666666667,
Sean Rodriguez,37.0,2022,6589,RF,outfield,-8.866666666666667,
Sean Rodriguez,38.0,2023,6589,RF,outfield,-10.066666666666666,
Sean Rodriguez,39.0,2024,6589,RF,outfield,-11.266666666666666,
Sean Rodriguez,40.0,2025,6589,RF,outfield,-12.466666666666665,
Sean Rodriguez,41.0,2026,6589,RF,outfield,-13.666666666666664,
Sean Rodriguez,42.0,2027,6589,RF,outfield,-14.866666666666664,
Sean Rodriguez,32.0,2017,6589,SS,infield,-21.0,
Sean Rodriguez,33.0,2018,6589,SS,infield,-22.2,
Sean Rodriguez,34.0,2019,6589,SS,infield,-23.4,
Sean Rodriguez,35.0,2020,6589,SS,infield,-24.6,
Sean Rodriguez,36.0,2021,6589,SS,infield,-25.8,
Sean Rodriguez,37.0,2022,6589,SS,infield,-27.0,
Sean Rodriguez,38.0,2023,6589,SS,infield,-28.200000000000003,
Sean Rodriguez,39.0,2024,6589,SS,infield,-29.4,
Sean Rodriguez,40.0,2025,6589,SS,infield,-30.6,
Sean Rodriguez,41.0,2026,6589,SS,infield,-31.799999999999997,
Sean Rodriguez,42.0,2027,6589,SS,infield,-33.0,
Freddy Galvis,25.0,2017,6609,3B,infield,-5.9,
Freddy Galvis,26.0,2018,6609,3B,infield,-5.9,
Freddy Galvis,27.0,2019,6609,3B,infield,-6.5,
Freddy Galvis,28.0,2020,6609,3B,infield,-7.1000000000000005,
Freddy Galvis,29.0,2021,6609,3B,infield,-7.7,
Freddy Galvis,30.0,2022,6609,3B,infield,-8.3,
Freddy Galvis,31.0,2023,6609,3B,infield,-8.9,
Freddy Galvis,32.0,2024,6609,3B,infield,-10.100000000000001,
Freddy Galvis,33.0,2025,6609,3B,infield,-11.3,
Freddy Galvis,34.0,2026,6609,3B,infield,-12.5,
Freddy Galvis,35.0,2027,6609,3B,infield,-13.700000000000001,
Freddy Galvis,36.0,2028,6609,3B,infield,-14.9,
Freddy Galvis,37.0,2029,6609,3B,infield,-16.1,
Freddy Galvis,38.0,2030,6609,3B,infield,-17.299999999999997,
Freddy Galvis,39.0,2031,6609,3B,infield,-18.5,
Freddy Galvis,27.0,2017,6609,SS,infield,6.283333333333334,
Freddy Galvis,28.0,2018,6609,SS,infield,5.683333333333334,
Freddy Galvis,29.0,2019,6609,SS,infield,5.083333333333334,
Freddy Galvis,30.0,2020,6609,SS,infield,4.483333333333334,
Freddy Galvis,31.0,2021,6609,SS,infield,3.8833333333333337,
Freddy Galvis,32.0,2022,6609,SS,infield,2.6833333333333336,
Freddy Galvis,33.0,2023,6609,SS,infield,1.4833333333333334,
Freddy Galvis,34.0,2024,6609,SS,infield,0.2833333333333332,
Freddy Galvis,35.0,2025,6609,SS,infield,-0.916666666666667,
Freddy Galvis,36.0,2026,6609,SS,infield,-2.1166666666666663,
Freddy Galvis,37.0,2027,6609,SS,infield,-3.3166666666666655,
Freddy Galvis,38.0,2028,6609,SS,infield,-4.516666666666665,
Freddy Galvis,39.0,2029,6609,SS,infield,-5.716666666666664,
Freddy Galvis,40.0,2030,6609,SS,infield,-6.916666666666663,
Freddy Galvis,41.0,2031,6609,SS,infield,-8.116666666666664,
Chase d'Arnaud,30.0,2017,6652,2B,infield,-14.2,
Chase d'Arnaud,31.0,2018,6652,2B,infield,-14.799999999999999,
Chase d'Arnaud,32.0,2019,6652,2B,infield,-16.0,
Chase d'Arnaud,33.0,2020,6652,2B,infield,-17.2,
Chase d'Arnaud,34.0,2021,6652,2B,infield,-18.4,
Chase d'Arnaud,35.0,2022,6652,2B,infield,-19.6,
Chase d'Arnaud,36.0,2023,6652,2B,infield,-20.8,
Chase d'Arnaud,37.0,2024,6652,2B,infield,-22.0,
Chase d'Arnaud,38.0,2025,6652,2B,infield,-23.2,
Chase d'Arnaud,39.0,2026,6652,2B,infield,-24.4,
Chase d'Arnaud,40.0,2027,6652,2B,infield,-25.599999999999998,
Chase d'Arnaud,41.0,2028,6652,2B,infield,-26.799999999999997,
Chase d'Arnaud,42.0,2029,6652,2B,infield,-27.999999999999996,
Chase d'Arnaud,30.0,2017,6652,3B,infield,10.1,
Chase d'Arnaud,31.0,2018,6652,3B,infield,9.5,
Chase d'Arnaud,32.0,2019,6652,3B,infield,8.299999999999999,
Chase d'Arnaud,33.0,2020,6652,3B,infield,7.1,
Chase d'Arnaud,34.0,2021,6652,3B,infield,5.8999999999999995,
Chase d'Arnaud,35.0,2022,6652,3B,infield,4.699999999999999,
Chase d'Arnaud,36.0,2023,6652,3B,infield,3.499999999999999,
Chase d'Arnaud,37.0,2024,6652,3B,infield,2.299999999999999,
Chase d'Arnaud,38.0,2025,6652,3B,infield,1.0999999999999996,
Chase d'Arnaud,39.0,2026,6652,3B,infield,-0.09999999999999964,
Chase d'Arnaud,40.0,2027,6652,3B,infield,-1.299999999999999,
Chase d'Arnaud,41.0,2028,6652,3B,infield,-2.4999999999999982,
Chase d'Arnaud,42.0,2029,6652,3B,infield,-3.6999999999999975,
Chase d'Arnaud,30.0,2017,6652,SS,infield,-1.2,
Chase d'Arnaud,31.0,2018,6652,SS,infield,-1.7999999999999998,
Chase d'Arnaud,32.0,2019,6652,SS,infield,-3.0,
Chase d'Arnaud,33.0,2020,6652,SS,infield,-4.199999999999999,
Chase d'Arnaud,34.0,2021,6652,SS,infield,-5.3999999999999995,
Chase d'Arnaud,35.0,2022,6652,SS,infield,-6.6,
Chase d'Arnaud,36.0,2023,6652,SS,infield,-7.8,
Chase d'Arnaud,37.0,2024,6652,SS,infield,-9.0,
Chase d'Arnaud,38.0,2025,6652,SS,infield,-10.2,
Chase d'Arnaud,39.0,2026,6652,SS,infield,-11.399999999999999,
Chase d'Arnaud,40.0,2027,6652,SS,infield,-12.599999999999998,
Chase d'Arnaud,41.0,2028,6652,SS,infield,-13.799999999999997,
Chase d'Arnaud,42.0,2029,6652,SS,infield,-14.999999999999996,
L.J. Hoes,25.0,2017,6656,LF,outfield,19.0,
L.J. Hoes,26.0,2018,6656,LF,outfield,19.0,
L.J. Hoes,27.0,2019,6656,LF,outfield,18.4,
L.J. Hoes,28.0,2020,6656,LF,outfield,17.8,
L.J. Hoes,29.0,2021,6656,LF,outfield,17.2,
L.J. Hoes,30.0,2022,6656,LF,outfield,16.6,
L.J. Hoes,31.0,2023,6656,LF,outfield,16.0,
L.J. Hoes,32.0,2024,6656,LF,outfield,14.8,
L.J. Hoes,33.0,2025,6656,LF,outfield,13.6,
L.J. Hoes,34.0,2026,6656,LF,outfield,12.399999999999999,
L.J. Hoes,35.0,2027,6656,LF,outfield,11.2,
L.J. Hoes,36.0,2028,6656,LF,outfield,10.0,
L.J. Hoes,37.0,2029,6656,LF,outfield,8.8,
L.J. Hoes,38.0,2030,6656,LF,outfield,7.600000000000001,
L.J. Hoes,39.0,2031,6656,LF,outfield,6.400000000000002,
L.J. Hoes,25.0,2017,6656,RF,outfield,-48.8,
L.J. Hoes,26.0,2018,6656,RF,outfield,-48.8,
L.J. Hoes,27.0,2019,6656,RF,outfield,-49.4,
L.J. Hoes,28.0,2020,6656,RF,outfield,-50.0,
L.J. Hoes,29.0,2021,6656,RF,outfield,-50.599999999999994,
L.J. Hoes,30.0,2022,6656,RF,outfield,-51.199999999999996,
L.J. Hoes,31.0,2023,6656,RF,outfield,-51.8,
L.J. Hoes,32.0,2024,6656,RF,outfield,-53.0,
L.J. Hoes,33.0,2025,6656,RF,outfield,-54.199999999999996,
L.J. Hoes,34.0,2026,6656,RF,outfield,-55.4,
L.J. Hoes,35.0,2027,6656,RF,outfield,-56.599999999999994,
L.J. Hoes,36.0,2028,6656,RF,outfield,-57.8,
L.J. Hoes,37.0,2029,6656,RF,outfield,-59.0,
L.J. Hoes,38.0,2030,6656,RF,outfield,-60.199999999999996,
L.J. Hoes,39.0,2031,6656,RF,outfield,-61.39999999999999,
JB Shuck,30.0,2017,6677,CF,outfield,-19.96666666666667,
JB Shuck,31.0,2018,6677,CF,outfield,-20.566666666666666,
JB Shuck,32.0,2019,6677,CF,outfield,-21.766666666666666,
JB Shuck,33.0,2020,6677,CF,outfield,-22.96666666666667,
JB Shuck,34.0,2021,6677,CF,outfield,-24.166666666666668,
JB Shuck,35.0,2022,6677,CF,outfield,-25.366666666666667,
JB Shuck,36.0,2023,6677,CF,outfield,-26.566666666666666,
JB Shuck,37.0,2024,6677,CF,outfield,-27.766666666666666,
JB Shuck,38.0,2025,6677,CF,outfield,-28.96666666666667,
JB Shuck,39.0,2026,6677,CF,outfield,-30.166666666666664,
JB Shuck,40.0,2027,6677,CF,outfield,-31.366666666666667,
JB Shuck,41.0,2028,6677,CF,outfield,-32.56666666666666,
JB Shuck,42.0,2029,6677,CF,outfield,-33.766666666666666,
JB Shuck,28.0,2017,6677,LF,outfield,23.299999999999997,
JB Shuck,29.0,2018,6677,LF,outfield,22.7,
JB Shuck,30.0,2019,6677,LF,outfield,22.099999999999998,
JB Shuck,31.0,2020,6677,LF,outfield,21.5,
JB Shuck,32.0,2021,6677,LF,outfield,20.299999999999997,
JB Shuck,33.0,2022,6677,LF,outfield,19.099999999999998,
JB Shuck,34.0,2023,6677,LF,outfield,17.9,
JB Shuck,35.0,2024,6677,LF,outfield,16.7,
JB Shuck,36.0,2025,6677,LF,outfield,15.499999999999998,
JB Shuck,37.0,2026,6677,LF,outfield,14.299999999999999,
JB Shuck,38.0,2027,6677,LF,outfield,13.1,
JB Shuck,39.0,2028,6677,LF,outfield,11.9,
JB Shuck,40.0,2029,6677,LF,outfield,10.700000000000001,
JB Shuck,41.0,2030,6677,LF,outfield,9.500000000000002,
JB Shuck,42.0,2031,6677,LF,outfield,8.300000000000002,
JB Shuck,29.0,2017,6677,RF,outfield,-10.4,
JB Shuck,30.0,2018,6677,RF,outfield,-11.0,
JB Shuck,31.0,2019,6677,RF,outfield,-11.600000000000001,
JB Shuck,32.0,2020,6677,RF,outfield,-12.8,
JB Shuck,33.0,2021,6677,RF,outfield,-14.0,
JB Shuck,34.0,2022,6677,RF,outfield,-15.200000000000001,
JB Shuck,35.0,2023,6677,RF,outfield,-16.400000000000002,
JB Shuck,36.0,2024,6677,RF,outfield,-17.6,
JB Shuck,37.0,2025,6677,RF,outfield,-18.8,
JB Shuck,38.0,2026,6677,RF,outfield,-20.0,
JB Shuck,39.0,2027,6677,RF,outfield,-21.2,
JB Shuck,40.0,2028,6677,RF,outfield,-22.4,
JB Shuck,41.0,2029,6677,RF,outfield,-23.599999999999998,
JB Shuck,42.0,2030,6677,RF,outfield,-24.799999999999997,
Zoilo Almonte,26.0,2017,6732,LF,outfield,28.2,
Zoilo Almonte,27.0,2018,6732,LF,outfield,27.599999999999998,
Zoilo Almonte,28.0,2019,6732,LF,outfield,27.0,
Zoilo Almonte,29.0,2020,6732,LF,outfield,26.4,
Zoilo Almonte,30.0,2021,6732,LF,outfield,25.8,
Zoilo Almonte,31.0,2022,6732,LF,outfield,25.2,
Zoilo Almonte,32.0,2023,6732,LF,outfield,24.0,
Zoilo Almonte,33.0,2024,6732,LF,outfield,22.799999999999997,
Zoilo Almonte,34.0,2025,6732,LF,outfield,21.599999999999998,
Zoilo Almonte,35.0,2026,6732,LF,outfield,20.4,
Zoilo Almonte,36.0,2027,6732,LF,outfield,19.2,
Zoilo Almonte,37.0,2028,6732,LF,outfield,18.0,
Zoilo Almonte,38.0,2029,6732,LF,outfield,16.8,
Zoilo Almonte,39.0,2030,6732,LF,outfield,15.600000000000001,
Zoilo Almonte,40.0,2031,6732,LF,outfield,14.400000000000002,
Johnny Giavotella,29.0,2017,6740,2B,infield,-2.183333333333333,
Johnny Giavotella,30.0,2018,6740,2B,infield,-2.783333333333333,
Johnny Giavotella,31.0,2019,6740,2B,infield,-3.383333333333333,
Johnny Giavotella,32.0,2020,6740,2B,infield,-4.583333333333333,
Johnny Giavotella,33.0,2021,6740,2B,infield,-5.783333333333333,
Johnny Giavotella,34.0,2022,6740,2B,infield,-6.983333333333333,
Johnny Giavotella,35.0,2023,6740,2B,infield,-8.183333333333334,
Johnny Giavotella,36.0,2024,6740,2B,infield,-9.383333333333335,
Johnny Giavotella,37.0,2025,6740,2B,infield,-10.583333333333334,
Johnny Giavotella,38.0,2026,6740,2B,infield,-11.783333333333333,
Johnny Giavotella,39.0,2027,6740,2B,infield,-12.983333333333333,
Johnny Giavotella,40.0,2028,6740,2B,infield,-14.183333333333332,
Johnny Giavotella,41.0,2029,6740,2B,infield,-15.383333333333331,
Johnny Giavotella,42.0,2030,6740,2B,infield,-16.58333333333333,
Tyler Pastornicky,25.0,2017,6777,2B,infield,-21.1,
Tyler Pastornicky,26.0,2018,6777,2B,infield,-21.1,
Tyler Pastornicky,27.0,2019,6777,2B,infield,-21.700000000000003,
Tyler Pastornicky,28.0,2020,6777,2B,infield,-22.3,
Tyler Pastornicky,29.0,2021,6777,2B,infield,-22.900000000000002,
Tyler Pastornicky,30.0,2022,6777,2B,infield,-23.5,
Tyler Pastornicky,31.0,2023,6777,2B,infield,-24.1,
Tyler Pastornicky,32.0,2024,6777,2B,infield,-25.3,
Tyler Pastornicky,33.0,2025,6777,2B,infield,-26.5,
Tyler Pastornicky,34.0,2026,6777,2B,infield,-27.700000000000003,
Tyler Pastornicky,35.0,2027,6777,2B,infield,-28.900000000000002,
Tyler Pastornicky,36.0,2028,6777,2B,infield,-30.1,
Tyler Pastornicky,37.0,2029,6777,2B,infield,-31.3,
Tyler Pastornicky,38.0,2030,6777,2B,infield,-32.5,
Tyler Pastornicky,39.0,2031,6777,2B,infield,-33.7,
Josh Satin,30.0,2017,6788,1B,infield,0.9,
Josh Satin,31.0,2018,6788,1B,infield,0.30000000000000004,
Josh Satin,32.0,2019,6788,1B,infield,-0.8999999999999999,
Josh Satin,33.0,2020,6788,1B,infield,-2.0999999999999996,
Josh Satin,34.0,2021,6788,1B,infield,-3.3,
Josh Satin,35.0,2022,6788,1B,infield,-4.5,
Josh Satin,36.0,2023,6788,1B,infield,-5.7,
Josh Satin,37.0,2024,6788,1B,infield,-6.9,
Josh Satin,38.0,2025,6788,1B,infield,-8.1,
Josh Satin,39.0,2026,6788,1B,infield,-9.299999999999999,
Josh Satin,40.0,2027,6788,1B,infield,-10.499999999999998,
Josh Satin,41.0,2028,6788,1B,infield,-11.699999999999998,
Josh Satin,42.0,2029,6788,1B,infield,-12.899999999999997,
Josmil Pinto,26.0,2017,6806,C,catcher,,-47.78761061946903
Josmil Pinto,27.0,2018,6806,C,catcher,,-48.38761061946903
Josmil Pinto,28.0,2019,6806,C,catcher,,-48.98761061946903
Josmil Pinto,29.0,2020,6806,C,catcher,,-49.587610619469025
Josmil Pinto,30.0,2021,6806,C,catcher,,-50.18761061946903
Josmil Pinto,31.0,2022,6806,C,catcher,,-50.78761061946903
Josmil Pinto,32.0,2023,6806,C,catcher,,-51.98761061946903
Josmil Pinto,33.0,2024,6806,C,catcher,,-53.18761061946903
Josmil Pinto,34.0,2025,6806,C,catcher,,-54.38761061946903
Josmil Pinto,35.0,2026,6806,C,catcher,,-55.58761061946903
Josmil Pinto,36.0,2027,6806,C,catcher,,-56.78761061946903
Josmil Pinto,37.0,2028,6806,C,catcher,,-57.987610619469024
Josmil Pinto,38.0,2029,6806,C,catcher,,-59.18761061946903
Josmil Pinto,39.0,2030,6806,C,catcher,,-60.38761061946903
Josmil Pinto,40.0,2031,6806,C,catcher,,-61.587610619469025
Justin Maxwell,32.0,2017,6827,LF,outfield,10.5,
Justin Maxwell,33.0,2018,6827,LF,outfield,9.299999999999999,
Justin Maxwell,34.0,2019,6827,LF,outfield,8.1,
Justin Maxwell,35.0,2020,6827,LF,outfield,6.8999999999999995,
Justin Maxwell,36.0,2021,6827,LF,outfield,5.699999999999999,
Justin Maxwell,37.0,2022,6827,LF,outfield,4.499999999999999,
Justin Maxwell,38.0,2023,6827,LF,outfield,3.299999999999999,
Justin Maxwell,39.0,2024,6827,LF,outfield,2.0999999999999996,
Justin Maxwell,40.0,2025,6827,LF,outfield,0.9000000000000004,
Justin Maxwell,41.0,2026,6827,LF,outfield,-0.29999999999999893,
Justin Maxwell,42.0,2027,6827,LF,outfield,-1.4999999999999982,
Justin Maxwell,32.0,2017,6827,RF,outfield,-15.8,
Justin Maxwell,33.0,2018,6827,RF,outfield,-17.0,
Justin Maxwell,34.0,2019,6827,RF,outfield,-18.200000000000003,
Justin Maxwell,35.0,2020,6827,RF,outfield,-19.400000000000002,
Justin Maxwell,36.0,2021,6827,RF,outfield,-20.6,
Justin Maxwell,37.0,2022,6827,RF,outfield,-21.8,
Justin Maxwell,38.0,2023,6827,RF,outfield,-23.0,
Justin Maxwell,39.0,2024,6827,RF,outfield,-24.200000000000003,
Justin Maxwell,40.0,2025,6827,RF,outfield,-25.4,
Justin Maxwell,41.0,2026,6827,RF,outfield,-26.6,
Justin Maxwell,42.0,2027,6827,RF,outfield,-27.799999999999997,
Nick Buss,30.0,2017,6835,LF,outfield,10.5,
Nick Buss,31.0,2018,6835,LF,outfield,9.9,
Nick Buss,32.0,2019,6835,LF,outfield,8.7,
Nick Buss,33.0,2020,6835,LF,outfield,7.5,
Nick Buss,34.0,2021,6835,LF,outfield,6.3,
Nick Buss,35.0,2022,6835,LF,outfield,5.1,
Nick Buss,36.0,2023,6835,LF,outfield,3.8999999999999995,
Nick Buss,37.0,2024,6835,LF,outfield,2.6999999999999993,
Nick Buss,38.0,2025,6835,LF,outfield,1.5,
Nick Buss,39.0,2026,6835,LF,outfield,0.3000000000000007,
Nick Buss,40.0,2027,6835,LF,outfield,-0.8999999999999986,
Nick Buss,41.0,2028,6835,LF,outfield,-2.099999999999998,
Nick Buss,42.0,2029,6835,LF,outfield,-3.299999999999997,
Eduardo Nunez,30.0,2017,6848,3B,infield,-10.899999999999999,
Eduardo Nunez,31.0,2018,6848,3B,infield,-11.499999999999998,
Eduardo Nunez,32.0,2019,6848,3B,infield,-12.7,
Eduardo Nunez,33.0,2020,6848,3B,infield,-13.899999999999999,
Eduardo Nunez,34.0,2021,6848,3B,infield,-15.099999999999998,
Eduardo Nunez,35.0,2022,6848,3B,infield,-16.299999999999997,
Eduardo Nunez,36.0,2023,6848,3B,infield,-17.5,
Eduardo Nunez,37.0,2024,6848,3B,infield,-18.7,
Eduardo Nunez,38.0,2025,6848,3B,infield,-19.9,
Eduardo Nunez,39.0,2026,6848,3B,infield,-21.099999999999998,
Eduardo Nunez,40.0,2027,6848,3B,infield,-22.299999999999997,
Eduardo Nunez,41.0,2028,6848,3B,infield,-23.499999999999996,
Eduardo Nunez,42.0,2029,6848,3B,infield,-24.699999999999996,
Eduardo Nunez,28.0,2017,6848,LF,outfield,13.700000000000001,
Eduardo Nunez,29.0,2018,6848,LF,outfield,13.100000000000001,
Eduardo Nunez,30.0,2019,6848,LF,outfield,12.5,
Eduardo Nunez,31.0,2020,6848,LF,outfield,11.9,
Eduardo Nunez,32.0,2021,6848,LF,outfield,10.700000000000001,
Eduardo Nunez,33.0,2022,6848,LF,outfield,9.5,
Eduardo Nunez,34.0,2023,6848,LF,outfield,8.3,
Eduardo Nunez,35.0,2024,6848,LF,outfield,7.1000000000000005,
Eduardo Nunez,36.0,2025,6848,LF,outfield,5.9,
Eduardo Nunez,37.0,2026,6848,LF,outfield,4.700000000000001,
Eduardo Nunez,38.0,2027,6848,LF,outfield,3.5000000000000018,
Eduardo Nunez,39.0,2028,6848,LF,outfield,2.3000000000000025,
Eduardo Nunez,40.0,2029,6848,LF,outfield,1.1000000000000032,
Eduardo Nunez,41.0,2030,6848,LF,outfield,-0.09999999999999609,
Eduardo Nunez,42.0,2031,6848,LF,outfield,-1.2999999999999954,
Eduardo Nunez,30.0,2017,6848,SS,infield,7.050000000000002,
Eduardo Nunez,31.0,2018,6848,SS,infield,6.450000000000001,
Eduardo Nunez,32.0,2019,6848,SS,infield,5.250000000000002,
Eduardo Nunez,33.0,2020,6848,SS,infield,4.050000000000002,
Eduardo Nunez,34.0,2021,6848,SS,infield,2.8500000000000014,
Eduardo Nunez,35.0,2022,6848,SS,infield,1.6500000000000012,
Eduardo Nunez,36.0,2023,6848,SS,infield,0.45000000000000107,
Eduardo Nunez,37.0,2024,6848,SS,infield,-0.7499999999999991,
Eduardo Nunez,38.0,2025,6848,SS,infield,-1.9499999999999984,
Eduardo Nunez,39.0,2026,6848,SS,infield,-3.1499999999999977,
Eduardo Nunez,40.0,2027,6848,SS,infield,-4.349999999999997,
Eduardo Nunez,41.0,2028,6848,SS,infield,-5.549999999999996,
Eduardo Nunez,42.0,2029,6848,SS,infield,-6.749999999999996,
Derek Norris,27.0,2017,6867,1B,infield,-29.400000000000002,
Derek Norris,28.0,2018,6867,1B,infield,-30.0,
Derek Norris,29.0,2019,6867,1B,infield,-30.6,
Derek Norris,30.0,2020,6867,1B,infield,-31.2,
Derek Norris,31.0,2021,6867,1B,infield,-31.8,
Derek Norris,32.0,2022,6867,1B,infield,-33.0,
Derek Norris,33.0,2023,6867,1B,infield,-34.2,
Derek Norris,34.0,2024,6867,1B,infield,-35.4,
Derek Norris,35.0,2025,6867,1B,infield,-36.6,
Derek Norris,36.0,2026,6867,1B,infield,-37.8,
Derek Norris,37.0,2027,6867,1B,infield,-39.0,
Derek Norris,38.0,2028,6867,1B,infield,-40.2,
Derek Norris,39.0,2029,6867,1B,infield,-41.4,
Derek Norris,40.0,2030,6867,1B,infield,-42.599999999999994,
Derek Norris,41.0,2031,6867,1B,infield,-43.8,
Derek Norris,28.0,2017,6867,C,catcher,,13.509010932608598
Derek Norris,29.0,2018,6867,C,catcher,,12.909010932608599
Derek Norris,30.0,2019,6867,C,catcher,,12.309010932608597
Derek Norris,31.0,2020,6867,C,catcher,,11.709010932608598
Derek Norris,32.0,2021,6867,C,catcher,,10.509010932608598
Derek Norris,33.0,2022,6867,C,catcher,,9.309010932608597
Derek Norris,34.0,2023,6867,C,catcher,,8.109010932608598
Derek Norris,35.0,2024,6867,C,catcher,,6.909010932608598
Derek Norris,36.0,2025,6867,C,catcher,,5.709010932608598
Derek Norris,37.0,2026,6867,C,catcher,,4.509010932608598
Derek Norris,38.0,2027,6867,C,catcher,,3.309010932608599
Derek Norris,39.0,2028,6867,C,catcher,,2.1090109326085997
Derek Norris,40.0,2029,6867,C,catcher,,0.9090109326086004
Derek Norris,41.0,2030,6867,C,catcher,,-0.29098906739139885
Derek Norris,42.0,2031,6867,C,catcher,,-1.4909890673913981
Mark Trumbo,30.0,2017,6876,1B,infield,-2.3666666666666667,
Mark Trumbo,31.0,2018,6876,1B,infield,-2.966666666666667,
Mark Trumbo,32.0,2019,6876,1B,infield,-4.166666666666667,
Mark Trumbo,33.0,2020,6876,1B,infield,-5.366666666666666,
Mark Trumbo,34.0,2021,6876,1B,infield,-6.566666666666666,
Mark Trumbo,35.0,2022,6876,1B,infield,-7.766666666666667,
Mark Trumbo,36.0,2023,6876,1B,infield,-8.966666666666667,
Mark Trumbo,37.0,2024,6876,1B,infield,-10.166666666666668,
Mark Trumbo,38.0,2025,6876,1B,infield,-11.366666666666667,
Mark Trumbo,39.0,2026,6876,1B,infield,-12.566666666666666,
Mark Trumbo,40.0,2027,6876,1B,infield,-13.766666666666666,
Mark Trumbo,41.0,2028,6876,1B,infield,-14.966666666666665,
Mark Trumbo,42.0,2029,6876,1B,infield,-16.166666666666664,
Mark Trumbo,30.0,2017,6876,LF,outfield,-11.566666666666666,
Mark Trumbo,31.0,2018,6876,LF,outfield,-12.166666666666666,
Mark Trumbo,32.0,2019,6876,LF,outfield,-13.366666666666667,
Mark Trumbo,33.0,2020,6876,LF,outfield,-14.566666666666666,
Mark Trumbo,34.0,2021,6876,LF,outfield,-15.766666666666666,
Mark Trumbo,35.0,2022,6876,LF,outfield,-16.96666666666667,
Mark Trumbo,36.0,2023,6876,LF,outfield,-18.166666666666668,
Mark Trumbo,37.0,2024,6876,LF,outfield,-19.366666666666667,
Mark Trumbo,38.0,2025,6876,LF,outfield,-20.566666666666666,
Mark Trumbo,39.0,2026,6876,LF,outfield,-21.766666666666666,
Mark Trumbo,40.0,2027,6876,LF,outfield,-22.966666666666665,
Mark Trumbo,41.0,2028,6876,LF,outfield,-24.166666666666664,
Mark Trumbo,42.0,2029,6876,LF,outfield,-25.366666666666664,
Mark Trumbo,31.0,2017,6876,RF,outfield,-10.866666666666667,
Mark Trumbo,32.0,2018,6876,RF,outfield,-12.066666666666666,
Mark Trumbo,33.0,2019,6876,RF,outfield,-13.266666666666667,
Mark Trumbo,34.0,2020,6876,RF,outfield,-14.466666666666669,
Mark Trumbo,35.0,2021,6876,RF,outfield,-15.666666666666668,
Mark Trumbo,36.0,2022,6876,RF,outfield,-16.866666666666667,
Mark Trumbo,37.0,2023,6876,RF,outfield,-18.06666666666667,
Mark Trumbo,38.0,2024,6876,RF,outfield,-19.266666666666666,
Mark Trumbo,39.0,2025,6876,RF,outfield,-20.46666666666667,
Mark Trumbo,40.0,2026,6876,RF,outfield,-21.666666666666664,
Mark Trumbo,41.0,2027,6876,RF,outfield,-22.866666666666667,
Mark Trumbo,42.0,2028,6876,RF,outfield,-24.066666666666663,
Chris Coghlan,32.0,2017,6878,2B,infield,-7.000000000000001,
Chris Coghlan,33.0,2018,6878,2B,infield,-8.200000000000001,
Chris Coghlan,34.0,2019,6878,2B,infield,-9.4,
Chris Coghlan,35.0,2020,6878,2B,infield,-10.600000000000001,
Chris Coghlan,36.0,2021,6878,2B,infield,-11.8,
Chris Coghlan,37.0,2022,6878,2B,infield,-13.0,
Chris Coghlan,38.0,2023,6878,2B,infield,-14.200000000000001,
Chris Coghlan,39.0,2024,6878,2B,infield,-15.4,
Chris Coghlan,40.0,2025,6878,2B,infield,-16.6,
Chris Coghlan,41.0,2026,6878,2B,infield,-17.799999999999997,
Chris Coghlan,42.0,2027,6878,2B,infield,-19.0,
Chris Coghlan,32.0,2017,6878,3B,infield,-20.099999999999998,
Chris Coghlan,33.0,2018,6878,3B,infield,-21.299999999999997,
Chris Coghlan,34.0,2019,6878,3B,infield,-22.5,
Chris Coghlan,35.0,2020,6878,3B,infield,-23.7,
Chris Coghlan,36.0,2021,6878,3B,infield,-24.9,
Chris Coghlan,37.0,2022,6878,3B,infield,-26.099999999999998,
Chris Coghlan,38.0,2023,6878,3B,infield,-27.299999999999997,
Chris Coghlan,39.0,2024,6878,3B,infield,-28.5,
Chris Coghlan,40.0,2025,6878,3B,infield,-29.699999999999996,
Chris Coghlan,41.0,2026,6878,3B,infield,-30.9,
Chris Coghlan,42.0,2027,6878,3B,infield,-32.099999999999994,
Chris Coghlan,32.0,2017,6878,LF,outfield,20.016666666666666,
Chris Coghlan,33.0,2018,6878,LF,outfield,18.816666666666666,
Chris Coghlan,34.0,2019,6878,LF,outfield,17.616666666666667,
Chris Coghlan,35.0,2020,6878,LF,outfield,16.416666666666664,
Chris Coghlan,36.0,2021,6878,LF,outfield,15.216666666666665,
Chris Coghlan,37.0,2022,6878,LF,outfield,14.016666666666666,
Chris Coghlan,38.0,2023,6878,LF,outfield,12.816666666666665,
Chris Coghlan,39.0,2024,6878,LF,outfield,11.616666666666665,
Chris Coghlan,40.0,2025,6878,LF,outfield,10.416666666666666,
Chris Coghlan,41.0,2026,6878,LF,outfield,9.216666666666667,
Chris Coghlan,42.0,2027,6878,LF,outfield,8.016666666666667,
Chris Coghlan,32.0,2017,6878,RF,outfield,-12.7,
Chris Coghlan,33.0,2018,6878,RF,outfield,-13.9,
Chris Coghlan,34.0,2019,6878,RF,outfield,-15.1,
Chris Coghlan,35.0,2020,6878,RF,outfield,-16.3,
Chris Coghlan,36.0,2021,6878,RF,outfield,-17.5,
Chris Coghlan,37.0,2022,6878,RF,outfield,-18.7,
Chris Coghlan,38.0,2023,6878,RF,outfield,-19.9,
Chris Coghlan,39.0,2024,6878,RF,outfield,-21.1,
Chris Coghlan,40.0,2025,6878,RF,outfield,-22.299999999999997,
Chris Coghlan,41.0,2026,6878,RF,outfield,-23.5,
Chris Coghlan,42.0,2027,6878,RF,outfield,-24.699999999999996,
Ian Desmond,31.0,2017,6885,CF,outfield,-1.4,
Ian Desmond,32.0,2018,6885,CF,outfield,-2.5999999999999996,
Ian Desmond,33.0,2019,6885,CF,outfield,-3.8,
Ian Desmond,34.0,2020,6885,CF,outfield,-5.0,
Ian Desmond,35.0,2021,6885,CF,outfield,-6.2,
Ian Desmond,36.0,2022,6885,CF,outfield,-7.4,
Ian Desmond,37.0,2023,6885,CF,outfield,-8.600000000000001,
Ian Desmond,38.0,2024,6885,CF,outfield,-9.8,
Ian Desmond,39.0,2025,6885,CF,outfield,-11.0,
Ian Desmond,40.0,2026,6885,CF,outfield,-12.2,
Ian Desmond,41.0,2027,6885,CF,outfield,-13.399999999999999,
Ian Desmond,42.0,2028,6885,CF,outfield,-14.599999999999998,
Ian Desmond,31.0,2017,6885,LF,outfield,19.599999999999998,
Ian Desmond,32.0,2018,6885,LF,outfield,18.4,
Ian Desmond,33.0,2019,6885,LF,outfield,17.2,
Ian Desmond,34.0,2020,6885,LF,outfield,16.0,
Ian Desmond,35.0,2021,6885,LF,outfield,14.799999999999999,
Ian Desmond,36.0,2022,6885,LF,outfield,13.599999999999998,
Ian Desmond,37.0,2023,6885,LF,outfield,12.399999999999999,
Ian Desmond,38.0,2024,6885,LF,outfield,11.2,
Ian Desmond,39.0,2025,6885,LF,outfield,10.0,
Ian Desmond,40.0,2026,6885,LF,outfield,8.8,
Ian Desmond,41.0,2027,6885,LF,outfield,7.600000000000001,
Ian Desmond,42.0,2028,6885,LF,outfield,6.400000000000002,
Ian Desmond,30.0,2017,6885,SS,infield,-4.366666666666666,
Ian Desmond,31.0,2018,6885,SS,infield,-4.966666666666666,
Ian Desmond,32.0,2019,6885,SS,infield,-6.166666666666666,
Ian Desmond,33.0,2020,6885,SS,infield,-7.366666666666665,
Ian Desmond,34.0,2021,6885,SS,infield,-8.566666666666666,
Ian Desmond,35.0,2022,6885,SS,infield,-9.766666666666666,
Ian Desmond,36.0,2023,6885,SS,infield,-10.966666666666667,
Ian Desmond,37.0,2024,6885,SS,infield,-12.166666666666666,
Ian Desmond,38.0,2025,6885,SS,infield,-13.366666666666665,
Ian Desmond,39.0,2026,6885,SS,infield,-14.566666666666665,
Ian Desmond,40.0,2027,6885,SS,infield,-15.766666666666664,
Ian Desmond,41.0,2028,6885,SS,infield,-16.966666666666665,
Ian Desmond,42.0,2029,6885,SS,infield,-18.166666666666664,
Martin Maldonado,30.0,2017,6887,C,catcher,,19.576752363375373
Martin Maldonado,31.0,2018,6887,C,catcher,,18.976752363375375
Martin Maldonado,32.0,2019,6887,C,catcher,,17.776752363375376
Martin Maldonado,33.0,2020,6887,C,catcher,,16.576752363375377
Martin Maldonado,34.0,2021,6887,C,catcher,,15.376752363375374
Martin Maldonado,35.0,2022,6887,C,catcher,,14.176752363375375
Martin Maldonado,36.0,2023,6887,C,catcher,,12.976752363375375
Martin Maldonado,37.0,2024,6887,C,catcher,,11.776752363375374
Martin Maldonado,38.0,2025,6887,C,catcher,,10.576752363375375
Martin Maldonado,39.0,2026,6887,C,catcher,,9.376752363375376
Martin Maldonado,40.0,2027,6887,C,catcher,,8.176752363375376
Martin Maldonado,41.0,2028,6887,C,catcher,,6.976752363375377
Martin Maldonado,42.0,2029,6887,C,catcher,,5.776752363375378
Clint Robinson,32.0,2017,6908,1B,infield,-6.300000000000001,
Clint Robinson,33.0,2018,6908,1B,infield,-7.5,
Clint Robinson,34.0,2019,6908,1B,infield,-8.7,
Clint Robinson,35.0,2020,6908,1B,infield,-9.9,
Clint Robinson,36.0,2021,6908,1B,infield,-11.100000000000001,
Clint Robinson,37.0,2022,6908,1B,infield,-12.3,
Clint Robinson,38.0,2023,6908,1B,infield,-13.5,
Clint Robinson,39.0,2024,6908,1B,infield,-14.7,
Clint Robinson,40.0,2025,6908,1B,infield,-15.899999999999999,
Clint Robinson,41.0,2026,6908,1B,infield,-17.099999999999998,
Clint Robinson,42.0,2027,6908,1B,infield,-18.299999999999997,
Clint Robinson,31.0,2017,6908,LF,outfield,-30.8,
Clint Robinson,32.0,2018,6908,LF,outfield,-32.0,
Clint Robinson,33.0,2019,6908,LF,outfield,-33.2,
Clint Robinson,34.0,2020,6908,LF,outfield,-34.4,
Clint Robinson,35.0,2021,6908,LF,outfield,-35.6,
Clint Robinson,36.0,2022,6908,LF,outfield,-36.8,
Clint Robinson,37.0,2023,6908,LF,outfield,-38.0,
Clint Robinson,38.0,2024,6908,LF,outfield,-39.2,
Clint Robinson,39.0,2025,6908,LF,outfield,-40.4,
Clint Robinson,40.0,2026,6908,LF,outfield,-41.599999999999994,
Clint Robinson,41.0,2027,6908,LF,outfield,-42.8,
Clint Robinson,42.0,2028,6908,LF,outfield,-44.0,
Clint Robinson,31.0,2017,6908,RF,outfield,-22.3,
Clint Robinson,32.0,2018,6908,RF,outfield,-23.5,
Clint Robinson,33.0,2019,6908,RF,outfield,-24.7,
Clint Robinson,34.0,2020,6908,RF,outfield,-25.9,
Clint Robinson,35.0,2021,6908,RF,outfield,-27.1,
Clint Robinson,36.0,2022,6908,RF,outfield,-28.3,
Clint Robinson,37.0,2023,6908,RF,outfield,-29.5,
Clint Robinson,38.0,2024,6908,RF,outfield,-30.7,
Clint Robinson,39.0,2025,6908,RF,outfield,-31.9,
Clint Robinson,40.0,2026,6908,RF,outfield,-33.099999999999994,
Clint Robinson,41.0,2027,6908,RF,outfield,-34.3,
Clint Robinson,42.0,2028,6908,RF,outfield,-35.5,
Eric Campbell,30.0,2017,6938,1B,infield,0.09999999999999998,
Eric Campbell,31.0,2018,6938,1B,infield,-0.5,
Eric Campbell,32.0,2019,6938,1B,infield,-1.7,
Eric Campbell,33.0,2020,6938,1B,infield,-2.8999999999999995,
Eric Campbell,34.0,2021,6938,1B,infield,-4.1,
Eric Campbell,35.0,2022,6938,1B,infield,-5.3,
Eric Campbell,36.0,2023,6938,1B,infield,-6.5,
Eric Campbell,37.0,2024,6938,1B,infield,-7.7,
Eric Campbell,38.0,2025,6938,1B,infield,-8.9,
Eric Campbell,39.0,2026,6938,1B,infield,-10.1,
Eric Campbell,40.0,2027,6938,1B,infield,-11.299999999999999,
Eric Campbell,41.0,2028,6938,1B,infield,-12.499999999999998,
Eric Campbell,42.0,2029,6938,1B,infield,-13.699999999999998,
Eric Campbell,29.0,2017,6938,3B,infield,-16.333333333333336,
Eric Campbell,30.0,2018,6938,3B,infield,-16.933333333333334,
Eric Campbell,31.0,2019,6938,3B,infield,-17.533333333333335,
Eric Campbell,32.0,2020,6938,3B,infield,-18.733333333333334,
Eric Campbell,33.0,2021,6938,3B,infield,-19.933333333333334,
Eric Campbell,34.0,2022,6938,3B,infield,-21.133333333333333,
Eric Campbell,35.0,2023,6938,3B,infield,-22.333333333333336,
Eric Campbell,36.0,2024,6938,3B,infield,-23.533333333333335,
Eric Campbell,37.0,2025,6938,3B,infield,-24.733333333333334,
Eric Campbell,38.0,2026,6938,3B,infield,-25.933333333333334,
Eric Campbell,39.0,2027,6938,3B,infield,-27.133333333333333,
Eric Campbell,40.0,2028,6938,3B,infield,-28.333333333333332,
Eric Campbell,41.0,2029,6938,3B,infield,-29.53333333333333,
Eric Campbell,42.0,2030,6938,3B,infield,-30.73333333333333,
Eric Campbell,28.0,2017,6938,LF,outfield,22.7,
Eric Campbell,29.0,2018,6938,LF,outfield,22.1,
Eric Campbell,30.0,2019,6938,LF,outfield,21.5,
Eric Campbell,31.0,2020,6938,LF,outfield,20.900000000000002,
Eric Campbell,32.0,2021,6938,LF,outfield,19.700000000000003,
Eric Campbell,33.0,2022,6938,LF,outfield,18.5,
Eric Campbell,34.0,2023,6938,LF,outfield,17.3,
Eric Campbell,35.0,2024,6938,LF,outfield,16.1,
Eric Campbell,36.0,2025,6938,LF,outfield,14.9,
Eric Campbell,37.0,2026,6938,LF,outfield,13.700000000000001,
Eric Campbell,38.0,2027,6938,LF,outfield,12.500000000000002,
Eric Campbell,39.0,2028,6938,LF,outfield,11.300000000000002,
Eric Campbell,40.0,2029,6938,LF,outfield,10.100000000000003,
Eric Campbell,41.0,2030,6938,LF,outfield,8.900000000000004,
Eric Campbell,42.0,2031,6938,LF,outfield,7.700000000000005,
Ryan Kalish,27.0,2017,6962,CF,outfield,15.1,
Ryan Kalish,28.0,2018,6962,CF,outfield,14.5,
Ryan Kalish,29.0,2019,6962,CF,outfield,13.899999999999999,
Ryan Kalish,30.0,2020,6962,CF,outfield,13.299999999999999,
Ryan Kalish,31.0,2021,6962,CF,outfield,12.7,
Ryan Kalish,32.0,2022,6962,CF,outfield,11.5,
Ryan Kalish,33.0,2023,6962,CF,outfield,10.299999999999999,
Ryan Kalish,34.0,2024,6962,CF,outfield,9.099999999999998,
Ryan Kalish,35.0,2025,6962,CF,outfield,7.899999999999999,
Ryan Kalish,36.0,2026,6962,CF,outfield,6.699999999999999,
Ryan Kalish,37.0,2027,6962,CF,outfield,5.5,
Ryan Kalish,38.0,2028,6962,CF,outfield,4.300000000000001,
Ryan Kalish,39.0,2029,6962,CF,outfield,3.1000000000000014,
Ryan Kalish,40.0,2030,6962,CF,outfield,1.9000000000000021,
Ryan Kalish,41.0,2031,6962,CF,outfield,0.7000000000000028,
Ryan Kalish,27.0,2017,6962,LF,outfield,-26.400000000000002,
Ryan Kalish,28.0,2018,6962,LF,outfield,-27.0,
Ryan Kalish,29.0,2019,6962,LF,outfield,-27.6,
Ryan Kalish,30.0,2020,6962,LF,outfield,-28.2,
Ryan Kalish,31.0,2021,6962,LF,outfield,-28.8,
Ryan Kalish,32.0,2022,6962,LF,outfield,-30.0,
Ryan Kalish,33.0,2023,6962,LF,outfield,-31.200000000000003,
Ryan Kalish,34.0,2024,6962,LF,outfield,-32.4,
Ryan Kalish,35.0,2025,6962,LF,outfield,-33.6,
Ryan Kalish,36.0,2026,6962,LF,outfield,-34.8,
Ryan Kalish,37.0,2027,6962,LF,outfield,-36.0,
Ryan Kalish,38.0,2028,6962,LF,outfield,-37.2,
Ryan Kalish,39.0,2029,6962,LF,outfield,-38.4,
Ryan Kalish,40.0,2030,6962,LF,outfield,-39.599999999999994,
Ryan Kalish,41.0,2031,6962,LF,outfield,-40.8,
Ryan Kalish,27.0,2017,6962,RF,outfield,-42.9,
Ryan Kalish,28.0,2018,6962,RF,outfield,-43.5,
Ryan Kalish,29.0,2019,6962,RF,outfield,-44.099999999999994,
Ryan Kalish,30.0,2020,6962,RF,outfield,-44.699999999999996,
Ryan Kalish,31.0,2021,6962,RF,outfield,-45.3,
Ryan Kalish,32.0,2022,6962,RF,outfield,-46.5,
Ryan Kalish,33.0,2023,6962,RF,outfield,-47.699999999999996,
Ryan Kalish,34.0,2024,6962,RF,outfield,-48.9,
Ryan Kalish,35.0,2025,6962,RF,outfield,-50.099999999999994,
Ryan Kalish,36.0,2026,6962,RF,outfield,-51.3,
Ryan Kalish,37.0,2027,6962,RF,outfield,-52.5,
Ryan Kalish,38.0,2028,6962,RF,outfield,-53.699999999999996,
Ryan Kalish,39.0,2029,6962,RF,outfield,-54.89999999999999,
Ryan Kalish,40.0,2030,6962,RF,outfield,-56.099999999999994,
Ryan Kalish,41.0,2031,6962,RF,outfield,-57.3,
Juan Francisco,28.0,2017,6978,1B,infield,-12.1,
Juan Francisco,29.0,2018,6978,1B,infield,-12.7,
Juan Francisco,30.0,2019,6978,1B,infield,-13.3,
Juan Francisco,31.0,2020,6978,1B,infield,-13.9,
Juan Francisco,32.0,2021,6978,1B,infield,-15.1,
Juan Francisco,33.0,2022,6978,1B,infield,-16.3,
Juan Francisco,34.0,2023,6978,1B,infield,-17.5,
Juan Francisco,35.0,2024,6978,1B,infield,-18.7,
Juan Francisco,36.0,2025,6978,1B,infield,-19.9,
Juan Francisco,37.0,2026,6978,1B,infield,-21.1,
Juan Francisco,38.0,2027,6978,1B,infield,-22.299999999999997,
Juan Francisco,39.0,2028,6978,1B,infield,-23.5,
Juan Francisco,40.0,2029,6978,1B,infield,-24.699999999999996,
Juan Francisco,41.0,2030,6978,1B,infield,-25.9,
Juan Francisco,42.0,2031,6978,1B,infield,-27.099999999999994,
Juan Francisco,28.0,2017,6978,3B,infield,-1.7999999999999998,
Juan Francisco,29.0,2018,6978,3B,infield,-2.4,
Juan Francisco,30.0,2019,6978,3B,infield,-3.0,
Juan Francisco,31.0,2020,6978,3B,infield,-3.5999999999999996,
Juan Francisco,32.0,2021,6978,3B,infield,-4.8,
Juan Francisco,33.0,2022,6978,3B,infield,-6.0,
Juan Francisco,34.0,2023,6978,3B,infield,-7.2,
Juan Francisco,35.0,2024,6978,3B,infield,-8.4,
Juan Francisco,36.0,2025,6978,3B,infield,-9.6,
Juan Francisco,37.0,2026,6978,3B,infield,-10.799999999999999,
Juan Francisco,38.0,2027,6978,3B,infield,-11.999999999999998,
Juan Francisco,39.0,2028,6978,3B,infield,-13.199999999999998,
Juan Francisco,40.0,2029,6978,3B,infield,-14.399999999999997,
Juan Francisco,41.0,2030,6978,3B,infield,-15.599999999999996,
Juan Francisco,42.0,2031,6978,3B,infield,-16.799999999999997,
Will Middlebrooks,28.0,2017,7002,3B,infield,9.833333333333334,
Will Middlebrooks,29.0,2018,7002,3B,infield,9.233333333333334,
Will Middlebrooks,30.0,2019,7002,3B,infield,8.633333333333333,
Will Middlebrooks,31.0,2020,7002,3B,infield,8.033333333333333,
Will Middlebrooks,32.0,2021,7002,3B,infield,6.833333333333334,
Will Middlebrooks,33.0,2022,7002,3B,infield,5.633333333333334,
Will Middlebrooks,34.0,2023,7002,3B,infield,4.433333333333334,
Will Middlebrooks,35.0,2024,7002,3B,infield,3.2333333333333334,
Will Middlebrooks,36.0,2025,7002,3B,infield,2.033333333333333,
Will Middlebrooks,37.0,2026,7002,3B,infield,0.8333333333333339,
Will Middlebrooks,38.0,2027,7002,3B,infield,-0.36666666666666536,
Will Middlebrooks,39.0,2028,7002,3B,infield,-1.5666666666666647,
Will Middlebrooks,40.0,2029,7002,3B,infield,-2.766666666666664,
Will Middlebrooks,41.0,2030,7002,3B,infield,-3.9666666666666632,
Will Middlebrooks,42.0,2031,7002,3B,infield,-5.1666666666666625,
Yadier Molina,34.0,2017,7007,C,catcher,,4.028168630105401
Yadier Molina,35.0,2018,7007,C,catcher,,2.828168630105401
Yadier Molina,36.0,2019,7007,C,catcher,,1.6281686301054012
Yadier Molina,37.0,2020,7007,C,catcher,,0.42816863010540107
Yadier Molina,38.0,2021,7007,C,catcher,,-0.7718313698945991
Yadier Molina,39.0,2022,7007,C,catcher,,-1.9718313698945993
Yadier Molina,40.0,2023,7007,C,catcher,,-3.1718313698945995
Yadier Molina,41.0,2024,7007,C,catcher,,-4.371831369894599
Yadier Molina,42.0,2025,7007,C,catcher,,-5.571831369894598
Caleb Joseph,31.0,2017,7087,C,catcher,,14.481272044414448
Caleb Joseph,32.0,2018,7087,C,catcher,,13.281272044414447
Caleb Joseph,33.0,2019,7087,C,catcher,,12.081272044414447
Caleb Joseph,34.0,2020,7087,C,catcher,,10.881272044414448
Caleb Joseph,35.0,2021,7087,C,catcher,,9.681272044414447
Caleb Joseph,36.0,2022,7087,C,catcher,,8.481272044414446
Caleb Joseph,37.0,2023,7087,C,catcher,,7.281272044414447
Caleb Joseph,38.0,2024,7087,C,catcher,,6.0812720444144475
Caleb Joseph,39.0,2025,7087,C,catcher,,4.881272044414448
Caleb Joseph,40.0,2026,7087,C,catcher,,3.681272044414449
Caleb Joseph,41.0,2027,7087,C,catcher,,2.4812720444144496
Caleb Joseph,42.0,2028,7087,C,catcher,,1.2812720444144503
Chris Dickerson,33.0,2017,7095,LF,outfield,-5.3,
Chris Dickerson,34.0,2018,7095,LF,outfield,-6.5,
Chris Dickerson,35.0,2019,7095,LF,outfield,-7.699999999999999,
Chris Dickerson,36.0,2020,7095,LF,outfield,-8.899999999999999,
Chris Dickerson,37.0,2021,7095,LF,outfield,-10.1,
Chris Dickerson,38.0,2022,7095,LF,outfield,-11.3,
Chris Dickerson,39.0,2023,7095,LF,outfield,-12.5,
Chris Dickerson,40.0,2024,7095,LF,outfield,-13.7,
Chris Dickerson,41.0,2025,7095,LF,outfield,-14.899999999999999,
Chris Dickerson,42.0,2026,7095,LF,outfield,-16.099999999999998,
Chris Dickerson,33.0,2017,7095,RF,outfield,-4.5,
Chris Dickerson,34.0,2018,7095,RF,outfield,-5.699999999999999,
Chris Dickerson,35.0,2019,7095,RF,outfield,-6.8999999999999995,
Chris Dickerson,36.0,2020,7095,RF,outfield,-8.1,
Chris Dickerson,37.0,2021,7095,RF,outfield,-9.3,
Chris Dickerson,38.0,2022,7095,RF,outfield,-10.5,
Chris Dickerson,39.0,2023,7095,RF,outfield,-11.7,
Chris Dickerson,40.0,2024,7095,RF,outfield,-12.899999999999999,
Chris Dickerson,41.0,2025,7095,RF,outfield,-14.099999999999998,
Chris Dickerson,42.0,2026,7095,RF,outfield,-15.299999999999997,
Alberto Rosario,30.0,2017,7125,C,catcher,,-46.00358744394619
Alberto Rosario,31.0,2018,7125,C,catcher,,-46.60358744394619
Alberto Rosario,32.0,2019,7125,C,catcher,,-47.803587443946185
Alberto Rosario,33.0,2020,7125,C,catcher,,-49.00358744394619
Alberto Rosario,34.0,2021,7125,C,catcher,,-50.203587443946184
Alberto Rosario,35.0,2022,7125,C,catcher,,-51.403587443946186
Alberto Rosario,36.0,2023,7125,C,catcher,,-52.60358744394619
Alberto Rosario,37.0,2024,7125,C,catcher,,-53.803587443946185
Alberto Rosario,38.0,2025,7125,C,catcher,,-55.00358744394619
Alberto Rosario,39.0,2026,7125,C,catcher,,-56.203587443946184
Alberto Rosario,40.0,2027,7125,C,catcher,,-57.403587443946186
Alberto Rosario,41.0,2028,7125,C,catcher,,-58.60358744394618
Alberto Rosario,42.0,2029,7125,C,catcher,,-59.803587443946185
Eric Young Jr.,31.0,2017,7158,CF,outfield,-17.0,
Eric Young Jr.,32.0,2018,7158,CF,outfield,-18.2,
Eric Young Jr.,33.0,2019,7158,CF,outfield,-19.4,
Eric Young Jr.,34.0,2020,7158,CF,outfield,-20.599999999999998,
Eric Young Jr.,35.0,2021,7158,CF,outfield,-21.799999999999997,
Eric Young Jr.,36.0,2022,7158,CF,outfield,-23.0,
Eric Young Jr.,37.0,2023,7158,CF,outfield,-24.2,
Eric Young Jr.,38.0,2024,7158,CF,outfield,-25.4,
Eric Young Jr.,39.0,2025,7158,CF,outfield,-26.599999999999998,
Eric Young Jr.,40.0,2026,7158,CF,outfield,-27.799999999999997,
Eric Young Jr.,41.0,2027,7158,CF,outfield,-28.999999999999996,
Eric Young Jr.,42.0,2028,7158,CF,outfield,-30.199999999999996,
Eric Young Jr.,31.0,2017,7158,LF,outfield,-8.4,
Eric Young Jr.,32.0,2018,7158,LF,outfield,-9.600000000000001,
Eric Young Jr.,33.0,2019,7158,LF,outfield,-10.8,
Eric Young Jr.,34.0,2020,7158,LF,outfield,-12.0,
Eric Young Jr.,35.0,2021,7158,LF,outfield,-13.200000000000001,
Eric Young Jr.,36.0,2022,7158,LF,outfield,-14.400000000000002,
Eric Young Jr.,37.0,2023,7158,LF,outfield,-15.600000000000001,
Eric Young Jr.,38.0,2024,7158,LF,outfield,-16.8,
Eric Young Jr.,39.0,2025,7158,LF,outfield,-18.0,
Eric Young Jr.,40.0,2026,7158,LF,outfield,-19.2,
Eric Young Jr.,41.0,2027,7158,LF,outfield,-20.4,
Eric Young Jr.,42.0,2028,7158,LF,outfield,-21.599999999999998,
Juan Centeno,27.0,2017,7168,C,catcher,,-21.795801004107716
Juan Centeno,28.0,2018,7168,C,catcher,,-22.395801004107714
Juan Centeno,29.0,2019,7168,C,catcher,,-22.995801004107715
Juan Centeno,30.0,2020,7168,C,catcher,,-23.595801004107713
Juan Centeno,31.0,2021,7168,C,catcher,,-24.195801004107715
Juan Centeno,32.0,2022,7168,C,catcher,,-25.395801004107714
Juan Centeno,33.0,2023,7168,C,catcher,,-26.595801004107713
Juan Centeno,34.0,2024,7168,C,catcher,,-27.795801004107716
Juan Centeno,35.0,2025,7168,C,catcher,,-28.995801004107715
Juan Centeno,36.0,2026,7168,C,catcher,,-30.195801004107715
Juan Centeno,37.0,2027,7168,C,catcher,,-31.395801004107714
Juan Centeno,38.0,2028,7168,C,catcher,,-32.59580100410771
Juan Centeno,39.0,2029,7168,C,catcher,,-33.795801004107716
Juan Centeno,40.0,2030,7168,C,catcher,,-34.99580100410771
Juan Centeno,41.0,2031,7168,C,catcher,,-36.19580100410771
Logan Forsythe,29.0,2017,7185,1B,infield,-15.5,
Logan Forsythe,30.0,2018,7185,1B,infield,-16.1,
Logan Forsythe,31.0,2019,7185,1B,infield,-16.7,
Logan Forsythe,32.0,2020,7185,1B,infield,-17.9,
Logan Forsythe,33.0,2021,7185,1B,infield,-19.1,
Logan Forsythe,34.0,2022,7185,1B,infield,-20.3,
Logan Forsythe,35.0,2023,7185,1B,infield,-21.5,
Logan Forsythe,36.0,2024,7185,1B,infield,-22.700000000000003,
Logan Forsythe,37.0,2025,7185,1B,infield,-23.9,
Logan Forsythe,38.0,2026,7185,1B,infield,-25.1,
Logan Forsythe,39.0,2027,7185,1B,infield,-26.299999999999997,
Logan Forsythe,40.0,2028,7185,1B,infield,-27.5,
Logan Forsythe,41.0,2029,7185,1B,infield,-28.699999999999996,
Logan Forsythe,42.0,2030,7185,1B,infield,-29.9,
Logan Forsythe,30.0,2017,7185,2B,infield,-2.7166666666666672,
Logan Forsythe,31.0,2018,7185,2B,infield,-3.3166666666666673,
Logan Forsythe,32.0,2019,7185,2B,infield,-4.5166666666666675,
Logan Forsythe,33.0,2020,7185,2B,infield,-5.716666666666667,
Logan Forsythe,34.0,2021,7185,2B,infield,-6.916666666666667,
Logan Forsythe,35.0,2022,7185,2B,infield,-8.116666666666667,
Logan Forsythe,36.0,2023,7185,2B,infield,-9.316666666666666,
Logan Forsythe,37.0,2024,7185,2B,infield,-10.516666666666667,
Logan Forsythe,38.0,2025,7185,2B,infield,-11.716666666666667,
Logan Forsythe,39.0,2026,7185,2B,infield,-12.916666666666666,
Logan Forsythe,40.0,2027,7185,2B,infield,-14.116666666666665,
Logan Forsythe,41.0,2028,7185,2B,infield,-15.316666666666665,
Logan Forsythe,42.0,2029,7185,2B,infield,-16.516666666666666,
David Lough,30.0,2017,7215,CF,outfield,10.033333333333333,
David Lough,31.0,2018,7215,CF,outfield,9.433333333333334,
David Lough,32.0,2019,7215,CF,outfield,8.233333333333333,
David Lough,33.0,2020,7215,CF,outfield,7.033333333333333,
David Lough,34.0,2021,7215,CF,outfield,5.833333333333333,
David Lough,35.0,2022,7215,CF,outfield,4.633333333333333,
David Lough,36.0,2023,7215,CF,outfield,3.4333333333333327,
David Lough,37.0,2024,7215,CF,outfield,2.2333333333333325,
David Lough,38.0,2025,7215,CF,outfield,1.0333333333333332,
David Lough,39.0,2026,7215,CF,outfield,-0.16666666666666607,
David Lough,40.0,2027,7215,CF,outfield,-1.3666666666666654,
David Lough,41.0,2028,7215,CF,outfield,-2.5666666666666647,
David Lough,42.0,2029,7215,CF,outfield,-3.766666666666664,
David Lough,31.0,2017,7215,LF,outfield,18.95,
David Lough,32.0,2018,7215,LF,outfield,17.75,
David Lough,33.0,2019,7215,LF,outfield,16.55,
David Lough,34.0,2020,7215,LF,outfield,15.350000000000001,
David Lough,35.0,2021,7215,LF,outfield,14.15,
David Lough,36.0,2022,7215,LF,outfield,12.95,
David Lough,37.0,2023,7215,LF,outfield,11.75,
David Lough,38.0,2024,7215,LF,outfield,10.55,
David Lough,39.0,2025,7215,LF,outfield,9.350000000000001,
David Lough,40.0,2026,7215,LF,outfield,8.150000000000002,
David Lough,41.0,2027,7215,LF,outfield,6.950000000000003,
David Lough,42.0,2028,7215,LF,outfield,5.7500000000000036,
David Lough,31.0,2017,7215,RF,outfield,-12.0,
David Lough,32.0,2018,7215,RF,outfield,-13.2,
David Lough,33.0,2019,7215,RF,outfield,-14.4,
David Lough,34.0,2020,7215,RF,outfield,-15.600000000000001,
David Lough,35.0,2021,7215,RF,outfield,-16.8,
David Lough,36.0,2022,7215,RF,outfield,-18.0,
David Lough,37.0,2023,7215,RF,outfield,-19.200000000000003,
David Lough,38.0,2024,7215,RF,outfield,-20.4,
David Lough,39.0,2025,7215,RF,outfield,-21.6,
David Lough,40.0,2026,7215,RF,outfield,-22.799999999999997,
David Lough,41.0,2027,7215,RF,outfield,-24.0,
David Lough,42.0,2028,7215,RF,outfield,-25.199999999999996,
Tyler Moore,29.0,2017,7244,1B,infield,-10.6,
Tyler Moore,30.0,2018,7244,1B,infield,-11.2,
Tyler Moore,31.0,2019,7244,1B,infield,-11.8,
Tyler Moore,32.0,2020,7244,1B,infield,-13.0,
Tyler Moore,33.0,2021,7244,1B,infield,-14.2,
Tyler Moore,34.0,2022,7244,1B,infield,-15.4,
Tyler Moore,35.0,2023,7244,1B,infield,-16.6,
Tyler Moore,36.0,2024,7244,1B,infield,-17.8,
Tyler Moore,37.0,2025,7244,1B,infield,-19.0,
Tyler Moore,38.0,2026,7244,1B,infield,-20.2,
Tyler Moore,39.0,2027,7244,1B,infield,-21.4,
Tyler Moore,40.0,2028,7244,1B,infield,-22.599999999999998,
Tyler Moore,41.0,2029,7244,1B,infield,-23.799999999999997,
Tyler Moore,42.0,2030,7244,1B,infield,-24.999999999999996,
Tyler Moore,29.0,2017,7244,LF,outfield,-18.0,
Tyler Moore,30.0,2018,7244,LF,outfield,-18.599999999999998,
Tyler Moore,31.0,2019,7244,LF,outfield,-19.2,
Tyler Moore,32.0,2020,7244,LF,outfield,-20.4,
Tyler Moore,33.0,2021,7244,LF,outfield,-21.599999999999998,
Tyler Moore,34.0,2022,7244,LF,outfield,-22.799999999999997,
Tyler Moore,35.0,2023,7244,LF,outfield,-24.0,
Tyler Moore,36.0,2024,7244,LF,outfield,-25.2,
Tyler Moore,37.0,2025,7244,LF,outfield,-26.4,
Tyler Moore,38.0,2026,7244,LF,outfield,-27.599999999999998,
Tyler Moore,39.0,2027,7244,LF,outfield,-28.799999999999997,
Tyler Moore,40.0,2028,7244,LF,outfield,-29.999999999999996,
Tyler Moore,41.0,2029,7244,LF,outfield,-31.199999999999996,
Tyler Moore,42.0,2030,7244,LF,outfield,-32.39999999999999,
Collin Cowgill,29.0,2017,7250,CF,outfield,-30.1,
Collin Cowgill,30.0,2018,7250,CF,outfield,-30.7,
Collin Cowgill,31.0,2019,7250,CF,outfield,-31.3,
Collin Cowgill,32.0,2020,7250,CF,outfield,-32.5,
Collin Cowgill,33.0,2021,7250,CF,outfield,-33.7,
Collin Cowgill,34.0,2022,7250,CF,outfield,-34.9,
Collin Cowgill,35.0,2023,7250,CF,outfield,-36.1,
Collin Cowgill,36.0,2024,7250,CF,outfield,-37.3,
Collin Cowgill,37.0,2025,7250,CF,outfield,-38.5,
Collin Cowgill,38.0,2026,7250,CF,outfield,-39.7,
Collin Cowgill,39.0,2027,7250,CF,outfield,-40.9,
Collin Cowgill,40.0,2028,7250,CF,outfield,-42.099999999999994,
Collin Cowgill,41.0,2029,7250,CF,outfield,-43.3,
Collin Cowgill,42.0,2030,7250,CF,outfield,-44.5,
Collin Cowgill,30.0,2017,7250,LF,outfield,19.866666666666667,
Collin Cowgill,31.0,2018,7250,LF,outfield,19.26666666666667,
Collin Cowgill,32.0,2019,7250,LF,outfield,18.06666666666667,
Collin Cowgill,33.0,2020,7250,LF,outfield,16.866666666666667,
Collin Cowgill,34.0,2021,7250,LF,outfield,15.666666666666668,
Collin Cowgill,35.0,2022,7250,LF,outfield,14.466666666666669,
Collin Cowgill,36.0,2023,7250,LF,outfield,13.26666666666667,
Collin Cowgill,37.0,2024,7250,LF,outfield,12.066666666666668,
Collin Cowgill,38.0,2025,7250,LF,outfield,10.866666666666669,
Collin Cowgill,39.0,2026,7250,LF,outfield,9.66666666666667,
Collin Cowgill,40.0,2027,7250,LF,outfield,8.46666666666667,
Collin Cowgill,41.0,2028,7250,LF,outfield,7.266666666666671,
Collin Cowgill,42.0,2029,7250,LF,outfield,6.066666666666672,
Collin Cowgill,29.0,2017,7250,RF,outfield,9.0,
Collin Cowgill,30.0,2018,7250,RF,outfield,8.4,
Collin Cowgill,31.0,2019,7250,RF,outfield,7.8,
Collin Cowgill,32.0,2020,7250,RF,outfield,6.6,
Collin Cowgill,33.0,2021,7250,RF,outfield,5.3999999999999995,
Collin Cowgill,34.0,2022,7250,RF,outfield,4.199999999999999,
Collin Cowgill,35.0,2023,7250,RF,outfield,2.999999999999999,
Collin Cowgill,36.0,2024,7250,RF,outfield,1.799999999999999,
Collin Cowgill,37.0,2025,7250,RF,outfield,0.5999999999999996,
Collin Cowgill,38.0,2026,7250,RF,outfield,-0.5999999999999996,
Collin Cowgill,39.0,2027,7250,RF,outfield,-1.799999999999999,
Collin Cowgill,40.0,2028,7250,RF,outfield,-2.9999999999999982,
Collin Cowgill,41.0,2029,7250,RF,outfield,-4.1999999999999975,
Collin Cowgill,42.0,2030,7250,RF,outfield,-5.399999999999997,
Carlos Gonzalez,29.0,2017,7287,LF,outfield,-14.4,
Carlos Gonzalez,30.0,2018,7287,LF,outfield,-15.0,
Carlos Gonzalez,31.0,2019,7287,LF,outfield,-15.600000000000001,
Carlos Gonzalez,32.0,2020,7287,LF,outfield,-16.8,
Carlos Gonzalez,33.0,2021,7287,LF,outfield,-18.0,
Carlos Gonzalez,34.0,2022,7287,LF,outfield,-19.200000000000003,
Carlos Gonzalez,35.0,2023,7287,LF,outfield,-20.400000000000002,
Carlos Gonzalez,36.0,2024,7287,LF,outfield,-21.6,
Carlos Gonzalez,37.0,2025,7287,LF,outfield,-22.8,
Carlos Gonzalez,38.0,2026,7287,LF,outfield,-24.0,
Carlos Gonzalez,39.0,2027,7287,LF,outfield,-25.2,
Carlos Gonzalez,40.0,2028,7287,LF,outfield,-26.4,
Carlos Gonzalez,41.0,2029,7287,LF,outfield,-27.599999999999998,
Carlos Gonzalez,42.0,2030,7287,LF,outfield,-28.799999999999997,
Carlos Gonzalez,31.0,2017,7287,RF,outfield,5.7666666666666675,
Carlos Gonzalez,32.0,2018,7287,RF,outfield,4.566666666666667,
Carlos Gonzalez,33.0,2019,7287,RF,outfield,3.366666666666667,
Carlos Gonzalez,34.0,2020,7287,RF,outfield,2.166666666666667,
Carlos Gonzalez,35.0,2021,7287,RF,outfield,0.9666666666666668,
Carlos Gonzalez,36.0,2022,7287,RF,outfield,-0.2333333333333334,
Carlos Gonzalez,37.0,2023,7287,RF,outfield,-1.4333333333333336,
Carlos Gonzalez,38.0,2024,7287,RF,outfield,-2.633333333333333,
Carlos Gonzalez,39.0,2025,7287,RF,outfield,-3.833333333333332,
Carlos Gonzalez,40.0,2026,7287,RF,outfield,-5.033333333333331,
Carlos Gonzalez,41.0,2027,7287,RF,outfield,-6.233333333333331,
Carlos Gonzalez,42.0,2028,7287,RF,outfield,-7.43333333333333,
Jake Elmore,29.0,2017,7290,1B,infield,-15.4,
Jake Elmore,30.0,2018,7290,1B,infield,-16.0,
Jake Elmore,31.0,2019,7290,1B,infield,-16.6,
Jake Elmore,32.0,2020,7290,1B,infield,-17.8,
Jake Elmore,33.0,2021,7290,1B,infield,-19.0,
Jake Elmore,34.0,2022,7290,1B,infield,-20.200000000000003,
Jake Elmore,35.0,2023,7290,1B,infield,-21.400000000000002,
Jake Elmore,36.0,2024,7290,1B,infield,-22.6,
Jake Elmore,37.0,2025,7290,1B,infield,-23.8,
Jake Elmore,38.0,2026,7290,1B,infield,-25.0,
Jake Elmore,39.0,2027,7290,1B,infield,-26.2,
Jake Elmore,40.0,2028,7290,1B,infield,-27.4,
Jake Elmore,41.0,2029,7290,1B,infield,-28.599999999999998,
Jake Elmore,42.0,2030,7290,1B,infield,-29.799999999999997,
Jake Elmore,29.0,2017,7290,3B,infield,-95.89999999999999,
Jake Elmore,30.0,2018,7290,3B,infield,-96.5,
Jake Elmore,31.0,2019,7290,3B,infield,-97.1,
Jake Elmore,32.0,2020,7290,3B,infield,-98.3,
Jake Elmore,33.0,2021,7290,3B,infield,-99.5,
Jake Elmore,34.0,2022,7290,3B,infield,-100.7,
Jake Elmore,35.0,2023,7290,3B,infield,-101.89999999999999,
Jake Elmore,36.0,2024,7290,3B,infield,-103.1,
Jake Elmore,37.0,2025,7290,3B,infield,-104.3,
Jake Elmore,38.0,2026,7290,3B,infield,-105.5,
Jake Elmore,39.0,2027,7290,3B,infield,-106.69999999999999,
Jake Elmore,40.0,2028,7290,3B,infield,-107.89999999999999,
Jake Elmore,41.0,2029,7290,3B,infield,-109.1,
Jake Elmore,42.0,2030,7290,3B,infield,-110.3,
Jake Elmore,30.0,2017,7290,LF,outfield,-34.0,
Jake Elmore,31.0,2018,7290,LF,outfield,-34.6,
Jake Elmore,32.0,2019,7290,LF,outfield,-35.8,
Jake Elmore,33.0,2020,7290,LF,outfield,-37.0,
Jake Elmore,34.0,2021,7290,LF,outfield,-38.199999999999996,
Jake Elmore,35.0,2022,7290,LF,outfield,-39.4,
Jake Elmore,36.0,2023,7290,LF,outfield,-40.6,
Jake Elmore,37.0,2024,7290,LF,outfield,-41.8,
Jake Elmore,38.0,2025,7290,LF,outfield,-43.0,
Jake Elmore,39.0,2026,7290,LF,outfield,-44.199999999999996,
Jake Elmore,40.0,2027,7290,LF,outfield,-45.4,
Jake Elmore,41.0,2028,7290,LF,outfield,-46.599999999999994,
Jake Elmore,42.0,2029,7290,LF,outfield,-47.8,
Salvador Perez,27.0,2017,7304,C,catcher,,4.434494626626674
Salvador Perez,28.0,2018,7304,C,catcher,,3.8344946266266735
Salvador Perez,29.0,2019,7304,C,catcher,,3.234494626626674
Salvador Perez,30.0,2020,7304,C,catcher,,2.6344946266266738
Salvador Perez,31.0,2021,7304,C,catcher,,2.0344946266266737
Salvador Perez,32.0,2022,7304,C,catcher,,0.8344946266266735
Salvador Perez,33.0,2023,7304,C,catcher,,-0.36550537337332667
Salvador Perez,34.0,2024,7304,C,catcher,,-1.5655053733733268
Salvador Perez,35.0,2025,7304,C,catcher,,-2.765505373373327
Salvador Perez,36.0,2026,7304,C,catcher,,-3.9655053733733263
Salvador Perez,37.0,2027,7304,C,catcher,,-5.165505373373326
Salvador Perez,38.0,2028,7304,C,catcher,,-6.365505373373325
Salvador Perez,39.0,2029,7304,C,catcher,,-7.565505373373324
Salvador Perez,40.0,2030,7304,C,catcher,,-8.765505373373323
Salvador Perez,41.0,2031,7304,C,catcher,,-9.965505373373322
Chris Gimenez,32.0,2017,7324,1B,infield,4.1,
Chris Gimenez,33.0,2018,7324,1B,infield,2.9,
Chris Gimenez,34.0,2019,7324,1B,infield,1.7000000000000002,
Chris Gimenez,35.0,2020,7324,1B,infield,0.5,
Chris Gimenez,36.0,2021,7324,1B,infield,-0.7000000000000002,
Chris Gimenez,37.0,2022,7324,1B,infield,-1.9000000000000004,
Chris Gimenez,38.0,2023,7324,1B,infield,-3.1000000000000005,
Chris Gimenez,39.0,2024,7324,1B,infield,-4.3,
Chris Gimenez,40.0,2025,7324,1B,infield,-5.499999999999999,
Chris Gimenez,41.0,2026,7324,1B,infield,-6.699999999999998,
Chris Gimenez,42.0,2027,7324,1B,infield,-7.899999999999998,
Chris Gimenez,34.0,2017,7324,C,catcher,,-16.201823426051785
Chris Gimenez,35.0,2018,7324,C,catcher,,-17.401823426051784
Chris Gimenez,36.0,2019,7324,C,catcher,,-18.601823426051787
Chris Gimenez,37.0,2020,7324,C,catcher,,-19.801823426051786
Chris Gimenez,38.0,2021,7324,C,catcher,,-21.001823426051786
Chris Gimenez,39.0,2022,7324,C,catcher,,-22.201823426051785
Chris Gimenez,40.0,2023,7324,C,catcher,,-23.401823426051784
Chris Gimenez,41.0,2024,7324,C,catcher,,-24.601823426051787
Chris Gimenez,42.0,2025,7324,C,catcher,,-25.801823426051783
Seth Smith,34.0,2017,7331,LF,outfield,-9.716666666666667,
Seth Smith,35.0,2018,7331,LF,outfield,-10.916666666666668,
Seth Smith,36.0,2019,7331,LF,outfield,-12.116666666666667,
Seth Smith,37.0,2020,7331,LF,outfield,-13.316666666666666,
Seth Smith,38.0,2021,7331,LF,outfield,-14.516666666666667,
Seth Smith,39.0,2022,7331,LF,outfield,-15.716666666666669,
Seth Smith,40.0,2023,7331,LF,outfield,-16.916666666666668,
Seth Smith,41.0,2024,7331,LF,outfield,-18.116666666666667,
Seth Smith,42.0,2025,7331,LF,outfield,-19.316666666666666,
Seth Smith,34.0,2017,7331,RF,outfield,-2.8333333333333335,
Seth Smith,35.0,2018,7331,RF,outfield,-4.033333333333333,
Seth Smith,36.0,2019,7331,RF,outfield,-5.233333333333333,
Seth Smith,37.0,2020,7331,RF,outfield,-6.433333333333334,
Seth Smith,38.0,2021,7331,RF,outfield,-7.633333333333334,
Seth Smith,39.0,2022,7331,RF,outfield,-8.833333333333334,
Seth Smith,40.0,2023,7331,RF,outfield,-10.033333333333333,
Seth Smith,41.0,2024,7331,RF,outfield,-11.233333333333333,
Seth Smith,42.0,2025,7331,RF,outfield,-12.433333333333332,
Michael Martinez,34.0,2017,7358,2B,infield,-2.2,
Michael Martinez,35.0,2018,7358,2B,infield,-3.4,
Michael Martinez,36.0,2019,7358,2B,infield,-4.6,
Michael Martinez,37.0,2020,7358,2B,infield,-5.8,
Michael Martinez,38.0,2021,7358,2B,infield,-7.0,
Michael Martinez,39.0,2022,7358,2B,infield,-8.2,
Michael Martinez,40.0,2023,7358,2B,infield,-9.4,
Michael Martinez,41.0,2024,7358,2B,infield,-10.6,
Michael Martinez,42.0,2025,7358,2B,infield,-11.799999999999999,
Michael Martinez,33.0,2017,7358,LF,outfield,-35.5,
Michael Martinez,34.0,2018,7358,LF,outfield,-36.699999999999996,
Michael Martinez,35.0,2019,7358,LF,outfield,-37.9,
Michael Martinez,36.0,2020,7358,LF,outfield,-39.099999999999994,
Michael Martinez,37.0,2021,7358,LF,outfield,-40.3,
Michael Martinez,38.0,2022,7358,LF,outfield,-41.5,
Michael Martinez,39.0,2023,7358,LF,outfield,-42.699999999999996,
Michael Martinez,40.0,2024,7358,LF,outfield,-43.9,
Michael Martinez,41.0,2025,7358,LF,outfield,-45.099999999999994,
Michael Martinez,42.0,2026,7358,LF,outfield,-46.3,
Michael Martinez,34.0,2017,7358,RF,outfield,37.8,
Michael Martinez,35.0,2018,7358,RF,outfield,36.6,
Michael Martinez,36.0,2019,7358,RF,outfield,35.4,
Michael Martinez,37.0,2020,7358,RF,outfield,34.2,
Michael Martinez,38.0,2021,7358,RF,outfield,33.0,
Michael Martinez,39.0,2022,7358,RF,outfield,31.8,
Michael Martinez,40.0,2023,7358,RF,outfield,30.6,
Michael Martinez,41.0,2024,7358,RF,outfield,29.4,
Michael Martinez,42.0,2025,7358,RF,outfield,28.200000000000003,
Billy Butler,31.0,2017,7399,1B,infield,-2.599999999999999,
Billy Butler,32.0,2018,7399,1B,infield,-3.799999999999999,
Billy Butler,33.0,2019,7399,1B,infield,-4.999999999999999,
Billy Butler,34.0,2020,7399,1B,infield,-6.199999999999999,
Billy Butler,35.0,2021,7399,1B,infield,-7.3999999999999995,
Billy Butler,36.0,2022,7399,1B,infield,-8.6,
Billy Butler,37.0,2023,7399,1B,infield,-9.8,
Billy Butler,38.0,2024,7399,1B,infield,-11.0,
Billy Butler,39.0,2025,7399,1B,infield,-12.2,
Billy Butler,40.0,2026,7399,1B,infield,-13.399999999999999,
Billy Butler,41.0,2027,7399,1B,infield,-14.599999999999998,
Billy Butler,42.0,2028,7399,1B,infield,-15.799999999999997,
Xavier Scruggs,29.0,2017,7409,1B,infield,10.233333333333334,
Xavier Scruggs,30.0,2018,7409,1B,infield,9.633333333333335,
Xavier Scruggs,31.0,2019,7409,1B,infield,9.033333333333335,
Xavier Scruggs,32.0,2020,7409,1B,infield,7.833333333333334,
Xavier Scruggs,33.0,2021,7409,1B,infield,6.633333333333334,
Xavier Scruggs,34.0,2022,7409,1B,infield,5.433333333333334,
Xavier Scruggs,35.0,2023,7409,1B,infield,4.233333333333333,
Xavier Scruggs,36.0,2024,7409,1B,infield,3.033333333333333,
Xavier Scruggs,37.0,2025,7409,1B,infield,1.833333333333334,
Xavier Scruggs,38.0,2026,7409,1B,infield,0.6333333333333346,
Xavier Scruggs,39.0,2027,7409,1B,infield,-0.5666666666666647,
Xavier Scruggs,40.0,2028,7409,1B,infield,-1.766666666666664,
Xavier Scruggs,41.0,2029,7409,1B,infield,-2.9666666666666632,
Xavier Scruggs,42.0,2030,7409,1B,infield,-4.1666666666666625,
Paul Janish,34.0,2017,7412,3B,infield,14.5,
Paul Janish,35.0,2018,7412,3B,infield,13.299999999999999,
Paul Janish,36.0,2019,7412,3B,infield,12.1,
Paul Janish,37.0,2020,7412,3B,infield,10.899999999999999,
Paul Janish,38.0,2021,7412,3B,infield,9.7,
Paul Janish,39.0,2022,7412,3B,infield,8.5,
Paul Janish,40.0,2023,7412,3B,infield,7.299999999999999,
Paul Janish,41.0,2024,7412,3B,infield,6.1,
Paul Janish,42.0,2025,7412,3B,infield,4.9,
Paul Janish,33.0,2017,7412,SS,infield,-0.3999999999999999,
Paul Janish,34.0,2018,7412,SS,infield,-1.5999999999999999,
Paul Janish,35.0,2019,7412,SS,infield,-2.8,
Paul Janish,36.0,2020,7412,SS,infield,-4.0,
Paul Janish,37.0,2021,7412,SS,infield,-5.2,
Paul Janish,38.0,2022,7412,SS,infield,-6.4,
Paul Janish,39.0,2023,7412,SS,infield,-7.6000000000000005,
Paul Janish,40.0,2024,7412,SS,infield,-8.799999999999999,
Paul Janish,41.0,2025,7412,SS,infield,-9.999999999999998,
Paul Janish,42.0,2026,7412,SS,infield,-11.199999999999998,
Shane Peterson,28.0,2017,7423,CF,outfield,-19.6,
Shane Peterson,29.0,2018,7423,CF,outfield,-20.2,
Shane Peterson,30.0,2019,7423,CF,outfield,-20.8,
Shane Peterson,31.0,2020,7423,CF,outfield,-21.4,
Shane Peterson,32.0,2021,7423,CF,outfield,-22.6,
Shane Peterson,33.0,2022,7423,CF,outfield,-23.8,
Shane Peterson,34.0,2023,7423,CF,outfield,-25.0,
Shane Peterson,35.0,2024,7423,CF,outfield,-26.2,
Shane Peterson,36.0,2025,7423,CF,outfield,-27.4,
Shane Peterson,37.0,2026,7423,CF,outfield,-28.6,
Shane Peterson,38.0,2027,7423,CF,outfield,-29.799999999999997,
Shane Peterson,39.0,2028,7423,CF,outfield,-31.0,
Shane Peterson,40.0,2029,7423,CF,outfield,-32.199999999999996,
Shane Peterson,41.0,2030,7423,CF,outfield,-33.4,
Shane Peterson,42.0,2031,7423,CF,outfield,-34.599999999999994,
Shane Peterson,28.0,2017,7423,LF,outfield,11.9,
Shane Peterson,29.0,2018,7423,LF,outfield,11.3,
Shane Peterson,30.0,2019,7423,LF,outfield,10.7,
Shane Peterson,31.0,2020,7423,LF,outfield,10.1,
Shane Peterson,32.0,2021,7423,LF,outfield,8.9,
Shane Peterson,33.0,2022,7423,LF,outfield,7.7,
Shane Peterson,34.0,2023,7423,LF,outfield,6.5,
Shane Peterson,35.0,2024,7423,LF,outfield,5.3,
Shane Peterson,36.0,2025,7423,LF,outfield,4.1,
Shane Peterson,37.0,2026,7423,LF,outfield,2.9000000000000004,
Shane Peterson,38.0,2027,7423,LF,outfield,1.700000000000001,
Shane Peterson,39.0,2028,7423,LF,outfield,0.5000000000000018,
Shane Peterson,40.0,2029,7423,LF,outfield,-0.6999999999999975,
Shane Peterson,41.0,2030,7423,LF,outfield,-1.8999999999999968,
Shane Peterson,42.0,2031,7423,LF,outfield,-3.099999999999996,
Shane Peterson,28.0,2017,7423,RF,outfield,-7.199999999999999,
Shane Peterson,29.0,2018,7423,RF,outfield,-7.8,
Shane Peterson,30.0,2019,7423,RF,outfield,-8.399999999999999,
Shane Peterson,31.0,2020,7423,RF,outfield,-9.0,
Shane Peterson,32.0,2021,7423,RF,outfield,-10.2,
Shane Peterson,33.0,2022,7423,RF,outfield,-11.399999999999999,
Shane Peterson,34.0,2023,7423,RF,outfield,-12.6,
Shane Peterson,35.0,2024,7423,RF,outfield,-13.8,
Shane Peterson,36.0,2025,7423,RF,outfield,-15.0,
Shane Peterson,37.0,2026,7423,RF,outfield,-16.2,
Shane Peterson,38.0,2027,7423,RF,outfield,-17.4,
Shane Peterson,39.0,2028,7423,RF,outfield,-18.599999999999998,
Shane Peterson,40.0,2029,7423,RF,outfield,-19.799999999999997,
Shane Peterson,41.0,2030,7423,RF,outfield,-20.999999999999996,
Shane Peterson,42.0,2031,7423,RF,outfield,-22.199999999999996,
Ben Zobrist,36.0,2017,7435,2B,infield,-0.7166666666666666,
Ben Zobrist,37.0,2018,7435,2B,infield,-1.9166666666666665,
Ben Zobrist,38.0,2019,7435,2B,infield,-3.1166666666666663,
Ben Zobrist,39.0,2020,7435,2B,infield,-4.316666666666666,
Ben Zobrist,40.0,2021,7435,2B,infield,-5.516666666666667,
Ben Zobrist,41.0,2022,7435,2B,infield,-6.716666666666667,
Ben Zobrist,42.0,2023,7435,2B,infield,-7.916666666666667,
Ben Zobrist,36.0,2017,7435,LF,outfield,4.3500000000000005,
Ben Zobrist,37.0,2018,7435,LF,outfield,3.150000000000001,
Ben Zobrist,38.0,2019,7435,LF,outfield,1.950000000000001,
Ben Zobrist,39.0,2020,7435,LF,outfield,0.7500000000000009,
Ben Zobrist,40.0,2021,7435,LF,outfield,-0.4499999999999993,
Ben Zobrist,41.0,2022,7435,LF,outfield,-1.6499999999999995,
Ben Zobrist,42.0,2023,7435,LF,outfield,-2.8499999999999996,
Ben Zobrist,36.0,2017,7435,RF,outfield,-6.500000000000001,
Ben Zobrist,37.0,2018,7435,RF,outfield,-7.700000000000001,
Ben Zobrist,38.0,2019,7435,RF,outfield,-8.9,
Ben Zobrist,39.0,2020,7435,RF,outfield,-10.100000000000001,
Ben Zobrist,40.0,2021,7435,RF,outfield,-11.3,
Ben Zobrist,41.0,2022,7435,RF,outfield,-12.5,
Ben Zobrist,42.0,2023,7435,RF,outfield,-13.700000000000001,
Ben Zobrist,34.0,2017,7435,SS,infield,7.499999999999999,
Ben Zobrist,35.0,2018,7435,SS,infield,6.299999999999999,
Ben Zobrist,36.0,2019,7435,SS,infield,5.1,
Ben Zobrist,37.0,2020,7435,SS,infield,3.8999999999999995,
Ben Zobrist,38.0,2021,7435,SS,infield,2.6999999999999993,
Ben Zobrist,39.0,2022,7435,SS,infield,1.4999999999999991,
Ben Zobrist,40.0,2023,7435,SS,infield,0.29999999999999893,
Ben Zobrist,41.0,2024,7435,SS,infield,-0.9000000000000004,
Ben Zobrist,42.0,2025,7435,SS,infield,-2.0999999999999996,
Trevor Plouffe,31.0,2017,7462,1B,infield,5.7,
Trevor Plouffe,32.0,2018,7462,1B,infield,4.5,
Trevor Plouffe,33.0,2019,7462,1B,infield,3.3,
Trevor Plouffe,34.0,2020,7462,1B,infield,2.0999999999999996,
Trevor Plouffe,35.0,2021,7462,1B,infield,0.8999999999999995,
Trevor Plouffe,36.0,2022,7462,1B,infield,-0.3000000000000007,
Trevor Plouffe,37.0,2023,7462,1B,infield,-1.5000000000000009,
Trevor Plouffe,38.0,2024,7462,1B,infield,-2.7,
Trevor Plouffe,39.0,2025,7462,1B,infield,-3.8999999999999995,
Trevor Plouffe,40.0,2026,7462,1B,infield,-5.099999999999999,
Trevor Plouffe,41.0,2027,7462,1B,infield,-6.299999999999998,
Trevor Plouffe,42.0,2028,7462,1B,infield,-7.499999999999997,
Trevor Plouffe,31.0,2017,7462,3B,infield,-4.549999999999999,
Trevor Plouffe,32.0,2018,7462,3B,infield,-5.749999999999999,
Trevor Plouffe,33.0,2019,7462,3B,infield,-6.949999999999999,
Trevor Plouffe,34.0,2020,7462,3B,infield,-8.149999999999999,
Trevor Plouffe,35.0,2021,7462,3B,infield,-9.35,
Trevor Plouffe,36.0,2022,7462,3B,infield,-10.55,
Trevor Plouffe,37.0,2023,7462,3B,infield,-11.75,
Trevor Plouffe,38.0,2024,7462,3B,infield,-12.95,
Trevor Plouffe,39.0,2025,7462,3B,infield,-14.149999999999999,
Trevor Plouffe,40.0,2026,7462,3B,infield,-15.349999999999998,
Trevor Plouffe,41.0,2027,7462,3B,infield,-16.549999999999997,
Trevor Plouffe,42.0,2028,7462,3B,infield,-17.749999999999996,
Alex Avila,29.0,2017,7476,1B,infield,-1.0,
Alex Avila,30.0,2018,7476,1B,infield,-1.6,
Alex Avila,31.0,2019,7476,1B,infield,-2.1999999999999997,
Alex Avila,32.0,2020,7476,1B,infield,-3.4,
Alex Avila,33.0,2021,7476,1B,infield,-4.6000000000000005,
Alex Avila,34.0,2022,7476,1B,infield,-5.800000000000001,
Alex Avila,35.0,2023,7476,1B,infield,-7.000000000000001,
Alex Avila,36.0,2024,7476,1B,infield,-8.200000000000001,
Alex Avila,37.0,2025,7476,1B,infield,-9.4,
Alex Avila,38.0,2026,7476,1B,infield,-10.6,
Alex Avila,39.0,2027,7476,1B,infield,-11.799999999999999,
Alex Avila,40.0,2028,7476,1B,infield,-12.999999999999998,
Alex Avila,41.0,2029,7476,1B,infield,-14.199999999999998,
Alex Avila,42.0,2030,7476,1B,infield,-15.399999999999997,
Alex Avila,30.0,2017,7476,C,catcher,,-8.029878453738814
Alex Avila,31.0,2018,7476,C,catcher,,-8.629878453738813
Alex Avila,32.0,2019,7476,C,catcher,,-9.829878453738813
Alex Avila,33.0,2020,7476,C,catcher,,-11.029878453738814
Alex Avila,34.0,2021,7476,C,catcher,,-12.229878453738813
Alex Avila,35.0,2022,7476,C,catcher,,-13.429878453738812
Alex Avila,36.0,2023,7476,C,catcher,,-14.629878453738813
Alex Avila,37.0,2024,7476,C,catcher,,-15.829878453738814
Alex Avila,38.0,2025,7476,C,catcher,,-17.029878453738814
Alex Avila,39.0,2026,7476,C,catcher,,-18.229878453738813
Alex Avila,40.0,2027,7476,C,catcher,,-19.429878453738812
Alex Avila,41.0,2028,7476,C,catcher,,-20.62987845373881
Alex Avila,42.0,2029,7476,C,catcher,,-21.82987845373881
Mike Carp,29.0,2017,7480,1B,infield,10.9,
Mike Carp,30.0,2018,7480,1B,infield,10.3,
Mike Carp,31.0,2019,7480,1B,infield,9.7,
Mike Carp,32.0,2020,7480,1B,infield,8.5,
Mike Carp,33.0,2021,7480,1B,infield,7.3,
Mike Carp,34.0,2022,7480,1B,infield,6.1,
Mike Carp,35.0,2023,7480,1B,infield,4.8999999999999995,
Mike Carp,36.0,2024,7480,1B,infield,3.6999999999999993,
Mike Carp,37.0,2025,7480,1B,infield,2.5,
Mike Carp,38.0,2026,7480,1B,infield,1.3000000000000007,
Mike Carp,39.0,2027,7480,1B,infield,0.10000000000000142,
Mike Carp,40.0,2028,7480,1B,infield,-1.0999999999999979,
Mike Carp,41.0,2029,7480,1B,infield,-2.299999999999997,
Mike Carp,42.0,2030,7480,1B,infield,-3.4999999999999964,
Mike Carp,29.0,2017,7480,LF,outfield,1.6,
Mike Carp,30.0,2018,7480,LF,outfield,1.0000000000000002,
Mike Carp,31.0,2019,7480,LF,outfield,0.40000000000000036,
Mike Carp,32.0,2020,7480,LF,outfield,-0.7999999999999998,
Mike Carp,33.0,2021,7480,LF,outfield,-2.0,
Mike Carp,34.0,2022,7480,LF,outfield,-3.2,
Mike Carp,35.0,2023,7480,LF,outfield,-4.4,
Mike Carp,36.0,2024,7480,LF,outfield,-5.6000000000000005,
Mike Carp,37.0,2025,7480,LF,outfield,-6.8,
Mike Carp,38.0,2026,7480,LF,outfield,-7.999999999999999,
Mike Carp,39.0,2027,7480,LF,outfield,-9.2,
Mike Carp,40.0,2028,7480,LF,outfield,-10.399999999999999,
Mike Carp,41.0,2029,7480,LF,outfield,-11.599999999999998,
Mike Carp,42.0,2030,7480,LF,outfield,-12.799999999999997,
Jhonatan Solano,30.0,2017,7515,C,catcher,,-0.6
Jhonatan Solano,31.0,2018,7515,C,catcher,,-1.2
Jhonatan Solano,32.0,2019,7515,C,catcher,,-2.4
Jhonatan Solano,33.0,2020,7515,C,catcher,,-3.5999999999999996
Jhonatan Solano,34.0,2021,7515,C,catcher,,-4.8
Jhonatan Solano,35.0,2022,7515,C,catcher,,-6.0
Jhonatan Solano,36.0,2023,7515,C,catcher,,-7.2
Jhonatan Solano,37.0,2024,7515,C,catcher,,-8.4
Jhonatan Solano,38.0,2025,7515,C,catcher,,-9.6
Jhonatan Solano,39.0,2026,7515,C,catcher,,-10.799999999999999
Jhonatan Solano,40.0,2027,7515,C,catcher,,-11.999999999999998
Jhonatan Solano,41.0,2028,7515,C,catcher,,-13.199999999999998
Jhonatan Solano,42.0,2029,7515,C,catcher,,-14.399999999999997
Kevin Frandsen,33.0,2017,7528,1B,infield,3.3999999999999995,
Kevin Frandsen,34.0,2018,7528,1B,infield,2.1999999999999997,
Kevin Frandsen,35.0,2019,7528,1B,infield,1.0,
Kevin Frandsen,36.0,2020,7528,1B,infield,-0.20000000000000018,
Kevin Frandsen,37.0,2021,7528,1B,infield,-1.4000000000000004,
Kevin Frandsen,38.0,2022,7528,1B,infield,-2.6000000000000005,
Kevin Frandsen,39.0,2023,7528,1B,infield,-3.8000000000000007,
Kevin Frandsen,40.0,2024,7528,1B,infield,-5.0,
Kevin Frandsen,41.0,2025,7528,1B,infield,-6.199999999999999,
Kevin Frandsen,42.0,2026,7528,1B,infield,-7.399999999999999,
Kevin Frandsen,33.0,2017,7528,2B,infield,13.100000000000001,
Kevin Frandsen,34.0,2018,7528,2B,infield,11.9,
Kevin Frandsen,35.0,2019,7528,2B,infield,10.700000000000001,
Kevin Frandsen,36.0,2020,7528,2B,infield,9.5,
Kevin Frandsen,37.0,2021,7528,2B,infield,8.3,
Kevin Frandsen,38.0,2022,7528,2B,infield,7.1000000000000005,
Kevin Frandsen,39.0,2023,7528,2B,infield,5.9,
Kevin Frandsen,40.0,2024,7528,2B,infield,4.700000000000001,
Kevin Frandsen,41.0,2025,7528,2B,infield,3.5000000000000018,
Kevin Frandsen,42.0,2026,7528,2B,infield,2.3000000000000025,
Kevin Frandsen,33.0,2017,7528,3B,infield,-27.4,
Kevin Frandsen,34.0,2018,7528,3B,infield,-28.599999999999998,
Kevin Frandsen,35.0,2019,7528,3B,infield,-29.799999999999997,
Kevin Frandsen,36.0,2020,7528,3B,infield,-31.0,
Kevin Frandsen,37.0,2021,7528,3B,infield,-32.2,
Kevin Frandsen,38.0,2022,7528,3B,infield,-33.4,
Kevin Frandsen,39.0,2023,7528,3B,infield,-34.6,
Kevin Frandsen,40.0,2024,7528,3B,infield,-35.8,
Kevin Frandsen,41.0,2025,7528,3B,infield,-37.0,
Kevin Frandsen,42.0,2026,7528,3B,infield,-38.199999999999996,
Kevin Frandsen,33.0,2017,7528,LF,outfield,-13.899999999999999,
Kevin Frandsen,34.0,2018,7528,LF,outfield,-15.1,
Kevin Frandsen,35.0,2019,7528,LF,outfield,-16.299999999999997,
Kevin Frandsen,36.0,2020,7528,LF,outfield,-17.5,
Kevin Frandsen,37.0,2021,7528,LF,outfield,-18.7,
Kevin Frandsen,38.0,2022,7528,LF,outfield,-19.9,
Kevin Frandsen,39.0,2023,7528,LF,outfield,-21.1,
Kevin Frandsen,40.0,2024,7528,LF,outfield,-22.299999999999997,
Kevin Frandsen,41.0,2025,7528,LF,outfield,-23.5,
Kevin Frandsen,42.0,2026,7528,LF,outfield,-24.699999999999996,
Ed Lucas,33.0,2017,7532,2B,infield,5.8,
Ed Lucas,34.0,2018,7532,2B,infield,4.6,
Ed Lucas,35.0,2019,7532,2B,infield,3.4000000000000004,
Ed Lucas,36.0,2020,7532,2B,infield,2.2,
Ed Lucas,37.0,2021,7532,2B,infield,1.0,
Ed Lucas,38.0,2022,7532,2B,infield,-0.20000000000000018,
Ed Lucas,39.0,2023,7532,2B,infield,-1.4000000000000004,
Ed Lucas,40.0,2024,7532,2B,infield,-2.5999999999999996,
Ed Lucas,41.0,2025,7532,2B,infield,-3.799999999999999,
Ed Lucas,42.0,2026,7532,2B,infield,-4.999999999999998,
Ed Lucas,33.0,2017,7532,SS,infield,-1.3,
Ed Lucas,34.0,2018,7532,SS,infield,-2.5,
Ed Lucas,35.0,2019,7532,SS,infield,-3.6999999999999997,
Ed Lucas,36.0,2020,7532,SS,infield,-4.8999999999999995,
Ed Lucas,37.0,2021,7532,SS,infield,-6.1,
Ed Lucas,38.0,2022,7532,SS,infield,-7.3,
Ed Lucas,39.0,2023,7532,SS,infield,-8.5,
Ed Lucas,40.0,2024,7532,SS,infield,-9.7,
Ed Lucas,41.0,2025,7532,SS,infield,-10.899999999999999,
Ed Lucas,42.0,2026,7532,SS,infield,-12.099999999999998,
Neil Walker,31.0,2017,7539,2B,infield,2.083333333333333,
Neil Walker,32.0,2018,7539,2B,infield,0.8833333333333333,
Neil Walker,33.0,2019,7539,2B,infield,-0.3166666666666669,
Neil Walker,34.0,2020,7539,2B,infield,-1.516666666666667,
Neil Walker,35.0,2021,7539,2B,infield,-2.7166666666666672,
Neil Walker,36.0,2022,7539,2B,infield,-3.9166666666666674,
Neil Walker,37.0,2023,7539,2B,infield,-5.116666666666667,
Neil Walker,38.0,2024,7539,2B,infield,-6.316666666666666,
Neil Walker,39.0,2025,7539,2B,infield,-7.516666666666666,
Neil Walker,40.0,2026,7539,2B,infield,-8.716666666666665,
Neil Walker,41.0,2027,7539,2B,infield,-9.916666666666664,
Neil Walker,42.0,2028,7539,2B,infield,-11.116666666666664,
Lonnie Chisenhall,26.0,2017,7571,1B,infield,-4.0,
Lonnie Chisenhall,27.0,2018,7571,1B,infield,-4.6,
Lonnie Chisenhall,28.0,2019,7571,1B,infield,-5.2,
Lonnie Chisenhall,29.0,2020,7571,1B,infield,-5.8,
Lonnie Chisenhall,30.0,2021,7571,1B,infield,-6.4,
Lonnie Chisenhall,31.0,2022,7571,1B,infield,-7.0,
Lonnie Chisenhall,32.0,2023,7571,1B,infield,-8.2,
Lonnie Chisenhall,33.0,2024,7571,1B,infield,-9.4,
Lonnie Chisenhall,34.0,2025,7571,1B,infield,-10.600000000000001,
Lonnie Chisenhall,35.0,2026,7571,1B,infield,-11.8,
Lonnie Chisenhall,36.0,2027,7571,1B,infield,-13.0,
Lonnie Chisenhall,37.0,2028,7571,1B,infield,-14.2,
Lonnie Chisenhall,38.0,2029,7571,1B,infield,-15.399999999999999,
Lonnie Chisenhall,39.0,2030,7571,1B,infield,-16.599999999999998,
Lonnie Chisenhall,40.0,2031,7571,1B,infield,-17.799999999999997,
Lonnie Chisenhall,27.0,2017,7571,3B,infield,-2.933333333333334,
Lonnie Chisenhall,28.0,2018,7571,3B,infield,-3.533333333333334,
Lonnie Chisenhall,29.0,2019,7571,3B,infield,-4.133333333333334,
Lonnie Chisenhall,30.0,2020,7571,3B,infield,-4.733333333333334,
Lonnie Chisenhall,31.0,2021,7571,3B,infield,-5.333333333333334,
Lonnie Chisenhall,32.0,2022,7571,3B,infield,-6.533333333333334,
Lonnie Chisenhall,33.0,2023,7571,3B,infield,-7.733333333333334,
Lonnie Chisenhall,34.0,2024,7571,3B,infield,-8.933333333333334,
Lonnie Chisenhall,35.0,2025,7571,3B,infield,-10.133333333333335,
Lonnie Chisenhall,36.0,2026,7571,3B,infield,-11.333333333333334,
Lonnie Chisenhall,37.0,2027,7571,3B,infield,-12.533333333333333,
Lonnie Chisenhall,38.0,2028,7571,3B,infield,-13.733333333333333,
Lonnie Chisenhall,39.0,2029,7571,3B,infield,-14.933333333333332,
Lonnie Chisenhall,40.0,2030,7571,3B,infield,-16.133333333333333,
Lonnie Chisenhall,41.0,2031,7571,3B,infield,-17.33333333333333,
Lonnie Chisenhall,28.0,2017,7571,RF,outfield,8.033333333333333,
Lonnie Chisenhall,29.0,2018,7571,RF,outfield,7.433333333333333,
Lonnie Chisenhall,30.0,2019,7571,RF,outfield,6.833333333333333,
Lonnie Chisenhall,31.0,2020,7571,RF,outfield,6.2333333333333325,
Lonnie Chisenhall,32.0,2021,7571,RF,outfield,5.033333333333333,
Lonnie Chisenhall,33.0,2022,7571,RF,outfield,3.833333333333333,
Lonnie Chisenhall,34.0,2023,7571,RF,outfield,2.633333333333333,
Lonnie Chisenhall,35.0,2024,7571,RF,outfield,1.4333333333333327,
Lonnie Chisenhall,36.0,2025,7571,RF,outfield,0.2333333333333325,
Lonnie Chisenhall,37.0,2026,7571,RF,outfield,-0.9666666666666668,
Lonnie Chisenhall,38.0,2027,7571,RF,outfield,-2.166666666666666,
Lonnie Chisenhall,39.0,2028,7571,RF,outfield,-3.3666666666666654,
Lonnie Chisenhall,40.0,2029,7571,RF,outfield,-4.566666666666665,
Lonnie Chisenhall,41.0,2030,7571,RF,outfield,-5.766666666666664,
Lonnie Chisenhall,42.0,2031,7571,RF,outfield,-6.966666666666663,
Marc Krauss,28.0,2017,7577,1B,infield,-9.366666666666667,
Marc Krauss,29.0,2018,7577,1B,infield,-9.966666666666667,
Marc Krauss,30.0,2019,7577,1B,infield,-10.566666666666666,
Marc Krauss,31.0,2020,7577,1B,infield,-11.166666666666668,
Marc Krauss,32.0,2021,7577,1B,infield,-12.366666666666667,
Marc Krauss,33.0,2022,7577,1B,infield,-13.566666666666666,
Marc Krauss,34.0,2023,7577,1B,infield,-14.766666666666667,
Marc Krauss,35.0,2024,7577,1B,infield,-15.966666666666669,
Marc Krauss,36.0,2025,7577,1B,infield,-17.166666666666668,
Marc Krauss,37.0,2026,7577,1B,infield,-18.366666666666667,
Marc Krauss,38.0,2027,7577,1B,infield,-19.566666666666666,
Marc Krauss,39.0,2028,7577,1B,infield,-20.766666666666666,
Marc Krauss,40.0,2029,7577,1B,infield,-21.966666666666665,
Marc Krauss,41.0,2030,7577,1B,infield,-23.166666666666664,
Marc Krauss,42.0,2031,7577,1B,infield,-24.366666666666664,
Marc Krauss,27.0,2017,7577,LF,outfield,9.0,
Marc Krauss,28.0,2018,7577,LF,outfield,8.4,
Marc Krauss,29.0,2019,7577,LF,outfield,7.8,
Marc Krauss,30.0,2020,7577,LF,outfield,7.199999999999999,
Marc Krauss,31.0,2021,7577,LF,outfield,6.6,
Marc Krauss,32.0,2022,7577,LF,outfield,5.3999999999999995,
Marc Krauss,33.0,2023,7577,LF,outfield,4.199999999999999,
Marc Krauss,34.0,2024,7577,LF,outfield,2.999999999999999,
Marc Krauss,35.0,2025,7577,LF,outfield,1.799999999999999,
Marc Krauss,36.0,2026,7577,LF,outfield,0.5999999999999996,
Marc Krauss,37.0,2027,7577,LF,outfield,-0.5999999999999996,
Marc Krauss,38.0,2028,7577,LF,outfield,-1.799999999999999,
Marc Krauss,39.0,2029,7577,LF,outfield,-2.9999999999999982,
Marc Krauss,40.0,2030,7577,LF,outfield,-4.1999999999999975,
Marc Krauss,41.0,2031,7577,LF,outfield,-5.399999999999997,
Mark Reynolds,33.0,2017,7619,1B,infield,-0.7000000000000002,
Mark Reynolds,34.0,2018,7619,1B,infield,-1.9000000000000001,
Mark Reynolds,35.0,2019,7619,1B,infield,-3.0999999999999996,
Mark Reynolds,36.0,2020,7619,1B,infield,-4.3,
Mark Reynolds,37.0,2021,7619,1B,infield,-5.5,
Mark Reynolds,38.0,2022,7619,1B,infield,-6.7,
Mark Reynolds,39.0,2023,7619,1B,infield,-7.9,
Mark Reynolds,40.0,2024,7619,1B,infield,-9.1,
Mark Reynolds,41.0,2025,7619,1B,infield,-10.299999999999999,
Mark Reynolds,42.0,2026,7619,1B,infield,-11.499999999999998,
Mark Reynolds,32.0,2017,7619,3B,infield,-26.2,
Mark Reynolds,33.0,2018,7619,3B,infield,-27.4,
Mark Reynolds,34.0,2019,7619,3B,infield,-28.6,
Mark Reynolds,35.0,2020,7619,3B,infield,-29.8,
Mark Reynolds,36.0,2021,7619,3B,infield,-31.0,
Mark Reynolds,37.0,2022,7619,3B,infield,-32.2,
Mark Reynolds,38.0,2023,7619,3B,infield,-33.4,
Mark Reynolds,39.0,2024,7619,3B,infield,-34.6,
Mark Reynolds,40.0,2025,7619,3B,infield,-35.8,
Mark Reynolds,41.0,2026,7619,3B,infield,-37.0,
Mark Reynolds,42.0,2027,7619,3B,infield,-38.199999999999996,
Justin Ruggiano,34.0,2017,7620,CF,outfield,-30.299999999999997,
Justin Ruggiano,35.0,2018,7620,CF,outfield,-31.499999999999996,
Justin Ruggiano,36.0,2019,7620,CF,outfield,-32.699999999999996,
Justin Ruggiano,37.0,2020,7620,CF,outfield,-33.9,
Justin Ruggiano,38.0,2021,7620,CF,outfield,-35.099999999999994,
Justin Ruggiano,39.0,2022,7620,CF,outfield,-36.3,
Justin Ruggiano,40.0,2023,7620,CF,outfield,-37.5,
Justin Ruggiano,41.0,2024,7620,CF,outfield,-38.699999999999996,
Justin Ruggiano,42.0,2025,7620,CF,outfield,-39.9,
Justin Ruggiano,34.0,2017,7620,LF,outfield,-8.6,
Justin Ruggiano,35.0,2018,7620,LF,outfield,-9.799999999999999,
Justin Ruggiano,36.0,2019,7620,LF,outfield,-11.0,
Justin Ruggiano,37.0,2020,7620,LF,outfield,-12.2,
Justin Ruggiano,38.0,2021,7620,LF,outfield,-13.399999999999999,
Justin Ruggiano,39.0,2022,7620,LF,outfield,-14.6,
Justin Ruggiano,40.0,2023,7620,LF,outfield,-15.8,
Justin Ruggiano,41.0,2024,7620,LF,outfield,-17.0,
Justin Ruggiano,42.0,2025,7620,LF,outfield,-18.2,
Justin Ruggiano,34.0,2017,7620,RF,outfield,-21.9,
Justin Ruggiano,35.0,2018,7620,RF,outfield,-23.099999999999998,
Justin Ruggiano,36.0,2019,7620,RF,outfield,-24.299999999999997,
Justin Ruggiano,37.0,2020,7620,RF,outfield,-25.5,
Justin Ruggiano,38.0,2021,7620,RF,outfield,-26.7,
Justin Ruggiano,39.0,2022,7620,RF,outfield,-27.9,
Justin Ruggiano,40.0,2023,7620,RF,outfield,-29.1,
Justin Ruggiano,41.0,2024,7620,RF,outfield,-30.299999999999997,
Justin Ruggiano,42.0,2025,7620,RF,outfield,-31.5,
Travis d'Arnaud,28.0,2017,7739,C,catcher,,-6.41500794400807
Travis d'Arnaud,29.0,2018,7739,C,catcher,,-7.015007944008071
Travis d'Arnaud,30.0,2019,7739,C,catcher,,-7.61500794400807
Travis d'Arnaud,31.0,2020,7739,C,catcher,,-8.21500794400807
Travis d'Arnaud,32.0,2021,7739,C,catcher,,-9.415007944008071
Travis d'Arnaud,33.0,2022,7739,C,catcher,,-10.61500794400807
Travis d'Arnaud,34.0,2023,7739,C,catcher,,-11.81500794400807
Travis d'Arnaud,35.0,2024,7739,C,catcher,,-13.01500794400807
Travis d'Arnaud,36.0,2025,7739,C,catcher,,-14.215007944008072
Travis d'Arnaud,37.0,2026,7739,C,catcher,,-15.415007944008071
Travis d'Arnaud,38.0,2027,7739,C,catcher,,-16.61500794400807
Travis d'Arnaud,39.0,2028,7739,C,catcher,,-17.81500794400807
Travis d'Arnaud,40.0,2029,7739,C,catcher,,-19.01500794400807
Travis d'Arnaud,41.0,2030,7739,C,catcher,,-20.215007944008068
Travis d'Arnaud,42.0,2031,7739,C,catcher,,-21.415007944008067
Ty Kelly,28.0,2017,7740,3B,infield,31.699999999999996,
Ty Kelly,29.0,2018,7740,3B,infield,31.099999999999998,
Ty Kelly,30.0,2019,7740,3B,infield,30.499999999999996,
Ty Kelly,31.0,2020,7740,3B,infield,29.9,
Ty Kelly,32.0,2021,7740,3B,infield,28.699999999999996,
Ty Kelly,33.0,2022,7740,3B,infield,27.499999999999996,
Ty Kelly,34.0,2023,7740,3B,infield,26.299999999999997,
Ty Kelly,35.0,2024,7740,3B,infield,25.099999999999998,
Ty Kelly,36.0,2025,7740,3B,infield,23.9,
Ty Kelly,37.0,2026,7740,3B,infield,22.699999999999996,
Ty Kelly,38.0,2027,7740,3B,infield,21.5,
Ty Kelly,39.0,2028,7740,3B,infield,20.299999999999997,
Ty Kelly,40.0,2029,7740,3B,infield,19.1,
Ty Kelly,41.0,2030,7740,3B,infield,17.9,
Ty Kelly,42.0,2031,7740,3B,infield,16.700000000000003,
Joey Butler,30.0,2017,7799,LF,outfield,5.300000000000001,
Joey Butler,31.0,2018,7799,LF,outfield,4.7,
Joey Butler,32.0,2019,7799,LF,outfield,3.5000000000000004,
Joey Butler,33.0,2020,7799,LF,outfield,2.3000000000000007,
Joey Butler,34.0,2021,7799,LF,outfield,1.1000000000000005,
Joey Butler,35.0,2022,7799,LF,outfield,-0.09999999999999964,
Joey Butler,36.0,2023,7799,LF,outfield,-1.2999999999999998,
Joey Butler,37.0,2024,7799,LF,outfield,-2.5,
Joey Butler,38.0,2025,7799,LF,outfield,-3.6999999999999993,
Joey Butler,39.0,2026,7799,LF,outfield,-4.899999999999999,
Joey Butler,40.0,2027,7799,LF,outfield,-6.099999999999998,
Joey Butler,41.0,2028,7799,LF,outfield,-7.299999999999997,
Joey Butler,42.0,2029,7799,LF,outfield,-8.499999999999996,
Miguel Rojas,28.0,2017,7802,1B,infield,12.5,
Miguel Rojas,29.0,2018,7802,1B,infield,11.9,
Miguel Rojas,30.0,2019,7802,1B,infield,11.3,
Miguel Rojas,31.0,2020,7802,1B,infield,10.7,
Miguel Rojas,32.0,2021,7802,1B,infield,9.5,
Miguel Rojas,33.0,2022,7802,1B,infield,8.3,
Miguel Rojas,34.0,2023,7802,1B,infield,7.1,
Miguel Rojas,35.0,2024,7802,1B,infield,5.8999999999999995,
Miguel Rojas,36.0,2025,7802,1B,infield,4.699999999999999,
Miguel Rojas,37.0,2026,7802,1B,infield,3.5,
Miguel Rojas,38.0,2027,7802,1B,infield,2.3000000000000007,
Miguel Rojas,39.0,2028,7802,1B,infield,1.1000000000000014,
Miguel Rojas,40.0,2029,7802,1B,infield,-0.09999999999999787,
Miguel Rojas,41.0,2030,7802,1B,infield,-1.2999999999999972,
Miguel Rojas,42.0,2031,7802,1B,infield,-2.4999999999999964,
Miguel Rojas,28.0,2017,7802,2B,infield,18.0,
Miguel Rojas,29.0,2018,7802,2B,infield,17.400000000000002,
Miguel Rojas,30.0,2019,7802,2B,infield,16.8,
Miguel Rojas,31.0,2020,7802,2B,infield,16.200000000000003,
Miguel Rojas,32.0,2021,7802,2B,infield,15.000000000000002,
Miguel Rojas,33.0,2022,7802,2B,infield,13.8,
Miguel Rojas,34.0,2023,7802,2B,infield,12.600000000000001,
Miguel Rojas,35.0,2024,7802,2B,infield,11.400000000000002,
Miguel Rojas,36.0,2025,7802,2B,infield,10.200000000000001,
Miguel Rojas,37.0,2026,7802,2B,infield,9.000000000000002,
Miguel Rojas,38.0,2027,7802,2B,infield,7.8000000000000025,
Miguel Rojas,39.0,2028,7802,2B,infield,6.600000000000003,
Miguel Rojas,40.0,2029,7802,2B,infield,5.400000000000004,
Miguel Rojas,41.0,2030,7802,2B,infield,4.200000000000005,
Miguel Rojas,42.0,2031,7802,2B,infield,3.0000000000000053,
Miguel Rojas,27.0,2017,7802,3B,infield,12.033333333333333,
Miguel Rojas,28.0,2018,7802,3B,infield,11.433333333333334,
Miguel Rojas,29.0,2019,7802,3B,infield,10.833333333333332,
Miguel Rojas,30.0,2020,7802,3B,infield,10.233333333333333,
Miguel Rojas,31.0,2021,7802,3B,infield,9.633333333333333,
Miguel Rojas,32.0,2022,7802,3B,infield,8.433333333333334,
Miguel Rojas,33.0,2023,7802,3B,infield,7.2333333333333325,
Miguel Rojas,34.0,2024,7802,3B,infield,6.033333333333332,
Miguel Rojas,35.0,2025,7802,3B,infield,4.833333333333332,
Miguel Rojas,36.0,2026,7802,3B,infield,3.633333333333333,
Miguel Rojas,37.0,2027,7802,3B,infield,2.4333333333333336,
Miguel Rojas,38.0,2028,7802,3B,infield,1.2333333333333343,
Miguel Rojas,39.0,2029,7802,3B,infield,0.03333333333333499,
Miguel Rojas,40.0,2030,7802,3B,infield,-1.1666666666666643,
Miguel Rojas,41.0,2031,7802,3B,infield,-2.3666666666666636,
Miguel Rojas,28.0,2017,7802,SS,infield,3.4666666666666663,
Miguel Rojas,29.0,2018,7802,SS,infield,2.8666666666666663,
Miguel Rojas,30.0,2019,7802,SS,infield,2.2666666666666666,
Miguel Rojas,31.0,2020,7802,SS,infield,1.6666666666666665,
Miguel Rojas,32.0,2021,7802,SS,infield,0.4666666666666668,
Miguel Rojas,33.0,2022,7802,SS,infield,-0.7333333333333334,
Miguel Rojas,34.0,2023,7802,SS,infield,-1.9333333333333336,
Miguel Rojas,35.0,2024,7802,SS,infield,-3.1333333333333337,
Miguel Rojas,36.0,2025,7802,SS,infield,-4.333333333333334,
Miguel Rojas,37.0,2026,7802,SS,infield,-5.533333333333333,
Miguel Rojas,38.0,2027,7802,SS,infield,-6.7333333333333325,
Miguel Rojas,39.0,2028,7802,SS,infield,-7.933333333333332,
Miguel Rojas,40.0,2029,7802,SS,infield,-9.133333333333331,
Miguel Rojas,41.0,2030,7802,SS,infield,-10.33333333333333,
Miguel Rojas,42.0,2031,7802,SS,infield,-11.53333333333333,
Charlie Blackmon,30.0,2017,7859,CF,outfield,-5.05,
Charlie Blackmon,31.0,2018,7859,CF,outfield,-5.65,
Charlie Blackmon,32.0,2019,7859,CF,outfield,-6.85,
Charlie Blackmon,33.0,2020,7859,CF,outfield,-8.05,
Charlie Blackmon,34.0,2021,7859,CF,outfield,-9.25,
Charlie Blackmon,35.0,2022,7859,CF,outfield,-10.45,
Charlie Blackmon,36.0,2023,7859,CF,outfield,-11.65,
Charlie Blackmon,37.0,2024,7859,CF,outfield,-12.850000000000001,
Charlie Blackmon,38.0,2025,7859,CF,outfield,-14.05,
Charlie Blackmon,39.0,2026,7859,CF,outfield,-15.25,
Charlie Blackmon,40.0,2027,7859,CF,outfield,-16.45,
Charlie Blackmon,41.0,2028,7859,CF,outfield,-17.65,
Charlie Blackmon,42.0,2029,7859,CF,outfield,-18.849999999999998,
Charlie Blackmon,29.0,2017,7859,LF,outfield,-15.266666666666666,
Charlie Blackmon,30.0,2018,7859,LF,outfield,-15.866666666666665,
Charlie Blackmon,31.0,2019,7859,LF,outfield,-16.466666666666665,
Charlie Blackmon,32.0,2020,7859,LF,outfield,-17.666666666666664,
Charlie Blackmon,33.0,2021,7859,LF,outfield,-18.866666666666667,
Charlie Blackmon,34.0,2022,7859,LF,outfield,-20.066666666666666,
Charlie Blackmon,35.0,2023,7859,LF,outfield,-21.266666666666666,
Charlie Blackmon,36.0,2024,7859,LF,outfield,-22.46666666666667,
Charlie Blackmon,37.0,2025,7859,LF,outfield,-23.666666666666664,
Charlie Blackmon,38.0,2026,7859,LF,outfield,-24.866666666666667,
Charlie Blackmon,39.0,2027,7859,LF,outfield,-26.066666666666663,
Charlie Blackmon,40.0,2028,7859,LF,outfield,-27.266666666666666,
Charlie Blackmon,41.0,2029,7859,LF,outfield,-28.46666666666666,
Charlie Blackmon,42.0,2030,7859,LF,outfield,-29.666666666666664,
Charlie Blackmon,28.0,2017,7859,RF,outfield,-11.9,
Charlie Blackmon,29.0,2018,7859,RF,outfield,-12.5,
Charlie Blackmon,30.0,2019,7859,RF,outfield,-13.100000000000001,
Charlie Blackmon,31.0,2020,7859,RF,outfield,-13.700000000000001,
Charlie Blackmon,32.0,2021,7859,RF,outfield,-14.9,
Charlie Blackmon,33.0,2022,7859,RF,outfield,-16.1,
Charlie Blackmon,34.0,2023,7859,RF,outfield,-17.3,
Charlie Blackmon,35.0,2024,7859,RF,outfield,-18.5,
Charlie Blackmon,36.0,2025,7859,RF,outfield,-19.700000000000003,
Charlie Blackmon,37.0,2026,7859,RF,outfield,-20.9,
Charlie Blackmon,38.0,2027,7859,RF,outfield,-22.1,
Charlie Blackmon,39.0,2028,7859,RF,outfield,-23.299999999999997,
Charlie Blackmon,40.0,2029,7859,RF,outfield,-24.5,
Charlie Blackmon,41.0,2030,7859,RF,outfield,-25.699999999999996,
Charlie Blackmon,42.0,2031,7859,RF,outfield,-26.9,
Jonathan Lucroy,29.0,2017,7870,1B,infield,-5.6,
Jonathan Lucroy,30.0,2018,7870,1B,infield,-6.2,
Jonathan Lucroy,31.0,2019,7870,1B,infield,-6.8,
Jonathan Lucroy,32.0,2020,7870,1B,infield,-8.0,
Jonathan Lucroy,33.0,2021,7870,1B,infield,-9.2,
Jonathan Lucroy,34.0,2022,7870,1B,infield,-10.4,
Jonathan Lucroy,35.0,2023,7870,1B,infield,-11.600000000000001,
Jonathan Lucroy,36.0,2024,7870,1B,infield,-12.8,
Jonathan Lucroy,37.0,2025,7870,1B,infield,-14.0,
Jonathan Lucroy,38.0,2026,7870,1B,infield,-15.2,
Jonathan Lucroy,39.0,2027,7870,1B,infield,-16.4,
Jonathan Lucroy,40.0,2028,7870,1B,infield,-17.599999999999998,
Jonathan Lucroy,41.0,2029,7870,1B,infield,-18.799999999999997,
Jonathan Lucroy,42.0,2030,7870,1B,infield,-19.999999999999996,
Jonathan Lucroy,31.0,2017,7870,C,catcher,,7.494689450701717
Jonathan Lucroy,32.0,2018,7870,C,catcher,,6.294689450701717
Jonathan Lucroy,33.0,2019,7870,C,catcher,,5.094689450701717
Jonathan Lucroy,34.0,2020,7870,C,catcher,,3.8946894507017165
Jonathan Lucroy,35.0,2021,7870,C,catcher,,2.6946894507017163
Jonathan Lucroy,36.0,2022,7870,C,catcher,,1.494689450701716
Jonathan Lucroy,37.0,2023,7870,C,catcher,,0.2946894507017159
Jonathan Lucroy,38.0,2024,7870,C,catcher,,-0.9053105492982834
Jonathan Lucroy,39.0,2025,7870,C,catcher,,-2.1053105492982827
Jonathan Lucroy,40.0,2026,7870,C,catcher,,-3.305310549298282
Jonathan Lucroy,41.0,2027,7870,C,catcher,,-4.505310549298281
Jonathan Lucroy,42.0,2028,7870,C,catcher,,-5.7053105492982805
Ryan Flaherty,29.0,2017,7888,1B,infield,-11.5,
Ryan Flaherty,30.0,2018,7888,1B,infield,-12.1,
Ryan Flaherty,31.0,2019,7888,1B,infield,-12.7,
Ryan Flaherty,32.0,2020,7888,1B,infield,-13.9,
Ryan Flaherty,33.0,2021,7888,1B,infield,-15.100000000000001,
Ryan Flaherty,34.0,2022,7888,1B,infield,-16.3,
Ryan Flaherty,35.0,2023,7888,1B,infield,-17.5,
Ryan Flaherty,36.0,2024,7888,1B,infield,-18.700000000000003,
Ryan Flaherty,37.0,2025,7888,1B,infield,-19.9,
Ryan Flaherty,38.0,2026,7888,1B,infield,-21.1,
Ryan Flaherty,39.0,2027,7888,1B,infield,-22.299999999999997,
Ryan Flaherty,40.0,2028,7888,1B,infield,-23.5,
Ryan Flaherty,41.0,2029,7888,1B,infield,-24.699999999999996,
Ryan Flaherty,42.0,2030,7888,1B,infield,-25.9,
Ryan Flaherty,29.0,2017,7888,2B,infield,1.1666666666666665,
Ryan Flaherty,30.0,2018,7888,2B,infield,0.5666666666666667,
Ryan Flaherty,31.0,2019,7888,2B,infield,-0.033333333333333215,
Ryan Flaherty,32.0,2020,7888,2B,infield,-1.2333333333333334,
Ryan Flaherty,33.0,2021,7888,2B,infield,-2.4333333333333336,
Ryan Flaherty,34.0,2022,7888,2B,infield,-3.6333333333333337,
Ryan Flaherty,35.0,2023,7888,2B,infield,-4.833333333333334,
Ryan Flaherty,36.0,2024,7888,2B,infield,-6.033333333333334,
Ryan Flaherty,37.0,2025,7888,2B,infield,-7.233333333333333,
Ryan Flaherty,38.0,2026,7888,2B,infield,-8.433333333333334,
Ryan Flaherty,39.0,2027,7888,2B,infield,-9.633333333333333,
Ryan Flaherty,40.0,2028,7888,2B,infield,-10.833333333333332,
Ryan Flaherty,41.0,2029,7888,2B,infield,-12.033333333333331,
Ryan Flaherty,42.0,2030,7888,2B,infield,-13.23333333333333,
Ryan Flaherty,30.0,2017,7888,3B,infield,5.916666666666666,
Ryan Flaherty,31.0,2018,7888,3B,infield,5.3166666666666655,
Ryan Flaherty,32.0,2019,7888,3B,infield,4.116666666666665,
Ryan Flaherty,33.0,2020,7888,3B,infield,2.916666666666666,
Ryan Flaherty,34.0,2021,7888,3B,infield,1.716666666666666,
Ryan Flaherty,35.0,2022,7888,3B,infield,0.5166666666666657,
Ryan Flaherty,36.0,2023,7888,3B,infield,-0.6833333333333345,
Ryan Flaherty,37.0,2024,7888,3B,infield,-1.8833333333333346,
Ryan Flaherty,38.0,2025,7888,3B,infield,-3.083333333333334,
Ryan Flaherty,39.0,2026,7888,3B,infield,-4.283333333333333,
Ryan Flaherty,40.0,2027,7888,3B,infield,-5.4833333333333325,
Ryan Flaherty,41.0,2028,7888,3B,infield,-6.683333333333332,
Ryan Flaherty,42.0,2029,7888,3B,infield,-7.883333333333331,
Ryan Flaherty,29.0,2017,7888,SS,infield,-2.7,
Ryan Flaherty,30.0,2018,7888,SS,infield,-3.3,
Ryan Flaherty,31.0,2019,7888,SS,infield,-3.9,
Ryan Flaherty,32.0,2020,7888,SS,infield,-5.1,
Ryan Flaherty,33.0,2021,7888,SS,infield,-6.300000000000001,
Ryan Flaherty,34.0,2022,7888,SS,infield,-7.5,
Ryan Flaherty,35.0,2023,7888,SS,infield,-8.700000000000001,
Ryan Flaherty,36.0,2024,7888,SS,infield,-9.9,
Ryan Flaherty,37.0,2025,7888,SS,infield,-11.1,
Ryan Flaherty,38.0,2026,7888,SS,infield,-12.299999999999999,
Ryan Flaherty,39.0,2027,7888,SS,infield,-13.499999999999998,
Ryan Flaherty,40.0,2028,7888,SS,infield,-14.699999999999998,
Ryan Flaherty,41.0,2029,7888,SS,infield,-15.899999999999997,
Ryan Flaherty,42.0,2030,7888,SS,infield,-17.099999999999998,
Eric Sogard,30.0,2017,7927,2B,infield,1.1,
Eric Sogard,31.0,2018,7927,2B,infield,0.5,
Eric Sogard,32.0,2019,7927,2B,infield,-0.7,
Eric Sogard,33.0,2020,7927,2B,infield,-1.8999999999999997,
Eric Sogard,34.0,2021,7927,2B,infield,-3.0999999999999996,
Eric Sogard,35.0,2022,7927,2B,infield,-4.3,
Eric Sogard,36.0,2023,7927,2B,infield,-5.5,
Eric Sogard,37.0,2024,7927,2B,infield,-6.7,
Eric Sogard,38.0,2025,7927,2B,infield,-7.8999999999999995,
Eric Sogard,39.0,2026,7927,2B,infield,-9.1,
Eric Sogard,40.0,2027,7927,2B,infield,-10.299999999999999,
Eric Sogard,41.0,2028,7927,2B,infield,-11.499999999999998,
Eric Sogard,42.0,2029,7927,2B,infield,-12.699999999999998,
Eric Sogard,30.0,2017,7927,SS,infield,-8.133333333333335,
Eric Sogard,31.0,2018,7927,SS,infield,-8.733333333333334,
Eric Sogard,32.0,2019,7927,SS,infield,-9.933333333333334,
Eric Sogard,33.0,2020,7927,SS,infield,-11.133333333333333,
Eric Sogard,34.0,2021,7927,SS,infield,-12.333333333333334,
Eric Sogard,35.0,2022,7927,SS,infield,-13.533333333333335,
Eric Sogard,36.0,2023,7927,SS,infield,-14.733333333333334,
Eric Sogard,37.0,2024,7927,SS,infield,-15.933333333333334,
Eric Sogard,38.0,2025,7927,SS,infield,-17.133333333333333,
Eric Sogard,39.0,2026,7927,SS,infield,-18.333333333333332,
Eric Sogard,40.0,2027,7927,SS,infield,-19.53333333333333,
Eric Sogard,41.0,2028,7927,SS,infield,-20.73333333333333,
Eric Sogard,42.0,2029,7927,SS,infield,-21.93333333333333,
Logan Schafer,29.0,2017,7937,CF,outfield,-14.133333333333333,
Logan Schafer,30.0,2018,7937,CF,outfield,-14.733333333333333,
Logan Schafer,31.0,2019,7937,CF,outfield,-15.333333333333332,
Logan Schafer,32.0,2020,7937,CF,outfield,-16.53333333333333,
Logan Schafer,33.0,2021,7937,CF,outfield,-17.733333333333334,
Logan Schafer,34.0,2022,7937,CF,outfield,-18.933333333333334,
Logan Schafer,35.0,2023,7937,CF,outfield,-20.133333333333333,
Logan Schafer,36.0,2024,7937,CF,outfield,-21.333333333333336,
Logan Schafer,37.0,2025,7937,CF,outfield,-22.53333333333333,
Logan Schafer,38.0,2026,7937,CF,outfield,-23.733333333333334,
Logan Schafer,39.0,2027,7937,CF,outfield,-24.93333333333333,
Logan Schafer,40.0,2028,7937,CF,outfield,-26.133333333333333,
Logan Schafer,41.0,2029,7937,CF,outfield,-27.33333333333333,
Logan Schafer,42.0,2030,7937,CF,outfield,-28.53333333333333,
Logan Schafer,30.0,2017,7937,LF,outfield,-3.575,
Logan Schafer,31.0,2018,7937,LF,outfield,-4.175,
Logan Schafer,32.0,2019,7937,LF,outfield,-5.375,
Logan Schafer,33.0,2020,7937,LF,outfield,-6.574999999999999,
Logan Schafer,34.0,2021,7937,LF,outfield,-7.775,
Logan Schafer,35.0,2022,7937,LF,outfield,-8.975,
Logan Schafer,36.0,2023,7937,LF,outfield,-10.175,
Logan Schafer,37.0,2024,7937,LF,outfield,-11.375,
Logan Schafer,38.0,2025,7937,LF,outfield,-12.575,
Logan Schafer,39.0,2026,7937,LF,outfield,-13.774999999999999,
Logan Schafer,40.0,2027,7937,LF,outfield,-14.974999999999998,
Logan Schafer,41.0,2028,7937,LF,outfield,-16.174999999999997,
Logan Schafer,42.0,2029,7937,LF,outfield,-17.374999999999996,
Logan Schafer,30.0,2017,7937,RF,outfield,11.975,
Logan Schafer,31.0,2018,7937,RF,outfield,11.375,
Logan Schafer,32.0,2019,7937,RF,outfield,10.174999999999999,
Logan Schafer,33.0,2020,7937,RF,outfield,8.975,
Logan Schafer,34.0,2021,7937,RF,outfield,7.7749999999999995,
Logan Schafer,35.0,2022,7937,RF,outfield,6.574999999999999,
Logan Schafer,36.0,2023,7937,RF,outfield,5.374999999999999,
Logan Schafer,37.0,2024,7937,RF,outfield,4.174999999999999,
Logan Schafer,38.0,2025,7937,RF,outfield,2.9749999999999996,
Logan Schafer,39.0,2026,7937,RF,outfield,1.7750000000000004,
Logan Schafer,40.0,2027,7937,RF,outfield,0.5750000000000011,
Logan Schafer,41.0,2028,7937,RF,outfield,-0.6249999999999982,
Logan Schafer,42.0,2029,7937,RF,outfield,-1.8249999999999975,
Jaff Decker,27.0,2017,7945,RF,outfield,-33.0,
Jaff Decker,28.0,2018,7945,RF,outfield,-33.6,
Jaff Decker,29.0,2019,7945,RF,outfield,-34.199999999999996,
Jaff Decker,30.0,2020,7945,RF,outfield,-34.8,
Jaff Decker,31.0,2021,7945,RF,outfield,-35.4,
Jaff Decker,32.0,2022,7945,RF,outfield,-36.6,
Jaff Decker,33.0,2023,7945,RF,outfield,-37.8,
Jaff Decker,34.0,2024,7945,RF,outfield,-39.0,
Jaff Decker,35.0,2025,7945,RF,outfield,-40.2,
Jaff Decker,36.0,2026,7945,RF,outfield,-41.4,
Jaff Decker,37.0,2027,7945,RF,outfield,-42.599999999999994,
Jaff Decker,38.0,2028,7945,RF,outfield,-43.8,
Jaff Decker,39.0,2029,7945,RF,outfield,-45.0,
Jaff Decker,40.0,2030,7945,RF,outfield,-46.199999999999996,
Jaff Decker,41.0,2031,7945,RF,outfield,-47.39999999999999,
Tim Beckham,27.0,2017,7949,2B,infield,-9.433333333333334,
Tim Beckham,28.0,2018,7949,2B,infield,-10.033333333333333,
Tim Beckham,29.0,2019,7949,2B,infield,-10.633333333333333,
Tim Beckham,30.0,2020,7949,2B,infield,-11.233333333333334,
Tim Beckham,31.0,2021,7949,2B,infield,-11.833333333333334,
Tim Beckham,32.0,2022,7949,2B,infield,-13.033333333333335,
Tim Beckham,33.0,2023,7949,2B,infield,-14.233333333333334,
Tim Beckham,34.0,2024,7949,2B,infield,-15.433333333333334,
Tim Beckham,35.0,2025,7949,2B,infield,-16.633333333333333,
Tim Beckham,36.0,2026,7949,2B,infield,-17.833333333333336,
Tim Beckham,37.0,2027,7949,2B,infield,-19.03333333333333,
Tim Beckham,38.0,2028,7949,2B,infield,-20.233333333333334,
Tim Beckham,39.0,2029,7949,2B,infield,-21.43333333333333,
Tim Beckham,40.0,2030,7949,2B,infield,-22.633333333333333,
Tim Beckham,41.0,2031,7949,2B,infield,-23.83333333333333,
Tim Beckham,27.0,2017,7949,SS,infield,1.6333333333333337,
Tim Beckham,28.0,2018,7949,SS,infield,1.0333333333333339,
Tim Beckham,29.0,2019,7949,SS,infield,0.433333333333334,
Tim Beckham,30.0,2020,7949,SS,infield,-0.16666666666666607,
Tim Beckham,31.0,2021,7949,SS,infield,-0.7666666666666662,
Tim Beckham,32.0,2022,7949,SS,infield,-1.9666666666666663,
Tim Beckham,33.0,2023,7949,SS,infield,-3.1666666666666665,
Tim Beckham,34.0,2024,7949,SS,infield,-4.366666666666667,
Tim Beckham,35.0,2025,7949,SS,infield,-5.566666666666666,
Tim Beckham,36.0,2026,7949,SS,infield,-6.766666666666666,
Tim Beckham,37.0,2027,7949,SS,infield,-7.966666666666665,
Tim Beckham,38.0,2028,7949,SS,infield,-9.166666666666664,
Tim Beckham,39.0,2029,7949,SS,infield,-10.366666666666664,
Tim Beckham,40.0,2030,7949,SS,infield,-11.566666666666663,
Tim Beckham,41.0,2031,7949,SS,infield,-12.766666666666662,
Hanley Ramirez,33.0,2017,8001,1B,infield,-2.1,
Hanley Ramirez,34.0,2018,8001,1B,infield,-3.3,
Hanley Ramirez,35.0,2019,8001,1B,infield,-4.5,
Hanley Ramirez,36.0,2020,8001,1B,infield,-5.7,
Hanley Ramirez,37.0,2021,8001,1B,infield,-6.9,
Hanley Ramirez,38.0,2022,8001,1B,infield,-8.1,
Hanley Ramirez,39.0,2023,8001,1B,infield,-9.3,
Hanley Ramirez,40.0,2024,8001,1B,infield,-10.5,
Hanley Ramirez,41.0,2025,8001,1B,infield,-11.7,
Hanley Ramirez,42.0,2026,8001,1B,infield,-12.899999999999999,
Hanley Ramirez,32.0,2017,8001,LF,outfield,-22.9,
Hanley Ramirez,33.0,2018,8001,LF,outfield,-24.099999999999998,
Hanley Ramirez,34.0,2019,8001,LF,outfield,-25.299999999999997,
Hanley Ramirez,35.0,2020,8001,LF,outfield,-26.5,
Hanley Ramirez,36.0,2021,8001,LF,outfield,-27.7,
Hanley Ramirez,37.0,2022,8001,LF,outfield,-28.9,
Hanley Ramirez,38.0,2023,8001,LF,outfield,-30.1,
Hanley Ramirez,39.0,2024,8001,LF,outfield,-31.299999999999997,
Hanley Ramirez,40.0,2025,8001,LF,outfield,-32.5,
Hanley Ramirez,41.0,2026,8001,LF,outfield,-33.699999999999996,
Hanley Ramirez,42.0,2027,8001,LF,outfield,-34.9,
Hanley Ramirez,31.0,2017,8001,SS,infield,-11.2,
Hanley Ramirez,32.0,2018,8001,SS,infield,-12.399999999999999,
Hanley Ramirez,33.0,2019,8001,SS,infield,-13.6,
Hanley Ramirez,34.0,2020,8001,SS,infield,-14.8,
Hanley Ramirez,35.0,2021,8001,SS,infield,-16.0,
Hanley Ramirez,36.0,2022,8001,SS,infield,-17.2,
Hanley Ramirez,37.0,2023,8001,SS,infield,-18.4,
Hanley Ramirez,38.0,2024,8001,SS,infield,-19.6,
Hanley Ramirez,39.0,2025,8001,SS,infield,-20.799999999999997,
Hanley Ramirez,40.0,2026,8001,SS,infield,-22.0,
Hanley Ramirez,41.0,2027,8001,SS,infield,-23.199999999999996,
Hanley Ramirez,42.0,2028,8001,SS,infield,-24.4,
Wilin Rosario,27.0,2017,8002,1B,infield,-12.1,
Wilin Rosario,28.0,2018,8002,1B,infield,-12.7,
Wilin Rosario,29.0,2019,8002,1B,infield,-13.3,
Wilin Rosario,30.0,2020,8002,1B,infield,-13.9,
Wilin Rosario,31.0,2021,8002,1B,infield,-14.5,
Wilin Rosario,32.0,2022,8002,1B,infield,-15.7,
Wilin Rosario,33.0,2023,8002,1B,infield,-16.9,
Wilin Rosario,34.0,2024,8002,1B,infield,-18.1,
Wilin Rosario,35.0,2025,8002,1B,infield,-19.3,
Wilin Rosario,36.0,2026,8002,1B,infield,-20.5,
Wilin Rosario,37.0,2027,8002,1B,infield,-21.7,
Wilin Rosario,38.0,2028,8002,1B,infield,-22.9,
Wilin Rosario,39.0,2029,8002,1B,infield,-24.099999999999998,
Wilin Rosario,40.0,2030,8002,1B,infield,-25.299999999999997,
Wilin Rosario,41.0,2031,8002,1B,infield,-26.499999999999996,
Wilin Rosario,26.0,2017,8002,C,catcher,,-24.575242718446603
Wilin Rosario,27.0,2018,8002,C,catcher,,-25.175242718446604
Wilin Rosario,28.0,2019,8002,C,catcher,,-25.775242718446602
Wilin Rosario,29.0,2020,8002,C,catcher,,-26.375242718446604
Wilin Rosario,30.0,2021,8002,C,catcher,,-26.9752427184466
Wilin Rosario,31.0,2022,8002,C,catcher,,-27.575242718446603
Wilin Rosario,32.0,2023,8002,C,catcher,,-28.775242718446602
Wilin Rosario,33.0,2024,8002,C,catcher,,-29.9752427184466
Wilin Rosario,34.0,2025,8002,C,catcher,,-31.175242718446604
Wilin Rosario,35.0,2026,8002,C,catcher,,-32.3752427184466
Wilin Rosario,36.0,2027,8002,C,catcher,,-33.5752427184466
Wilin Rosario,37.0,2028,8002,C,catcher,,-34.775242718446606
Wilin Rosario,38.0,2029,8002,C,catcher,,-35.9752427184466
Wilin Rosario,39.0,2030,8002,C,catcher,,-37.1752427184466
Wilin Rosario,40.0,2031,8002,C,catcher,,-38.3752427184466
Adam Lind,33.0,2017,8027,1B,infield,-8.716666666666665,
Adam Lind,34.0,2018,8027,1B,infield,-9.916666666666666,
Adam Lind,35.0,2019,8027,1B,infield,-11.116666666666665,
Adam Lind,36.0,2020,8027,1B,infield,-12.316666666666666,
Adam Lind,37.0,2021,8027,1B,infield,-13.516666666666666,
Adam Lind,38.0,2022,8027,1B,infield,-14.716666666666665,
Adam Lind,39.0,2023,8027,1B,infield,-15.916666666666666,
Adam Lind,40.0,2024,8027,1B,infield,-17.116666666666667,
Adam Lind,41.0,2025,8027,1B,infield,-18.316666666666663,
Adam Lind,42.0,2026,8027,1B,infield,-19.516666666666666,
Matt Carpenter,31.0,2017,8090,1B,infield,4.2,
Matt Carpenter,32.0,2018,8090,1B,infield,3.0,
Matt Carpenter,33.0,2019,8090,1B,infield,1.7999999999999998,
Matt Carpenter,34.0,2020,8090,1B,infield,0.5999999999999996,
Matt Carpenter,35.0,2021,8090,1B,infield,-0.6000000000000005,
Matt Carpenter,36.0,2022,8090,1B,infield,-1.8000000000000007,
Matt Carpenter,37.0,2023,8090,1B,infield,-3.000000000000001,
Matt Carpenter,38.0,2024,8090,1B,infield,-4.2,
Matt Carpenter,39.0,2025,8090,1B,infield,-5.3999999999999995,
Matt Carpenter,40.0,2026,8090,1B,infield,-6.599999999999999,
Matt Carpenter,41.0,2027,8090,1B,infield,-7.799999999999998,
Matt Carpenter,42.0,2028,8090,1B,infield,-8.999999999999996,
Matt Carpenter,31.0,2017,8090,2B,infield,-13.733333333333333,
Matt Carpenter,32.0,2018,8090,2B,infield,-14.933333333333334,
Matt Carpenter,33.0,2019,8090,2B,infield,-16.133333333333333,
Matt Carpenter,34.0,2020,8090,2B,infield,-17.333333333333332,
Matt Carpenter,35.0,2021,8090,2B,infield,-18.53333333333333,
Matt Carpenter,36.0,2022,8090,2B,infield,-19.733333333333334,
Matt Carpenter,37.0,2023,8090,2B,infield,-20.933333333333334,
Matt Carpenter,38.0,2024,8090,2B,infield,-22.133333333333333,
Matt Carpenter,39.0,2025,8090,2B,infield,-23.333333333333332,
Matt Carpenter,40.0,2026,8090,2B,infield,-24.53333333333333,
Matt Carpenter,41.0,2027,8090,2B,infield,-25.73333333333333,
Matt Carpenter,42.0,2028,8090,2B,infield,-26.93333333333333,
Matt Carpenter,31.0,2017,8090,3B,infield,-8.733333333333334,
Matt Carpenter,32.0,2018,8090,3B,infield,-9.933333333333334,
Matt Carpenter,33.0,2019,8090,3B,infield,-11.133333333333335,
Matt Carpenter,34.0,2020,8090,3B,infield,-12.333333333333336,
Matt Carpenter,35.0,2021,8090,3B,infield,-13.533333333333335,
Matt Carpenter,36.0,2022,8090,3B,infield,-14.733333333333334,
Matt Carpenter,37.0,2023,8090,3B,infield,-15.933333333333335,
Matt Carpenter,38.0,2024,8090,3B,infield,-17.133333333333333,
Matt Carpenter,39.0,2025,8090,3B,infield,-18.333333333333336,
Matt Carpenter,40.0,2026,8090,3B,infield,-19.53333333333333,
Matt Carpenter,41.0,2027,8090,3B,infield,-20.733333333333334,
Matt Carpenter,42.0,2028,8090,3B,infield,-21.93333333333333,
Eric Fryer,31.0,2017,8145,C,catcher,,-6.355924468302846
Eric Fryer,32.0,2018,8145,C,catcher,,-7.555924468302846
Eric Fryer,33.0,2019,8145,C,catcher,,-8.755924468302847
Eric Fryer,34.0,2020,8145,C,catcher,,-9.955924468302847
Eric Fryer,35.0,2021,8145,C,catcher,,-11.155924468302846
Eric Fryer,36.0,2022,8145,C,catcher,,-12.355924468302847
Eric Fryer,37.0,2023,8145,C,catcher,,-13.555924468302848
Eric Fryer,38.0,2024,8145,C,catcher,,-14.755924468302847
Eric Fryer,39.0,2025,8145,C,catcher,,-15.955924468302847
Eric Fryer,40.0,2026,8145,C,catcher,,-17.155924468302846
Eric Fryer,41.0,2027,8145,C,catcher,,-18.355924468302845
Eric Fryer,42.0,2028,8145,C,catcher,,-19.555924468302845
Everth Cabrera,29.0,2017,8155,SS,infield,-4.8999999999999995,
Everth Cabrera,30.0,2018,8155,SS,infield,-5.5,
Everth Cabrera,31.0,2019,8155,SS,infield,-6.1,
Everth Cabrera,32.0,2020,8155,SS,infield,-7.3,
Everth Cabrera,33.0,2021,8155,SS,infield,-8.5,
Everth Cabrera,34.0,2022,8155,SS,infield,-9.7,
Everth Cabrera,35.0,2023,8155,SS,infield,-10.9,
Everth Cabrera,36.0,2024,8155,SS,infield,-12.100000000000001,
Everth Cabrera,37.0,2025,8155,SS,infield,-13.3,
Everth Cabrera,38.0,2026,8155,SS,infield,-14.5,
Everth Cabrera,39.0,2027,8155,SS,infield,-15.7,
Everth Cabrera,40.0,2028,8155,SS,infield,-16.9,
Everth Cabrera,41.0,2029,8155,SS,infield,-18.099999999999998,
Everth Cabrera,42.0,2030,8155,SS,infield,-19.299999999999997,
Chris Nelson,29.0,2017,8175,3B,infield,11.0,
Chris Nelson,30.0,2018,8175,3B,infield,10.4,
Chris Nelson,31.0,2019,8175,3B,infield,9.8,
Chris Nelson,32.0,2020,8175,3B,infield,8.6,
Chris Nelson,33.0,2021,8175,3B,infield,7.3999999999999995,
Chris Nelson,34.0,2022,8175,3B,infield,6.199999999999999,
Chris Nelson,35.0,2023,8175,3B,infield,4.999999999999999,
Chris Nelson,36.0,2024,8175,3B,infield,3.799999999999999,
Chris Nelson,37.0,2025,8175,3B,infield,2.5999999999999996,
Chris Nelson,38.0,2026,8175,3B,infield,1.4000000000000004,
Chris Nelson,39.0,2027,8175,3B,infield,0.20000000000000107,
Chris Nelson,40.0,2028,8175,3B,infield,-0.9999999999999982,
Chris Nelson,41.0,2029,8175,3B,infield,-2.1999999999999975,
Chris Nelson,42.0,2030,8175,3B,infield,-3.399999999999997,
Josh Harrison,29.0,2017,8202,2B,infield,0.2500000000000001,
Josh Harrison,30.0,2018,8202,2B,infield,-0.34999999999999987,
Josh Harrison,31.0,2019,8202,2B,infield,-0.9499999999999997,
Josh Harrison,32.0,2020,8202,2B,infield,-2.15,
Josh Harrison,33.0,2021,8202,2B,infield,-3.35,
Josh Harrison,34.0,2022,8202,2B,infield,-4.550000000000001,
Josh Harrison,35.0,2023,8202,2B,infield,-5.75,
Josh Harrison,36.0,2024,8202,2B,infield,-6.950000000000001,
Josh Harrison,37.0,2025,8202,2B,infield,-8.15,
Josh Harrison,38.0,2026,8202,2B,infield,-9.35,
Josh Harrison,39.0,2027,8202,2B,infield,-10.549999999999999,
Josh Harrison,40.0,2028,8202,2B,infield,-11.749999999999998,
Josh Harrison,41.0,2029,8202,2B,infield,-12.949999999999998,
Josh Harrison,42.0,2030,8202,2B,infield,-14.149999999999997,
Josh Harrison,28.0,2017,8202,3B,infield,-0.23333333333333345,
Josh Harrison,29.0,2018,8202,3B,infield,-0.8333333333333335,
Josh Harrison,30.0,2019,8202,3B,infield,-1.4333333333333333,
Josh Harrison,31.0,2020,8202,3B,infield,-2.033333333333333,
Josh Harrison,32.0,2021,8202,3B,infield,-3.233333333333333,
Josh Harrison,33.0,2022,8202,3B,infield,-4.433333333333334,
Josh Harrison,34.0,2023,8202,3B,infield,-5.633333333333334,
Josh Harrison,35.0,2024,8202,3B,infield,-6.833333333333334,
Josh Harrison,36.0,2025,8202,3B,infield,-8.033333333333333,
Josh Harrison,37.0,2026,8202,3B,infield,-9.233333333333333,
Josh Harrison,38.0,2027,8202,3B,infield,-10.433333333333332,
Josh Harrison,39.0,2028,8202,3B,infield,-11.633333333333331,
Josh Harrison,40.0,2029,8202,3B,infield,-12.83333333333333,
Josh Harrison,41.0,2030,8202,3B,infield,-14.03333333333333,
Josh Harrison,42.0,2031,8202,3B,infield,-15.233333333333329,
Josh Harrison,28.0,2017,8202,LF,outfield,-10.333333333333332,
Josh Harrison,29.0,2018,8202,LF,outfield,-10.933333333333332,
Josh Harrison,30.0,2019,8202,LF,outfield,-11.533333333333331,
Josh Harrison,31.0,2020,8202,LF,outfield,-12.133333333333333,
Josh Harrison,32.0,2021,8202,LF,outfield,-13.333333333333332,
Josh Harrison,33.0,2022,8202,LF,outfield,-14.533333333333331,
Josh Harrison,34.0,2023,8202,LF,outfield,-15.733333333333333,
Josh Harrison,35.0,2024,8202,LF,outfield,-16.933333333333334,
Josh Harrison,36.0,2025,8202,LF,outfield,-18.133333333333333,
Josh Harrison,37.0,2026,8202,LF,outfield,-19.333333333333332,
Josh Harrison,38.0,2027,8202,LF,outfield,-20.53333333333333,
Josh Harrison,39.0,2028,8202,LF,outfield,-21.73333333333333,
Josh Harrison,40.0,2029,8202,LF,outfield,-22.93333333333333,
Josh Harrison,41.0,2030,8202,LF,outfield,-24.13333333333333,
Josh Harrison,42.0,2031,8202,LF,outfield,-25.33333333333333,
Josh Harrison,28.0,2017,8202,RF,outfield,-24.733333333333338,
Josh Harrison,29.0,2018,8202,RF,outfield,-25.333333333333336,
Josh Harrison,30.0,2019,8202,RF,outfield,-25.933333333333337,
Josh Harrison,31.0,2020,8202,RF,outfield,-26.533333333333335,
Josh Harrison,32.0,2021,8202,RF,outfield,-27.733333333333334,
Josh Harrison,33.0,2022,8202,RF,outfield,-28.933333333333337,
Josh Harrison,34.0,2023,8202,RF,outfield,-30.133333333333336,
Josh Harrison,35.0,2024,8202,RF,outfield,-31.333333333333336,
Josh Harrison,36.0,2025,8202,RF,outfield,-32.53333333333334,
Josh Harrison,37.0,2026,8202,RF,outfield,-33.733333333333334,
Josh Harrison,38.0,2027,8202,RF,outfield,-34.93333333333334,
Josh Harrison,39.0,2028,8202,RF,outfield,-36.13333333333333,
Josh Harrison,40.0,2029,8202,RF,outfield,-37.333333333333336,
Josh Harrison,41.0,2030,8202,RF,outfield,-38.53333333333333,
Josh Harrison,42.0,2031,8202,RF,outfield,-39.733333333333334,
Dee Strange-Gordon,29.0,2017,8203,2B,infield,3.6333333333333333,
Dee Strange-Gordon,30.0,2018,8203,2B,infield,3.033333333333333,
Dee Strange-Gordon,31.0,2019,8203,2B,infield,2.4333333333333336,
Dee Strange-Gordon,32.0,2020,8203,2B,infield,1.2333333333333334,
Dee Strange-Gordon,33.0,2021,8203,2B,infield,0.033333333333333215,
Dee Strange-Gordon,34.0,2022,8203,2B,infield,-1.166666666666667,
Dee Strange-Gordon,35.0,2023,8203,2B,infield,-2.366666666666667,
Dee Strange-Gordon,36.0,2024,8203,2B,infield,-3.5666666666666673,
Dee Strange-Gordon,37.0,2025,8203,2B,infield,-4.766666666666667,
Dee Strange-Gordon,38.0,2026,8203,2B,infield,-5.966666666666666,
Dee Strange-Gordon,39.0,2027,8203,2B,infield,-7.166666666666665,
Dee Strange-Gordon,40.0,2028,8203,2B,infield,-8.366666666666664,
Dee Strange-Gordon,41.0,2029,8203,2B,infield,-9.566666666666663,
Dee Strange-Gordon,42.0,2030,8203,2B,infield,-10.766666666666662,
Hunter Pence,34.0,2017,8252,RF,outfield,-0.2833333333333331,
Hunter Pence,35.0,2018,8252,RF,outfield,-1.483333333333333,
Hunter Pence,36.0,2019,8252,RF,outfield,-2.6833333333333327,
Hunter Pence,37.0,2020,8252,RF,outfield,-3.883333333333333,
Hunter Pence,38.0,2021,8252,RF,outfield,-5.083333333333333,
Hunter Pence,39.0,2022,8252,RF,outfield,-6.283333333333333,
Hunter Pence,40.0,2023,8252,RF,outfield,-7.483333333333333,
Hunter Pence,41.0,2024,8252,RF,outfield,-8.683333333333334,
Hunter Pence,42.0,2025,8252,RF,outfield,-9.883333333333333,
Sam Fuld,34.0,2017,8254,CF,outfield,7.7,
Sam Fuld,35.0,2018,8254,CF,outfield,6.5,
Sam Fuld,36.0,2019,8254,CF,outfield,5.300000000000001,
Sam Fuld,37.0,2020,8254,CF,outfield,4.1000000000000005,
Sam Fuld,38.0,2021,8254,CF,outfield,2.9000000000000004,
Sam Fuld,39.0,2022,8254,CF,outfield,1.7000000000000002,
Sam Fuld,40.0,2023,8254,CF,outfield,0.5,
Sam Fuld,41.0,2024,8254,CF,outfield,-0.6999999999999993,
Sam Fuld,42.0,2025,8254,CF,outfield,-1.8999999999999986,
Sam Fuld,34.0,2017,8254,LF,outfield,17.03333333333333,
Sam Fuld,35.0,2018,8254,LF,outfield,15.83333333333333,
Sam Fuld,36.0,2019,8254,LF,outfield,14.633333333333331,
Sam Fuld,37.0,2020,8254,LF,outfield,13.43333333333333,
Sam Fuld,38.0,2021,8254,LF,outfield,12.23333333333333,
Sam Fuld,39.0,2022,8254,LF,outfield,11.033333333333331,
Sam Fuld,40.0,2023,8254,LF,outfield,9.83333333333333,
Sam Fuld,41.0,2024,8254,LF,outfield,8.633333333333331,
Sam Fuld,42.0,2025,8254,LF,outfield,7.433333333333332,
Sam Fuld,34.0,2017,8254,RF,outfield,-18.566666666666663,
Sam Fuld,35.0,2018,8254,RF,outfield,-19.766666666666662,
Sam Fuld,36.0,2019,8254,RF,outfield,-20.96666666666666,
Sam Fuld,37.0,2020,8254,RF,outfield,-22.166666666666664,
Sam Fuld,38.0,2021,8254,RF,outfield,-23.366666666666664,
Sam Fuld,39.0,2022,8254,RF,outfield,-24.566666666666663,
Sam Fuld,40.0,2023,8254,RF,outfield,-25.766666666666666,
Sam Fuld,41.0,2024,8254,RF,outfield,-26.96666666666666,
Sam Fuld,42.0,2025,8254,RF,outfield,-28.166666666666664,
Kurt Suzuki,33.0,2017,8259,C,catcher,,-16.133990508911577
Kurt Suzuki,34.0,2018,8259,C,catcher,,-17.333990508911576
Kurt Suzuki,35.0,2019,8259,C,catcher,,-18.53399050891158
Kurt Suzuki,36.0,2020,8259,C,catcher,,-19.733990508911578
Kurt Suzuki,37.0,2021,8259,C,catcher,,-20.933990508911577
Kurt Suzuki,38.0,2022,8259,C,catcher,,-22.133990508911577
Kurt Suzuki,39.0,2023,8259,C,catcher,,-23.333990508911576
Kurt Suzuki,40.0,2024,8259,C,catcher,,-24.53399050891158
Kurt Suzuki,41.0,2025,8259,C,catcher,,-25.733990508911575
Kurt Suzuki,42.0,2026,8259,C,catcher,,-26.933990508911577
Chris Iannetta,34.0,2017,8267,C,catcher,,-13.555365431461933
Chris Iannetta,35.0,2018,8267,C,catcher,,-14.755365431461934
Chris Iannetta,36.0,2019,8267,C,catcher,,-15.955365431461933
Chris Iannetta,37.0,2020,8267,C,catcher,,-17.155365431461934
Chris Iannetta,38.0,2021,8267,C,catcher,,-18.355365431461934
Chris Iannetta,39.0,2022,8267,C,catcher,,-19.555365431461933
Chris Iannetta,40.0,2023,8267,C,catcher,,-20.755365431461932
Chris Iannetta,41.0,2024,8267,C,catcher,,-21.955365431461935
Chris Iannetta,42.0,2025,8267,C,catcher,,-23.15536543146193
Francisco Pena,27.0,2017,8298,C,catcher,,-14.64786680541103
Francisco Pena,28.0,2018,8298,C,catcher,,-15.24786680541103
Francisco Pena,29.0,2019,8298,C,catcher,,-15.84786680541103
Francisco Pena,30.0,2020,8298,C,catcher,,-16.44786680541103
Francisco Pena,31.0,2021,8298,C,catcher,,-17.047866805411033
Francisco Pena,32.0,2022,8298,C,catcher,,-18.247866805411032
Francisco Pena,33.0,2023,8298,C,catcher,,-19.44786680541103
Francisco Pena,34.0,2024,8298,C,catcher,,-20.64786680541103
Francisco Pena,35.0,2025,8298,C,catcher,,-21.84786680541103
Francisco Pena,36.0,2026,8298,C,catcher,,-23.047866805411033
Francisco Pena,37.0,2027,8298,C,catcher,,-24.24786680541103
Francisco Pena,38.0,2028,8298,C,catcher,,-25.44786680541103
Francisco Pena,39.0,2029,8298,C,catcher,,-26.647866805411027
Francisco Pena,40.0,2030,8298,C,catcher,,-27.84786680541103
Francisco Pena,41.0,2031,8298,C,catcher,,-29.047866805411026
Denard Span,33.0,2017,8347,CF,outfield,-9.2,
Denard Span,34.0,2018,8347,CF,outfield,-10.4,
Denard Span,35.0,2019,8347,CF,outfield,-11.6,
Denard Span,36.0,2020,8347,CF,outfield,-12.8,
Denard Span,37.0,2021,8347,CF,outfield,-14.0,
Denard Span,38.0,2022,8347,CF,outfield,-15.2,
Denard Span,39.0,2023,8347,CF,outfield,-16.4,
Denard Span,40.0,2024,8347,CF,outfield,-17.6,
Denard Span,41.0,2025,8347,CF,outfield,-18.799999999999997,
Denard Span,42.0,2026,8347,CF,outfield,-20.0,
Dustin Pedroia,33.0,2017,8370,2B,infield,5.8500000000000005,
Dustin Pedroia,34.0,2018,8370,2B,infield,4.65,
Dustin Pedroia,35.0,2019,8370,2B,infield,3.450000000000001,
Dustin Pedroia,36.0,2020,8370,2B,infield,2.250000000000001,
Dustin Pedroia,37.0,2021,8370,2B,infield,1.0500000000000007,
Dustin Pedroia,38.0,2022,8370,2B,infield,-0.14999999999999947,
Dustin Pedroia,39.0,2023,8370,2B,infield,-1.3499999999999996,
Dustin Pedroia,40.0,2024,8370,2B,infield,-2.549999999999999,
Dustin Pedroia,41.0,2025,8370,2B,infield,-3.7499999999999982,
Dustin Pedroia,42.0,2026,8370,2B,infield,-4.9499999999999975,
Reid Brignac,29.0,2017,8380,3B,infield,-8.6,
Reid Brignac,30.0,2018,8380,3B,infield,-9.2,
Reid Brignac,31.0,2019,8380,3B,infield,-9.8,
Reid Brignac,32.0,2020,8380,3B,infield,-11.0,
Reid Brignac,33.0,2021,8380,3B,infield,-12.2,
Reid Brignac,34.0,2022,8380,3B,infield,-13.4,
Reid Brignac,35.0,2023,8380,3B,infield,-14.600000000000001,
Reid Brignac,36.0,2024,8380,3B,infield,-15.8,
Reid Brignac,37.0,2025,8380,3B,infield,-17.0,
Reid Brignac,38.0,2026,8380,3B,infield,-18.2,
Reid Brignac,39.0,2027,8380,3B,infield,-19.4,
Reid Brignac,40.0,2028,8380,3B,infield,-20.599999999999998,
Reid Brignac,41.0,2029,8380,3B,infield,-21.799999999999997,
Reid Brignac,42.0,2030,8380,3B,infield,-22.999999999999996,
Pedro Florimon,29.0,2017,8385,SS,infield,-21.46666666666667,
Pedro Florimon,30.0,2018,8385,SS,infield,-22.066666666666666,
Pedro Florimon,31.0,2019,8385,SS,infield,-22.666666666666668,
Pedro Florimon,32.0,2020,8385,SS,infield,-23.866666666666667,
Pedro Florimon,33.0,2021,8385,SS,infield,-25.066666666666666,
Pedro Florimon,34.0,2022,8385,SS,infield,-26.266666666666666,
Pedro Florimon,35.0,2023,8385,SS,infield,-27.46666666666667,
Pedro Florimon,36.0,2024,8385,SS,infield,-28.666666666666668,
Pedro Florimon,37.0,2025,8385,SS,infield,-29.866666666666667,
Pedro Florimon,38.0,2026,8385,SS,infield,-31.066666666666666,
Pedro Florimon,39.0,2027,8385,SS,infield,-32.266666666666666,
Pedro Florimon,40.0,2028,8385,SS,infield,-33.46666666666667,
Pedro Florimon,41.0,2029,8385,SS,infield,-34.666666666666664,
Pedro Florimon,42.0,2030,8385,SS,infield,-35.86666666666666,
Daniel Descalso,30.0,2017,8392,1B,infield,-17.700000000000003,
Daniel Descalso,31.0,2018,8392,1B,infield,-18.3,
Daniel Descalso,32.0,2019,8392,1B,infield,-19.5,
Daniel Descalso,33.0,2020,8392,1B,infield,-20.700000000000003,
Daniel Descalso,34.0,2021,8392,1B,infield,-21.900000000000002,
Daniel Descalso,35.0,2022,8392,1B,infield,-23.1,
Daniel Descalso,36.0,2023,8392,1B,infield,-24.3,
Daniel Descalso,37.0,2024,8392,1B,infield,-25.5,
Daniel Descalso,38.0,2025,8392,1B,infield,-26.700000000000003,
Daniel Descalso,39.0,2026,8392,1B,infield,-27.9,
Daniel Descalso,40.0,2027,8392,1B,infield,-29.1,
Daniel Descalso,41.0,2028,8392,1B,infield,-30.299999999999997,
Daniel Descalso,42.0,2029,8392,1B,infield,-31.5,
Daniel Descalso,30.0,2017,8392,2B,infield,-8.916666666666668,
Daniel Descalso,31.0,2018,8392,2B,infield,-9.516666666666667,
Daniel Descalso,32.0,2019,8392,2B,infield,-10.716666666666669,
Daniel Descalso,33.0,2020,8392,2B,infield,-11.916666666666668,
Daniel Descalso,34.0,2021,8392,2B,infield,-13.116666666666667,
Daniel Descalso,35.0,2022,8392,2B,infield,-14.316666666666668,
Daniel Descalso,36.0,2023,8392,2B,infield,-15.51666666666667,
Daniel Descalso,37.0,2024,8392,2B,infield,-16.71666666666667,
Daniel Descalso,38.0,2025,8392,2B,infield,-17.916666666666668,
Daniel Descalso,39.0,2026,8392,2B,infield,-19.116666666666667,
Daniel Descalso,40.0,2027,8392,2B,infield,-20.316666666666666,
Daniel Descalso,41.0,2028,8392,2B,infield,-21.516666666666666,
Daniel Descalso,42.0,2029,8392,2B,infield,-22.716666666666665,
Daniel Descalso,28.0,2017,8392,3B,infield,-32.3,
Daniel Descalso,29.0,2018,8392,3B,infield,-32.9,
Daniel Descalso,30.0,2019,8392,3B,infield,-33.5,
Daniel Descalso,31.0,2020,8392,3B,infield,-34.1,
Daniel Descalso,32.0,2021,8392,3B,infield,-35.3,
Daniel Descalso,33.0,2022,8392,3B,infield,-36.5,
Daniel Descalso,34.0,2023,8392,3B,infield,-37.7,
Daniel Descalso,35.0,2024,8392,3B,infield,-38.9,
Daniel Descalso,36.0,2025,8392,3B,infield,-40.1,
Daniel Descalso,37.0,2026,8392,3B,infield,-41.3,
Daniel Descalso,38.0,2027,8392,3B,infield,-42.5,
Daniel Descalso,39.0,2028,8392,3B,infield,-43.699999999999996,
Daniel Descalso,40.0,2029,8392,3B,infield,-44.9,
Daniel Descalso,41.0,2030,8392,3B,infield,-46.099999999999994,
Daniel Descalso,42.0,2031,8392,3B,infield,-47.3,
Daniel Descalso,30.0,2017,8392,SS,infield,-16.916666666666668,
Daniel Descalso,31.0,2018,8392,SS,infield,-17.516666666666666,
Daniel Descalso,32.0,2019,8392,SS,infield,-18.716666666666665,
Daniel Descalso,33.0,2020,8392,SS,infield,-19.916666666666664,
Daniel Descalso,34.0,2021,8392,SS,infield,-21.116666666666667,
Daniel Descalso,35.0,2022,8392,SS,infield,-22.316666666666666,
Daniel Descalso,36.0,2023,8392,SS,infield,-23.516666666666666,
Daniel Descalso,37.0,2024,8392,SS,infield,-24.71666666666667,
Daniel Descalso,38.0,2025,8392,SS,infield,-25.916666666666664,
Daniel Descalso,39.0,2026,8392,SS,infield,-27.116666666666667,
Daniel Descalso,40.0,2027,8392,SS,infield,-28.316666666666663,
Daniel Descalso,41.0,2028,8392,SS,infield,-29.516666666666666,
Daniel Descalso,42.0,2029,8392,SS,infield,-30.71666666666666,
Ehire Adrianza,26.0,2017,8418,2B,infield,-6.466666666666666,
Ehire Adrianza,27.0,2018,8418,2B,infield,-7.0666666666666655,
Ehire Adrianza,28.0,2019,8418,2B,infield,-7.666666666666666,
Ehire Adrianza,29.0,2020,8418,2B,infield,-8.266666666666666,
Ehire Adrianza,30.0,2021,8418,2B,infield,-8.866666666666665,
Ehire Adrianza,31.0,2022,8418,2B,infield,-9.466666666666665,
Ehire Adrianza,32.0,2023,8418,2B,infield,-10.666666666666666,
Ehire Adrianza,33.0,2024,8418,2B,infield,-11.866666666666667,
Ehire Adrianza,34.0,2025,8418,2B,infield,-13.066666666666666,
Ehire Adrianza,35.0,2026,8418,2B,infield,-14.266666666666666,
Ehire Adrianza,36.0,2027,8418,2B,infield,-15.466666666666665,
Ehire Adrianza,37.0,2028,8418,2B,infield,-16.666666666666664,
Ehire Adrianza,38.0,2029,8418,2B,infield,-17.866666666666664,
Ehire Adrianza,39.0,2030,8418,2B,infield,-19.066666666666663,
Ehire Adrianza,40.0,2031,8418,2B,infield,-20.266666666666662,
Ehire Adrianza,27.0,2017,8418,SS,infield,5.500000000000001,
Ehire Adrianza,28.0,2018,8418,SS,infield,4.9,
Ehire Adrianza,29.0,2019,8418,SS,infield,4.300000000000001,
Ehire Adrianza,30.0,2020,8418,SS,infield,3.7000000000000006,
Ehire Adrianza,31.0,2021,8418,SS,infield,3.1000000000000005,
Ehire Adrianza,32.0,2022,8418,SS,infield,1.9000000000000004,
Ehire Adrianza,33.0,2023,8418,SS,infield,0.7000000000000002,
Ehire Adrianza,34.0,2024,8418,SS,infield,-0.5,
Ehire Adrianza,35.0,2025,8418,SS,infield,-1.7000000000000002,
Ehire Adrianza,36.0,2026,8418,SS,infield,-2.8999999999999995,
Ehire Adrianza,37.0,2027,8418,SS,infield,-4.099999999999999,
Ehire Adrianza,38.0,2028,8418,SS,infield,-5.299999999999998,
Ehire Adrianza,39.0,2029,8418,SS,infield,-6.499999999999997,
Ehire Adrianza,40.0,2030,8418,SS,infield,-7.699999999999997,
Ehire Adrianza,41.0,2031,8418,SS,infield,-8.899999999999995,
Ike Davis,29.0,2017,8433,1B,infield,-0.23333333333333328,
Ike Davis,30.0,2018,8433,1B,infield,-0.8333333333333333,
Ike Davis,31.0,2019,8433,1B,infield,-1.4333333333333331,
Ike Davis,32.0,2020,8433,1B,infield,-2.6333333333333333,
Ike Davis,33.0,2021,8433,1B,infield,-3.8333333333333335,
Ike Davis,34.0,2022,8433,1B,infield,-5.033333333333333,
Ike Davis,35.0,2023,8433,1B,infield,-6.233333333333334,
Ike Davis,36.0,2024,8433,1B,infield,-7.433333333333334,
Ike Davis,37.0,2025,8433,1B,infield,-8.633333333333333,
Ike Davis,38.0,2026,8433,1B,infield,-9.833333333333332,
Ike Davis,39.0,2027,8433,1B,infield,-11.033333333333331,
Ike Davis,40.0,2028,8433,1B,infield,-12.23333333333333,
Ike Davis,41.0,2029,8433,1B,infield,-13.43333333333333,
Ike Davis,42.0,2030,8433,1B,infield,-14.63333333333333,
Brett Wallace,30.0,2017,8434,1B,infield,-15.633333333333333,
Brett Wallace,31.0,2018,8434,1B,infield,-16.233333333333334,
Brett Wallace,32.0,2019,8434,1B,infield,-17.433333333333334,
Brett Wallace,33.0,2020,8434,1B,infield,-18.633333333333333,
Brett Wallace,34.0,2021,8434,1B,infield,-19.833333333333332,
Brett Wallace,35.0,2022,8434,1B,infield,-21.03333333333333,
Brett Wallace,36.0,2023,8434,1B,infield,-22.233333333333334,
Brett Wallace,37.0,2024,8434,1B,infield,-23.433333333333334,
Brett Wallace,38.0,2025,8434,1B,infield,-24.633333333333333,
Brett Wallace,39.0,2026,8434,1B,infield,-25.833333333333332,
Brett Wallace,40.0,2027,8434,1B,infield,-27.03333333333333,
Brett Wallace,41.0,2028,8434,1B,infield,-28.23333333333333,
Brett Wallace,42.0,2029,8434,1B,infield,-29.43333333333333,
Brett Wallace,30.0,2017,8434,3B,infield,-22.1,
Brett Wallace,31.0,2018,8434,3B,infield,-22.7,
Brett Wallace,32.0,2019,8434,3B,infield,-23.9,
Brett Wallace,33.0,2020,8434,3B,infield,-25.1,
Brett Wallace,34.0,2021,8434,3B,infield,-26.3,
Brett Wallace,35.0,2022,8434,3B,infield,-27.5,
Brett Wallace,36.0,2023,8434,3B,infield,-28.7,
Brett Wallace,37.0,2024,8434,3B,infield,-29.9,
Brett Wallace,38.0,2025,8434,3B,infield,-31.1,
Brett Wallace,39.0,2026,8434,3B,infield,-32.3,
Brett Wallace,40.0,2027,8434,3B,infield,-33.5,
Brett Wallace,41.0,2028,8434,3B,infield,-34.699999999999996,
Brett Wallace,42.0,2029,8434,3B,infield,-35.9,
Gerardo Parra,30.0,2017,8553,1B,infield,-13.799999999999999,
Gerardo Parra,31.0,2018,8553,1B,infield,-14.399999999999999,
Gerardo Parra,32.0,2019,8553,1B,infield,-15.6,
Gerardo Parra,33.0,2020,8553,1B,infield,-16.799999999999997,
Gerardo Parra,34.0,2021,8553,1B,infield,-18.0,
Gerardo Parra,35.0,2022,8553,1B,infield,-19.2,
Gerardo Parra,36.0,2023,8553,1B,infield,-20.4,
Gerardo Parra,37.0,2024,8553,1B,infield,-21.6,
Gerardo Parra,38.0,2025,8553,1B,infield,-22.799999999999997,
Gerardo Parra,39.0,2026,8553,1B,infield,-24.0,
Gerardo Parra,40.0,2027,8553,1B,infield,-25.199999999999996,
Gerardo Parra,41.0,2028,8553,1B,infield,-26.4,
Gerardo Parra,42.0,2029,8553,1B,infield,-27.599999999999994,
Gerardo Parra,30.0,2017,8553,CF,outfield,-5.733333333333333,
Gerardo Parra,31.0,2018,8553,CF,outfield,-6.333333333333334,
Gerardo Parra,32.0,2019,8553,CF,outfield,-7.533333333333333,
Gerardo Parra,33.0,2020,8553,CF,outfield,-8.733333333333334,
Gerardo Parra,34.0,2021,8553,CF,outfield,-9.933333333333334,
Gerardo Parra,35.0,2022,8553,CF,outfield,-11.133333333333333,
Gerardo Parra,36.0,2023,8553,CF,outfield,-12.333333333333334,
Gerardo Parra,37.0,2024,8553,CF,outfield,-13.533333333333335,
Gerardo Parra,38.0,2025,8553,CF,outfield,-14.733333333333334,
Gerardo Parra,39.0,2026,8553,CF,outfield,-15.933333333333334,
Gerardo Parra,40.0,2027,8553,CF,outfield,-17.133333333333333,
Gerardo Parra,41.0,2028,8553,CF,outfield,-18.333333333333332,
Gerardo Parra,42.0,2029,8553,CF,outfield,-19.53333333333333,
Gerardo Parra,30.0,2017,8553,LF,outfield,1.4666666666666668,
Gerardo Parra,31.0,2018,8553,LF,outfield,0.8666666666666669,
Gerardo Parra,32.0,2019,8553,LF,outfield,-0.33333333333333304,
Gerardo Parra,33.0,2020,8553,LF,outfield,-1.5333333333333328,
Gerardo Parra,34.0,2021,8553,LF,outfield,-2.733333333333333,
Gerardo Parra,35.0,2022,8553,LF,outfield,-3.933333333333333,
Gerardo Parra,36.0,2023,8553,LF,outfield,-5.133333333333333,
Gerardo Parra,37.0,2024,8553,LF,outfield,-6.333333333333334,
Gerardo Parra,38.0,2025,8553,LF,outfield,-7.533333333333333,
Gerardo Parra,39.0,2026,8553,LF,outfield,-8.733333333333333,
Gerardo Parra,40.0,2027,8553,LF,outfield,-9.933333333333332,
Gerardo Parra,41.0,2028,8553,LF,outfield,-11.133333333333331,
Gerardo Parra,42.0,2029,8553,LF,outfield,-12.33333333333333,
Gerardo Parra,30.0,2017,8553,RF,outfield,-12.85,
Gerardo Parra,31.0,2018,8553,RF,outfield,-13.45,
Gerardo Parra,32.0,2019,8553,RF,outfield,-14.65,
Gerardo Parra,33.0,2020,8553,RF,outfield,-15.85,
Gerardo Parra,34.0,2021,8553,RF,outfield,-17.05,
Gerardo Parra,35.0,2022,8553,RF,outfield,-18.25,
Gerardo Parra,36.0,2023,8553,RF,outfield,-19.45,
Gerardo Parra,37.0,2024,8553,RF,outfield,-20.65,
Gerardo Parra,38.0,2025,8553,RF,outfield,-21.85,
Gerardo Parra,39.0,2026,8553,RF,outfield,-23.049999999999997,
Gerardo Parra,40.0,2027,8553,RF,outfield,-24.25,
Gerardo Parra,41.0,2028,8553,RF,outfield,-25.449999999999996,
Gerardo Parra,42.0,2029,8553,RF,outfield,-26.65,
Tim Federowicz,29.0,2017,8609,C,catcher,,-34.519172932330825
Tim Federowicz,30.0,2018,8609,C,catcher,,-35.11917293233083
Tim Federowicz,31.0,2019,8609,C,catcher,,-35.71917293233082
Tim Federowicz,32.0,2020,8609,C,catcher,,-36.919172932330824
Tim Federowicz,33.0,2021,8609,C,catcher,,-38.11917293233083
Tim Federowicz,34.0,2022,8609,C,catcher,,-39.31917293233082
Tim Federowicz,35.0,2023,8609,C,catcher,,-40.519172932330825
Tim Federowicz,36.0,2024,8609,C,catcher,,-41.71917293233082
Tim Federowicz,37.0,2025,8609,C,catcher,,-42.919172932330824
Tim Federowicz,38.0,2026,8609,C,catcher,,-44.11917293233083
Tim Federowicz,39.0,2027,8609,C,catcher,,-45.31917293233082
Tim Federowicz,40.0,2028,8609,C,catcher,,-46.51917293233082
Tim Federowicz,41.0,2029,8609,C,catcher,,-47.71917293233082
Tim Federowicz,42.0,2030,8609,C,catcher,,-48.919172932330824
Kendrys Morales,34.0,2017,8610,1B,infield,0.8666666666666665,
Kendrys Morales,35.0,2018,8610,1B,infield,-0.3333333333333335,
Kendrys Morales,36.0,2019,8610,1B,infield,-1.5333333333333332,
Kendrys Morales,37.0,2020,8610,1B,infield,-2.7333333333333334,
Kendrys Morales,38.0,2021,8610,1B,infield,-3.9333333333333336,
Kendrys Morales,39.0,2022,8610,1B,infield,-5.133333333333334,
Kendrys Morales,40.0,2023,8610,1B,infield,-6.333333333333334,
Kendrys Morales,41.0,2024,8610,1B,infield,-7.533333333333333,
Kendrys Morales,42.0,2025,8610,1B,infield,-8.733333333333333,
Donovan Solano,27.0,2017,8623,2B,infield,8.0,
Donovan Solano,28.0,2018,8623,2B,infield,7.3999999999999995,
Donovan Solano,29.0,2019,8623,2B,infield,6.8,
Donovan Solano,30.0,2020,8623,2B,infield,6.199999999999999,
Donovan Solano,31.0,2021,8623,2B,infield,5.6,
Donovan Solano,32.0,2022,8623,2B,infield,4.3999999999999995,
Donovan Solano,33.0,2023,8623,2B,infield,3.1999999999999993,
Donovan Solano,34.0,2024,8623,2B,infield,1.9999999999999991,
Donovan Solano,35.0,2025,8623,2B,infield,0.7999999999999989,
Donovan Solano,36.0,2026,8623,2B,infield,-0.40000000000000036,
Donovan Solano,37.0,2027,8623,2B,infield,-1.5999999999999996,
Donovan Solano,38.0,2028,8623,2B,infield,-2.799999999999999,
Donovan Solano,39.0,2029,8623,2B,infield,-3.9999999999999982,
Donovan Solano,40.0,2030,8623,2B,infield,-5.1999999999999975,
Donovan Solano,41.0,2031,8623,2B,infield,-6.399999999999997,
Donovan Solano,28.0,2017,8623,3B,infield,18.299999999999997,
Donovan Solano,29.0,2018,8623,3B,infield,17.7,
Donovan Solano,30.0,2019,8623,3B,infield,17.099999999999998,
Donovan Solano,31.0,2020,8623,3B,infield,16.5,
Donovan Solano,32.0,2021,8623,3B,infield,15.299999999999999,
Donovan Solano,33.0,2022,8623,3B,infield,14.099999999999998,
Donovan Solano,34.0,2023,8623,3B,infield,12.899999999999999,
Donovan Solano,35.0,2024,8623,3B,infield,11.7,
Donovan Solano,36.0,2025,8623,3B,infield,10.499999999999998,
Donovan Solano,37.0,2026,8623,3B,infield,9.299999999999999,
Donovan Solano,38.0,2027,8623,3B,infield,8.1,
Donovan Solano,39.0,2028,8623,3B,infield,6.9,
Donovan Solano,40.0,2029,8623,3B,infield,5.700000000000001,
Donovan Solano,41.0,2030,8623,3B,infield,4.500000000000002,
Donovan Solano,42.0,2031,8623,3B,infield,3.3000000000000025,
Donovan Solano,28.0,2017,8623,SS,infield,-18.900000000000002,
Donovan Solano,29.0,2018,8623,SS,infield,-19.5,
Donovan Solano,30.0,2019,8623,SS,infield,-20.1,
Donovan Solano,31.0,2020,8623,SS,infield,-20.7,
Donovan Solano,32.0,2021,8623,SS,infield,-21.9,
Donovan Solano,33.0,2022,8623,SS,infield,-23.1,
Donovan Solano,34.0,2023,8623,SS,infield,-24.3,
Donovan Solano,35.0,2024,8623,SS,infield,-25.5,
Donovan Solano,36.0,2025,8623,SS,infield,-26.700000000000003,
Donovan Solano,37.0,2026,8623,SS,infield,-27.9,
Donovan Solano,38.0,2027,8623,SS,infield,-29.1,
Donovan Solano,39.0,2028,8623,SS,infield,-30.299999999999997,
Donovan Solano,40.0,2029,8623,SS,infield,-31.5,
Donovan Solano,41.0,2030,8623,SS,infield,-32.699999999999996,
Donovan Solano,42.0,2031,8623,SS,infield,-33.9,
Paulo Orlando,31.0,2017,8628,CF,outfield,12.1,
Paulo Orlando,32.0,2018,8628,CF,outfield,10.899999999999999,
Paulo Orlando,33.0,2019,8628,CF,outfield,9.7,
Paulo Orlando,34.0,2020,8628,CF,outfield,8.5,
Paulo Orlando,35.0,2021,8628,CF,outfield,7.299999999999999,
Paulo Orlando,36.0,2022,8628,CF,outfield,6.099999999999999,
Paulo Orlando,37.0,2023,8628,CF,outfield,4.899999999999999,
Paulo Orlando,38.0,2024,8628,CF,outfield,3.6999999999999993,
Paulo Orlando,39.0,2025,8628,CF,outfield,2.5,
Paulo Orlando,40.0,2026,8628,CF,outfield,1.3000000000000007,
Paulo Orlando,41.0,2027,8628,CF,outfield,0.10000000000000142,
Paulo Orlando,42.0,2028,8628,CF,outfield,-1.0999999999999979,
Paulo Orlando,30.0,2017,8628,LF,outfield,4.4,
Paulo Orlando,31.0,2018,8628,LF,outfield,3.8,
Paulo Orlando,32.0,2019,8628,LF,outfield,2.6,
Paulo Orlando,33.0,2020,8628,LF,outfield,1.4000000000000004,
Paulo Orlando,34.0,2021,8628,LF,outfield,0.20000000000000018,
Paulo Orlando,35.0,2022,8628,LF,outfield,-1.0,
Paulo Orlando,36.0,2023,8628,LF,outfield,-2.2,
Paulo Orlando,37.0,2024,8628,LF,outfield,-3.4000000000000004,
Paulo Orlando,38.0,2025,8628,LF,outfield,-4.6,
Paulo Orlando,39.0,2026,8628,LF,outfield,-5.799999999999999,
Paulo Orlando,40.0,2027,8628,LF,outfield,-6.999999999999998,
Paulo Orlando,41.0,2028,8628,LF,outfield,-8.199999999999998,
Paulo Orlando,42.0,2029,8628,LF,outfield,-9.399999999999997,
Paulo Orlando,31.0,2017,8628,RF,outfield,3.9,
Paulo Orlando,32.0,2018,8628,RF,outfield,2.7,
Paulo Orlando,33.0,2019,8628,RF,outfield,1.5,
Paulo Orlando,34.0,2020,8628,RF,outfield,0.2999999999999998,
Paulo Orlando,35.0,2021,8628,RF,outfield,-0.9000000000000004,
Paulo Orlando,36.0,2022,8628,RF,outfield,-2.1000000000000005,
Paulo Orlando,37.0,2023,8628,RF,outfield,-3.3000000000000007,
Paulo Orlando,38.0,2024,8628,RF,outfield,-4.5,
Paulo Orlando,39.0,2025,8628,RF,outfield,-5.699999999999999,
Paulo Orlando,40.0,2026,8628,RF,outfield,-6.899999999999999,
Paulo Orlando,41.0,2027,8628,RF,outfield,-8.099999999999998,
Paulo Orlando,42.0,2028,8628,RF,outfield,-9.299999999999997,
Elvis Andrus,28.0,2017,8709,SS,infield,-5.05,
Elvis Andrus,29.0,2018,8709,SS,infield,-5.65,
Elvis Andrus,30.0,2019,8709,SS,infield,-6.25,
Elvis Andrus,31.0,2020,8709,SS,infield,-6.85,
Elvis Andrus,32.0,2021,8709,SS,infield,-8.05,
Elvis Andrus,33.0,2022,8709,SS,infield,-9.25,
Elvis Andrus,34.0,2023,8709,SS,infield,-10.45,
Elvis Andrus,35.0,2024,8709,SS,infield,-11.65,
Elvis Andrus,36.0,2025,8709,SS,infield,-12.850000000000001,
Elvis Andrus,37.0,2026,8709,SS,infield,-14.05,
Elvis Andrus,38.0,2027,8709,SS,infield,-15.25,
Elvis Andrus,39.0,2028,8709,SS,infield,-16.45,
Elvis Andrus,40.0,2029,8709,SS,infield,-17.65,
Elvis Andrus,41.0,2030,8709,SS,infield,-18.849999999999998,
Elvis Andrus,42.0,2031,8709,SS,infield,-20.049999999999997,
Jason Castro,30.0,2017,8722,C,catcher,,5.194725126260268
Jason Castro,31.0,2018,8722,C,catcher,,4.5947251262602675
Jason Castro,32.0,2019,8722,C,catcher,,3.394725126260268
Jason Castro,33.0,2020,8722,C,catcher,,2.194725126260268
Jason Castro,34.0,2021,8722,C,catcher,,0.9947251262602679
Jason Castro,35.0,2022,8722,C,catcher,,-0.2052748737397323
Jason Castro,36.0,2023,8722,C,catcher,,-1.4052748737397325
Jason Castro,37.0,2024,8722,C,catcher,,-2.6052748737397327
Jason Castro,38.0,2025,8722,C,catcher,,-3.805274873739732
Jason Castro,39.0,2026,8722,C,catcher,,-5.005274873739731
Jason Castro,40.0,2027,8722,C,catcher,,-6.2052748737397305
Jason Castro,41.0,2028,8722,C,catcher,,-7.40527487373973
Jason Castro,42.0,2029,8722,C,catcher,,-8.605274873739729
Carlos Peguero,29.0,2017,8760,LF,outfield,18.599999999999998,
Carlos Peguero,30.0,2018,8760,LF,outfield,18.0,
Carlos Peguero,31.0,2019,8760,LF,outfield,17.4,
Carlos Peguero,32.0,2020,8760,LF,outfield,16.2,
Carlos Peguero,33.0,2021,8760,LF,outfield,15.0,
Carlos Peguero,34.0,2022,8760,LF,outfield,13.799999999999999,
Carlos Peguero,35.0,2023,8760,LF,outfield,12.599999999999998,
Carlos Peguero,36.0,2024,8760,LF,outfield,11.399999999999999,
Carlos Peguero,37.0,2025,8760,LF,outfield,10.2,
Carlos Peguero,38.0,2026,8760,LF,outfield,9.0,
Carlos Peguero,39.0,2027,8760,LF,outfield,7.800000000000001,
Carlos Peguero,40.0,2028,8760,LF,outfield,6.600000000000001,
Carlos Peguero,41.0,2029,8760,LF,outfield,5.400000000000002,
Carlos Peguero,42.0,2030,8760,LF,outfield,4.200000000000003,
Cole Figueroa,28.0,2017,8790,2B,infield,-7.8999999999999995,
Cole Figueroa,29.0,2018,8790,2B,infield,-8.5,
Cole Figueroa,30.0,2019,8790,2B,infield,-9.1,
Cole Figueroa,31.0,2020,8790,2B,infield,-9.7,
Cole Figueroa,32.0,2021,8790,2B,infield,-10.899999999999999,
Cole Figueroa,33.0,2022,8790,2B,infield,-12.1,
Cole Figueroa,34.0,2023,8790,2B,infield,-13.3,
Cole Figueroa,35.0,2024,8790,2B,infield,-14.5,
Cole Figueroa,36.0,2025,8790,2B,infield,-15.7,
Cole Figueroa,37.0,2026,8790,2B,infield,-16.9,
Cole Figueroa,38.0,2027,8790,2B,infield,-18.099999999999998,
Cole Figueroa,39.0,2028,8790,2B,infield,-19.299999999999997,
Cole Figueroa,40.0,2029,8790,2B,infield,-20.499999999999996,
Cole Figueroa,41.0,2030,8790,2B,infield,-21.699999999999996,
Cole Figueroa,42.0,2031,8790,2B,infield,-22.899999999999995,
Matthew Clark,28.0,2017,8793,1B,infield,-52.800000000000004,
Matthew Clark,29.0,2018,8793,1B,infield,-53.400000000000006,
Matthew Clark,30.0,2019,8793,1B,infield,-54.0,
Matthew Clark,31.0,2020,8793,1B,infield,-54.6,
Matthew Clark,32.0,2021,8793,1B,infield,-55.800000000000004,
Matthew Clark,33.0,2022,8793,1B,infield,-57.0,
Matthew Clark,34.0,2023,8793,1B,infield,-58.2,
Matthew Clark,35.0,2024,8793,1B,infield,-59.400000000000006,
Matthew Clark,36.0,2025,8793,1B,infield,-60.6,
Matthew Clark,37.0,2026,8793,1B,infield,-61.800000000000004,
Matthew Clark,38.0,2027,8793,1B,infield,-63.0,
Matthew Clark,39.0,2028,8793,1B,infield,-64.2,
Matthew Clark,40.0,2029,8793,1B,infield,-65.4,
Matthew Clark,41.0,2030,8793,1B,infield,-66.6,
Matthew Clark,42.0,2031,8793,1B,infield,-67.8,
Zelous Wheeler,28.0,2017,8822,3B,infield,1.2000000000000002,
Zelous Wheeler,29.0,2018,8822,3B,infield,0.6000000000000001,
Zelous Wheeler,30.0,2019,8822,3B,infield,2.220446049250313e-16,
Zelous Wheeler,31.0,2020,8822,3B,infield,-0.5999999999999999,
Zelous Wheeler,32.0,2021,8822,3B,infield,-1.7999999999999996,
Zelous Wheeler,33.0,2022,8822,3B,infield,-3.0,
Zelous Wheeler,34.0,2023,8822,3B,infield,-4.2,
Zelous Wheeler,35.0,2024,8822,3B,infield,-5.4,
Zelous Wheeler,36.0,2025,8822,3B,infield,-6.6000000000000005,
Zelous Wheeler,37.0,2026,8822,3B,infield,-7.8,
Zelous Wheeler,38.0,2027,8822,3B,infield,-8.999999999999998,
Zelous Wheeler,39.0,2028,8822,3B,infield,-10.199999999999998,
Zelous Wheeler,40.0,2029,8822,3B,infield,-11.399999999999997,
Zelous Wheeler,41.0,2030,8822,3B,infield,-12.599999999999996,
Zelous Wheeler,42.0,2031,8822,3B,infield,-13.799999999999995,
Ramiro Pena,31.0,2017,8841,2B,infield,-11.35,
Ramiro Pena,32.0,2018,8841,2B,infield,-12.55,
Ramiro Pena,33.0,2019,8841,2B,infield,-13.75,
Ramiro Pena,34.0,2020,8841,2B,infield,-14.95,
Ramiro Pena,35.0,2021,8841,2B,infield,-16.15,
Ramiro Pena,36.0,2022,8841,2B,infield,-17.35,
Ramiro Pena,37.0,2023,8841,2B,infield,-18.55,
Ramiro Pena,38.0,2024,8841,2B,infield,-19.75,
Ramiro Pena,39.0,2025,8841,2B,infield,-20.95,
Ramiro Pena,40.0,2026,8841,2B,infield,-22.15,
Ramiro Pena,41.0,2027,8841,2B,infield,-23.349999999999998,
Ramiro Pena,42.0,2028,8841,2B,infield,-24.549999999999997,
Ramiro Pena,29.0,2017,8841,3B,infield,21.099999999999998,
Ramiro Pena,30.0,2018,8841,3B,infield,20.5,
Ramiro Pena,31.0,2019,8841,3B,infield,19.9,
Ramiro Pena,32.0,2020,8841,3B,infield,18.7,
Ramiro Pena,33.0,2021,8841,3B,infield,17.5,
Ramiro Pena,34.0,2022,8841,3B,infield,16.299999999999997,
Ramiro Pena,35.0,2023,8841,3B,infield,15.099999999999998,
Ramiro Pena,36.0,2024,8841,3B,infield,13.899999999999999,
Ramiro Pena,37.0,2025,8841,3B,infield,12.7,
Ramiro Pena,38.0,2026,8841,3B,infield,11.5,
Ramiro Pena,39.0,2027,8841,3B,infield,10.3,
Ramiro Pena,40.0,2028,8841,3B,infield,9.100000000000001,
Ramiro Pena,41.0,2029,8841,3B,infield,7.900000000000002,
Ramiro Pena,42.0,2030,8841,3B,infield,6.700000000000003,
Ramiro Pena,29.0,2017,8841,SS,infield,-3.5,
Ramiro Pena,30.0,2018,8841,SS,infield,-4.1,
Ramiro Pena,31.0,2019,8841,SS,infield,-4.699999999999999,
Ramiro Pena,32.0,2020,8841,SS,infield,-5.9,
Ramiro Pena,33.0,2021,8841,SS,infield,-7.1,
Ramiro Pena,34.0,2022,8841,SS,infield,-8.3,
Ramiro Pena,35.0,2023,8841,SS,infield,-9.5,
Ramiro Pena,36.0,2024,8841,SS,infield,-10.700000000000001,
Ramiro Pena,37.0,2025,8841,SS,infield,-11.9,
Ramiro Pena,38.0,2026,8841,SS,infield,-13.1,
Ramiro Pena,39.0,2027,8841,SS,infield,-14.299999999999999,
Ramiro Pena,40.0,2028,8841,SS,infield,-15.499999999999998,
Ramiro Pena,41.0,2029,8841,SS,infield,-16.699999999999996,
Ramiro Pena,42.0,2030,8841,SS,infield,-17.899999999999995,
Ryan Lavarnway,28.0,2017,8879,C,catcher,,-12.589342806394317
Ryan Lavarnway,29.0,2018,8879,C,catcher,,-13.189342806394317
Ryan Lavarnway,30.0,2019,8879,C,catcher,,-13.789342806394316
Ryan Lavarnway,31.0,2020,8879,C,catcher,,-14.389342806394318
Ryan Lavarnway,32.0,2021,8879,C,catcher,,-15.589342806394317
Ryan Lavarnway,33.0,2022,8879,C,catcher,,-16.789342806394316
Ryan Lavarnway,34.0,2023,8879,C,catcher,,-17.98934280639432
Ryan Lavarnway,35.0,2024,8879,C,catcher,,-19.18934280639432
Ryan Lavarnway,36.0,2025,8879,C,catcher,,-20.389342806394318
Ryan Lavarnway,37.0,2026,8879,C,catcher,,-21.589342806394317
Ryan Lavarnway,38.0,2027,8879,C,catcher,,-22.789342806394316
Ryan Lavarnway,39.0,2028,8879,C,catcher,,-23.989342806394315
Ryan Lavarnway,40.0,2029,8879,C,catcher,,-25.189342806394315
Ryan Lavarnway,41.0,2030,8879,C,catcher,,-26.389342806394314
Ryan Lavarnway,42.0,2031,8879,C,catcher,,-27.589342806394313
Conor Gillaspie,29.0,2017,9009,3B,infield,-2.116666666666668,
Conor Gillaspie,30.0,2018,9009,3B,infield,-2.716666666666668,
Conor Gillaspie,31.0,2019,9009,3B,infield,-3.316666666666668,
Conor Gillaspie,32.0,2020,9009,3B,infield,-4.516666666666668,
Conor Gillaspie,33.0,2021,9009,3B,infield,-5.716666666666669,
Conor Gillaspie,34.0,2022,9009,3B,infield,-6.916666666666669,
Conor Gillaspie,35.0,2023,9009,3B,infield,-8.116666666666669,
Conor Gillaspie,36.0,2024,9009,3B,infield,-9.316666666666668,
Conor Gillaspie,37.0,2025,9009,3B,infield,-10.516666666666667,
Conor Gillaspie,38.0,2026,9009,3B,infield,-11.716666666666667,
Conor Gillaspie,39.0,2027,9009,3B,infield,-12.916666666666666,
Conor Gillaspie,40.0,2028,9009,3B,infield,-14.116666666666665,
Conor Gillaspie,41.0,2029,9009,3B,infield,-15.316666666666665,
Conor Gillaspie,42.0,2030,9009,3B,infield,-16.516666666666666,
Gordon Beckham,30.0,2017,9015,2B,infield,0.7666666666666665,
Gordon Beckham,31.0,2018,9015,2B,infield,0.16666666666666652,
Gordon Beckham,32.0,2019,9015,2B,infield,-1.0333333333333334,
Gordon Beckham,33.0,2020,9015,2B,infield,-2.2333333333333334,
Gordon Beckham,34.0,2021,9015,2B,infield,-3.4333333333333336,
Gordon Beckham,35.0,2022,9015,2B,infield,-4.633333333333334,
Gordon Beckham,36.0,2023,9015,2B,infield,-5.833333333333334,
Gordon Beckham,37.0,2024,9015,2B,infield,-7.033333333333334,
Gordon Beckham,38.0,2025,9015,2B,infield,-8.233333333333333,
Gordon Beckham,39.0,2026,9015,2B,infield,-9.433333333333332,
Gordon Beckham,40.0,2027,9015,2B,infield,-10.633333333333331,
Gordon Beckham,41.0,2028,9015,2B,infield,-11.83333333333333,
Gordon Beckham,42.0,2029,9015,2B,infield,-13.03333333333333,
Gordon Beckham,30.0,2017,9015,3B,infield,-4.999999999999998,
Gordon Beckham,31.0,2018,9015,3B,infield,-5.599999999999999,
Gordon Beckham,32.0,2019,9015,3B,infield,-6.799999999999999,
Gordon Beckham,33.0,2020,9015,3B,infield,-7.999999999999998,
Gordon Beckham,34.0,2021,9015,3B,infield,-9.2,
Gordon Beckham,35.0,2022,9015,3B,infield,-10.399999999999999,
Gordon Beckham,36.0,2023,9015,3B,infield,-11.599999999999998,
Gordon Beckham,37.0,2024,9015,3B,infield,-12.799999999999999,
Gordon Beckham,38.0,2025,9015,3B,infield,-13.999999999999998,
Gordon Beckham,39.0,2026,9015,3B,infield,-15.199999999999998,
Gordon Beckham,40.0,2027,9015,3B,infield,-16.4,
Gordon Beckham,41.0,2028,9015,3B,infield,-17.599999999999994,
Gordon Beckham,42.0,2029,9015,3B,infield,-18.799999999999997,
Gordon Beckham,30.0,2017,9015,SS,infield,-15.7,
Gordon Beckham,31.0,2018,9015,SS,infield,-16.3,
Gordon Beckham,32.0,2019,9015,SS,infield,-17.5,
Gordon Beckham,33.0,2020,9015,SS,infield,-18.7,
Gordon Beckham,34.0,2021,9015,SS,infield,-19.9,
Gordon Beckham,35.0,2022,9015,SS,infield,-21.1,
Gordon Beckham,36.0,2023,9015,SS,infield,-22.3,
Gordon Beckham,37.0,2024,9015,SS,infield,-23.5,
Gordon Beckham,38.0,2025,9015,SS,infield,-24.7,
Gordon Beckham,39.0,2026,9015,SS,infield,-25.9,
Gordon Beckham,40.0,2027,9015,SS,infield,-27.099999999999998,
Gordon Beckham,41.0,2028,9015,SS,infield,-28.299999999999997,
Gordon Beckham,42.0,2029,9015,SS,infield,-29.499999999999996,
Ezequiel Carrera,28.0,2017,9048,CF,outfield,17.5,
Ezequiel Carrera,29.0,2018,9048,CF,outfield,16.900000000000002,
Ezequiel Carrera,30.0,2019,9048,CF,outfield,16.3,
Ezequiel Carrera,31.0,2020,9048,CF,outfield,15.700000000000001,
Ezequiel Carrera,32.0,2021,9048,CF,outfield,14.500000000000002,
Ezequiel Carrera,33.0,2022,9048,CF,outfield,13.3,
Ezequiel Carrera,34.0,2023,9048,CF,outfield,12.100000000000001,
Ezequiel Carrera,35.0,2024,9048,CF,outfield,10.900000000000002,
Ezequiel Carrera,36.0,2025,9048,CF,outfield,9.700000000000001,
Ezequiel Carrera,37.0,2026,9048,CF,outfield,8.500000000000002,
Ezequiel Carrera,38.0,2027,9048,CF,outfield,7.3000000000000025,
Ezequiel Carrera,39.0,2028,9048,CF,outfield,6.100000000000003,
Ezequiel Carrera,40.0,2029,9048,CF,outfield,4.900000000000004,
Ezequiel Carrera,41.0,2030,9048,CF,outfield,3.7000000000000046,
Ezequiel Carrera,42.0,2031,9048,CF,outfield,2.5000000000000053,
Ezequiel Carrera,30.0,2017,9048,LF,outfield,-2.8000000000000007,
Ezequiel Carrera,31.0,2018,9048,LF,outfield,-3.4000000000000004,
Ezequiel Carrera,32.0,2019,9048,LF,outfield,-4.6000000000000005,
Ezequiel Carrera,33.0,2020,9048,LF,outfield,-5.800000000000001,
Ezequiel Carrera,34.0,2021,9048,LF,outfield,-7.0,
Ezequiel Carrera,35.0,2022,9048,LF,outfield,-8.200000000000001,
Ezequiel Carrera,36.0,2023,9048,LF,outfield,-9.4,
Ezequiel Carrera,37.0,2024,9048,LF,outfield,-10.600000000000001,
Ezequiel Carrera,38.0,2025,9048,LF,outfield,-11.8,
Ezequiel Carrera,39.0,2026,9048,LF,outfield,-13.0,
Ezequiel Carrera,40.0,2027,9048,LF,outfield,-14.2,
Ezequiel Carrera,41.0,2028,9048,LF,outfield,-15.399999999999999,
Ezequiel Carrera,42.0,2029,9048,LF,outfield,-16.599999999999998,
Ezequiel Carrera,30.0,2017,9048,RF,outfield,4.4,
Ezequiel Carrera,31.0,2018,9048,RF,outfield,3.8,
Ezequiel Carrera,32.0,2019,9048,RF,outfield,2.6,
Ezequiel Carrera,33.0,2020,9048,RF,outfield,1.4000000000000004,
Ezequiel Carrera,34.0,2021,9048,RF,outfield,0.20000000000000018,
Ezequiel Carrera,35.0,2022,9048,RF,outfield,-1.0,
Ezequiel Carrera,36.0,2023,9048,RF,outfield,-2.2,
Ezequiel Carrera,37.0,2024,9048,RF,outfield,-3.4000000000000004,
Ezequiel Carrera,38.0,2025,9048,RF,outfield,-4.6,
Ezequiel Carrera,39.0,2026,9048,RF,outfield,-5.799999999999999,
Ezequiel Carrera,40.0,2027,9048,RF,outfield,-6.999999999999998,
Ezequiel Carrera,41.0,2028,9048,RF,outfield,-8.199999999999998,
Ezequiel Carrera,42.0,2029,9048,RF,outfield,-9.399999999999997,
Justin Smoak,30.0,2017,9054,1B,infield,1.8499999999999996,
Justin Smoak,31.0,2018,9054,1B,infield,1.2499999999999998,
Justin Smoak,32.0,2019,9054,1B,infield,0.04999999999999982,
Justin Smoak,33.0,2020,9054,1B,infield,-1.15,
Justin Smoak,34.0,2021,9054,1B,infield,-2.35,
Justin Smoak,35.0,2022,9054,1B,infield,-3.5500000000000003,
Justin Smoak,36.0,2023,9054,1B,infield,-4.75,
Justin Smoak,37.0,2024,9054,1B,infield,-5.950000000000001,
Justin Smoak,38.0,2025,9054,1B,infield,-7.15,
Justin Smoak,39.0,2026,9054,1B,infield,-8.35,
Justin Smoak,40.0,2027,9054,1B,infield,-9.549999999999999,
Justin Smoak,41.0,2028,9054,1B,infield,-10.749999999999998,
Justin Smoak,42.0,2029,9054,1B,infield,-11.949999999999998,
Alexi Amarista,28.0,2017,9063,2B,infield,-3.0166666666666666,
Alexi Amarista,29.0,2018,9063,2B,infield,-3.6166666666666663,
Alexi Amarista,30.0,2019,9063,2B,infield,-4.216666666666667,
Alexi Amarista,31.0,2020,9063,2B,infield,-4.816666666666666,
Alexi Amarista,32.0,2021,9063,2B,infield,-6.016666666666666,
Alexi Amarista,33.0,2022,9063,2B,infield,-7.216666666666667,
Alexi Amarista,34.0,2023,9063,2B,infield,-8.416666666666666,
Alexi Amarista,35.0,2024,9063,2B,infield,-9.616666666666667,
Alexi Amarista,36.0,2025,9063,2B,infield,-10.816666666666666,
Alexi Amarista,37.0,2026,9063,2B,infield,-12.016666666666666,
Alexi Amarista,38.0,2027,9063,2B,infield,-13.216666666666665,
Alexi Amarista,39.0,2028,9063,2B,infield,-14.416666666666664,
Alexi Amarista,40.0,2029,9063,2B,infield,-15.616666666666664,
Alexi Amarista,41.0,2030,9063,2B,infield,-16.816666666666663,
Alexi Amarista,42.0,2031,9063,2B,infield,-18.016666666666662,
Alexi Amarista,26.0,2017,9063,3B,infield,12.1,
Alexi Amarista,27.0,2018,9063,3B,infield,11.5,
Alexi Amarista,28.0,2019,9063,3B,infield,10.9,
Alexi Amarista,29.0,2020,9063,3B,infield,10.3,
Alexi Amarista,30.0,2021,9063,3B,infield,9.7,
Alexi Amarista,31.0,2022,9063,3B,infield,9.1,
Alexi Amarista,32.0,2023,9063,3B,infield,7.8999999999999995,
Alexi Amarista,33.0,2024,9063,3B,infield,6.699999999999999,
Alexi Amarista,34.0,2025,9063,3B,infield,5.499999999999999,
Alexi Amarista,35.0,2026,9063,3B,infield,4.299999999999999,
Alexi Amarista,36.0,2027,9063,3B,infield,3.0999999999999996,
Alexi Amarista,37.0,2028,9063,3B,infield,1.9000000000000004,
Alexi Amarista,38.0,2029,9063,3B,infield,0.7000000000000011,
Alexi Amarista,39.0,2030,9063,3B,infield,-0.4999999999999982,
Alexi Amarista,40.0,2031,9063,3B,infield,-1.6999999999999975,
Alexi Amarista,26.0,2017,9063,CF,outfield,6.9,
Alexi Amarista,27.0,2018,9063,CF,outfield,6.300000000000001,
Alexi Amarista,28.0,2019,9063,CF,outfield,5.7,
Alexi Amarista,29.0,2020,9063,CF,outfield,5.1000000000000005,
Alexi Amarista,30.0,2021,9063,CF,outfield,4.5,
Alexi Amarista,31.0,2022,9063,CF,outfield,3.9000000000000004,
Alexi Amarista,32.0,2023,9063,CF,outfield,2.7,
Alexi Amarista,33.0,2024,9063,CF,outfield,1.5,
Alexi Amarista,34.0,2025,9063,CF,outfield,0.2999999999999998,
Alexi Amarista,35.0,2026,9063,CF,outfield,-0.9000000000000004,
Alexi Amarista,36.0,2027,9063,CF,outfield,-2.0999999999999996,
Alexi Amarista,37.0,2028,9063,CF,outfield,-3.299999999999999,
Alexi Amarista,38.0,2029,9063,CF,outfield,-4.499999999999998,
Alexi Amarista,39.0,2030,9063,CF,outfield,-5.6999999999999975,
Alexi Amarista,40.0,2031,9063,CF,outfield,-6.899999999999997,
Alexi Amarista,28.0,2017,9063,SS,infield,-10.3,
Alexi Amarista,29.0,2018,9063,SS,infield,-10.9,
Alexi Amarista,30.0,2019,9063,SS,infield,-11.5,
Alexi Amarista,31.0,2020,9063,SS,infield,-12.100000000000001,
Alexi Amarista,32.0,2021,9063,SS,infield,-13.3,
Alexi Amarista,33.0,2022,9063,SS,infield,-14.5,
Alexi Amarista,34.0,2023,9063,SS,infield,-15.700000000000001,
Alexi Amarista,35.0,2024,9063,SS,infield,-16.900000000000002,
Alexi Amarista,36.0,2025,9063,SS,infield,-18.1,
Alexi Amarista,37.0,2026,9063,SS,infield,-19.3,
Alexi Amarista,38.0,2027,9063,SS,infield,-20.5,
Alexi Amarista,39.0,2028,9063,SS,infield,-21.7,
Alexi Amarista,40.0,2029,9063,SS,infield,-22.9,
Alexi Amarista,41.0,2030,9063,SS,infield,-24.099999999999998,
Alexi Amarista,42.0,2031,9063,SS,infield,-25.299999999999997,
Lorenzo Cain,31.0,2017,9077,CF,outfield,10.383333333333335,
Lorenzo Cain,32.0,2018,9077,CF,outfield,9.183333333333334,
Lorenzo Cain,33.0,2019,9077,CF,outfield,7.983333333333334,
Lorenzo Cain,34.0,2020,9077,CF,outfield,6.783333333333334,
Lorenzo Cain,35.0,2021,9077,CF,outfield,5.583333333333334,
Lorenzo Cain,36.0,2022,9077,CF,outfield,4.383333333333334,
Lorenzo Cain,37.0,2023,9077,CF,outfield,3.1833333333333336,
Lorenzo Cain,38.0,2024,9077,CF,outfield,1.9833333333333343,
Lorenzo Cain,39.0,2025,9077,CF,outfield,0.783333333333335,
Lorenzo Cain,40.0,2026,9077,CF,outfield,-0.4166666666666643,
Lorenzo Cain,41.0,2027,9077,CF,outfield,-1.6166666666666636,
Lorenzo Cain,42.0,2028,9077,CF,outfield,-2.816666666666663,
Lorenzo Cain,31.0,2017,9077,RF,outfield,11.075000000000001,
Lorenzo Cain,32.0,2018,9077,RF,outfield,9.875,
Lorenzo Cain,33.0,2019,9077,RF,outfield,8.675,
Lorenzo Cain,34.0,2020,9077,RF,outfield,7.4750000000000005,
Lorenzo Cain,35.0,2021,9077,RF,outfield,6.275,
Lorenzo Cain,36.0,2022,9077,RF,outfield,5.075,
Lorenzo Cain,37.0,2023,9077,RF,outfield,3.875,
Lorenzo Cain,38.0,2024,9077,RF,outfield,2.6750000000000007,
Lorenzo Cain,39.0,2025,9077,RF,outfield,1.4750000000000014,
Lorenzo Cain,40.0,2026,9077,RF,outfield,0.27500000000000213,
Lorenzo Cain,41.0,2027,9077,RF,outfield,-0.9249999999999972,
Lorenzo Cain,42.0,2028,9077,RF,outfield,-2.1249999999999964,
Khris Davis,29.0,2017,9112,LF,outfield,-4.9833333333333325,
Khris Davis,30.0,2018,9112,LF,outfield,-5.583333333333333,
Khris Davis,31.0,2019,9112,LF,outfield,-6.183333333333333,
Khris Davis,32.0,2020,9112,LF,outfield,-7.383333333333333,
Khris Davis,33.0,2021,9112,LF,outfield,-8.583333333333332,
Khris Davis,34.0,2022,9112,LF,outfield,-9.783333333333333,
Khris Davis,35.0,2023,9112,LF,outfield,-10.983333333333334,
Khris Davis,36.0,2024,9112,LF,outfield,-12.183333333333334,
Khris Davis,37.0,2025,9112,LF,outfield,-13.383333333333333,
Khris Davis,38.0,2026,9112,LF,outfield,-14.583333333333332,
Khris Davis,39.0,2027,9112,LF,outfield,-15.783333333333331,
Khris Davis,40.0,2028,9112,LF,outfield,-16.98333333333333,
Khris Davis,41.0,2029,9112,LF,outfield,-18.18333333333333,
Khris Davis,42.0,2030,9112,LF,outfield,-19.38333333333333,
Allan Dykstra,29.0,2017,9113,1B,infield,-29.1,
Allan Dykstra,30.0,2018,9113,1B,infield,-29.7,
Allan Dykstra,31.0,2019,9113,1B,infield,-30.3,
Allan Dykstra,32.0,2020,9113,1B,infield,-31.5,
Allan Dykstra,33.0,2021,9113,1B,infield,-32.7,
Allan Dykstra,34.0,2022,9113,1B,infield,-33.9,
Allan Dykstra,35.0,2023,9113,1B,infield,-35.1,
Allan Dykstra,36.0,2024,9113,1B,infield,-36.3,
Allan Dykstra,37.0,2025,9113,1B,infield,-37.5,
Allan Dykstra,38.0,2026,9113,1B,infield,-38.7,
Allan Dykstra,39.0,2027,9113,1B,infield,-39.9,
Allan Dykstra,40.0,2028,9113,1B,infield,-41.099999999999994,
Allan Dykstra,41.0,2029,9113,1B,infield,-42.3,
Allan Dykstra,42.0,2030,9113,1B,infield,-43.5,
Tyler Flowers,31.0,2017,9134,C,catcher,,11.11181449328639
Tyler Flowers,32.0,2018,9134,C,catcher,,9.91181449328639
Tyler Flowers,33.0,2019,9134,C,catcher,,8.71181449328639
Tyler Flowers,34.0,2020,9134,C,catcher,,7.51181449328639
Tyler Flowers,35.0,2021,9134,C,catcher,,6.3118144932863895
Tyler Flowers,36.0,2022,9134,C,catcher,,5.111814493286389
Tyler Flowers,37.0,2023,9134,C,catcher,,3.911814493286389
Tyler Flowers,38.0,2024,9134,C,catcher,,2.71181449328639
Tyler Flowers,39.0,2025,9134,C,catcher,,1.5118144932863906
Tyler Flowers,40.0,2026,9134,C,catcher,,0.3118144932863913
Tyler Flowers,41.0,2027,9134,C,catcher,,-0.888185506713608
Tyler Flowers,42.0,2028,9134,C,catcher,,-2.0881855067136073
Buster Posey,30.0,2017,9166,1B,infield,12.233333333333334,
Buster Posey,31.0,2018,9166,1B,infield,11.633333333333335,
Buster Posey,32.0,2019,9166,1B,infield,10.433333333333334,
Buster Posey,33.0,2020,9166,1B,infield,9.233333333333334,
Buster Posey,34.0,2021,9166,1B,infield,8.033333333333335,
Buster Posey,35.0,2022,9166,1B,infield,6.833333333333334,
Buster Posey,36.0,2023,9166,1B,infield,5.633333333333334,
Buster Posey,37.0,2024,9166,1B,infield,4.433333333333334,
Buster Posey,38.0,2025,9166,1B,infield,3.2333333333333343,
Buster Posey,39.0,2026,9166,1B,infield,2.033333333333335,
Buster Posey,40.0,2027,9166,1B,infield,0.8333333333333357,
Buster Posey,41.0,2028,9166,1B,infield,-0.3666666666666636,
Buster Posey,42.0,2029,9166,1B,infield,-1.5666666666666629,
Buster Posey,30.0,2017,9166,C,catcher,,22.58428202845256
Buster Posey,31.0,2018,9166,C,catcher,,21.98428202845256
Buster Posey,32.0,2019,9166,C,catcher,,20.784282028452562
Buster Posey,33.0,2020,9166,C,catcher,,19.584282028452563
Buster Posey,34.0,2021,9166,C,catcher,,18.38428202845256
Buster Posey,35.0,2022,9166,C,catcher,,17.18428202845256
Buster Posey,36.0,2023,9166,C,catcher,,15.984282028452562
Buster Posey,37.0,2024,9166,C,catcher,,14.78428202845256
Buster Posey,38.0,2025,9166,C,catcher,,13.584282028452561
Buster Posey,39.0,2026,9166,C,catcher,,12.384282028452562
Buster Posey,40.0,2027,9166,C,catcher,,11.184282028452563
Buster Posey,41.0,2028,9166,C,catcher,,9.984282028452563
Buster Posey,42.0,2029,9166,C,catcher,,8.784282028452564
Jordan Danks,28.0,2017,9187,CF,outfield,7.9,
Jordan Danks,29.0,2018,9187,CF,outfield,7.3,
Jordan Danks,30.0,2019,9187,CF,outfield,6.7,
Jordan Danks,31.0,2020,9187,CF,outfield,6.1,
Jordan Danks,32.0,2021,9187,CF,outfield,4.9,
Jordan Danks,33.0,2022,9187,CF,outfield,3.7,
Jordan Danks,34.0,2023,9187,CF,outfield,2.5,
Jordan Danks,35.0,2024,9187,CF,outfield,1.2999999999999998,
Jordan Danks,36.0,2025,9187,CF,outfield,0.09999999999999964,
Jordan Danks,37.0,2026,9187,CF,outfield,-1.0999999999999996,
Jordan Danks,38.0,2027,9187,CF,outfield,-2.299999999999999,
Jordan Danks,39.0,2028,9187,CF,outfield,-3.4999999999999982,
Jordan Danks,40.0,2029,9187,CF,outfield,-4.6999999999999975,
Jordan Danks,41.0,2030,9187,CF,outfield,-5.899999999999997,
Jordan Danks,42.0,2031,9187,CF,outfield,-7.099999999999996,
Jordan Danks,28.0,2017,9187,LF,outfield,0.0,
Jordan Danks,29.0,2018,9187,LF,outfield,-0.6,
Jordan Danks,30.0,2019,9187,LF,outfield,-1.1999999999999997,
Jordan Danks,31.0,2020,9187,LF,outfield,-1.7999999999999998,
Jordan Danks,32.0,2021,9187,LF,outfield,-2.9999999999999996,
Jordan Danks,33.0,2022,9187,LF,outfield,-4.2,
Jordan Danks,34.0,2023,9187,LF,outfield,-5.4,
Jordan Danks,35.0,2024,9187,LF,outfield,-6.6000000000000005,
Jordan Danks,36.0,2025,9187,LF,outfield,-7.800000000000001,
Jordan Danks,37.0,2026,9187,LF,outfield,-9.0,
Jordan Danks,38.0,2027,9187,LF,outfield,-10.2,
Jordan Danks,39.0,2028,9187,LF,outfield,-11.399999999999999,
Jordan Danks,40.0,2029,9187,LF,outfield,-12.599999999999998,
Jordan Danks,41.0,2030,9187,LF,outfield,-13.799999999999997,
Jordan Danks,42.0,2031,9187,LF,outfield,-14.999999999999996,
Logan Morrison,29.0,2017,9205,1B,infield,-3.1333333333333337,
Logan Morrison,30.0,2018,9205,1B,infield,-3.7333333333333334,
Logan Morrison,31.0,2019,9205,1B,infield,-4.333333333333334,
Logan Morrison,32.0,2020,9205,1B,infield,-5.533333333333333,
Logan Morrison,33.0,2021,9205,1B,infield,-6.733333333333334,
Logan Morrison,34.0,2022,9205,1B,infield,-7.933333333333334,
Logan Morrison,35.0,2023,9205,1B,infield,-9.133333333333335,
Logan Morrison,36.0,2024,9205,1B,infield,-10.333333333333334,
Logan Morrison,37.0,2025,9205,1B,infield,-11.533333333333333,
Logan Morrison,38.0,2026,9205,1B,infield,-12.733333333333333,
Logan Morrison,39.0,2027,9205,1B,infield,-13.933333333333332,
Logan Morrison,40.0,2028,9205,1B,infield,-15.133333333333331,
Logan Morrison,41.0,2029,9205,1B,infield,-16.333333333333332,
Logan Morrison,42.0,2030,9205,1B,infield,-17.53333333333333,
Logan Morrison,27.0,2017,9205,RF,outfield,37.1,
Logan Morrison,28.0,2018,9205,RF,outfield,36.5,
Logan Morrison,29.0,2019,9205,RF,outfield,35.900000000000006,
Logan Morrison,30.0,2020,9205,RF,outfield,35.300000000000004,
Logan Morrison,31.0,2021,9205,RF,outfield,34.7,
Logan Morrison,32.0,2022,9205,RF,outfield,33.5,
Logan Morrison,33.0,2023,9205,RF,outfield,32.300000000000004,
Logan Morrison,34.0,2024,9205,RF,outfield,31.1,
Logan Morrison,35.0,2025,9205,RF,outfield,29.900000000000002,
Logan Morrison,36.0,2026,9205,RF,outfield,28.700000000000003,
Logan Morrison,37.0,2027,9205,RF,outfield,27.500000000000004,
Logan Morrison,38.0,2028,9205,RF,outfield,26.300000000000004,
Logan Morrison,39.0,2029,9205,RF,outfield,25.100000000000005,
Logan Morrison,40.0,2030,9205,RF,outfield,23.900000000000006,
Logan Morrison,41.0,2031,9205,RF,outfield,22.700000000000006,
Paul Goldschmidt,29.0,2017,9218,1B,infield,2.516666666666667,
Paul Goldschmidt,30.0,2018,9218,1B,infield,1.9166666666666672,
Paul Goldschmidt,31.0,2019,9218,1B,infield,1.3166666666666673,
Paul Goldschmidt,32.0,2020,9218,1B,infield,0.11666666666666714,
Paul Goldschmidt,33.0,2021,9218,1B,infield,-1.083333333333333,
Paul Goldschmidt,34.0,2022,9218,1B,infield,-2.283333333333333,
Paul Goldschmidt,35.0,2023,9218,1B,infield,-3.4833333333333334,
Paul Goldschmidt,36.0,2024,9218,1B,infield,-4.683333333333334,
Paul Goldschmidt,37.0,2025,9218,1B,infield,-5.883333333333333,
Paul Goldschmidt,38.0,2026,9218,1B,infield,-7.083333333333332,
Paul Goldschmidt,39.0,2027,9218,1B,infield,-8.283333333333331,
Paul Goldschmidt,40.0,2028,9218,1B,infield,-9.48333333333333,
Paul Goldschmidt,41.0,2029,9218,1B,infield,-10.68333333333333,
Paul Goldschmidt,42.0,2030,9218,1B,infield,-11.88333333333333,
Danny Espinosa,29.0,2017,9219,2B,infield,7.699999999999999,
Danny Espinosa,30.0,2018,9219,2B,infield,7.099999999999999,
Danny Espinosa,31.0,2019,9219,2B,infield,6.499999999999999,
Danny Espinosa,32.0,2020,9219,2B,infield,5.299999999999999,
Danny Espinosa,33.0,2021,9219,2B,infield,4.099999999999999,
Danny Espinosa,34.0,2022,9219,2B,infield,2.8999999999999986,
Danny Espinosa,35.0,2023,9219,2B,infield,1.6999999999999984,
Danny Espinosa,36.0,2024,9219,2B,infield,0.4999999999999982,
Danny Espinosa,37.0,2025,9219,2B,infield,-0.7000000000000011,
Danny Espinosa,38.0,2026,9219,2B,infield,-1.9000000000000004,
Danny Espinosa,39.0,2027,9219,2B,infield,-3.0999999999999996,
Danny Espinosa,40.0,2028,9219,2B,infield,-4.299999999999999,
Danny Espinosa,41.0,2029,9219,2B,infield,-5.499999999999998,
Danny Espinosa,42.0,2030,9219,2B,infield,-6.6999999999999975,
Danny Espinosa,29.0,2017,9219,3B,infield,-6.3,
Danny Espinosa,30.0,2018,9219,3B,infield,-6.9,
Danny Espinosa,31.0,2019,9219,3B,infield,-7.5,
Danny Espinosa,32.0,2020,9219,3B,infield,-8.7,
Danny Espinosa,33.0,2021,9219,3B,infield,-9.9,
Danny Espinosa,34.0,2022,9219,3B,infield,-11.100000000000001,
Danny Espinosa,35.0,2023,9219,3B,infield,-12.3,
Danny Espinosa,36.0,2024,9219,3B,infield,-13.5,
Danny Espinosa,37.0,2025,9219,3B,infield,-14.7,
Danny Espinosa,38.0,2026,9219,3B,infield,-15.899999999999999,
Danny Espinosa,39.0,2027,9219,3B,infield,-17.099999999999998,
Danny Espinosa,40.0,2028,9219,3B,infield,-18.299999999999997,
Danny Espinosa,41.0,2029,9219,3B,infield,-19.499999999999996,
Danny Espinosa,42.0,2030,9219,3B,infield,-20.699999999999996,
Danny Espinosa,30.0,2017,9219,SS,infield,-6.583333333333333,
Danny Espinosa,31.0,2018,9219,SS,infield,-7.183333333333334,
Danny Espinosa,32.0,2019,9219,SS,infield,-8.383333333333333,
Danny Espinosa,33.0,2020,9219,SS,infield,-9.583333333333332,
Danny Espinosa,34.0,2021,9219,SS,infield,-10.783333333333333,
Danny Espinosa,35.0,2022,9219,SS,infield,-11.983333333333334,
Danny Espinosa,36.0,2023,9219,SS,infield,-13.183333333333334,
Danny Espinosa,37.0,2024,9219,SS,infield,-14.383333333333333,
Danny Espinosa,38.0,2025,9219,SS,infield,-15.583333333333332,
Danny Espinosa,39.0,2026,9219,SS,infield,-16.78333333333333,
Danny Espinosa,40.0,2027,9219,SS,infield,-17.98333333333333,
Danny Espinosa,41.0,2028,9219,SS,infield,-19.18333333333333,
Danny Espinosa,42.0,2029,9219,SS,infield,-20.38333333333333,
Starling Marte,28.0,2017,9241,CF,outfield,-5.166666666666667,
Starling Marte,29.0,2018,9241,CF,outfield,-5.7666666666666675,
Starling Marte,30.0,2019,9241,CF,outfield,-6.366666666666667,
Starling Marte,31.0,2020,9241,CF,outfield,-6.966666666666667,
Starling Marte,32.0,2021,9241,CF,outfield,-8.166666666666668,
Starling Marte,33.0,2022,9241,CF,outfield,-9.366666666666667,
Starling Marte,34.0,2023,9241,CF,outfield,-10.566666666666666,
Starling Marte,35.0,2024,9241,CF,outfield,-11.766666666666667,
Starling Marte,36.0,2025,9241,CF,outfield,-12.966666666666669,
Starling Marte,37.0,2026,9241,CF,outfield,-14.166666666666668,
Starling Marte,38.0,2027,9241,CF,outfield,-15.366666666666667,
Starling Marte,39.0,2028,9241,CF,outfield,-16.566666666666666,
Starling Marte,40.0,2029,9241,CF,outfield,-17.766666666666666,
Starling Marte,41.0,2030,9241,CF,outfield,-18.966666666666665,
Starling Marte,42.0,2031,9241,CF,outfield,-20.166666666666664,
Starling Marte,28.0,2017,9241,LF,outfield,6.983333333333333,
Starling Marte,29.0,2018,9241,LF,outfield,6.383333333333333,
Starling Marte,30.0,2019,9241,LF,outfield,5.783333333333333,
Starling Marte,31.0,2020,9241,LF,outfield,5.183333333333334,
Starling Marte,32.0,2021,9241,LF,outfield,3.9833333333333334,
Starling Marte,33.0,2022,9241,LF,outfield,2.783333333333333,
Starling Marte,34.0,2023,9241,LF,outfield,1.583333333333333,
Starling Marte,35.0,2024,9241,LF,outfield,0.38333333333333286,
Starling Marte,36.0,2025,9241,LF,outfield,-0.8166666666666673,
Starling Marte,37.0,2026,9241,LF,outfield,-2.0166666666666666,
Starling Marte,38.0,2027,9241,LF,outfield,-3.216666666666666,
Starling Marte,39.0,2028,9241,LF,outfield,-4.416666666666665,
Starling Marte,40.0,2029,9241,LF,outfield,-5.6166666666666645,
Starling Marte,41.0,2030,9241,LF,outfield,-6.816666666666664,
Starling Marte,42.0,2031,9241,LF,outfield,-8.016666666666662,
Keon Broxton,27.0,2017,9253,CF,outfield,3.9999999999999996,
Keon Broxton,28.0,2018,9253,CF,outfield,3.3999999999999995,
Keon Broxton,29.0,2019,9253,CF,outfield,2.8,
Keon Broxton,30.0,2020,9253,CF,outfield,2.1999999999999997,
Keon Broxton,31.0,2021,9253,CF,outfield,1.5999999999999996,
Keon Broxton,32.0,2022,9253,CF,outfield,0.39999999999999947,
Keon Broxton,33.0,2023,9253,CF,outfield,-0.8000000000000007,
Keon Broxton,34.0,2024,9253,CF,outfield,-2.000000000000001,
Keon Broxton,35.0,2025,9253,CF,outfield,-3.200000000000001,
Keon Broxton,36.0,2026,9253,CF,outfield,-4.4,
Keon Broxton,37.0,2027,9253,CF,outfield,-5.6,
Keon Broxton,38.0,2028,9253,CF,outfield,-6.799999999999999,
Keon Broxton,39.0,2029,9253,CF,outfield,-7.999999999999998,
Keon Broxton,40.0,2030,9253,CF,outfield,-9.199999999999998,
Keon Broxton,41.0,2031,9253,CF,outfield,-10.399999999999997,
A.J. Pollock,29.0,2017,9256,CF,outfield,19.949999999999996,
A.J. Pollock,30.0,2018,9256,CF,outfield,19.349999999999998,
A.J. Pollock,31.0,2019,9256,CF,outfield,18.749999999999996,
A.J. Pollock,32.0,2020,9256,CF,outfield,17.549999999999997,
A.J. Pollock,33.0,2021,9256,CF,outfield,16.349999999999998,
A.J. Pollock,34.0,2022,9256,CF,outfield,15.149999999999997,
A.J. Pollock,35.0,2023,9256,CF,outfield,13.949999999999996,
A.J. Pollock,36.0,2024,9256,CF,outfield,12.749999999999996,
A.J. Pollock,37.0,2025,9256,CF,outfield,11.549999999999997,
A.J. Pollock,38.0,2026,9256,CF,outfield,10.349999999999998,
A.J. Pollock,39.0,2027,9256,CF,outfield,9.149999999999999,
A.J. Pollock,40.0,2028,9256,CF,outfield,7.949999999999999,
A.J. Pollock,41.0,2029,9256,CF,outfield,6.75,
A.J. Pollock,42.0,2030,9256,CF,outfield,5.550000000000001,
Chris Davis,31.0,2017,9272,1B,infield,3.5333333333333337,
Chris Davis,32.0,2018,9272,1B,infield,2.333333333333334,
Chris Davis,33.0,2019,9272,1B,infield,1.1333333333333337,
Chris Davis,34.0,2020,9272,1B,infield,-0.06666666666666643,
Chris Davis,35.0,2021,9272,1B,infield,-1.2666666666666666,
Chris Davis,36.0,2022,9272,1B,infield,-2.466666666666667,
Chris Davis,37.0,2023,9272,1B,infield,-3.666666666666667,
Chris Davis,38.0,2024,9272,1B,infield,-4.866666666666666,
Chris Davis,39.0,2025,9272,1B,infield,-6.0666666666666655,
Chris Davis,40.0,2026,9272,1B,infield,-7.266666666666665,
Chris Davis,41.0,2027,9272,1B,infield,-8.466666666666665,
Chris Davis,42.0,2028,9272,1B,infield,-9.666666666666664,
Chris Davis,29.0,2017,9272,3B,infield,-13.4,
Chris Davis,30.0,2018,9272,3B,infield,-14.0,
Chris Davis,31.0,2019,9272,3B,infield,-14.600000000000001,
Chris Davis,32.0,2020,9272,3B,infield,-15.8,
Chris Davis,33.0,2021,9272,3B,infield,-17.0,
Chris Davis,34.0,2022,9272,3B,infield,-18.200000000000003,
Chris Davis,35.0,2023,9272,3B,infield,-19.400000000000002,
Chris Davis,36.0,2024,9272,3B,infield,-20.6,
Chris Davis,37.0,2025,9272,3B,infield,-21.8,
Chris Davis,38.0,2026,9272,3B,infield,-23.0,
Chris Davis,39.0,2027,9272,3B,infield,-24.2,
Chris Davis,40.0,2028,9272,3B,infield,-25.4,
Chris Davis,41.0,2029,9272,3B,infield,-26.599999999999998,
Chris Davis,42.0,2030,9272,3B,infield,-27.799999999999997,
Chris Davis,30.0,2017,9272,RF,outfield,-2.0,
Chris Davis,31.0,2018,9272,RF,outfield,-2.5999999999999996,
Chris Davis,32.0,2019,9272,RF,outfield,-3.8,
Chris Davis,33.0,2020,9272,RF,outfield,-5.0,
Chris Davis,34.0,2021,9272,RF,outfield,-6.199999999999999,
Chris Davis,35.0,2022,9272,RF,outfield,-7.4,
Chris Davis,36.0,2023,9272,RF,outfield,-8.6,
Chris Davis,37.0,2024,9272,RF,outfield,-9.8,
Chris Davis,38.0,2025,9272,RF,outfield,-11.0,
Chris Davis,39.0,2026,9272,RF,outfield,-12.2,
Chris Davis,40.0,2027,9272,RF,outfield,-13.399999999999999,
Chris Davis,41.0,2028,9272,RF,outfield,-14.599999999999998,
Chris Davis,42.0,2029,9272,RF,outfield,-15.799999999999997,
Chris Herrmann,29.0,2017,9284,C,catcher,,-0.416657506378022
Chris Herrmann,30.0,2018,9284,C,catcher,,-1.016657506378022
Chris Herrmann,31.0,2019,9284,C,catcher,,-1.616657506378022
Chris Herrmann,32.0,2020,9284,C,catcher,,-2.816657506378022
Chris Herrmann,33.0,2021,9284,C,catcher,,-4.0166575063780225
Chris Herrmann,34.0,2022,9284,C,catcher,,-5.216657506378023
Chris Herrmann,35.0,2023,9284,C,catcher,,-6.416657506378023
Chris Herrmann,36.0,2024,9284,C,catcher,,-7.616657506378023
Chris Herrmann,37.0,2025,9284,C,catcher,,-8.816657506378021
Chris Herrmann,38.0,2026,9284,C,catcher,,-10.01665750637802
Chris Herrmann,39.0,2027,9284,C,catcher,,-11.21665750637802
Chris Herrmann,40.0,2028,9284,C,catcher,,-12.41665750637802
Chris Herrmann,41.0,2029,9284,C,catcher,,-13.616657506378019
Chris Herrmann,42.0,2030,9284,C,catcher,,-14.816657506378018
Chris Herrmann,27.0,2017,9284,LF,outfield,-14.5,
Chris Herrmann,28.0,2018,9284,LF,outfield,-15.1,
Chris Herrmann,29.0,2019,9284,LF,outfield,-15.7,
Chris Herrmann,30.0,2020,9284,LF,outfield,-16.3,
Chris Herrmann,31.0,2021,9284,LF,outfield,-16.9,
Chris Herrmann,32.0,2022,9284,LF,outfield,-18.1,
Chris Herrmann,33.0,2023,9284,LF,outfield,-19.3,
Chris Herrmann,34.0,2024,9284,LF,outfield,-20.5,
Chris Herrmann,35.0,2025,9284,LF,outfield,-21.700000000000003,
Chris Herrmann,36.0,2026,9284,LF,outfield,-22.9,
Chris Herrmann,37.0,2027,9284,LF,outfield,-24.1,
Chris Herrmann,38.0,2028,9284,LF,outfield,-25.299999999999997,
Chris Herrmann,39.0,2029,9284,LF,outfield,-26.5,
Chris Herrmann,40.0,2030,9284,LF,outfield,-27.699999999999996,
Chris Herrmann,41.0,2031,9284,LF,outfield,-28.9,
Chris Herrmann,27.0,2017,9284,RF,outfield,-40.0,
Chris Herrmann,28.0,2018,9284,RF,outfield,-40.6,
Chris Herrmann,29.0,2019,9284,RF,outfield,-41.199999999999996,
Chris Herrmann,30.0,2020,9284,RF,outfield,-41.8,
Chris Herrmann,31.0,2021,9284,RF,outfield,-42.4,
Chris Herrmann,32.0,2022,9284,RF,outfield,-43.6,
Chris Herrmann,33.0,2023,9284,RF,outfield,-44.8,
Chris Herrmann,34.0,2024,9284,RF,outfield,-46.0,
Chris Herrmann,35.0,2025,9284,RF,outfield,-47.2,
Chris Herrmann,36.0,2026,9284,RF,outfield,-48.4,
Chris Herrmann,37.0,2027,9284,RF,outfield,-49.599999999999994,
Chris Herrmann,38.0,2028,9284,RF,outfield,-50.8,
Chris Herrmann,39.0,2029,9284,RF,outfield,-52.0,
Chris Herrmann,40.0,2030,9284,RF,outfield,-53.199999999999996,
Chris Herrmann,41.0,2031,9284,RF,outfield,-54.39999999999999,
Josh Phegley,29.0,2017,9308,C,catcher,,-9.933869674631985
Josh Phegley,30.0,2018,9308,C,catcher,,-10.533869674631985
Josh Phegley,31.0,2019,9308,C,catcher,,-11.133869674631985
Josh Phegley,32.0,2020,9308,C,catcher,,-12.333869674631986
Josh Phegley,33.0,2021,9308,C,catcher,,-13.533869674631987
Josh Phegley,34.0,2022,9308,C,catcher,,-14.733869674631986
Josh Phegley,35.0,2023,9308,C,catcher,,-15.933869674631985
Josh Phegley,36.0,2024,9308,C,catcher,,-17.13386967463199
Josh Phegley,37.0,2025,9308,C,catcher,,-18.333869674631984
Josh Phegley,38.0,2026,9308,C,catcher,,-19.533869674631987
Josh Phegley,39.0,2027,9308,C,catcher,,-20.733869674631983
Josh Phegley,40.0,2028,9308,C,catcher,,-21.933869674631985
Josh Phegley,41.0,2029,9308,C,catcher,,-23.13386967463198
Josh Phegley,42.0,2030,9308,C,catcher,,-24.333869674631984
Ryan Wheeler,26.0,2017,9312,3B,infield,-23.6,
Ryan Wheeler,27.0,2018,9312,3B,infield,-24.200000000000003,
Ryan Wheeler,28.0,2019,9312,3B,infield,-24.8,
Ryan Wheeler,29.0,2020,9312,3B,infield,-25.400000000000002,
Ryan Wheeler,30.0,2021,9312,3B,infield,-26.0,
Ryan Wheeler,31.0,2022,9312,3B,infield,-26.6,
Ryan Wheeler,32.0,2023,9312,3B,infield,-27.8,
Ryan Wheeler,33.0,2024,9312,3B,infield,-29.0,
Ryan Wheeler,34.0,2025,9312,3B,infield,-30.200000000000003,
Ryan Wheeler,35.0,2026,9312,3B,infield,-31.400000000000002,
Ryan Wheeler,36.0,2027,9312,3B,infield,-32.6,
Ryan Wheeler,37.0,2028,9312,3B,infield,-33.8,
Ryan Wheeler,38.0,2029,9312,3B,infield,-35.0,
Ryan Wheeler,39.0,2030,9312,3B,infield,-36.2,
Ryan Wheeler,40.0,2031,9312,3B,infield,-37.4,
Drew Stubbs,32.0,2017,9328,CF,outfield,-12.73333333333333,
Drew Stubbs,33.0,2018,9328,CF,outfield,-13.933333333333332,
Drew Stubbs,34.0,2019,9328,CF,outfield,-15.133333333333331,
Drew Stubbs,35.0,2020,9328,CF,outfield,-16.333333333333332,
Drew Stubbs,36.0,2021,9328,CF,outfield,-17.53333333333333,
Drew Stubbs,37.0,2022,9328,CF,outfield,-18.73333333333333,
Drew Stubbs,38.0,2023,9328,CF,outfield,-19.93333333333333,
Drew Stubbs,39.0,2024,9328,CF,outfield,-21.133333333333333,
Drew Stubbs,40.0,2025,9328,CF,outfield,-22.33333333333333,
Drew Stubbs,41.0,2026,9328,CF,outfield,-23.53333333333333,
Drew Stubbs,42.0,2027,9328,CF,outfield,-24.733333333333327,
Drew Stubbs,32.0,2017,9328,LF,outfield,-12.066666666666665,
Drew Stubbs,33.0,2018,9328,LF,outfield,-13.266666666666666,
Drew Stubbs,34.0,2019,9328,LF,outfield,-14.466666666666665,
Drew Stubbs,35.0,2020,9328,LF,outfield,-15.666666666666664,
Drew Stubbs,36.0,2021,9328,LF,outfield,-16.866666666666667,
Drew Stubbs,37.0,2022,9328,LF,outfield,-18.066666666666666,
Drew Stubbs,38.0,2023,9328,LF,outfield,-19.266666666666666,
Drew Stubbs,39.0,2024,9328,LF,outfield,-20.466666666666665,
Drew Stubbs,40.0,2025,9328,LF,outfield,-21.666666666666664,
Drew Stubbs,41.0,2026,9328,LF,outfield,-22.866666666666664,
Drew Stubbs,42.0,2027,9328,LF,outfield,-24.066666666666663,
Drew Stubbs,32.0,2017,9328,RF,outfield,-13.2,
Drew Stubbs,33.0,2018,9328,RF,outfield,-14.4,
Drew Stubbs,34.0,2019,9328,RF,outfield,-15.6,
Drew Stubbs,35.0,2020,9328,RF,outfield,-16.8,
Drew Stubbs,36.0,2021,9328,RF,outfield,-18.0,
Drew Stubbs,37.0,2022,9328,RF,outfield,-19.2,
Drew Stubbs,38.0,2023,9328,RF,outfield,-20.4,
Drew Stubbs,39.0,2024,9328,RF,outfield,-21.6,
Drew Stubbs,40.0,2025,9328,RF,outfield,-22.799999999999997,
Drew Stubbs,41.0,2026,9328,RF,outfield,-24.0,
Drew Stubbs,42.0,2027,9328,RF,outfield,-25.199999999999996,
Brock Holt,27.0,2017,9345,1B,infield,-1.7999999999999998,
Brock Holt,28.0,2018,9345,1B,infield,-2.4,
Brock Holt,29.0,2019,9345,1B,infield,-3.0,
Brock Holt,30.0,2020,9345,1B,infield,-3.5999999999999996,
Brock Holt,31.0,2021,9345,1B,infield,-4.2,
Brock Holt,32.0,2022,9345,1B,infield,-5.4,
Brock Holt,33.0,2023,9345,1B,infield,-6.6000000000000005,
Brock Holt,34.0,2024,9345,1B,infield,-7.800000000000001,
Brock Holt,35.0,2025,9345,1B,infield,-9.0,
Brock Holt,36.0,2026,9345,1B,infield,-10.2,
Brock Holt,37.0,2027,9345,1B,infield,-11.399999999999999,
Brock Holt,38.0,2028,9345,1B,infield,-12.599999999999998,
Brock Holt,39.0,2029,9345,1B,infield,-13.799999999999997,
Brock Holt,40.0,2030,9345,1B,infield,-14.999999999999996,
Brock Holt,41.0,2031,9345,1B,infield,-16.199999999999996,
Brock Holt,28.0,2017,9345,2B,infield,-0.8999999999999999,
Brock Holt,29.0,2018,9345,2B,infield,-1.5,
Brock Holt,30.0,2019,9345,2B,infield,-2.0999999999999996,
Brock Holt,31.0,2020,9345,2B,infield,-2.6999999999999997,
Brock Holt,32.0,2021,9345,2B,infield,-3.8999999999999995,
Brock Holt,33.0,2022,9345,2B,infield,-5.1,
Brock Holt,34.0,2023,9345,2B,infield,-6.3,
Brock Holt,35.0,2024,9345,2B,infield,-7.5,
Brock Holt,36.0,2025,9345,2B,infield,-8.700000000000001,
Brock Holt,37.0,2026,9345,2B,infield,-9.9,
Brock Holt,38.0,2027,9345,2B,infield,-11.1,
Brock Holt,39.0,2028,9345,2B,infield,-12.299999999999999,
Brock Holt,40.0,2029,9345,2B,infield,-13.499999999999998,
Brock Holt,41.0,2030,9345,2B,infield,-14.699999999999998,
Brock Holt,42.0,2031,9345,2B,infield,-15.899999999999997,
Brock Holt,29.0,2017,9345,3B,infield,-5.166666666666666,
Brock Holt,30.0,2018,9345,3B,infield,-5.766666666666667,
Brock Holt,31.0,2019,9345,3B,infield,-6.366666666666666,
Brock Holt,32.0,2020,9345,3B,infield,-7.566666666666666,
Brock Holt,33.0,2021,9345,3B,infield,-8.766666666666666,
Brock Holt,34.0,2022,9345,3B,infield,-9.966666666666667,
Brock Holt,35.0,2023,9345,3B,infield,-11.166666666666668,
Brock Holt,36.0,2024,9345,3B,infield,-12.366666666666667,
Brock Holt,37.0,2025,9345,3B,infield,-13.566666666666666,
Brock Holt,38.0,2026,9345,3B,infield,-14.766666666666666,
Brock Holt,39.0,2027,9345,3B,infield,-15.966666666666665,
Brock Holt,40.0,2028,9345,3B,infield,-17.166666666666664,
Brock Holt,41.0,2029,9345,3B,infield,-18.366666666666664,
Brock Holt,42.0,2030,9345,3B,infield,-19.566666666666663,
Brock Holt,27.0,2017,9345,CF,outfield,-33.7,
Brock Holt,28.0,2018,9345,CF,outfield,-34.300000000000004,
Brock Holt,29.0,2019,9345,CF,outfield,-34.9,
Brock Holt,30.0,2020,9345,CF,outfield,-35.5,
Brock Holt,31.0,2021,9345,CF,outfield,-36.1,
Brock Holt,32.0,2022,9345,CF,outfield,-37.300000000000004,
Brock Holt,33.0,2023,9345,CF,outfield,-38.5,
Brock Holt,34.0,2024,9345,CF,outfield,-39.7,
Brock Holt,35.0,2025,9345,CF,outfield,-40.900000000000006,
Brock Holt,36.0,2026,9345,CF,outfield,-42.1,
Brock Holt,37.0,2027,9345,CF,outfield,-43.3,
Brock Holt,38.0,2028,9345,CF,outfield,-44.5,
Brock Holt,39.0,2029,9345,CF,outfield,-45.7,
Brock Holt,40.0,2030,9345,CF,outfield,-46.9,
Brock Holt,41.0,2031,9345,CF,outfield,-48.099999999999994,
Brock Holt,29.0,2017,9345,LF,outfield,-7.866666666666668,
Brock Holt,30.0,2018,9345,LF,outfield,-8.466666666666669,
Brock Holt,31.0,2019,9345,LF,outfield,-9.066666666666668,
Brock Holt,32.0,2020,9345,LF,outfield,-10.26666666666667,
Brock Holt,33.0,2021,9345,LF,outfield,-11.466666666666669,
Brock Holt,34.0,2022,9345,LF,outfield,-12.666666666666668,
Brock Holt,35.0,2023,9345,LF,outfield,-13.866666666666669,
Brock Holt,36.0,2024,9345,LF,outfield,-15.06666666666667,
Brock Holt,37.0,2025,9345,LF,outfield,-16.26666666666667,
Brock Holt,38.0,2026,9345,LF,outfield,-17.46666666666667,
Brock Holt,39.0,2027,9345,LF,outfield,-18.666666666666668,
Brock Holt,40.0,2028,9345,LF,outfield,-19.866666666666667,
Brock Holt,41.0,2029,9345,LF,outfield,-21.066666666666666,
Brock Holt,42.0,2030,9345,LF,outfield,-22.266666666666666,
Brock Holt,28.0,2017,9345,RF,outfield,11.866666666666667,
Brock Holt,29.0,2018,9345,RF,outfield,11.266666666666667,
Brock Holt,30.0,2019,9345,RF,outfield,10.666666666666668,
Brock Holt,31.0,2020,9345,RF,outfield,10.066666666666666,
Brock Holt,32.0,2021,9345,RF,outfield,8.866666666666667,
Brock Holt,33.0,2022,9345,RF,outfield,7.666666666666667,
Brock Holt,34.0,2023,9345,RF,outfield,6.466666666666667,
Brock Holt,35.0,2024,9345,RF,outfield,5.266666666666667,
Brock Holt,36.0,2025,9345,RF,outfield,4.066666666666666,
Brock Holt,37.0,2026,9345,RF,outfield,2.866666666666667,
Brock Holt,38.0,2027,9345,RF,outfield,1.6666666666666679,
Brock Holt,39.0,2028,9345,RF,outfield,0.46666666666666856,
Brock Holt,40.0,2029,9345,RF,outfield,-0.7333333333333307,
Brock Holt,41.0,2030,9345,RF,outfield,-1.93333333333333,
Brock Holt,42.0,2031,9345,RF,outfield,-3.1333333333333293,
Brock Holt,28.0,2017,9345,SS,infield,-3.8000000000000007,
Brock Holt,29.0,2018,9345,SS,infield,-4.4,
Brock Holt,30.0,2019,9345,SS,infield,-5.0,
Brock Holt,31.0,2020,9345,SS,infield,-5.6000000000000005,
Brock Holt,32.0,2021,9345,SS,infield,-6.800000000000001,
Brock Holt,33.0,2022,9345,SS,infield,-8.0,
Brock Holt,34.0,2023,9345,SS,infield,-9.200000000000001,
Brock Holt,35.0,2024,9345,SS,infield,-10.4,
Brock Holt,36.0,2025,9345,SS,infield,-11.600000000000001,
Brock Holt,37.0,2026,9345,SS,infield,-12.8,
Brock Holt,38.0,2027,9345,SS,infield,-14.0,
Brock Holt,39.0,2028,9345,SS,infield,-15.2,
Brock Holt,40.0,2029,9345,SS,infield,-16.4,
Brock Holt,41.0,2030,9345,SS,infield,-17.599999999999998,
Brock Holt,42.0,2031,9345,SS,infield,-18.799999999999997,
Evan Longoria,31.0,2017,9368,3B,infield,3.166666666666666,
Evan Longoria,32.0,2018,9368,3B,infield,1.9666666666666663,
Evan Longoria,33.0,2019,9368,3B,infield,0.7666666666666662,
Evan Longoria,34.0,2020,9368,3B,infield,-0.433333333333334,
Evan Longoria,35.0,2021,9368,3B,infield,-1.6333333333333342,
Evan Longoria,36.0,2022,9368,3B,infield,-2.8333333333333344,
Evan Longoria,37.0,2023,9368,3B,infield,-4.033333333333335,
Evan Longoria,38.0,2024,9368,3B,infield,-5.233333333333334,
Evan Longoria,39.0,2025,9368,3B,infield,-6.433333333333334,
Evan Longoria,40.0,2026,9368,3B,infield,-7.633333333333333,
Evan Longoria,41.0,2027,9368,3B,infield,-8.833333333333332,
Evan Longoria,42.0,2028,9368,3B,infield,-10.033333333333331,
Matt McBride,32.0,2017,9373,C,catcher,,-15.103192584963955
Matt McBride,33.0,2018,9373,C,catcher,,-16.303192584963956
Matt McBride,34.0,2019,9373,C,catcher,,-17.503192584963955
Matt McBride,35.0,2020,9373,C,catcher,,-18.703192584963954
Matt McBride,36.0,2021,9373,C,catcher,,-19.903192584963953
Matt McBride,37.0,2022,9373,C,catcher,,-21.103192584963956
Matt McBride,38.0,2023,9373,C,catcher,,-22.303192584963956
Matt McBride,39.0,2024,9373,C,catcher,,-23.503192584963955
Matt McBride,40.0,2025,9373,C,catcher,,-24.703192584963954
Matt McBride,41.0,2026,9373,C,catcher,,-25.903192584963953
Matt McBride,42.0,2027,9373,C,catcher,,-27.103192584963953
Matt Adams,28.0,2017,9393,1B,infield,-0.5666666666666668,
Matt Adams,29.0,2018,9393,1B,infield,-1.1666666666666667,
Matt Adams,30.0,2019,9393,1B,infield,-1.7666666666666666,
Matt Adams,31.0,2020,9393,1B,infield,-2.3666666666666667,
Matt Adams,32.0,2021,9393,1B,infield,-3.5666666666666664,
Matt Adams,33.0,2022,9393,1B,infield,-4.766666666666667,
Matt Adams,34.0,2023,9393,1B,infield,-5.966666666666667,
Matt Adams,35.0,2024,9393,1B,infield,-7.166666666666667,
Matt Adams,36.0,2025,9393,1B,infield,-8.366666666666667,
Matt Adams,37.0,2026,9393,1B,infield,-9.566666666666666,
Matt Adams,38.0,2027,9393,1B,infield,-10.766666666666666,
Matt Adams,39.0,2028,9393,1B,infield,-11.966666666666665,
Matt Adams,40.0,2029,9393,1B,infield,-13.166666666666664,
Matt Adams,41.0,2030,9393,1B,infield,-14.366666666666664,
Matt Adams,42.0,2031,9393,1B,infield,-15.566666666666663,
Jeremy Hazelbaker,29.0,2017,9399,CF,outfield,-17.900000000000002,
Jeremy Hazelbaker,30.0,2018,9399,CF,outfield,-18.5,
Jeremy Hazelbaker,31.0,2019,9399,CF,outfield,-19.1,
Jeremy Hazelbaker,32.0,2020,9399,CF,outfield,-20.3,
Jeremy Hazelbaker,33.0,2021,9399,CF,outfield,-21.5,
Jeremy Hazelbaker,34.0,2022,9399,CF,outfield,-22.700000000000003,
Jeremy Hazelbaker,35.0,2023,9399,CF,outfield,-23.900000000000002,
Jeremy Hazelbaker,36.0,2024,9399,CF,outfield,-25.1,
Jeremy Hazelbaker,37.0,2025,9399,CF,outfield,-26.3,
Jeremy Hazelbaker,38.0,2026,9399,CF,outfield,-27.5,
Jeremy Hazelbaker,39.0,2027,9399,CF,outfield,-28.7,
Jeremy Hazelbaker,40.0,2028,9399,CF,outfield,-29.9,
Jeremy Hazelbaker,41.0,2029,9399,CF,outfield,-31.099999999999998,
Jeremy Hazelbaker,42.0,2030,9399,CF,outfield,-32.3,
Jeremy Hazelbaker,29.0,2017,9399,LF,outfield,-14.0,
Jeremy Hazelbaker,30.0,2018,9399,LF,outfield,-14.6,
Jeremy Hazelbaker,31.0,2019,9399,LF,outfield,-15.2,
Jeremy Hazelbaker,32.0,2020,9399,LF,outfield,-16.4,
Jeremy Hazelbaker,33.0,2021,9399,LF,outfield,-17.6,
Jeremy Hazelbaker,34.0,2022,9399,LF,outfield,-18.8,
Jeremy Hazelbaker,35.0,2023,9399,LF,outfield,-20.0,
Jeremy Hazelbaker,36.0,2024,9399,LF,outfield,-21.200000000000003,
Jeremy Hazelbaker,37.0,2025,9399,LF,outfield,-22.4,
Jeremy Hazelbaker,38.0,2026,9399,LF,outfield,-23.6,
Jeremy Hazelbaker,39.0,2027,9399,LF,outfield,-24.799999999999997,
Jeremy Hazelbaker,40.0,2028,9399,LF,outfield,-26.0,
Jeremy Hazelbaker,41.0,2029,9399,LF,outfield,-27.199999999999996,
Jeremy Hazelbaker,42.0,2030,9399,LF,outfield,-28.4,
Jake Goebbert,27.0,2017,9431,1B,infield,-4.8,
Jake Goebbert,28.0,2018,9431,1B,infield,-5.4,
Jake Goebbert,29.0,2019,9431,1B,infield,-6.0,
Jake Goebbert,30.0,2020,9431,1B,infield,-6.6,
Jake Goebbert,31.0,2021,9431,1B,infield,-7.2,
Jake Goebbert,32.0,2022,9431,1B,infield,-8.4,
Jake Goebbert,33.0,2023,9431,1B,infield,-9.600000000000001,
Jake Goebbert,34.0,2024,9431,1B,infield,-10.8,
Jake Goebbert,35.0,2025,9431,1B,infield,-12.0,
Jake Goebbert,36.0,2026,9431,1B,infield,-13.2,
Jake Goebbert,37.0,2027,9431,1B,infield,-14.399999999999999,
Jake Goebbert,38.0,2028,9431,1B,infield,-15.599999999999998,
Jake Goebbert,39.0,2029,9431,1B,infield,-16.799999999999997,
Jake Goebbert,40.0,2030,9431,1B,infield,-17.999999999999996,
Jake Goebbert,41.0,2031,9431,1B,infield,-19.199999999999996,
Dustin Garneau,29.0,2017,9433,C,catcher,,-10.594447529150472
Dustin Garneau,30.0,2018,9433,C,catcher,,-11.194447529150471
Dustin Garneau,31.0,2019,9433,C,catcher,,-11.794447529150471
Dustin Garneau,32.0,2020,9433,C,catcher,,-12.994447529150472
Dustin Garneau,33.0,2021,9433,C,catcher,,-14.194447529150473
Dustin Garneau,34.0,2022,9433,C,catcher,,-15.394447529150472
Dustin Garneau,35.0,2023,9433,C,catcher,,-16.59444752915047
Dustin Garneau,36.0,2024,9433,C,catcher,,-17.794447529150474
Dustin Garneau,37.0,2025,9433,C,catcher,,-18.99444752915047
Dustin Garneau,38.0,2026,9433,C,catcher,,-20.194447529150473
Dustin Garneau,39.0,2027,9433,C,catcher,,-21.39444752915047
Dustin Garneau,40.0,2028,9433,C,catcher,,-22.59444752915047
Dustin Garneau,41.0,2029,9433,C,catcher,,-23.794447529150467
Dustin Garneau,42.0,2030,9433,C,catcher,,-24.99444752915047
Steve Clevenger,31.0,2017,9542,C,catcher,,-13.760579473576822
Steve Clevenger,32.0,2018,9542,C,catcher,,-14.960579473576821
Steve Clevenger,33.0,2019,9542,C,catcher,,-16.160579473576824
Steve Clevenger,34.0,2020,9542,C,catcher,,-17.360579473576824
Steve Clevenger,35.0,2021,9542,C,catcher,,-18.560579473576823
Steve Clevenger,36.0,2022,9542,C,catcher,,-19.760579473576822
Steve Clevenger,37.0,2023,9542,C,catcher,,-20.96057947357682
Steve Clevenger,38.0,2024,9542,C,catcher,,-22.160579473576824
Steve Clevenger,39.0,2025,9542,C,catcher,,-23.36057947357682
Steve Clevenger,40.0,2026,9542,C,catcher,,-24.560579473576823
Steve Clevenger,41.0,2027,9542,C,catcher,,-25.76057947357682
Steve Clevenger,42.0,2028,9542,C,catcher,,-26.96057947357682
David Freese,34.0,2017,9549,1B,infield,-7.4,
David Freese,35.0,2018,9549,1B,infield,-8.6,
David Freese,36.0,2019,9549,1B,infield,-9.8,
David Freese,37.0,2020,9549,1B,infield,-11.0,
David Freese,38.0,2021,9549,1B,infield,-12.2,
David Freese,39.0,2022,9549,1B,infield,-13.4,
David Freese,40.0,2023,9549,1B,infield,-14.600000000000001,
David Freese,41.0,2024,9549,1B,infield,-15.8,
David Freese,42.0,2025,9549,1B,infield,-17.0,
David Freese,34.0,2017,9549,3B,infield,2.283333333333334,
David Freese,35.0,2018,9549,3B,infield,1.083333333333334,
David Freese,36.0,2019,9549,3B,infield,-0.11666666666666581,
David Freese,37.0,2020,9549,3B,infield,-1.316666666666666,
David Freese,38.0,2021,9549,3B,infield,-2.516666666666666,
David Freese,39.0,2022,9549,3B,infield,-3.7166666666666663,
David Freese,40.0,2023,9549,3B,infield,-4.916666666666666,
David Freese,41.0,2024,9549,3B,infield,-6.116666666666665,
David Freese,42.0,2025,9549,3B,infield,-7.316666666666665,
Craig Gentry,32.0,2017,9571,CF,outfield,7.366666666666666,
Craig Gentry,33.0,2018,9571,CF,outfield,6.166666666666666,
Craig Gentry,34.0,2019,9571,CF,outfield,4.966666666666667,
Craig Gentry,35.0,2020,9571,CF,outfield,3.7666666666666666,
Craig Gentry,36.0,2021,9571,CF,outfield,2.5666666666666664,
Craig Gentry,37.0,2022,9571,CF,outfield,1.3666666666666663,
Craig Gentry,38.0,2023,9571,CF,outfield,0.16666666666666607,
Craig Gentry,39.0,2024,9571,CF,outfield,-1.0333333333333332,
Craig Gentry,40.0,2025,9571,CF,outfield,-2.2333333333333325,
Craig Gentry,41.0,2026,9571,CF,outfield,-3.433333333333332,
Craig Gentry,42.0,2027,9571,CF,outfield,-4.633333333333331,
Craig Gentry,33.0,2017,9571,LF,outfield,6.55,
Craig Gentry,34.0,2018,9571,LF,outfield,5.35,
Craig Gentry,35.0,2019,9571,LF,outfield,4.15,
Craig Gentry,36.0,2020,9571,LF,outfield,2.95,
Craig Gentry,37.0,2021,9571,LF,outfield,1.75,
Craig Gentry,38.0,2022,9571,LF,outfield,0.5499999999999998,
Craig Gentry,39.0,2023,9571,LF,outfield,-0.6500000000000004,
Craig Gentry,40.0,2024,9571,LF,outfield,-1.8499999999999996,
Craig Gentry,41.0,2025,9571,LF,outfield,-3.049999999999999,
Craig Gentry,42.0,2026,9571,LF,outfield,-4.249999999999998,
Craig Gentry,31.0,2017,9571,RF,outfield,-0.09999999999999998,
Craig Gentry,32.0,2018,9571,RF,outfield,-1.2999999999999998,
Craig Gentry,33.0,2019,9571,RF,outfield,-2.5,
Craig Gentry,34.0,2020,9571,RF,outfield,-3.7,
Craig Gentry,35.0,2021,9571,RF,outfield,-4.9,
Craig Gentry,36.0,2022,9571,RF,outfield,-6.1000000000000005,
Craig Gentry,37.0,2023,9571,RF,outfield,-7.300000000000001,
Craig Gentry,38.0,2024,9571,RF,outfield,-8.5,
Craig Gentry,39.0,2025,9571,RF,outfield,-9.7,
Craig Gentry,40.0,2026,9571,RF,outfield,-10.899999999999999,
Craig Gentry,41.0,2027,9571,RF,outfield,-12.099999999999998,
Craig Gentry,42.0,2028,9571,RF,outfield,-13.299999999999997,
Yan Gomes,29.0,2017,9627,C,catcher,,0.11193962455396866
Yan Gomes,30.0,2018,9627,C,catcher,,-0.4880603754460313
Yan Gomes,31.0,2019,9627,C,catcher,,-1.0880603754460312
Yan Gomes,32.0,2020,9627,C,catcher,,-2.2880603754460314
Yan Gomes,33.0,2021,9627,C,catcher,,-3.4880603754460315
Yan Gomes,34.0,2022,9627,C,catcher,,-4.688060375446032
Yan Gomes,35.0,2023,9627,C,catcher,,-5.888060375446032
Yan Gomes,36.0,2024,9627,C,catcher,,-7.088060375446032
Yan Gomes,37.0,2025,9627,C,catcher,,-8.288060375446031
Yan Gomes,38.0,2026,9627,C,catcher,,-9.48806037544603
Yan Gomes,39.0,2027,9627,C,catcher,,-10.68806037544603
Yan Gomes,40.0,2028,9627,C,catcher,,-11.88806037544603
Yan Gomes,41.0,2029,9627,C,catcher,,-13.088060375446029
Yan Gomes,42.0,2030,9627,C,catcher,,-14.288060375446028
Michael McKenry,31.0,2017,9628,C,catcher,,-7.23273064995302
Michael McKenry,32.0,2018,9628,C,catcher,,-8.43273064995302
Michael McKenry,33.0,2019,9628,C,catcher,,-9.632730649953022
Michael McKenry,34.0,2020,9628,C,catcher,,-10.832730649953021
Michael McKenry,35.0,2021,9628,C,catcher,,-12.03273064995302
Michael McKenry,36.0,2022,9628,C,catcher,,-13.232730649953021
Michael McKenry,37.0,2023,9628,C,catcher,,-14.432730649953022
Michael McKenry,38.0,2024,9628,C,catcher,,-15.632730649953022
Michael McKenry,39.0,2025,9628,C,catcher,,-16.83273064995302
Michael McKenry,40.0,2026,9628,C,catcher,,-18.03273064995302
Michael McKenry,41.0,2027,9628,C,catcher,,-19.23273064995302
Michael McKenry,42.0,2028,9628,C,catcher,,-20.43273064995302
Shawn O'Malley,28.0,2017,9629,CF,outfield,11.4,
Shawn O'Malley,29.0,2018,9629,CF,outfield,10.8,
Shawn O'Malley,30.0,2019,9629,CF,outfield,10.2,
Shawn O'Malley,31.0,2020,9629,CF,outfield,9.6,
Shawn O'Malley,32.0,2021,9629,CF,outfield,8.4,
Shawn O'Malley,33.0,2022,9629,CF,outfield,7.2,
Shawn O'Malley,34.0,2023,9629,CF,outfield,6.0,
Shawn O'Malley,35.0,2024,9629,CF,outfield,4.8,
Shawn O'Malley,36.0,2025,9629,CF,outfield,3.5999999999999996,
Shawn O'Malley,37.0,2026,9629,CF,outfield,2.4000000000000004,
Shawn O'Malley,38.0,2027,9629,CF,outfield,1.200000000000001,
Shawn O'Malley,39.0,2028,9629,CF,outfield,1.7763568394002505e-15,
Shawn O'Malley,40.0,2029,9629,CF,outfield,-1.1999999999999975,
Shawn O'Malley,41.0,2030,9629,CF,outfield,-2.399999999999997,
Shawn O'Malley,42.0,2031,9629,CF,outfield,-3.599999999999996,
Shawn O'Malley,29.0,2017,9629,LF,outfield,-1.4,
Shawn O'Malley,30.0,2018,9629,LF,outfield,-2.0,
Shawn O'Malley,31.0,2019,9629,LF,outfield,-2.5999999999999996,
Shawn O'Malley,32.0,2020,9629,LF,outfield,-3.8,
Shawn O'Malley,33.0,2021,9629,LF,outfield,-5.0,
Shawn O'Malley,34.0,2022,9629,LF,outfield,-6.2,
Shawn O'Malley,35.0,2023,9629,LF,outfield,-7.4,
Shawn O'Malley,36.0,2024,9629,LF,outfield,-8.600000000000001,
Shawn O'Malley,37.0,2025,9629,LF,outfield,-9.8,
Shawn O'Malley,38.0,2026,9629,LF,outfield,-11.0,
Shawn O'Malley,39.0,2027,9629,LF,outfield,-12.2,
Shawn O'Malley,40.0,2028,9629,LF,outfield,-13.399999999999999,
Shawn O'Malley,41.0,2029,9629,LF,outfield,-14.599999999999998,
Shawn O'Malley,42.0,2030,9629,LF,outfield,-15.799999999999997,
Shawn O'Malley,29.0,2017,9629,SS,infield,0.4,
Shawn O'Malley,30.0,2018,9629,SS,infield,-0.19999999999999996,
Shawn O'Malley,31.0,2019,9629,SS,infield,-0.7999999999999998,
Shawn O'Malley,32.0,2020,9629,SS,infield,-2.0,
Shawn O'Malley,33.0,2021,9629,SS,infield,-3.2,
Shawn O'Malley,34.0,2022,9629,SS,infield,-4.4,
Shawn O'Malley,35.0,2023,9629,SS,infield,-5.6000000000000005,
Shawn O'Malley,36.0,2024,9629,SS,infield,-6.800000000000001,
Shawn O'Malley,37.0,2025,9629,SS,infield,-8.0,
Shawn O'Malley,38.0,2026,9629,SS,infield,-9.2,
Shawn O'Malley,39.0,2027,9629,SS,infield,-10.399999999999999,
Shawn O'Malley,40.0,2028,9629,SS,infield,-11.599999999999998,
Shawn O'Malley,41.0,2029,9629,SS,infield,-12.799999999999997,
Shawn O'Malley,42.0,2030,9629,SS,infield,-13.999999999999996,
Adam Rosales,33.0,2017,9682,1B,infield,17.566666666666666,
Adam Rosales,34.0,2018,9682,1B,infield,16.366666666666667,
Adam Rosales,35.0,2019,9682,1B,infield,15.166666666666666,
Adam Rosales,36.0,2020,9682,1B,infield,13.966666666666665,
Adam Rosales,37.0,2021,9682,1B,infield,12.766666666666666,
Adam Rosales,38.0,2022,9682,1B,infield,11.566666666666666,
Adam Rosales,39.0,2023,9682,1B,infield,10.366666666666665,
Adam Rosales,40.0,2024,9682,1B,infield,9.166666666666666,
Adam Rosales,41.0,2025,9682,1B,infield,7.966666666666667,
Adam Rosales,42.0,2026,9682,1B,infield,6.7666666666666675,
Adam Rosales,34.0,2017,9682,2B,infield,-1.6666666666666667,
Adam Rosales,35.0,2018,9682,2B,infield,-2.8666666666666667,
Adam Rosales,36.0,2019,9682,2B,infield,-4.066666666666666,
Adam Rosales,37.0,2020,9682,2B,infield,-5.266666666666667,
Adam Rosales,38.0,2021,9682,2B,infield,-6.466666666666667,
Adam Rosales,39.0,2022,9682,2B,infield,-7.666666666666667,
Adam Rosales,40.0,2023,9682,2B,infield,-8.866666666666667,
Adam Rosales,41.0,2024,9682,2B,infield,-10.066666666666666,
Adam Rosales,42.0,2025,9682,2B,infield,-11.266666666666666,
Adam Rosales,34.0,2017,9682,3B,infield,-4.0666666666666655,
Adam Rosales,35.0,2018,9682,3B,infield,-5.266666666666666,
Adam Rosales,36.0,2019,9682,3B,infield,-6.466666666666665,
Adam Rosales,37.0,2020,9682,3B,infield,-7.666666666666666,
Adam Rosales,38.0,2021,9682,3B,infield,-8.866666666666665,
Adam Rosales,39.0,2022,9682,3B,infield,-10.066666666666666,
Adam Rosales,40.0,2023,9682,3B,infield,-11.266666666666666,
Adam Rosales,41.0,2024,9682,3B,infield,-12.466666666666665,
Adam Rosales,42.0,2025,9682,3B,infield,-13.666666666666664,
Adam Rosales,34.0,2017,9682,SS,infield,-14.5,
Adam Rosales,35.0,2018,9682,SS,infield,-15.700000000000001,
Adam Rosales,36.0,2019,9682,SS,infield,-16.9,
Adam Rosales,37.0,2020,9682,SS,infield,-18.1,
Adam Rosales,38.0,2021,9682,SS,infield,-19.3,
Adam Rosales,39.0,2022,9682,SS,infield,-20.5,
Adam Rosales,40.0,2023,9682,SS,infield,-21.700000000000003,
Adam Rosales,41.0,2024,9682,SS,infield,-22.9,
Adam Rosales,42.0,2025,9682,SS,infield,-24.1,
Josh Thole,30.0,2017,9689,C,catcher,,-6.350351746544349
Josh Thole,31.0,2018,9689,C,catcher,,-6.950351746544349
Josh Thole,32.0,2019,9689,C,catcher,,-8.150351746544349
Josh Thole,33.0,2020,9689,C,catcher,,-9.350351746544348
Josh Thole,34.0,2021,9689,C,catcher,,-10.550351746544349
Josh Thole,35.0,2022,9689,C,catcher,,-11.75035174654435
Josh Thole,36.0,2023,9689,C,catcher,,-12.95035174654435
Josh Thole,37.0,2024,9689,C,catcher,,-14.150351746544349
Josh Thole,38.0,2025,9689,C,catcher,,-15.350351746544348
Josh Thole,39.0,2026,9689,C,catcher,,-16.550351746544347
Josh Thole,40.0,2027,9689,C,catcher,,-17.750351746544347
Josh Thole,41.0,2028,9689,C,catcher,,-18.950351746544346
Josh Thole,42.0,2029,9689,C,catcher,,-20.150351746544345
Ben Paulsen,29.0,2017,9741,1B,infield,-5.8999999999999995,
Ben Paulsen,30.0,2018,9741,1B,infield,-6.5,
Ben Paulsen,31.0,2019,9741,1B,infield,-7.1,
Ben Paulsen,32.0,2020,9741,1B,infield,-8.3,
Ben Paulsen,33.0,2021,9741,1B,infield,-9.5,
Ben Paulsen,34.0,2022,9741,1B,infield,-10.7,
Ben Paulsen,35.0,2023,9741,1B,infield,-11.9,
Ben Paulsen,36.0,2024,9741,1B,infield,-13.100000000000001,
Ben Paulsen,37.0,2025,9741,1B,infield,-14.3,
Ben Paulsen,38.0,2026,9741,1B,infield,-15.5,
Ben Paulsen,39.0,2027,9741,1B,infield,-16.7,
Ben Paulsen,40.0,2028,9741,1B,infield,-17.9,
Ben Paulsen,41.0,2029,9741,1B,infield,-19.099999999999998,
Ben Paulsen,42.0,2030,9741,1B,infield,-20.299999999999997,
Ben Paulsen,28.0,2017,9741,LF,outfield,16.7,
Ben Paulsen,29.0,2018,9741,LF,outfield,16.1,
Ben Paulsen,30.0,2019,9741,LF,outfield,15.5,
Ben Paulsen,31.0,2020,9741,LF,outfield,14.9,
Ben Paulsen,32.0,2021,9741,LF,outfield,13.700000000000001,
Ben Paulsen,33.0,2022,9741,LF,outfield,12.5,
Ben Paulsen,34.0,2023,9741,LF,outfield,11.3,
Ben Paulsen,35.0,2024,9741,LF,outfield,10.100000000000001,
Ben Paulsen,36.0,2025,9741,LF,outfield,8.9,
Ben Paulsen,37.0,2026,9741,LF,outfield,7.700000000000001,
Ben Paulsen,38.0,2027,9741,LF,outfield,6.500000000000002,
Ben Paulsen,39.0,2028,9741,LF,outfield,5.3000000000000025,
Ben Paulsen,40.0,2029,9741,LF,outfield,4.100000000000003,
Ben Paulsen,41.0,2030,9741,LF,outfield,2.900000000000004,
Ben Paulsen,42.0,2031,9741,LF,outfield,1.7000000000000046,
Justin Bour,29.0,2017,9744,1B,infield,-1.3666666666666667,
Justin Bour,30.0,2018,9744,1B,infield,-1.9666666666666666,
Justin Bour,31.0,2019,9744,1B,infield,-2.5666666666666664,
Justin Bour,32.0,2020,9744,1B,infield,-3.7666666666666666,
Justin Bour,33.0,2021,9744,1B,infield,-4.966666666666667,
Justin Bour,34.0,2022,9744,1B,infield,-6.166666666666667,
Justin Bour,35.0,2023,9744,1B,infield,-7.366666666666667,
Justin Bour,36.0,2024,9744,1B,infield,-8.566666666666666,
Justin Bour,37.0,2025,9744,1B,infield,-9.766666666666666,
Justin Bour,38.0,2026,9744,1B,infield,-10.966666666666665,
Justin Bour,39.0,2027,9744,1B,infield,-12.166666666666664,
Justin Bour,40.0,2028,9744,1B,infield,-13.366666666666664,
Justin Bour,41.0,2029,9744,1B,infield,-14.566666666666663,
Justin Bour,42.0,2030,9744,1B,infield,-15.766666666666662,
James Jones,27.0,2017,9767,CF,outfield,-45.900000000000006,
James Jones,28.0,2018,9767,CF,outfield,-46.50000000000001,
James Jones,29.0,2019,9767,CF,outfield,-47.1,
James Jones,30.0,2020,9767,CF,outfield,-47.7,
James Jones,31.0,2021,9767,CF,outfield,-48.300000000000004,
James Jones,32.0,2022,9767,CF,outfield,-49.50000000000001,
James Jones,33.0,2023,9767,CF,outfield,-50.7,
James Jones,34.0,2024,9767,CF,outfield,-51.900000000000006,
James Jones,35.0,2025,9767,CF,outfield,-53.10000000000001,
James Jones,36.0,2026,9767,CF,outfield,-54.300000000000004,
James Jones,37.0,2027,9767,CF,outfield,-55.5,
James Jones,38.0,2028,9767,CF,outfield,-56.7,
James Jones,39.0,2029,9767,CF,outfield,-57.900000000000006,
James Jones,40.0,2030,9767,CF,outfield,-59.1,
James Jones,41.0,2031,9767,CF,outfield,-60.3,
Christian Vazquez,26.0,2017,9774,C,catcher,,24.177874480259035
Christian Vazquez,27.0,2018,9774,C,catcher,,23.577874480259034
Christian Vazquez,28.0,2019,9774,C,catcher,,22.977874480259036
Christian Vazquez,29.0,2020,9774,C,catcher,,22.377874480259035
Christian Vazquez,30.0,2021,9774,C,catcher,,21.777874480259037
Christian Vazquez,31.0,2022,9774,C,catcher,,21.177874480259035
Christian Vazquez,32.0,2023,9774,C,catcher,,19.977874480259036
Christian Vazquez,33.0,2024,9774,C,catcher,,18.777874480259037
Christian Vazquez,34.0,2025,9774,C,catcher,,17.577874480259034
Christian Vazquez,35.0,2026,9774,C,catcher,,16.377874480259035
Christian Vazquez,36.0,2027,9774,C,catcher,,15.177874480259035
Christian Vazquez,37.0,2028,9774,C,catcher,,13.977874480259036
Christian Vazquez,38.0,2029,9774,C,catcher,,12.777874480259037
Christian Vazquez,39.0,2030,9774,C,catcher,,11.577874480259037
Christian Vazquez,40.0,2031,9774,C,catcher,,10.377874480259038
Jason Kipnis,30.0,2017,9776,2B,infield,2.0166666666666666,
Jason Kipnis,31.0,2018,9776,2B,infield,1.4166666666666667,
Jason Kipnis,32.0,2019,9776,2B,infield,0.21666666666666679,
Jason Kipnis,33.0,2020,9776,2B,infield,-0.983333333333333,
Jason Kipnis,34.0,2021,9776,2B,infield,-2.183333333333333,
Jason Kipnis,35.0,2022,9776,2B,infield,-3.3833333333333333,
Jason Kipnis,36.0,2023,9776,2B,infield,-4.583333333333334,
Jason Kipnis,37.0,2024,9776,2B,infield,-5.783333333333333,
Jason Kipnis,38.0,2025,9776,2B,infield,-6.9833333333333325,
Jason Kipnis,39.0,2026,9776,2B,infield,-8.183333333333332,
Jason Kipnis,40.0,2027,9776,2B,infield,-9.383333333333331,
Jason Kipnis,41.0,2028,9776,2B,infield,-10.58333333333333,
Jason Kipnis,42.0,2029,9776,2B,infield,-11.78333333333333,
Nolan Arenado,26.0,2017,9777,3B,infield,3.0999999999999996,
Nolan Arenado,27.0,2018,9777,3B,infield,2.4999999999999996,
Nolan Arenado,28.0,2019,9777,3B,infield,1.8999999999999997,
Nolan Arenado,29.0,2020,9777,3B,infield,1.2999999999999998,
Nolan Arenado,30.0,2021,9777,3B,infield,0.6999999999999997,
Nolan Arenado,31.0,2022,9777,3B,infield,0.09999999999999964,
Nolan Arenado,32.0,2023,9777,3B,infield,-1.1000000000000005,
Nolan Arenado,33.0,2024,9777,3B,infield,-2.3000000000000007,
Nolan Arenado,34.0,2025,9777,3B,infield,-3.500000000000001,
Nolan Arenado,35.0,2026,9777,3B,infield,-4.700000000000001,
Nolan Arenado,36.0,2027,9777,3B,infield,-5.9,
Nolan Arenado,37.0,2028,9777,3B,infield,-7.1,
Nolan Arenado,38.0,2029,9777,3B,infield,-8.299999999999999,
Nolan Arenado,39.0,2030,9777,3B,infield,-9.499999999999998,
Nolan Arenado,40.0,2031,9777,3B,infield,-10.699999999999998,
Kyle Seager,29.0,2017,9785,3B,infield,1.0500000000000003,
Kyle Seager,30.0,2018,9785,3B,infield,0.4500000000000002,
Kyle Seager,31.0,2019,9785,3B,infield,-0.1499999999999997,
Kyle Seager,32.0,2020,9785,3B,infield,-1.3499999999999999,
Kyle Seager,33.0,2021,9785,3B,infield,-2.55,
Kyle Seager,34.0,2022,9785,3B,infield,-3.75,
Kyle Seager,35.0,2023,9785,3B,infield,-4.95,
Kyle Seager,36.0,2024,9785,3B,infield,-6.15,
Kyle Seager,37.0,2025,9785,3B,infield,-7.35,
Kyle Seager,38.0,2026,9785,3B,infield,-8.549999999999999,
Kyle Seager,39.0,2027,9785,3B,infield,-9.749999999999998,
Kyle Seager,40.0,2028,9785,3B,infield,-10.949999999999998,
Kyle Seager,41.0,2029,9785,3B,infield,-12.149999999999997,
Kyle Seager,42.0,2030,9785,3B,infield,-13.349999999999996,
Ryan Goins,29.0,2017,9807,2B,infield,-0.08333333333333326,
Ryan Goins,30.0,2018,9807,2B,infield,-0.6833333333333332,
Ryan Goins,31.0,2019,9807,2B,infield,-1.2833333333333332,
Ryan Goins,32.0,2020,9807,2B,infield,-2.4833333333333334,
Ryan Goins,33.0,2021,9807,2B,infield,-3.6833333333333336,
Ryan Goins,34.0,2022,9807,2B,infield,-4.883333333333334,
Ryan Goins,35.0,2023,9807,2B,infield,-6.083333333333334,
Ryan Goins,36.0,2024,9807,2B,infield,-7.283333333333334,
Ryan Goins,37.0,2025,9807,2B,infield,-8.483333333333333,
Ryan Goins,38.0,2026,9807,2B,infield,-9.683333333333332,
Ryan Goins,39.0,2027,9807,2B,infield,-10.883333333333331,
Ryan Goins,40.0,2028,9807,2B,infield,-12.08333333333333,
Ryan Goins,41.0,2029,9807,2B,infield,-13.28333333333333,
Ryan Goins,42.0,2030,9807,2B,infield,-14.483333333333329,
Ryan Goins,29.0,2017,9807,SS,infield,7.916666666666666,
Ryan Goins,30.0,2018,9807,SS,infield,7.3166666666666655,
Ryan Goins,31.0,2019,9807,SS,infield,6.716666666666666,
Ryan Goins,32.0,2020,9807,SS,infield,5.516666666666666,
Ryan Goins,33.0,2021,9807,SS,infield,4.3166666666666655,
Ryan Goins,34.0,2022,9807,SS,infield,3.1166666666666654,
Ryan Goins,35.0,2023,9807,SS,infield,1.9166666666666652,
Ryan Goins,36.0,2024,9807,SS,infield,0.716666666666665,
Ryan Goins,37.0,2025,9807,SS,infield,-0.4833333333333343,
Ryan Goins,38.0,2026,9807,SS,infield,-1.6833333333333336,
Ryan Goins,39.0,2027,9807,SS,infield,-2.883333333333333,
Ryan Goins,40.0,2028,9807,SS,infield,-4.083333333333332,
Ryan Goins,41.0,2029,9807,SS,infield,-5.283333333333331,
Ryan Goins,42.0,2030,9807,SS,infield,-6.483333333333331,
Brian Dozier,30.0,2017,9810,2B,infield,0.09999999999999987,
Brian Dozier,31.0,2018,9810,2B,infield,-0.5000000000000001,
Brian Dozier,32.0,2019,9810,2B,infield,-1.7000000000000002,
Brian Dozier,33.0,2020,9810,2B,infield,-2.9,
Brian Dozier,34.0,2021,9810,2B,infield,-4.1,
Brian Dozier,35.0,2022,9810,2B,infield,-5.3,
Brian Dozier,36.0,2023,9810,2B,infield,-6.5,
Brian Dozier,37.0,2024,9810,2B,infield,-7.7,
Brian Dozier,38.0,2025,9810,2B,infield,-8.9,
Brian Dozier,39.0,2026,9810,2B,infield,-10.1,
Brian Dozier,40.0,2027,9810,2B,infield,-11.299999999999999,
Brian Dozier,41.0,2028,9810,2B,infield,-12.499999999999998,
Brian Dozier,42.0,2029,9810,2B,infield,-13.699999999999998,
Andrew McCutchen,30.0,2017,9847,CF,outfield,-9.849999999999998,
Andrew McCutchen,31.0,2018,9847,CF,outfield,-10.449999999999998,
Andrew McCutchen,32.0,2019,9847,CF,outfield,-11.649999999999999,
Andrew McCutchen,33.0,2020,9847,CF,outfield,-12.849999999999998,
Andrew McCutchen,34.0,2021,9847,CF,outfield,-14.049999999999997,
Andrew McCutchen,35.0,2022,9847,CF,outfield,-15.249999999999998,
Andrew McCutchen,36.0,2023,9847,CF,outfield,-16.45,
Andrew McCutchen,37.0,2024,9847,CF,outfield,-17.65,
Andrew McCutchen,38.0,2025,9847,CF,outfield,-18.849999999999998,
Andrew McCutchen,39.0,2026,9847,CF,outfield,-20.049999999999997,
Andrew McCutchen,40.0,2027,9847,CF,outfield,-21.249999999999996,
Andrew McCutchen,41.0,2028,9847,CF,outfield,-22.449999999999996,
Andrew McCutchen,42.0,2029,9847,CF,outfield,-23.649999999999995,
Austin Jackson,30.0,2017,9848,CF,outfield,-6.2333333333333325,
Austin Jackson,31.0,2018,9848,CF,outfield,-6.833333333333333,
Austin Jackson,32.0,2019,9848,CF,outfield,-8.033333333333333,
Austin Jackson,33.0,2020,9848,CF,outfield,-9.233333333333333,
Austin Jackson,34.0,2021,9848,CF,outfield,-10.433333333333334,
Austin Jackson,35.0,2022,9848,CF,outfield,-11.633333333333333,
Austin Jackson,36.0,2023,9848,CF,outfield,-12.833333333333332,
Austin Jackson,37.0,2024,9848,CF,outfield,-14.033333333333333,
Austin Jackson,38.0,2025,9848,CF,outfield,-15.233333333333333,
Austin Jackson,39.0,2026,9848,CF,outfield,-16.43333333333333,
Austin Jackson,40.0,2027,9848,CF,outfield,-17.633333333333333,
Austin Jackson,41.0,2028,9848,CF,outfield,-18.83333333333333,
Austin Jackson,42.0,2029,9848,CF,outfield,-20.03333333333333,
Austin Jackson,29.0,2017,9848,RF,outfield,-22.200000000000003,
Austin Jackson,30.0,2018,9848,RF,outfield,-22.8,
Austin Jackson,31.0,2019,9848,RF,outfield,-23.400000000000002,
Austin Jackson,32.0,2020,9848,RF,outfield,-24.6,
Austin Jackson,33.0,2021,9848,RF,outfield,-25.8,
Austin Jackson,34.0,2022,9848,RF,outfield,-27.0,
Austin Jackson,35.0,2023,9848,RF,outfield,-28.200000000000003,
Austin Jackson,36.0,2024,9848,RF,outfield,-29.400000000000002,
Austin Jackson,37.0,2025,9848,RF,outfield,-30.6,
Austin Jackson,38.0,2026,9848,RF,outfield,-31.8,
Austin Jackson,39.0,2027,9848,RF,outfield,-33.0,
Austin Jackson,40.0,2028,9848,RF,outfield,-34.2,
Austin Jackson,41.0,2029,9848,RF,outfield,-35.4,
Austin Jackson,42.0,2030,9848,RF,outfield,-36.599999999999994,
Efren Navarro,30.0,2017,9854,1B,infield,9.866666666666667,
Efren Navarro,31.0,2018,9854,1B,infield,9.266666666666667,
Efren Navarro,32.0,2019,9854,1B,infield,8.066666666666666,
Efren Navarro,33.0,2020,9854,1B,infield,6.866666666666667,
Efren Navarro,34.0,2021,9854,1B,infield,5.666666666666667,
Efren Navarro,35.0,2022,9854,1B,infield,4.466666666666667,
Efren Navarro,36.0,2023,9854,1B,infield,3.2666666666666666,
Efren Navarro,37.0,2024,9854,1B,infield,2.0666666666666664,
Efren Navarro,38.0,2025,9854,1B,infield,0.8666666666666671,
Efren Navarro,39.0,2026,9854,1B,infield,-0.33333333333333215,
Efren Navarro,40.0,2027,9854,1B,infield,-1.5333333333333314,
Efren Navarro,41.0,2028,9854,1B,infield,-2.7333333333333307,
Efren Navarro,42.0,2029,9854,1B,infield,-3.93333333333333,
Efren Navarro,30.0,2017,9854,LF,outfield,20.666666666666668,
Efren Navarro,31.0,2018,9854,LF,outfield,20.06666666666667,
Efren Navarro,32.0,2019,9854,LF,outfield,18.86666666666667,
Efren Navarro,33.0,2020,9854,LF,outfield,17.66666666666667,
Efren Navarro,34.0,2021,9854,LF,outfield,16.46666666666667,
Efren Navarro,35.0,2022,9854,LF,outfield,15.26666666666667,
Efren Navarro,36.0,2023,9854,LF,outfield,14.06666666666667,
Efren Navarro,37.0,2024,9854,LF,outfield,12.866666666666669,
Efren Navarro,38.0,2025,9854,LF,outfield,11.66666666666667,
Efren Navarro,39.0,2026,9854,LF,outfield,10.46666666666667,
Efren Navarro,40.0,2027,9854,LF,outfield,9.266666666666671,
Efren Navarro,41.0,2028,9854,LF,outfield,8.066666666666672,
Efren Navarro,42.0,2029,9854,LF,outfield,6.8666666666666725,
DJ LeMahieu,28.0,2017,9874,2B,infield,-0.6,
DJ LeMahieu,29.0,2018,9874,2B,infield,-1.2,
DJ LeMahieu,30.0,2019,9874,2B,infield,-1.7999999999999998,
DJ LeMahieu,31.0,2020,9874,2B,infield,-2.4,
DJ LeMahieu,32.0,2021,9874,2B,infield,-3.5999999999999996,
DJ LeMahieu,33.0,2022,9874,2B,infield,-4.8,
DJ LeMahieu,34.0,2023,9874,2B,infield,-6.0,
DJ LeMahieu,35.0,2024,9874,2B,infield,-7.2,
DJ LeMahieu,36.0,2025,9874,2B,infield,-8.4,
DJ LeMahieu,37.0,2026,9874,2B,infield,-9.6,
DJ LeMahieu,38.0,2027,9874,2B,infield,-10.799999999999999,
DJ LeMahieu,39.0,2028,9874,2B,infield,-11.999999999999998,
DJ LeMahieu,40.0,2029,9874,2B,infield,-13.199999999999998,
DJ LeMahieu,41.0,2030,9874,2B,infield,-14.399999999999997,
DJ LeMahieu,42.0,2031,9874,2B,infield,-15.599999999999996,
Jordan Schafer,29.0,2017,9883,CF,outfield,-15.5,
Jordan Schafer,30.0,2018,9883,CF,outfield,-16.1,
Jordan Schafer,31.0,2019,9883,CF,outfield,-16.7,
Jordan Schafer,32.0,2020,9883,CF,outfield,-17.9,
Jordan Schafer,33.0,2021,9883,CF,outfield,-19.1,
Jordan Schafer,34.0,2022,9883,CF,outfield,-20.3,
Jordan Schafer,35.0,2023,9883,CF,outfield,-21.5,
Jordan Schafer,36.0,2024,9883,CF,outfield,-22.700000000000003,
Jordan Schafer,37.0,2025,9883,CF,outfield,-23.9,
Jordan Schafer,38.0,2026,9883,CF,outfield,-25.1,
Jordan Schafer,39.0,2027,9883,CF,outfield,-26.299999999999997,
Jordan Schafer,40.0,2028,9883,CF,outfield,-27.5,
Jordan Schafer,41.0,2029,9883,CF,outfield,-28.699999999999996,
Jordan Schafer,42.0,2030,9883,CF,outfield,-29.9,
Jordan Schafer,28.0,2017,9883,LF,outfield,-0.5,
Jordan Schafer,29.0,2018,9883,LF,outfield,-1.0999999999999999,
Jordan Schafer,30.0,2019,9883,LF,outfield,-1.6999999999999997,
Jordan Schafer,31.0,2020,9883,LF,outfield,-2.3,
Jordan Schafer,32.0,2021,9883,LF,outfield,-3.4999999999999996,
Jordan Schafer,33.0,2022,9883,LF,outfield,-4.7,
Jordan Schafer,34.0,2023,9883,LF,outfield,-5.9,
Jordan Schafer,35.0,2024,9883,LF,outfield,-7.1000000000000005,
Jordan Schafer,36.0,2025,9883,LF,outfield,-8.3,
Jordan Schafer,37.0,2026,9883,LF,outfield,-9.5,
Jordan Schafer,38.0,2027,9883,LF,outfield,-10.7,
Jordan Schafer,39.0,2028,9883,LF,outfield,-11.899999999999999,
Jordan Schafer,40.0,2029,9883,LF,outfield,-13.099999999999998,
Jordan Schafer,41.0,2030,9883,LF,outfield,-14.299999999999997,
Jordan Schafer,42.0,2031,9883,LF,outfield,-15.499999999999996,
Ivan De Jesus,30.0,2017,9886,1B,infield,-14.5,
Ivan De Jesus,31.0,2018,9886,1B,infield,-15.1,
Ivan De Jesus,32.0,2019,9886,1B,infield,-16.3,
Ivan De Jesus,33.0,2020,9886,1B,infield,-17.5,
Ivan De Jesus,34.0,2021,9886,1B,infield,-18.7,
Ivan De Jesus,35.0,2022,9886,1B,infield,-19.9,
Ivan De Jesus,36.0,2023,9886,1B,infield,-21.1,
Ivan De Jesus,37.0,2024,9886,1B,infield,-22.3,
Ivan De Jesus,38.0,2025,9886,1B,infield,-23.5,
Ivan De Jesus,39.0,2026,9886,1B,infield,-24.7,
Ivan De Jesus,40.0,2027,9886,1B,infield,-25.9,
Ivan De Jesus,41.0,2028,9886,1B,infield,-27.099999999999998,
Ivan De Jesus,42.0,2029,9886,1B,infield,-28.299999999999997,
Ivan De Jesus,30.0,2017,9886,2B,infield,19.266666666666662,
Ivan De Jesus,31.0,2018,9886,2B,infield,18.666666666666664,
Ivan De Jesus,32.0,2019,9886,2B,infield,17.466666666666665,
Ivan De Jesus,33.0,2020,9886,2B,infield,16.266666666666666,
Ivan De Jesus,34.0,2021,9886,2B,infield,15.066666666666663,
Ivan De Jesus,35.0,2022,9886,2B,infield,13.866666666666664,
Ivan De Jesus,36.0,2023,9886,2B,infield,12.666666666666664,
Ivan De Jesus,37.0,2024,9886,2B,infield,11.466666666666663,
Ivan De Jesus,38.0,2025,9886,2B,infield,10.266666666666664,
Ivan De Jesus,39.0,2026,9886,2B,infield,9.066666666666665,
Ivan De Jesus,40.0,2027,9886,2B,infield,7.866666666666665,
Ivan De Jesus,41.0,2028,9886,2B,infield,6.666666666666666,
Ivan De Jesus,42.0,2029,9886,2B,infield,5.466666666666667,
Ivan De Jesus,30.0,2017,9886,3B,infield,1.1666666666666665,
Ivan De Jesus,31.0,2018,9886,3B,infield,0.5666666666666667,
Ivan De Jesus,32.0,2019,9886,3B,infield,-0.6333333333333333,
Ivan De Jesus,33.0,2020,9886,3B,infield,-1.833333333333333,
Ivan De Jesus,34.0,2021,9886,3B,infield,-3.033333333333333,
Ivan De Jesus,35.0,2022,9886,3B,infield,-4.233333333333333,
Ivan De Jesus,36.0,2023,9886,3B,infield,-5.433333333333334,
Ivan De Jesus,37.0,2024,9886,3B,infield,-6.633333333333334,
Ivan De Jesus,38.0,2025,9886,3B,infield,-7.833333333333333,
Ivan De Jesus,39.0,2026,9886,3B,infield,-9.033333333333331,
Ivan De Jesus,40.0,2027,9886,3B,infield,-10.23333333333333,
Ivan De Jesus,41.0,2028,9886,3B,infield,-11.43333333333333,
Ivan De Jesus,42.0,2029,9886,3B,infield,-12.63333333333333,
Ivan De Jesus,29.0,2017,9886,LF,outfield,-14.5,
Ivan De Jesus,30.0,2018,9886,LF,outfield,-15.1,
Ivan De Jesus,31.0,2019,9886,LF,outfield,-15.7,
Ivan De Jesus,32.0,2020,9886,LF,outfield,-16.9,
Ivan De Jesus,33.0,2021,9886,LF,outfield,-18.1,
Ivan De Jesus,34.0,2022,9886,LF,outfield,-19.3,
Ivan De Jesus,35.0,2023,9886,LF,outfield,-20.5,
Ivan De Jesus,36.0,2024,9886,LF,outfield,-21.700000000000003,
Ivan De Jesus,37.0,2025,9886,LF,outfield,-22.9,
Ivan De Jesus,38.0,2026,9886,LF,outfield,-24.1,
Ivan De Jesus,39.0,2027,9886,LF,outfield,-25.299999999999997,
Ivan De Jesus,40.0,2028,9886,LF,outfield,-26.5,
Ivan De Jesus,41.0,2029,9886,LF,outfield,-27.699999999999996,
Ivan De Jesus,42.0,2030,9886,LF,outfield,-28.9,
Ivan De Jesus,30.0,2017,9886,SS,infield,3.9,
Ivan De Jesus,31.0,2018,9886,SS,infield,3.3,
Ivan De Jesus,32.0,2019,9886,SS,infield,2.1,
Ivan De Jesus,33.0,2020,9886,SS,infield,0.9000000000000004,
Ivan De Jesus,34.0,2021,9886,SS,infield,-0.2999999999999998,
Ivan De Jesus,35.0,2022,9886,SS,infield,-1.5,
Ivan De Jesus,36.0,2023,9886,SS,infield,-2.7,
Ivan De Jesus,37.0,2024,9886,SS,infield,-3.9000000000000004,
Ivan De Jesus,38.0,2025,9886,SS,infield,-5.1,
Ivan De Jesus,39.0,2026,9886,SS,infield,-6.299999999999999,
Ivan De Jesus,40.0,2027,9886,SS,infield,-7.499999999999998,
Ivan De Jesus,41.0,2028,9886,SS,infield,-8.699999999999998,
Ivan De Jesus,42.0,2029,9886,SS,infield,-9.899999999999997,
Jay Bruce,30.0,2017,9892,RF,outfield,-9.233333333333334,
Jay Bruce,31.0,2018,9892,RF,outfield,-9.833333333333334,
Jay Bruce,32.0,2019,9892,RF,outfield,-11.033333333333335,
Jay Bruce,33.0,2020,9892,RF,outfield,-12.233333333333334,
Jay Bruce,34.0,2021,9892,RF,outfield,-13.433333333333334,
Jay Bruce,35.0,2022,9892,RF,outfield,-14.633333333333335,
Jay Bruce,36.0,2023,9892,RF,outfield,-15.833333333333336,
Jay Bruce,37.0,2024,9892,RF,outfield,-17.033333333333335,
Jay Bruce,38.0,2025,9892,RF,outfield,-18.233333333333334,
Jay Bruce,39.0,2026,9892,RF,outfield,-19.433333333333334,
Jay Bruce,40.0,2027,9892,RF,outfield,-20.633333333333333,
Jay Bruce,41.0,2028,9892,RF,outfield,-21.833333333333332,
Jay Bruce,42.0,2029,9892,RF,outfield,-23.03333333333333,
Colby Rasmus,30.0,2017,9893,CF,outfield,12.349999999999998,
Colby Rasmus,31.0,2018,9893,CF,outfield,11.749999999999998,
Colby Rasmus,32.0,2019,9893,CF,outfield,10.549999999999997,
Colby Rasmus,33.0,2020,9893,CF,outfield,9.349999999999998,
Colby Rasmus,34.0,2021,9893,CF,outfield,8.149999999999999,
Colby Rasmus,35.0,2022,9893,CF,outfield,6.9499999999999975,
Colby Rasmus,36.0,2023,9893,CF,outfield,5.749999999999997,
Colby Rasmus,37.0,2024,9893,CF,outfield,4.549999999999997,
Colby Rasmus,38.0,2025,9893,CF,outfield,3.349999999999998,
Colby Rasmus,39.0,2026,9893,CF,outfield,2.1499999999999986,
Colby Rasmus,40.0,2027,9893,CF,outfield,0.9499999999999993,
Colby Rasmus,41.0,2028,9893,CF,outfield,-0.25,
Colby Rasmus,42.0,2029,9893,CF,outfield,-1.4499999999999993,
Colby Rasmus,30.0,2017,9893,LF,outfield,10.3,
Colby Rasmus,31.0,2018,9893,LF,outfield,9.700000000000001,
Colby Rasmus,32.0,2019,9893,LF,outfield,8.5,
Colby Rasmus,33.0,2020,9893,LF,outfield,7.300000000000001,
Colby Rasmus,34.0,2021,9893,LF,outfield,6.1000000000000005,
Colby Rasmus,35.0,2022,9893,LF,outfield,4.9,
Colby Rasmus,36.0,2023,9893,LF,outfield,3.7,
Colby Rasmus,37.0,2024,9893,LF,outfield,2.5,
Colby Rasmus,38.0,2025,9893,LF,outfield,1.3000000000000007,
Colby Rasmus,39.0,2026,9893,LF,outfield,0.10000000000000142,
Colby Rasmus,40.0,2027,9893,LF,outfield,-1.0999999999999979,
Colby Rasmus,41.0,2028,9893,LF,outfield,-2.299999999999997,
Colby Rasmus,42.0,2029,9893,LF,outfield,-3.4999999999999964,
Colby Rasmus,30.0,2017,9893,RF,outfield,30.933333333333334,
Colby Rasmus,31.0,2018,9893,RF,outfield,30.333333333333336,
Colby Rasmus,32.0,2019,9893,RF,outfield,29.133333333333336,
Colby Rasmus,33.0,2020,9893,RF,outfield,27.933333333333337,
Colby Rasmus,34.0,2021,9893,RF,outfield,26.733333333333334,
Colby Rasmus,35.0,2022,9893,RF,outfield,25.533333333333335,
Colby Rasmus,36.0,2023,9893,RF,outfield,24.333333333333336,
Colby Rasmus,37.0,2024,9893,RF,outfield,23.133333333333333,
Colby Rasmus,38.0,2025,9893,RF,outfield,21.933333333333337,
Colby Rasmus,39.0,2026,9893,RF,outfield,20.733333333333334,
Colby Rasmus,40.0,2027,9893,RF,outfield,19.53333333333334,
Colby Rasmus,41.0,2028,9893,RF,outfield,18.333333333333336,
Colby Rasmus,42.0,2029,9893,RF,outfield,17.13333333333334,
Chris Carter,30.0,2017,9911,1B,infield,-8.4,
Chris Carter,31.0,2018,9911,1B,infield,-9.0,
Chris Carter,32.0,2019,9911,1B,infield,-10.2,
Chris Carter,33.0,2020,9911,1B,infield,-11.399999999999999,
Chris Carter,34.0,2021,9911,1B,infield,-12.6,
Chris Carter,35.0,2022,9911,1B,infield,-13.8,
Chris Carter,36.0,2023,9911,1B,infield,-15.0,
Chris Carter,37.0,2024,9911,1B,infield,-16.2,
Chris Carter,38.0,2025,9911,1B,infield,-17.4,
Chris Carter,39.0,2026,9911,1B,infield,-18.599999999999998,
Chris Carter,40.0,2027,9911,1B,infield,-19.799999999999997,
Chris Carter,41.0,2028,9911,1B,infield,-20.999999999999996,
Chris Carter,42.0,2029,9911,1B,infield,-22.199999999999996,
Chris Carter,28.0,2017,9911,LF,outfield,-9.799999999999999,
Chris Carter,29.0,2018,9911,LF,outfield,-10.399999999999999,
Chris Carter,30.0,2019,9911,LF,outfield,-11.0,
Chris Carter,31.0,2020,9911,LF,outfield,-11.6,
Chris Carter,32.0,2021,9911,LF,outfield,-12.799999999999999,
Chris Carter,33.0,2022,9911,LF,outfield,-14.0,
Chris Carter,34.0,2023,9911,LF,outfield,-15.2,
Chris Carter,35.0,2024,9911,LF,outfield,-16.4,
Chris Carter,36.0,2025,9911,LF,outfield,-17.6,
Chris Carter,37.0,2026,9911,LF,outfield,-18.799999999999997,
Chris Carter,38.0,2027,9911,LF,outfield,-20.0,
Chris Carter,39.0,2028,9911,LF,outfield,-21.199999999999996,
Chris Carter,40.0,2029,9911,LF,outfield,-22.4,
Chris Carter,41.0,2030,9911,LF,outfield,-23.599999999999994,
Chris Carter,42.0,2031,9911,LF,outfield,-24.799999999999997,
Brett Gardner,32.0,2017,9927,CF,outfield,-5.9,
Brett Gardner,33.0,2018,9927,CF,outfield,-7.1,
Brett Gardner,34.0,2019,9927,CF,outfield,-8.3,
Brett Gardner,35.0,2020,9927,CF,outfield,-9.5,
Brett Gardner,36.0,2021,9927,CF,outfield,-10.7,
Brett Gardner,37.0,2022,9927,CF,outfield,-11.9,
Brett Gardner,38.0,2023,9927,CF,outfield,-13.100000000000001,
Brett Gardner,39.0,2024,9927,CF,outfield,-14.3,
Brett Gardner,40.0,2025,9927,CF,outfield,-15.5,
Brett Gardner,41.0,2026,9927,CF,outfield,-16.7,
Brett Gardner,42.0,2027,9927,CF,outfield,-17.9,
Brett Gardner,33.0,2017,9927,LF,outfield,1.8,
Brett Gardner,34.0,2018,9927,LF,outfield,0.6000000000000001,
Brett Gardner,35.0,2019,9927,LF,outfield,-0.5999999999999996,
Brett Gardner,36.0,2020,9927,LF,outfield,-1.7999999999999998,
Brett Gardner,37.0,2021,9927,LF,outfield,-3.0,
Brett Gardner,38.0,2022,9927,LF,outfield,-4.2,
Brett Gardner,39.0,2023,9927,LF,outfield,-5.4,
Brett Gardner,40.0,2024,9927,LF,outfield,-6.6,
Brett Gardner,41.0,2025,9927,LF,outfield,-7.799999999999999,
Brett Gardner,42.0,2026,9927,LF,outfield,-8.999999999999998,
Darin Ruf,30.0,2017,9929,1B,infield,-5.5666666666666655,
Darin Ruf,31.0,2018,9929,1B,infield,-6.166666666666666,
Darin Ruf,32.0,2019,9929,1B,infield,-7.366666666666665,
Darin Ruf,33.0,2020,9929,1B,infield,-8.566666666666666,
Darin Ruf,34.0,2021,9929,1B,infield,-9.766666666666666,
Darin Ruf,35.0,2022,9929,1B,infield,-10.966666666666665,
Darin Ruf,36.0,2023,9929,1B,infield,-12.166666666666666,
Darin Ruf,37.0,2024,9929,1B,infield,-13.366666666666667,
Darin Ruf,38.0,2025,9929,1B,infield,-14.566666666666666,
Darin Ruf,39.0,2026,9929,1B,infield,-15.766666666666666,
Darin Ruf,40.0,2027,9929,1B,infield,-16.966666666666665,
Darin Ruf,41.0,2028,9929,1B,infield,-18.166666666666664,
Darin Ruf,42.0,2029,9929,1B,infield,-19.366666666666664,
Darin Ruf,30.0,2017,9929,LF,outfield,-21.183333333333334,
Darin Ruf,31.0,2018,9929,LF,outfield,-21.78333333333333,
Darin Ruf,32.0,2019,9929,LF,outfield,-22.98333333333333,
Darin Ruf,33.0,2020,9929,LF,outfield,-24.18333333333333,
Darin Ruf,34.0,2021,9929,LF,outfield,-25.383333333333333,
Darin Ruf,35.0,2022,9929,LF,outfield,-26.583333333333332,
Darin Ruf,36.0,2023,9929,LF,outfield,-27.78333333333333,
Darin Ruf,37.0,2024,9929,LF,outfield,-28.983333333333334,
Darin Ruf,38.0,2025,9929,LF,outfield,-30.18333333333333,
Darin Ruf,39.0,2026,9929,LF,outfield,-31.383333333333333,
Darin Ruf,40.0,2027,9929,LF,outfield,-32.58333333333333,
Darin Ruf,41.0,2028,9929,LF,outfield,-33.78333333333333,
Darin Ruf,42.0,2029,9929,LF,outfield,-34.98333333333333,
Trayce Thompson,26.0,2017,9952,CF,outfield,5.133333333333334,
Trayce Thompson,27.0,2018,9952,CF,outfield,4.533333333333334,
Trayce Thompson,28.0,2019,9952,CF,outfield,3.9333333333333336,
Trayce Thompson,29.0,2020,9952,CF,outfield,3.333333333333334,
Trayce Thompson,30.0,2021,9952,CF,outfield,2.733333333333334,
Trayce Thompson,31.0,2022,9952,CF,outfield,2.1333333333333337,
Trayce Thompson,32.0,2023,9952,CF,outfield,0.9333333333333336,
Trayce Thompson,33.0,2024,9952,CF,outfield,-0.2666666666666666,
Trayce Thompson,34.0,2025,9952,CF,outfield,-1.4666666666666668,
Trayce Thompson,35.0,2026,9952,CF,outfield,-2.666666666666667,
Trayce Thompson,36.0,2027,9952,CF,outfield,-3.8666666666666663,
Trayce Thompson,37.0,2028,9952,CF,outfield,-5.0666666666666655,
Trayce Thompson,38.0,2029,9952,CF,outfield,-6.266666666666665,
Trayce Thompson,39.0,2030,9952,CF,outfield,-7.466666666666664,
Trayce Thompson,40.0,2031,9952,CF,outfield,-8.666666666666664,
Trayce Thompson,26.0,2017,9952,LF,outfield,-5.566666666666667,
Trayce Thompson,27.0,2018,9952,LF,outfield,-6.166666666666667,
Trayce Thompson,28.0,2019,9952,LF,outfield,-6.7666666666666675,
Trayce Thompson,29.0,2020,9952,LF,outfield,-7.366666666666667,
Trayce Thompson,30.0,2021,9952,LF,outfield,-7.966666666666667,
Trayce Thompson,31.0,2022,9952,LF,outfield,-8.566666666666666,
Trayce Thompson,32.0,2023,9952,LF,outfield,-9.766666666666667,
Trayce Thompson,33.0,2024,9952,LF,outfield,-10.966666666666669,
Trayce Thompson,34.0,2025,9952,LF,outfield,-12.166666666666668,
Trayce Thompson,35.0,2026,9952,LF,outfield,-13.366666666666667,
Trayce Thompson,36.0,2027,9952,LF,outfield,-14.566666666666666,
Trayce Thompson,37.0,2028,9952,LF,outfield,-15.766666666666666,
Trayce Thompson,38.0,2029,9952,LF,outfield,-16.966666666666665,
Trayce Thompson,39.0,2030,9952,LF,outfield,-18.166666666666664,
Trayce Thompson,40.0,2031,9952,LF,outfield,-19.366666666666664,
Trayce Thompson,26.0,2017,9952,RF,outfield,3.733333333333333,
Trayce Thompson,27.0,2018,9952,RF,outfield,3.133333333333333,
Trayce Thompson,28.0,2019,9952,RF,outfield,2.533333333333333,
Trayce Thompson,29.0,2020,9952,RF,outfield,1.9333333333333331,
Trayce Thompson,30.0,2021,9952,RF,outfield,1.333333333333333,
Trayce Thompson,31.0,2022,9952,RF,outfield,0.733333333333333,
Trayce Thompson,32.0,2023,9952,RF,outfield,-0.46666666666666723,
Trayce Thompson,33.0,2024,9952,RF,outfield,-1.6666666666666674,
Trayce Thompson,34.0,2025,9952,RF,outfield,-2.8666666666666676,
Trayce Thompson,35.0,2026,9952,RF,outfield,-4.066666666666668,
Trayce Thompson,36.0,2027,9952,RF,outfield,-5.2666666666666675,
Trayce Thompson,37.0,2028,9952,RF,outfield,-6.466666666666667,
Trayce Thompson,38.0,2029,9952,RF,outfield,-7.666666666666666,
Trayce Thompson,39.0,2030,9952,RF,outfield,-8.866666666666665,
Trayce Thompson,40.0,2031,9952,RF,outfield,-10.066666666666665,
Ryan Schimpf,29.0,2017,9953,2B,infield,-9.7,
Ryan Schimpf,30.0,2018,9953,2B,infield,-10.299999999999999,
Ryan Schimpf,31.0,2019,9953,2B,infield,-10.899999999999999,
Ryan Schimpf,32.0,2020,9953,2B,infield,-12.1,
Ryan Schimpf,33.0,2021,9953,2B,infield,-13.3,
Ryan Schimpf,34.0,2022,9953,2B,infield,-14.5,
Ryan Schimpf,35.0,2023,9953,2B,infield,-15.7,
Ryan Schimpf,36.0,2024,9953,2B,infield,-16.9,
Ryan Schimpf,37.0,2025,9953,2B,infield,-18.1,
Ryan Schimpf,38.0,2026,9953,2B,infield,-19.299999999999997,
Ryan Schimpf,39.0,2027,9953,2B,infield,-20.5,
Ryan Schimpf,40.0,2028,9953,2B,infield,-21.699999999999996,
Ryan Schimpf,41.0,2029,9953,2B,infield,-22.9,
Ryan Schimpf,42.0,2030,9953,2B,infield,-24.099999999999994,
Ryan Schimpf,29.0,2017,9953,3B,infield,16.0,
Ryan Schimpf,30.0,2018,9953,3B,infield,15.400000000000002,
Ryan Schimpf,31.0,2019,9953,3B,infield,14.8,
Ryan Schimpf,32.0,2020,9953,3B,infield,13.600000000000001,
Ryan Schimpf,33.0,2021,9953,3B,infield,12.400000000000002,
Ryan Schimpf,34.0,2022,9953,3B,infield,11.200000000000001,
Ryan Schimpf,35.0,2023,9953,3B,infield,10.0,
Ryan Schimpf,36.0,2024,9953,3B,infield,8.8,
Ryan Schimpf,37.0,2025,9953,3B,infield,7.600000000000001,
Ryan Schimpf,38.0,2026,9953,3B,infield,6.400000000000002,
Ryan Schimpf,39.0,2027,9953,3B,infield,5.200000000000003,
Ryan Schimpf,40.0,2028,9953,3B,infield,4.0000000000000036,
Ryan Schimpf,41.0,2029,9953,3B,infield,2.8000000000000043,
Ryan Schimpf,42.0,2030,9953,3B,infield,1.600000000000005,
Darrell Ceciliani,27.0,2017,9954,LF,outfield,10.633333333333335,
Darrell Ceciliani,28.0,2018,9954,LF,outfield,10.033333333333335,
Darrell Ceciliani,29.0,2019,9954,LF,outfield,9.433333333333334,
Darrell Ceciliani,30.0,2020,9954,LF,outfield,8.833333333333334,
Darrell Ceciliani,31.0,2021,9954,LF,outfield,8.233333333333334,
Darrell Ceciliani,32.0,2022,9954,LF,outfield,7.033333333333334,
Darrell Ceciliani,33.0,2023,9954,LF,outfield,5.833333333333334,
Darrell Ceciliani,34.0,2024,9954,LF,outfield,4.633333333333334,
Darrell Ceciliani,35.0,2025,9954,LF,outfield,3.4333333333333336,
Darrell Ceciliani,36.0,2026,9954,LF,outfield,2.2333333333333343,
Darrell Ceciliani,37.0,2027,9954,LF,outfield,1.033333333333335,
Darrell Ceciliani,38.0,2028,9954,LF,outfield,-0.1666666666666643,
Darrell Ceciliani,39.0,2029,9954,LF,outfield,-1.3666666666666636,
Darrell Ceciliani,40.0,2030,9954,LF,outfield,-2.566666666666663,
Darrell Ceciliani,41.0,2031,9954,LF,outfield,-3.766666666666662,
Steve Pearce,34.0,2017,9957,1B,infield,4.1,
Steve Pearce,35.0,2018,9957,1B,infield,2.9,
Steve Pearce,36.0,2019,9957,1B,infield,1.7000000000000002,
Steve Pearce,37.0,2020,9957,1B,infield,0.5,
Steve Pearce,38.0,2021,9957,1B,infield,-0.7000000000000002,
Steve Pearce,39.0,2022,9957,1B,infield,-1.9000000000000004,
Steve Pearce,40.0,2023,9957,1B,infield,-3.1000000000000005,
Steve Pearce,41.0,2024,9957,1B,infield,-4.3,
Steve Pearce,42.0,2025,9957,1B,infield,-5.499999999999999,
Steve Pearce,34.0,2017,9957,2B,infield,-1.0666666666666667,
Steve Pearce,35.0,2018,9957,2B,infield,-2.2666666666666666,
Steve Pearce,36.0,2019,9957,2B,infield,-3.4666666666666663,
Steve Pearce,37.0,2020,9957,2B,infield,-4.666666666666666,
Steve Pearce,38.0,2021,9957,2B,infield,-5.866666666666666,
Steve Pearce,39.0,2022,9957,2B,infield,-7.066666666666666,
Steve Pearce,40.0,2023,9957,2B,infield,-8.266666666666667,
Steve Pearce,41.0,2024,9957,2B,infield,-9.466666666666667,
Steve Pearce,42.0,2025,9957,2B,infield,-10.666666666666666,
Steve Pearce,33.0,2017,9957,LF,outfield,-6.800000000000002,
Steve Pearce,34.0,2018,9957,LF,outfield,-8.000000000000002,
Steve Pearce,35.0,2019,9957,LF,outfield,-9.200000000000001,
Steve Pearce,36.0,2020,9957,LF,outfield,-10.400000000000002,
Steve Pearce,37.0,2021,9957,LF,outfield,-11.600000000000001,
Steve Pearce,38.0,2022,9957,LF,outfield,-12.8,
Steve Pearce,39.0,2023,9957,LF,outfield,-14.000000000000002,
Steve Pearce,40.0,2024,9957,LF,outfield,-15.200000000000001,
Steve Pearce,41.0,2025,9957,LF,outfield,-16.4,
Steve Pearce,42.0,2026,9957,LF,outfield,-17.6,
Steve Pearce,33.0,2017,9957,RF,outfield,26.3,
Steve Pearce,34.0,2018,9957,RF,outfield,25.1,
Steve Pearce,35.0,2019,9957,RF,outfield,23.9,
Steve Pearce,36.0,2020,9957,RF,outfield,22.7,
Steve Pearce,37.0,2021,9957,RF,outfield,21.5,
Steve Pearce,38.0,2022,9957,RF,outfield,20.3,
Steve Pearce,39.0,2023,9957,RF,outfield,19.1,
Steve Pearce,40.0,2024,9957,RF,outfield,17.9,
Steve Pearce,41.0,2025,9957,RF,outfield,16.700000000000003,
Steve Pearce,42.0,2026,9957,RF,outfield,15.500000000000002,
Jeff Bianchi,28.0,2017,9958,3B,infield,-1.2,
Jeff Bianchi,29.0,2018,9958,3B,infield,-1.7999999999999998,
Jeff Bianchi,30.0,2019,9958,3B,infield,-2.4,
Jeff Bianchi,31.0,2020,9958,3B,infield,-3.0,
Jeff Bianchi,32.0,2021,9958,3B,infield,-4.199999999999999,
Jeff Bianchi,33.0,2022,9958,3B,infield,-5.3999999999999995,
Jeff Bianchi,34.0,2023,9958,3B,infield,-6.6,
Jeff Bianchi,35.0,2024,9958,3B,infield,-7.8,
Jeff Bianchi,36.0,2025,9958,3B,infield,-9.0,
Jeff Bianchi,37.0,2026,9958,3B,infield,-10.2,
Jeff Bianchi,38.0,2027,9958,3B,infield,-11.399999999999999,
Jeff Bianchi,39.0,2028,9958,3B,infield,-12.599999999999998,
Jeff Bianchi,40.0,2029,9958,3B,infield,-13.799999999999997,
Jeff Bianchi,41.0,2030,9958,3B,infield,-14.999999999999996,
Jeff Bianchi,42.0,2031,9958,3B,infield,-16.199999999999996,
Jeff Bianchi,28.0,2017,9958,SS,infield,-19.5,
Jeff Bianchi,29.0,2018,9958,SS,infield,-20.099999999999998,
Jeff Bianchi,30.0,2019,9958,SS,infield,-20.7,
Jeff Bianchi,31.0,2020,9958,SS,infield,-21.299999999999997,
Jeff Bianchi,32.0,2021,9958,SS,infield,-22.5,
Jeff Bianchi,33.0,2022,9958,SS,infield,-23.7,
Jeff Bianchi,34.0,2023,9958,SS,infield,-24.9,
Jeff Bianchi,35.0,2024,9958,SS,infield,-26.099999999999998,
Jeff Bianchi,36.0,2025,9958,SS,infield,-27.299999999999997,
Jeff Bianchi,37.0,2026,9958,SS,infield,-28.5,
Jeff Bianchi,38.0,2027,9958,SS,infield,-29.699999999999996,
Jeff Bianchi,39.0,2028,9958,SS,infield,-30.9,
Jeff Bianchi,40.0,2029,9958,SS,infield,-32.099999999999994,
Jeff Bianchi,41.0,2030,9958,SS,infield,-33.3,
Jeff Bianchi,42.0,2031,9958,SS,infield,-34.49999999999999,
Michael Saunders,28.0,2017,9981,CF,outfield,-19.6,
Michael Saunders,29.0,2018,9981,CF,outfield,-20.2,
Michael Saunders,30.0,2019,9981,CF,outfield,-20.8,
Michael Saunders,31.0,2020,9981,CF,outfield,-21.4,
Michael Saunders,32.0,2021,9981,CF,outfield,-22.6,
Michael Saunders,33.0,2022,9981,CF,outfield,-23.8,
Michael Saunders,34.0,2023,9981,CF,outfield,-25.0,
Michael Saunders,35.0,2024,9981,CF,outfield,-26.2,
Michael Saunders,36.0,2025,9981,CF,outfield,-27.4,
Michael Saunders,37.0,2026,9981,CF,outfield,-28.6,
Michael Saunders,38.0,2027,9981,CF,outfield,-29.799999999999997,
Michael Saunders,39.0,2028,9981,CF,outfield,-31.0,
Michael Saunders,40.0,2029,9981,CF,outfield,-32.199999999999996,
Michael Saunders,41.0,2030,9981,CF,outfield,-33.4,
Michael Saunders,42.0,2031,9981,CF,outfield,-34.599999999999994,
Michael Saunders,30.0,2017,9981,LF,outfield,-9.1,
Michael Saunders,31.0,2018,9981,LF,outfield,-9.7,
Michael Saunders,32.0,2019,9981,LF,outfield,-10.9,
Michael Saunders,33.0,2020,9981,LF,outfield,-12.1,
Michael Saunders,34.0,2021,9981,LF,outfield,-13.3,
Michael Saunders,35.0,2022,9981,LF,outfield,-14.5,
Michael Saunders,36.0,2023,9981,LF,outfield,-15.7,
Michael Saunders,37.0,2024,9981,LF,outfield,-16.9,
Michael Saunders,38.0,2025,9981,LF,outfield,-18.1,
Michael Saunders,39.0,2026,9981,LF,outfield,-19.299999999999997,
Michael Saunders,40.0,2027,9981,LF,outfield,-20.5,
Michael Saunders,41.0,2028,9981,LF,outfield,-21.699999999999996,
Michael Saunders,42.0,2029,9981,LF,outfield,-22.9,
Michael Saunders,30.0,2017,9981,RF,outfield,-16.425,
Michael Saunders,31.0,2018,9981,RF,outfield,-17.025,
Michael Saunders,32.0,2019,9981,RF,outfield,-18.224999999999998,
Michael Saunders,33.0,2020,9981,RF,outfield,-19.424999999999997,
Michael Saunders,34.0,2021,9981,RF,outfield,-20.625,
Michael Saunders,35.0,2022,9981,RF,outfield,-21.825,
Michael Saunders,36.0,2023,9981,RF,outfield,-23.025,
Michael Saunders,37.0,2024,9981,RF,outfield,-24.225,
Michael Saunders,38.0,2025,9981,RF,outfield,-25.424999999999997,
Michael Saunders,39.0,2026,9981,RF,outfield,-26.625,
Michael Saunders,40.0,2027,9981,RF,outfield,-27.824999999999996,
Michael Saunders,41.0,2028,9981,RF,outfield,-29.025,
Michael Saunders,42.0,2029,9981,RF,outfield,-30.224999999999994,
Christian Bethancourt,25.0,2017,10028,C,catcher,,7.014652722738785
Christian Bethancourt,26.0,2018,10028,C,catcher,,7.014652722738785
Christian Bethancourt,27.0,2019,10028,C,catcher,,6.4146527227387855
Christian Bethancourt,28.0,2020,10028,C,catcher,,5.814652722738785
Christian Bethancourt,29.0,2021,10028,C,catcher,,5.214652722738785
Christian Bethancourt,30.0,2022,10028,C,catcher,,4.614652722738786
Christian Bethancourt,31.0,2023,10028,C,catcher,,4.014652722738785
Christian Bethancourt,32.0,2024,10028,C,catcher,,2.814652722738785
Christian Bethancourt,33.0,2025,10028,C,catcher,,1.6146527227387848
Christian Bethancourt,34.0,2026,10028,C,catcher,,0.4146527227387846
Christian Bethancourt,35.0,2027,10028,C,catcher,,-0.7853472772612156
Christian Bethancourt,36.0,2028,10028,C,catcher,,-1.9853472772612148
Christian Bethancourt,37.0,2029,10028,C,catcher,,-3.185347277261214
Christian Bethancourt,38.0,2030,10028,C,catcher,,-4.385347277261213
Christian Bethancourt,39.0,2031,10028,C,catcher,,-5.585347277261213
Chris Owings,24.0,2017,10030,2B,infield,3.8000000000000003,
Chris Owings,25.0,2018,10030,2B,infield,3.8000000000000003,
Chris Owings,26.0,2019,10030,2B,infield,3.8000000000000003,
Chris Owings,27.0,2020,10030,2B,infield,3.2,
Chris Owings,28.0,2021,10030,2B,infield,2.6000000000000005,
Chris Owings,29.0,2022,10030,2B,infield,2.0000000000000004,
Chris Owings,30.0,2023,10030,2B,infield,1.4000000000000004,
Chris Owings,31.0,2024,10030,2B,infield,0.8000000000000003,
Chris Owings,32.0,2025,10030,2B,infield,-0.3999999999999999,
Chris Owings,33.0,2026,10030,2B,infield,-1.6,
Chris Owings,34.0,2027,10030,2B,infield,-2.8000000000000003,
Chris Owings,35.0,2028,10030,2B,infield,-4.0,
Chris Owings,36.0,2029,10030,2B,infield,-5.199999999999999,
Chris Owings,37.0,2030,10030,2B,infield,-6.399999999999999,
Chris Owings,38.0,2031,10030,2B,infield,-7.599999999999998,
Chris Owings,25.0,2017,10030,CF,outfield,4.2,
Chris Owings,26.0,2018,10030,CF,outfield,4.2,
Chris Owings,27.0,2019,10030,CF,outfield,3.6,
Chris Owings,28.0,2020,10030,CF,outfield,3.0,
Chris Owings,29.0,2021,10030,CF,outfield,2.4000000000000004,
Chris Owings,30.0,2022,10030,CF,outfield,1.8000000000000003,
Chris Owings,31.0,2023,10030,CF,outfield,1.2000000000000002,
Chris Owings,32.0,2024,10030,CF,outfield,0.0,
Chris Owings,33.0,2025,10030,CF,outfield,-1.2000000000000002,
Chris Owings,34.0,2026,10030,CF,outfield,-2.4000000000000004,
Chris Owings,35.0,2027,10030,CF,outfield,-3.6000000000000005,
Chris Owings,36.0,2028,10030,CF,outfield,-4.8,
Chris Owings,37.0,2029,10030,CF,outfield,-5.999999999999999,
Chris Owings,38.0,2030,10030,CF,outfield,-7.199999999999998,
Chris Owings,39.0,2031,10030,CF,outfield,-8.399999999999999,
Chris Owings,25.0,2017,10030,SS,infield,-5.166666666666667,
Chris Owings,26.0,2018,10030,SS,infield,-5.166666666666667,
Chris Owings,27.0,2019,10030,SS,infield,-5.766666666666667,
Chris Owings,28.0,2020,10030,SS,infield,-6.366666666666667,
Chris Owings,29.0,2021,10030,SS,infield,-6.966666666666667,
Chris Owings,30.0,2022,10030,SS,infield,-7.566666666666666,
Chris Owings,31.0,2023,10030,SS,infield,-8.166666666666668,
Chris Owings,32.0,2024,10030,SS,infield,-9.366666666666667,
Chris Owings,33.0,2025,10030,SS,infield,-10.566666666666666,
Chris Owings,34.0,2026,10030,SS,infield,-11.766666666666667,
Chris Owings,35.0,2027,10030,SS,infield,-12.966666666666669,
Chris Owings,36.0,2028,10030,SS,infield,-14.166666666666668,
Chris Owings,37.0,2029,10030,SS,infield,-15.366666666666667,
Chris Owings,38.0,2030,10030,SS,infield,-16.566666666666666,
Chris Owings,39.0,2031,10030,SS,infield,-17.766666666666666,
Wil Myers,26.0,2017,10047,1B,infield,5.666666666666667,
Wil Myers,27.0,2018,10047,1B,infield,5.066666666666667,
Wil Myers,28.0,2019,10047,1B,infield,4.466666666666667,
Wil Myers,29.0,2020,10047,1B,infield,3.866666666666667,
Wil Myers,30.0,2021,10047,1B,infield,3.266666666666667,
Wil Myers,31.0,2022,10047,1B,infield,2.666666666666667,
Wil Myers,32.0,2023,10047,1B,infield,1.4666666666666668,
Wil Myers,33.0,2024,10047,1B,infield,0.2666666666666666,
Wil Myers,34.0,2025,10047,1B,infield,-0.9333333333333336,
Wil Myers,35.0,2026,10047,1B,infield,-2.1333333333333337,
Wil Myers,36.0,2027,10047,1B,infield,-3.333333333333333,
Wil Myers,37.0,2028,10047,1B,infield,-4.533333333333332,
Wil Myers,38.0,2029,10047,1B,infield,-5.733333333333332,
Wil Myers,39.0,2030,10047,1B,infield,-6.933333333333331,
Wil Myers,40.0,2031,10047,1B,infield,-8.13333333333333,
Wil Myers,25.0,2017,10047,CF,outfield,-23.7,
Wil Myers,26.0,2018,10047,CF,outfield,-23.7,
Wil Myers,27.0,2019,10047,CF,outfield,-24.3,
Wil Myers,28.0,2020,10047,CF,outfield,-24.9,
Wil Myers,29.0,2021,10047,CF,outfield,-25.5,
Wil Myers,30.0,2022,10047,CF,outfield,-26.099999999999998,
Wil Myers,31.0,2023,10047,CF,outfield,-26.7,
Wil Myers,32.0,2024,10047,CF,outfield,-27.9,
Wil Myers,33.0,2025,10047,CF,outfield,-29.1,
Wil Myers,34.0,2026,10047,CF,outfield,-30.3,
Wil Myers,35.0,2027,10047,CF,outfield,-31.5,
Wil Myers,36.0,2028,10047,CF,outfield,-32.7,
Wil Myers,37.0,2029,10047,CF,outfield,-33.9,
Wil Myers,38.0,2030,10047,CF,outfield,-35.099999999999994,
Wil Myers,39.0,2031,10047,CF,outfield,-36.3,
Wil Myers,24.0,2017,10047,RF,outfield,1.6,
Wil Myers,25.0,2018,10047,RF,outfield,1.6,
Wil Myers,26.0,2019,10047,RF,outfield,1.6,
Wil Myers,27.0,2020,10047,RF,outfield,1.0,
Wil Myers,28.0,2021,10047,RF,outfield,0.40000000000000013,
Wil Myers,29.0,2022,10047,RF,outfield,-0.19999999999999973,
Wil Myers,30.0,2023,10047,RF,outfield,-0.7999999999999998,
Wil Myers,31.0,2024,10047,RF,outfield,-1.4,
Wil Myers,32.0,2025,10047,RF,outfield,-2.6,
Wil Myers,33.0,2026,10047,RF,outfield,-3.8000000000000003,
Wil Myers,34.0,2027,10047,RF,outfield,-5.0,
Wil Myers,35.0,2028,10047,RF,outfield,-6.200000000000001,
Wil Myers,36.0,2029,10047,RF,outfield,-7.4,
Wil Myers,37.0,2030,10047,RF,outfield,-8.6,
Wil Myers,38.0,2031,10047,RF,outfield,-9.799999999999999,
Grant Green,29.0,2017,10053,2B,infield,-13.783333333333335,
Grant Green,30.0,2018,10053,2B,infield,-14.383333333333335,
Grant Green,31.0,2019,10053,2B,infield,-14.983333333333334,
Grant Green,32.0,2020,10053,2B,infield,-16.183333333333337,
Grant Green,33.0,2021,10053,2B,infield,-17.383333333333336,
Grant Green,34.0,2022,10053,2B,infield,-18.583333333333336,
Grant Green,35.0,2023,10053,2B,infield,-19.783333333333335,
Grant Green,36.0,2024,10053,2B,infield,-20.983333333333334,
Grant Green,37.0,2025,10053,2B,infield,-22.183333333333337,
Grant Green,38.0,2026,10053,2B,infield,-23.383333333333333,
Grant Green,39.0,2027,10053,2B,infield,-24.583333333333336,
Grant Green,40.0,2028,10053,2B,infield,-25.78333333333333,
Grant Green,41.0,2029,10053,2B,infield,-26.983333333333334,
Grant Green,42.0,2030,10053,2B,infield,-28.18333333333333,
Grant Green,27.0,2017,10053,LF,outfield,-23.200000000000003,
Grant Green,28.0,2018,10053,LF,outfield,-23.8,
Grant Green,29.0,2019,10053,LF,outfield,-24.400000000000002,
Grant Green,30.0,2020,10053,LF,outfield,-25.0,
Grant Green,31.0,2021,10053,LF,outfield,-25.6,
Grant Green,32.0,2022,10053,LF,outfield,-26.8,
Grant Green,33.0,2023,10053,LF,outfield,-28.0,
Grant Green,34.0,2024,10053,LF,outfield,-29.200000000000003,
Grant Green,35.0,2025,10053,LF,outfield,-30.400000000000002,
Grant Green,36.0,2026,10053,LF,outfield,-31.6,
Grant Green,37.0,2027,10053,LF,outfield,-32.8,
Grant Green,38.0,2028,10053,LF,outfield,-34.0,
Grant Green,39.0,2029,10053,LF,outfield,-35.2,
Grant Green,40.0,2030,10053,LF,outfield,-36.4,
Grant Green,41.0,2031,10053,LF,outfield,-37.599999999999994,
Tomas Telis,25.0,2017,10067,C,catcher,,-39.10501145360286
Tomas Telis,26.0,2018,10067,C,catcher,,-39.10501145360286
Tomas Telis,27.0,2019,10067,C,catcher,,-39.705011453602864
Tomas Telis,28.0,2020,10067,C,catcher,,-40.305011453602866
Tomas Telis,29.0,2021,10067,C,catcher,,-40.90501145360286
Tomas Telis,30.0,2022,10067,C,catcher,,-41.50501145360286
Tomas Telis,31.0,2023,10067,C,catcher,,-42.10501145360286
Tomas Telis,32.0,2024,10067,C,catcher,,-43.305011453602866
Tomas Telis,33.0,2025,10067,C,catcher,,-44.50501145360286
Tomas Telis,34.0,2026,10067,C,catcher,,-45.705011453602864
Tomas Telis,35.0,2027,10067,C,catcher,,-46.90501145360287
Tomas Telis,36.0,2028,10067,C,catcher,,-48.10501145360286
Tomas Telis,37.0,2029,10067,C,catcher,,-49.30501145360286
Tomas Telis,38.0,2030,10067,C,catcher,,-50.50501145360286
Tomas Telis,39.0,2031,10067,C,catcher,,-51.705011453602864
Jonathan Villar,26.0,2017,10071,2B,infield,-8.6,
Jonathan Villar,27.0,2018,10071,2B,infield,-9.2,
Jonathan Villar,28.0,2019,10071,2B,infield,-9.799999999999999,
Jonathan Villar,29.0,2020,10071,2B,infield,-10.399999999999999,
Jonathan Villar,30.0,2021,10071,2B,infield,-11.0,
Jonathan Villar,31.0,2022,10071,2B,infield,-11.6,
Jonathan Villar,32.0,2023,10071,2B,infield,-12.8,
Jonathan Villar,33.0,2024,10071,2B,infield,-14.0,
Jonathan Villar,34.0,2025,10071,2B,infield,-15.2,
Jonathan Villar,35.0,2026,10071,2B,infield,-16.4,
Jonathan Villar,36.0,2027,10071,2B,infield,-17.6,
Jonathan Villar,37.0,2028,10071,2B,infield,-18.799999999999997,
Jonathan Villar,38.0,2029,10071,2B,infield,-20.0,
Jonathan Villar,39.0,2030,10071,2B,infield,-21.199999999999996,
Jonathan Villar,40.0,2031,10071,2B,infield,-22.4,
Jonathan Villar,26.0,2017,10071,3B,infield,-29.833333333333332,
Jonathan Villar,27.0,2018,10071,3B,infield,-30.433333333333334,
Jonathan Villar,28.0,2019,10071,3B,infield,-31.03333333333333,
Jonathan Villar,29.0,2020,10071,3B,infield,-31.633333333333333,
Jonathan Villar,30.0,2021,10071,3B,infield,-32.233333333333334,
Jonathan Villar,31.0,2022,10071,3B,infield,-32.83333333333333,
Jonathan Villar,32.0,2023,10071,3B,infield,-34.03333333333333,
Jonathan Villar,33.0,2024,10071,3B,infield,-35.233333333333334,
Jonathan Villar,34.0,2025,10071,3B,infield,-36.43333333333333,
Jonathan Villar,35.0,2026,10071,3B,infield,-37.63333333333333,
Jonathan Villar,36.0,2027,10071,3B,infield,-38.83333333333333,
Jonathan Villar,37.0,2028,10071,3B,infield,-40.03333333333333,
Jonathan Villar,38.0,2029,10071,3B,infield,-41.233333333333334,
Jonathan Villar,39.0,2030,10071,3B,infield,-42.43333333333333,
Jonathan Villar,40.0,2031,10071,3B,infield,-43.633333333333326,
Jonathan Villar,26.0,2017,10071,SS,infield,-21.48333333333333,
Jonathan Villar,27.0,2018,10071,SS,infield,-22.083333333333332,
Jonathan Villar,28.0,2019,10071,SS,infield,-22.68333333333333,
Jonathan Villar,29.0,2020,10071,SS,infield,-23.28333333333333,
Jonathan Villar,30.0,2021,10071,SS,infield,-23.88333333333333,
Jonathan Villar,31.0,2022,10071,SS,infield,-24.48333333333333,
Jonathan Villar,32.0,2023,10071,SS,infield,-25.68333333333333,
Jonathan Villar,33.0,2024,10071,SS,infield,-26.883333333333333,
Jonathan Villar,34.0,2025,10071,SS,infield,-28.083333333333332,
Jonathan Villar,35.0,2026,10071,SS,infield,-29.28333333333333,
Jonathan Villar,36.0,2027,10071,SS,infield,-30.48333333333333,
Jonathan Villar,37.0,2028,10071,SS,infield,-31.68333333333333,
Jonathan Villar,38.0,2029,10071,SS,infield,-32.883333333333326,
Jonathan Villar,39.0,2030,10071,SS,infield,-34.08333333333333,
Jonathan Villar,40.0,2031,10071,SS,infield,-35.28333333333333,
Dustin Ackley,29.0,2017,10099,1B,infield,21.2,
Dustin Ackley,30.0,2018,10099,1B,infield,20.6,
Dustin Ackley,31.0,2019,10099,1B,infield,20.0,
Dustin Ackley,32.0,2020,10099,1B,infield,18.8,
Dustin Ackley,33.0,2021,10099,1B,infield,17.6,
Dustin Ackley,34.0,2022,10099,1B,infield,16.4,
Dustin Ackley,35.0,2023,10099,1B,infield,15.2,
Dustin Ackley,36.0,2024,10099,1B,infield,14.0,
Dustin Ackley,37.0,2025,10099,1B,infield,12.8,
Dustin Ackley,38.0,2026,10099,1B,infield,11.600000000000001,
Dustin Ackley,39.0,2027,10099,1B,infield,10.400000000000002,
Dustin Ackley,40.0,2028,10099,1B,infield,9.200000000000003,
Dustin Ackley,41.0,2029,10099,1B,infield,8.000000000000004,
Dustin Ackley,42.0,2030,10099,1B,infield,6.800000000000004,
Dustin Ackley,28.0,2017,10099,2B,infield,-8.799999999999999,
Dustin Ackley,29.0,2018,10099,2B,infield,-9.399999999999999,
Dustin Ackley,30.0,2019,10099,2B,infield,-10.0,
Dustin Ackley,31.0,2020,10099,2B,infield,-10.6,
Dustin Ackley,32.0,2021,10099,2B,infield,-11.799999999999999,
Dustin Ackley,33.0,2022,10099,2B,infield,-13.0,
Dustin Ackley,34.0,2023,10099,2B,infield,-14.2,
Dustin Ackley,35.0,2024,10099,2B,infield,-15.399999999999999,
Dustin Ackley,36.0,2025,10099,2B,infield,-16.6,
Dustin Ackley,37.0,2026,10099,2B,infield,-17.799999999999997,
Dustin Ackley,38.0,2027,10099,2B,infield,-19.0,
Dustin Ackley,39.0,2028,10099,2B,infield,-20.199999999999996,
Dustin Ackley,40.0,2029,10099,2B,infield,-21.4,
Dustin Ackley,41.0,2030,10099,2B,infield,-22.599999999999994,
Dustin Ackley,42.0,2031,10099,2B,infield,-23.799999999999997,
Dustin Ackley,28.0,2017,10099,CF,outfield,0.20000000000000007,
Dustin Ackley,29.0,2018,10099,CF,outfield,-0.3999999999999999,
Dustin Ackley,30.0,2019,10099,CF,outfield,-0.9999999999999998,
Dustin Ackley,31.0,2020,10099,CF,outfield,-1.5999999999999999,
Dustin Ackley,32.0,2021,10099,CF,outfield,-2.8,
Dustin Ackley,33.0,2022,10099,CF,outfield,-4.0,
Dustin Ackley,34.0,2023,10099,CF,outfield,-5.2,
Dustin Ackley,35.0,2024,10099,CF,outfield,-6.4,
Dustin Ackley,36.0,2025,10099,CF,outfield,-7.6000000000000005,
Dustin Ackley,37.0,2026,10099,CF,outfield,-8.799999999999999,
Dustin Ackley,38.0,2027,10099,CF,outfield,-9.999999999999998,
Dustin Ackley,39.0,2028,10099,CF,outfield,-11.199999999999998,
Dustin Ackley,40.0,2029,10099,CF,outfield,-12.399999999999997,
Dustin Ackley,41.0,2030,10099,CF,outfield,-13.599999999999996,
Dustin Ackley,42.0,2031,10099,CF,outfield,-14.799999999999995,
Dustin Ackley,28.0,2017,10099,LF,outfield,-4.933333333333333,
Dustin Ackley,29.0,2018,10099,LF,outfield,-5.533333333333333,
Dustin Ackley,30.0,2019,10099,LF,outfield,-6.133333333333333,
Dustin Ackley,31.0,2020,10099,LF,outfield,-6.7333333333333325,
Dustin Ackley,32.0,2021,10099,LF,outfield,-7.933333333333333,
Dustin Ackley,33.0,2022,10099,LF,outfield,-9.133333333333333,
Dustin Ackley,34.0,2023,10099,LF,outfield,-10.333333333333332,
Dustin Ackley,35.0,2024,10099,LF,outfield,-11.533333333333333,
Dustin Ackley,36.0,2025,10099,LF,outfield,-12.733333333333334,
Dustin Ackley,37.0,2026,10099,LF,outfield,-13.933333333333334,
Dustin Ackley,38.0,2027,10099,LF,outfield,-15.133333333333333,
Dustin Ackley,39.0,2028,10099,LF,outfield,-16.333333333333332,
Dustin Ackley,40.0,2029,10099,LF,outfield,-17.53333333333333,
Dustin Ackley,41.0,2030,10099,LF,outfield,-18.73333333333333,
Dustin Ackley,42.0,2031,10099,LF,outfield,-19.93333333333333,
Dustin Ackley,29.0,2017,10099,RF,outfield,4.1000000000000005,
Dustin Ackley,30.0,2018,10099,RF,outfield,3.5,
Dustin Ackley,31.0,2019,10099,RF,outfield,2.9000000000000004,
Dustin Ackley,32.0,2020,10099,RF,outfield,1.7000000000000002,
Dustin Ackley,33.0,2021,10099,RF,outfield,0.5,
Dustin Ackley,34.0,2022,10099,RF,outfield,-0.7000000000000002,
Dustin Ackley,35.0,2023,10099,RF,outfield,-1.9000000000000004,
Dustin Ackley,36.0,2024,10099,RF,outfield,-3.1000000000000005,
Dustin Ackley,37.0,2025,10099,RF,outfield,-4.3,
Dustin Ackley,38.0,2026,10099,RF,outfield,-5.499999999999999,
Dustin Ackley,39.0,2027,10099,RF,outfield,-6.699999999999998,
Dustin Ackley,40.0,2028,10099,RF,outfield,-7.899999999999998,
Dustin Ackley,41.0,2029,10099,RF,outfield,-9.099999999999998,
Dustin Ackley,42.0,2030,10099,RF,outfield,-10.299999999999997,
Mike Trout,25.0,2017,10155,CF,outfield,2.2333333333333334,
Mike Trout,26.0,2018,10155,CF,outfield,2.2333333333333334,
Mike Trout,27.0,2019,10155,CF,outfield,1.6333333333333333,
Mike Trout,28.0,2020,10155,CF,outfield,1.0333333333333334,
Mike Trout,29.0,2021,10155,CF,outfield,0.43333333333333357,
Mike Trout,30.0,2022,10155,CF,outfield,-0.16666666666666652,
Mike Trout,31.0,2023,10155,CF,outfield,-0.7666666666666666,
Mike Trout,32.0,2024,10155,CF,outfield,-1.9666666666666668,
Mike Trout,33.0,2025,10155,CF,outfield,-3.166666666666667,
Mike Trout,34.0,2026,10155,CF,outfield,-4.366666666666667,
Mike Trout,35.0,2027,10155,CF,outfield,-5.566666666666667,
Mike Trout,36.0,2028,10155,CF,outfield,-6.766666666666667,
Mike Trout,37.0,2029,10155,CF,outfield,-7.966666666666666,
Mike Trout,38.0,2030,10155,CF,outfield,-9.166666666666664,
Mike Trout,39.0,2031,10155,CF,outfield,-10.366666666666664,
Nick Franklin,26.0,2017,10166,1B,infield,-24.366666666666664,
Nick Franklin,27.0,2018,10166,1B,infield,-24.966666666666665,
Nick Franklin,28.0,2019,10166,1B,infield,-25.566666666666663,
Nick Franklin,29.0,2020,10166,1B,infield,-26.166666666666664,
Nick Franklin,30.0,2021,10166,1B,infield,-26.766666666666662,
Nick Franklin,31.0,2022,10166,1B,infield,-27.366666666666664,
Nick Franklin,32.0,2023,10166,1B,infield,-28.566666666666663,
Nick Franklin,33.0,2024,10166,1B,infield,-29.766666666666666,
Nick Franklin,34.0,2025,10166,1B,infield,-30.966666666666665,
Nick Franklin,35.0,2026,10166,1B,infield,-32.166666666666664,
Nick Franklin,36.0,2027,10166,1B,infield,-33.36666666666666,
Nick Franklin,37.0,2028,10166,1B,infield,-34.56666666666666,
Nick Franklin,38.0,2029,10166,1B,infield,-35.766666666666666,
Nick Franklin,39.0,2030,10166,1B,infield,-36.96666666666666,
Nick Franklin,40.0,2031,10166,1B,infield,-38.16666666666666,
Nick Franklin,26.0,2017,10166,2B,infield,-37.36666666666667,
Nick Franklin,27.0,2018,10166,2B,infield,-37.96666666666667,
Nick Franklin,28.0,2019,10166,2B,infield,-38.56666666666667,
Nick Franklin,29.0,2020,10166,2B,infield,-39.166666666666664,
Nick Franklin,30.0,2021,10166,2B,infield,-39.766666666666666,
Nick Franklin,31.0,2022,10166,2B,infield,-40.36666666666667,
Nick Franklin,32.0,2023,10166,2B,infield,-41.56666666666667,
Nick Franklin,33.0,2024,10166,2B,infield,-42.766666666666666,
Nick Franklin,34.0,2025,10166,2B,infield,-43.96666666666667,
Nick Franklin,35.0,2026,10166,2B,infield,-45.16666666666667,
Nick Franklin,36.0,2027,10166,2B,infield,-46.36666666666667,
Nick Franklin,37.0,2028,10166,2B,infield,-47.56666666666666,
Nick Franklin,38.0,2029,10166,2B,infield,-48.766666666666666,
Nick Franklin,39.0,2030,10166,2B,infield,-49.96666666666667,
Nick Franklin,40.0,2031,10166,2B,infield,-51.166666666666664,
Nick Franklin,26.0,2017,10166,LF,outfield,-22.0,
Nick Franklin,27.0,2018,10166,LF,outfield,-22.6,
Nick Franklin,28.0,2019,10166,LF,outfield,-23.2,
Nick Franklin,29.0,2020,10166,LF,outfield,-23.8,
Nick Franklin,30.0,2021,10166,LF,outfield,-24.4,
Nick Franklin,31.0,2022,10166,LF,outfield,-25.0,
Nick Franklin,32.0,2023,10166,LF,outfield,-26.2,
Nick Franklin,33.0,2024,10166,LF,outfield,-27.4,
Nick Franklin,34.0,2025,10166,LF,outfield,-28.6,
Nick Franklin,35.0,2026,10166,LF,outfield,-29.8,
Nick Franklin,36.0,2027,10166,LF,outfield,-31.0,
Nick Franklin,37.0,2028,10166,LF,outfield,-32.2,
Nick Franklin,38.0,2029,10166,LF,outfield,-33.4,
Nick Franklin,39.0,2030,10166,LF,outfield,-34.599999999999994,
Nick Franklin,40.0,2031,10166,LF,outfield,-35.8,
Nick Franklin,25.0,2017,10166,SS,infield,-25.566666666666663,
Nick Franklin,26.0,2018,10166,SS,infield,-25.566666666666663,
Nick Franklin,27.0,2019,10166,SS,infield,-26.166666666666664,
Nick Franklin,28.0,2020,10166,SS,infield,-26.766666666666662,
Nick Franklin,29.0,2021,10166,SS,infield,-27.366666666666664,
Nick Franklin,30.0,2022,10166,SS,infield,-27.96666666666666,
Nick Franklin,31.0,2023,10166,SS,infield,-28.566666666666663,
Nick Franklin,32.0,2024,10166,SS,infield,-29.766666666666662,
Nick Franklin,33.0,2025,10166,SS,infield,-30.96666666666666,
Nick Franklin,34.0,2026,10166,SS,infield,-32.166666666666664,
Nick Franklin,35.0,2027,10166,SS,infield,-33.36666666666666,
Nick Franklin,36.0,2028,10166,SS,infield,-34.56666666666666,
Nick Franklin,37.0,2029,10166,SS,infield,-35.766666666666666,
Nick Franklin,38.0,2030,10166,SS,infield,-36.96666666666666,
Nick Franklin,39.0,2031,10166,SS,infield,-38.16666666666666,
Billy Hamilton,26.0,2017,10199,CF,outfield,13.166666666666666,
Billy Hamilton,27.0,2018,10199,CF,outfield,12.566666666666666,
Billy Hamilton,28.0,2019,10199,CF,outfield,11.966666666666667,
Billy Hamilton,29.0,2020,10199,CF,outfield,11.366666666666667,
Billy Hamilton,30.0,2021,10199,CF,outfield,10.766666666666666,
Billy Hamilton,31.0,2022,10199,CF,outfield,10.166666666666666,
Billy Hamilton,32.0,2023,10199,CF,outfield,8.966666666666665,
Billy Hamilton,33.0,2024,10199,CF,outfield,7.766666666666666,
Billy Hamilton,34.0,2025,10199,CF,outfield,6.5666666666666655,
Billy Hamilton,35.0,2026,10199,CF,outfield,5.366666666666665,
Billy Hamilton,36.0,2027,10199,CF,outfield,4.166666666666666,
Billy Hamilton,37.0,2028,10199,CF,outfield,2.966666666666667,
Billy Hamilton,38.0,2029,10199,CF,outfield,1.7666666666666675,
Billy Hamilton,39.0,2030,10199,CF,outfield,0.5666666666666682,
Billy Hamilton,40.0,2031,10199,CF,outfield,-0.6333333333333311,
Tucker Barnhart,26.0,2017,10200,C,catcher,,-1.2778507630872042
Tucker Barnhart,27.0,2018,10200,C,catcher,,-1.8778507630872041
Tucker Barnhart,28.0,2019,10200,C,catcher,,-2.477850763087204
Tucker Barnhart,29.0,2020,10200,C,catcher,,-3.077850763087204
Tucker Barnhart,30.0,2021,10200,C,catcher,,-3.6778507630872044
Tucker Barnhart,31.0,2022,10200,C,catcher,,-4.277850763087204
Tucker Barnhart,32.0,2023,10200,C,catcher,,-5.477850763087204
Tucker Barnhart,33.0,2024,10200,C,catcher,,-6.677850763087204
Tucker Barnhart,34.0,2025,10200,C,catcher,,-7.8778507630872046
Tucker Barnhart,35.0,2026,10200,C,catcher,,-9.077850763087206
Tucker Barnhart,36.0,2027,10200,C,catcher,,-10.277850763087205
Tucker Barnhart,37.0,2028,10200,C,catcher,,-11.477850763087204
Tucker Barnhart,38.0,2029,10200,C,catcher,,-12.677850763087203
Tucker Barnhart,39.0,2030,10200,C,catcher,,-13.877850763087203
Tucker Barnhart,40.0,2031,10200,C,catcher,,-15.077850763087202
Jose Iglesias,27.0,2017,10231,SS,infield,8.5,
Jose Iglesias,28.0,2018,10231,SS,infield,7.8999999999999995,
Jose Iglesias,29.0,2019,10231,SS,infield,7.3,
Jose Iglesias,30.0,2020,10231,SS,infield,6.699999999999999,
Jose Iglesias,31.0,2021,10231,SS,infield,6.1,
Jose Iglesias,32.0,2022,10231,SS,infield,4.8999999999999995,
Jose Iglesias,33.0,2023,10231,SS,infield,3.6999999999999993,
Jose Iglesias,34.0,2024,10231,SS,infield,2.499999999999999,
Jose Iglesias,35.0,2025,10231,SS,infield,1.299999999999999,
Jose Iglesias,36.0,2026,10231,SS,infield,0.09999999999999964,
Jose Iglesias,37.0,2027,10231,SS,infield,-1.0999999999999996,
Jose Iglesias,38.0,2028,10231,SS,infield,-2.299999999999999,
Jose Iglesias,39.0,2029,10231,SS,infield,-3.4999999999999982,
Jose Iglesias,40.0,2030,10231,SS,infield,-4.6999999999999975,
Jose Iglesias,41.0,2031,10231,SS,infield,-5.899999999999997,
Randal Grichuk,25.0,2017,10243,CF,outfield,2.2333333333333334,
Randal Grichuk,26.0,2018,10243,CF,outfield,2.2333333333333334,
Randal Grichuk,27.0,2019,10243,CF,outfield,1.6333333333333333,
Randal Grichuk,28.0,2020,10243,CF,outfield,1.0333333333333334,
Randal Grichuk,29.0,2021,10243,CF,outfield,0.43333333333333357,
Randal Grichuk,30.0,2022,10243,CF,outfield,-0.16666666666666652,
Randal Grichuk,31.0,2023,10243,CF,outfield,-0.7666666666666666,
Randal Grichuk,32.0,2024,10243,CF,outfield,-1.9666666666666668,
Randal Grichuk,33.0,2025,10243,CF,outfield,-3.166666666666667,
Randal Grichuk,34.0,2026,10243,CF,outfield,-4.366666666666667,
Randal Grichuk,35.0,2027,10243,CF,outfield,-5.566666666666667,
Randal Grichuk,36.0,2028,10243,CF,outfield,-6.766666666666667,
Randal Grichuk,37.0,2029,10243,CF,outfield,-7.966666666666666,
Randal Grichuk,38.0,2030,10243,CF,outfield,-9.166666666666664,
Randal Grichuk,39.0,2031,10243,CF,outfield,-10.366666666666664,
Randal Grichuk,24.0,2017,10243,LF,outfield,10.2,
Randal Grichuk,25.0,2018,10243,LF,outfield,10.2,
Randal Grichuk,26.0,2019,10243,LF,outfield,10.2,
Randal Grichuk,27.0,2020,10243,LF,outfield,9.6,
Randal Grichuk,28.0,2021,10243,LF,outfield,9.0,
Randal Grichuk,29.0,2022,10243,LF,outfield,8.399999999999999,
Randal Grichuk,30.0,2023,10243,LF,outfield,7.799999999999999,
Randal Grichuk,31.0,2024,10243,LF,outfield,7.199999999999999,
Randal Grichuk,32.0,2025,10243,LF,outfield,5.999999999999999,
Randal Grichuk,33.0,2026,10243,LF,outfield,4.799999999999999,
Randal Grichuk,34.0,2027,10243,LF,outfield,3.5999999999999988,
Randal Grichuk,35.0,2028,10243,LF,outfield,2.3999999999999986,
Randal Grichuk,36.0,2029,10243,LF,outfield,1.1999999999999993,
Randal Grichuk,37.0,2030,10243,LF,outfield,0.0,
Randal Grichuk,38.0,2031,10243,LF,outfield,-1.1999999999999993,
Randal Grichuk,24.0,2017,10243,RF,outfield,-5.866666666666666,
Randal Grichuk,25.0,2018,10243,RF,outfield,-5.866666666666666,
Randal Grichuk,26.0,2019,10243,RF,outfield,-5.866666666666666,
Randal Grichuk,27.0,2020,10243,RF,outfield,-6.466666666666666,
Randal Grichuk,28.0,2021,10243,RF,outfield,-7.066666666666666,
Randal Grichuk,29.0,2022,10243,RF,outfield,-7.666666666666666,
Randal Grichuk,30.0,2023,10243,RF,outfield,-8.266666666666666,
Randal Grichuk,31.0,2024,10243,RF,outfield,-8.866666666666667,
Randal Grichuk,32.0,2025,10243,RF,outfield,-10.066666666666666,
Randal Grichuk,33.0,2026,10243,RF,outfield,-11.266666666666666,
Randal Grichuk,34.0,2027,10243,RF,outfield,-12.466666666666667,
Randal Grichuk,35.0,2028,10243,RF,outfield,-13.666666666666668,
Randal Grichuk,36.0,2029,10243,RF,outfield,-14.866666666666667,
Randal Grichuk,37.0,2030,10243,RF,outfield,-16.066666666666666,
Randal Grichuk,38.0,2031,10243,RF,outfield,-17.266666666666666,
Brandon Belt,29.0,2017,10264,1B,infield,4.833333333333333,
Brandon Belt,30.0,2018,10264,1B,infield,4.2333333333333325,
Brandon Belt,31.0,2019,10264,1B,infield,3.633333333333333,
Brandon Belt,32.0,2020,10264,1B,infield,2.4333333333333327,
Brandon Belt,33.0,2021,10264,1B,infield,1.2333333333333325,
Brandon Belt,34.0,2022,10264,1B,infield,0.03333333333333233,
Brandon Belt,35.0,2023,10264,1B,infield,-1.1666666666666679,
Brandon Belt,36.0,2024,10264,1B,infield,-2.366666666666668,
Brandon Belt,37.0,2025,10264,1B,infield,-3.5666666666666673,
Brandon Belt,38.0,2026,10264,1B,infield,-4.766666666666667,
Brandon Belt,39.0,2027,10264,1B,infield,-5.966666666666666,
Brandon Belt,40.0,2028,10264,1B,infield,-7.166666666666665,
Brandon Belt,41.0,2029,10264,1B,infield,-8.366666666666664,
Brandon Belt,42.0,2030,10264,1B,infield,-9.566666666666663,
Brandon Belt,28.0,2017,10264,LF,outfield,-7.0,
Brandon Belt,29.0,2018,10264,LF,outfield,-7.6000000000000005,
Brandon Belt,30.0,2019,10264,LF,outfield,-8.2,
Brandon Belt,31.0,2020,10264,LF,outfield,-8.8,
Brandon Belt,32.0,2021,10264,LF,outfield,-10.0,
Brandon Belt,33.0,2022,10264,LF,outfield,-11.2,
Brandon Belt,34.0,2023,10264,LF,outfield,-12.4,
Brandon Belt,35.0,2024,10264,LF,outfield,-13.600000000000001,
Brandon Belt,36.0,2025,10264,LF,outfield,-14.8,
Brandon Belt,37.0,2026,10264,LF,outfield,-16.0,
Brandon Belt,38.0,2027,10264,LF,outfield,-17.2,
Brandon Belt,39.0,2028,10264,LF,outfield,-18.4,
Brandon Belt,40.0,2029,10264,LF,outfield,-19.599999999999998,
Brandon Belt,41.0,2030,10264,LF,outfield,-20.799999999999997,
Brandon Belt,42.0,2031,10264,LF,outfield,-21.999999999999996,
Hector Sanchez,27.0,2017,10289,C,catcher,,-27.047907614572946
Hector Sanchez,28.0,2018,10289,C,catcher,,-27.647907614572944
Hector Sanchez,29.0,2019,10289,C,catcher,,-28.247907614572945
Hector Sanchez,30.0,2020,10289,C,catcher,,-28.847907614572943
Hector Sanchez,31.0,2021,10289,C,catcher,,-29.447907614572944
Hector Sanchez,32.0,2022,10289,C,catcher,,-30.647907614572944
Hector Sanchez,33.0,2023,10289,C,catcher,,-31.847907614572946
Hector Sanchez,34.0,2024,10289,C,catcher,,-33.04790761457294
Hector Sanchez,35.0,2025,10289,C,catcher,,-34.247907614572945
Hector Sanchez,36.0,2026,10289,C,catcher,,-35.44790761457294
Hector Sanchez,37.0,2027,10289,C,catcher,,-36.647907614572944
Hector Sanchez,38.0,2028,10289,C,catcher,,-37.84790761457295
Hector Sanchez,39.0,2029,10289,C,catcher,,-39.04790761457294
Hector Sanchez,40.0,2030,10289,C,catcher,,-40.24790761457294
Hector Sanchez,41.0,2031,10289,C,catcher,,-41.44790761457294
Adrian Nieto,25.0,2017,10294,C,catcher,,-49.63235294117647
Adrian Nieto,26.0,2018,10294,C,catcher,,-49.63235294117647
Adrian Nieto,27.0,2019,10294,C,catcher,,-50.23235294117647
Adrian Nieto,28.0,2020,10294,C,catcher,,-50.832352941176474
Adrian Nieto,29.0,2021,10294,C,catcher,,-51.43235294117647
Adrian Nieto,30.0,2022,10294,C,catcher,,-52.03235294117647
Adrian Nieto,31.0,2023,10294,C,catcher,,-52.63235294117647
Adrian Nieto,32.0,2024,10294,C,catcher,,-53.832352941176474
Adrian Nieto,33.0,2025,10294,C,catcher,,-55.03235294117647
Adrian Nieto,34.0,2026,10294,C,catcher,,-56.23235294117647
Adrian Nieto,35.0,2027,10294,C,catcher,,-57.432352941176475
Adrian Nieto,36.0,2028,10294,C,catcher,,-58.63235294117647
Adrian Nieto,37.0,2029,10294,C,catcher,,-59.83235294117647
Adrian Nieto,38.0,2030,10294,C,catcher,,-61.03235294117647
Adrian Nieto,39.0,2031,10294,C,catcher,,-62.23235294117647
Eury Perez,26.0,2017,10299,LF,outfield,2.9,
Eury Perez,27.0,2018,10299,LF,outfield,2.3,
Eury Perez,28.0,2019,10299,LF,outfield,1.7,
Eury Perez,29.0,2020,10299,LF,outfield,1.1,
Eury Perez,30.0,2021,10299,LF,outfield,0.5,
Eury Perez,31.0,2022,10299,LF,outfield,-0.10000000000000009,
Eury Perez,32.0,2023,10299,LF,outfield,-1.3000000000000003,
Eury Perez,33.0,2024,10299,LF,outfield,-2.5000000000000004,
Eury Perez,34.0,2025,10299,LF,outfield,-3.7000000000000006,
Eury Perez,35.0,2026,10299,LF,outfield,-4.9,
Eury Perez,36.0,2027,10299,LF,outfield,-6.1,
Eury Perez,37.0,2028,10299,LF,outfield,-7.299999999999999,
Eury Perez,38.0,2029,10299,LF,outfield,-8.499999999999998,
Eury Perez,39.0,2030,10299,LF,outfield,-9.699999999999998,
Eury Perez,40.0,2031,10299,LF,outfield,-10.899999999999997,
Oswaldo Arcia,26.0,2017,10306,LF,outfield,-12.5,
Oswaldo Arcia,27.0,2018,10306,LF,outfield,-13.1,
Oswaldo Arcia,28.0,2019,10306,LF,outfield,-13.7,
Oswaldo Arcia,29.0,2020,10306,LF,outfield,-14.3,
Oswaldo Arcia,30.0,2021,10306,LF,outfield,-14.9,
Oswaldo Arcia,31.0,2022,10306,LF,outfield,-15.5,
Oswaldo Arcia,32.0,2023,10306,LF,outfield,-16.7,
Oswaldo Arcia,33.0,2024,10306,LF,outfield,-17.9,
Oswaldo Arcia,34.0,2025,10306,LF,outfield,-19.1,
Oswaldo Arcia,35.0,2026,10306,LF,outfield,-20.3,
Oswaldo Arcia,36.0,2027,10306,LF,outfield,-21.5,
Oswaldo Arcia,37.0,2028,10306,LF,outfield,-22.7,
Oswaldo Arcia,38.0,2029,10306,LF,outfield,-23.9,
Oswaldo Arcia,39.0,2030,10306,LF,outfield,-25.099999999999998,
Oswaldo Arcia,40.0,2031,10306,LF,outfield,-26.299999999999997,
Oswaldo Arcia,26.0,2017,10306,RF,outfield,-12.5,
Oswaldo Arcia,27.0,2018,10306,RF,outfield,-13.1,
Oswaldo Arcia,28.0,2019,10306,RF,outfield,-13.7,
Oswaldo Arcia,29.0,2020,10306,RF,outfield,-14.3,
Oswaldo Arcia,30.0,2021,10306,RF,outfield,-14.9,
Oswaldo Arcia,31.0,2022,10306,RF,outfield,-15.5,
Oswaldo Arcia,32.0,2023,10306,RF,outfield,-16.7,
Oswaldo Arcia,33.0,2024,10306,RF,outfield,-17.9,
Oswaldo Arcia,34.0,2025,10306,RF,outfield,-19.1,
Oswaldo Arcia,35.0,2026,10306,RF,outfield,-20.3,
Oswaldo Arcia,36.0,2027,10306,RF,outfield,-21.5,
Oswaldo Arcia,37.0,2028,10306,RF,outfield,-22.7,
Oswaldo Arcia,38.0,2029,10306,RF,outfield,-23.9,
Oswaldo Arcia,39.0,2030,10306,RF,outfield,-25.099999999999998,
Oswaldo Arcia,40.0,2031,10306,RF,outfield,-26.299999999999997,
Danny Santana,26.0,2017,10322,CF,outfield,-5.050000000000001,
Danny Santana,27.0,2018,10322,CF,outfield,-5.65,
Danny Santana,28.0,2019,10322,CF,outfield,-6.250000000000001,
Danny Santana,29.0,2020,10322,CF,outfield,-6.8500000000000005,
Danny Santana,30.0,2021,10322,CF,outfield,-7.450000000000001,
Danny Santana,31.0,2022,10322,CF,outfield,-8.05,
Danny Santana,32.0,2023,10322,CF,outfield,-9.25,
Danny Santana,33.0,2024,10322,CF,outfield,-10.450000000000001,
Danny Santana,34.0,2025,10322,CF,outfield,-11.650000000000002,
Danny Santana,35.0,2026,10322,CF,outfield,-12.850000000000001,
Danny Santana,36.0,2027,10322,CF,outfield,-14.05,
Danny Santana,37.0,2028,10322,CF,outfield,-15.25,
Danny Santana,38.0,2029,10322,CF,outfield,-16.45,
Danny Santana,39.0,2030,10322,CF,outfield,-17.65,
Danny Santana,40.0,2031,10322,CF,outfield,-18.849999999999998,
Danny Santana,26.0,2017,10322,LF,outfield,-13.8,
Danny Santana,27.0,2018,10322,LF,outfield,-14.4,
Danny Santana,28.0,2019,10322,LF,outfield,-15.0,
Danny Santana,29.0,2020,10322,LF,outfield,-15.600000000000001,
Danny Santana,30.0,2021,10322,LF,outfield,-16.2,
Danny Santana,31.0,2022,10322,LF,outfield,-16.8,
Danny Santana,32.0,2023,10322,LF,outfield,-18.0,
Danny Santana,33.0,2024,10322,LF,outfield,-19.200000000000003,
Danny Santana,34.0,2025,10322,LF,outfield,-20.400000000000002,
Danny Santana,35.0,2026,10322,LF,outfield,-21.6,
Danny Santana,36.0,2027,10322,LF,outfield,-22.8,
Danny Santana,37.0,2028,10322,LF,outfield,-24.0,
Danny Santana,38.0,2029,10322,LF,outfield,-25.2,
Danny Santana,39.0,2030,10322,LF,outfield,-26.4,
Danny Santana,40.0,2031,10322,LF,outfield,-27.599999999999998,
Danny Santana,25.0,2017,10322,SS,infield,-9.233333333333333,
Danny Santana,26.0,2018,10322,SS,infield,-9.233333333333333,
Danny Santana,27.0,2019,10322,SS,infield,-9.833333333333332,
Danny Santana,28.0,2020,10322,SS,infield,-10.433333333333332,
Danny Santana,29.0,2021,10322,SS,infield,-11.033333333333331,
Danny Santana,30.0,2022,10322,SS,infield,-11.633333333333333,
Danny Santana,31.0,2023,10322,SS,infield,-12.233333333333333,
Danny Santana,32.0,2024,10322,SS,infield,-13.433333333333334,
Danny Santana,33.0,2025,10322,SS,infield,-14.633333333333333,
Danny Santana,34.0,2026,10322,SS,infield,-15.833333333333332,
Danny Santana,35.0,2027,10322,SS,infield,-17.03333333333333,
Danny Santana,36.0,2028,10322,SS,infield,-18.233333333333334,
Danny Santana,37.0,2029,10322,SS,infield,-19.43333333333333,
Danny Santana,38.0,2030,10322,SS,infield,-20.633333333333333,
Danny Santana,39.0,2031,10322,SS,infield,-21.83333333333333,
Rafael Ortega,26.0,2017,10323,CF,outfield,25.7,
Rafael Ortega,27.0,2018,10323,CF,outfield,25.099999999999998,
Rafael Ortega,28.0,2019,10323,CF,outfield,24.5,
Rafael Ortega,29.0,2020,10323,CF,outfield,23.9,
Rafael Ortega,30.0,2021,10323,CF,outfield,23.3,
Rafael Ortega,31.0,2022,10323,CF,outfield,22.7,
Rafael Ortega,32.0,2023,10323,CF,outfield,21.5,
Rafael Ortega,33.0,2024,10323,CF,outfield,20.299999999999997,
Rafael Ortega,34.0,2025,10323,CF,outfield,19.099999999999998,
Rafael Ortega,35.0,2026,10323,CF,outfield,17.9,
Rafael Ortega,36.0,2027,10323,CF,outfield,16.7,
Rafael Ortega,37.0,2028,10323,CF,outfield,15.5,
Rafael Ortega,38.0,2029,10323,CF,outfield,14.3,
Rafael Ortega,39.0,2030,10323,CF,outfield,13.100000000000001,
Rafael Ortega,40.0,2031,10323,CF,outfield,11.900000000000002,
Rafael Ortega,26.0,2017,10323,LF,outfield,-11.7,
Rafael Ortega,27.0,2018,10323,LF,outfield,-12.299999999999999,
Rafael Ortega,28.0,2019,10323,LF,outfield,-12.899999999999999,
Rafael Ortega,29.0,2020,10323,LF,outfield,-13.5,
Rafael Ortega,30.0,2021,10323,LF,outfield,-14.1,
Rafael Ortega,31.0,2022,10323,LF,outfield,-14.7,
Rafael Ortega,32.0,2023,10323,LF,outfield,-15.899999999999999,
Rafael Ortega,33.0,2024,10323,LF,outfield,-17.1,
Rafael Ortega,34.0,2025,10323,LF,outfield,-18.3,
Rafael Ortega,35.0,2026,10323,LF,outfield,-19.5,
Rafael Ortega,36.0,2027,10323,LF,outfield,-20.7,
Rafael Ortega,37.0,2028,10323,LF,outfield,-21.9,
Rafael Ortega,38.0,2029,10323,LF,outfield,-23.099999999999998,
Rafael Ortega,39.0,2030,10323,LF,outfield,-24.299999999999997,
Rafael Ortega,40.0,2031,10323,LF,outfield,-25.499999999999996,
Marcell Ozuna,26.0,2017,10324,CF,outfield,-1.3833333333333329,
Marcell Ozuna,27.0,2018,10324,CF,outfield,-1.983333333333333,
Marcell Ozuna,28.0,2019,10324,CF,outfield,-2.583333333333333,
Marcell Ozuna,29.0,2020,10324,CF,outfield,-3.1833333333333327,
Marcell Ozuna,30.0,2021,10324,CF,outfield,-3.7833333333333328,
Marcell Ozuna,31.0,2022,10324,CF,outfield,-4.383333333333333,
Marcell Ozuna,32.0,2023,10324,CF,outfield,-5.583333333333333,
Marcell Ozuna,33.0,2024,10324,CF,outfield,-6.783333333333333,
Marcell Ozuna,34.0,2025,10324,CF,outfield,-7.983333333333333,
Marcell Ozuna,35.0,2026,10324,CF,outfield,-9.183333333333334,
Marcell Ozuna,36.0,2027,10324,CF,outfield,-10.383333333333333,
Marcell Ozuna,37.0,2028,10324,CF,outfield,-11.583333333333332,
Marcell Ozuna,38.0,2029,10324,CF,outfield,-12.783333333333331,
Marcell Ozuna,39.0,2030,10324,CF,outfield,-13.98333333333333,
Marcell Ozuna,40.0,2031,10324,CF,outfield,-15.18333333333333,
Marcell Ozuna,26.0,2017,10324,LF,outfield,22.875,
Marcell Ozuna,27.0,2018,10324,LF,outfield,22.275,
Marcell Ozuna,28.0,2019,10324,LF,outfield,21.675,
Marcell Ozuna,29.0,2020,10324,LF,outfield,21.075,
Marcell Ozuna,30.0,2021,10324,LF,outfield,20.475,
Marcell Ozuna,31.0,2022,10324,LF,outfield,19.875,
Marcell Ozuna,32.0,2023,10324,LF,outfield,18.675,
Marcell Ozuna,33.0,2024,10324,LF,outfield,17.475,
Marcell Ozuna,34.0,2025,10324,LF,outfield,16.275,
Marcell Ozuna,35.0,2026,10324,LF,outfield,15.075,
Marcell Ozuna,36.0,2027,10324,LF,outfield,13.875,
Marcell Ozuna,37.0,2028,10324,LF,outfield,12.675,
Marcell Ozuna,38.0,2029,10324,LF,outfield,11.475000000000001,
Marcell Ozuna,39.0,2030,10324,LF,outfield,10.275000000000002,
Marcell Ozuna,40.0,2031,10324,LF,outfield,9.075000000000003,
Marcell Ozuna,26.0,2017,10324,RF,outfield,39.733333333333334,
Marcell Ozuna,27.0,2018,10324,RF,outfield,39.13333333333333,
Marcell Ozuna,28.0,2019,10324,RF,outfield,38.53333333333333,
Marcell Ozuna,29.0,2020,10324,RF,outfield,37.93333333333334,
Marcell Ozuna,30.0,2021,10324,RF,outfield,37.333333333333336,
Marcell Ozuna,31.0,2022,10324,RF,outfield,36.733333333333334,
Marcell Ozuna,32.0,2023,10324,RF,outfield,35.53333333333333,
Marcell Ozuna,33.0,2024,10324,RF,outfield,34.333333333333336,
Marcell Ozuna,34.0,2025,10324,RF,outfield,33.13333333333333,
Marcell Ozuna,35.0,2026,10324,RF,outfield,31.933333333333334,
Marcell Ozuna,36.0,2027,10324,RF,outfield,30.733333333333334,
Marcell Ozuna,37.0,2028,10324,RF,outfield,29.533333333333335,
Marcell Ozuna,38.0,2029,10324,RF,outfield,28.333333333333336,
Marcell Ozuna,39.0,2030,10324,RF,outfield,27.133333333333336,
Marcell Ozuna,40.0,2031,10324,RF,outfield,25.933333333333337,
Ramon Cabrera,27.0,2017,10327,C,catcher,,-7.874864376130199
Ramon Cabrera,28.0,2018,10327,C,catcher,,-8.4748643761302
Ramon Cabrera,29.0,2019,10327,C,catcher,,-9.074864376130199
Ramon Cabrera,30.0,2020,10327,C,catcher,,-9.674864376130198
Ramon Cabrera,31.0,2021,10327,C,catcher,,-10.2748643761302
Ramon Cabrera,32.0,2022,10327,C,catcher,,-11.4748643761302
Ramon Cabrera,33.0,2023,10327,C,catcher,,-12.674864376130198
Ramon Cabrera,34.0,2024,10327,C,catcher,,-13.8748643761302
Ramon Cabrera,35.0,2025,10327,C,catcher,,-15.0748643761302
Ramon Cabrera,36.0,2026,10327,C,catcher,,-16.2748643761302
Ramon Cabrera,37.0,2027,10327,C,catcher,,-17.4748643761302
Ramon Cabrera,38.0,2028,10327,C,catcher,,-18.6748643761302
Ramon Cabrera,39.0,2029,10327,C,catcher,,-19.874864376130198
Ramon Cabrera,40.0,2030,10327,C,catcher,,-21.074864376130197
Ramon Cabrera,41.0,2031,10327,C,catcher,,-22.274864376130196
Rey Fuentes,26.0,2017,10329,RF,outfield,-32.7,
Rey Fuentes,27.0,2018,10329,RF,outfield,-33.300000000000004,
Rey Fuentes,28.0,2019,10329,RF,outfield,-33.900000000000006,
Rey Fuentes,29.0,2020,10329,RF,outfield,-34.5,
Rey Fuentes,30.0,2021,10329,RF,outfield,-35.1,
Rey Fuentes,31.0,2022,10329,RF,outfield,-35.7,
Rey Fuentes,32.0,2023,10329,RF,outfield,-36.900000000000006,
Rey Fuentes,33.0,2024,10329,RF,outfield,-38.1,
Rey Fuentes,34.0,2025,10329,RF,outfield,-39.300000000000004,
Rey Fuentes,35.0,2026,10329,RF,outfield,-40.5,
Rey Fuentes,36.0,2027,10329,RF,outfield,-41.7,
Rey Fuentes,37.0,2028,10329,RF,outfield,-42.900000000000006,
Rey Fuentes,38.0,2029,10329,RF,outfield,-44.1,
Rey Fuentes,39.0,2030,10329,RF,outfield,-45.3,
Rey Fuentes,40.0,2031,10329,RF,outfield,-46.5,
Scooter Gennett,27.0,2017,10339,2B,infield,-9.7,
Scooter Gennett,28.0,2018,10339,2B,infield,-10.299999999999999,
Scooter Gennett,29.0,2019,10339,2B,infield,-10.899999999999999,
Scooter Gennett,30.0,2020,10339,2B,infield,-11.5,
Scooter Gennett,31.0,2021,10339,2B,infield,-12.1,
Scooter Gennett,32.0,2022,10339,2B,infield,-13.3,
Scooter Gennett,33.0,2023,10339,2B,infield,-14.5,
Scooter Gennett,34.0,2024,10339,2B,infield,-15.7,
Scooter Gennett,35.0,2025,10339,2B,infield,-16.9,
Scooter Gennett,36.0,2026,10339,2B,infield,-18.1,
Scooter Gennett,37.0,2027,10339,2B,infield,-19.299999999999997,
Scooter Gennett,38.0,2028,10339,2B,infield,-20.5,
Scooter Gennett,39.0,2029,10339,2B,infield,-21.699999999999996,
Scooter Gennett,40.0,2030,10339,2B,infield,-22.9,
Scooter Gennett,41.0,2031,10339,2B,infield,-24.099999999999994,
John Ryan Murphy,26.0,2017,10346,C,catcher,,-5.392120420186519
John Ryan Murphy,27.0,2018,10346,C,catcher,,-5.992120420186518
John Ryan Murphy,28.0,2019,10346,C,catcher,,-6.592120420186519
John Ryan Murphy,29.0,2020,10346,C,catcher,,-7.1921204201865185
John Ryan Murphy,30.0,2021,10346,C,catcher,,-7.792120420186519
John Ryan Murphy,31.0,2022,10346,C,catcher,,-8.392120420186519
John Ryan Murphy,32.0,2023,10346,C,catcher,,-9.592120420186518
John Ryan Murphy,33.0,2024,10346,C,catcher,,-10.792120420186519
John Ryan Murphy,34.0,2025,10346,C,catcher,,-11.99212042018652
John Ryan Murphy,35.0,2026,10346,C,catcher,,-13.19212042018652
John Ryan Murphy,36.0,2027,10346,C,catcher,,-14.392120420186519
John Ryan Murphy,37.0,2028,10346,C,catcher,,-15.592120420186518
John Ryan Murphy,38.0,2029,10346,C,catcher,,-16.792120420186517
John Ryan Murphy,39.0,2030,10346,C,catcher,,-17.992120420186517
John Ryan Murphy,40.0,2031,10346,C,catcher,,-19.192120420186516
Domingo Santana,23.0,2017,10348,CF,outfield,-16.4,
Domingo Santana,24.0,2018,10348,CF,outfield,-16.4,
Domingo Santana,25.0,2019,10348,CF,outfield,-16.4,
Domingo Santana,26.0,2020,10348,CF,outfield,-16.4,
Domingo Santana,27.0,2021,10348,CF,outfield,-17.0,
Domingo Santana,28.0,2022,10348,CF,outfield,-17.599999999999998,
Domingo Santana,29.0,2023,10348,CF,outfield,-18.2,
Domingo Santana,30.0,2024,10348,CF,outfield,-18.799999999999997,
Domingo Santana,31.0,2025,10348,CF,outfield,-19.4,
Domingo Santana,32.0,2026,10348,CF,outfield,-20.599999999999998,
Domingo Santana,33.0,2027,10348,CF,outfield,-21.799999999999997,
Domingo Santana,34.0,2028,10348,CF,outfield,-23.0,
Domingo Santana,35.0,2029,10348,CF,outfield,-24.2,
Domingo Santana,36.0,2030,10348,CF,outfield,-25.4,
Domingo Santana,37.0,2031,10348,CF,outfield,-26.599999999999998,
Domingo Santana,23.0,2017,10348,LF,outfield,-18.5,
Domingo Santana,24.0,2018,10348,LF,outfield,-18.5,
Domingo Santana,25.0,2019,10348,LF,outfield,-18.5,
Domingo Santana,26.0,2020,10348,LF,outfield,-18.5,
Domingo Santana,27.0,2021,10348,LF,outfield,-19.1,
Domingo Santana,28.0,2022,10348,LF,outfield,-19.7,
Domingo Santana,29.0,2023,10348,LF,outfield,-20.3,
Domingo Santana,30.0,2024,10348,LF,outfield,-20.9,
Domingo Santana,31.0,2025,10348,LF,outfield,-21.5,
Domingo Santana,32.0,2026,10348,LF,outfield,-22.7,
Domingo Santana,33.0,2027,10348,LF,outfield,-23.9,
Domingo Santana,34.0,2028,10348,LF,outfield,-25.1,
Domingo Santana,35.0,2029,10348,LF,outfield,-26.3,
Domingo Santana,36.0,2030,10348,LF,outfield,-27.5,
Domingo Santana,37.0,2031,10348,LF,outfield,-28.7,
Domingo Santana,24.0,2017,10348,RF,outfield,-15.533333333333333,
Domingo Santana,25.0,2018,10348,RF,outfield,-15.533333333333333,
Domingo Santana,26.0,2019,10348,RF,outfield,-15.533333333333333,
Domingo Santana,27.0,2020,10348,RF,outfield,-16.133333333333333,
Domingo Santana,28.0,2021,10348,RF,outfield,-16.733333333333334,
Domingo Santana,29.0,2022,10348,RF,outfield,-17.333333333333332,
Domingo Santana,30.0,2023,10348,RF,outfield,-17.933333333333334,
Domingo Santana,31.0,2024,10348,RF,outfield,-18.53333333333333,
Domingo Santana,32.0,2025,10348,RF,outfield,-19.733333333333334,
Domingo Santana,33.0,2026,10348,RF,outfield,-20.933333333333334,
Domingo Santana,34.0,2027,10348,RF,outfield,-22.133333333333333,
Domingo Santana,35.0,2028,10348,RF,outfield,-23.333333333333336,
Domingo Santana,36.0,2029,10348,RF,outfield,-24.53333333333333,
Domingo Santana,37.0,2030,10348,RF,outfield,-25.733333333333334,
Domingo Santana,38.0,2031,10348,RF,outfield,-26.93333333333333,
Tommy Joseph,25.0,2017,10349,1B,infield,0.6,
Tommy Joseph,26.0,2018,10349,1B,infield,0.6,
Tommy Joseph,27.0,2019,10349,1B,infield,0.0,
Tommy Joseph,28.0,2020,10349,1B,infield,-0.6,
Tommy Joseph,29.0,2021,10349,1B,infield,-1.1999999999999997,
Tommy Joseph,30.0,2022,10349,1B,infield,-1.7999999999999998,
Tommy Joseph,31.0,2023,10349,1B,infield,-2.4,
Tommy Joseph,32.0,2024,10349,1B,infield,-3.6,
Tommy Joseph,33.0,2025,10349,1B,infield,-4.800000000000001,
Tommy Joseph,34.0,2026,10349,1B,infield,-6.000000000000001,
Tommy Joseph,35.0,2027,10349,1B,infield,-7.200000000000001,
Tommy Joseph,36.0,2028,10349,1B,infield,-8.4,
Tommy Joseph,37.0,2029,10349,1B,infield,-9.6,
Tommy Joseph,38.0,2030,10349,1B,infield,-10.799999999999999,
Tommy Joseph,39.0,2031,10349,1B,infield,-11.999999999999998,
Jon Singleton,24.0,2017,10441,1B,infield,-5.233333333333333,
Jon Singleton,25.0,2018,10441,1B,infield,-5.233333333333333,
Jon Singleton,26.0,2019,10441,1B,infield,-5.233333333333333,
Jon Singleton,27.0,2020,10441,1B,infield,-5.833333333333333,
Jon Singleton,28.0,2021,10441,1B,infield,-6.433333333333334,
Jon Singleton,29.0,2022,10441,1B,infield,-7.033333333333333,
Jon Singleton,30.0,2023,10441,1B,infield,-7.633333333333333,
Jon Singleton,31.0,2024,10441,1B,infield,-8.233333333333334,
Jon Singleton,32.0,2025,10441,1B,infield,-9.433333333333334,
Jon Singleton,33.0,2026,10441,1B,infield,-10.633333333333333,
Jon Singleton,34.0,2027,10441,1B,infield,-11.833333333333334,
Jon Singleton,35.0,2028,10441,1B,infield,-13.033333333333335,
Jon Singleton,36.0,2029,10441,1B,infield,-14.233333333333334,
Jon Singleton,37.0,2030,10441,1B,infield,-15.433333333333334,
Jon Singleton,38.0,2031,10441,1B,infield,-16.633333333333333,
Adeiny Hechavarria,28.0,2017,10459,SS,infield,5.583333333333334,
Adeiny Hechavarria,29.0,2018,10459,SS,infield,4.983333333333333,
Adeiny Hechavarria,30.0,2019,10459,SS,infield,4.383333333333334,
Adeiny Hechavarria,31.0,2020,10459,SS,infield,3.7833333333333337,
Adeiny Hechavarria,32.0,2021,10459,SS,infield,2.583333333333334,
Adeiny Hechavarria,33.0,2022,10459,SS,infield,1.3833333333333337,
Adeiny Hechavarria,34.0,2023,10459,SS,infield,0.18333333333333357,
Adeiny Hechavarria,35.0,2024,10459,SS,infield,-1.0166666666666666,
Adeiny Hechavarria,36.0,2025,10459,SS,infield,-2.216666666666667,
Adeiny Hechavarria,37.0,2026,10459,SS,infield,-3.416666666666666,
Adeiny Hechavarria,38.0,2027,10459,SS,infield,-4.616666666666665,
Adeiny Hechavarria,39.0,2028,10459,SS,infield,-5.816666666666665,
Adeiny Hechavarria,40.0,2029,10459,SS,infield,-7.016666666666664,
Adeiny Hechavarria,41.0,2030,10459,SS,infield,-8.216666666666663,
Adeiny Hechavarria,42.0,2031,10459,SS,infield,-9.416666666666663,
Enrique Hernandez,24.0,2017,10472,2B,infield,-4.0,
Enrique Hernandez,25.0,2018,10472,2B,infield,-4.0,
Enrique Hernandez,26.0,2019,10472,2B,infield,-4.0,
Enrique Hernandez,27.0,2020,10472,2B,infield,-4.6,
Enrique Hernandez,28.0,2021,10472,2B,infield,-5.2,
Enrique Hernandez,29.0,2022,10472,2B,infield,-5.8,
Enrique Hernandez,30.0,2023,10472,2B,infield,-6.4,
Enrique Hernandez,31.0,2024,10472,2B,infield,-7.0,
Enrique Hernandez,32.0,2025,10472,2B,infield,-8.2,
Enrique Hernandez,33.0,2026,10472,2B,infield,-9.4,
Enrique Hernandez,34.0,2027,10472,2B,infield,-10.600000000000001,
Enrique Hernandez,35.0,2028,10472,2B,infield,-11.8,
Enrique Hernandez,36.0,2029,10472,2B,infield,-13.0,
Enrique Hernandez,37.0,2030,10472,2B,infield,-14.2,
Enrique Hernandez,38.0,2031,10472,2B,infield,-15.399999999999999,
Enrique Hernandez,25.0,2017,10472,CF,outfield,6.6000000000000005,
Enrique Hernandez,26.0,2018,10472,CF,outfield,6.6000000000000005,
Enrique Hernandez,27.0,2019,10472,CF,outfield,6.000000000000001,
Enrique Hernandez,28.0,2020,10472,CF,outfield,5.4,
Enrique Hernandez,29.0,2021,10472,CF,outfield,4.800000000000001,
Enrique Hernandez,30.0,2022,10472,CF,outfield,4.200000000000001,
Enrique Hernandez,31.0,2023,10472,CF,outfield,3.6000000000000005,
Enrique Hernandez,32.0,2024,10472,CF,outfield,2.4000000000000004,
Enrique Hernandez,33.0,2025,10472,CF,outfield,1.2000000000000002,
Enrique Hernandez,34.0,2026,10472,CF,outfield,0.0,
Enrique Hernandez,35.0,2027,10472,CF,outfield,-1.2000000000000002,
Enrique Hernandez,36.0,2028,10472,CF,outfield,-2.3999999999999995,
Enrique Hernandez,37.0,2029,10472,CF,outfield,-3.5999999999999988,
Enrique Hernandez,38.0,2030,10472,CF,outfield,-4.799999999999998,
Enrique Hernandez,39.0,2031,10472,CF,outfield,-5.999999999999997,
Enrique Hernandez,25.0,2017,10472,LF,outfield,19.183333333333334,
Enrique Hernandez,26.0,2018,10472,LF,outfield,19.183333333333334,
Enrique Hernandez,27.0,2019,10472,LF,outfield,18.583333333333332,
Enrique Hernandez,28.0,2020,10472,LF,outfield,17.983333333333334,
Enrique Hernandez,29.0,2021,10472,LF,outfield,17.383333333333333,
Enrique Hernandez,30.0,2022,10472,LF,outfield,16.783333333333335,
Enrique Hernandez,31.0,2023,10472,LF,outfield,16.183333333333334,
Enrique Hernandez,32.0,2024,10472,LF,outfield,14.983333333333334,
Enrique Hernandez,33.0,2025,10472,LF,outfield,13.783333333333333,
Enrique Hernandez,34.0,2026,10472,LF,outfield,12.583333333333332,
Enrique Hernandez,35.0,2027,10472,LF,outfield,11.383333333333333,
Enrique Hernandez,36.0,2028,10472,LF,outfield,10.183333333333334,
Enrique Hernandez,37.0,2029,10472,LF,outfield,8.983333333333334,
Enrique Hernandez,38.0,2030,10472,LF,outfield,7.783333333333335,
Enrique Hernandez,39.0,2031,10472,LF,outfield,6.583333333333336,
Enrique Hernandez,24.0,2017,10472,SS,infield,12.0,
Enrique Hernandez,25.0,2018,10472,SS,infield,12.0,
Enrique Hernandez,26.0,2019,10472,SS,infield,12.0,
Enrique Hernandez,27.0,2020,10472,SS,infield,11.4,
Enrique Hernandez,28.0,2021,10472,SS,infield,10.8,
Enrique Hernandez,29.0,2022,10472,SS,infield,10.2,
Enrique Hernandez,30.0,2023,10472,SS,infield,9.6,
Enrique Hernandez,31.0,2024,10472,SS,infield,9.0,
Enrique Hernandez,32.0,2025,10472,SS,infield,7.8,
Enrique Hernandez,33.0,2026,10472,SS,infield,6.6,
Enrique Hernandez,34.0,2027,10472,SS,infield,5.3999999999999995,
Enrique Hernandez,35.0,2028,10472,SS,infield,4.199999999999999,
Enrique Hernandez,36.0,2029,10472,SS,infield,3.0,
Enrique Hernandez,37.0,2030,10472,SS,infield,1.8000000000000007,
Enrique Hernandez,38.0,2031,10472,SS,infield,0.6000000000000014,
Cheslor Cuthbert,24.0,2017,10473,3B,infield,2.5999999999999996,
Cheslor Cuthbert,25.0,2018,10473,3B,infield,2.5999999999999996,
Cheslor Cuthbert,26.0,2019,10473,3B,infield,2.5999999999999996,
Cheslor Cuthbert,27.0,2020,10473,3B,infield,1.9999999999999996,
Cheslor Cuthbert,28.0,2021,10473,3B,infield,1.3999999999999997,
Cheslor Cuthbert,29.0,2022,10473,3B,infield,0.7999999999999998,
Cheslor Cuthbert,30.0,2023,10473,3B,infield,0.19999999999999973,
Cheslor Cuthbert,31.0,2024,10473,3B,infield,-0.40000000000000036,
Cheslor Cuthbert,32.0,2025,10473,3B,infield,-1.6000000000000005,
Cheslor Cuthbert,33.0,2026,10473,3B,infield,-2.8000000000000007,
Cheslor Cuthbert,34.0,2027,10473,3B,infield,-4.000000000000001,
Cheslor Cuthbert,35.0,2028,10473,3B,infield,-5.200000000000001,
Cheslor Cuthbert,36.0,2029,10473,3B,infield,-6.4,
Cheslor Cuthbert,37.0,2030,10473,3B,infield,-7.6,
Cheslor Cuthbert,38.0,2031,10473,3B,infield,-8.799999999999999,
Derek Dietrich,27.0,2017,10542,1B,infield,12.1,
Derek Dietrich,28.0,2018,10542,1B,infield,11.5,
Derek Dietrich,29.0,2019,10542,1B,infield,10.899999999999999,
Derek Dietrich,30.0,2020,10542,1B,infield,10.299999999999999,
Derek Dietrich,31.0,2021,10542,1B,infield,9.7,
Derek Dietrich,32.0,2022,10542,1B,infield,8.5,
Derek Dietrich,33.0,2023,10542,1B,infield,7.299999999999999,
Derek Dietrich,34.0,2024,10542,1B,infield,6.099999999999999,
Derek Dietrich,35.0,2025,10542,1B,infield,4.899999999999999,
Derek Dietrich,36.0,2026,10542,1B,infield,3.6999999999999993,
Derek Dietrich,37.0,2027,10542,1B,infield,2.5,
Derek Dietrich,38.0,2028,10542,1B,infield,1.3000000000000007,
Derek Dietrich,39.0,2029,10542,1B,infield,0.10000000000000142,
Derek Dietrich,40.0,2030,10542,1B,infield,-1.0999999999999979,
Derek Dietrich,41.0,2031,10542,1B,infield,-2.299999999999997,
Derek Dietrich,27.0,2017,10542,2B,infield,-3.6000000000000005,
Derek Dietrich,28.0,2018,10542,2B,infield,-4.2,
Derek Dietrich,29.0,2019,10542,2B,infield,-4.800000000000001,
Derek Dietrich,30.0,2020,10542,2B,infield,-5.4,
Derek Dietrich,31.0,2021,10542,2B,infield,-6.0,
Derek Dietrich,32.0,2022,10542,2B,infield,-7.200000000000001,
Derek Dietrich,33.0,2023,10542,2B,infield,-8.4,
Derek Dietrich,34.0,2024,10542,2B,infield,-9.600000000000001,
Derek Dietrich,35.0,2025,10542,2B,infield,-10.8,
Derek Dietrich,36.0,2026,10542,2B,infield,-12.0,
Derek Dietrich,37.0,2027,10542,2B,infield,-13.2,
Derek Dietrich,38.0,2028,10542,2B,infield,-14.399999999999999,
Derek Dietrich,39.0,2029,10542,2B,infield,-15.599999999999998,
Derek Dietrich,40.0,2030,10542,2B,infield,-16.799999999999997,
Derek Dietrich,41.0,2031,10542,2B,infield,-17.999999999999996,
Derek Dietrich,27.0,2017,10542,3B,infield,6.466666666666667,
Derek Dietrich,28.0,2018,10542,3B,infield,5.866666666666666,
Derek Dietrich,29.0,2019,10542,3B,infield,5.266666666666667,
Derek Dietrich,30.0,2020,10542,3B,infield,4.666666666666666,
Derek Dietrich,31.0,2021,10542,3B,infield,4.066666666666666,
Derek Dietrich,32.0,2022,10542,3B,infield,2.8666666666666663,
Derek Dietrich,33.0,2023,10542,3B,infield,1.666666666666666,
Derek Dietrich,34.0,2024,10542,3B,infield,0.4666666666666659,
Derek Dietrich,35.0,2025,10542,3B,infield,-0.7333333333333343,
Derek Dietrich,36.0,2026,10542,3B,infield,-1.9333333333333336,
Derek Dietrich,37.0,2027,10542,3B,infield,-3.133333333333333,
Derek Dietrich,38.0,2028,10542,3B,infield,-4.333333333333332,
Derek Dietrich,39.0,2029,10542,3B,infield,-5.533333333333331,
Derek Dietrich,40.0,2030,10542,3B,infield,-6.733333333333331,
Derek Dietrich,41.0,2031,10542,3B,infield,-7.93333333333333,
Derek Dietrich,26.0,2017,10542,LF,outfield,-23.8,
Derek Dietrich,27.0,2018,10542,LF,outfield,-24.400000000000002,
Derek Dietrich,28.0,2019,10542,LF,outfield,-25.0,
Derek Dietrich,29.0,2020,10542,LF,outfield,-25.6,
Derek Dietrich,30.0,2021,10542,LF,outfield,-26.2,
Derek Dietrich,31.0,2022,10542,LF,outfield,-26.8,
Derek Dietrich,32.0,2023,10542,LF,outfield,-28.0,
Derek Dietrich,33.0,2024,10542,LF,outfield,-29.200000000000003,
Derek Dietrich,34.0,2025,10542,LF,outfield,-30.400000000000002,
Derek Dietrich,35.0,2026,10542,LF,outfield,-31.6,
Derek Dietrich,36.0,2027,10542,LF,outfield,-32.8,
Derek Dietrich,37.0,2028,10542,LF,outfield,-34.0,
Derek Dietrich,38.0,2029,10542,LF,outfield,-35.2,
Derek Dietrich,39.0,2030,10542,LF,outfield,-36.4,
Derek Dietrich,40.0,2031,10542,LF,outfield,-37.599999999999994,
Cesar Hernandez,27.0,2017,10556,2B,infield,1.9333333333333336,
Cesar Hernandez,28.0,2018,10556,2B,infield,1.3333333333333337,
Cesar Hernandez,29.0,2019,10556,2B,infield,0.7333333333333338,
Cesar Hernandez,30.0,2020,10556,2B,infield,0.13333333333333375,
Cesar Hernandez,31.0,2021,10556,2B,infield,-0.46666666666666634,
Cesar Hernandez,32.0,2022,10556,2B,infield,-1.6666666666666665,
Cesar Hernandez,33.0,2023,10556,2B,infield,-2.8666666666666667,
Cesar Hernandez,34.0,2024,10556,2B,infield,-4.066666666666666,
Cesar Hernandez,35.0,2025,10556,2B,infield,-5.2666666666666675,
Cesar Hernandez,36.0,2026,10556,2B,infield,-6.466666666666667,
Cesar Hernandez,37.0,2027,10556,2B,infield,-7.666666666666666,
Cesar Hernandez,38.0,2028,10556,2B,infield,-8.866666666666665,
Cesar Hernandez,39.0,2029,10556,2B,infield,-10.066666666666665,
Cesar Hernandez,40.0,2030,10556,2B,infield,-11.266666666666664,
Cesar Hernandez,41.0,2031,10556,2B,infield,-12.466666666666663,
Cesar Hernandez,26.0,2017,10556,3B,infield,5.633333333333333,
Cesar Hernandez,27.0,2018,10556,3B,infield,5.033333333333333,
Cesar Hernandez,28.0,2019,10556,3B,infield,4.433333333333333,
Cesar Hernandez,29.0,2020,10556,3B,infield,3.833333333333333,
Cesar Hernandez,30.0,2021,10556,3B,infield,3.233333333333333,
Cesar Hernandez,31.0,2022,10556,3B,infield,2.633333333333333,
Cesar Hernandez,32.0,2023,10556,3B,infield,1.4333333333333327,
Cesar Hernandez,33.0,2024,10556,3B,infield,0.2333333333333325,
Cesar Hernandez,34.0,2025,10556,3B,infield,-0.9666666666666677,
Cesar Hernandez,35.0,2026,10556,3B,infield,-2.166666666666668,
Cesar Hernandez,36.0,2027,10556,3B,infield,-3.366666666666667,
Cesar Hernandez,37.0,2028,10556,3B,infield,-4.566666666666666,
Cesar Hernandez,38.0,2029,10556,3B,infield,-5.766666666666666,
Cesar Hernandez,39.0,2030,10556,3B,infield,-6.966666666666665,
Cesar Hernandez,40.0,2031,10556,3B,infield,-8.166666666666664,
Cesar Hernandez,26.0,2017,10556,SS,infield,6.4,
Cesar Hernandez,27.0,2018,10556,SS,infield,5.800000000000001,
Cesar Hernandez,28.0,2019,10556,SS,infield,5.2,
Cesar Hernandez,29.0,2020,10556,SS,infield,4.6000000000000005,
Cesar Hernandez,30.0,2021,10556,SS,infield,4.0,
Cesar Hernandez,31.0,2022,10556,SS,infield,3.4000000000000004,
Cesar Hernandez,32.0,2023,10556,SS,infield,2.2,
Cesar Hernandez,33.0,2024,10556,SS,infield,1.0,
Cesar Hernandez,34.0,2025,10556,SS,infield,-0.20000000000000018,
Cesar Hernandez,35.0,2026,10556,SS,infield,-1.4000000000000004,
Cesar Hernandez,36.0,2027,10556,SS,infield,-2.5999999999999996,
Cesar Hernandez,37.0,2028,10556,SS,infield,-3.799999999999999,
Cesar Hernandez,38.0,2029,10556,SS,infield,-4.999999999999998,
Cesar Hernandez,39.0,2030,10556,SS,infield,-6.1999999999999975,
Cesar Hernandez,40.0,2031,10556,SS,infield,-7.399999999999997,
Joey Terdoslavich,27.0,2017,10593,1B,infield,17.9,
Joey Terdoslavich,28.0,2018,10593,1B,infield,17.3,
Joey Terdoslavich,29.0,2019,10593,1B,infield,16.7,
Joey Terdoslavich,30.0,2020,10593,1B,infield,16.1,
Joey Terdoslavich,31.0,2021,10593,1B,infield,15.5,
Joey Terdoslavich,32.0,2022,10593,1B,infield,14.3,
Joey Terdoslavich,33.0,2023,10593,1B,infield,13.1,
Joey Terdoslavich,34.0,2024,10593,1B,infield,11.899999999999999,
Joey Terdoslavich,35.0,2025,10593,1B,infield,10.7,
Joey Terdoslavich,36.0,2026,10593,1B,infield,9.5,
Joey Terdoslavich,37.0,2027,10593,1B,infield,8.3,
Joey Terdoslavich,38.0,2028,10593,1B,infield,7.100000000000001,
Joey Terdoslavich,39.0,2029,10593,1B,infield,5.900000000000002,
Joey Terdoslavich,40.0,2030,10593,1B,infield,4.700000000000003,
Joey Terdoslavich,41.0,2031,10593,1B,infield,3.5000000000000036,
Bryce Brentz,28.0,2017,10607,LF,outfield,-15.4,
Bryce Brentz,29.0,2018,10607,LF,outfield,-16.0,
Bryce Brentz,30.0,2019,10607,LF,outfield,-16.6,
Bryce Brentz,31.0,2020,10607,LF,outfield,-17.2,
Bryce Brentz,32.0,2021,10607,LF,outfield,-18.4,
Bryce Brentz,33.0,2022,10607,LF,outfield,-19.6,
Bryce Brentz,34.0,2023,10607,LF,outfield,-20.8,
Bryce Brentz,35.0,2024,10607,LF,outfield,-22.0,
Bryce Brentz,36.0,2025,10607,LF,outfield,-23.200000000000003,
Bryce Brentz,37.0,2026,10607,LF,outfield,-24.4,
Bryce Brentz,38.0,2027,10607,LF,outfield,-25.6,
Bryce Brentz,39.0,2028,10607,LF,outfield,-26.799999999999997,
Bryce Brentz,40.0,2029,10607,LF,outfield,-28.0,
Bryce Brentz,41.0,2030,10607,LF,outfield,-29.199999999999996,
Bryce Brentz,42.0,2031,10607,LF,outfield,-30.4,
Carlos Perez,26.0,2017,10642,C,catcher,,13.430831219221012
Carlos Perez,27.0,2018,10642,C,catcher,,12.830831219221013
Carlos Perez,28.0,2019,10642,C,catcher,,12.230831219221013
Carlos Perez,29.0,2020,10642,C,catcher,,11.630831219221012
Carlos Perez,30.0,2021,10642,C,catcher,,11.030831219221012
Carlos Perez,31.0,2022,10642,C,catcher,,10.430831219221012
Carlos Perez,32.0,2023,10642,C,catcher,,9.230831219221013
Carlos Perez,33.0,2024,10642,C,catcher,,8.030831219221012
Carlos Perez,34.0,2025,10642,C,catcher,,6.830831219221012
Carlos Perez,35.0,2026,10642,C,catcher,,5.630831219221012
Carlos Perez,36.0,2027,10642,C,catcher,,4.430831219221012
Carlos Perez,37.0,2028,10642,C,catcher,,3.230831219221013
Carlos Perez,38.0,2029,10642,C,catcher,,2.030831219221014
Carlos Perez,39.0,2030,10642,C,catcher,,0.8308312192210145
Carlos Perez,40.0,2031,10642,C,catcher,,-0.36916878077898474
Rob Brantly,26.0,2017,10655,C,catcher,,-31.03448275862069
Rob Brantly,27.0,2018,10655,C,catcher,,-31.634482758620692
Rob Brantly,28.0,2019,10655,C,catcher,,-32.23448275862069
Rob Brantly,29.0,2020,10655,C,catcher,,-32.83448275862069
Rob Brantly,30.0,2021,10655,C,catcher,,-33.43448275862069
Rob Brantly,31.0,2022,10655,C,catcher,,-34.03448275862069
Rob Brantly,32.0,2023,10655,C,catcher,,-35.23448275862069
Rob Brantly,33.0,2024,10655,C,catcher,,-36.43448275862069
Rob Brantly,34.0,2025,10655,C,catcher,,-37.63448275862069
Rob Brantly,35.0,2026,10655,C,catcher,,-38.834482758620695
Rob Brantly,36.0,2027,10655,C,catcher,,-40.03448275862069
Rob Brantly,37.0,2028,10655,C,catcher,,-41.234482758620686
Rob Brantly,38.0,2029,10655,C,catcher,,-42.43448275862069
Rob Brantly,39.0,2030,10655,C,catcher,,-43.63448275862069
Rob Brantly,40.0,2031,10655,C,catcher,,-44.83448275862069
Gio Urshela,24.0,2017,10681,3B,infield,8.6,
Gio Urshela,25.0,2018,10681,3B,infield,8.6,
Gio Urshela,26.0,2019,10681,3B,infield,8.6,
Gio Urshela,27.0,2020,10681,3B,infield,8.0,
Gio Urshela,28.0,2021,10681,3B,infield,7.3999999999999995,
Gio Urshela,29.0,2022,10681,3B,infield,6.8,
Gio Urshela,30.0,2023,10681,3B,infield,6.199999999999999,
Gio Urshela,31.0,2024,10681,3B,infield,5.6,
Gio Urshela,32.0,2025,10681,3B,infield,4.3999999999999995,
Gio Urshela,33.0,2026,10681,3B,infield,3.1999999999999993,
Gio Urshela,34.0,2027,10681,3B,infield,1.9999999999999991,
Gio Urshela,35.0,2028,10681,3B,infield,0.7999999999999989,
Gio Urshela,36.0,2029,10681,3B,infield,-0.40000000000000036,
Gio Urshela,37.0,2030,10681,3B,infield,-1.5999999999999996,
Gio Urshela,38.0,2031,10681,3B,infield,-2.799999999999999,
Mike Olt,26.0,2017,10698,1B,infield,8.1,
Mike Olt,27.0,2018,10698,1B,infield,7.5,
Mike Olt,28.0,2019,10698,1B,infield,6.8999999999999995,
Mike Olt,29.0,2020,10698,1B,infield,6.3,
Mike Olt,30.0,2021,10698,1B,infield,5.699999999999999,
Mike Olt,31.0,2022,10698,1B,infield,5.1,
Mike Olt,32.0,2023,10698,1B,infield,3.8999999999999995,
Mike Olt,33.0,2024,10698,1B,infield,2.6999999999999993,
Mike Olt,34.0,2025,10698,1B,infield,1.4999999999999991,
Mike Olt,35.0,2026,10698,1B,infield,0.29999999999999893,
Mike Olt,36.0,2027,10698,1B,infield,-0.9000000000000004,
Mike Olt,37.0,2028,10698,1B,infield,-2.0999999999999996,
Mike Olt,38.0,2029,10698,1B,infield,-3.299999999999999,
Mike Olt,39.0,2030,10698,1B,infield,-4.499999999999998,
Mike Olt,40.0,2031,10698,1B,infield,-5.6999999999999975,
Mike Olt,27.0,2017,10698,3B,infield,-14.466666666666667,
Mike Olt,28.0,2018,10698,3B,infield,-15.066666666666666,
Mike Olt,29.0,2019,10698,3B,infield,-15.666666666666668,
Mike Olt,30.0,2020,10698,3B,infield,-16.266666666666666,
Mike Olt,31.0,2021,10698,3B,infield,-16.866666666666667,
Mike Olt,32.0,2022,10698,3B,infield,-18.066666666666666,
Mike Olt,33.0,2023,10698,3B,infield,-19.266666666666666,
Mike Olt,34.0,2024,10698,3B,infield,-20.46666666666667,
Mike Olt,35.0,2025,10698,3B,infield,-21.666666666666668,
Mike Olt,36.0,2026,10698,3B,infield,-22.866666666666667,
Mike Olt,37.0,2027,10698,3B,infield,-24.066666666666666,
Mike Olt,38.0,2028,10698,3B,infield,-25.266666666666666,
Mike Olt,39.0,2029,10698,3B,infield,-26.466666666666665,
Mike Olt,40.0,2030,10698,3B,infield,-27.666666666666664,
Mike Olt,41.0,2031,10698,3B,infield,-28.866666666666664,
Ryan LaMarre,27.0,2017,10700,CF,outfield,26.7,
Ryan LaMarre,28.0,2018,10700,CF,outfield,26.1,
Ryan LaMarre,29.0,2019,10700,CF,outfield,25.5,
Ryan LaMarre,30.0,2020,10700,CF,outfield,24.900000000000002,
Ryan LaMarre,31.0,2021,10700,CF,outfield,24.3,
Ryan LaMarre,32.0,2022,10700,CF,outfield,23.1,
Ryan LaMarre,33.0,2023,10700,CF,outfield,21.9,
Ryan LaMarre,34.0,2024,10700,CF,outfield,20.7,
Ryan LaMarre,35.0,2025,10700,CF,outfield,19.5,
Ryan LaMarre,36.0,2026,10700,CF,outfield,18.3,
Ryan LaMarre,37.0,2027,10700,CF,outfield,17.1,
Ryan LaMarre,38.0,2028,10700,CF,outfield,15.900000000000002,
Ryan LaMarre,39.0,2029,10700,CF,outfield,14.700000000000003,
Ryan LaMarre,40.0,2030,10700,CF,outfield,13.500000000000004,
Ryan LaMarre,41.0,2031,10700,CF,outfield,12.300000000000004,
Arismendy Alcantara,24.0,2017,10711,2B,infield,-4.533333333333334,
Arismendy Alcantara,25.0,2018,10711,2B,infield,-4.533333333333334,
Arismendy Alcantara,26.0,2019,10711,2B,infield,-4.533333333333334,
Arismendy Alcantara,27.0,2020,10711,2B,infield,-5.133333333333334,
Arismendy Alcantara,28.0,2021,10711,2B,infield,-5.733333333333334,
Arismendy Alcantara,29.0,2022,10711,2B,infield,-6.333333333333334,
Arismendy Alcantara,30.0,2023,10711,2B,infield,-6.933333333333334,
Arismendy Alcantara,31.0,2024,10711,2B,infield,-7.533333333333334,
Arismendy Alcantara,32.0,2025,10711,2B,infield,-8.733333333333334,
Arismendy Alcantara,33.0,2026,10711,2B,infield,-9.933333333333334,
Arismendy Alcantara,34.0,2027,10711,2B,infield,-11.133333333333335,
Arismendy Alcantara,35.0,2028,10711,2B,infield,-12.333333333333336,
Arismendy Alcantara,36.0,2029,10711,2B,infield,-13.533333333333335,
Arismendy Alcantara,37.0,2030,10711,2B,infield,-14.733333333333334,
Arismendy Alcantara,38.0,2031,10711,2B,infield,-15.933333333333334,
Arismendy Alcantara,23.0,2017,10711,CF,outfield,1.0,
Arismendy Alcantara,24.0,2018,10711,CF,outfield,1.0,
Arismendy Alcantara,25.0,2019,10711,CF,outfield,1.0,
Arismendy Alcantara,26.0,2020,10711,CF,outfield,1.0,
Arismendy Alcantara,27.0,2021,10711,CF,outfield,0.4,
Arismendy Alcantara,28.0,2022,10711,CF,outfield,-0.19999999999999996,
Arismendy Alcantara,29.0,2023,10711,CF,outfield,-0.7999999999999998,
Arismendy Alcantara,30.0,2024,10711,CF,outfield,-1.4,
Arismendy Alcantara,31.0,2025,10711,CF,outfield,-2.0,
Arismendy Alcantara,32.0,2026,10711,CF,outfield,-3.2,
Arismendy Alcantara,33.0,2027,10711,CF,outfield,-4.4,
Arismendy Alcantara,34.0,2028,10711,CF,outfield,-5.6000000000000005,
Arismendy Alcantara,35.0,2029,10711,CF,outfield,-6.800000000000001,
Arismendy Alcantara,36.0,2030,10711,CF,outfield,-8.0,
Arismendy Alcantara,37.0,2031,10711,CF,outfield,-9.2,
Corey Dickerson,26.0,2017,10762,CF,outfield,21.6,
Corey Dickerson,27.0,2018,10762,CF,outfield,21.0,
Corey Dickerson,28.0,2019,10762,CF,outfield,20.400000000000002,
Corey Dickerson,29.0,2020,10762,CF,outfield,19.8,
Corey Dickerson,30.0,2021,10762,CF,outfield,19.200000000000003,
Corey Dickerson,31.0,2022,10762,CF,outfield,18.6,
Corey Dickerson,32.0,2023,10762,CF,outfield,17.400000000000002,
Corey Dickerson,33.0,2024,10762,CF,outfield,16.200000000000003,
Corey Dickerson,34.0,2025,10762,CF,outfield,15.0,
Corey Dickerson,35.0,2026,10762,CF,outfield,13.8,
Corey Dickerson,36.0,2027,10762,CF,outfield,12.600000000000001,
Corey Dickerson,37.0,2028,10762,CF,outfield,11.400000000000002,
Corey Dickerson,38.0,2029,10762,CF,outfield,10.200000000000003,
Corey Dickerson,39.0,2030,10762,CF,outfield,9.000000000000004,
Corey Dickerson,40.0,2031,10762,CF,outfield,7.800000000000004,
Corey Dickerson,28.0,2017,10762,LF,outfield,-2.6499999999999995,
Corey Dickerson,29.0,2018,10762,LF,outfield,-3.249999999999999,
Corey Dickerson,30.0,2019,10762,LF,outfield,-3.849999999999999,
Corey Dickerson,31.0,2020,10762,LF,outfield,-4.449999999999999,
Corey Dickerson,32.0,2021,10762,LF,outfield,-5.649999999999999,
Corey Dickerson,33.0,2022,10762,LF,outfield,-6.85,
Corey Dickerson,34.0,2023,10762,LF,outfield,-8.049999999999999,
Corey Dickerson,35.0,2024,10762,LF,outfield,-9.25,
Corey Dickerson,36.0,2025,10762,LF,outfield,-10.45,
Corey Dickerson,37.0,2026,10762,LF,outfield,-11.649999999999999,
Corey Dickerson,38.0,2027,10762,LF,outfield,-12.849999999999998,
Corey Dickerson,39.0,2028,10762,LF,outfield,-14.049999999999997,
Corey Dickerson,40.0,2029,10762,LF,outfield,-15.249999999999996,
Corey Dickerson,41.0,2030,10762,LF,outfield,-16.449999999999996,
Corey Dickerson,42.0,2031,10762,LF,outfield,-17.649999999999995,
Tyler Saladino,27.0,2017,10807,2B,infield,7.1000000000000005,
Tyler Saladino,28.0,2018,10807,2B,infield,6.5,
Tyler Saladino,29.0,2019,10807,2B,infield,5.9,
Tyler Saladino,30.0,2020,10807,2B,infield,5.300000000000001,
Tyler Saladino,31.0,2021,10807,2B,infield,4.7,
Tyler Saladino,32.0,2022,10807,2B,infield,3.5,
Tyler Saladino,33.0,2023,10807,2B,infield,2.3,
Tyler Saladino,34.0,2024,10807,2B,infield,1.0999999999999996,
Tyler Saladino,35.0,2025,10807,2B,infield,-0.10000000000000053,
Tyler Saladino,36.0,2026,10807,2B,infield,-1.2999999999999998,
Tyler Saladino,37.0,2027,10807,2B,infield,-2.499999999999999,
Tyler Saladino,38.0,2028,10807,2B,infield,-3.6999999999999984,
Tyler Saladino,39.0,2029,10807,2B,infield,-4.899999999999998,
Tyler Saladino,40.0,2030,10807,2B,infield,-6.099999999999997,
Tyler Saladino,41.0,2031,10807,2B,infield,-7.299999999999996,
Tyler Saladino,27.0,2017,10807,3B,infield,0.7999999999999997,
Tyler Saladino,28.0,2018,10807,3B,infield,0.19999999999999973,
Tyler Saladino,29.0,2019,10807,3B,infield,-0.40000000000000013,
Tyler Saladino,30.0,2020,10807,3B,infield,-1.0000000000000002,
Tyler Saladino,31.0,2021,10807,3B,infield,-1.6000000000000003,
Tyler Saladino,32.0,2022,10807,3B,infield,-2.8000000000000007,
Tyler Saladino,33.0,2023,10807,3B,infield,-4.000000000000001,
Tyler Saladino,34.0,2024,10807,3B,infield,-5.200000000000001,
Tyler Saladino,35.0,2025,10807,3B,infield,-6.400000000000001,
Tyler Saladino,36.0,2026,10807,3B,infield,-7.6000000000000005,
Tyler Saladino,37.0,2027,10807,3B,infield,-8.799999999999999,
Tyler Saladino,38.0,2028,10807,3B,infield,-9.999999999999998,
Tyler Saladino,39.0,2029,10807,3B,infield,-11.199999999999998,
Tyler Saladino,40.0,2030,10807,3B,infield,-12.399999999999997,
Tyler Saladino,41.0,2031,10807,3B,infield,-13.599999999999996,
Tyler Saladino,27.0,2017,10807,SS,infield,-12.366666666666665,
Tyler Saladino,28.0,2018,10807,SS,infield,-12.966666666666665,
Tyler Saladino,29.0,2019,10807,SS,infield,-13.566666666666666,
Tyler Saladino,30.0,2020,10807,SS,infield,-14.166666666666666,
Tyler Saladino,31.0,2021,10807,SS,infield,-14.766666666666666,
Tyler Saladino,32.0,2022,10807,SS,infield,-15.966666666666665,
Tyler Saladino,33.0,2023,10807,SS,infield,-17.166666666666664,
Tyler Saladino,34.0,2024,10807,SS,infield,-18.366666666666667,
Tyler Saladino,35.0,2025,10807,SS,infield,-19.566666666666666,
Tyler Saladino,36.0,2026,10807,SS,infield,-20.766666666666666,
Tyler Saladino,37.0,2027,10807,SS,infield,-21.966666666666665,
Tyler Saladino,38.0,2028,10807,SS,infield,-23.166666666666664,
Tyler Saladino,39.0,2029,10807,SS,infield,-24.366666666666664,
Tyler Saladino,40.0,2030,10807,SS,infield,-25.566666666666663,
Tyler Saladino,41.0,2031,10807,SS,infield,-26.766666666666662,
Jurickson Profar,24.0,2017,10815,1B,infield,14.9,
Jurickson Profar,25.0,2018,10815,1B,infield,14.9,
Jurickson Profar,26.0,2019,10815,1B,infield,14.9,
Jurickson Profar,27.0,2020,10815,1B,infield,14.3,
Jurickson Profar,28.0,2021,10815,1B,infield,13.700000000000001,
Jurickson Profar,29.0,2022,10815,1B,infield,13.100000000000001,
Jurickson Profar,30.0,2023,10815,1B,infield,12.5,
Jurickson Profar,31.0,2024,10815,1B,infield,11.9,
Jurickson Profar,32.0,2025,10815,1B,infield,10.7,
Jurickson Profar,33.0,2026,10815,1B,infield,9.5,
Jurickson Profar,34.0,2027,10815,1B,infield,8.3,
Jurickson Profar,35.0,2028,10815,1B,infield,7.1,
Jurickson Profar,36.0,2029,10815,1B,infield,5.9,
Jurickson Profar,37.0,2030,10815,1B,infield,4.700000000000001,
Jurickson Profar,38.0,2031,10815,1B,infield,3.5000000000000018,
Jurickson Profar,24.0,2017,10815,2B,infield,5.5,
Jurickson Profar,25.0,2018,10815,2B,infield,5.5,
Jurickson Profar,26.0,2019,10815,2B,infield,5.5,
Jurickson Profar,27.0,2020,10815,2B,infield,4.9,
Jurickson Profar,28.0,2021,10815,2B,infield,4.3,
Jurickson Profar,29.0,2022,10815,2B,infield,3.7,
Jurickson Profar,30.0,2023,10815,2B,infield,3.1,
Jurickson Profar,31.0,2024,10815,2B,infield,2.5,
Jurickson Profar,32.0,2025,10815,2B,infield,1.2999999999999998,
Jurickson Profar,33.0,2026,10815,2B,infield,0.09999999999999964,
Jurickson Profar,34.0,2027,10815,2B,infield,-1.1000000000000005,
Jurickson Profar,35.0,2028,10815,2B,infield,-2.3000000000000007,
Jurickson Profar,36.0,2029,10815,2B,infield,-3.5,
Jurickson Profar,37.0,2030,10815,2B,infield,-4.699999999999999,
Jurickson Profar,38.0,2031,10815,2B,infield,-5.899999999999999,
Jurickson Profar,24.0,2017,10815,3B,infield,-14.8,
Jurickson Profar,25.0,2018,10815,3B,infield,-14.8,
Jurickson Profar,26.0,2019,10815,3B,infield,-14.8,
Jurickson Profar,27.0,2020,10815,3B,infield,-15.4,
Jurickson Profar,28.0,2021,10815,3B,infield,-16.0,
Jurickson Profar,29.0,2022,10815,3B,infield,-16.6,
Jurickson Profar,30.0,2023,10815,3B,infield,-17.2,
Jurickson Profar,31.0,2024,10815,3B,infield,-17.8,
Jurickson Profar,32.0,2025,10815,3B,infield,-19.0,
Jurickson Profar,33.0,2026,10815,3B,infield,-20.200000000000003,
Jurickson Profar,34.0,2027,10815,3B,infield,-21.400000000000002,
Jurickson Profar,35.0,2028,10815,3B,infield,-22.6,
Jurickson Profar,36.0,2029,10815,3B,infield,-23.8,
Jurickson Profar,37.0,2030,10815,3B,infield,-25.0,
Jurickson Profar,38.0,2031,10815,3B,infield,-26.2,
Jurickson Profar,24.0,2017,10815,LF,outfield,36.0,
Jurickson Profar,25.0,2018,10815,LF,outfield,36.0,
Jurickson Profar,26.0,2019,10815,LF,outfield,36.0,
Jurickson Profar,27.0,2020,10815,LF,outfield,35.4,
Jurickson Profar,28.0,2021,10815,LF,outfield,34.8,
Jurickson Profar,29.0,2022,10815,LF,outfield,34.2,
Jurickson Profar,30.0,2023,10815,LF,outfield,33.6,
Jurickson Profar,31.0,2024,10815,LF,outfield,33.0,
Jurickson Profar,32.0,2025,10815,LF,outfield,31.8,
Jurickson Profar,33.0,2026,10815,LF,outfield,30.6,
Jurickson Profar,34.0,2027,10815,LF,outfield,29.4,
Jurickson Profar,35.0,2028,10815,LF,outfield,28.2,
Jurickson Profar,36.0,2029,10815,LF,outfield,27.0,
Jurickson Profar,37.0,2030,10815,LF,outfield,25.8,
Jurickson Profar,38.0,2031,10815,LF,outfield,24.6,
Jurickson Profar,24.0,2017,10815,SS,infield,10.2,
Jurickson Profar,25.0,2018,10815,SS,infield,10.2,
Jurickson Profar,26.0,2019,10815,SS,infield,10.2,
Jurickson Profar,27.0,2020,10815,SS,infield,9.6,
Jurickson Profar,28.0,2021,10815,SS,infield,9.0,
Jurickson Profar,29.0,2022,10815,SS,infield,8.399999999999999,
Jurickson Profar,30.0,2023,10815,SS,infield,7.799999999999999,
Jurickson Profar,31.0,2024,10815,SS,infield,7.199999999999999,
Jurickson Profar,32.0,2025,10815,SS,infield,5.999999999999999,
Jurickson Profar,33.0,2026,10815,SS,infield,4.799999999999999,
Jurickson Profar,34.0,2027,10815,SS,infield,3.5999999999999988,
Jurickson Profar,35.0,2028,10815,SS,infield,2.3999999999999986,
Jurickson Profar,36.0,2029,10815,SS,infield,1.1999999999999993,
Jurickson Profar,37.0,2030,10815,SS,infield,0.0,
Jurickson Profar,38.0,2031,10815,SS,infield,-1.1999999999999993,
Jedd Gyorko,28.0,2017,10816,1B,infield,7.800000000000001,
Jedd Gyorko,29.0,2018,10816,1B,infield,7.2,
Jedd Gyorko,30.0,2019,10816,1B,infield,6.6000000000000005,
Jedd Gyorko,31.0,2020,10816,1B,infield,6.0,
Jedd Gyorko,32.0,2021,10816,1B,infield,4.800000000000001,
Jedd Gyorko,33.0,2022,10816,1B,infield,3.6000000000000005,
Jedd Gyorko,34.0,2023,10816,1B,infield,2.4000000000000004,
Jedd Gyorko,35.0,2024,10816,1B,infield,1.2000000000000002,
Jedd Gyorko,36.0,2025,10816,1B,infield,0.0,
Jedd Gyorko,37.0,2026,10816,1B,infield,-1.1999999999999993,
Jedd Gyorko,38.0,2027,10816,1B,infield,-2.3999999999999986,
Jedd Gyorko,39.0,2028,10816,1B,infield,-3.599999999999998,
Jedd Gyorko,40.0,2029,10816,1B,infield,-4.799999999999997,
Jedd Gyorko,41.0,2030,10816,1B,infield,-5.9999999999999964,
Jedd Gyorko,42.0,2031,10816,1B,infield,-7.199999999999996,
Jedd Gyorko,28.0,2017,10816,2B,infield,3.5500000000000003,
Jedd Gyorko,29.0,2018,10816,2B,infield,2.95,
Jedd Gyorko,30.0,2019,10816,2B,infield,2.3500000000000005,
Jedd Gyorko,31.0,2020,10816,2B,infield,1.7500000000000004,
Jedd Gyorko,32.0,2021,10816,2B,infield,0.5500000000000007,
Jedd Gyorko,33.0,2022,10816,2B,infield,-0.6499999999999995,
Jedd Gyorko,34.0,2023,10816,2B,infield,-1.8499999999999996,
Jedd Gyorko,35.0,2024,10816,2B,infield,-3.05,
Jedd Gyorko,36.0,2025,10816,2B,infield,-4.25,
Jedd Gyorko,37.0,2026,10816,2B,infield,-5.449999999999999,
Jedd Gyorko,38.0,2027,10816,2B,infield,-6.649999999999999,
Jedd Gyorko,39.0,2028,10816,2B,infield,-7.849999999999998,
Jedd Gyorko,40.0,2029,10816,2B,infield,-9.049999999999997,
Jedd Gyorko,41.0,2030,10816,2B,infield,-10.249999999999996,
Jedd Gyorko,42.0,2031,10816,2B,infield,-11.449999999999996,
Jedd Gyorko,28.0,2017,10816,3B,infield,1.7999999999999998,
Jedd Gyorko,29.0,2018,10816,3B,infield,1.2,
Jedd Gyorko,30.0,2019,10816,3B,infield,0.6000000000000001,
Jedd Gyorko,31.0,2020,10816,3B,infield,0.0,
Jedd Gyorko,32.0,2021,10816,3B,infield,-1.1999999999999997,
Jedd Gyorko,33.0,2022,10816,3B,infield,-2.4,
Jedd Gyorko,34.0,2023,10816,3B,infield,-3.6,
Jedd Gyorko,35.0,2024,10816,3B,infield,-4.800000000000001,
Jedd Gyorko,36.0,2025,10816,3B,infield,-6.0,
Jedd Gyorko,37.0,2026,10816,3B,infield,-7.199999999999999,
Jedd Gyorko,38.0,2027,10816,3B,infield,-8.399999999999999,
Jedd Gyorko,39.0,2028,10816,3B,infield,-9.599999999999998,
Jedd Gyorko,40.0,2029,10816,3B,infield,-10.799999999999997,
Jedd Gyorko,41.0,2030,10816,3B,infield,-11.999999999999996,
Jedd Gyorko,42.0,2031,10816,3B,infield,-13.199999999999996,
Jedd Gyorko,28.0,2017,10816,SS,infield,-17.233333333333334,
Jedd Gyorko,29.0,2018,10816,SS,infield,-17.833333333333332,
Jedd Gyorko,30.0,2019,10816,SS,infield,-18.433333333333334,
Jedd Gyorko,31.0,2020,10816,SS,infield,-19.03333333333333,
Jedd Gyorko,32.0,2021,10816,SS,infield,-20.233333333333334,
Jedd Gyorko,33.0,2022,10816,SS,infield,-21.433333333333334,
Jedd Gyorko,34.0,2023,10816,SS,infield,-22.633333333333333,
Jedd Gyorko,35.0,2024,10816,SS,infield,-23.833333333333332,
Jedd Gyorko,36.0,2025,10816,SS,infield,-25.03333333333333,
Jedd Gyorko,37.0,2026,10816,SS,infield,-26.233333333333334,
Jedd Gyorko,38.0,2027,10816,SS,infield,-27.43333333333333,
Jedd Gyorko,39.0,2028,10816,SS,infield,-28.633333333333333,
Jedd Gyorko,40.0,2029,10816,SS,infield,-29.83333333333333,
Jedd Gyorko,41.0,2030,10816,SS,infield,-31.03333333333333,
Jedd Gyorko,42.0,2031,10816,SS,infield,-32.23333333333333,
Todd Cunningham,28.0,2017,10822,LF,outfield,19.9,
Todd Cunningham,29.0,2018,10822,LF,outfield,19.3,
Todd Cunningham,30.0,2019,10822,LF,outfield,18.7,
Todd Cunningham,31.0,2020,10822,LF,outfield,18.1,
Todd Cunningham,32.0,2021,10822,LF,outfield,16.9,
Todd Cunningham,33.0,2022,10822,LF,outfield,15.7,
Todd Cunningham,34.0,2023,10822,LF,outfield,14.5,
Todd Cunningham,35.0,2024,10822,LF,outfield,13.3,
Todd Cunningham,36.0,2025,10822,LF,outfield,12.1,
Todd Cunningham,37.0,2026,10822,LF,outfield,10.9,
Todd Cunningham,38.0,2027,10822,LF,outfield,9.700000000000001,
Todd Cunningham,39.0,2028,10822,LF,outfield,8.500000000000002,
Todd Cunningham,40.0,2029,10822,LF,outfield,7.3000000000000025,
Todd Cunningham,41.0,2030,10822,LF,outfield,6.100000000000003,
Todd Cunningham,42.0,2031,10822,LF,outfield,4.900000000000004,
Andrelton Simmons,27.0,2017,10847,SS,infield,17.05,
Andrelton Simmons,28.0,2018,10847,SS,infield,16.450000000000003,
Andrelton Simmons,29.0,2019,10847,SS,infield,15.850000000000001,
Andrelton Simmons,30.0,2020,10847,SS,infield,15.250000000000002,
Andrelton Simmons,31.0,2021,10847,SS,infield,14.650000000000002,
Andrelton Simmons,32.0,2022,10847,SS,infield,13.450000000000003,
Andrelton Simmons,33.0,2023,10847,SS,infield,12.250000000000002,
Andrelton Simmons,34.0,2024,10847,SS,infield,11.05,
Andrelton Simmons,35.0,2025,10847,SS,infield,9.850000000000001,
Andrelton Simmons,36.0,2026,10847,SS,infield,8.650000000000002,
Andrelton Simmons,37.0,2027,10847,SS,infield,7.450000000000003,
Andrelton Simmons,38.0,2028,10847,SS,infield,6.2500000000000036,
Andrelton Simmons,39.0,2029,10847,SS,infield,5.050000000000004,
Andrelton Simmons,40.0,2030,10847,SS,infield,3.850000000000005,
Andrelton Simmons,41.0,2031,10847,SS,infield,2.6500000000000057,
Jared Hoying,28.0,2017,10882,LF,outfield,-6.6,
Jared Hoying,29.0,2018,10882,LF,outfield,-7.2,
Jared Hoying,30.0,2019,10882,LF,outfield,-7.8,
Jared Hoying,31.0,2020,10882,LF,outfield,-8.4,
Jared Hoying,32.0,2021,10882,LF,outfield,-9.6,
Jared Hoying,33.0,2022,10882,LF,outfield,-10.8,
Jared Hoying,34.0,2023,10882,LF,outfield,-12.0,
Jared Hoying,35.0,2024,10882,LF,outfield,-13.2,
Jared Hoying,36.0,2025,10882,LF,outfield,-14.4,
Jared Hoying,37.0,2026,10882,LF,outfield,-15.6,
Jared Hoying,38.0,2027,10882,LF,outfield,-16.799999999999997,
Jared Hoying,39.0,2028,10882,LF,outfield,-18.0,
Jared Hoying,40.0,2029,10882,LF,outfield,-19.199999999999996,
Jared Hoying,41.0,2030,10882,LF,outfield,-20.4,
Jared Hoying,42.0,2031,10882,LF,outfield,-21.599999999999994,
Ryan Strausborger,28.0,2017,10937,LF,outfield,-4.3,
Ryan Strausborger,29.0,2018,10937,LF,outfield,-4.9,
Ryan Strausborger,30.0,2019,10937,LF,outfield,-5.5,
Ryan Strausborger,31.0,2020,10937,LF,outfield,-6.1,
Ryan Strausborger,32.0,2021,10937,LF,outfield,-7.3,
Ryan Strausborger,33.0,2022,10937,LF,outfield,-8.5,
Ryan Strausborger,34.0,2023,10937,LF,outfield,-9.7,
Ryan Strausborger,35.0,2024,10937,LF,outfield,-10.9,
Ryan Strausborger,36.0,2025,10937,LF,outfield,-12.100000000000001,
Ryan Strausborger,37.0,2026,10937,LF,outfield,-13.3,
Ryan Strausborger,38.0,2027,10937,LF,outfield,-14.5,
Ryan Strausborger,39.0,2028,10937,LF,outfield,-15.7,
Ryan Strausborger,40.0,2029,10937,LF,outfield,-16.9,
Ryan Strausborger,41.0,2030,10937,LF,outfield,-18.099999999999998,
Ryan Strausborger,42.0,2031,10937,LF,outfield,-19.299999999999997,
Adam Duvall,26.0,2017,10950,1B,infield,-6.9,
Adam Duvall,27.0,2018,10950,1B,infield,-7.5,
Adam Duvall,28.0,2019,10950,1B,infield,-8.1,
Adam Duvall,29.0,2020,10950,1B,infield,-8.7,
Adam Duvall,30.0,2021,10950,1B,infield,-9.3,
Adam Duvall,31.0,2022,10950,1B,infield,-9.9,
Adam Duvall,32.0,2023,10950,1B,infield,-11.100000000000001,
Adam Duvall,33.0,2024,10950,1B,infield,-12.3,
Adam Duvall,34.0,2025,10950,1B,infield,-13.5,
Adam Duvall,35.0,2026,10950,1B,infield,-14.700000000000001,
Adam Duvall,36.0,2027,10950,1B,infield,-15.9,
Adam Duvall,37.0,2028,10950,1B,infield,-17.1,
Adam Duvall,38.0,2029,10950,1B,infield,-18.299999999999997,
Adam Duvall,39.0,2030,10950,1B,infield,-19.5,
Adam Duvall,40.0,2031,10950,1B,infield,-20.699999999999996,
Adam Duvall,28.0,2017,10950,LF,outfield,5.000000000000001,
Adam Duvall,29.0,2018,10950,LF,outfield,4.4,
Adam Duvall,30.0,2019,10950,LF,outfield,3.8000000000000007,
Adam Duvall,31.0,2020,10950,LF,outfield,3.2000000000000006,
Adam Duvall,32.0,2021,10950,LF,outfield,2.000000000000001,
Adam Duvall,33.0,2022,10950,LF,outfield,0.8000000000000007,
Adam Duvall,34.0,2023,10950,LF,outfield,-0.39999999999999947,
Adam Duvall,35.0,2024,10950,LF,outfield,-1.5999999999999996,
Adam Duvall,36.0,2025,10950,LF,outfield,-2.8,
Adam Duvall,37.0,2026,10950,LF,outfield,-3.999999999999999,
Adam Duvall,38.0,2027,10950,LF,outfield,-5.199999999999998,
Adam Duvall,39.0,2028,10950,LF,outfield,-6.399999999999998,
Adam Duvall,40.0,2029,10950,LF,outfield,-7.599999999999997,
Adam Duvall,41.0,2030,10950,LF,outfield,-8.799999999999997,
Adam Duvall,42.0,2031,10950,LF,outfield,-9.999999999999996,
Greg Garcia,27.0,2017,10951,2B,infield,-14.066666666666666,
Greg Garcia,28.0,2018,10951,2B,infield,-14.666666666666666,
Greg Garcia,29.0,2019,10951,2B,infield,-15.266666666666666,
Greg Garcia,30.0,2020,10951,2B,infield,-15.866666666666667,
Greg Garcia,31.0,2021,10951,2B,infield,-16.46666666666667,
Greg Garcia,32.0,2022,10951,2B,infield,-17.666666666666668,
Greg Garcia,33.0,2023,10951,2B,infield,-18.866666666666667,
Greg Garcia,34.0,2024,10951,2B,infield,-20.066666666666666,
Greg Garcia,35.0,2025,10951,2B,infield,-21.266666666666666,
Greg Garcia,36.0,2026,10951,2B,infield,-22.46666666666667,
Greg Garcia,37.0,2027,10951,2B,infield,-23.666666666666664,
Greg Garcia,38.0,2028,10951,2B,infield,-24.866666666666667,
Greg Garcia,39.0,2029,10951,2B,infield,-26.066666666666663,
Greg Garcia,40.0,2030,10951,2B,infield,-27.266666666666666,
Greg Garcia,41.0,2031,10951,2B,infield,-28.46666666666666,
Greg Garcia,27.0,2017,10951,3B,infield,2.9,
Greg Garcia,28.0,2018,10951,3B,infield,2.3,
Greg Garcia,29.0,2019,10951,3B,infield,1.7000000000000002,
Greg Garcia,30.0,2020,10951,3B,infield,1.1,
Greg Garcia,31.0,2021,10951,3B,infield,0.5,
Greg Garcia,32.0,2022,10951,3B,infield,-0.7000000000000002,
Greg Garcia,33.0,2023,10951,3B,infield,-1.9000000000000004,
Greg Garcia,34.0,2024,10951,3B,infield,-3.1000000000000005,
Greg Garcia,35.0,2025,10951,3B,infield,-4.300000000000001,
Greg Garcia,36.0,2026,10951,3B,infield,-5.5,
Greg Garcia,37.0,2027,10951,3B,infield,-6.699999999999999,
Greg Garcia,38.0,2028,10951,3B,infield,-7.899999999999999,
Greg Garcia,39.0,2029,10951,3B,infield,-9.099999999999998,
Greg Garcia,40.0,2030,10951,3B,infield,-10.299999999999997,
Greg Garcia,41.0,2031,10951,3B,infield,-11.499999999999996,
Greg Garcia,27.0,2017,10951,SS,infield,2.8666666666666663,
Greg Garcia,28.0,2018,10951,SS,infield,2.2666666666666666,
Greg Garcia,29.0,2019,10951,SS,infield,1.6666666666666665,
Greg Garcia,30.0,2020,10951,SS,infield,1.0666666666666664,
Greg Garcia,31.0,2021,10951,SS,infield,0.46666666666666634,
Greg Garcia,32.0,2022,10951,SS,infield,-0.7333333333333338,
Greg Garcia,33.0,2023,10951,SS,infield,-1.933333333333334,
Greg Garcia,34.0,2024,10951,SS,infield,-3.133333333333334,
Greg Garcia,35.0,2025,10951,SS,infield,-4.333333333333334,
Greg Garcia,36.0,2026,10951,SS,infield,-5.533333333333333,
Greg Garcia,37.0,2027,10951,SS,infield,-6.7333333333333325,
Greg Garcia,38.0,2028,10951,SS,infield,-7.933333333333332,
Greg Garcia,39.0,2029,10951,SS,infield,-9.133333333333331,
Greg Garcia,40.0,2030,10951,SS,infield,-10.33333333333333,
Greg Garcia,41.0,2031,10951,SS,infield,-11.53333333333333,
Phil Gosselin,28.0,2017,10953,2B,infield,-1.6499999999999995,
Phil Gosselin,29.0,2018,10953,2B,infield,-2.2499999999999996,
Phil Gosselin,30.0,2019,10953,2B,infield,-2.8499999999999996,
Phil Gosselin,31.0,2020,10953,2B,infield,-3.4499999999999993,
Phil Gosselin,32.0,2021,10953,2B,infield,-4.6499999999999995,
Phil Gosselin,33.0,2022,10953,2B,infield,-5.85,
Phil Gosselin,34.0,2023,10953,2B,infield,-7.05,
Phil Gosselin,35.0,2024,10953,2B,infield,-8.25,
Phil Gosselin,36.0,2025,10953,2B,infield,-9.45,
Phil Gosselin,37.0,2026,10953,2B,infield,-10.649999999999999,
Phil Gosselin,38.0,2027,10953,2B,infield,-11.849999999999998,
Phil Gosselin,39.0,2028,10953,2B,infield,-13.049999999999997,
Phil Gosselin,40.0,2029,10953,2B,infield,-14.249999999999996,
Phil Gosselin,41.0,2030,10953,2B,infield,-15.449999999999996,
Phil Gosselin,42.0,2031,10953,2B,infield,-16.649999999999995,
Phil Gosselin,26.0,2017,10953,3B,infield,-11.1,
Phil Gosselin,27.0,2018,10953,3B,infield,-11.7,
Phil Gosselin,28.0,2019,10953,3B,infield,-12.299999999999999,
Phil Gosselin,29.0,2020,10953,3B,infield,-12.899999999999999,
Phil Gosselin,30.0,2021,10953,3B,infield,-13.5,
Phil Gosselin,31.0,2022,10953,3B,infield,-14.1,
Phil Gosselin,32.0,2023,10953,3B,infield,-15.3,
Phil Gosselin,33.0,2024,10953,3B,infield,-16.5,
Phil Gosselin,34.0,2025,10953,3B,infield,-17.7,
Phil Gosselin,35.0,2026,10953,3B,infield,-18.9,
Phil Gosselin,36.0,2027,10953,3B,infield,-20.1,
Phil Gosselin,37.0,2028,10953,3B,infield,-21.299999999999997,
Phil Gosselin,38.0,2029,10953,3B,infield,-22.5,
Phil Gosselin,39.0,2030,10953,3B,infield,-23.699999999999996,
Phil Gosselin,40.0,2031,10953,3B,infield,-24.9,
Colin Walsh,27.0,2017,10961,3B,infield,-11.799999999999999,
Colin Walsh,28.0,2018,10961,3B,infield,-12.399999999999999,
Colin Walsh,29.0,2019,10961,3B,infield,-13.0,
Colin Walsh,30.0,2020,10961,3B,infield,-13.6,
Colin Walsh,31.0,2021,10961,3B,infield,-14.2,
Colin Walsh,32.0,2022,10961,3B,infield,-15.399999999999999,
Colin Walsh,33.0,2023,10961,3B,infield,-16.6,
Colin Walsh,34.0,2024,10961,3B,infield,-17.8,
Colin Walsh,35.0,2025,10961,3B,infield,-19.0,
Colin Walsh,36.0,2026,10961,3B,infield,-20.2,
Colin Walsh,37.0,2027,10961,3B,infield,-21.4,
Colin Walsh,38.0,2028,10961,3B,infield,-22.599999999999998,
Colin Walsh,39.0,2029,10961,3B,infield,-23.799999999999997,
Colin Walsh,40.0,2030,10961,3B,infield,-24.999999999999996,
Colin Walsh,41.0,2031,10961,3B,infield,-26.199999999999996,
Evan Gattis,30.0,2017,11003,C,catcher,,4.957100132748501
Evan Gattis,31.0,2018,11003,C,catcher,,4.3571001327485
Evan Gattis,32.0,2019,11003,C,catcher,,3.1571001327485004
Evan Gattis,33.0,2020,11003,C,catcher,,1.9571001327485007
Evan Gattis,34.0,2021,11003,C,catcher,,0.7571001327485005
Evan Gattis,35.0,2022,11003,C,catcher,,-0.44289986725149966
Evan Gattis,36.0,2023,11003,C,catcher,,-1.6428998672514998
Evan Gattis,37.0,2024,11003,C,catcher,,-2.8428998672515
Evan Gattis,38.0,2025,11003,C,catcher,,-4.042899867251499
Evan Gattis,39.0,2026,11003,C,catcher,,-5.242899867251499
Evan Gattis,40.0,2027,11003,C,catcher,,-6.442899867251498
Evan Gattis,41.0,2028,11003,C,catcher,,-7.642899867251497
Evan Gattis,42.0,2029,11003,C,catcher,,-8.842899867251496
Evan Gattis,29.0,2017,11003,LF,outfield,-43.0,
Evan Gattis,30.0,2018,11003,LF,outfield,-43.6,
Evan Gattis,31.0,2019,11003,LF,outfield,-44.199999999999996,
Evan Gattis,32.0,2020,11003,LF,outfield,-45.4,
Evan Gattis,33.0,2021,11003,LF,outfield,-46.6,
Evan Gattis,34.0,2022,11003,LF,outfield,-47.8,
Evan Gattis,35.0,2023,11003,LF,outfield,-49.0,
Evan Gattis,36.0,2024,11003,LF,outfield,-50.2,
Evan Gattis,37.0,2025,11003,LF,outfield,-51.4,
Evan Gattis,38.0,2026,11003,LF,outfield,-52.599999999999994,
Evan Gattis,39.0,2027,11003,LF,outfield,-53.8,
Evan Gattis,40.0,2028,11003,LF,outfield,-55.0,
Evan Gattis,41.0,2029,11003,LF,outfield,-56.199999999999996,
Evan Gattis,42.0,2030,11003,LF,outfield,-57.39999999999999,
Kevin Kiermaier,27.0,2017,11038,CF,outfield,17.1,
Kevin Kiermaier,28.0,2018,11038,CF,outfield,16.500000000000004,
Kevin Kiermaier,29.0,2019,11038,CF,outfield,15.900000000000002,
Kevin Kiermaier,30.0,2020,11038,CF,outfield,15.300000000000002,
Kevin Kiermaier,31.0,2021,11038,CF,outfield,14.700000000000003,
Kevin Kiermaier,32.0,2022,11038,CF,outfield,13.500000000000004,
Kevin Kiermaier,33.0,2023,11038,CF,outfield,12.300000000000002,
Kevin Kiermaier,34.0,2024,11038,CF,outfield,11.100000000000001,
Kevin Kiermaier,35.0,2025,11038,CF,outfield,9.900000000000002,
Kevin Kiermaier,36.0,2026,11038,CF,outfield,8.700000000000003,
Kevin Kiermaier,37.0,2027,11038,CF,outfield,7.5000000000000036,
Kevin Kiermaier,38.0,2028,11038,CF,outfield,6.300000000000004,
Kevin Kiermaier,39.0,2029,11038,CF,outfield,5.100000000000005,
Kevin Kiermaier,40.0,2030,11038,CF,outfield,3.9000000000000057,
Kevin Kiermaier,41.0,2031,11038,CF,outfield,2.7000000000000064,
Kevin Kiermaier,25.0,2017,11038,RF,outfield,19.6,
Kevin Kiermaier,26.0,2018,11038,RF,outfield,19.6,
Kevin Kiermaier,27.0,2019,11038,RF,outfield,19.0,
Kevin Kiermaier,28.0,2020,11038,RF,outfield,18.400000000000002,
Kevin Kiermaier,29.0,2021,11038,RF,outfield,17.8,
Kevin Kiermaier,30.0,2022,11038,RF,outfield,17.200000000000003,
Kevin Kiermaier,31.0,2023,11038,RF,outfield,16.6,
Kevin Kiermaier,32.0,2024,11038,RF,outfield,15.400000000000002,
Kevin Kiermaier,33.0,2025,11038,RF,outfield,14.200000000000001,
Kevin Kiermaier,34.0,2026,11038,RF,outfield,13.0,
Kevin Kiermaier,35.0,2027,11038,RF,outfield,11.8,
Kevin Kiermaier,36.0,2028,11038,RF,outfield,10.600000000000001,
Kevin Kiermaier,37.0,2029,11038,RF,outfield,9.400000000000002,
Kevin Kiermaier,38.0,2030,11038,RF,outfield,8.200000000000003,
Kevin Kiermaier,39.0,2031,11038,RF,outfield,7.0000000000000036,
Christian Colon,28.0,2017,11145,2B,infield,9.4,
Christian Colon,29.0,2018,11145,2B,infield,8.8,
Christian Colon,30.0,2019,11145,2B,infield,8.2,
Christian Colon,31.0,2020,11145,2B,infield,7.6,
Christian Colon,32.0,2021,11145,2B,infield,6.4,
Christian Colon,33.0,2022,11145,2B,infield,5.2,
Christian Colon,34.0,2023,11145,2B,infield,4.0,
Christian Colon,35.0,2024,11145,2B,infield,2.8,
Christian Colon,36.0,2025,11145,2B,infield,1.5999999999999996,
Christian Colon,37.0,2026,11145,2B,infield,0.40000000000000036,
Christian Colon,38.0,2027,11145,2B,infield,-0.7999999999999989,
Christian Colon,39.0,2028,11145,2B,infield,-1.9999999999999982,
Christian Colon,40.0,2029,11145,2B,infield,-3.1999999999999975,
Christian Colon,41.0,2030,11145,2B,infield,-4.399999999999997,
Christian Colon,42.0,2031,11145,2B,infield,-5.599999999999996,
Christian Colon,28.0,2017,11145,3B,infield,-7.533333333333333,
Christian Colon,29.0,2018,11145,3B,infield,-8.133333333333333,
Christian Colon,30.0,2019,11145,3B,infield,-8.733333333333334,
Christian Colon,31.0,2020,11145,3B,infield,-9.333333333333334,
Christian Colon,32.0,2021,11145,3B,infield,-10.533333333333333,
Christian Colon,33.0,2022,11145,3B,infield,-11.733333333333334,
Christian Colon,34.0,2023,11145,3B,infield,-12.933333333333334,
Christian Colon,35.0,2024,11145,3B,infield,-14.133333333333333,
Christian Colon,36.0,2025,11145,3B,infield,-15.333333333333334,
Christian Colon,37.0,2026,11145,3B,infield,-16.53333333333333,
Christian Colon,38.0,2027,11145,3B,infield,-17.733333333333334,
Christian Colon,39.0,2028,11145,3B,infield,-18.93333333333333,
Christian Colon,40.0,2029,11145,3B,infield,-20.133333333333333,
Christian Colon,41.0,2030,11145,3B,infield,-21.33333333333333,
Christian Colon,42.0,2031,11145,3B,infield,-22.53333333333333,
Christian Colon,27.0,2017,11145,SS,infield,-1.5,
Christian Colon,28.0,2018,11145,SS,infield,-2.1,
Christian Colon,29.0,2019,11145,SS,infield,-2.6999999999999997,
Christian Colon,30.0,2020,11145,SS,infield,-3.3,
Christian Colon,31.0,2021,11145,SS,infield,-3.9,
Christian Colon,32.0,2022,11145,SS,infield,-5.1000000000000005,
Christian Colon,33.0,2023,11145,SS,infield,-6.300000000000001,
Christian Colon,34.0,2024,11145,SS,infield,-7.500000000000001,
Christian Colon,35.0,2025,11145,SS,infield,-8.700000000000001,
Christian Colon,36.0,2026,11145,SS,infield,-9.9,
Christian Colon,37.0,2027,11145,SS,infield,-11.1,
Christian Colon,38.0,2028,11145,SS,infield,-12.299999999999999,
Christian Colon,39.0,2029,11145,SS,infield,-13.499999999999998,
Christian Colon,40.0,2030,11145,SS,infield,-14.699999999999998,
Christian Colon,41.0,2031,11145,SS,infield,-15.899999999999997,
Cameron Rupp,28.0,2017,11146,C,catcher,,-6.963396914303653
Cameron Rupp,29.0,2018,11146,C,catcher,,-7.563396914303653
Cameron Rupp,30.0,2019,11146,C,catcher,,-8.163396914303654
Cameron Rupp,31.0,2020,11146,C,catcher,,-8.763396914303653
Cameron Rupp,32.0,2021,11146,C,catcher,,-9.963396914303653
Cameron Rupp,33.0,2022,11146,C,catcher,,-11.163396914303654
Cameron Rupp,34.0,2023,11146,C,catcher,,-12.363396914303653
Cameron Rupp,35.0,2024,11146,C,catcher,,-13.563396914303652
Cameron Rupp,36.0,2025,11146,C,catcher,,-14.763396914303653
Cameron Rupp,37.0,2026,11146,C,catcher,,-15.963396914303653
Cameron Rupp,38.0,2027,11146,C,catcher,,-17.163396914303654
Cameron Rupp,39.0,2028,11146,C,catcher,,-18.36339691430365
Cameron Rupp,40.0,2029,11146,C,catcher,,-19.563396914303652
Cameron Rupp,41.0,2030,11146,C,catcher,,-20.763396914303648
Cameron Rupp,42.0,2031,11146,C,catcher,,-21.96339691430365
Tommy Medica,27.0,2017,11147,1B,infield,2.8,
Tommy Medica,28.0,2018,11147,1B,infield,2.2,
Tommy Medica,29.0,2019,11147,1B,infield,1.6,
Tommy Medica,30.0,2020,11147,1B,infield,1.0,
Tommy Medica,31.0,2021,11147,1B,infield,0.3999999999999999,
Tommy Medica,32.0,2022,11147,1B,infield,-0.8000000000000003,
Tommy Medica,33.0,2023,11147,1B,infield,-2.0000000000000004,
Tommy Medica,34.0,2024,11147,1B,infield,-3.2000000000000006,
Tommy Medica,35.0,2025,11147,1B,infield,-4.4,
Tommy Medica,36.0,2026,11147,1B,infield,-5.6,
Tommy Medica,37.0,2027,11147,1B,infield,-6.799999999999999,
Tommy Medica,38.0,2028,11147,1B,infield,-7.999999999999998,
Tommy Medica,39.0,2029,11147,1B,infield,-9.199999999999998,
Tommy Medica,40.0,2030,11147,1B,infield,-10.399999999999997,
Tommy Medica,41.0,2031,11147,1B,infield,-11.599999999999996,
Tommy Medica,27.0,2017,11147,LF,outfield,-8.1,
Tommy Medica,28.0,2018,11147,LF,outfield,-8.7,
Tommy Medica,29.0,2019,11147,LF,outfield,-9.3,
Tommy Medica,30.0,2020,11147,LF,outfield,-9.9,
Tommy Medica,31.0,2021,11147,LF,outfield,-10.5,
Tommy Medica,32.0,2022,11147,LF,outfield,-11.7,
Tommy Medica,33.0,2023,11147,LF,outfield,-12.9,
Tommy Medica,34.0,2024,11147,LF,outfield,-14.100000000000001,
Tommy Medica,35.0,2025,11147,LF,outfield,-15.3,
Tommy Medica,36.0,2026,11147,LF,outfield,-16.5,
Tommy Medica,37.0,2027,11147,LF,outfield,-17.7,
Tommy Medica,38.0,2028,11147,LF,outfield,-18.9,
Tommy Medica,39.0,2029,11147,LF,outfield,-20.099999999999998,
Tommy Medica,40.0,2030,11147,LF,outfield,-21.299999999999997,
Tommy Medica,41.0,2031,11147,LF,outfield,-22.499999999999996,
Ramon Flores,25.0,2017,11165,CF,outfield,-23.0,
Ramon Flores,26.0,2018,11165,CF,outfield,-23.0,
Ramon Flores,27.0,2019,11165,CF,outfield,-23.6,
Ramon Flores,28.0,2020,11165,CF,outfield,-24.2,
Ramon Flores,29.0,2021,11165,CF,outfield,-24.8,
Ramon Flores,30.0,2022,11165,CF,outfield,-25.4,
Ramon Flores,31.0,2023,11165,CF,outfield,-26.0,
Ramon Flores,32.0,2024,11165,CF,outfield,-27.2,
Ramon Flores,33.0,2025,11165,CF,outfield,-28.4,
Ramon Flores,34.0,2026,11165,CF,outfield,-29.6,
Ramon Flores,35.0,2027,11165,CF,outfield,-30.8,
Ramon Flores,36.0,2028,11165,CF,outfield,-32.0,
Ramon Flores,37.0,2029,11165,CF,outfield,-33.2,
Ramon Flores,38.0,2030,11165,CF,outfield,-34.4,
Ramon Flores,39.0,2031,11165,CF,outfield,-35.599999999999994,
Ramon Flores,25.0,2017,11165,LF,outfield,37.26666666666667,
Ramon Flores,26.0,2018,11165,LF,outfield,37.26666666666667,
Ramon Flores,27.0,2019,11165,LF,outfield,36.66666666666667,
Ramon Flores,28.0,2020,11165,LF,outfield,36.06666666666667,
Ramon Flores,29.0,2021,11165,LF,outfield,35.466666666666676,
Ramon Flores,30.0,2022,11165,LF,outfield,34.866666666666674,
Ramon Flores,31.0,2023,11165,LF,outfield,34.26666666666667,
Ramon Flores,32.0,2024,11165,LF,outfield,33.06666666666667,
Ramon Flores,33.0,2025,11165,LF,outfield,31.866666666666674,
Ramon Flores,34.0,2026,11165,LF,outfield,30.66666666666667,
Ramon Flores,35.0,2027,11165,LF,outfield,29.466666666666672,
Ramon Flores,36.0,2028,11165,LF,outfield,28.266666666666673,
Ramon Flores,37.0,2029,11165,LF,outfield,27.066666666666674,
Ramon Flores,38.0,2030,11165,LF,outfield,25.866666666666674,
Ramon Flores,39.0,2031,11165,LF,outfield,24.666666666666675,
Ramon Flores,25.0,2017,11165,RF,outfield,0.6,
Ramon Flores,26.0,2018,11165,RF,outfield,0.6,
Ramon Flores,27.0,2019,11165,RF,outfield,0.0,
Ramon Flores,28.0,2020,11165,RF,outfield,-0.6,
Ramon Flores,29.0,2021,11165,RF,outfield,-1.1999999999999997,
Ramon Flores,30.0,2022,11165,RF,outfield,-1.7999999999999998,
Ramon Flores,31.0,2023,11165,RF,outfield,-2.4,
Ramon Flores,32.0,2024,11165,RF,outfield,-3.6,
Ramon Flores,33.0,2025,11165,RF,outfield,-4.800000000000001,
Ramon Flores,34.0,2026,11165,RF,outfield,-6.000000000000001,
Ramon Flores,35.0,2027,11165,RF,outfield,-7.200000000000001,
Ramon Flores,36.0,2028,11165,RF,outfield,-8.4,
Ramon Flores,37.0,2029,11165,RF,outfield,-9.6,
Ramon Flores,38.0,2030,11165,RF,outfield,-10.799999999999999,
Ramon Flores,39.0,2031,11165,RF,outfield,-11.999999999999998,
Josh Rutledge,27.0,2017,11167,2B,infield,-7.999999999999999,
Josh Rutledge,28.0,2018,11167,2B,infield,-8.6,
Josh Rutledge,29.0,2019,11167,2B,infield,-9.2,
Josh Rutledge,30.0,2020,11167,2B,infield,-9.799999999999999,
Josh Rutledge,31.0,2021,11167,2B,infield,-10.399999999999999,
Josh Rutledge,32.0,2022,11167,2B,infield,-11.6,
Josh Rutledge,33.0,2023,11167,2B,infield,-12.8,
Josh Rutledge,34.0,2024,11167,2B,infield,-14.0,
Josh Rutledge,35.0,2025,11167,2B,infield,-15.2,
Josh Rutledge,36.0,2026,11167,2B,infield,-16.4,
Josh Rutledge,37.0,2027,11167,2B,infield,-17.599999999999998,
Josh Rutledge,38.0,2028,11167,2B,infield,-18.799999999999997,
Josh Rutledge,39.0,2029,11167,2B,infield,-19.999999999999996,
Josh Rutledge,40.0,2030,11167,2B,infield,-21.199999999999996,
Josh Rutledge,41.0,2031,11167,2B,infield,-22.399999999999995,
Josh Rutledge,28.0,2017,11167,3B,infield,-2.0,
Josh Rutledge,29.0,2018,11167,3B,infield,-2.5999999999999996,
Josh Rutledge,30.0,2019,11167,3B,infield,-3.1999999999999997,
Josh Rutledge,31.0,2020,11167,3B,infield,-3.8,
Josh Rutledge,32.0,2021,11167,3B,infield,-5.0,
Josh Rutledge,33.0,2022,11167,3B,infield,-6.199999999999999,
Josh Rutledge,34.0,2023,11167,3B,infield,-7.4,
Josh Rutledge,35.0,2024,11167,3B,infield,-8.6,
Josh Rutledge,36.0,2025,11167,3B,infield,-9.8,
Josh Rutledge,37.0,2026,11167,3B,infield,-11.0,
Josh Rutledge,38.0,2027,11167,3B,infield,-12.2,
Josh Rutledge,39.0,2028,11167,3B,infield,-13.399999999999999,
Josh Rutledge,40.0,2029,11167,3B,infield,-14.599999999999998,
Josh Rutledge,41.0,2030,11167,3B,infield,-15.799999999999997,
Josh Rutledge,42.0,2031,11167,3B,infield,-16.999999999999996,
Josh Rutledge,26.0,2017,11167,SS,infield,-18.5,
Josh Rutledge,27.0,2018,11167,SS,infield,-19.1,
Josh Rutledge,28.0,2019,11167,SS,infield,-19.7,
Josh Rutledge,29.0,2020,11167,SS,infield,-20.3,
Josh Rutledge,30.0,2021,11167,SS,infield,-20.9,
Josh Rutledge,31.0,2022,11167,SS,infield,-21.5,
Josh Rutledge,32.0,2023,11167,SS,infield,-22.7,
Josh Rutledge,33.0,2024,11167,SS,infield,-23.9,
Josh Rutledge,34.0,2025,11167,SS,infield,-25.1,
Josh Rutledge,35.0,2026,11167,SS,infield,-26.3,
Josh Rutledge,36.0,2027,11167,SS,infield,-27.5,
Josh Rutledge,37.0,2028,11167,SS,infield,-28.7,
Josh Rutledge,38.0,2029,11167,SS,infield,-29.9,
Josh Rutledge,39.0,2030,11167,SS,infield,-31.099999999999998,
Josh Rutledge,40.0,2031,11167,SS,infield,-32.3,
Oscar Taveras,23.0,2017,11173,RF,outfield,-3.6,
Oscar Taveras,24.0,2018,11173,RF,outfield,-3.6,
Oscar Taveras,25.0,2019,11173,RF,outfield,-3.6,
Oscar Taveras,26.0,2020,11173,RF,outfield,-3.6,
Oscar Taveras,27.0,2021,11173,RF,outfield,-4.2,
Oscar Taveras,28.0,2022,11173,RF,outfield,-4.8,
Oscar Taveras,29.0,2023,11173,RF,outfield,-5.4,
Oscar Taveras,30.0,2024,11173,RF,outfield,-6.0,
Oscar Taveras,31.0,2025,11173,RF,outfield,-6.6,
Oscar Taveras,32.0,2026,11173,RF,outfield,-7.800000000000001,
Oscar Taveras,33.0,2027,11173,RF,outfield,-9.0,
Oscar Taveras,34.0,2028,11173,RF,outfield,-10.200000000000001,
Oscar Taveras,35.0,2029,11173,RF,outfield,-11.4,
Oscar Taveras,36.0,2030,11173,RF,outfield,-12.6,
Oscar Taveras,37.0,2031,11173,RF,outfield,-13.799999999999999,
Brett Nicholas,28.0,2017,11192,C,catcher,,-13.706796116504854
Brett Nicholas,29.0,2018,11192,C,catcher,,-14.306796116504854
Brett Nicholas,30.0,2019,11192,C,catcher,,-14.906796116504854
Brett Nicholas,31.0,2020,11192,C,catcher,,-15.506796116504855
Brett Nicholas,32.0,2021,11192,C,catcher,,-16.706796116504854
Brett Nicholas,33.0,2022,11192,C,catcher,,-17.906796116504854
Brett Nicholas,34.0,2023,11192,C,catcher,,-19.106796116504853
Brett Nicholas,35.0,2024,11192,C,catcher,,-20.306796116504856
Brett Nicholas,36.0,2025,11192,C,catcher,,-21.506796116504855
Brett Nicholas,37.0,2026,11192,C,catcher,,-22.706796116504854
Brett Nicholas,38.0,2027,11192,C,catcher,,-23.906796116504854
Brett Nicholas,39.0,2028,11192,C,catcher,,-25.106796116504853
Brett Nicholas,40.0,2029,11192,C,catcher,,-26.306796116504852
Brett Nicholas,41.0,2030,11192,C,catcher,,-27.50679611650485
Brett Nicholas,42.0,2031,11192,C,catcher,,-28.70679611650485
Kole Calhoun,29.0,2017,11200,RF,outfield,3.933333333333334,
Kole Calhoun,30.0,2018,11200,RF,outfield,3.333333333333334,
Kole Calhoun,31.0,2019,11200,RF,outfield,2.7333333333333343,
Kole Calhoun,32.0,2020,11200,RF,outfield,1.533333333333334,
Kole Calhoun,33.0,2021,11200,RF,outfield,0.3333333333333339,
Kole Calhoun,34.0,2022,11200,RF,outfield,-0.8666666666666663,
Kole Calhoun,35.0,2023,11200,RF,outfield,-2.0666666666666664,
Kole Calhoun,36.0,2024,11200,RF,outfield,-3.2666666666666666,
Kole Calhoun,37.0,2025,11200,RF,outfield,-4.466666666666666,
Kole Calhoun,38.0,2026,11200,RF,outfield,-5.666666666666665,
Kole Calhoun,39.0,2027,11200,RF,outfield,-6.8666666666666645,
Kole Calhoun,40.0,2028,11200,RF,outfield,-8.066666666666663,
Kole Calhoun,41.0,2029,11200,RF,outfield,-9.266666666666662,
Kole Calhoun,42.0,2030,11200,RF,outfield,-10.466666666666661,
Stephen Cardullo,29.0,2017,11204,1B,infield,-5.5,
Stephen Cardullo,30.0,2018,11204,1B,infield,-6.1000000000000005,
Stephen Cardullo,31.0,2019,11204,1B,infield,-6.7,
Stephen Cardullo,32.0,2020,11204,1B,infield,-7.9,
Stephen Cardullo,33.0,2021,11204,1B,infield,-9.100000000000001,
Stephen Cardullo,34.0,2022,11204,1B,infield,-10.3,
Stephen Cardullo,35.0,2023,11204,1B,infield,-11.5,
Stephen Cardullo,36.0,2024,11204,1B,infield,-12.700000000000001,
Stephen Cardullo,37.0,2025,11204,1B,infield,-13.9,
Stephen Cardullo,38.0,2026,11204,1B,infield,-15.1,
Stephen Cardullo,39.0,2027,11204,1B,infield,-16.299999999999997,
Stephen Cardullo,40.0,2028,11204,1B,infield,-17.5,
Stephen Cardullo,41.0,2029,11204,1B,infield,-18.699999999999996,
Stephen Cardullo,42.0,2030,11204,1B,infield,-19.9,
Adam Eaton,28.0,2017,11205,CF,outfield,-3.0500000000000003,
Adam Eaton,29.0,2018,11205,CF,outfield,-3.6500000000000004,
Adam Eaton,30.0,2019,11205,CF,outfield,-4.25,
Adam Eaton,31.0,2020,11205,CF,outfield,-4.85,
Adam Eaton,32.0,2021,11205,CF,outfield,-6.05,
Adam Eaton,33.0,2022,11205,CF,outfield,-7.25,
Adam Eaton,34.0,2023,11205,CF,outfield,-8.45,
Adam Eaton,35.0,2024,11205,CF,outfield,-9.65,
Adam Eaton,36.0,2025,11205,CF,outfield,-10.850000000000001,
Adam Eaton,37.0,2026,11205,CF,outfield,-12.05,
Adam Eaton,38.0,2027,11205,CF,outfield,-13.25,
Adam Eaton,39.0,2028,11205,CF,outfield,-14.45,
Adam Eaton,40.0,2029,11205,CF,outfield,-15.649999999999999,
Adam Eaton,41.0,2030,11205,CF,outfield,-16.849999999999998,
Adam Eaton,42.0,2031,11205,CF,outfield,-18.049999999999997,
Adam Eaton,28.0,2017,11205,RF,outfield,19.299999999999997,
Adam Eaton,29.0,2018,11205,RF,outfield,18.7,
Adam Eaton,30.0,2019,11205,RF,outfield,18.099999999999998,
Adam Eaton,31.0,2020,11205,RF,outfield,17.5,
Adam Eaton,32.0,2021,11205,RF,outfield,16.299999999999997,
Adam Eaton,33.0,2022,11205,RF,outfield,15.099999999999998,
Adam Eaton,34.0,2023,11205,RF,outfield,13.899999999999999,
Adam Eaton,35.0,2024,11205,RF,outfield,12.7,
Adam Eaton,36.0,2025,11205,RF,outfield,11.499999999999998,
Adam Eaton,37.0,2026,11205,RF,outfield,10.299999999999999,
Adam Eaton,38.0,2027,11205,RF,outfield,9.1,
Adam Eaton,39.0,2028,11205,RF,outfield,7.9,
Adam Eaton,40.0,2029,11205,RF,outfield,6.700000000000001,
Adam Eaton,41.0,2030,11205,RF,outfield,5.500000000000002,
Adam Eaton,42.0,2031,11205,RF,outfield,4.3000000000000025,
Jabari Blash,27.0,2017,11247,RF,outfield,9.8,
Jabari Blash,28.0,2018,11247,RF,outfield,9.200000000000001,
Jabari Blash,29.0,2019,11247,RF,outfield,8.600000000000001,
Jabari Blash,30.0,2020,11247,RF,outfield,8.0,
Jabari Blash,31.0,2021,11247,RF,outfield,7.4,
Jabari Blash,32.0,2022,11247,RF,outfield,6.2,
Jabari Blash,33.0,2023,11247,RF,outfield,5.0,
Jabari Blash,34.0,2024,11247,RF,outfield,3.8,
Jabari Blash,35.0,2025,11247,RF,outfield,2.5999999999999996,
Jabari Blash,36.0,2026,11247,RF,outfield,1.4000000000000004,
Jabari Blash,37.0,2027,11247,RF,outfield,0.20000000000000107,
Jabari Blash,38.0,2028,11247,RF,outfield,-0.9999999999999982,
Jabari Blash,39.0,2029,11247,RF,outfield,-2.1999999999999975,
Jabari Blash,40.0,2030,11247,RF,outfield,-3.399999999999997,
Jabari Blash,41.0,2031,11247,RF,outfield,-4.599999999999996,
Andy Wilkins,26.0,2017,11251,1B,infield,-0.8,
Andy Wilkins,27.0,2018,11251,1B,infield,-1.4,
Andy Wilkins,28.0,2019,11251,1B,infield,-2.0,
Andy Wilkins,29.0,2020,11251,1B,infield,-2.5999999999999996,
Andy Wilkins,30.0,2021,11251,1B,infield,-3.2,
Andy Wilkins,31.0,2022,11251,1B,infield,-3.8,
Andy Wilkins,32.0,2023,11251,1B,infield,-5.0,
Andy Wilkins,33.0,2024,11251,1B,infield,-6.2,
Andy Wilkins,34.0,2025,11251,1B,infield,-7.4,
Andy Wilkins,35.0,2026,11251,1B,infield,-8.600000000000001,
Andy Wilkins,36.0,2027,11251,1B,infield,-9.8,
Andy Wilkins,37.0,2028,11251,1B,infield,-11.0,
Andy Wilkins,38.0,2029,11251,1B,infield,-12.2,
Andy Wilkins,39.0,2030,11251,1B,infield,-13.399999999999999,
Andy Wilkins,40.0,2031,11251,1B,infield,-14.599999999999998,
Matt Szczur,27.0,2017,11255,CF,outfield,20.0,
Matt Szczur,28.0,2018,11255,CF,outfield,19.400000000000002,
Matt Szczur,29.0,2019,11255,CF,outfield,18.8,
Matt Szczur,30.0,2020,11255,CF,outfield,18.200000000000003,
Matt Szczur,31.0,2021,11255,CF,outfield,17.6,
Matt Szczur,32.0,2022,11255,CF,outfield,16.400000000000002,
Matt Szczur,33.0,2023,11255,CF,outfield,15.200000000000001,
Matt Szczur,34.0,2024,11255,CF,outfield,14.0,
Matt Szczur,35.0,2025,11255,CF,outfield,12.8,
Matt Szczur,36.0,2026,11255,CF,outfield,11.600000000000001,
Matt Szczur,37.0,2027,11255,CF,outfield,10.400000000000002,
Matt Szczur,38.0,2028,11255,CF,outfield,9.200000000000003,
Matt Szczur,39.0,2029,11255,CF,outfield,8.000000000000004,
Matt Szczur,40.0,2030,11255,CF,outfield,6.800000000000004,
Matt Szczur,41.0,2031,11255,CF,outfield,5.600000000000005,
Matt Szczur,27.0,2017,11255,LF,outfield,20.666666666666664,
Matt Szczur,28.0,2018,11255,LF,outfield,20.066666666666666,
Matt Szczur,29.0,2019,11255,LF,outfield,19.466666666666665,
Matt Szczur,30.0,2020,11255,LF,outfield,18.866666666666667,
Matt Szczur,31.0,2021,11255,LF,outfield,18.266666666666666,
Matt Szczur,32.0,2022,11255,LF,outfield,17.066666666666666,
Matt Szczur,33.0,2023,11255,LF,outfield,15.866666666666665,
Matt Szczur,34.0,2024,11255,LF,outfield,14.666666666666664,
Matt Szczur,35.0,2025,11255,LF,outfield,13.466666666666665,
Matt Szczur,36.0,2026,11255,LF,outfield,12.266666666666666,
Matt Szczur,37.0,2027,11255,LF,outfield,11.066666666666666,
Matt Szczur,38.0,2028,11255,LF,outfield,9.866666666666667,
Matt Szczur,39.0,2029,11255,LF,outfield,8.666666666666668,
Matt Szczur,40.0,2030,11255,LF,outfield,7.466666666666669,
Matt Szczur,41.0,2031,11255,LF,outfield,6.266666666666669,
Matt Szczur,27.0,2017,11255,RF,outfield,16.975,
Matt Szczur,28.0,2018,11255,RF,outfield,16.375000000000004,
Matt Szczur,29.0,2019,11255,RF,outfield,15.775000000000002,
Matt Szczur,30.0,2020,11255,RF,outfield,15.175000000000002,
Matt Szczur,31.0,2021,11255,RF,outfield,14.575000000000003,
Matt Szczur,32.0,2022,11255,RF,outfield,13.375000000000004,
Matt Szczur,33.0,2023,11255,RF,outfield,12.175000000000002,
Matt Szczur,34.0,2024,11255,RF,outfield,10.975000000000001,
Matt Szczur,35.0,2025,11255,RF,outfield,9.775000000000002,
Matt Szczur,36.0,2026,11255,RF,outfield,8.575000000000003,
Matt Szczur,37.0,2027,11255,RF,outfield,7.3750000000000036,
Matt Szczur,38.0,2028,11255,RF,outfield,6.175000000000004,
Matt Szczur,39.0,2029,11255,RF,outfield,4.975000000000005,
Matt Szczur,40.0,2030,11255,RF,outfield,3.7750000000000057,
Matt Szczur,41.0,2031,11255,RF,outfield,2.5750000000000064,
Jonathan Schoop,25.0,2017,11265,2B,infield,0.18333333333333326,
Jonathan Schoop,26.0,2018,11265,2B,infield,0.18333333333333326,
Jonathan Schoop,27.0,2019,11265,2B,infield,-0.41666666666666674,
Jonathan Schoop,28.0,2020,11265,2B,infield,-1.0166666666666666,
Jonathan Schoop,29.0,2021,11265,2B,infield,-1.6166666666666665,
Jonathan Schoop,30.0,2022,11265,2B,infield,-2.216666666666667,
Jonathan Schoop,31.0,2023,11265,2B,infield,-2.816666666666667,
Jonathan Schoop,32.0,2024,11265,2B,infield,-4.016666666666667,
Jonathan Schoop,33.0,2025,11265,2B,infield,-5.216666666666667,
Jonathan Schoop,34.0,2026,11265,2B,infield,-6.416666666666667,
Jonathan Schoop,35.0,2027,11265,2B,infield,-7.616666666666667,
Jonathan Schoop,36.0,2028,11265,2B,infield,-8.816666666666666,
Jonathan Schoop,37.0,2029,11265,2B,infield,-10.016666666666666,
Jonathan Schoop,38.0,2030,11265,2B,infield,-11.216666666666665,
Jonathan Schoop,39.0,2031,11265,2B,infield,-12.416666666666664,
Jonathan Schoop,23.0,2017,11265,3B,infield,-19.7,
Jonathan Schoop,24.0,2018,11265,3B,infield,-19.7,
Jonathan Schoop,25.0,2019,11265,3B,infield,-19.7,
Jonathan Schoop,26.0,2020,11265,3B,infield,-19.7,
Jonathan Schoop,27.0,2021,11265,3B,infield,-20.3,
Jonathan Schoop,28.0,2022,11265,3B,infield,-20.9,
Jonathan Schoop,29.0,2023,11265,3B,infield,-21.5,
Jonathan Schoop,30.0,2024,11265,3B,infield,-22.099999999999998,
Jonathan Schoop,31.0,2025,11265,3B,infield,-22.7,
Jonathan Schoop,32.0,2026,11265,3B,infield,-23.9,
Jonathan Schoop,33.0,2027,11265,3B,infield,-25.1,
Jonathan Schoop,34.0,2028,11265,3B,infield,-26.3,
Jonathan Schoop,35.0,2029,11265,3B,infield,-27.5,
Jonathan Schoop,36.0,2030,11265,3B,infield,-28.7,
Jonathan Schoop,37.0,2031,11265,3B,infield,-29.9,
Aaron Altherr,26.0,2017,11270,CF,outfield,6.7,
Aaron Altherr,27.0,2018,11270,CF,outfield,6.1000000000000005,
Aaron Altherr,28.0,2019,11270,CF,outfield,5.5,
Aaron Altherr,29.0,2020,11270,CF,outfield,4.9,
Aaron Altherr,30.0,2021,11270,CF,outfield,4.300000000000001,
Aaron Altherr,31.0,2022,11270,CF,outfield,3.7,
Aaron Altherr,32.0,2023,11270,CF,outfield,2.5,
Aaron Altherr,33.0,2024,11270,CF,outfield,1.2999999999999998,
Aaron Altherr,34.0,2025,11270,CF,outfield,0.09999999999999964,
Aaron Altherr,35.0,2026,11270,CF,outfield,-1.1000000000000005,
Aaron Altherr,36.0,2027,11270,CF,outfield,-2.3,
Aaron Altherr,37.0,2028,11270,CF,outfield,-3.499999999999999,
Aaron Altherr,38.0,2029,11270,CF,outfield,-4.699999999999998,
Aaron Altherr,39.0,2030,11270,CF,outfield,-5.899999999999998,
Aaron Altherr,40.0,2031,11270,CF,outfield,-7.099999999999997,
Aaron Altherr,26.0,2017,11270,LF,outfield,21.2,
Aaron Altherr,27.0,2018,11270,LF,outfield,20.599999999999998,
Aaron Altherr,28.0,2019,11270,LF,outfield,20.0,
Aaron Altherr,29.0,2020,11270,LF,outfield,19.4,
Aaron Altherr,30.0,2021,11270,LF,outfield,18.8,
Aaron Altherr,31.0,2022,11270,LF,outfield,18.2,
Aaron Altherr,32.0,2023,11270,LF,outfield,17.0,
Aaron Altherr,33.0,2024,11270,LF,outfield,15.799999999999999,
Aaron Altherr,34.0,2025,11270,LF,outfield,14.599999999999998,
Aaron Altherr,35.0,2026,11270,LF,outfield,13.399999999999999,
Aaron Altherr,36.0,2027,11270,LF,outfield,12.2,
Aaron Altherr,37.0,2028,11270,LF,outfield,11.0,
Aaron Altherr,38.0,2029,11270,LF,outfield,9.8,
Aaron Altherr,39.0,2030,11270,LF,outfield,8.600000000000001,
Aaron Altherr,40.0,2031,11270,LF,outfield,7.400000000000002,
Aaron Altherr,26.0,2017,11270,RF,outfield,2.6666666666666665,
Aaron Altherr,27.0,2018,11270,RF,outfield,2.0666666666666664,
Aaron Altherr,28.0,2019,11270,RF,outfield,1.4666666666666666,
Aaron Altherr,29.0,2020,11270,RF,outfield,0.8666666666666667,
Aaron Altherr,30.0,2021,11270,RF,outfield,0.2666666666666666,
Aaron Altherr,31.0,2022,11270,RF,outfield,-0.3333333333333335,
Aaron Altherr,32.0,2023,11270,RF,outfield,-1.5333333333333337,
Aaron Altherr,33.0,2024,11270,RF,outfield,-2.733333333333334,
Aaron Altherr,34.0,2025,11270,RF,outfield,-3.933333333333334,
Aaron Altherr,35.0,2026,11270,RF,outfield,-5.133333333333335,
Aaron Altherr,36.0,2027,11270,RF,outfield,-6.333333333333334,
Aaron Altherr,37.0,2028,11270,RF,outfield,-7.533333333333333,
Aaron Altherr,38.0,2029,11270,RF,outfield,-8.733333333333333,
Aaron Altherr,39.0,2030,11270,RF,outfield,-9.933333333333332,
Aaron Altherr,40.0,2031,11270,RF,outfield,-11.133333333333331,
Whit Merrifield,28.0,2017,11281,2B,infield,10.1,
Whit Merrifield,29.0,2018,11281,2B,infield,9.5,
Whit Merrifield,30.0,2019,11281,2B,infield,8.899999999999999,
Whit Merrifield,31.0,2020,11281,2B,infield,8.299999999999999,
Whit Merrifield,32.0,2021,11281,2B,infield,7.1,
Whit Merrifield,33.0,2022,11281,2B,infield,5.8999999999999995,
Whit Merrifield,34.0,2023,11281,2B,infield,4.699999999999999,
Whit Merrifield,35.0,2024,11281,2B,infield,3.499999999999999,
Whit Merrifield,36.0,2025,11281,2B,infield,2.299999999999999,
Whit Merrifield,37.0,2026,11281,2B,infield,1.0999999999999996,
Whit Merrifield,38.0,2027,11281,2B,infield,-0.09999999999999964,
Whit Merrifield,39.0,2028,11281,2B,infield,-1.299999999999999,
Whit Merrifield,40.0,2029,11281,2B,infield,-2.4999999999999982,
Whit Merrifield,41.0,2030,11281,2B,infield,-3.6999999999999975,
Whit Merrifield,42.0,2031,11281,2B,infield,-4.899999999999997,
Whit Merrifield,28.0,2017,11281,LF,outfield,-0.6,
Whit Merrifield,29.0,2018,11281,LF,outfield,-1.2,
Whit Merrifield,30.0,2019,11281,LF,outfield,-1.7999999999999998,
Whit Merrifield,31.0,2020,11281,LF,outfield,-2.4,
Whit Merrifield,32.0,2021,11281,LF,outfield,-3.5999999999999996,
Whit Merrifield,33.0,2022,11281,LF,outfield,-4.8,
Whit Merrifield,34.0,2023,11281,LF,outfield,-6.0,
Whit Merrifield,35.0,2024,11281,LF,outfield,-7.2,
Whit Merrifield,36.0,2025,11281,LF,outfield,-8.4,
Whit Merrifield,37.0,2026,11281,LF,outfield,-9.6,
Whit Merrifield,38.0,2027,11281,LF,outfield,-10.799999999999999,
Whit Merrifield,39.0,2028,11281,LF,outfield,-11.999999999999998,
Whit Merrifield,40.0,2029,11281,LF,outfield,-13.199999999999998,
Whit Merrifield,41.0,2030,11281,LF,outfield,-14.399999999999997,
Whit Merrifield,42.0,2031,11281,LF,outfield,-15.599999999999996,
Bryan Holaday,29.0,2017,11287,C,catcher,,-1.4022626102868374
Bryan Holaday,30.0,2018,11287,C,catcher,,-2.0022626102868375
Bryan Holaday,31.0,2019,11287,C,catcher,,-2.602262610286837
Bryan Holaday,32.0,2020,11287,C,catcher,,-3.8022626102868373
Bryan Holaday,33.0,2021,11287,C,catcher,,-5.002262610286838
Bryan Holaday,34.0,2022,11287,C,catcher,,-6.202262610286838
Bryan Holaday,35.0,2023,11287,C,catcher,,-7.402262610286838
Bryan Holaday,36.0,2024,11287,C,catcher,,-8.602262610286838
Bryan Holaday,37.0,2025,11287,C,catcher,,-9.802262610286837
Bryan Holaday,38.0,2026,11287,C,catcher,,-11.002262610286836
Bryan Holaday,39.0,2027,11287,C,catcher,,-12.202262610286835
Bryan Holaday,40.0,2028,11287,C,catcher,,-13.402262610286835
Bryan Holaday,41.0,2029,11287,C,catcher,,-14.602262610286834
Bryan Holaday,42.0,2030,11287,C,catcher,,-15.802262610286833
Jake Marisnick,26.0,2017,11339,CF,outfield,12.049999999999999,
Jake Marisnick,27.0,2018,11339,CF,outfield,11.45,
Jake Marisnick,28.0,2019,11339,CF,outfield,10.85,
Jake Marisnick,29.0,2020,11339,CF,outfield,10.25,
Jake Marisnick,30.0,2021,11339,CF,outfield,9.649999999999999,
Jake Marisnick,31.0,2022,11339,CF,outfield,9.049999999999999,
Jake Marisnick,32.0,2023,11339,CF,outfield,7.849999999999999,
Jake Marisnick,33.0,2024,11339,CF,outfield,6.649999999999999,
Jake Marisnick,34.0,2025,11339,CF,outfield,5.449999999999998,
Jake Marisnick,35.0,2026,11339,CF,outfield,4.249999999999998,
Jake Marisnick,36.0,2027,11339,CF,outfield,3.049999999999999,
Jake Marisnick,37.0,2028,11339,CF,outfield,1.8499999999999996,
Jake Marisnick,38.0,2029,11339,CF,outfield,0.6500000000000004,
Jake Marisnick,39.0,2030,11339,CF,outfield,-0.5499999999999989,
Jake Marisnick,40.0,2031,11339,CF,outfield,-1.7499999999999982,
Jake Marisnick,26.0,2017,11339,LF,outfield,28.066666666666663,
Jake Marisnick,27.0,2018,11339,LF,outfield,27.46666666666666,
Jake Marisnick,28.0,2019,11339,LF,outfield,26.866666666666664,
Jake Marisnick,29.0,2020,11339,LF,outfield,26.266666666666662,
Jake Marisnick,30.0,2021,11339,LF,outfield,25.666666666666664,
Jake Marisnick,31.0,2022,11339,LF,outfield,25.066666666666663,
Jake Marisnick,32.0,2023,11339,LF,outfield,23.866666666666664,
Jake Marisnick,33.0,2024,11339,LF,outfield,22.666666666666664,
Jake Marisnick,34.0,2025,11339,LF,outfield,21.46666666666666,
Jake Marisnick,35.0,2026,11339,LF,outfield,20.266666666666662,
Jake Marisnick,36.0,2027,11339,LF,outfield,19.066666666666663,
Jake Marisnick,37.0,2028,11339,LF,outfield,17.866666666666664,
Jake Marisnick,38.0,2029,11339,LF,outfield,16.666666666666664,
Jake Marisnick,39.0,2030,11339,LF,outfield,15.466666666666665,
Jake Marisnick,40.0,2031,11339,LF,outfield,14.266666666666666,
Jake Marisnick,25.0,2017,11339,RF,outfield,60.06666666666667,
Jake Marisnick,26.0,2018,11339,RF,outfield,60.06666666666667,
Jake Marisnick,27.0,2019,11339,RF,outfield,59.46666666666667,
Jake Marisnick,28.0,2020,11339,RF,outfield,58.86666666666667,
Jake Marisnick,29.0,2021,11339,RF,outfield,58.26666666666667,
Jake Marisnick,30.0,2022,11339,RF,outfield,57.66666666666667,
Jake Marisnick,31.0,2023,11339,RF,outfield,57.06666666666667,
Jake Marisnick,32.0,2024,11339,RF,outfield,55.86666666666667,
Jake Marisnick,33.0,2025,11339,RF,outfield,54.66666666666667,
Jake Marisnick,34.0,2026,11339,RF,outfield,53.46666666666667,
Jake Marisnick,35.0,2027,11339,RF,outfield,52.266666666666666,
Jake Marisnick,36.0,2028,11339,RF,outfield,51.06666666666667,
Jake Marisnick,37.0,2029,11339,RF,outfield,49.866666666666674,
Jake Marisnick,38.0,2030,11339,RF,outfield,48.66666666666667,
Jake Marisnick,39.0,2031,11339,RF,outfield,47.46666666666667,
Jesus Aguilar,25.0,2017,11342,1B,infield,-4.3,
Jesus Aguilar,26.0,2018,11342,1B,infield,-4.3,
Jesus Aguilar,27.0,2019,11342,1B,infield,-4.8999999999999995,
Jesus Aguilar,28.0,2020,11342,1B,infield,-5.5,
Jesus Aguilar,29.0,2021,11342,1B,infield,-6.1,
Jesus Aguilar,30.0,2022,11342,1B,infield,-6.699999999999999,
Jesus Aguilar,31.0,2023,11342,1B,infield,-7.3,
Jesus Aguilar,32.0,2024,11342,1B,infield,-8.5,
Jesus Aguilar,33.0,2025,11342,1B,infield,-9.7,
Jesus Aguilar,34.0,2026,11342,1B,infield,-10.9,
Jesus Aguilar,35.0,2027,11342,1B,infield,-12.100000000000001,
Jesus Aguilar,36.0,2028,11342,1B,infield,-13.3,
Jesus Aguilar,37.0,2029,11342,1B,infield,-14.5,
Jesus Aguilar,38.0,2030,11342,1B,infield,-15.7,
Jesus Aguilar,39.0,2031,11342,1B,infield,-16.9,
Yasmani Grandal,26.0,2017,11368,1B,infield,-12.7,
Yasmani Grandal,27.0,2018,11368,1B,infield,-13.299999999999999,
Yasmani Grandal,28.0,2019,11368,1B,infield,-13.899999999999999,
Yasmani Grandal,29.0,2020,11368,1B,infield,-14.5,
Yasmani Grandal,30.0,2021,11368,1B,infield,-15.1,
Yasmani Grandal,31.0,2022,11368,1B,infield,-15.7,
Yasmani Grandal,32.0,2023,11368,1B,infield,-16.9,
Yasmani Grandal,33.0,2024,11368,1B,infield,-18.1,
Yasmani Grandal,34.0,2025,11368,1B,infield,-19.3,
Yasmani Grandal,35.0,2026,11368,1B,infield,-20.5,
Yasmani Grandal,36.0,2027,11368,1B,infield,-21.7,
Yasmani Grandal,37.0,2028,11368,1B,infield,-22.9,
Yasmani Grandal,38.0,2029,11368,1B,infield,-24.099999999999998,
Yasmani Grandal,39.0,2030,11368,1B,infield,-25.299999999999997,
Yasmani Grandal,40.0,2031,11368,1B,infield,-26.499999999999996,
Yasmani Grandal,28.0,2017,11368,C,catcher,,12.212911057642296
Yasmani Grandal,29.0,2018,11368,C,catcher,,11.612911057642297
Yasmani Grandal,30.0,2019,11368,C,catcher,,11.012911057642295
Yasmani Grandal,31.0,2020,11368,C,catcher,,10.412911057642296
Yasmani Grandal,32.0,2021,11368,C,catcher,,9.212911057642296
Yasmani Grandal,33.0,2022,11368,C,catcher,,8.012911057642295
Yasmani Grandal,34.0,2023,11368,C,catcher,,6.812911057642296
Yasmani Grandal,35.0,2024,11368,C,catcher,,5.612911057642296
Yasmani Grandal,36.0,2025,11368,C,catcher,,4.412911057642296
Yasmani Grandal,37.0,2026,11368,C,catcher,,3.2129110576422963
Yasmani Grandal,38.0,2027,11368,C,catcher,,2.012911057642297
Yasmani Grandal,39.0,2028,11368,C,catcher,,0.8129110576422978
Yasmani Grandal,40.0,2029,11368,C,catcher,,-0.3870889423577015
Yasmani Grandal,41.0,2030,11368,C,catcher,,-1.5870889423577008
Yasmani Grandal,42.0,2031,11368,C,catcher,,-2.7870889423577
Brett Eibner,28.0,2017,11369,CF,outfield,2.6,
Brett Eibner,29.0,2018,11369,CF,outfield,2.0,
Brett Eibner,30.0,2019,11369,CF,outfield,1.4000000000000004,
Brett Eibner,31.0,2020,11369,CF,outfield,0.8000000000000003,
Brett Eibner,32.0,2021,11369,CF,outfield,-0.39999999999999947,
Brett Eibner,33.0,2022,11369,CF,outfield,-1.5999999999999996,
Brett Eibner,34.0,2023,11369,CF,outfield,-2.8,
Brett Eibner,35.0,2024,11369,CF,outfield,-4.0,
Brett Eibner,36.0,2025,11369,CF,outfield,-5.2,
Brett Eibner,37.0,2026,11369,CF,outfield,-6.3999999999999995,
Brett Eibner,38.0,2027,11369,CF,outfield,-7.599999999999999,
Brett Eibner,39.0,2028,11369,CF,outfield,-8.799999999999997,
Brett Eibner,40.0,2029,11369,CF,outfield,-9.999999999999996,
Brett Eibner,41.0,2030,11369,CF,outfield,-11.199999999999996,
Brett Eibner,42.0,2031,11369,CF,outfield,-12.399999999999995,
Brett Eibner,28.0,2017,11369,LF,outfield,4.800000000000001,
Brett Eibner,29.0,2018,11369,LF,outfield,4.2,
Brett Eibner,30.0,2019,11369,LF,outfield,3.6000000000000005,
Brett Eibner,31.0,2020,11369,LF,outfield,3.0000000000000004,
Brett Eibner,32.0,2021,11369,LF,outfield,1.8000000000000007,
Brett Eibner,33.0,2022,11369,LF,outfield,0.6000000000000005,
Brett Eibner,34.0,2023,11369,LF,outfield,-0.5999999999999996,
Brett Eibner,35.0,2024,11369,LF,outfield,-1.7999999999999998,
Brett Eibner,36.0,2025,11369,LF,outfield,-3.0,
Brett Eibner,37.0,2026,11369,LF,outfield,-4.199999999999999,
Brett Eibner,38.0,2027,11369,LF,outfield,-5.399999999999999,
Brett Eibner,39.0,2028,11369,LF,outfield,-6.599999999999998,
Brett Eibner,40.0,2029,11369,LF,outfield,-7.799999999999997,
Brett Eibner,41.0,2030,11369,LF,outfield,-8.999999999999996,
Brett Eibner,42.0,2031,11369,LF,outfield,-10.199999999999996,
Brett Eibner,28.0,2017,11369,RF,outfield,12.200000000000001,
Brett Eibner,29.0,2018,11369,RF,outfield,11.600000000000001,
Brett Eibner,30.0,2019,11369,RF,outfield,11.0,
Brett Eibner,31.0,2020,11369,RF,outfield,10.4,
Brett Eibner,32.0,2021,11369,RF,outfield,9.200000000000001,
Brett Eibner,33.0,2022,11369,RF,outfield,8.0,
Brett Eibner,34.0,2023,11369,RF,outfield,6.800000000000001,
Brett Eibner,35.0,2024,11369,RF,outfield,5.6000000000000005,
Brett Eibner,36.0,2025,11369,RF,outfield,4.4,
Brett Eibner,37.0,2026,11369,RF,outfield,3.200000000000001,
Brett Eibner,38.0,2027,11369,RF,outfield,2.0000000000000018,
Brett Eibner,39.0,2028,11369,RF,outfield,0.8000000000000025,
Brett Eibner,40.0,2029,11369,RF,outfield,-0.3999999999999968,
Brett Eibner,41.0,2030,11369,RF,outfield,-1.599999999999996,
Brett Eibner,42.0,2031,11369,RF,outfield,-2.7999999999999954,
Michael Choice,25.0,2017,11376,LF,outfield,-17.3,
Michael Choice,26.0,2018,11376,LF,outfield,-17.3,
Michael Choice,27.0,2019,11376,LF,outfield,-17.900000000000002,
Michael Choice,28.0,2020,11376,LF,outfield,-18.5,
Michael Choice,29.0,2021,11376,LF,outfield,-19.1,
Michael Choice,30.0,2022,11376,LF,outfield,-19.7,
Michael Choice,31.0,2023,11376,LF,outfield,-20.3,
Michael Choice,32.0,2024,11376,LF,outfield,-21.5,
Michael Choice,33.0,2025,11376,LF,outfield,-22.700000000000003,
Michael Choice,34.0,2026,11376,LF,outfield,-23.900000000000002,
Michael Choice,35.0,2027,11376,LF,outfield,-25.1,
Michael Choice,36.0,2028,11376,LF,outfield,-26.3,
Michael Choice,37.0,2029,11376,LF,outfield,-27.5,
Michael Choice,38.0,2030,11376,LF,outfield,-28.7,
Michael Choice,39.0,2031,11376,LF,outfield,-29.9,
Michael Choice,25.0,2017,11376,RF,outfield,-17.9,
Michael Choice,26.0,2018,11376,RF,outfield,-17.9,
Michael Choice,27.0,2019,11376,RF,outfield,-18.5,
Michael Choice,28.0,2020,11376,RF,outfield,-19.099999999999998,
Michael Choice,29.0,2021,11376,RF,outfield,-19.7,
Michael Choice,30.0,2022,11376,RF,outfield,-20.299999999999997,
Michael Choice,31.0,2023,11376,RF,outfield,-20.9,
Michael Choice,32.0,2024,11376,RF,outfield,-22.099999999999998,
Michael Choice,33.0,2025,11376,RF,outfield,-23.299999999999997,
Michael Choice,34.0,2026,11376,RF,outfield,-24.5,
Michael Choice,35.0,2027,11376,RF,outfield,-25.7,
Michael Choice,36.0,2028,11376,RF,outfield,-26.9,
Michael Choice,37.0,2029,11376,RF,outfield,-28.099999999999998,
Michael Choice,38.0,2030,11376,RF,outfield,-29.299999999999997,
Michael Choice,39.0,2031,11376,RF,outfield,-30.499999999999996,
Delino DeShields,24.0,2017,11379,CF,outfield,6.8,
Delino DeShields,25.0,2018,11379,CF,outfield,6.8,
Delino DeShields,26.0,2019,11379,CF,outfield,6.8,
Delino DeShields,27.0,2020,11379,CF,outfield,6.2,
Delino DeShields,28.0,2021,11379,CF,outfield,5.6,
Delino DeShields,29.0,2022,11379,CF,outfield,5.0,
Delino DeShields,30.0,2023,11379,CF,outfield,4.4,
Delino DeShields,31.0,2024,11379,CF,outfield,3.8,
Delino DeShields,32.0,2025,11379,CF,outfield,2.5999999999999996,
Delino DeShields,33.0,2026,11379,CF,outfield,1.3999999999999995,
Delino DeShields,34.0,2027,11379,CF,outfield,0.1999999999999993,
Delino DeShields,35.0,2028,11379,CF,outfield,-1.0000000000000009,
Delino DeShields,36.0,2029,11379,CF,outfield,-2.2,
Delino DeShields,37.0,2030,11379,CF,outfield,-3.3999999999999995,
Delino DeShields,38.0,2031,11379,CF,outfield,-4.599999999999999,
Delino DeShields,24.0,2017,11379,LF,outfield,0.5333333333333333,
Delino DeShields,25.0,2018,11379,LF,outfield,0.5333333333333333,
Delino DeShields,26.0,2019,11379,LF,outfield,0.5333333333333333,
Delino DeShields,27.0,2020,11379,LF,outfield,-0.06666666666666665,
Delino DeShields,28.0,2021,11379,LF,outfield,-0.6666666666666666,
Delino DeShields,29.0,2022,11379,LF,outfield,-1.2666666666666666,
Delino DeShields,30.0,2023,11379,LF,outfield,-1.8666666666666667,
Delino DeShields,31.0,2024,11379,LF,outfield,-2.466666666666667,
Delino DeShields,32.0,2025,11379,LF,outfield,-3.666666666666667,
Delino DeShields,33.0,2026,11379,LF,outfield,-4.866666666666667,
Delino DeShields,34.0,2027,11379,LF,outfield,-6.066666666666667,
Delino DeShields,35.0,2028,11379,LF,outfield,-7.2666666666666675,
Delino DeShields,36.0,2029,11379,LF,outfield,-8.466666666666667,
Delino DeShields,37.0,2030,11379,LF,outfield,-9.666666666666666,
Delino DeShields,38.0,2031,11379,LF,outfield,-10.866666666666665,
Matt den Dekker,27.0,2017,11385,CF,outfield,32.3,
Matt den Dekker,28.0,2018,11385,CF,outfield,31.7,
Matt den Dekker,29.0,2019,11385,CF,outfield,31.099999999999998,
Matt den Dekker,30.0,2020,11385,CF,outfield,30.5,
Matt den Dekker,31.0,2021,11385,CF,outfield,29.9,
Matt den Dekker,32.0,2022,11385,CF,outfield,28.7,
Matt den Dekker,33.0,2023,11385,CF,outfield,27.5,
Matt den Dekker,34.0,2024,11385,CF,outfield,26.299999999999997,
Matt den Dekker,35.0,2025,11385,CF,outfield,25.099999999999998,
Matt den Dekker,36.0,2026,11385,CF,outfield,23.9,
Matt den Dekker,37.0,2027,11385,CF,outfield,22.7,
Matt den Dekker,38.0,2028,11385,CF,outfield,21.5,
Matt den Dekker,39.0,2029,11385,CF,outfield,20.3,
Matt den Dekker,40.0,2030,11385,CF,outfield,19.1,
Matt den Dekker,41.0,2031,11385,CF,outfield,17.900000000000002,
Matt den Dekker,28.0,2017,11385,LF,outfield,-11.733333333333333,
Matt den Dekker,29.0,2018,11385,LF,outfield,-12.333333333333332,
Matt den Dekker,30.0,2019,11385,LF,outfield,-12.933333333333334,
Matt den Dekker,31.0,2020,11385,LF,outfield,-13.533333333333333,
Matt den Dekker,32.0,2021,11385,LF,outfield,-14.733333333333333,
Matt den Dekker,33.0,2022,11385,LF,outfield,-15.933333333333334,
Matt den Dekker,34.0,2023,11385,LF,outfield,-17.133333333333333,
Matt den Dekker,35.0,2024,11385,LF,outfield,-18.333333333333332,
Matt den Dekker,36.0,2025,11385,LF,outfield,-19.53333333333333,
Matt den Dekker,37.0,2026,11385,LF,outfield,-20.733333333333334,
Matt den Dekker,38.0,2027,11385,LF,outfield,-21.93333333333333,
Matt den Dekker,39.0,2028,11385,LF,outfield,-23.133333333333333,
Matt den Dekker,40.0,2029,11385,LF,outfield,-24.33333333333333,
Matt den Dekker,41.0,2030,11385,LF,outfield,-25.53333333333333,
Matt den Dekker,42.0,2031,11385,LF,outfield,-26.733333333333327,
Matt den Dekker,28.0,2017,11385,RF,outfield,49.1,
Matt den Dekker,29.0,2018,11385,RF,outfield,48.5,
Matt den Dekker,30.0,2019,11385,RF,outfield,47.900000000000006,
Matt den Dekker,31.0,2020,11385,RF,outfield,47.300000000000004,
Matt den Dekker,32.0,2021,11385,RF,outfield,46.1,
Matt den Dekker,33.0,2022,11385,RF,outfield,44.900000000000006,
Matt den Dekker,34.0,2023,11385,RF,outfield,43.7,
Matt den Dekker,35.0,2024,11385,RF,outfield,42.5,
Matt den Dekker,36.0,2025,11385,RF,outfield,41.300000000000004,
Matt den Dekker,37.0,2026,11385,RF,outfield,40.1,
Matt den Dekker,38.0,2027,11385,RF,outfield,38.900000000000006,
Matt den Dekker,39.0,2028,11385,RF,outfield,37.7,
Matt den Dekker,40.0,2029,11385,RF,outfield,36.50000000000001,
Matt den Dekker,41.0,2030,11385,RF,outfield,35.300000000000004,
Matt den Dekker,42.0,2031,11385,RF,outfield,34.10000000000001,
Tyler Holt,28.0,2017,11391,CF,outfield,-8.066666666666668,
Tyler Holt,29.0,2018,11391,CF,outfield,-8.666666666666668,
Tyler Holt,30.0,2019,11391,CF,outfield,-9.266666666666667,
Tyler Holt,31.0,2020,11391,CF,outfield,-9.866666666666667,
Tyler Holt,32.0,2021,11391,CF,outfield,-11.066666666666666,
Tyler Holt,33.0,2022,11391,CF,outfield,-12.266666666666667,
Tyler Holt,34.0,2023,11391,CF,outfield,-13.466666666666669,
Tyler Holt,35.0,2024,11391,CF,outfield,-14.666666666666668,
Tyler Holt,36.0,2025,11391,CF,outfield,-15.866666666666667,
Tyler Holt,37.0,2026,11391,CF,outfield,-17.066666666666666,
Tyler Holt,38.0,2027,11391,CF,outfield,-18.266666666666666,
Tyler Holt,39.0,2028,11391,CF,outfield,-19.466666666666665,
Tyler Holt,40.0,2029,11391,CF,outfield,-20.666666666666664,
Tyler Holt,41.0,2030,11391,CF,outfield,-21.866666666666664,
Tyler Holt,42.0,2031,11391,CF,outfield,-23.066666666666663,
Tyler Holt,28.0,2017,11391,LF,outfield,0.5000000000000001,
Tyler Holt,29.0,2018,11391,LF,outfield,-0.09999999999999987,
Tyler Holt,30.0,2019,11391,LF,outfield,-0.6999999999999997,
Tyler Holt,31.0,2020,11391,LF,outfield,-1.2999999999999998,
Tyler Holt,32.0,2021,11391,LF,outfield,-2.4999999999999996,
Tyler Holt,33.0,2022,11391,LF,outfield,-3.6999999999999997,
Tyler Holt,34.0,2023,11391,LF,outfield,-4.9,
Tyler Holt,35.0,2024,11391,LF,outfield,-6.1,
Tyler Holt,36.0,2025,11391,LF,outfield,-7.300000000000001,
Tyler Holt,37.0,2026,11391,LF,outfield,-8.5,
Tyler Holt,38.0,2027,11391,LF,outfield,-9.7,
Tyler Holt,39.0,2028,11391,LF,outfield,-10.899999999999999,
Tyler Holt,40.0,2029,11391,LF,outfield,-12.099999999999998,
Tyler Holt,41.0,2030,11391,LF,outfield,-13.299999999999997,
Tyler Holt,42.0,2031,11391,LF,outfield,-14.499999999999996,
Tyler Holt,28.0,2017,11391,RF,outfield,-21.35,
Tyler Holt,29.0,2018,11391,RF,outfield,-21.95,
Tyler Holt,30.0,2019,11391,RF,outfield,-22.55,
Tyler Holt,31.0,2020,11391,RF,outfield,-23.15,
Tyler Holt,32.0,2021,11391,RF,outfield,-24.35,
Tyler Holt,33.0,2022,11391,RF,outfield,-25.55,
Tyler Holt,34.0,2023,11391,RF,outfield,-26.75,
Tyler Holt,35.0,2024,11391,RF,outfield,-27.95,
Tyler Holt,36.0,2025,11391,RF,outfield,-29.15,
Tyler Holt,37.0,2026,11391,RF,outfield,-30.35,
Tyler Holt,38.0,2027,11391,RF,outfield,-31.549999999999997,
Tyler Holt,39.0,2028,11391,RF,outfield,-32.75,
Tyler Holt,40.0,2029,11391,RF,outfield,-33.949999999999996,
Tyler Holt,41.0,2030,11391,RF,outfield,-35.15,
Tyler Holt,42.0,2031,11391,RF,outfield,-36.349999999999994,
Ronald Torreyes,24.0,2017,11400,2B,infield,-6.2,
Ronald Torreyes,25.0,2018,11400,2B,infield,-6.2,
Ronald Torreyes,26.0,2019,11400,2B,infield,-6.2,
Ronald Torreyes,27.0,2020,11400,2B,infield,-6.8,
Ronald Torreyes,28.0,2021,11400,2B,infield,-7.4,
Ronald Torreyes,29.0,2022,11400,2B,infield,-8.0,
Ronald Torreyes,30.0,2023,11400,2B,infield,-8.6,
Ronald Torreyes,31.0,2024,11400,2B,infield,-9.2,
Ronald Torreyes,32.0,2025,11400,2B,infield,-10.4,
Ronald Torreyes,33.0,2026,11400,2B,infield,-11.600000000000001,
Ronald Torreyes,34.0,2027,11400,2B,infield,-12.8,
Ronald Torreyes,35.0,2028,11400,2B,infield,-14.0,
Ronald Torreyes,36.0,2029,11400,2B,infield,-15.2,
Ronald Torreyes,37.0,2030,11400,2B,infield,-16.4,
Ronald Torreyes,38.0,2031,11400,2B,infield,-17.599999999999998,
Ronald Torreyes,24.0,2017,11400,3B,infield,10.1,
Ronald Torreyes,25.0,2018,11400,3B,infield,10.1,
Ronald Torreyes,26.0,2019,11400,3B,infield,10.1,
Ronald Torreyes,27.0,2020,11400,3B,infield,9.5,
Ronald Torreyes,28.0,2021,11400,3B,infield,8.9,
Ronald Torreyes,29.0,2022,11400,3B,infield,8.3,
Ronald Torreyes,30.0,2023,11400,3B,infield,7.699999999999999,
Ronald Torreyes,31.0,2024,11400,3B,infield,7.1,
Ronald Torreyes,32.0,2025,11400,3B,infield,5.8999999999999995,
Ronald Torreyes,33.0,2026,11400,3B,infield,4.699999999999999,
Ronald Torreyes,34.0,2027,11400,3B,infield,3.499999999999999,
Ronald Torreyes,35.0,2028,11400,3B,infield,2.299999999999999,
Ronald Torreyes,36.0,2029,11400,3B,infield,1.0999999999999996,
Ronald Torreyes,37.0,2030,11400,3B,infield,-0.09999999999999964,
Ronald Torreyes,38.0,2031,11400,3B,infield,-1.299999999999999,
Ronald Torreyes,24.0,2017,11400,SS,infield,-9.9,
Ronald Torreyes,25.0,2018,11400,SS,infield,-9.9,
Ronald Torreyes,26.0,2019,11400,SS,infield,-9.9,
Ronald Torreyes,27.0,2020,11400,SS,infield,-10.5,
Ronald Torreyes,28.0,2021,11400,SS,infield,-11.1,
Ronald Torreyes,29.0,2022,11400,SS,infield,-11.7,
Ronald Torreyes,30.0,2023,11400,SS,infield,-12.3,
Ronald Torreyes,31.0,2024,11400,SS,infield,-12.9,
Ronald Torreyes,32.0,2025,11400,SS,infield,-14.100000000000001,
Ronald Torreyes,33.0,2026,11400,SS,infield,-15.3,
Ronald Torreyes,34.0,2027,11400,SS,infield,-16.5,
Ronald Torreyes,35.0,2028,11400,SS,infield,-17.700000000000003,
Ronald Torreyes,36.0,2029,11400,SS,infield,-18.9,
Ronald Torreyes,37.0,2030,11400,SS,infield,-20.1,
Ronald Torreyes,38.0,2031,11400,SS,infield,-21.299999999999997,
Gary Sanchez,24.0,2017,11442,C,catcher,,12.816455696202532
Gary Sanchez,25.0,2018,11442,C,catcher,,12.816455696202532
Gary Sanchez,26.0,2019,11442,C,catcher,,12.816455696202532
Gary Sanchez,27.0,2020,11442,C,catcher,,12.216455696202532
Gary Sanchez,28.0,2021,11442,C,catcher,,11.616455696202532
Gary Sanchez,29.0,2022,11442,C,catcher,,11.01645569620253
Gary Sanchez,30.0,2023,11442,C,catcher,,10.416455696202531
Gary Sanchez,31.0,2024,11442,C,catcher,,9.816455696202532
Gary Sanchez,32.0,2025,11442,C,catcher,,8.616455696202532
Gary Sanchez,33.0,2026,11442,C,catcher,,7.416455696202531
Gary Sanchez,34.0,2027,11442,C,catcher,,6.216455696202531
Gary Sanchez,35.0,2028,11442,C,catcher,,5.016455696202531
Gary Sanchez,36.0,2029,11442,C,catcher,,3.8164556962025316
Gary Sanchez,37.0,2030,11442,C,catcher,,2.6164556962025323
Gary Sanchez,38.0,2031,11442,C,catcher,,1.416455696202533
Mark Canha,27.0,2017,11445,1B,infield,-6.199999999999999,
Mark Canha,28.0,2018,11445,1B,infield,-6.8,
Mark Canha,29.0,2019,11445,1B,infield,-7.3999999999999995,
Mark Canha,30.0,2020,11445,1B,infield,-8.0,
Mark Canha,31.0,2021,11445,1B,infield,-8.6,
Mark Canha,32.0,2022,11445,1B,infield,-9.8,
Mark Canha,33.0,2023,11445,1B,infield,-11.0,
Mark Canha,34.0,2024,11445,1B,infield,-12.2,
Mark Canha,35.0,2025,11445,1B,infield,-13.4,
Mark Canha,36.0,2026,11445,1B,infield,-14.6,
Mark Canha,37.0,2027,11445,1B,infield,-15.799999999999999,
Mark Canha,38.0,2028,11445,1B,infield,-17.0,
Mark Canha,39.0,2029,11445,1B,infield,-18.199999999999996,
Mark Canha,40.0,2030,11445,1B,infield,-19.4,
Mark Canha,41.0,2031,11445,1B,infield,-20.599999999999994,
Mark Canha,27.0,2017,11445,LF,outfield,3.3,
Mark Canha,28.0,2018,11445,LF,outfield,2.7,
Mark Canha,29.0,2019,11445,LF,outfield,2.1,
Mark Canha,30.0,2020,11445,LF,outfield,1.5,
Mark Canha,31.0,2021,11445,LF,outfield,0.8999999999999999,
Mark Canha,32.0,2022,11445,LF,outfield,-0.30000000000000027,
Mark Canha,33.0,2023,11445,LF,outfield,-1.5000000000000004,
Mark Canha,34.0,2024,11445,LF,outfield,-2.7000000000000006,
Mark Canha,35.0,2025,11445,LF,outfield,-3.900000000000001,
Mark Canha,36.0,2026,11445,LF,outfield,-5.1,
Mark Canha,37.0,2027,11445,LF,outfield,-6.299999999999999,
Mark Canha,38.0,2028,11445,LF,outfield,-7.499999999999998,
Mark Canha,39.0,2029,11445,LF,outfield,-8.699999999999998,
Mark Canha,40.0,2030,11445,LF,outfield,-9.899999999999997,
Mark Canha,41.0,2031,11445,LF,outfield,-11.099999999999996,
Tony Wolters,25.0,2017,11470,C,catcher,,10.77629215725404
Tony Wolters,26.0,2018,11470,C,catcher,,10.77629215725404
Tony Wolters,27.0,2019,11470,C,catcher,,10.176292157254041
Tony Wolters,28.0,2020,11470,C,catcher,,9.576292157254041
Tony Wolters,29.0,2021,11470,C,catcher,,8.97629215725404
Tony Wolters,30.0,2022,11470,C,catcher,,8.37629215725404
Tony Wolters,31.0,2023,11470,C,catcher,,7.776292157254041
Tony Wolters,32.0,2024,11470,C,catcher,,6.5762921572540405
Tony Wolters,33.0,2025,11470,C,catcher,,5.37629215725404
Tony Wolters,34.0,2026,11470,C,catcher,,4.17629215725404
Tony Wolters,35.0,2027,11470,C,catcher,,2.97629215725404
Tony Wolters,36.0,2028,11470,C,catcher,,1.7762921572540407
Tony Wolters,37.0,2029,11470,C,catcher,,0.5762921572540414
Tony Wolters,38.0,2030,11470,C,catcher,,-0.6237078427459579
Tony Wolters,39.0,2031,11470,C,catcher,,-1.8237078427459572
Dixon Machado,24.0,2017,11472,SS,infield,5.3,
Dixon Machado,25.0,2018,11472,SS,infield,5.3,
Dixon Machado,26.0,2019,11472,SS,infield,5.3,
Dixon Machado,27.0,2020,11472,SS,infield,4.7,
Dixon Machado,28.0,2021,11472,SS,infield,4.1,
Dixon Machado,29.0,2022,11472,SS,infield,3.5,
Dixon Machado,30.0,2023,11472,SS,infield,2.9,
Dixon Machado,31.0,2024,11472,SS,infield,2.3,
Dixon Machado,32.0,2025,11472,SS,infield,1.0999999999999996,
Dixon Machado,33.0,2026,11472,SS,infield,-0.10000000000000053,
Dixon Machado,34.0,2027,11472,SS,infield,-1.3000000000000007,
Dixon Machado,35.0,2028,11472,SS,infield,-2.500000000000001,
Dixon Machado,36.0,2029,11472,SS,infield,-3.7,
Dixon Machado,37.0,2030,11472,SS,infield,-4.8999999999999995,
Dixon Machado,38.0,2031,11472,SS,infield,-6.099999999999999,
Odubel Herrera,25.0,2017,11476,CF,outfield,5.666666666666667,
Odubel Herrera,26.0,2018,11476,CF,outfield,5.666666666666667,
Odubel Herrera,27.0,2019,11476,CF,outfield,5.066666666666667,
Odubel Herrera,28.0,2020,11476,CF,outfield,4.466666666666667,
Odubel Herrera,29.0,2021,11476,CF,outfield,3.866666666666667,
Odubel Herrera,30.0,2022,11476,CF,outfield,3.266666666666667,
Odubel Herrera,31.0,2023,11476,CF,outfield,2.666666666666667,
Odubel Herrera,32.0,2024,11476,CF,outfield,1.4666666666666668,
Odubel Herrera,33.0,2025,11476,CF,outfield,0.2666666666666666,
Odubel Herrera,34.0,2026,11476,CF,outfield,-0.9333333333333336,
Odubel Herrera,35.0,2027,11476,CF,outfield,-2.1333333333333337,
Odubel Herrera,36.0,2028,11476,CF,outfield,-3.333333333333333,
Odubel Herrera,37.0,2029,11476,CF,outfield,-4.533333333333332,
Odubel Herrera,38.0,2030,11476,CF,outfield,-5.733333333333332,
Odubel Herrera,39.0,2031,11476,CF,outfield,-6.933333333333331,
Christian Yelich,25.0,2017,11477,CF,outfield,-4.166666666666667,
Christian Yelich,26.0,2018,11477,CF,outfield,-4.166666666666667,
Christian Yelich,27.0,2019,11477,CF,outfield,-4.766666666666667,
Christian Yelich,28.0,2020,11477,CF,outfield,-5.366666666666667,
Christian Yelich,29.0,2021,11477,CF,outfield,-5.966666666666667,
Christian Yelich,30.0,2022,11477,CF,outfield,-6.566666666666666,
Christian Yelich,31.0,2023,11477,CF,outfield,-7.166666666666667,
Christian Yelich,32.0,2024,11477,CF,outfield,-8.366666666666667,
Christian Yelich,33.0,2025,11477,CF,outfield,-9.566666666666666,
Christian Yelich,34.0,2026,11477,CF,outfield,-10.766666666666667,
Christian Yelich,35.0,2027,11477,CF,outfield,-11.966666666666669,
Christian Yelich,36.0,2028,11477,CF,outfield,-13.166666666666668,
Christian Yelich,37.0,2029,11477,CF,outfield,-14.366666666666667,
Christian Yelich,38.0,2030,11477,CF,outfield,-15.566666666666666,
Christian Yelich,39.0,2031,11477,CF,outfield,-16.766666666666666,
Christian Yelich,25.0,2017,11477,LF,outfield,4.966666666666668,
Christian Yelich,26.0,2018,11477,LF,outfield,4.966666666666668,
Christian Yelich,27.0,2019,11477,LF,outfield,4.366666666666668,
Christian Yelich,28.0,2020,11477,LF,outfield,3.7666666666666675,
Christian Yelich,29.0,2021,11477,LF,outfield,3.166666666666668,
Christian Yelich,30.0,2022,11477,LF,outfield,2.5666666666666678,
Christian Yelich,31.0,2023,11477,LF,outfield,1.9666666666666677,
Christian Yelich,32.0,2024,11477,LF,outfield,0.7666666666666675,
Christian Yelich,33.0,2025,11477,LF,outfield,-0.4333333333333327,
Christian Yelich,34.0,2026,11477,LF,outfield,-1.6333333333333329,
Christian Yelich,35.0,2027,11477,LF,outfield,-2.833333333333333,
Christian Yelich,36.0,2028,11477,LF,outfield,-4.033333333333332,
Christian Yelich,37.0,2029,11477,LF,outfield,-5.233333333333332,
Christian Yelich,38.0,2030,11477,LF,outfield,-6.433333333333331,
Christian Yelich,39.0,2031,11477,LF,outfield,-7.63333333333333,
Michael A. Taylor,26.0,2017,11489,CF,outfield,1.0666666666666667,
Michael A. Taylor,27.0,2018,11489,CF,outfield,0.4666666666666667,
Michael A. Taylor,28.0,2019,11489,CF,outfield,-0.1333333333333333,
Michael A. Taylor,29.0,2020,11489,CF,outfield,-0.7333333333333332,
Michael A. Taylor,30.0,2021,11489,CF,outfield,-1.3333333333333333,
Michael A. Taylor,31.0,2022,11489,CF,outfield,-1.9333333333333333,
Michael A. Taylor,32.0,2023,11489,CF,outfield,-3.1333333333333337,
Michael A. Taylor,33.0,2024,11489,CF,outfield,-4.333333333333334,
Michael A. Taylor,34.0,2025,11489,CF,outfield,-5.533333333333334,
Michael A. Taylor,35.0,2026,11489,CF,outfield,-6.733333333333334,
Michael A. Taylor,36.0,2027,11489,CF,outfield,-7.933333333333334,
Michael A. Taylor,37.0,2028,11489,CF,outfield,-9.133333333333333,
Michael A. Taylor,38.0,2029,11489,CF,outfield,-10.333333333333332,
Michael A. Taylor,39.0,2030,11489,CF,outfield,-11.533333333333331,
Michael A. Taylor,40.0,2031,11489,CF,outfield,-12.73333333333333,
Michael A. Taylor,25.0,2017,11489,LF,outfield,15.6,
Michael A. Taylor,26.0,2018,11489,LF,outfield,15.6,
Michael A. Taylor,27.0,2019,11489,LF,outfield,15.0,
Michael A. Taylor,28.0,2020,11489,LF,outfield,14.4,
Michael A. Taylor,29.0,2021,11489,LF,outfield,13.8,
Michael A. Taylor,30.0,2022,11489,LF,outfield,13.2,
Michael A. Taylor,31.0,2023,11489,LF,outfield,12.6,
Michael A. Taylor,32.0,2024,11489,LF,outfield,11.399999999999999,
Michael A. Taylor,33.0,2025,11489,LF,outfield,10.2,
Michael A. Taylor,34.0,2026,11489,LF,outfield,9.0,
Michael A. Taylor,35.0,2027,11489,LF,outfield,7.799999999999999,
Michael A. Taylor,36.0,2028,11489,LF,outfield,6.6,
Michael A. Taylor,37.0,2029,11489,LF,outfield,5.4,
Michael A. Taylor,38.0,2030,11489,LF,outfield,4.200000000000001,
Michael A. Taylor,39.0,2031,11489,LF,outfield,3.0000000000000018,
Manny Machado,24.0,2017,11493,3B,infield,8.966666666666667,
Manny Machado,25.0,2018,11493,3B,infield,8.966666666666667,
Manny Machado,26.0,2019,11493,3B,infield,8.966666666666667,
Manny Machado,27.0,2020,11493,3B,infield,8.366666666666667,
Manny Machado,28.0,2021,11493,3B,infield,7.766666666666667,
Manny Machado,29.0,2022,11493,3B,infield,7.166666666666667,
Manny Machado,30.0,2023,11493,3B,infield,6.566666666666666,
Manny Machado,31.0,2024,11493,3B,infield,5.966666666666667,
Manny Machado,32.0,2025,11493,3B,infield,4.766666666666667,
Manny Machado,33.0,2026,11493,3B,infield,3.5666666666666664,
Manny Machado,34.0,2027,11493,3B,infield,2.3666666666666663,
Manny Machado,35.0,2028,11493,3B,infield,1.166666666666666,
Manny Machado,36.0,2029,11493,3B,infield,-0.033333333333333215,
Manny Machado,37.0,2030,11493,3B,infield,-1.2333333333333325,
Manny Machado,38.0,2031,11493,3B,infield,-2.433333333333332,
Manny Machado,24.0,2017,11493,SS,infield,-0.4666666666666668,
Manny Machado,25.0,2018,11493,SS,infield,-0.4666666666666668,
Manny Machado,26.0,2019,11493,SS,infield,-0.4666666666666668,
Manny Machado,27.0,2020,11493,SS,infield,-1.0666666666666669,
Manny Machado,28.0,2021,11493,SS,infield,-1.6666666666666667,
Manny Machado,29.0,2022,11493,SS,infield,-2.2666666666666666,
Manny Machado,30.0,2023,11493,SS,infield,-2.8666666666666667,
Manny Machado,31.0,2024,11493,SS,infield,-3.466666666666667,
Manny Machado,32.0,2025,11493,SS,infield,-4.666666666666667,
Manny Machado,33.0,2026,11493,SS,infield,-5.866666666666667,
Manny Machado,34.0,2027,11493,SS,infield,-7.066666666666667,
Manny Machado,35.0,2028,11493,SS,infield,-8.266666666666667,
Manny Machado,36.0,2029,11493,SS,infield,-9.466666666666667,
Manny Machado,37.0,2030,11493,SS,infield,-10.666666666666666,
Manny Machado,38.0,2031,11493,SS,infield,-11.866666666666665,
Kaleb Cowart,25.0,2017,11494,2B,infield,9.2,
Kaleb Cowart,26.0,2018,11494,2B,infield,9.2,
Kaleb Cowart,27.0,2019,11494,2B,infield,8.6,
Kaleb Cowart,28.0,2020,11494,2B,infield,7.999999999999999,
Kaleb Cowart,29.0,2021,11494,2B,infield,7.3999999999999995,
Kaleb Cowart,30.0,2022,11494,2B,infield,6.799999999999999,
Kaleb Cowart,31.0,2023,11494,2B,infield,6.199999999999999,
Kaleb Cowart,32.0,2024,11494,2B,infield,4.999999999999999,
Kaleb Cowart,33.0,2025,11494,2B,infield,3.799999999999999,
Kaleb Cowart,34.0,2026,11494,2B,infield,2.5999999999999988,
Kaleb Cowart,35.0,2027,11494,2B,infield,1.3999999999999986,
Kaleb Cowart,36.0,2028,11494,2B,infield,0.1999999999999993,
Kaleb Cowart,37.0,2029,11494,2B,infield,-1.0,
Kaleb Cowart,38.0,2030,11494,2B,infield,-2.1999999999999993,
Kaleb Cowart,39.0,2031,11494,2B,infield,-3.3999999999999986,
Kaleb Cowart,25.0,2017,11494,3B,infield,1.0999999999999999,
Kaleb Cowart,26.0,2018,11494,3B,infield,1.0999999999999999,
Kaleb Cowart,27.0,2019,11494,3B,infield,0.4999999999999999,
Kaleb Cowart,28.0,2020,11494,3B,infield,-0.10000000000000009,
Kaleb Cowart,29.0,2021,11494,3B,infield,-0.7,
Kaleb Cowart,30.0,2022,11494,3B,infield,-1.3,
Kaleb Cowart,31.0,2023,11494,3B,infield,-1.9000000000000001,
Kaleb Cowart,32.0,2024,11494,3B,infield,-3.1000000000000005,
Kaleb Cowart,33.0,2025,11494,3B,infield,-4.300000000000001,
Kaleb Cowart,34.0,2026,11494,3B,infield,-5.500000000000001,
Kaleb Cowart,35.0,2027,11494,3B,infield,-6.700000000000001,
Kaleb Cowart,36.0,2028,11494,3B,infield,-7.9,
Kaleb Cowart,37.0,2029,11494,3B,infield,-9.1,
Kaleb Cowart,38.0,2030,11494,3B,infield,-10.299999999999999,
Kaleb Cowart,39.0,2031,11494,3B,infield,-11.499999999999998,
Bryce Harper,23.0,2017,11579,CF,outfield,20.8,
Bryce Harper,24.0,2018,11579,CF,outfield,20.8,
Bryce Harper,25.0,2019,11579,CF,outfield,20.8,
Bryce Harper,26.0,2020,11579,CF,outfield,20.8,
Bryce Harper,27.0,2021,11579,CF,outfield,20.2,
Bryce Harper,28.0,2022,11579,CF,outfield,19.6,
Bryce Harper,29.0,2023,11579,CF,outfield,19.0,
Bryce Harper,30.0,2024,11579,CF,outfield,18.400000000000002,
Bryce Harper,31.0,2025,11579,CF,outfield,17.8,
Bryce Harper,32.0,2026,11579,CF,outfield,16.6,
Bryce Harper,33.0,2027,11579,CF,outfield,15.4,
Bryce Harper,34.0,2028,11579,CF,outfield,14.2,
Bryce Harper,35.0,2029,11579,CF,outfield,13.0,
Bryce Harper,36.0,2030,11579,CF,outfield,11.8,
Bryce Harper,37.0,2031,11579,CF,outfield,10.600000000000001,
Bryce Harper,22.0,2017,11579,LF,outfield,3.2,
Bryce Harper,23.0,2018,11579,LF,outfield,3.2,
Bryce Harper,24.0,2019,11579,LF,outfield,3.2,
Bryce Harper,25.0,2020,11579,LF,outfield,3.2,
Bryce Harper,26.0,2021,11579,LF,outfield,3.2,
Bryce Harper,27.0,2022,11579,LF,outfield,2.6,
Bryce Harper,28.0,2023,11579,LF,outfield,2.0,
Bryce Harper,29.0,2024,11579,LF,outfield,1.4000000000000004,
Bryce Harper,30.0,2025,11579,LF,outfield,0.8000000000000003,
Bryce Harper,31.0,2026,11579,LF,outfield,0.20000000000000018,
Bryce Harper,32.0,2027,11579,LF,outfield,-1.0,
Bryce Harper,33.0,2028,11579,LF,outfield,-2.2,
Bryce Harper,34.0,2029,11579,LF,outfield,-3.4000000000000004,
Bryce Harper,35.0,2030,11579,LF,outfield,-4.6000000000000005,
Bryce Harper,36.0,2031,11579,LF,outfield,-5.8,
Bryce Harper,24.0,2017,11579,RF,outfield,3.7500000000000004,
Bryce Harper,25.0,2018,11579,RF,outfield,3.7500000000000004,
Bryce Harper,26.0,2019,11579,RF,outfield,3.7500000000000004,
Bryce Harper,27.0,2020,11579,RF,outfield,3.1500000000000004,
Bryce Harper,28.0,2021,11579,RF,outfield,2.5500000000000007,
Bryce Harper,29.0,2022,11579,RF,outfield,1.9500000000000006,
Bryce Harper,30.0,2023,11579,RF,outfield,1.3500000000000005,
Bryce Harper,31.0,2024,11579,RF,outfield,0.7500000000000004,
Bryce Harper,32.0,2025,11579,RF,outfield,-0.44999999999999973,
Bryce Harper,33.0,2026,11579,RF,outfield,-1.65,
Bryce Harper,34.0,2027,11579,RF,outfield,-2.85,
Bryce Harper,35.0,2028,11579,RF,outfield,-4.050000000000001,
Bryce Harper,36.0,2029,11579,RF,outfield,-5.25,
Bryce Harper,37.0,2030,11579,RF,outfield,-6.449999999999999,
Bryce Harper,38.0,2031,11579,RF,outfield,-7.649999999999999,
Yolmer Sanchez,25.0,2017,11602,2B,infield,6.483333333333332,
Yolmer Sanchez,26.0,2018,11602,2B,infield,6.483333333333332,
Yolmer Sanchez,27.0,2019,11602,2B,infield,5.883333333333332,
Yolmer Sanchez,28.0,2020,11602,2B,infield,5.283333333333331,
Yolmer Sanchez,29.0,2021,11602,2B,infield,4.683333333333332,
Yolmer Sanchez,30.0,2022,11602,2B,infield,4.083333333333332,
Yolmer Sanchez,31.0,2023,11602,2B,infield,3.4833333333333316,
Yolmer Sanchez,32.0,2024,11602,2B,infield,2.2833333333333314,
Yolmer Sanchez,33.0,2025,11602,2B,infield,1.0833333333333313,
Yolmer Sanchez,34.0,2026,11602,2B,infield,-0.11666666666666892,
Yolmer Sanchez,35.0,2027,11602,2B,infield,-1.316666666666669,
Yolmer Sanchez,36.0,2028,11602,2B,infield,-2.5166666666666684,
Yolmer Sanchez,37.0,2029,11602,2B,infield,-3.7166666666666677,
Yolmer Sanchez,38.0,2030,11602,2B,infield,-4.916666666666667,
Yolmer Sanchez,39.0,2031,11602,2B,infield,-6.116666666666666,
Garin Cecchini,24.0,2017,11608,3B,infield,0.0,
Garin Cecchini,25.0,2018,11608,3B,infield,0.0,
Garin Cecchini,26.0,2019,11608,3B,infield,0.0,
Garin Cecchini,27.0,2020,11608,3B,infield,-0.6,
Garin Cecchini,28.0,2021,11608,3B,infield,-1.2,
Garin Cecchini,29.0,2022,11608,3B,infield,-1.7999999999999998,
Garin Cecchini,30.0,2023,11608,3B,infield,-2.4,
Garin Cecchini,31.0,2024,11608,3B,infield,-3.0,
Garin Cecchini,32.0,2025,11608,3B,infield,-4.2,
Garin Cecchini,33.0,2026,11608,3B,infield,-5.4,
Garin Cecchini,34.0,2027,11608,3B,infield,-6.6000000000000005,
Garin Cecchini,35.0,2028,11608,3B,infield,-7.800000000000001,
Garin Cecchini,36.0,2029,11608,3B,infield,-9.0,
Garin Cecchini,37.0,2030,11608,3B,infield,-10.2,
Garin Cecchini,38.0,2031,11608,3B,infield,-11.399999999999999,
Willson Contreras,25.0,2017,11609,C,catcher,,3.468653648509764
Willson Contreras,26.0,2018,11609,C,catcher,,3.468653648509764
Willson Contreras,27.0,2019,11609,C,catcher,,2.868653648509764
Willson Contreras,28.0,2020,11609,C,catcher,,2.2686536485097637
Willson Contreras,29.0,2021,11609,C,catcher,,1.668653648509764
Willson Contreras,30.0,2022,11609,C,catcher,,1.068653648509764
Willson Contreras,31.0,2023,11609,C,catcher,,0.4686536485097639
Willson Contreras,32.0,2024,11609,C,catcher,,-0.7313463514902363
Willson Contreras,33.0,2025,11609,C,catcher,,-1.9313463514902365
Willson Contreras,34.0,2026,11609,C,catcher,,-3.1313463514902367
Willson Contreras,35.0,2027,11609,C,catcher,,-4.331346351490237
Willson Contreras,36.0,2028,11609,C,catcher,,-5.531346351490236
Willson Contreras,37.0,2029,11609,C,catcher,,-6.731346351490235
Willson Contreras,38.0,2030,11609,C,catcher,,-7.931346351490235
Willson Contreras,39.0,2031,11609,C,catcher,,-9.131346351490233
Willson Contreras,25.0,2017,11609,LF,outfield,-8.9,
Willson Contreras,26.0,2018,11609,LF,outfield,-8.9,
Willson Contreras,27.0,2019,11609,LF,outfield,-9.5,
Willson Contreras,28.0,2020,11609,LF,outfield,-10.1,
Willson Contreras,29.0,2021,11609,LF,outfield,-10.7,
Willson Contreras,30.0,2022,11609,LF,outfield,-11.3,
Willson Contreras,31.0,2023,11609,LF,outfield,-11.9,
Willson Contreras,32.0,2024,11609,LF,outfield,-13.100000000000001,
Willson Contreras,33.0,2025,11609,LF,outfield,-14.3,
Willson Contreras,34.0,2026,11609,LF,outfield,-15.5,
Willson Contreras,35.0,2027,11609,LF,outfield,-16.700000000000003,
Willson Contreras,36.0,2028,11609,LF,outfield,-17.9,
Willson Contreras,37.0,2029,11609,LF,outfield,-19.1,
Willson Contreras,38.0,2030,11609,LF,outfield,-20.299999999999997,
Willson Contreras,39.0,2031,11609,LF,outfield,-21.5,
Brandon Drury,24.0,2017,11615,2B,infield,-9.0,
Brandon Drury,25.0,2018,11615,2B,infield,-9.0,
Brandon Drury,26.0,2019,11615,2B,infield,-9.0,
Brandon Drury,27.0,2020,11615,2B,infield,-9.6,
Brandon Drury,28.0,2021,11615,2B,infield,-10.2,
Brandon Drury,29.0,2022,11615,2B,infield,-10.8,
Brandon Drury,30.0,2023,11615,2B,infield,-11.4,
Brandon Drury,31.0,2024,11615,2B,infield,-12.0,
Brandon Drury,32.0,2025,11615,2B,infield,-13.2,
Brandon Drury,33.0,2026,11615,2B,infield,-14.4,
Brandon Drury,34.0,2027,11615,2B,infield,-15.600000000000001,
Brandon Drury,35.0,2028,11615,2B,infield,-16.8,
Brandon Drury,36.0,2029,11615,2B,infield,-18.0,
Brandon Drury,37.0,2030,11615,2B,infield,-19.2,
Brandon Drury,38.0,2031,11615,2B,infield,-20.4,
Brandon Drury,24.0,2017,11615,3B,infield,-1.2999999999999996,
Brandon Drury,25.0,2018,11615,3B,infield,-1.2999999999999996,
Brandon Drury,26.0,2019,11615,3B,infield,-1.2999999999999996,
Brandon Drury,27.0,2020,11615,3B,infield,-1.8999999999999995,
Brandon Drury,28.0,2021,11615,3B,infield,-2.4999999999999996,
Brandon Drury,29.0,2022,11615,3B,infield,-3.0999999999999996,
Brandon Drury,30.0,2023,11615,3B,infield,-3.6999999999999993,
Brandon Drury,31.0,2024,11615,3B,infield,-4.3,
Brandon Drury,32.0,2025,11615,3B,infield,-5.5,
Brandon Drury,33.0,2026,11615,3B,infield,-6.7,
Brandon Drury,34.0,2027,11615,3B,infield,-7.9,
Brandon Drury,35.0,2028,11615,3B,infield,-9.1,
Brandon Drury,36.0,2029,11615,3B,infield,-10.299999999999999,
Brandon Drury,37.0,2030,11615,3B,infield,-11.499999999999998,
Brandon Drury,38.0,2031,11615,3B,infield,-12.699999999999998,
Brandon Drury,24.0,2017,11615,LF,outfield,-7.8,
Brandon Drury,25.0,2018,11615,LF,outfield,-7.8,
Brandon Drury,26.0,2019,11615,LF,outfield,-7.8,
Brandon Drury,27.0,2020,11615,LF,outfield,-8.4,
Brandon Drury,28.0,2021,11615,LF,outfield,-9.0,
Brandon Drury,29.0,2022,11615,LF,outfield,-9.6,
Brandon Drury,30.0,2023,11615,LF,outfield,-10.2,
Brandon Drury,31.0,2024,11615,LF,outfield,-10.8,
Brandon Drury,32.0,2025,11615,LF,outfield,-12.0,
Brandon Drury,33.0,2026,11615,LF,outfield,-13.2,
Brandon Drury,34.0,2027,11615,LF,outfield,-14.4,
Brandon Drury,35.0,2028,11615,LF,outfield,-15.600000000000001,
Brandon Drury,36.0,2029,11615,LF,outfield,-16.8,
Brandon Drury,37.0,2030,11615,LF,outfield,-18.0,
Brandon Drury,38.0,2031,11615,LF,outfield,-19.2,
Brandon Drury,24.0,2017,11615,RF,outfield,-20.3,
Brandon Drury,25.0,2018,11615,RF,outfield,-20.3,
Brandon Drury,26.0,2019,11615,RF,outfield,-20.3,
Brandon Drury,27.0,2020,11615,RF,outfield,-20.900000000000002,
Brandon Drury,28.0,2021,11615,RF,outfield,-21.5,
Brandon Drury,29.0,2022,11615,RF,outfield,-22.1,
Brandon Drury,30.0,2023,11615,RF,outfield,-22.7,
Brandon Drury,31.0,2024,11615,RF,outfield,-23.3,
Brandon Drury,32.0,2025,11615,RF,outfield,-24.5,
Brandon Drury,33.0,2026,11615,RF,outfield,-25.700000000000003,
Brandon Drury,34.0,2027,11615,RF,outfield,-26.900000000000002,
Brandon Drury,35.0,2028,11615,RF,outfield,-28.1,
Brandon Drury,36.0,2029,11615,RF,outfield,-29.3,
Brandon Drury,37.0,2030,11615,RF,outfield,-30.5,
Brandon Drury,38.0,2031,11615,RF,outfield,-31.7,
Jarrett Parker,28.0,2017,11624,LF,outfield,3.3,
Jarrett Parker,29.0,2018,11624,LF,outfield,2.7,
Jarrett Parker,30.0,2019,11624,LF,outfield,2.1,
Jarrett Parker,31.0,2020,11624,LF,outfield,1.5,
Jarrett Parker,32.0,2021,11624,LF,outfield,0.30000000000000027,
Jarrett Parker,33.0,2022,11624,LF,outfield,-0.8999999999999999,
Jarrett Parker,34.0,2023,11624,LF,outfield,-2.1,
Jarrett Parker,35.0,2024,11624,LF,outfield,-3.3000000000000003,
Jarrett Parker,36.0,2025,11624,LF,outfield,-4.5,
Jarrett Parker,37.0,2026,11624,LF,outfield,-5.699999999999999,
Jarrett Parker,38.0,2027,11624,LF,outfield,-6.899999999999999,
Jarrett Parker,39.0,2028,11624,LF,outfield,-8.099999999999998,
Jarrett Parker,40.0,2029,11624,LF,outfield,-9.299999999999997,
Jarrett Parker,41.0,2030,11624,LF,outfield,-10.499999999999996,
Jarrett Parker,42.0,2031,11624,LF,outfield,-11.699999999999996,
Jarrett Parker,28.0,2017,11624,RF,outfield,-19.2,
Jarrett Parker,29.0,2018,11624,RF,outfield,-19.799999999999997,
Jarrett Parker,30.0,2019,11624,RF,outfield,-20.4,
Jarrett Parker,31.0,2020,11624,RF,outfield,-20.999999999999996,
Jarrett Parker,32.0,2021,11624,RF,outfield,-22.199999999999996,
Jarrett Parker,33.0,2022,11624,RF,outfield,-23.4,
Jarrett Parker,34.0,2023,11624,RF,outfield,-24.599999999999998,
Jarrett Parker,35.0,2024,11624,RF,outfield,-25.799999999999997,
Jarrett Parker,36.0,2025,11624,RF,outfield,-27.0,
Jarrett Parker,37.0,2026,11624,RF,outfield,-28.199999999999996,
Jarrett Parker,38.0,2027,11624,RF,outfield,-29.4,
Jarrett Parker,39.0,2028,11624,RF,outfield,-30.599999999999994,
Jarrett Parker,40.0,2029,11624,RF,outfield,-31.799999999999997,
Jarrett Parker,41.0,2030,11624,RF,outfield,-32.99999999999999,
Jarrett Parker,42.0,2031,11624,RF,outfield,-34.199999999999996,
Nick Castellanos,25.0,2017,11737,3B,infield,-5.349999999999999,
Nick Castellanos,26.0,2018,11737,3B,infield,-5.349999999999999,
Nick Castellanos,27.0,2019,11737,3B,infield,-5.949999999999998,
Nick Castellanos,28.0,2020,11737,3B,infield,-6.549999999999999,
Nick Castellanos,29.0,2021,11737,3B,infield,-7.149999999999999,
Nick Castellanos,30.0,2022,11737,3B,infield,-7.749999999999998,
Nick Castellanos,31.0,2023,11737,3B,infield,-8.349999999999998,
Nick Castellanos,32.0,2024,11737,3B,infield,-9.549999999999999,
Nick Castellanos,33.0,2025,11737,3B,infield,-10.75,
Nick Castellanos,34.0,2026,11737,3B,infield,-11.95,
Nick Castellanos,35.0,2027,11737,3B,infield,-13.149999999999999,
Nick Castellanos,36.0,2028,11737,3B,infield,-14.349999999999998,
Nick Castellanos,37.0,2029,11737,3B,infield,-15.549999999999997,
Nick Castellanos,38.0,2030,11737,3B,infield,-16.749999999999996,
Nick Castellanos,39.0,2031,11737,3B,infield,-17.949999999999996,
J.T. Realmuto,26.0,2017,11739,C,catcher,,-10.249640071758257
J.T. Realmuto,27.0,2018,11739,C,catcher,,-10.849640071758257
J.T. Realmuto,28.0,2019,11739,C,catcher,,-11.449640071758257
J.T. Realmuto,29.0,2020,11739,C,catcher,,-12.049640071758258
J.T. Realmuto,30.0,2021,11739,C,catcher,,-12.649640071758258
J.T. Realmuto,31.0,2022,11739,C,catcher,,-13.249640071758257
J.T. Realmuto,32.0,2023,11739,C,catcher,,-14.449640071758257
J.T. Realmuto,33.0,2024,11739,C,catcher,,-15.649640071758258
J.T. Realmuto,34.0,2025,11739,C,catcher,,-16.84964007175826
J.T. Realmuto,35.0,2026,11739,C,catcher,,-18.049640071758258
J.T. Realmuto,36.0,2027,11739,C,catcher,,-19.249640071758257
J.T. Realmuto,37.0,2028,11739,C,catcher,,-20.449640071758257
J.T. Realmuto,38.0,2029,11739,C,catcher,,-21.649640071758256
J.T. Realmuto,39.0,2030,11739,C,catcher,,-22.849640071758255
J.T. Realmuto,40.0,2031,11739,C,catcher,,-24.049640071758255
Stefen Romero,26.0,2017,11746,RF,outfield,-10.2,
Stefen Romero,27.0,2018,11746,RF,outfield,-10.799999999999999,
Stefen Romero,28.0,2019,11746,RF,outfield,-11.399999999999999,
Stefen Romero,29.0,2020,11746,RF,outfield,-12.0,
Stefen Romero,30.0,2021,11746,RF,outfield,-12.6,
Stefen Romero,31.0,2022,11746,RF,outfield,-13.2,
Stefen Romero,32.0,2023,11746,RF,outfield,-14.399999999999999,
Stefen Romero,33.0,2024,11746,RF,outfield,-15.6,
Stefen Romero,34.0,2025,11746,RF,outfield,-16.8,
Stefen Romero,35.0,2026,11746,RF,outfield,-18.0,
Stefen Romero,36.0,2027,11746,RF,outfield,-19.2,
Stefen Romero,37.0,2028,11746,RF,outfield,-20.4,
Stefen Romero,38.0,2029,11746,RF,outfield,-21.599999999999998,
Stefen Romero,39.0,2030,11746,RF,outfield,-22.799999999999997,
Stefen Romero,40.0,2031,11746,RF,outfield,-23.999999999999996,
Kyle Parker,26.0,2017,11763,LF,outfield,-9.8,
Kyle Parker,27.0,2018,11763,LF,outfield,-10.4,
Kyle Parker,28.0,2019,11763,LF,outfield,-11.0,
Kyle Parker,29.0,2020,11763,LF,outfield,-11.600000000000001,
Kyle Parker,30.0,2021,11763,LF,outfield,-12.200000000000001,
Kyle Parker,31.0,2022,11763,LF,outfield,-12.8,
Kyle Parker,32.0,2023,11763,LF,outfield,-14.0,
Kyle Parker,33.0,2024,11763,LF,outfield,-15.200000000000001,
Kyle Parker,34.0,2025,11763,LF,outfield,-16.400000000000002,
Kyle Parker,35.0,2026,11763,LF,outfield,-17.6,
Kyle Parker,36.0,2027,11763,LF,outfield,-18.8,
Kyle Parker,37.0,2028,11763,LF,outfield,-20.0,
Kyle Parker,38.0,2029,11763,LF,outfield,-21.2,
Kyle Parker,39.0,2030,11763,LF,outfield,-22.4,
Kyle Parker,40.0,2031,11763,LF,outfield,-23.599999999999998,
Jason Rogers,28.0,2017,11773,1B,infield,0.30000000000000004,
Jason Rogers,29.0,2018,11773,1B,infield,-0.29999999999999993,
Jason Rogers,30.0,2019,11773,1B,infield,-0.8999999999999998,
Jason Rogers,31.0,2020,11773,1B,infield,-1.5,
Jason Rogers,32.0,2021,11773,1B,infield,-2.6999999999999997,
Jason Rogers,33.0,2022,11773,1B,infield,-3.9,
Jason Rogers,34.0,2023,11773,1B,infield,-5.1,
Jason Rogers,35.0,2024,11773,1B,infield,-6.3,
Jason Rogers,36.0,2025,11773,1B,infield,-7.5,
Jason Rogers,37.0,2026,11773,1B,infield,-8.7,
Jason Rogers,38.0,2027,11773,1B,infield,-9.899999999999999,
Jason Rogers,39.0,2028,11773,1B,infield,-11.099999999999998,
Jason Rogers,40.0,2029,11773,1B,infield,-12.299999999999997,
Jason Rogers,41.0,2030,11773,1B,infield,-13.499999999999996,
Jason Rogers,42.0,2031,11773,1B,infield,-14.699999999999996,
Leonys Martin,29.0,2017,11846,CF,outfield,9.083333333333334,
Leonys Martin,30.0,2018,11846,CF,outfield,8.483333333333334,
Leonys Martin,31.0,2019,11846,CF,outfield,7.883333333333334,
Leonys Martin,32.0,2020,11846,CF,outfield,6.683333333333334,
Leonys Martin,33.0,2021,11846,CF,outfield,5.483333333333333,
Leonys Martin,34.0,2022,11846,CF,outfield,4.283333333333333,
Leonys Martin,35.0,2023,11846,CF,outfield,3.083333333333333,
Leonys Martin,36.0,2024,11846,CF,outfield,1.8833333333333329,
Leonys Martin,37.0,2025,11846,CF,outfield,0.6833333333333336,
Leonys Martin,38.0,2026,11846,CF,outfield,-0.5166666666666657,
Leonys Martin,39.0,2027,11846,CF,outfield,-1.716666666666665,
Leonys Martin,40.0,2028,11846,CF,outfield,-2.9166666666666643,
Leonys Martin,41.0,2029,11846,CF,outfield,-4.116666666666664,
Leonys Martin,42.0,2030,11846,CF,outfield,-5.316666666666663,
Tyler Austin,25.0,2017,11850,1B,infield,-2.4,
Tyler Austin,26.0,2018,11850,1B,infield,-2.4,
Tyler Austin,27.0,2019,11850,1B,infield,-3.0,
Tyler Austin,28.0,2020,11850,1B,infield,-3.5999999999999996,
Tyler Austin,29.0,2021,11850,1B,infield,-4.199999999999999,
Tyler Austin,30.0,2022,11850,1B,infield,-4.8,
Tyler Austin,31.0,2023,11850,1B,infield,-5.4,
Tyler Austin,32.0,2024,11850,1B,infield,-6.6,
Tyler Austin,33.0,2025,11850,1B,infield,-7.800000000000001,
Tyler Austin,34.0,2026,11850,1B,infield,-9.0,
Tyler Austin,35.0,2027,11850,1B,infield,-10.200000000000001,
Tyler Austin,36.0,2028,11850,1B,infield,-11.4,
Tyler Austin,37.0,2029,11850,1B,infield,-12.6,
Tyler Austin,38.0,2030,11850,1B,infield,-13.799999999999999,
Tyler Austin,39.0,2031,11850,1B,infield,-14.999999999999998,
Steven Moya,25.0,2017,11854,LF,outfield,-9.8,
Steven Moya,26.0,2018,11854,LF,outfield,-9.8,
Steven Moya,27.0,2019,11854,LF,outfield,-10.4,
Steven Moya,28.0,2020,11854,LF,outfield,-11.0,
Steven Moya,29.0,2021,11854,LF,outfield,-11.600000000000001,
Steven Moya,30.0,2022,11854,LF,outfield,-12.200000000000001,
Steven Moya,31.0,2023,11854,LF,outfield,-12.8,
Steven Moya,32.0,2024,11854,LF,outfield,-14.0,
Steven Moya,33.0,2025,11854,LF,outfield,-15.200000000000001,
Steven Moya,34.0,2026,11854,LF,outfield,-16.400000000000002,
Steven Moya,35.0,2027,11854,LF,outfield,-17.6,
Steven Moya,36.0,2028,11854,LF,outfield,-18.8,
Steven Moya,37.0,2029,11854,LF,outfield,-20.0,
Steven Moya,38.0,2030,11854,LF,outfield,-21.2,
Steven Moya,39.0,2031,11854,LF,outfield,-22.4,
Steven Moya,25.0,2017,11854,RF,outfield,-33.4,
Steven Moya,26.0,2018,11854,RF,outfield,-33.4,
Steven Moya,27.0,2019,11854,RF,outfield,-34.0,
Steven Moya,28.0,2020,11854,RF,outfield,-34.6,
Steven Moya,29.0,2021,11854,RF,outfield,-35.199999999999996,
Steven Moya,30.0,2022,11854,RF,outfield,-35.8,
Steven Moya,31.0,2023,11854,RF,outfield,-36.4,
Steven Moya,32.0,2024,11854,RF,outfield,-37.6,
Steven Moya,33.0,2025,11854,RF,outfield,-38.8,
Steven Moya,34.0,2026,11854,RF,outfield,-40.0,
Steven Moya,35.0,2027,11854,RF,outfield,-41.2,
Steven Moya,36.0,2028,11854,RF,outfield,-42.4,
Steven Moya,37.0,2029,11854,RF,outfield,-43.599999999999994,
Steven Moya,38.0,2030,11854,RF,outfield,-44.8,
Steven Moya,39.0,2031,11854,RF,outfield,-46.0,
Mason Williams,24.0,2017,11859,CF,outfield,0.4,
Mason Williams,25.0,2018,11859,CF,outfield,0.4,
Mason Williams,26.0,2019,11859,CF,outfield,0.4,
Mason Williams,27.0,2020,11859,CF,outfield,-0.19999999999999996,
Mason Williams,28.0,2021,11859,CF,outfield,-0.7999999999999999,
Mason Williams,29.0,2022,11859,CF,outfield,-1.4,
Mason Williams,30.0,2023,11859,CF,outfield,-2.0,
Mason Williams,31.0,2024,11859,CF,outfield,-2.6,
Mason Williams,32.0,2025,11859,CF,outfield,-3.8000000000000003,
Mason Williams,33.0,2026,11859,CF,outfield,-5.0,
Mason Williams,34.0,2027,11859,CF,outfield,-6.2,
Mason Williams,35.0,2028,11859,CF,outfield,-7.4,
Mason Williams,36.0,2029,11859,CF,outfield,-8.6,
Mason Williams,37.0,2030,11859,CF,outfield,-9.799999999999999,
Mason Williams,38.0,2031,11859,CF,outfield,-10.999999999999998,
Yadiel Rivera,25.0,2017,11863,2B,infield,-12.6,
Yadiel Rivera,26.0,2018,11863,2B,infield,-12.6,
Yadiel Rivera,27.0,2019,11863,2B,infield,-13.2,
Yadiel Rivera,28.0,2020,11863,2B,infield,-13.799999999999999,
Yadiel Rivera,29.0,2021,11863,2B,infield,-14.399999999999999,
Yadiel Rivera,30.0,2022,11863,2B,infield,-15.0,
Yadiel Rivera,31.0,2023,11863,2B,infield,-15.6,
Yadiel Rivera,32.0,2024,11863,2B,infield,-16.8,
Yadiel Rivera,33.0,2025,11863,2B,infield,-18.0,
Yadiel Rivera,34.0,2026,11863,2B,infield,-19.2,
Yadiel Rivera,35.0,2027,11863,2B,infield,-20.4,
Yadiel Rivera,36.0,2028,11863,2B,infield,-21.6,
Yadiel Rivera,37.0,2029,11863,2B,infield,-22.799999999999997,
Yadiel Rivera,38.0,2030,11863,2B,infield,-24.0,
Yadiel Rivera,39.0,2031,11863,2B,infield,-25.199999999999996,
Yadiel Rivera,25.0,2017,11863,3B,infield,-16.7,
Yadiel Rivera,26.0,2018,11863,3B,infield,-16.7,
Yadiel Rivera,27.0,2019,11863,3B,infield,-17.3,
Yadiel Rivera,28.0,2020,11863,3B,infield,-17.9,
Yadiel Rivera,29.0,2021,11863,3B,infield,-18.5,
Yadiel Rivera,30.0,2022,11863,3B,infield,-19.099999999999998,
Yadiel Rivera,31.0,2023,11863,3B,infield,-19.7,
Yadiel Rivera,32.0,2024,11863,3B,infield,-20.9,
Yadiel Rivera,33.0,2025,11863,3B,infield,-22.1,
Yadiel Rivera,34.0,2026,11863,3B,infield,-23.3,
Yadiel Rivera,35.0,2027,11863,3B,infield,-24.5,
Yadiel Rivera,36.0,2028,11863,3B,infield,-25.7,
Yadiel Rivera,37.0,2029,11863,3B,infield,-26.9,
Yadiel Rivera,38.0,2030,11863,3B,infield,-28.099999999999998,
Yadiel Rivera,39.0,2031,11863,3B,infield,-29.299999999999997,
Joc Pederson,25.0,2017,11899,CF,outfield,-0.3333333333333333,
Joc Pederson,26.0,2018,11899,CF,outfield,-0.3333333333333333,
Joc Pederson,27.0,2019,11899,CF,outfield,-0.9333333333333333,
Joc Pederson,28.0,2020,11899,CF,outfield,-1.5333333333333332,
Joc Pederson,29.0,2021,11899,CF,outfield,-2.1333333333333333,
Joc Pederson,30.0,2022,11899,CF,outfield,-2.7333333333333334,
Joc Pederson,31.0,2023,11899,CF,outfield,-3.3333333333333335,
Joc Pederson,32.0,2024,11899,CF,outfield,-4.533333333333333,
Joc Pederson,33.0,2025,11899,CF,outfield,-5.733333333333333,
Joc Pederson,34.0,2026,11899,CF,outfield,-6.933333333333334,
Joc Pederson,35.0,2027,11899,CF,outfield,-8.133333333333335,
Joc Pederson,36.0,2028,11899,CF,outfield,-9.333333333333334,
Joc Pederson,37.0,2029,11899,CF,outfield,-10.533333333333333,
Joc Pederson,38.0,2030,11899,CF,outfield,-11.733333333333333,
Joc Pederson,39.0,2031,11899,CF,outfield,-12.933333333333332,
Hanser Alberto,23.0,2017,11902,2B,infield,27.2,
Hanser Alberto,24.0,2018,11902,2B,infield,27.2,
Hanser Alberto,25.0,2019,11902,2B,infield,27.2,
Hanser Alberto,26.0,2020,11902,2B,infield,27.2,
Hanser Alberto,27.0,2021,11902,2B,infield,26.599999999999998,
Hanser Alberto,28.0,2022,11902,2B,infield,26.0,
Hanser Alberto,29.0,2023,11902,2B,infield,25.4,
Hanser Alberto,30.0,2024,11902,2B,infield,24.8,
Hanser Alberto,31.0,2025,11902,2B,infield,24.2,
Hanser Alberto,32.0,2026,11902,2B,infield,23.0,
Hanser Alberto,33.0,2027,11902,2B,infield,21.799999999999997,
Hanser Alberto,34.0,2028,11902,2B,infield,20.599999999999998,
Hanser Alberto,35.0,2029,11902,2B,infield,19.4,
Hanser Alberto,36.0,2030,11902,2B,infield,18.2,
Hanser Alberto,37.0,2031,11902,2B,infield,17.0,
Hanser Alberto,24.0,2017,11902,SS,infield,61.4,
Hanser Alberto,25.0,2018,11902,SS,infield,61.4,
Hanser Alberto,26.0,2019,11902,SS,infield,61.4,
Hanser Alberto,27.0,2020,11902,SS,infield,60.8,
Hanser Alberto,28.0,2021,11902,SS,infield,60.199999999999996,
Hanser Alberto,29.0,2022,11902,SS,infield,59.6,
Hanser Alberto,30.0,2023,11902,SS,infield,59.0,
Hanser Alberto,31.0,2024,11902,SS,infield,58.4,
Hanser Alberto,32.0,2025,11902,SS,infield,57.199999999999996,
Hanser Alberto,33.0,2026,11902,SS,infield,56.0,
Hanser Alberto,34.0,2027,11902,SS,infield,54.8,
Hanser Alberto,35.0,2028,11902,SS,infield,53.599999999999994,
Hanser Alberto,36.0,2029,11902,SS,infield,52.4,
Hanser Alberto,37.0,2030,11902,SS,infield,51.2,
Hanser Alberto,38.0,2031,11902,SS,infield,50.0,
Joe Panik,26.0,2017,11936,2B,infield,4.35,
Joe Panik,27.0,2018,11936,2B,infield,3.7499999999999996,
Joe Panik,28.0,2019,11936,2B,infield,3.1499999999999995,
Joe Panik,29.0,2020,11936,2B,infield,2.55,
Joe Panik,30.0,2021,11936,2B,infield,1.9499999999999997,
Joe Panik,31.0,2022,11936,2B,infield,1.3499999999999996,
Joe Panik,32.0,2023,11936,2B,infield,0.14999999999999947,
Joe Panik,33.0,2024,11936,2B,infield,-1.0500000000000007,
Joe Panik,34.0,2025,11936,2B,infield,-2.250000000000001,
Joe Panik,35.0,2026,11936,2B,infield,-3.450000000000001,
Joe Panik,36.0,2027,11936,2B,infield,-4.65,
Joe Panik,37.0,2028,11936,2B,infield,-5.85,
Joe Panik,38.0,2029,11936,2B,infield,-7.049999999999999,
Joe Panik,39.0,2030,11936,2B,infield,-8.249999999999998,
Joe Panik,40.0,2031,11936,2B,infield,-9.449999999999998,
Travis Shaw,27.0,2017,11982,1B,infield,10.733333333333334,
Travis Shaw,28.0,2018,11982,1B,infield,10.133333333333335,
Travis Shaw,29.0,2019,11982,1B,infield,9.533333333333335,
Travis Shaw,30.0,2020,11982,1B,infield,8.933333333333334,
Travis Shaw,31.0,2021,11982,1B,infield,8.333333333333334,
Travis Shaw,32.0,2022,11982,1B,infield,7.133333333333334,
Travis Shaw,33.0,2023,11982,1B,infield,5.933333333333334,
Travis Shaw,34.0,2024,11982,1B,infield,4.733333333333333,
Travis Shaw,35.0,2025,11982,1B,infield,3.533333333333333,
Travis Shaw,36.0,2026,11982,1B,infield,2.333333333333334,
Travis Shaw,37.0,2027,11982,1B,infield,1.1333333333333346,
Travis Shaw,38.0,2028,11982,1B,infield,-0.06666666666666465,
Travis Shaw,39.0,2029,11982,1B,infield,-1.266666666666664,
Travis Shaw,40.0,2030,11982,1B,infield,-2.4666666666666632,
Travis Shaw,41.0,2031,11982,1B,infield,-3.6666666666666625,
Travis Shaw,27.0,2017,11982,3B,infield,6.966666666666667,
Travis Shaw,28.0,2018,11982,3B,infield,6.366666666666666,
Travis Shaw,29.0,2019,11982,3B,infield,5.766666666666667,
Travis Shaw,30.0,2020,11982,3B,infield,5.166666666666666,
Travis Shaw,31.0,2021,11982,3B,infield,4.566666666666666,
Travis Shaw,32.0,2022,11982,3B,infield,3.3666666666666663,
Travis Shaw,33.0,2023,11982,3B,infield,2.166666666666666,
Travis Shaw,34.0,2024,11982,3B,infield,0.9666666666666659,
Travis Shaw,35.0,2025,11982,3B,infield,-0.23333333333333428,
Travis Shaw,36.0,2026,11982,3B,infield,-1.4333333333333336,
Travis Shaw,37.0,2027,11982,3B,infield,-2.633333333333333,
Travis Shaw,38.0,2028,11982,3B,infield,-3.833333333333332,
Travis Shaw,39.0,2029,11982,3B,infield,-5.033333333333331,
Travis Shaw,40.0,2030,11982,3B,infield,-6.233333333333331,
Travis Shaw,41.0,2031,11982,3B,infield,-7.43333333333333,
Cody Asche,26.0,2017,11997,3B,infield,-5.033333333333334,
Cody Asche,27.0,2018,11997,3B,infield,-5.633333333333334,
Cody Asche,28.0,2019,11997,3B,infield,-6.233333333333334,
Cody Asche,29.0,2020,11997,3B,infield,-6.833333333333334,
Cody Asche,30.0,2021,11997,3B,infield,-7.433333333333334,
Cody Asche,31.0,2022,11997,3B,infield,-8.033333333333335,
Cody Asche,32.0,2023,11997,3B,infield,-9.233333333333334,
Cody Asche,33.0,2024,11997,3B,infield,-10.433333333333334,
Cody Asche,34.0,2025,11997,3B,infield,-11.633333333333335,
Cody Asche,35.0,2026,11997,3B,infield,-12.833333333333336,
Cody Asche,36.0,2027,11997,3B,infield,-14.033333333333335,
Cody Asche,37.0,2028,11997,3B,infield,-15.233333333333334,
Cody Asche,38.0,2029,11997,3B,infield,-16.433333333333334,
Cody Asche,39.0,2030,11997,3B,infield,-17.633333333333333,
Cody Asche,40.0,2031,11997,3B,infield,-18.833333333333332,
Cody Asche,27.0,2017,11997,LF,outfield,-10.233333333333333,
Cody Asche,28.0,2018,11997,LF,outfield,-10.833333333333332,
Cody Asche,29.0,2019,11997,LF,outfield,-11.433333333333334,
Cody Asche,30.0,2020,11997,LF,outfield,-12.033333333333333,
Cody Asche,31.0,2021,11997,LF,outfield,-12.633333333333333,
Cody Asche,32.0,2022,11997,LF,outfield,-13.833333333333332,
Cody Asche,33.0,2023,11997,LF,outfield,-15.033333333333333,
Cody Asche,34.0,2024,11997,LF,outfield,-16.233333333333334,
Cody Asche,35.0,2025,11997,LF,outfield,-17.433333333333334,
Cody Asche,36.0,2026,11997,LF,outfield,-18.633333333333333,
Cody Asche,37.0,2027,11997,LF,outfield,-19.833333333333332,
Cody Asche,38.0,2028,11997,LF,outfield,-21.03333333333333,
Cody Asche,39.0,2029,11997,LF,outfield,-22.23333333333333,
Cody Asche,40.0,2030,11997,LF,outfield,-23.43333333333333,
Cody Asche,41.0,2031,11997,LF,outfield,-24.63333333333333,
Kennys Vargas,26.0,2017,12101,1B,infield,-2.3666666666666663,
Kennys Vargas,27.0,2018,12101,1B,infield,-2.9666666666666663,
Kennys Vargas,28.0,2019,12101,1B,infield,-3.5666666666666664,
Kennys Vargas,29.0,2020,12101,1B,infield,-4.166666666666666,
Kennys Vargas,30.0,2021,12101,1B,infield,-4.766666666666666,
Kennys Vargas,31.0,2022,12101,1B,infield,-5.366666666666666,
Kennys Vargas,32.0,2023,12101,1B,infield,-6.566666666666666,
Kennys Vargas,33.0,2024,12101,1B,infield,-7.766666666666667,
Kennys Vargas,34.0,2025,12101,1B,infield,-8.966666666666667,
Kennys Vargas,35.0,2026,12101,1B,infield,-10.166666666666668,
Kennys Vargas,36.0,2027,12101,1B,infield,-11.366666666666667,
Kennys Vargas,37.0,2028,12101,1B,infield,-12.566666666666666,
Kennys Vargas,38.0,2029,12101,1B,infield,-13.766666666666666,
Kennys Vargas,39.0,2030,12101,1B,infield,-14.966666666666665,
Kennys Vargas,40.0,2031,12101,1B,infield,-16.166666666666664,
Max Kepler,24.0,2017,12144,RF,outfield,1.7,
Max Kepler,25.0,2018,12144,RF,outfield,1.7,
Max Kepler,26.0,2019,12144,RF,outfield,1.7,
Max Kepler,27.0,2020,12144,RF,outfield,1.1,
Max Kepler,28.0,2021,12144,RF,outfield,0.5,
Max Kepler,29.0,2022,12144,RF,outfield,-0.09999999999999987,
Max Kepler,30.0,2023,12144,RF,outfield,-0.7,
Max Kepler,31.0,2024,12144,RF,outfield,-1.3,
Max Kepler,32.0,2025,12144,RF,outfield,-2.5,
Max Kepler,33.0,2026,12144,RF,outfield,-3.7,
Max Kepler,34.0,2027,12144,RF,outfield,-4.9,
Max Kepler,35.0,2028,12144,RF,outfield,-6.1000000000000005,
Max Kepler,36.0,2029,12144,RF,outfield,-7.3,
Max Kepler,37.0,2030,12144,RF,outfield,-8.5,
Max Kepler,38.0,2031,12144,RF,outfield,-9.7,
Nick Ahmed,27.0,2017,12147,SS,infield,-0.5499999999999998,
Nick Ahmed,28.0,2018,12147,SS,infield,-1.15,
Nick Ahmed,29.0,2019,12147,SS,infield,-1.7499999999999998,
Nick Ahmed,30.0,2020,12147,SS,infield,-2.3499999999999996,
Nick Ahmed,31.0,2021,12147,SS,infield,-2.9499999999999997,
Nick Ahmed,32.0,2022,12147,SS,infield,-4.15,
Nick Ahmed,33.0,2023,12147,SS,infield,-5.3500000000000005,
Nick Ahmed,34.0,2024,12147,SS,infield,-6.550000000000001,
Nick Ahmed,35.0,2025,12147,SS,infield,-7.750000000000001,
Nick Ahmed,36.0,2026,12147,SS,infield,-8.95,
Nick Ahmed,37.0,2027,12147,SS,infield,-10.149999999999999,
Nick Ahmed,38.0,2028,12147,SS,infield,-11.349999999999998,
Nick Ahmed,39.0,2029,12147,SS,infield,-12.549999999999997,
Nick Ahmed,40.0,2030,12147,SS,infield,-13.749999999999996,
Nick Ahmed,41.0,2031,12147,SS,infield,-14.949999999999996,
Kyle Kubitza,25.0,2017,12148,3B,infield,-3.4,
Kyle Kubitza,26.0,2018,12148,3B,infield,-3.4,
Kyle Kubitza,27.0,2019,12148,3B,infield,-4.0,
Kyle Kubitza,28.0,2020,12148,3B,infield,-4.6,
Kyle Kubitza,29.0,2021,12148,3B,infield,-5.199999999999999,
Kyle Kubitza,30.0,2022,12148,3B,infield,-5.8,
Kyle Kubitza,31.0,2023,12148,3B,infield,-6.4,
Kyle Kubitza,32.0,2024,12148,3B,infield,-7.6,
Kyle Kubitza,33.0,2025,12148,3B,infield,-8.8,
Kyle Kubitza,34.0,2026,12148,3B,infield,-10.0,
Kyle Kubitza,35.0,2027,12148,3B,infield,-11.200000000000001,
Kyle Kubitza,36.0,2028,12148,3B,infield,-12.4,
Kyle Kubitza,37.0,2029,12148,3B,infield,-13.6,
Kyle Kubitza,38.0,2030,12148,3B,infield,-14.799999999999999,
Kyle Kubitza,39.0,2031,12148,3B,infield,-15.999999999999998,
Eddie Rosario,25.0,2017,12155,CF,outfield,-3.6,
Eddie Rosario,26.0,2018,12155,CF,outfield,-3.6,
Eddie Rosario,27.0,2019,12155,CF,outfield,-4.2,
Eddie Rosario,28.0,2020,12155,CF,outfield,-4.8,
Eddie Rosario,29.0,2021,12155,CF,outfield,-5.4,
Eddie Rosario,30.0,2022,12155,CF,outfield,-6.0,
Eddie Rosario,31.0,2023,12155,CF,outfield,-6.6,
Eddie Rosario,32.0,2024,12155,CF,outfield,-7.800000000000001,
Eddie Rosario,33.0,2025,12155,CF,outfield,-9.0,
Eddie Rosario,34.0,2026,12155,CF,outfield,-10.200000000000001,
Eddie Rosario,35.0,2027,12155,CF,outfield,-11.4,
Eddie Rosario,36.0,2028,12155,CF,outfield,-12.6,
Eddie Rosario,37.0,2029,12155,CF,outfield,-13.799999999999999,
Eddie Rosario,38.0,2030,12155,CF,outfield,-14.999999999999998,
Eddie Rosario,39.0,2031,12155,CF,outfield,-16.2,
Eddie Rosario,25.0,2017,12155,LF,outfield,6.766666666666667,
Eddie Rosario,26.0,2018,12155,LF,outfield,6.766666666666667,
Eddie Rosario,27.0,2019,12155,LF,outfield,6.166666666666667,
Eddie Rosario,28.0,2020,12155,LF,outfield,5.566666666666666,
Eddie Rosario,29.0,2021,12155,LF,outfield,4.966666666666667,
Eddie Rosario,30.0,2022,12155,LF,outfield,4.366666666666667,
Eddie Rosario,31.0,2023,12155,LF,outfield,3.7666666666666666,
Eddie Rosario,32.0,2024,12155,LF,outfield,2.5666666666666664,
Eddie Rosario,33.0,2025,12155,LF,outfield,1.3666666666666663,
Eddie Rosario,34.0,2026,12155,LF,outfield,0.16666666666666607,
Eddie Rosario,35.0,2027,12155,LF,outfield,-1.033333333333334,
Eddie Rosario,36.0,2028,12155,LF,outfield,-2.2333333333333334,
Eddie Rosario,37.0,2029,12155,LF,outfield,-3.4333333333333327,
Eddie Rosario,38.0,2030,12155,LF,outfield,-4.633333333333332,
Eddie Rosario,39.0,2031,12155,LF,outfield,-5.833333333333331,
Eddie Rosario,24.0,2017,12155,RF,outfield,3.8,
Eddie Rosario,25.0,2018,12155,RF,outfield,3.8,
Eddie Rosario,26.0,2019,12155,RF,outfield,3.8,
Eddie Rosario,27.0,2020,12155,RF,outfield,3.1999999999999997,
Eddie Rosario,28.0,2021,12155,RF,outfield,2.5999999999999996,
Eddie Rosario,29.0,2022,12155,RF,outfield,2.0,
Eddie Rosario,30.0,2023,12155,RF,outfield,1.4,
Eddie Rosario,31.0,2024,12155,RF,outfield,0.7999999999999998,
Eddie Rosario,32.0,2025,12155,RF,outfield,-0.40000000000000036,
Eddie Rosario,33.0,2026,12155,RF,outfield,-1.6000000000000005,
Eddie Rosario,34.0,2027,12155,RF,outfield,-2.8000000000000007,
Eddie Rosario,35.0,2028,12155,RF,outfield,-4.000000000000001,
Eddie Rosario,36.0,2029,12155,RF,outfield,-5.2,
Eddie Rosario,37.0,2030,12155,RF,outfield,-6.3999999999999995,
Eddie Rosario,38.0,2031,12155,RF,outfield,-7.599999999999999,
Austin Barnes,27.0,2017,12158,C,catcher,,-0.6
Austin Barnes,28.0,2018,12158,C,catcher,,-1.2
Austin Barnes,29.0,2019,12158,C,catcher,,-1.7999999999999998
Austin Barnes,30.0,2020,12158,C,catcher,,-2.4
Austin Barnes,31.0,2021,12158,C,catcher,,-3.0
Austin Barnes,32.0,2022,12158,C,catcher,,-4.2
Austin Barnes,33.0,2023,12158,C,catcher,,-5.4
Austin Barnes,34.0,2024,12158,C,catcher,,-6.6000000000000005
Austin Barnes,35.0,2025,12158,C,catcher,,-7.800000000000001
Austin Barnes,36.0,2026,12158,C,catcher,,-9.0
Austin Barnes,37.0,2027,12158,C,catcher,,-10.2
Austin Barnes,38.0,2028,12158,C,catcher,,-11.399999999999999
Austin Barnes,39.0,2029,12158,C,catcher,,-12.599999999999998
Austin Barnes,40.0,2030,12158,C,catcher,,-13.799999999999997
Austin Barnes,41.0,2031,12158,C,catcher,,-14.999999999999996
Ben Gamel,25.0,2017,12160,RF,outfield,-6.8,
Ben Gamel,26.0,2018,12160,RF,outfield,-6.8,
Ben Gamel,27.0,2019,12160,RF,outfield,-7.3999999999999995,
Ben Gamel,28.0,2020,12160,RF,outfield,-8.0,
Ben Gamel,29.0,2021,12160,RF,outfield,-8.6,
Ben Gamel,30.0,2022,12160,RF,outfield,-9.2,
Ben Gamel,31.0,2023,12160,RF,outfield,-9.8,
Ben Gamel,32.0,2024,12160,RF,outfield,-11.0,
Ben Gamel,33.0,2025,12160,RF,outfield,-12.2,
Ben Gamel,34.0,2026,12160,RF,outfield,-13.4,
Ben Gamel,35.0,2027,12160,RF,outfield,-14.600000000000001,
Ben Gamel,36.0,2028,12160,RF,outfield,-15.8,
Ben Gamel,37.0,2029,12160,RF,outfield,-17.0,
Ben Gamel,38.0,2030,12160,RF,outfield,-18.2,
Ben Gamel,39.0,2031,12160,RF,outfield,-19.4,
Xander Bogaerts,22.0,2017,12161,3B,infield,-32.3,
Xander Bogaerts,23.0,2018,12161,3B,infield,-32.3,
Xander Bogaerts,24.0,2019,12161,3B,infield,-32.3,
Xander Bogaerts,25.0,2020,12161,3B,infield,-32.3,
Xander Bogaerts,26.0,2021,12161,3B,infield,-32.3,
Xander Bogaerts,27.0,2022,12161,3B,infield,-32.9,
Xander Bogaerts,28.0,2023,12161,3B,infield,-33.5,
Xander Bogaerts,29.0,2024,12161,3B,infield,-34.099999999999994,
Xander Bogaerts,30.0,2025,12161,3B,infield,-34.699999999999996,
Xander Bogaerts,31.0,2026,12161,3B,infield,-35.3,
Xander Bogaerts,32.0,2027,12161,3B,infield,-36.5,
Xander Bogaerts,33.0,2028,12161,3B,infield,-37.699999999999996,
Xander Bogaerts,34.0,2029,12161,3B,infield,-38.9,
Xander Bogaerts,35.0,2030,12161,3B,infield,-40.099999999999994,
Xander Bogaerts,36.0,2031,12161,3B,infield,-41.3,
Xander Bogaerts,24.0,2017,12161,SS,infield,-0.9500000000000001,
Xander Bogaerts,25.0,2018,12161,SS,infield,-0.9500000000000001,
Xander Bogaerts,26.0,2019,12161,SS,infield,-0.9500000000000001,
Xander Bogaerts,27.0,2020,12161,SS,infield,-1.55,
Xander Bogaerts,28.0,2021,12161,SS,infield,-2.15,
Xander Bogaerts,29.0,2022,12161,SS,infield,-2.75,
Xander Bogaerts,30.0,2023,12161,SS,infield,-3.35,
Xander Bogaerts,31.0,2024,12161,SS,infield,-3.95,
Xander Bogaerts,32.0,2025,12161,SS,infield,-5.15,
Xander Bogaerts,33.0,2026,12161,SS,infield,-6.3500000000000005,
Xander Bogaerts,34.0,2027,12161,SS,infield,-7.550000000000001,
Xander Bogaerts,35.0,2028,12161,SS,infield,-8.75,
Xander Bogaerts,36.0,2029,12161,SS,infield,-9.95,
Xander Bogaerts,37.0,2030,12161,SS,infield,-11.149999999999999,
Xander Bogaerts,38.0,2031,12161,SS,infield,-12.349999999999998,
Miguel Sano,24.0,2017,12164,3B,infield,2.3000000000000003,
Miguel Sano,25.0,2018,12164,3B,infield,2.3000000000000003,
Miguel Sano,26.0,2019,12164,3B,infield,2.3000000000000003,
Miguel Sano,27.0,2020,12164,3B,infield,1.7000000000000002,
Miguel Sano,28.0,2021,12164,3B,infield,1.1000000000000003,
Miguel Sano,29.0,2022,12164,3B,infield,0.5000000000000004,
Miguel Sano,30.0,2023,12164,3B,infield,-0.09999999999999964,
Miguel Sano,31.0,2024,12164,3B,infield,-0.6999999999999997,
Miguel Sano,32.0,2025,12164,3B,infield,-1.9,
Miguel Sano,33.0,2026,12164,3B,infield,-3.1,
Miguel Sano,34.0,2027,12164,3B,infield,-4.300000000000001,
Miguel Sano,35.0,2028,12164,3B,infield,-5.5,
Miguel Sano,36.0,2029,12164,3B,infield,-6.699999999999999,
Miguel Sano,37.0,2030,12164,3B,infield,-7.899999999999999,
Miguel Sano,38.0,2031,12164,3B,infield,-9.099999999999998,
Miguel Sano,24.0,2017,12164,RF,outfield,-6.7,
Miguel Sano,25.0,2018,12164,RF,outfield,-6.7,
Miguel Sano,26.0,2019,12164,RF,outfield,-6.7,
Miguel Sano,27.0,2020,12164,RF,outfield,-7.3,
Miguel Sano,28.0,2021,12164,RF,outfield,-7.9,
Miguel Sano,29.0,2022,12164,RF,outfield,-8.5,
Miguel Sano,30.0,2023,12164,RF,outfield,-9.1,
Miguel Sano,31.0,2024,12164,RF,outfield,-9.7,
Miguel Sano,32.0,2025,12164,RF,outfield,-10.9,
Miguel Sano,33.0,2026,12164,RF,outfield,-12.100000000000001,
Miguel Sano,34.0,2027,12164,RF,outfield,-13.3,
Miguel Sano,35.0,2028,12164,RF,outfield,-14.5,
Miguel Sano,36.0,2029,12164,RF,outfield,-15.7,
Miguel Sano,37.0,2030,12164,RF,outfield,-16.9,
Miguel Sano,38.0,2031,12164,RF,outfield,-18.099999999999998,
Maikel Franco,24.0,2017,12179,3B,infield,1.5833333333333333,
Maikel Franco,25.0,2018,12179,3B,infield,1.5833333333333333,
Maikel Franco,26.0,2019,12179,3B,infield,1.5833333333333333,
Maikel Franco,27.0,2020,12179,3B,infield,0.9833333333333333,
Maikel Franco,28.0,2021,12179,3B,infield,0.3833333333333333,
Maikel Franco,29.0,2022,12179,3B,infield,-0.21666666666666656,
Maikel Franco,30.0,2023,12179,3B,infield,-0.8166666666666667,
Maikel Franco,31.0,2024,12179,3B,infield,-1.4166666666666667,
Maikel Franco,32.0,2025,12179,3B,infield,-2.616666666666667,
Maikel Franco,33.0,2026,12179,3B,infield,-3.8166666666666673,
Maikel Franco,34.0,2027,12179,3B,infield,-5.0166666666666675,
Maikel Franco,35.0,2028,12179,3B,infield,-6.216666666666668,
Maikel Franco,36.0,2029,12179,3B,infield,-7.416666666666667,
Maikel Franco,37.0,2030,12179,3B,infield,-8.616666666666665,
Maikel Franco,38.0,2031,12179,3B,infield,-9.816666666666665,
Scott Schebler,26.0,2017,12225,CF,outfield,-22.7,
Scott Schebler,27.0,2018,12225,CF,outfield,-23.3,
Scott Schebler,28.0,2019,12225,CF,outfield,-23.9,
Scott Schebler,29.0,2020,12225,CF,outfield,-24.5,
Scott Schebler,30.0,2021,12225,CF,outfield,-25.099999999999998,
Scott Schebler,31.0,2022,12225,CF,outfield,-25.7,
Scott Schebler,32.0,2023,12225,CF,outfield,-26.9,
Scott Schebler,33.0,2024,12225,CF,outfield,-28.1,
Scott Schebler,34.0,2025,12225,CF,outfield,-29.3,
Scott Schebler,35.0,2026,12225,CF,outfield,-30.5,
Scott Schebler,36.0,2027,12225,CF,outfield,-31.7,
Scott Schebler,37.0,2028,12225,CF,outfield,-32.9,
Scott Schebler,38.0,2029,12225,CF,outfield,-34.099999999999994,
Scott Schebler,39.0,2030,12225,CF,outfield,-35.3,
Scott Schebler,40.0,2031,12225,CF,outfield,-36.5,
Scott Schebler,26.0,2017,12225,LF,outfield,-6.5,
Scott Schebler,27.0,2018,12225,LF,outfield,-7.1,
Scott Schebler,28.0,2019,12225,LF,outfield,-7.7,
Scott Schebler,29.0,2020,12225,LF,outfield,-8.3,
Scott Schebler,30.0,2021,12225,LF,outfield,-8.9,
Scott Schebler,31.0,2022,12225,LF,outfield,-9.5,
Scott Schebler,32.0,2023,12225,LF,outfield,-10.7,
Scott Schebler,33.0,2024,12225,LF,outfield,-11.9,
Scott Schebler,34.0,2025,12225,LF,outfield,-13.100000000000001,
Scott Schebler,35.0,2026,12225,LF,outfield,-14.3,
Scott Schebler,36.0,2027,12225,LF,outfield,-15.5,
Scott Schebler,37.0,2028,12225,LF,outfield,-16.7,
Scott Schebler,38.0,2029,12225,LF,outfield,-17.9,
Scott Schebler,39.0,2030,12225,LF,outfield,-19.099999999999998,
Scott Schebler,40.0,2031,12225,LF,outfield,-20.299999999999997,
Scott Schebler,26.0,2017,12225,RF,outfield,7.8,
Scott Schebler,27.0,2018,12225,RF,outfield,7.2,
Scott Schebler,28.0,2019,12225,RF,outfield,6.6,
Scott Schebler,29.0,2020,12225,RF,outfield,6.0,
Scott Schebler,30.0,2021,12225,RF,outfield,5.4,
Scott Schebler,31.0,2022,12225,RF,outfield,4.8,
Scott Schebler,32.0,2023,12225,RF,outfield,3.5999999999999996,
Scott Schebler,33.0,2024,12225,RF,outfield,2.3999999999999995,
Scott Schebler,34.0,2025,12225,RF,outfield,1.1999999999999993,
Scott Schebler,35.0,2026,12225,RF,outfield,-8.881784197001252e-16,
Scott Schebler,36.0,2027,12225,RF,outfield,-1.2000000000000002,
Scott Schebler,37.0,2028,12225,RF,outfield,-2.3999999999999995,
Scott Schebler,38.0,2029,12225,RF,outfield,-3.5999999999999988,
Scott Schebler,39.0,2030,12225,RF,outfield,-4.799999999999998,
Scott Schebler,40.0,2031,12225,RF,outfield,-5.999999999999997,
Rougned Odor,23.0,2017,12282,2B,infield,-2.6833333333333336,
Rougned Odor,24.0,2018,12282,2B,infield,-2.6833333333333336,
Rougned Odor,25.0,2019,12282,2B,infield,-2.6833333333333336,
Rougned Odor,26.0,2020,12282,2B,infield,-2.6833333333333336,
Rougned Odor,27.0,2021,12282,2B,infield,-3.2833333333333337,
Rougned Odor,28.0,2022,12282,2B,infield,-3.8833333333333337,
Rougned Odor,29.0,2023,12282,2B,infield,-4.483333333333333,
Rougned Odor,30.0,2024,12282,2B,infield,-5.083333333333334,
Rougned Odor,31.0,2025,12282,2B,infield,-5.683333333333334,
Rougned Odor,32.0,2026,12282,2B,infield,-6.883333333333334,
Rougned Odor,33.0,2027,12282,2B,infield,-8.083333333333334,
Rougned Odor,34.0,2028,12282,2B,infield,-9.283333333333335,
Rougned Odor,35.0,2029,12282,2B,infield,-10.483333333333334,
Rougned Odor,36.0,2030,12282,2B,infield,-11.683333333333334,
Rougned Odor,37.0,2031,12282,2B,infield,-12.883333333333333,
Cory Spangenberg,26.0,2017,12294,2B,infield,-8.700000000000001,
Cory Spangenberg,27.0,2018,12294,2B,infield,-9.3,
Cory Spangenberg,28.0,2019,12294,2B,infield,-9.9,
Cory Spangenberg,29.0,2020,12294,2B,infield,-10.5,
Cory Spangenberg,30.0,2021,12294,2B,infield,-11.100000000000001,
Cory Spangenberg,31.0,2022,12294,2B,infield,-11.700000000000001,
Cory Spangenberg,32.0,2023,12294,2B,infield,-12.900000000000002,
Cory Spangenberg,33.0,2024,12294,2B,infield,-14.100000000000001,
Cory Spangenberg,34.0,2025,12294,2B,infield,-15.3,
Cory Spangenberg,35.0,2026,12294,2B,infield,-16.5,
Cory Spangenberg,36.0,2027,12294,2B,infield,-17.700000000000003,
Cory Spangenberg,37.0,2028,12294,2B,infield,-18.9,
Cory Spangenberg,38.0,2029,12294,2B,infield,-20.1,
Cory Spangenberg,39.0,2030,12294,2B,infield,-21.299999999999997,
Cory Spangenberg,40.0,2031,12294,2B,infield,-22.5,
Cory Spangenberg,25.0,2017,12294,3B,infield,2.7000000000000006,
Cory Spangenberg,26.0,2018,12294,3B,infield,2.7000000000000006,
Cory Spangenberg,27.0,2019,12294,3B,infield,2.1000000000000005,
Cory Spangenberg,28.0,2020,12294,3B,infield,1.5000000000000007,
Cory Spangenberg,29.0,2021,12294,3B,infield,0.9000000000000008,
Cory Spangenberg,30.0,2022,12294,3B,infield,0.3000000000000007,
Cory Spangenberg,31.0,2023,12294,3B,infield,-0.2999999999999994,
Cory Spangenberg,32.0,2024,12294,3B,infield,-1.4999999999999996,
Cory Spangenberg,33.0,2025,12294,3B,infield,-2.6999999999999997,
Cory Spangenberg,34.0,2026,12294,3B,infield,-3.9,
Cory Spangenberg,35.0,2027,12294,3B,infield,-5.1,
Cory Spangenberg,36.0,2028,12294,3B,infield,-6.299999999999999,
Cory Spangenberg,37.0,2029,12294,3B,infield,-7.499999999999998,
Cory Spangenberg,38.0,2030,12294,3B,infield,-8.699999999999998,
Cory Spangenberg,39.0,2031,12294,3B,infield,-9.899999999999997,
Jace Peterson,27.0,2017,12325,2B,infield,-5.616666666666665,
Jace Peterson,28.0,2018,12325,2B,infield,-6.216666666666666,
Jace Peterson,29.0,2019,12325,2B,infield,-6.8166666666666655,
Jace Peterson,30.0,2020,12325,2B,infield,-7.416666666666666,
Jace Peterson,31.0,2021,12325,2B,infield,-8.016666666666666,
Jace Peterson,32.0,2022,12325,2B,infield,-9.216666666666665,
Jace Peterson,33.0,2023,12325,2B,infield,-10.416666666666666,
Jace Peterson,34.0,2024,12325,2B,infield,-11.616666666666667,
Jace Peterson,35.0,2025,12325,2B,infield,-12.816666666666666,
Jace Peterson,36.0,2026,12325,2B,infield,-14.016666666666666,
Jace Peterson,37.0,2027,12325,2B,infield,-15.216666666666665,
Jace Peterson,38.0,2028,12325,2B,infield,-16.416666666666664,
Jace Peterson,39.0,2029,12325,2B,infield,-17.616666666666664,
Jace Peterson,40.0,2030,12325,2B,infield,-18.816666666666663,
Jace Peterson,41.0,2031,12325,2B,infield,-20.016666666666662,
Jace Peterson,25.0,2017,12325,3B,infield,-23.6,
Jace Peterson,26.0,2018,12325,3B,infield,-23.6,
Jace Peterson,27.0,2019,12325,3B,infield,-24.200000000000003,
Jace Peterson,28.0,2020,12325,3B,infield,-24.8,
Jace Peterson,29.0,2021,12325,3B,infield,-25.400000000000002,
Jace Peterson,30.0,2022,12325,3B,infield,-26.0,
Jace Peterson,31.0,2023,12325,3B,infield,-26.6,
Jace Peterson,32.0,2024,12325,3B,infield,-27.8,
Jace Peterson,33.0,2025,12325,3B,infield,-29.0,
Jace Peterson,34.0,2026,12325,3B,infield,-30.200000000000003,
Jace Peterson,35.0,2027,12325,3B,infield,-31.400000000000002,
Jace Peterson,36.0,2028,12325,3B,infield,-32.6,
Jace Peterson,37.0,2029,12325,3B,infield,-33.8,
Jace Peterson,38.0,2030,12325,3B,infield,-35.0,
Jace Peterson,39.0,2031,12325,3B,infield,-36.2,
Jace Peterson,27.0,2017,12325,LF,outfield,-37.7,
Jace Peterson,28.0,2018,12325,LF,outfield,-38.300000000000004,
Jace Peterson,29.0,2019,12325,LF,outfield,-38.9,
Jace Peterson,30.0,2020,12325,LF,outfield,-39.5,
Jace Peterson,31.0,2021,12325,LF,outfield,-40.1,
Jace Peterson,32.0,2022,12325,LF,outfield,-41.300000000000004,
Jace Peterson,33.0,2023,12325,LF,outfield,-42.5,
Jace Peterson,34.0,2024,12325,LF,outfield,-43.7,
Jace Peterson,35.0,2025,12325,LF,outfield,-44.900000000000006,
Jace Peterson,36.0,2026,12325,LF,outfield,-46.1,
Jace Peterson,37.0,2027,12325,LF,outfield,-47.3,
Jace Peterson,38.0,2028,12325,LF,outfield,-48.5,
Jace Peterson,39.0,2029,12325,LF,outfield,-49.7,
Jace Peterson,40.0,2030,12325,LF,outfield,-50.9,
Jace Peterson,41.0,2031,12325,LF,outfield,-52.099999999999994,
Tommy La Stella,28.0,2017,12371,2B,infield,-0.85,
Tommy La Stella,29.0,2018,12371,2B,infield,-1.45,
Tommy La Stella,30.0,2019,12371,2B,infield,-2.05,
Tommy La Stella,31.0,2020,12371,2B,infield,-2.65,
Tommy La Stella,32.0,2021,12371,2B,infield,-3.8499999999999996,
Tommy La Stella,33.0,2022,12371,2B,infield,-5.05,
Tommy La Stella,34.0,2023,12371,2B,infield,-6.25,
Tommy La Stella,35.0,2024,12371,2B,infield,-7.45,
Tommy La Stella,36.0,2025,12371,2B,infield,-8.65,
Tommy La Stella,37.0,2026,12371,2B,infield,-9.85,
Tommy La Stella,38.0,2027,12371,2B,infield,-11.049999999999999,
Tommy La Stella,39.0,2028,12371,2B,infield,-12.249999999999998,
Tommy La Stella,40.0,2029,12371,2B,infield,-13.449999999999998,
Tommy La Stella,41.0,2030,12371,2B,infield,-14.649999999999997,
Tommy La Stella,42.0,2031,12371,2B,infield,-15.849999999999996,
Tommy La Stella,28.0,2017,12371,3B,infield,-25.8,
Tommy La Stella,29.0,2018,12371,3B,infield,-26.4,
Tommy La Stella,30.0,2019,12371,3B,infield,-27.0,
Tommy La Stella,31.0,2020,12371,3B,infield,-27.599999999999998,
Tommy La Stella,32.0,2021,12371,3B,infield,-28.799999999999997,
Tommy La Stella,33.0,2022,12371,3B,infield,-30.0,
Tommy La Stella,34.0,2023,12371,3B,infield,-31.2,
Tommy La Stella,35.0,2024,12371,3B,infield,-32.4,
Tommy La Stella,36.0,2025,12371,3B,infield,-33.6,
Tommy La Stella,37.0,2026,12371,3B,infield,-34.8,
Tommy La Stella,38.0,2027,12371,3B,infield,-36.0,
Tommy La Stella,39.0,2028,12371,3B,infield,-37.199999999999996,
Tommy La Stella,40.0,2029,12371,3B,infield,-38.4,
Tommy La Stella,41.0,2030,12371,3B,infield,-39.599999999999994,
Tommy La Stella,42.0,2031,12371,3B,infield,-40.8,
Taylor Motter,27.0,2017,12399,SS,infield,-20.900000000000002,
Taylor Motter,28.0,2018,12399,SS,infield,-21.5,
Taylor Motter,29.0,2019,12399,SS,infield,-22.1,
Taylor Motter,30.0,2020,12399,SS,infield,-22.7,
Taylor Motter,31.0,2021,12399,SS,infield,-23.3,
Taylor Motter,32.0,2022,12399,SS,infield,-24.5,
Taylor Motter,33.0,2023,12399,SS,infield,-25.700000000000003,
Taylor Motter,34.0,2024,12399,SS,infield,-26.900000000000002,
Taylor Motter,35.0,2025,12399,SS,infield,-28.1,
Taylor Motter,36.0,2026,12399,SS,infield,-29.3,
Taylor Motter,37.0,2027,12399,SS,infield,-30.5,
Taylor Motter,38.0,2028,12399,SS,infield,-31.7,
Taylor Motter,39.0,2029,12399,SS,infield,-32.9,
Taylor Motter,40.0,2030,12399,SS,infield,-34.099999999999994,
Taylor Motter,41.0,2031,12399,SS,infield,-35.3,
Ryan Rua,27.0,2017,12409,1B,infield,-5.499999999999999,
Ryan Rua,28.0,2018,12409,1B,infield,-6.1,
Ryan Rua,29.0,2019,12409,1B,infield,-6.699999999999999,
Ryan Rua,30.0,2020,12409,1B,infield,-7.299999999999999,
Ryan Rua,31.0,2021,12409,1B,infield,-7.8999999999999995,
Ryan Rua,32.0,2022,12409,1B,infield,-9.1,
Ryan Rua,33.0,2023,12409,1B,infield,-10.3,
Ryan Rua,34.0,2024,12409,1B,infield,-11.5,
Ryan Rua,35.0,2025,12409,1B,infield,-12.7,
Ryan Rua,36.0,2026,12409,1B,infield,-13.899999999999999,
Ryan Rua,37.0,2027,12409,1B,infield,-15.099999999999998,
Ryan Rua,38.0,2028,12409,1B,infield,-16.299999999999997,
Ryan Rua,39.0,2029,12409,1B,infield,-17.499999999999996,
Ryan Rua,40.0,2030,12409,1B,infield,-18.699999999999996,
Ryan Rua,41.0,2031,12409,1B,infield,-19.899999999999995,
Ryan Rua,27.0,2017,12409,LF,outfield,6.116666666666666,
Ryan Rua,28.0,2018,12409,LF,outfield,5.516666666666666,
Ryan Rua,29.0,2019,12409,LF,outfield,4.916666666666666,
Ryan Rua,30.0,2020,12409,LF,outfield,4.316666666666666,
Ryan Rua,31.0,2021,12409,LF,outfield,3.716666666666666,
Ryan Rua,32.0,2022,12409,LF,outfield,2.5166666666666657,
Ryan Rua,33.0,2023,12409,LF,outfield,1.3166666666666655,
Ryan Rua,34.0,2024,12409,LF,outfield,0.11666666666666536,
Ryan Rua,35.0,2025,12409,LF,outfield,-1.0833333333333348,
Ryan Rua,36.0,2026,12409,LF,outfield,-2.283333333333334,
Ryan Rua,37.0,2027,12409,LF,outfield,-3.4833333333333334,
Ryan Rua,38.0,2028,12409,LF,outfield,-4.683333333333333,
Ryan Rua,39.0,2029,12409,LF,outfield,-5.883333333333332,
Ryan Rua,40.0,2030,12409,LF,outfield,-7.083333333333331,
Ryan Rua,41.0,2031,12409,LF,outfield,-8.283333333333331,
Kevin Pillar,28.0,2017,12434,CF,outfield,11.3,
Kevin Pillar,29.0,2018,12434,CF,outfield,10.700000000000001,
Kevin Pillar,30.0,2019,12434,CF,outfield,10.100000000000001,
Kevin Pillar,31.0,2020,12434,CF,outfield,9.5,
Kevin Pillar,32.0,2021,12434,CF,outfield,8.3,
Kevin Pillar,33.0,2022,12434,CF,outfield,7.1000000000000005,
Kevin Pillar,34.0,2023,12434,CF,outfield,5.9,
Kevin Pillar,35.0,2024,12434,CF,outfield,4.7,
Kevin Pillar,36.0,2025,12434,CF,outfield,3.5,
Kevin Pillar,37.0,2026,12434,CF,outfield,2.3000000000000007,
Kevin Pillar,38.0,2027,12434,CF,outfield,1.1000000000000014,
Kevin Pillar,39.0,2028,12434,CF,outfield,-0.09999999999999787,
Kevin Pillar,40.0,2029,12434,CF,outfield,-1.2999999999999972,
Kevin Pillar,41.0,2030,12434,CF,outfield,-2.4999999999999964,
Kevin Pillar,42.0,2031,12434,CF,outfield,-3.6999999999999957,
Kevin Pillar,27.0,2017,12434,LF,outfield,13.8,
Kevin Pillar,28.0,2018,12434,LF,outfield,13.200000000000001,
Kevin Pillar,29.0,2019,12434,LF,outfield,12.600000000000001,
Kevin Pillar,30.0,2020,12434,LF,outfield,12.0,
Kevin Pillar,31.0,2021,12434,LF,outfield,11.4,
Kevin Pillar,32.0,2022,12434,LF,outfield,10.2,
Kevin Pillar,33.0,2023,12434,LF,outfield,9.0,
Kevin Pillar,34.0,2024,12434,LF,outfield,7.8,
Kevin Pillar,35.0,2025,12434,LF,outfield,6.6,
Kevin Pillar,36.0,2026,12434,LF,outfield,5.4,
Kevin Pillar,37.0,2027,12434,LF,outfield,4.200000000000001,
Kevin Pillar,38.0,2028,12434,LF,outfield,3.0000000000000018,
Kevin Pillar,39.0,2029,12434,LF,outfield,1.8000000000000025,
Kevin Pillar,40.0,2030,12434,LF,outfield,0.6000000000000032,
Kevin Pillar,41.0,2031,12434,LF,outfield,-0.5999999999999961,
T.J. Rivera,28.0,2017,12495,2B,infield,3.6999999999999997,
T.J. Rivera,29.0,2018,12495,2B,infield,3.0999999999999996,
T.J. Rivera,30.0,2019,12495,2B,infield,2.5,
T.J. Rivera,31.0,2020,12495,2B,infield,1.9,
T.J. Rivera,32.0,2021,12495,2B,infield,0.7000000000000002,
T.J. Rivera,33.0,2022,12495,2B,infield,-0.5,
T.J. Rivera,34.0,2023,12495,2B,infield,-1.7000000000000002,
T.J. Rivera,35.0,2024,12495,2B,infield,-2.9000000000000004,
T.J. Rivera,36.0,2025,12495,2B,infield,-4.1000000000000005,
T.J. Rivera,37.0,2026,12495,2B,infield,-5.3,
T.J. Rivera,38.0,2027,12495,2B,infield,-6.499999999999999,
T.J. Rivera,39.0,2028,12495,2B,infield,-7.699999999999998,
T.J. Rivera,40.0,2029,12495,2B,infield,-8.899999999999999,
T.J. Rivera,41.0,2030,12495,2B,infield,-10.099999999999998,
T.J. Rivera,42.0,2031,12495,2B,infield,-11.299999999999997,
Jett Bandy,27.0,2017,12508,C,catcher,,4.592307692307693
Jett Bandy,28.0,2018,12508,C,catcher,,3.9923076923076923
Jett Bandy,29.0,2019,12508,C,catcher,,3.3923076923076927
Jett Bandy,30.0,2020,12508,C,catcher,,2.7923076923076926
Jett Bandy,31.0,2021,12508,C,catcher,,2.1923076923076925
Jett Bandy,32.0,2022,12508,C,catcher,,0.9923076923076923
Jett Bandy,33.0,2023,12508,C,catcher,,-0.20769230769230784
Jett Bandy,34.0,2024,12508,C,catcher,,-1.407692307692308
Jett Bandy,35.0,2025,12508,C,catcher,,-2.607692307692308
Jett Bandy,36.0,2026,12508,C,catcher,,-3.8076923076923075
Jett Bandy,37.0,2027,12508,C,catcher,,-5.007692307692307
Jett Bandy,38.0,2028,12508,C,catcher,,-6.207692307692306
Jett Bandy,39.0,2029,12508,C,catcher,,-7.407692307692305
Jett Bandy,40.0,2030,12508,C,catcher,,-8.607692307692304
Jett Bandy,41.0,2031,12508,C,catcher,,-9.807692307692303
Curt Casali,28.0,2017,12510,C,catcher,,8.17988176671209
Curt Casali,29.0,2018,12510,C,catcher,,7.579881766712089
Curt Casali,30.0,2019,12510,C,catcher,,6.979881766712089
Curt Casali,31.0,2020,12510,C,catcher,,6.379881766712089
Curt Casali,32.0,2021,12510,C,catcher,,5.179881766712089
Curt Casali,33.0,2022,12510,C,catcher,,3.979881766712089
Curt Casali,34.0,2023,12510,C,catcher,,2.779881766712089
Curt Casali,35.0,2024,12510,C,catcher,,1.5798817667120888
Curt Casali,36.0,2025,12510,C,catcher,,0.3798817667120886
Curt Casali,37.0,2026,12510,C,catcher,,-0.8201182332879107
Curt Casali,38.0,2027,12510,C,catcher,,-2.02011823328791
Curt Casali,39.0,2028,12510,C,catcher,,-3.2201182332879092
Curt Casali,40.0,2029,12510,C,catcher,,-4.4201182332879085
Curt Casali,41.0,2030,12510,C,catcher,,-5.620118233287908
Curt Casali,42.0,2031,12510,C,catcher,,-6.820118233287907
Kolten Wong,26.0,2017,12532,2B,infield,5.6000000000000005,
Kolten Wong,27.0,2018,12532,2B,infield,5.000000000000001,
Kolten Wong,28.0,2019,12532,2B,infield,4.4,
Kolten Wong,29.0,2020,12532,2B,infield,3.8000000000000007,
Kolten Wong,30.0,2021,12532,2B,infield,3.2000000000000006,
Kolten Wong,31.0,2022,12532,2B,infield,2.6000000000000005,
Kolten Wong,32.0,2023,12532,2B,infield,1.4000000000000004,
Kolten Wong,33.0,2024,12532,2B,infield,0.20000000000000018,
Kolten Wong,34.0,2025,12532,2B,infield,-1.0,
Kolten Wong,35.0,2026,12532,2B,infield,-2.2,
Kolten Wong,36.0,2027,12532,2B,infield,-3.3999999999999995,
Kolten Wong,37.0,2028,12532,2B,infield,-4.599999999999999,
Kolten Wong,38.0,2029,12532,2B,infield,-5.799999999999998,
Kolten Wong,39.0,2030,12532,2B,infield,-6.999999999999997,
Kolten Wong,40.0,2031,12532,2B,infield,-8.199999999999996,
Kolten Wong,26.0,2017,12532,CF,outfield,-10.7,
Kolten Wong,27.0,2018,12532,CF,outfield,-11.299999999999999,
Kolten Wong,28.0,2019,12532,CF,outfield,-11.899999999999999,
Kolten Wong,29.0,2020,12532,CF,outfield,-12.5,
Kolten Wong,30.0,2021,12532,CF,outfield,-13.1,
Kolten Wong,31.0,2022,12532,CF,outfield,-13.7,
Kolten Wong,32.0,2023,12532,CF,outfield,-14.899999999999999,
Kolten Wong,33.0,2024,12532,CF,outfield,-16.1,
Kolten Wong,34.0,2025,12532,CF,outfield,-17.3,
Kolten Wong,35.0,2026,12532,CF,outfield,-18.5,
Kolten Wong,36.0,2027,12532,CF,outfield,-19.7,
Kolten Wong,37.0,2028,12532,CF,outfield,-20.9,
Kolten Wong,38.0,2029,12532,CF,outfield,-22.099999999999998,
Kolten Wong,39.0,2030,12532,CF,outfield,-23.299999999999997,
Kolten Wong,40.0,2031,12532,CF,outfield,-24.499999999999996,
Marcus Semien,24.0,2017,12533,2B,infield,-4.7,
Marcus Semien,25.0,2018,12533,2B,infield,-4.7,
Marcus Semien,26.0,2019,12533,2B,infield,-4.7,
Marcus Semien,27.0,2020,12533,2B,infield,-5.3,
Marcus Semien,28.0,2021,12533,2B,infield,-5.9,
Marcus Semien,29.0,2022,12533,2B,infield,-6.5,
Marcus Semien,30.0,2023,12533,2B,infield,-7.1,
Marcus Semien,31.0,2024,12533,2B,infield,-7.7,
Marcus Semien,32.0,2025,12533,2B,infield,-8.9,
Marcus Semien,33.0,2026,12533,2B,infield,-10.100000000000001,
Marcus Semien,34.0,2027,12533,2B,infield,-11.3,
Marcus Semien,35.0,2028,12533,2B,infield,-12.5,
Marcus Semien,36.0,2029,12533,2B,infield,-13.7,
Marcus Semien,37.0,2030,12533,2B,infield,-14.899999999999999,
Marcus Semien,38.0,2031,12533,2B,infield,-16.099999999999998,
Marcus Semien,24.0,2017,12533,3B,infield,-3.7,
Marcus Semien,25.0,2018,12533,3B,infield,-3.7,
Marcus Semien,26.0,2019,12533,3B,infield,-3.7,
Marcus Semien,27.0,2020,12533,3B,infield,-4.3,
Marcus Semien,28.0,2021,12533,3B,infield,-4.9,
Marcus Semien,29.0,2022,12533,3B,infield,-5.5,
Marcus Semien,30.0,2023,12533,3B,infield,-6.1,
Marcus Semien,31.0,2024,12533,3B,infield,-6.7,
Marcus Semien,32.0,2025,12533,3B,infield,-7.9,
Marcus Semien,33.0,2026,12533,3B,infield,-9.100000000000001,
Marcus Semien,34.0,2027,12533,3B,infield,-10.3,
Marcus Semien,35.0,2028,12533,3B,infield,-11.5,
Marcus Semien,36.0,2029,12533,3B,infield,-12.7,
Marcus Semien,37.0,2030,12533,3B,infield,-13.899999999999999,
Marcus Semien,38.0,2031,12533,3B,infield,-15.099999999999998,
Marcus Semien,26.0,2017,12533,SS,infield,-7.733333333333333,
Marcus Semien,27.0,2018,12533,SS,infield,-8.333333333333334,
Marcus Semien,28.0,2019,12533,SS,infield,-8.933333333333334,
Marcus Semien,29.0,2020,12533,SS,infield,-9.533333333333333,
Marcus Semien,30.0,2021,12533,SS,infield,-10.133333333333333,
Marcus Semien,31.0,2022,12533,SS,infield,-10.733333333333334,
Marcus Semien,32.0,2023,12533,SS,infield,-11.933333333333334,
Marcus Semien,33.0,2024,12533,SS,infield,-13.133333333333333,
Marcus Semien,34.0,2025,12533,SS,infield,-14.333333333333334,
Marcus Semien,35.0,2026,12533,SS,infield,-15.533333333333335,
Marcus Semien,36.0,2027,12533,SS,infield,-16.733333333333334,
Marcus Semien,37.0,2028,12533,SS,infield,-17.933333333333334,
Marcus Semien,38.0,2029,12533,SS,infield,-19.133333333333333,
Marcus Semien,39.0,2030,12533,SS,infield,-20.333333333333332,
Marcus Semien,40.0,2031,12533,SS,infield,-21.53333333333333,
C.J. Cron,27.0,2017,12546,1B,infield,-2.6500000000000004,
C.J. Cron,28.0,2018,12546,1B,infield,-3.25,
C.J. Cron,29.0,2019,12546,1B,infield,-3.85,
C.J. Cron,30.0,2020,12546,1B,infield,-4.45,
C.J. Cron,31.0,2021,12546,1B,infield,-5.050000000000001,
C.J. Cron,32.0,2022,12546,1B,infield,-6.25,
C.J. Cron,33.0,2023,12546,1B,infield,-7.450000000000001,
C.J. Cron,34.0,2024,12546,1B,infield,-8.65,
C.J. Cron,35.0,2025,12546,1B,infield,-9.850000000000001,
C.J. Cron,36.0,2026,12546,1B,infield,-11.05,
C.J. Cron,37.0,2027,12546,1B,infield,-12.25,
C.J. Cron,38.0,2028,12546,1B,infield,-13.45,
C.J. Cron,39.0,2029,12546,1B,infield,-14.649999999999999,
C.J. Cron,40.0,2030,12546,1B,infield,-15.849999999999998,
C.J. Cron,41.0,2031,12546,1B,infield,-17.049999999999997,
John Hicks,26.0,2017,12547,C,catcher,,15.306122448979592
John Hicks,27.0,2018,12547,C,catcher,,14.706122448979592
John Hicks,28.0,2019,12547,C,catcher,,14.106122448979592
John Hicks,29.0,2020,12547,C,catcher,,13.506122448979593
John Hicks,30.0,2021,12547,C,catcher,,12.906122448979591
John Hicks,31.0,2022,12547,C,catcher,,12.306122448979592
John Hicks,32.0,2023,12547,C,catcher,,11.10612244897959
John Hicks,33.0,2024,12547,C,catcher,,9.906122448979591
John Hicks,34.0,2025,12547,C,catcher,,8.706122448979592
John Hicks,35.0,2026,12547,C,catcher,,7.506122448979591
John Hicks,36.0,2027,12547,C,catcher,,6.3061224489795915
John Hicks,37.0,2028,12547,C,catcher,,5.106122448979592
John Hicks,38.0,2029,12547,C,catcher,,3.906122448979593
John Hicks,39.0,2030,12547,C,catcher,,2.7061224489795936
John Hicks,40.0,2031,12547,C,catcher,,1.5061224489795944
Eugenio Suarez,25.0,2017,12552,3B,infield,-1.5,
Eugenio Suarez,26.0,2018,12552,3B,infield,-1.5,
Eugenio Suarez,27.0,2019,12552,3B,infield,-2.1,
Eugenio Suarez,28.0,2020,12552,3B,infield,-2.7,
Eugenio Suarez,29.0,2021,12552,3B,infield,-3.3,
Eugenio Suarez,30.0,2022,12552,3B,infield,-3.9,
Eugenio Suarez,31.0,2023,12552,3B,infield,-4.5,
Eugenio Suarez,32.0,2024,12552,3B,infield,-5.7,
Eugenio Suarez,33.0,2025,12552,3B,infield,-6.9,
Eugenio Suarez,34.0,2026,12552,3B,infield,-8.100000000000001,
Eugenio Suarez,35.0,2027,12552,3B,infield,-9.3,
Eugenio Suarez,36.0,2028,12552,3B,infield,-10.5,
Eugenio Suarez,37.0,2029,12552,3B,infield,-11.7,
Eugenio Suarez,38.0,2030,12552,3B,infield,-12.899999999999999,
Eugenio Suarez,39.0,2031,12552,3B,infield,-14.099999999999998,
Eugenio Suarez,24.0,2017,12552,SS,infield,-10.733333333333334,
Eugenio Suarez,25.0,2018,12552,SS,infield,-10.733333333333334,
Eugenio Suarez,26.0,2019,12552,SS,infield,-10.733333333333334,
Eugenio Suarez,27.0,2020,12552,SS,infield,-11.333333333333334,
Eugenio Suarez,28.0,2021,12552,SS,infield,-11.933333333333334,
Eugenio Suarez,29.0,2022,12552,SS,infield,-12.533333333333335,
Eugenio Suarez,30.0,2023,12552,SS,infield,-13.133333333333335,
Eugenio Suarez,31.0,2024,12552,SS,infield,-13.733333333333334,
Eugenio Suarez,32.0,2025,12552,SS,infield,-14.933333333333334,
Eugenio Suarez,33.0,2026,12552,SS,infield,-16.133333333333333,
Eugenio Suarez,34.0,2027,12552,SS,infield,-17.333333333333336,
Eugenio Suarez,35.0,2028,12552,SS,infield,-18.533333333333335,
Eugenio Suarez,36.0,2029,12552,SS,infield,-19.733333333333334,
Eugenio Suarez,37.0,2030,12552,SS,infield,-20.933333333333334,
Eugenio Suarez,38.0,2031,12552,SS,infield,-22.133333333333333,
Trevor Story,24.0,2017,12564,SS,infield,-0.4,
Trevor Story,25.0,2018,12564,SS,infield,-0.4,
Trevor Story,26.0,2019,12564,SS,infield,-0.4,
Trevor Story,27.0,2020,12564,SS,infield,-1.0,
Trevor Story,28.0,2021,12564,SS,infield,-1.6,
Trevor Story,29.0,2022,12564,SS,infield,-2.1999999999999997,
Trevor Story,30.0,2023,12564,SS,infield,-2.8,
Trevor Story,31.0,2024,12564,SS,infield,-3.4,
Trevor Story,32.0,2025,12564,SS,infield,-4.6000000000000005,
Trevor Story,33.0,2026,12564,SS,infield,-5.800000000000001,
Trevor Story,34.0,2027,12564,SS,infield,-7.000000000000001,
Trevor Story,35.0,2028,12564,SS,infield,-8.200000000000001,
Trevor Story,36.0,2029,12564,SS,infield,-9.4,
Trevor Story,37.0,2030,12564,SS,infield,-10.6,
Trevor Story,38.0,2031,12564,SS,infield,-11.799999999999999,
Taylor Featherston,26.0,2017,12590,2B,infield,7.1,
Taylor Featherston,27.0,2018,12590,2B,infield,6.5,
Taylor Featherston,28.0,2019,12590,2B,infield,5.8999999999999995,
Taylor Featherston,29.0,2020,12590,2B,infield,5.3,
Taylor Featherston,30.0,2021,12590,2B,infield,4.699999999999999,
Taylor Featherston,31.0,2022,12590,2B,infield,4.1,
Taylor Featherston,32.0,2023,12590,2B,infield,2.8999999999999995,
Taylor Featherston,33.0,2024,12590,2B,infield,1.6999999999999993,
Taylor Featherston,34.0,2025,12590,2B,infield,0.4999999999999991,
Taylor Featherston,35.0,2026,12590,2B,infield,-0.7000000000000011,
Taylor Featherston,36.0,2027,12590,2B,infield,-1.9000000000000004,
Taylor Featherston,37.0,2028,12590,2B,infield,-3.0999999999999996,
Taylor Featherston,38.0,2029,12590,2B,infield,-4.299999999999999,
Taylor Featherston,39.0,2030,12590,2B,infield,-5.499999999999998,
Taylor Featherston,40.0,2031,12590,2B,infield,-6.6999999999999975,
Taylor Featherston,26.0,2017,12590,3B,infield,27.1,
Taylor Featherston,27.0,2018,12590,3B,infield,26.5,
Taylor Featherston,28.0,2019,12590,3B,infield,25.900000000000002,
Taylor Featherston,29.0,2020,12590,3B,infield,25.3,
Taylor Featherston,30.0,2021,12590,3B,infield,24.700000000000003,
Taylor Featherston,31.0,2022,12590,3B,infield,24.1,
Taylor Featherston,32.0,2023,12590,3B,infield,22.900000000000002,
Taylor Featherston,33.0,2024,12590,3B,infield,21.700000000000003,
Taylor Featherston,34.0,2025,12590,3B,infield,20.5,
Taylor Featherston,35.0,2026,12590,3B,infield,19.3,
Taylor Featherston,36.0,2027,12590,3B,infield,18.1,
Taylor Featherston,37.0,2028,12590,3B,infield,16.900000000000002,
Taylor Featherston,38.0,2029,12590,3B,infield,15.700000000000003,
Taylor Featherston,39.0,2030,12590,3B,infield,14.500000000000004,
Taylor Featherston,40.0,2031,12590,3B,infield,13.300000000000004,
Taylor Featherston,26.0,2017,12590,SS,infield,3.6,
Taylor Featherston,27.0,2018,12590,SS,infield,3.0,
Taylor Featherston,28.0,2019,12590,SS,infield,2.4000000000000004,
Taylor Featherston,29.0,2020,12590,SS,infield,1.8000000000000003,
Taylor Featherston,30.0,2021,12590,SS,infield,1.2000000000000002,
Taylor Featherston,31.0,2022,12590,SS,infield,0.6000000000000001,
Taylor Featherston,32.0,2023,12590,SS,infield,-0.6000000000000001,
Taylor Featherston,33.0,2024,12590,SS,infield,-1.8000000000000003,
Taylor Featherston,34.0,2025,12590,SS,infield,-3.0000000000000004,
Taylor Featherston,35.0,2026,12590,SS,infield,-4.200000000000001,
Taylor Featherston,36.0,2027,12590,SS,infield,-5.4,
Taylor Featherston,37.0,2028,12590,SS,infield,-6.6,
Taylor Featherston,38.0,2029,12590,SS,infield,-7.799999999999999,
Taylor Featherston,39.0,2030,12590,SS,infield,-8.999999999999998,
Taylor Featherston,40.0,2031,12590,SS,infield,-10.199999999999998,
Alex Dickerson,27.0,2017,12649,LF,outfield,-7.0,
Alex Dickerson,28.0,2018,12649,LF,outfield,-7.6000000000000005,
Alex Dickerson,29.0,2019,12649,LF,outfield,-8.2,
Alex Dickerson,30.0,2020,12649,LF,outfield,-8.8,
Alex Dickerson,31.0,2021,12649,LF,outfield,-9.4,
Alex Dickerson,32.0,2022,12649,LF,outfield,-10.600000000000001,
Alex Dickerson,33.0,2023,12649,LF,outfield,-11.8,
Alex Dickerson,34.0,2024,12649,LF,outfield,-13.0,
Alex Dickerson,35.0,2025,12649,LF,outfield,-14.200000000000001,
Alex Dickerson,36.0,2026,12649,LF,outfield,-15.4,
Alex Dickerson,37.0,2027,12649,LF,outfield,-16.6,
Alex Dickerson,38.0,2028,12649,LF,outfield,-17.799999999999997,
Alex Dickerson,39.0,2029,12649,LF,outfield,-19.0,
Alex Dickerson,40.0,2030,12649,LF,outfield,-20.199999999999996,
Alex Dickerson,41.0,2031,12649,LF,outfield,-21.4,
Billy Burns,27.0,2017,12701,CF,outfield,-8.533333333333333,
Billy Burns,28.0,2018,12701,CF,outfield,-9.133333333333333,
Billy Burns,29.0,2019,12701,CF,outfield,-9.733333333333334,
Billy Burns,30.0,2020,12701,CF,outfield,-10.333333333333334,
Billy Burns,31.0,2021,12701,CF,outfield,-10.933333333333334,
Billy Burns,32.0,2022,12701,CF,outfield,-12.133333333333333,
Billy Burns,33.0,2023,12701,CF,outfield,-13.333333333333334,
Billy Burns,34.0,2024,12701,CF,outfield,-14.533333333333335,
Billy Burns,35.0,2025,12701,CF,outfield,-15.733333333333334,
Billy Burns,36.0,2026,12701,CF,outfield,-16.933333333333334,
Billy Burns,37.0,2027,12701,CF,outfield,-18.133333333333333,
Billy Burns,38.0,2028,12701,CF,outfield,-19.333333333333332,
Billy Burns,39.0,2029,12701,CF,outfield,-20.53333333333333,
Billy Burns,40.0,2030,12701,CF,outfield,-21.73333333333333,
Billy Burns,41.0,2031,12701,CF,outfield,-22.93333333333333,
Tyler Collins,27.0,2017,12723,CF,outfield,-9.9,
Tyler Collins,28.0,2018,12723,CF,outfield,-10.5,
Tyler Collins,29.0,2019,12723,CF,outfield,-11.100000000000001,
Tyler Collins,30.0,2020,12723,CF,outfield,-11.700000000000001,
Tyler Collins,31.0,2021,12723,CF,outfield,-12.3,
Tyler Collins,32.0,2022,12723,CF,outfield,-13.5,
Tyler Collins,33.0,2023,12723,CF,outfield,-14.700000000000001,
Tyler Collins,34.0,2024,12723,CF,outfield,-15.900000000000002,
Tyler Collins,35.0,2025,12723,CF,outfield,-17.1,
Tyler Collins,36.0,2026,12723,CF,outfield,-18.3,
Tyler Collins,37.0,2027,12723,CF,outfield,-19.5,
Tyler Collins,38.0,2028,12723,CF,outfield,-20.7,
Tyler Collins,39.0,2029,12723,CF,outfield,-21.9,
Tyler Collins,40.0,2030,12723,CF,outfield,-23.099999999999998,
Tyler Collins,41.0,2031,12723,CF,outfield,-24.299999999999997,
Tyler Collins,27.0,2017,12723,LF,outfield,0.7000000000000001,
Tyler Collins,28.0,2018,12723,LF,outfield,0.10000000000000009,
Tyler Collins,29.0,2019,12723,LF,outfield,-0.4999999999999998,
Tyler Collins,30.0,2020,12723,LF,outfield,-1.0999999999999999,
Tyler Collins,31.0,2021,12723,LF,outfield,-1.7,
Tyler Collins,32.0,2022,12723,LF,outfield,-2.9000000000000004,
Tyler Collins,33.0,2023,12723,LF,outfield,-4.1000000000000005,
Tyler Collins,34.0,2024,12723,LF,outfield,-5.300000000000001,
Tyler Collins,35.0,2025,12723,LF,outfield,-6.500000000000001,
Tyler Collins,36.0,2026,12723,LF,outfield,-7.7,
Tyler Collins,37.0,2027,12723,LF,outfield,-8.899999999999999,
Tyler Collins,38.0,2028,12723,LF,outfield,-10.099999999999998,
Tyler Collins,39.0,2029,12723,LF,outfield,-11.299999999999997,
Tyler Collins,40.0,2030,12723,LF,outfield,-12.499999999999996,
Tyler Collins,41.0,2031,12723,LF,outfield,-13.699999999999996,
Brad Miller,27.0,2017,12775,1B,infield,-7.6,
Brad Miller,28.0,2018,12775,1B,infield,-8.2,
Brad Miller,29.0,2019,12775,1B,infield,-8.8,
Brad Miller,30.0,2020,12775,1B,infield,-9.4,
Brad Miller,31.0,2021,12775,1B,infield,-10.0,
Brad Miller,32.0,2022,12775,1B,infield,-11.2,
Brad Miller,33.0,2023,12775,1B,infield,-12.4,
Brad Miller,34.0,2024,12775,1B,infield,-13.600000000000001,
Brad Miller,35.0,2025,12775,1B,infield,-14.8,
Brad Miller,36.0,2026,12775,1B,infield,-16.0,
Brad Miller,37.0,2027,12775,1B,infield,-17.2,
Brad Miller,38.0,2028,12775,1B,infield,-18.4,
Brad Miller,39.0,2029,12775,1B,infield,-19.599999999999998,
Brad Miller,40.0,2030,12775,1B,infield,-20.799999999999997,
Brad Miller,41.0,2031,12775,1B,infield,-21.999999999999996,
Brad Miller,26.0,2017,12775,2B,infield,-10.4,
Brad Miller,27.0,2018,12775,2B,infield,-11.0,
Brad Miller,28.0,2019,12775,2B,infield,-11.6,
Brad Miller,29.0,2020,12775,2B,infield,-12.2,
Brad Miller,30.0,2021,12775,2B,infield,-12.8,
Brad Miller,31.0,2022,12775,2B,infield,-13.4,
Brad Miller,32.0,2023,12775,2B,infield,-14.600000000000001,
Brad Miller,33.0,2024,12775,2B,infield,-15.8,
Brad Miller,34.0,2025,12775,2B,infield,-17.0,
Brad Miller,35.0,2026,12775,2B,infield,-18.200000000000003,
Brad Miller,36.0,2027,12775,2B,infield,-19.4,
Brad Miller,37.0,2028,12775,2B,infield,-20.6,
Brad Miller,38.0,2029,12775,2B,infield,-21.799999999999997,
Brad Miller,39.0,2030,12775,2B,infield,-23.0,
Brad Miller,40.0,2031,12775,2B,infield,-24.199999999999996,
Brad Miller,26.0,2017,12775,CF,outfield,-55.2,
Brad Miller,27.0,2018,12775,CF,outfield,-55.800000000000004,
Brad Miller,28.0,2019,12775,CF,outfield,-56.400000000000006,
Brad Miller,29.0,2020,12775,CF,outfield,-57.0,
Brad Miller,30.0,2021,12775,CF,outfield,-57.6,
Brad Miller,31.0,2022,12775,CF,outfield,-58.2,
Brad Miller,32.0,2023,12775,CF,outfield,-59.400000000000006,
Brad Miller,33.0,2024,12775,CF,outfield,-60.6,
Brad Miller,34.0,2025,12775,CF,outfield,-61.800000000000004,
Brad Miller,35.0,2026,12775,CF,outfield,-63.0,
Brad Miller,36.0,2027,12775,CF,outfield,-64.2,
Brad Miller,37.0,2028,12775,CF,outfield,-65.4,
Brad Miller,38.0,2029,12775,CF,outfield,-66.6,
Brad Miller,39.0,2030,12775,CF,outfield,-67.8,
Brad Miller,40.0,2031,12775,CF,outfield,-69.0,
Brad Miller,26.0,2017,12775,LF,outfield,-15.7,
Brad Miller,27.0,2018,12775,LF,outfield,-16.3,
Brad Miller,28.0,2019,12775,LF,outfield,-16.9,
Brad Miller,29.0,2020,12775,LF,outfield,-17.5,
Brad Miller,30.0,2021,12775,LF,outfield,-18.099999999999998,
Brad Miller,31.0,2022,12775,LF,outfield,-18.7,
Brad Miller,32.0,2023,12775,LF,outfield,-19.9,
Brad Miller,33.0,2024,12775,LF,outfield,-21.1,
Brad Miller,34.0,2025,12775,LF,outfield,-22.3,
Brad Miller,35.0,2026,12775,LF,outfield,-23.5,
Brad Miller,36.0,2027,12775,LF,outfield,-24.7,
Brad Miller,37.0,2028,12775,LF,outfield,-25.9,
Brad Miller,38.0,2029,12775,LF,outfield,-27.099999999999998,
Brad Miller,39.0,2030,12775,LF,outfield,-28.299999999999997,
Brad Miller,40.0,2031,12775,LF,outfield,-29.499999999999996,
Brad Miller,27.0,2017,12775,SS,infield,-9.066666666666666,
Brad Miller,28.0,2018,12775,SS,infield,-9.666666666666666,
Brad Miller,29.0,2019,12775,SS,infield,-10.266666666666666,
Brad Miller,30.0,2020,12775,SS,infield,-10.866666666666667,
Brad Miller,31.0,2021,12775,SS,infield,-11.466666666666667,
Brad Miller,32.0,2022,12775,SS,infield,-12.666666666666668,
Brad Miller,33.0,2023,12775,SS,infield,-13.866666666666667,
Brad Miller,34.0,2024,12775,SS,infield,-15.066666666666666,
Brad Miller,35.0,2025,12775,SS,infield,-16.266666666666666,
Brad Miller,36.0,2026,12775,SS,infield,-17.46666666666667,
Brad Miller,37.0,2027,12775,SS,infield,-18.666666666666664,
Brad Miller,38.0,2028,12775,SS,infield,-19.866666666666667,
Brad Miller,39.0,2029,12775,SS,infield,-21.066666666666663,
Brad Miller,40.0,2030,12775,SS,infield,-22.266666666666666,
Brad Miller,41.0,2031,12775,SS,infield,-23.46666666666666,
Dalton Pompey,23.0,2017,12797,CF,outfield,6.2,
Dalton Pompey,24.0,2018,12797,CF,outfield,6.2,
Dalton Pompey,25.0,2019,12797,CF,outfield,6.2,
Dalton Pompey,26.0,2020,12797,CF,outfield,6.2,
Dalton Pompey,27.0,2021,12797,CF,outfield,5.6000000000000005,
Dalton Pompey,28.0,2022,12797,CF,outfield,5.0,
Dalton Pompey,29.0,2023,12797,CF,outfield,4.4,
Dalton Pompey,30.0,2024,12797,CF,outfield,3.8000000000000003,
Dalton Pompey,31.0,2025,12797,CF,outfield,3.2,
Dalton Pompey,32.0,2026,12797,CF,outfield,2.0,
Dalton Pompey,33.0,2027,12797,CF,outfield,0.7999999999999998,
Dalton Pompey,34.0,2028,12797,CF,outfield,-0.40000000000000036,
Dalton Pompey,35.0,2029,12797,CF,outfield,-1.6000000000000005,
Dalton Pompey,36.0,2030,12797,CF,outfield,-2.8,
Dalton Pompey,37.0,2031,12797,CF,outfield,-3.999999999999999,
Dalton Pompey,22.0,2017,12797,LF,outfield,35.1,
Dalton Pompey,23.0,2018,12797,LF,outfield,35.1,
Dalton Pompey,24.0,2019,12797,LF,outfield,35.1,
Dalton Pompey,25.0,2020,12797,LF,outfield,35.1,
Dalton Pompey,26.0,2021,12797,LF,outfield,35.1,
Dalton Pompey,27.0,2022,12797,LF,outfield,34.5,
Dalton Pompey,28.0,2023,12797,LF,outfield,33.9,
Dalton Pompey,29.0,2024,12797,LF,outfield,33.300000000000004,
Dalton Pompey,30.0,2025,12797,LF,outfield,32.7,
Dalton Pompey,31.0,2026,12797,LF,outfield,32.1,
Dalton Pompey,32.0,2027,12797,LF,outfield,30.900000000000002,
Dalton Pompey,33.0,2028,12797,LF,outfield,29.700000000000003,
Dalton Pompey,34.0,2029,12797,LF,outfield,28.5,
Dalton Pompey,35.0,2030,12797,LF,outfield,27.3,
Dalton Pompey,36.0,2031,12797,LF,outfield,26.1,
George Springer,26.0,2017,12856,CF,outfield,-2.0,
George Springer,27.0,2018,12856,CF,outfield,-2.6,
George Springer,28.0,2019,12856,CF,outfield,-3.2,
George Springer,29.0,2020,12856,CF,outfield,-3.8,
George Springer,30.0,2021,12856,CF,outfield,-4.4,
George Springer,31.0,2022,12856,CF,outfield,-5.0,
George Springer,32.0,2023,12856,CF,outfield,-6.2,
George Springer,33.0,2024,12856,CF,outfield,-7.4,
George Springer,34.0,2025,12856,CF,outfield,-8.600000000000001,
George Springer,35.0,2026,12856,CF,outfield,-9.8,
George Springer,36.0,2027,12856,CF,outfield,-11.0,
George Springer,37.0,2028,12856,CF,outfield,-12.2,
George Springer,38.0,2029,12856,CF,outfield,-13.399999999999999,
George Springer,39.0,2030,12856,CF,outfield,-14.599999999999998,
George Springer,40.0,2031,12856,CF,outfield,-15.799999999999997,
George Springer,27.0,2017,12856,RF,outfield,4.983333333333333,
George Springer,28.0,2018,12856,RF,outfield,4.383333333333333,
George Springer,29.0,2019,12856,RF,outfield,3.783333333333333,
George Springer,30.0,2020,12856,RF,outfield,3.183333333333333,
George Springer,31.0,2021,12856,RF,outfield,2.583333333333333,
George Springer,32.0,2022,12856,RF,outfield,1.3833333333333329,
George Springer,33.0,2023,12856,RF,outfield,0.18333333333333268,
George Springer,34.0,2024,12856,RF,outfield,-1.0166666666666675,
George Springer,35.0,2025,12856,RF,outfield,-2.2166666666666677,
George Springer,36.0,2026,12856,RF,outfield,-3.416666666666667,
George Springer,37.0,2027,12856,RF,outfield,-4.616666666666666,
George Springer,38.0,2028,12856,RF,outfield,-5.8166666666666655,
George Springer,39.0,2029,12856,RF,outfield,-7.016666666666665,
George Springer,40.0,2030,12856,RF,outfield,-8.216666666666665,
George Springer,41.0,2031,12856,RF,outfield,-9.416666666666664,
Brian Goodwin,26.0,2017,12858,RF,outfield,-20.2,
Brian Goodwin,27.0,2018,12858,RF,outfield,-20.8,
Brian Goodwin,28.0,2019,12858,RF,outfield,-21.4,
Brian Goodwin,29.0,2020,12858,RF,outfield,-22.0,
Brian Goodwin,30.0,2021,12858,RF,outfield,-22.599999999999998,
Brian Goodwin,31.0,2022,12858,RF,outfield,-23.2,
Brian Goodwin,32.0,2023,12858,RF,outfield,-24.4,
Brian Goodwin,33.0,2024,12858,RF,outfield,-25.6,
Brian Goodwin,34.0,2025,12858,RF,outfield,-26.8,
Brian Goodwin,35.0,2026,12858,RF,outfield,-28.0,
Brian Goodwin,36.0,2027,12858,RF,outfield,-29.2,
Brian Goodwin,37.0,2028,12858,RF,outfield,-30.4,
Brian Goodwin,38.0,2029,12858,RF,outfield,-31.599999999999998,
Brian Goodwin,39.0,2030,12858,RF,outfield,-32.8,
Brian Goodwin,40.0,2031,12858,RF,outfield,-34.0,
James McCann,27.0,2017,12859,C,catcher,,4.598850655424588
James McCann,28.0,2018,12859,C,catcher,,3.9988506554245875
James McCann,29.0,2019,12859,C,catcher,,3.398850655424588
James McCann,30.0,2020,12859,C,catcher,,2.7988506554245878
James McCann,31.0,2021,12859,C,catcher,,2.1988506554245877
James McCann,32.0,2022,12859,C,catcher,,0.9988506554245875
James McCann,33.0,2023,12859,C,catcher,,-0.20114934457541267
James McCann,34.0,2024,12859,C,catcher,,-1.4011493445754128
James McCann,35.0,2025,12859,C,catcher,,-2.601149344575413
James McCann,36.0,2026,12859,C,catcher,,-3.8011493445754123
James McCann,37.0,2027,12859,C,catcher,,-5.001149344575412
James McCann,38.0,2028,12859,C,catcher,,-6.201149344575411
James McCann,39.0,2029,12859,C,catcher,,-7.40114934457541
James McCann,40.0,2030,12859,C,catcher,,-8.60114934457541
James McCann,41.0,2031,12859,C,catcher,,-9.801149344575409
Anthony Rendon,26.0,2017,12861,2B,infield,5.566666666666666,
Anthony Rendon,27.0,2018,12861,2B,infield,4.966666666666667,
Anthony Rendon,28.0,2019,12861,2B,infield,4.366666666666666,
Anthony Rendon,29.0,2020,12861,2B,infield,3.7666666666666666,
Anthony Rendon,30.0,2021,12861,2B,infield,3.1666666666666665,
Anthony Rendon,31.0,2022,12861,2B,infield,2.5666666666666664,
Anthony Rendon,32.0,2023,12861,2B,infield,1.3666666666666663,
Anthony Rendon,33.0,2024,12861,2B,infield,0.16666666666666607,
Anthony Rendon,34.0,2025,12861,2B,infield,-1.033333333333334,
Anthony Rendon,35.0,2026,12861,2B,infield,-2.2333333333333343,
Anthony Rendon,36.0,2027,12861,2B,infield,-3.4333333333333336,
Anthony Rendon,37.0,2028,12861,2B,infield,-4.633333333333333,
Anthony Rendon,38.0,2029,12861,2B,infield,-5.833333333333332,
Anthony Rendon,39.0,2030,12861,2B,infield,-7.033333333333331,
Anthony Rendon,40.0,2031,12861,2B,infield,-8.23333333333333,
Anthony Rendon,27.0,2017,12861,3B,infield,15.66666666666667,
Anthony Rendon,28.0,2018,12861,3B,infield,15.06666666666667,
Anthony Rendon,29.0,2019,12861,3B,infield,14.466666666666669,
Anthony Rendon,30.0,2020,12861,3B,infield,13.866666666666669,
Anthony Rendon,31.0,2021,12861,3B,infield,13.26666666666667,
Anthony Rendon,32.0,2022,12861,3B,infield,12.06666666666667,
Anthony Rendon,33.0,2023,12861,3B,infield,10.866666666666669,
Anthony Rendon,34.0,2024,12861,3B,infield,9.666666666666668,
Anthony Rendon,35.0,2025,12861,3B,infield,8.466666666666669,
Anthony Rendon,36.0,2026,12861,3B,infield,7.266666666666669,
Anthony Rendon,37.0,2027,12861,3B,infield,6.06666666666667,
Anthony Rendon,38.0,2028,12861,3B,infield,4.866666666666671,
Anthony Rendon,39.0,2029,12861,3B,infield,3.6666666666666714,
Anthony Rendon,40.0,2030,12861,3B,infield,2.466666666666672,
Anthony Rendon,41.0,2031,12861,3B,infield,1.2666666666666728,
Gregory Polanco,25.0,2017,12907,LF,outfield,2.166666666666667,
Gregory Polanco,26.0,2018,12907,LF,outfield,2.166666666666667,
Gregory Polanco,27.0,2019,12907,LF,outfield,1.5666666666666669,
Gregory Polanco,28.0,2020,12907,LF,outfield,0.966666666666667,
Gregory Polanco,29.0,2021,12907,LF,outfield,0.36666666666666714,
Gregory Polanco,30.0,2022,12907,LF,outfield,-0.23333333333333295,
Gregory Polanco,31.0,2023,12907,LF,outfield,-0.833333333333333,
Gregory Polanco,32.0,2024,12907,LF,outfield,-2.033333333333333,
Gregory Polanco,33.0,2025,12907,LF,outfield,-3.2333333333333334,
Gregory Polanco,34.0,2026,12907,LF,outfield,-4.433333333333334,
Gregory Polanco,35.0,2027,12907,LF,outfield,-5.633333333333334,
Gregory Polanco,36.0,2028,12907,LF,outfield,-6.833333333333333,
Gregory Polanco,37.0,2029,12907,LF,outfield,-8.033333333333331,
Gregory Polanco,38.0,2030,12907,LF,outfield,-9.23333333333333,
Gregory Polanco,39.0,2031,12907,LF,outfield,-10.43333333333333,
Gregory Polanco,25.0,2017,12907,RF,outfield,6.449999999999999,
Gregory Polanco,26.0,2018,12907,RF,outfield,6.449999999999999,
Gregory Polanco,27.0,2019,12907,RF,outfield,5.85,
Gregory Polanco,28.0,2020,12907,RF,outfield,5.249999999999999,
Gregory Polanco,29.0,2021,12907,RF,outfield,4.6499999999999995,
Gregory Polanco,30.0,2022,12907,RF,outfield,4.049999999999999,
Gregory Polanco,31.0,2023,12907,RF,outfield,3.4499999999999993,
Gregory Polanco,32.0,2024,12907,RF,outfield,2.249999999999999,
Gregory Polanco,33.0,2025,12907,RF,outfield,1.049999999999999,
Gregory Polanco,34.0,2026,12907,RF,outfield,-0.15000000000000124,
Gregory Polanco,35.0,2027,12907,RF,outfield,-1.3500000000000014,
Gregory Polanco,36.0,2028,12907,RF,outfield,-2.5500000000000007,
Gregory Polanco,37.0,2029,12907,RF,outfield,-3.75,
Gregory Polanco,38.0,2030,12907,RF,outfield,-4.949999999999999,
Gregory Polanco,39.0,2031,12907,RF,outfield,-6.149999999999999,
Francisco Lindor,23.0,2017,12916,SS,infield,13.766666666666666,
Francisco Lindor,24.0,2018,12916,SS,infield,13.766666666666666,
Francisco Lindor,25.0,2019,12916,SS,infield,13.766666666666666,
Francisco Lindor,26.0,2020,12916,SS,infield,13.766666666666666,
Francisco Lindor,27.0,2021,12916,SS,infield,13.166666666666666,
Francisco Lindor,28.0,2022,12916,SS,infield,12.566666666666666,
Francisco Lindor,29.0,2023,12916,SS,infield,11.966666666666665,
Francisco Lindor,30.0,2024,12916,SS,infield,11.366666666666665,
Francisco Lindor,31.0,2025,12916,SS,infield,10.766666666666666,
Francisco Lindor,32.0,2026,12916,SS,infield,9.566666666666666,
Francisco Lindor,33.0,2027,12916,SS,infield,8.366666666666665,
Francisco Lindor,34.0,2028,12916,SS,infield,7.166666666666665,
Francisco Lindor,35.0,2029,12916,SS,infield,5.966666666666665,
Francisco Lindor,36.0,2030,12916,SS,infield,4.766666666666666,
Francisco Lindor,37.0,2031,12916,SS,infield,3.5666666666666664,
Brandon Nimmo,24.0,2017,12927,LF,outfield,-8.2,
Brandon Nimmo,25.0,2018,12927,LF,outfield,-8.2,
Brandon Nimmo,26.0,2019,12927,LF,outfield,-8.2,
Brandon Nimmo,27.0,2020,12927,LF,outfield,-8.799999999999999,
Brandon Nimmo,28.0,2021,12927,LF,outfield,-9.399999999999999,
Brandon Nimmo,29.0,2022,12927,LF,outfield,-10.0,
Brandon Nimmo,30.0,2023,12927,LF,outfield,-10.6,
Brandon Nimmo,31.0,2024,12927,LF,outfield,-11.2,
Brandon Nimmo,32.0,2025,12927,LF,outfield,-12.399999999999999,
Brandon Nimmo,33.0,2026,12927,LF,outfield,-13.6,
Brandon Nimmo,34.0,2027,12927,LF,outfield,-14.8,
Brandon Nimmo,35.0,2028,12927,LF,outfield,-16.0,
Brandon Nimmo,36.0,2029,12927,LF,outfield,-17.2,
Brandon Nimmo,37.0,2030,12927,LF,outfield,-18.4,
Brandon Nimmo,38.0,2031,12927,LF,outfield,-19.599999999999998,
Socrates Brito,24.0,2017,12944,CF,outfield,-11.5,
Socrates Brito,25.0,2018,12944,CF,outfield,-11.5,
Socrates Brito,26.0,2019,12944,CF,outfield,-11.5,
Socrates Brito,27.0,2020,12944,CF,outfield,-12.1,
Socrates Brito,28.0,2021,12944,CF,outfield,-12.7,
Socrates Brito,29.0,2022,12944,CF,outfield,-13.3,
Socrates Brito,30.0,2023,12944,CF,outfield,-13.9,
Socrates Brito,31.0,2024,12944,CF,outfield,-14.5,
Socrates Brito,32.0,2025,12944,CF,outfield,-15.7,
Socrates Brito,33.0,2026,12944,CF,outfield,-16.9,
Socrates Brito,34.0,2027,12944,CF,outfield,-18.1,
Socrates Brito,35.0,2028,12944,CF,outfield,-19.3,
Socrates Brito,36.0,2029,12944,CF,outfield,-20.5,
Socrates Brito,37.0,2030,12944,CF,outfield,-21.7,
Socrates Brito,38.0,2031,12944,CF,outfield,-22.9,
Socrates Brito,24.0,2017,12944,RF,outfield,1.0,
Socrates Brito,25.0,2018,12944,RF,outfield,1.0,
Socrates Brito,26.0,2019,12944,RF,outfield,1.0,
Socrates Brito,27.0,2020,12944,RF,outfield,0.4,
Socrates Brito,28.0,2021,12944,RF,outfield,-0.19999999999999996,
Socrates Brito,29.0,2022,12944,RF,outfield,-0.7999999999999998,
Socrates Brito,30.0,2023,12944,RF,outfield,-1.4,
Socrates Brito,31.0,2024,12944,RF,outfield,-2.0,
Socrates Brito,32.0,2025,12944,RF,outfield,-3.2,
Socrates Brito,33.0,2026,12944,RF,outfield,-4.4,
Socrates Brito,34.0,2027,12944,RF,outfield,-5.6000000000000005,
Socrates Brito,35.0,2028,12944,RF,outfield,-6.800000000000001,
Socrates Brito,36.0,2029,12944,RF,outfield,-8.0,
Socrates Brito,37.0,2030,12944,RF,outfield,-9.2,
Socrates Brito,38.0,2031,12944,RF,outfield,-10.399999999999999,
Steve Selsky,27.0,2017,12957,RF,outfield,9.3,
Steve Selsky,28.0,2018,12957,RF,outfield,8.700000000000001,
Steve Selsky,29.0,2019,12957,RF,outfield,8.100000000000001,
Steve Selsky,30.0,2020,12957,RF,outfield,7.5,
Steve Selsky,31.0,2021,12957,RF,outfield,6.9,
Steve Selsky,32.0,2022,12957,RF,outfield,5.7,
Steve Selsky,33.0,2023,12957,RF,outfield,4.5,
Steve Selsky,34.0,2024,12957,RF,outfield,3.3,
Steve Selsky,35.0,2025,12957,RF,outfield,2.0999999999999996,
Steve Selsky,36.0,2026,12957,RF,outfield,0.9000000000000004,
Steve Selsky,37.0,2027,12957,RF,outfield,-0.29999999999999893,
Steve Selsky,38.0,2028,12957,RF,outfield,-1.4999999999999982,
Steve Selsky,39.0,2029,12957,RF,outfield,-2.6999999999999975,
Steve Selsky,40.0,2030,12957,RF,outfield,-3.899999999999997,
Steve Selsky,41.0,2031,12957,RF,outfield,-5.099999999999996,
Austin Hedges,24.0,2017,12976,C,catcher,,-10.850942318675044
Austin Hedges,25.0,2018,12976,C,catcher,,-10.850942318675044
Austin Hedges,26.0,2019,12976,C,catcher,,-10.850942318675044
Austin Hedges,27.0,2020,12976,C,catcher,,-11.450942318675043
Austin Hedges,28.0,2021,12976,C,catcher,,-12.050942318675043
Austin Hedges,29.0,2022,12976,C,catcher,,-12.650942318675042
Austin Hedges,30.0,2023,12976,C,catcher,,-13.250942318675044
Austin Hedges,31.0,2024,12976,C,catcher,,-13.850942318675044
Austin Hedges,32.0,2025,12976,C,catcher,,-15.050942318675045
Austin Hedges,33.0,2026,12976,C,catcher,,-16.250942318675044
Austin Hedges,34.0,2027,12976,C,catcher,,-17.450942318675043
Austin Hedges,35.0,2028,12976,C,catcher,,-18.650942318675042
Austin Hedges,36.0,2029,12976,C,catcher,,-19.850942318675045
Austin Hedges,37.0,2030,12976,C,catcher,,-21.05094231867504
Austin Hedges,38.0,2031,12976,C,catcher,,-22.250942318675044
Javier Baez,24.0,2017,12979,2B,infield,1.8999999999999997,
Javier Baez,25.0,2018,12979,2B,infield,1.8999999999999997,
Javier Baez,26.0,2019,12979,2B,infield,1.8999999999999997,
Javier Baez,27.0,2020,12979,2B,infield,1.2999999999999998,
Javier Baez,28.0,2021,12979,2B,infield,0.6999999999999997,
Javier Baez,29.0,2022,12979,2B,infield,0.09999999999999987,
Javier Baez,30.0,2023,12979,2B,infield,-0.5000000000000002,
Javier Baez,31.0,2024,12979,2B,infield,-1.1000000000000003,
Javier Baez,32.0,2025,12979,2B,infield,-2.3000000000000007,
Javier Baez,33.0,2026,12979,2B,infield,-3.500000000000001,
Javier Baez,34.0,2027,12979,2B,infield,-4.700000000000001,
Javier Baez,35.0,2028,12979,2B,infield,-5.900000000000001,
Javier Baez,36.0,2029,12979,2B,infield,-7.1000000000000005,
Javier Baez,37.0,2030,12979,2B,infield,-8.299999999999999,
Javier Baez,38.0,2031,12979,2B,infield,-9.499999999999998,
Javier Baez,24.0,2017,12979,3B,infield,16.26666666666667,
Javier Baez,25.0,2018,12979,3B,infield,16.26666666666667,
Javier Baez,26.0,2019,12979,3B,infield,16.26666666666667,
Javier Baez,27.0,2020,12979,3B,infield,15.66666666666667,
Javier Baez,28.0,2021,12979,3B,infield,15.06666666666667,
Javier Baez,29.0,2022,12979,3B,infield,14.466666666666669,
Javier Baez,30.0,2023,12979,3B,infield,13.866666666666669,
Javier Baez,31.0,2024,12979,3B,infield,13.26666666666667,
Javier Baez,32.0,2025,12979,3B,infield,12.06666666666667,
Javier Baez,33.0,2026,12979,3B,infield,10.866666666666669,
Javier Baez,34.0,2027,12979,3B,infield,9.666666666666668,
Javier Baez,35.0,2028,12979,3B,infield,8.466666666666669,
Javier Baez,36.0,2029,12979,3B,infield,7.266666666666669,
Javier Baez,37.0,2030,12979,3B,infield,6.06666666666667,
Javier Baez,38.0,2031,12979,3B,infield,4.866666666666671,
Javier Baez,24.0,2017,12979,SS,infield,9.600000000000001,
Javier Baez,25.0,2018,12979,SS,infield,9.600000000000001,
Javier Baez,26.0,2019,12979,SS,infield,9.600000000000001,
Javier Baez,27.0,2020,12979,SS,infield,9.000000000000002,
Javier Baez,28.0,2021,12979,SS,infield,8.400000000000002,
Javier Baez,29.0,2022,12979,SS,infield,7.800000000000002,
Javier Baez,30.0,2023,12979,SS,infield,7.200000000000001,
Javier Baez,31.0,2024,12979,SS,infield,6.600000000000001,
Javier Baez,32.0,2025,12979,SS,infield,5.400000000000001,
Javier Baez,33.0,2026,12979,SS,infield,4.200000000000001,
Javier Baez,34.0,2027,12979,SS,infield,3.000000000000001,
Javier Baez,35.0,2028,12979,SS,infield,1.8000000000000007,
Javier Baez,36.0,2029,12979,SS,infield,0.6000000000000014,
Javier Baez,37.0,2030,12979,SS,infield,-0.5999999999999979,
Javier Baez,38.0,2031,12979,SS,infield,-1.7999999999999972,
Jackie Bradley Jr.,27.0,2017,12984,CF,outfield,6.366666666666666,
Jackie Bradley Jr.,28.0,2018,12984,CF,outfield,5.766666666666666,
Jackie Bradley Jr.,29.0,2019,12984,CF,outfield,5.166666666666666,
Jackie Bradley Jr.,30.0,2020,12984,CF,outfield,4.566666666666666,
Jackie Bradley Jr.,31.0,2021,12984,CF,outfield,3.966666666666666,
Jackie Bradley Jr.,32.0,2022,12984,CF,outfield,2.7666666666666657,
Jackie Bradley Jr.,33.0,2023,12984,CF,outfield,1.5666666666666655,
Jackie Bradley Jr.,34.0,2024,12984,CF,outfield,0.36666666666666536,
Jackie Bradley Jr.,35.0,2025,12984,CF,outfield,-0.8333333333333348,
Jackie Bradley Jr.,36.0,2026,12984,CF,outfield,-2.033333333333334,
Jackie Bradley Jr.,37.0,2027,12984,CF,outfield,-3.2333333333333334,
Jackie Bradley Jr.,38.0,2028,12984,CF,outfield,-4.433333333333333,
Jackie Bradley Jr.,39.0,2029,12984,CF,outfield,-5.633333333333332,
Jackie Bradley Jr.,40.0,2030,12984,CF,outfield,-6.833333333333331,
Jackie Bradley Jr.,41.0,2031,12984,CF,outfield,-8.033333333333331,
Jackie Bradley Jr.,26.0,2017,12984,LF,outfield,27.6,
Jackie Bradley Jr.,27.0,2018,12984,LF,outfield,27.0,
Jackie Bradley Jr.,28.0,2019,12984,LF,outfield,26.400000000000002,
Jackie Bradley Jr.,29.0,2020,12984,LF,outfield,25.8,
Jackie Bradley Jr.,30.0,2021,12984,LF,outfield,25.200000000000003,
Jackie Bradley Jr.,31.0,2022,12984,LF,outfield,24.6,
Jackie Bradley Jr.,32.0,2023,12984,LF,outfield,23.400000000000002,
Jackie Bradley Jr.,33.0,2024,12984,LF,outfield,22.200000000000003,
Jackie Bradley Jr.,34.0,2025,12984,LF,outfield,21.0,
Jackie Bradley Jr.,35.0,2026,12984,LF,outfield,19.8,
Jackie Bradley Jr.,36.0,2027,12984,LF,outfield,18.6,
Jackie Bradley Jr.,37.0,2028,12984,LF,outfield,17.400000000000002,
Jackie Bradley Jr.,38.0,2029,12984,LF,outfield,16.200000000000003,
Jackie Bradley Jr.,39.0,2030,12984,LF,outfield,15.000000000000004,
Jackie Bradley Jr.,40.0,2031,12984,LF,outfield,13.800000000000004,
Jackie Bradley Jr.,26.0,2017,12984,RF,outfield,4.433333333333334,
Jackie Bradley Jr.,27.0,2018,12984,RF,outfield,3.8333333333333335,
Jackie Bradley Jr.,28.0,2019,12984,RF,outfield,3.2333333333333334,
Jackie Bradley Jr.,29.0,2020,12984,RF,outfield,2.6333333333333337,
Jackie Bradley Jr.,30.0,2021,12984,RF,outfield,2.0333333333333337,
Jackie Bradley Jr.,31.0,2022,12984,RF,outfield,1.4333333333333336,
Jackie Bradley Jr.,32.0,2023,12984,RF,outfield,0.2333333333333334,
Jackie Bradley Jr.,33.0,2024,12984,RF,outfield,-0.9666666666666668,
Jackie Bradley Jr.,34.0,2025,12984,RF,outfield,-2.166666666666667,
Jackie Bradley Jr.,35.0,2026,12984,RF,outfield,-3.366666666666667,
Jackie Bradley Jr.,36.0,2027,12984,RF,outfield,-4.566666666666666,
Jackie Bradley Jr.,37.0,2028,12984,RF,outfield,-5.766666666666666,
Jackie Bradley Jr.,38.0,2029,12984,RF,outfield,-6.966666666666665,
Jackie Bradley Jr.,39.0,2030,12984,RF,outfield,-8.166666666666664,
Jackie Bradley Jr.,40.0,2031,12984,RF,outfield,-9.366666666666664,
Kelby Tomlinson,27.0,2017,13005,2B,infield,7.166666666666667,
Kelby Tomlinson,28.0,2018,13005,2B,infield,6.566666666666666,
Kelby Tomlinson,29.0,2019,13005,2B,infield,5.966666666666667,
Kelby Tomlinson,30.0,2020,13005,2B,infield,5.366666666666667,
Kelby Tomlinson,31.0,2021,13005,2B,infield,4.766666666666667,
Kelby Tomlinson,32.0,2022,13005,2B,infield,3.5666666666666664,
Kelby Tomlinson,33.0,2023,13005,2B,infield,2.3666666666666663,
Kelby Tomlinson,34.0,2024,13005,2B,infield,1.166666666666666,
Kelby Tomlinson,35.0,2025,13005,2B,infield,-0.0333333333333341,
Kelby Tomlinson,36.0,2026,13005,2B,infield,-1.2333333333333334,
Kelby Tomlinson,37.0,2027,13005,2B,infield,-2.4333333333333327,
Kelby Tomlinson,38.0,2028,13005,2B,infield,-3.633333333333332,
Kelby Tomlinson,39.0,2029,13005,2B,infield,-4.833333333333331,
Kelby Tomlinson,40.0,2030,13005,2B,infield,-6.0333333333333306,
Kelby Tomlinson,41.0,2031,13005,2B,infield,-7.23333333333333,
Munenori Kawasaki,36.0,2017,13047,2B,infield,-3.9499999999999993,
Munenori Kawasaki,37.0,2018,13047,2B,infield,-5.1499999999999995,
Munenori Kawasaki,38.0,2019,13047,2B,infield,-6.35,
Munenori Kawasaki,39.0,2020,13047,2B,infield,-7.549999999999999,
Munenori Kawasaki,40.0,2021,13047,2B,infield,-8.75,
Munenori Kawasaki,41.0,2022,13047,2B,infield,-9.95,
Munenori Kawasaki,42.0,2023,13047,2B,infield,-11.15,
Munenori Kawasaki,34.0,2017,13047,3B,infield,13.200000000000001,
Munenori Kawasaki,35.0,2018,13047,3B,infield,12.0,
Munenori Kawasaki,36.0,2019,13047,3B,infield,10.8,
Munenori Kawasaki,37.0,2020,13047,3B,infield,9.600000000000001,
Munenori Kawasaki,38.0,2021,13047,3B,infield,8.4,
Munenori Kawasaki,39.0,2022,13047,3B,infield,7.2,
Munenori Kawasaki,40.0,2023,13047,3B,infield,6.0,
Munenori Kawasaki,41.0,2024,13047,3B,infield,4.800000000000001,
Munenori Kawasaki,42.0,2025,13047,3B,infield,3.6000000000000014,
Chris Colabello,33.0,2017,13051,1B,infield,-1.2999999999999996,
Chris Colabello,34.0,2018,13051,1B,infield,-2.4999999999999996,
Chris Colabello,35.0,2019,13051,1B,infield,-3.6999999999999993,
Chris Colabello,36.0,2020,13051,1B,infield,-4.8999999999999995,
Chris Colabello,37.0,2021,13051,1B,infield,-6.1,
Chris Colabello,38.0,2022,13051,1B,infield,-7.3,
Chris Colabello,39.0,2023,13051,1B,infield,-8.5,
Chris Colabello,40.0,2024,13051,1B,infield,-9.7,
Chris Colabello,41.0,2025,13051,1B,infield,-10.899999999999999,
Chris Colabello,42.0,2026,13051,1B,infield,-12.099999999999998,
Chris Colabello,32.0,2017,13051,LF,outfield,-28.9,
Chris Colabello,33.0,2018,13051,LF,outfield,-30.099999999999998,
Chris Colabello,34.0,2019,13051,LF,outfield,-31.299999999999997,
Chris Colabello,35.0,2020,13051,LF,outfield,-32.5,
Chris Colabello,36.0,2021,13051,LF,outfield,-33.7,
Chris Colabello,37.0,2022,13051,LF,outfield,-34.9,
Chris Colabello,38.0,2023,13051,LF,outfield,-36.1,
Chris Colabello,39.0,2024,13051,LF,outfield,-37.3,
Chris Colabello,40.0,2025,13051,LF,outfield,-38.5,
Chris Colabello,41.0,2026,13051,LF,outfield,-39.699999999999996,
Chris Colabello,42.0,2027,13051,LF,outfield,-40.9,
Chris Colabello,32.0,2017,13051,RF,outfield,-37.93333333333333,
Chris Colabello,33.0,2018,13051,RF,outfield,-39.133333333333326,
Chris Colabello,34.0,2019,13051,RF,outfield,-40.33333333333333,
Chris Colabello,35.0,2020,13051,RF,outfield,-41.533333333333324,
Chris Colabello,36.0,2021,13051,RF,outfield,-42.73333333333333,
Chris Colabello,37.0,2022,13051,RF,outfield,-43.93333333333333,
Chris Colabello,38.0,2023,13051,RF,outfield,-45.133333333333326,
Chris Colabello,39.0,2024,13051,RF,outfield,-46.33333333333333,
Chris Colabello,40.0,2025,13051,RF,outfield,-47.533333333333324,
Chris Colabello,41.0,2026,13051,RF,outfield,-48.73333333333333,
Chris Colabello,42.0,2027,13051,RF,outfield,-49.93333333333332,
Teoscar Hernandez,24.0,2017,13066,CF,outfield,1.5,
Teoscar Hernandez,25.0,2018,13066,CF,outfield,1.5,
Teoscar Hernandez,26.0,2019,13066,CF,outfield,1.5,
Teoscar Hernandez,27.0,2020,13066,CF,outfield,0.9,
Teoscar Hernandez,28.0,2021,13066,CF,outfield,0.30000000000000004,
Teoscar Hernandez,29.0,2022,13066,CF,outfield,-0.2999999999999998,
Teoscar Hernandez,30.0,2023,13066,CF,outfield,-0.8999999999999999,
Teoscar Hernandez,31.0,2024,13066,CF,outfield,-1.5,
Teoscar Hernandez,32.0,2025,13066,CF,outfield,-2.7,
Teoscar Hernandez,33.0,2026,13066,CF,outfield,-3.9000000000000004,
Teoscar Hernandez,34.0,2027,13066,CF,outfield,-5.1000000000000005,
Teoscar Hernandez,35.0,2028,13066,CF,outfield,-6.300000000000001,
Teoscar Hernandez,36.0,2029,13066,CF,outfield,-7.5,
Teoscar Hernandez,37.0,2030,13066,CF,outfield,-8.7,
Teoscar Hernandez,38.0,2031,13066,CF,outfield,-9.899999999999999,
Teoscar Hernandez,24.0,2017,13066,LF,outfield,-0.3,
Teoscar Hernandez,25.0,2018,13066,LF,outfield,-0.3,
Teoscar Hernandez,26.0,2019,13066,LF,outfield,-0.3,
Teoscar Hernandez,27.0,2020,13066,LF,outfield,-0.8999999999999999,
Teoscar Hernandez,28.0,2021,13066,LF,outfield,-1.5,
Teoscar Hernandez,29.0,2022,13066,LF,outfield,-2.0999999999999996,
Teoscar Hernandez,30.0,2023,13066,LF,outfield,-2.6999999999999997,
Teoscar Hernandez,31.0,2024,13066,LF,outfield,-3.3,
Teoscar Hernandez,32.0,2025,13066,LF,outfield,-4.5,
Teoscar Hernandez,33.0,2026,13066,LF,outfield,-5.7,
Teoscar Hernandez,34.0,2027,13066,LF,outfield,-6.9,
Teoscar Hernandez,35.0,2028,13066,LF,outfield,-8.100000000000001,
Teoscar Hernandez,36.0,2029,13066,LF,outfield,-9.3,
Teoscar Hernandez,37.0,2030,13066,LF,outfield,-10.5,
Teoscar Hernandez,38.0,2031,13066,LF,outfield,-11.7,
Nori Aoki,35.0,2017,13075,CF,outfield,-11.7,
Nori Aoki,36.0,2018,13075,CF,outfield,-12.9,
Nori Aoki,37.0,2019,13075,CF,outfield,-14.1,
Nori Aoki,38.0,2020,13075,CF,outfield,-15.3,
Nori Aoki,39.0,2021,13075,CF,outfield,-16.5,
Nori Aoki,40.0,2022,13075,CF,outfield,-17.7,
Nori Aoki,41.0,2023,13075,CF,outfield,-18.9,
Nori Aoki,42.0,2024,13075,CF,outfield,-20.1,
Nori Aoki,35.0,2017,13075,LF,outfield,0.0,
Nori Aoki,36.0,2018,13075,LF,outfield,-1.2,
Nori Aoki,37.0,2019,13075,LF,outfield,-2.3999999999999995,
Nori Aoki,38.0,2020,13075,LF,outfield,-3.5999999999999996,
Nori Aoki,39.0,2021,13075,LF,outfield,-4.8,
Nori Aoki,40.0,2022,13075,LF,outfield,-6.0,
Nori Aoki,41.0,2023,13075,LF,outfield,-7.2,
Nori Aoki,42.0,2024,13075,LF,outfield,-8.4,
Nori Aoki,33.0,2017,13075,RF,outfield,1.3,
Nori Aoki,34.0,2018,13075,RF,outfield,0.10000000000000009,
Nori Aoki,35.0,2019,13075,RF,outfield,-1.0999999999999996,
Nori Aoki,36.0,2020,13075,RF,outfield,-2.3,
Nori Aoki,37.0,2021,13075,RF,outfield,-3.5,
Nori Aoki,38.0,2022,13075,RF,outfield,-4.7,
Nori Aoki,39.0,2023,13075,RF,outfield,-5.9,
Nori Aoki,40.0,2024,13075,RF,outfield,-7.1,
Nori Aoki,41.0,2025,13075,RF,outfield,-8.299999999999999,
Nori Aoki,42.0,2026,13075,RF,outfield,-9.499999999999998,
Yoenis Cespedes,31.0,2017,13110,CF,outfield,-9.566666666666666,
Yoenis Cespedes,32.0,2018,13110,CF,outfield,-10.766666666666666,
Yoenis Cespedes,33.0,2019,13110,CF,outfield,-11.966666666666667,
Yoenis Cespedes,34.0,2020,13110,CF,outfield,-13.166666666666668,
Yoenis Cespedes,35.0,2021,13110,CF,outfield,-14.366666666666667,
Yoenis Cespedes,36.0,2022,13110,CF,outfield,-15.566666666666666,
Yoenis Cespedes,37.0,2023,13110,CF,outfield,-16.766666666666666,
Yoenis Cespedes,38.0,2024,13110,CF,outfield,-17.96666666666667,
Yoenis Cespedes,39.0,2025,13110,CF,outfield,-19.166666666666664,
Yoenis Cespedes,40.0,2026,13110,CF,outfield,-20.366666666666667,
Yoenis Cespedes,41.0,2027,13110,CF,outfield,-21.566666666666663,
Yoenis Cespedes,42.0,2028,13110,CF,outfield,-22.766666666666666,
Yoenis Cespedes,31.0,2017,13110,LF,outfield,8.383333333333333,
Yoenis Cespedes,32.0,2018,13110,LF,outfield,7.183333333333333,
Yoenis Cespedes,33.0,2019,13110,LF,outfield,5.9833333333333325,
Yoenis Cespedes,34.0,2020,13110,LF,outfield,4.783333333333332,
Yoenis Cespedes,35.0,2021,13110,LF,outfield,3.583333333333332,
Yoenis Cespedes,36.0,2022,13110,LF,outfield,2.383333333333332,
Yoenis Cespedes,37.0,2023,13110,LF,outfield,1.1833333333333318,
Yoenis Cespedes,38.0,2024,13110,LF,outfield,-0.016666666666667496,
Yoenis Cespedes,39.0,2025,13110,LF,outfield,-1.2166666666666668,
Yoenis Cespedes,40.0,2026,13110,LF,outfield,-2.416666666666666,
Yoenis Cespedes,41.0,2027,13110,LF,outfield,-3.6166666666666654,
Yoenis Cespedes,42.0,2028,13110,LF,outfield,-4.816666666666665,
Mikie Mahtook,27.0,2017,13130,CF,outfield,3.866666666666666,
Mikie Mahtook,28.0,2018,13130,CF,outfield,3.2666666666666657,
Mikie Mahtook,29.0,2019,13130,CF,outfield,2.666666666666666,
Mikie Mahtook,30.0,2020,13130,CF,outfield,2.066666666666666,
Mikie Mahtook,31.0,2021,13130,CF,outfield,1.466666666666666,
Mikie Mahtook,32.0,2022,13130,CF,outfield,0.2666666666666657,
Mikie Mahtook,33.0,2023,13130,CF,outfield,-0.9333333333333345,
Mikie Mahtook,34.0,2024,13130,CF,outfield,-2.1333333333333346,
Mikie Mahtook,35.0,2025,13130,CF,outfield,-3.333333333333335,
Mikie Mahtook,36.0,2026,13130,CF,outfield,-4.533333333333334,
Mikie Mahtook,37.0,2027,13130,CF,outfield,-5.733333333333333,
Mikie Mahtook,38.0,2028,13130,CF,outfield,-6.933333333333333,
Mikie Mahtook,39.0,2029,13130,CF,outfield,-8.133333333333333,
Mikie Mahtook,40.0,2030,13130,CF,outfield,-9.333333333333332,
Mikie Mahtook,41.0,2031,13130,CF,outfield,-10.533333333333331,
Mikie Mahtook,27.0,2017,13130,LF,outfield,3.566666666666667,
Mikie Mahtook,28.0,2018,13130,LF,outfield,2.966666666666667,
Mikie Mahtook,29.0,2019,13130,LF,outfield,2.366666666666667,
Mikie Mahtook,30.0,2020,13130,LF,outfield,1.766666666666667,
Mikie Mahtook,31.0,2021,13130,LF,outfield,1.166666666666667,
Mikie Mahtook,32.0,2022,13130,LF,outfield,-0.033333333333333215,
Mikie Mahtook,33.0,2023,13130,LF,outfield,-1.2333333333333334,
Mikie Mahtook,34.0,2024,13130,LF,outfield,-2.4333333333333336,
Mikie Mahtook,35.0,2025,13130,LF,outfield,-3.6333333333333337,
Mikie Mahtook,36.0,2026,13130,LF,outfield,-4.833333333333333,
Mikie Mahtook,37.0,2027,13130,LF,outfield,-6.033333333333332,
Mikie Mahtook,38.0,2028,13130,LF,outfield,-7.233333333333332,
Mikie Mahtook,39.0,2029,13130,LF,outfield,-8.43333333333333,
Mikie Mahtook,40.0,2030,13130,LF,outfield,-9.63333333333333,
Mikie Mahtook,41.0,2031,13130,LF,outfield,-10.833333333333329,
Mikie Mahtook,27.0,2017,13130,RF,outfield,-2.9333333333333336,
Mikie Mahtook,28.0,2018,13130,RF,outfield,-3.533333333333333,
Mikie Mahtook,29.0,2019,13130,RF,outfield,-4.133333333333333,
Mikie Mahtook,30.0,2020,13130,RF,outfield,-4.733333333333333,
Mikie Mahtook,31.0,2021,13130,RF,outfield,-5.333333333333334,
Mikie Mahtook,32.0,2022,13130,RF,outfield,-6.533333333333333,
Mikie Mahtook,33.0,2023,13130,RF,outfield,-7.733333333333334,
Mikie Mahtook,34.0,2024,13130,RF,outfield,-8.933333333333334,
Mikie Mahtook,35.0,2025,13130,RF,outfield,-10.133333333333335,
Mikie Mahtook,36.0,2026,13130,RF,outfield,-11.333333333333334,
Mikie Mahtook,37.0,2027,13130,RF,outfield,-12.533333333333333,
Mikie Mahtook,38.0,2028,13130,RF,outfield,-13.733333333333333,
Mikie Mahtook,39.0,2029,13130,RF,outfield,-14.933333333333332,
Mikie Mahtook,40.0,2030,13130,RF,outfield,-16.13333333333333,
Mikie Mahtook,41.0,2031,13130,RF,outfield,-17.33333333333333,
Andrew Susac,26.0,2017,13132,C,catcher,,-7.59117912346873
Andrew Susac,27.0,2018,13132,C,catcher,,-8.19117912346873
Andrew Susac,28.0,2019,13132,C,catcher,,-8.79117912346873
Andrew Susac,29.0,2020,13132,C,catcher,,-9.39117912346873
Andrew Susac,30.0,2021,13132,C,catcher,,-9.99117912346873
Andrew Susac,31.0,2022,13132,C,catcher,,-10.59117912346873
Andrew Susac,32.0,2023,13132,C,catcher,,-11.79117912346873
Andrew Susac,33.0,2024,13132,C,catcher,,-12.99117912346873
Andrew Susac,34.0,2025,13132,C,catcher,,-14.19117912346873
Andrew Susac,35.0,2026,13132,C,catcher,,-15.391179123468731
Andrew Susac,36.0,2027,13132,C,catcher,,-16.59117912346873
Andrew Susac,37.0,2028,13132,C,catcher,,-17.79117912346873
Andrew Susac,38.0,2029,13132,C,catcher,,-18.99117912346873
Andrew Susac,39.0,2030,13132,C,catcher,,-20.19117912346873
Andrew Susac,40.0,2031,13132,C,catcher,,-21.391179123468728
Josh Bell,24.0,2017,13145,1B,infield,-36.1,
Josh Bell,25.0,2018,13145,1B,infield,-36.1,
Josh Bell,26.0,2019,13145,1B,infield,-36.1,
Josh Bell,27.0,2020,13145,1B,infield,-36.7,
Josh Bell,28.0,2021,13145,1B,infield,-37.300000000000004,
Josh Bell,29.0,2022,13145,1B,infield,-37.9,
Josh Bell,30.0,2023,13145,1B,infield,-38.5,
Josh Bell,31.0,2024,13145,1B,infield,-39.1,
Josh Bell,32.0,2025,13145,1B,infield,-40.300000000000004,
Josh Bell,33.0,2026,13145,1B,infield,-41.5,
Josh Bell,34.0,2027,13145,1B,infield,-42.7,
Josh Bell,35.0,2028,13145,1B,infield,-43.900000000000006,
Josh Bell,36.0,2029,13145,1B,infield,-45.1,
Josh Bell,37.0,2030,13145,1B,infield,-46.3,
Josh Bell,38.0,2031,13145,1B,infield,-47.5,
Josh Bell,24.0,2017,13145,RF,outfield,-43.7,
Josh Bell,25.0,2018,13145,RF,outfield,-43.7,
Josh Bell,26.0,2019,13145,RF,outfield,-43.7,
Josh Bell,27.0,2020,13145,RF,outfield,-44.300000000000004,
Josh Bell,28.0,2021,13145,RF,outfield,-44.900000000000006,
Josh Bell,29.0,2022,13145,RF,outfield,-45.5,
Josh Bell,30.0,2023,13145,RF,outfield,-46.1,
Josh Bell,31.0,2024,13145,RF,outfield,-46.7,
Josh Bell,32.0,2025,13145,RF,outfield,-47.900000000000006,
Josh Bell,33.0,2026,13145,RF,outfield,-49.1,
Josh Bell,34.0,2027,13145,RF,outfield,-50.300000000000004,
Josh Bell,35.0,2028,13145,RF,outfield,-51.5,
Josh Bell,36.0,2029,13145,RF,outfield,-52.7,
Josh Bell,37.0,2030,13145,RF,outfield,-53.900000000000006,
Josh Bell,38.0,2031,13145,RF,outfield,-55.1,
Jorge Polanco,23.0,2017,13152,3B,infield,-35.2,
Jorge Polanco,24.0,2018,13152,3B,infield,-35.2,
Jorge Polanco,25.0,2019,13152,3B,infield,-35.2,
Jorge Polanco,26.0,2020,13152,3B,infield,-35.2,
Jorge Polanco,27.0,2021,13152,3B,infield,-35.800000000000004,
Jorge Polanco,28.0,2022,13152,3B,infield,-36.400000000000006,
Jorge Polanco,29.0,2023,13152,3B,infield,-37.0,
Jorge Polanco,30.0,2024,13152,3B,infield,-37.6,
Jorge Polanco,31.0,2025,13152,3B,infield,-38.2,
Jorge Polanco,32.0,2026,13152,3B,infield,-39.400000000000006,
Jorge Polanco,33.0,2027,13152,3B,infield,-40.6,
Jorge Polanco,34.0,2028,13152,3B,infield,-41.800000000000004,
Jorge Polanco,35.0,2029,13152,3B,infield,-43.0,
Jorge Polanco,36.0,2030,13152,3B,infield,-44.2,
Jorge Polanco,37.0,2031,13152,3B,infield,-45.400000000000006,
Jorge Polanco,23.0,2017,13152,SS,infield,-29.0,
Jorge Polanco,24.0,2018,13152,SS,infield,-29.0,
Jorge Polanco,25.0,2019,13152,SS,infield,-29.0,
Jorge Polanco,26.0,2020,13152,SS,infield,-29.0,
Jorge Polanco,27.0,2021,13152,SS,infield,-29.6,
Jorge Polanco,28.0,2022,13152,SS,infield,-30.2,
Jorge Polanco,29.0,2023,13152,SS,infield,-30.8,
Jorge Polanco,30.0,2024,13152,SS,infield,-31.4,
Jorge Polanco,31.0,2025,13152,SS,infield,-32.0,
Jorge Polanco,32.0,2026,13152,SS,infield,-33.2,
Jorge Polanco,33.0,2027,13152,SS,infield,-34.4,
Jorge Polanco,34.0,2028,13152,SS,infield,-35.6,
Jorge Polanco,35.0,2029,13152,SS,infield,-36.8,
Jorge Polanco,36.0,2030,13152,SS,infield,-38.0,
Jorge Polanco,37.0,2031,13152,SS,infield,-39.2,
Luis Sardinas,23.0,2017,13153,2B,infield,3.8333333333333335,
Luis Sardinas,24.0,2018,13153,2B,infield,3.8333333333333335,
Luis Sardinas,25.0,2019,13153,2B,infield,3.8333333333333335,
Luis Sardinas,26.0,2020,13153,2B,infield,3.8333333333333335,
Luis Sardinas,27.0,2021,13153,2B,infield,3.2333333333333334,
Luis Sardinas,28.0,2022,13153,2B,infield,2.6333333333333337,
Luis Sardinas,29.0,2023,13153,2B,infield,2.0333333333333337,
Luis Sardinas,30.0,2024,13153,2B,infield,1.4333333333333336,
Luis Sardinas,31.0,2025,13153,2B,infield,0.8333333333333335,
Luis Sardinas,32.0,2026,13153,2B,infield,-0.3666666666666667,
Luis Sardinas,33.0,2027,13153,2B,infield,-1.5666666666666669,
Luis Sardinas,34.0,2028,13153,2B,infield,-2.766666666666667,
Luis Sardinas,35.0,2029,13153,2B,infield,-3.9666666666666672,
Luis Sardinas,36.0,2030,13153,2B,infield,-5.166666666666666,
Luis Sardinas,37.0,2031,13153,2B,infield,-6.366666666666665,
Luis Sardinas,24.0,2017,13153,SS,infield,-5.583333333333333,
Luis Sardinas,25.0,2018,13153,SS,infield,-5.583333333333333,
Luis Sardinas,26.0,2019,13153,SS,infield,-5.583333333333333,
Luis Sardinas,27.0,2020,13153,SS,infield,-6.183333333333333,
Luis Sardinas,28.0,2021,13153,SS,infield,-6.783333333333333,
Luis Sardinas,29.0,2022,13153,SS,infield,-7.383333333333333,
Luis Sardinas,30.0,2023,13153,SS,infield,-7.9833333333333325,
Luis Sardinas,31.0,2024,13153,SS,infield,-8.583333333333332,
Luis Sardinas,32.0,2025,13153,SS,infield,-9.783333333333333,
Luis Sardinas,33.0,2026,13153,SS,infield,-10.983333333333334,
Luis Sardinas,34.0,2027,13153,SS,infield,-12.183333333333334,
Luis Sardinas,35.0,2028,13153,SS,infield,-13.383333333333333,
Luis Sardinas,36.0,2029,13153,SS,infield,-14.583333333333332,
Luis Sardinas,37.0,2030,13153,SS,infield,-15.783333333333331,
Luis Sardinas,38.0,2031,13153,SS,infield,-16.98333333333333,
Marco Hernandez,24.0,2017,13154,3B,infield,-18.4,
Marco Hernandez,25.0,2018,13154,3B,infield,-18.4,
Marco Hernandez,26.0,2019,13154,3B,infield,-18.4,
Marco Hernandez,27.0,2020,13154,3B,infield,-19.0,
Marco Hernandez,28.0,2021,13154,3B,infield,-19.599999999999998,
Marco Hernandez,29.0,2022,13154,3B,infield,-20.2,
Marco Hernandez,30.0,2023,13154,3B,infield,-20.799999999999997,
Marco Hernandez,31.0,2024,13154,3B,infield,-21.4,
Marco Hernandez,32.0,2025,13154,3B,infield,-22.599999999999998,
Marco Hernandez,33.0,2026,13154,3B,infield,-23.799999999999997,
Marco Hernandez,34.0,2027,13154,3B,infield,-25.0,
Marco Hernandez,35.0,2028,13154,3B,infield,-26.2,
Marco Hernandez,36.0,2029,13154,3B,infield,-27.4,
Marco Hernandez,37.0,2030,13154,3B,infield,-28.599999999999998,
Marco Hernandez,38.0,2031,13154,3B,infield,-29.799999999999997,
Blake Swihart,25.0,2017,13176,C,catcher,,-25.810599284436492
Blake Swihart,26.0,2018,13176,C,catcher,,-25.810599284436492
Blake Swihart,27.0,2019,13176,C,catcher,,-26.410599284436493
Blake Swihart,28.0,2020,13176,C,catcher,,-27.01059928443649
Blake Swihart,29.0,2021,13176,C,catcher,,-27.610599284436493
Blake Swihart,30.0,2022,13176,C,catcher,,-28.21059928443649
Blake Swihart,31.0,2023,13176,C,catcher,,-28.810599284436492
Blake Swihart,32.0,2024,13176,C,catcher,,-30.01059928443649
Blake Swihart,33.0,2025,13176,C,catcher,,-31.21059928443649
Blake Swihart,34.0,2026,13176,C,catcher,,-32.41059928443649
Blake Swihart,35.0,2027,13176,C,catcher,,-33.61059928443649
Blake Swihart,36.0,2028,13176,C,catcher,,-34.81059928443649
Blake Swihart,37.0,2029,13176,C,catcher,,-36.010599284436495
Blake Swihart,38.0,2030,13176,C,catcher,,-37.21059928443649
Blake Swihart,39.0,2031,13176,C,catcher,,-38.410599284436486
Blake Swihart,25.0,2017,13176,LF,outfield,3.0,
Blake Swihart,26.0,2018,13176,LF,outfield,3.0,
Blake Swihart,27.0,2019,13176,LF,outfield,2.4,
Blake Swihart,28.0,2020,13176,LF,outfield,1.8,
Blake Swihart,29.0,2021,13176,LF,outfield,1.2000000000000002,
Blake Swihart,30.0,2022,13176,LF,outfield,0.6000000000000001,
Blake Swihart,31.0,2023,13176,LF,outfield,0.0,
Blake Swihart,32.0,2024,13176,LF,outfield,-1.2000000000000002,
Blake Swihart,33.0,2025,13176,LF,outfield,-2.4000000000000004,
Blake Swihart,34.0,2026,13176,LF,outfield,-3.6000000000000005,
Blake Swihart,35.0,2027,13176,LF,outfield,-4.800000000000001,
Blake Swihart,36.0,2028,13176,LF,outfield,-6.0,
Blake Swihart,37.0,2029,13176,LF,outfield,-7.199999999999999,
Blake Swihart,38.0,2030,13176,LF,outfield,-8.399999999999999,
Blake Swihart,39.0,2031,13176,LF,outfield,-9.599999999999998,
Tyler Goeddel,24.0,2017,13180,LF,outfield,-0.8,
Tyler Goeddel,25.0,2018,13180,LF,outfield,-0.8,
Tyler Goeddel,26.0,2019,13180,LF,outfield,-0.8,
Tyler Goeddel,27.0,2020,13180,LF,outfield,-1.4,
Tyler Goeddel,28.0,2021,13180,LF,outfield,-2.0,
Tyler Goeddel,29.0,2022,13180,LF,outfield,-2.5999999999999996,
Tyler Goeddel,30.0,2023,13180,LF,outfield,-3.2,
Tyler Goeddel,31.0,2024,13180,LF,outfield,-3.8,
Tyler Goeddel,32.0,2025,13180,LF,outfield,-5.0,
Tyler Goeddel,33.0,2026,13180,LF,outfield,-6.2,
Tyler Goeddel,34.0,2027,13180,LF,outfield,-7.4,
Tyler Goeddel,35.0,2028,13180,LF,outfield,-8.600000000000001,
Tyler Goeddel,36.0,2029,13180,LF,outfield,-9.8,
Tyler Goeddel,37.0,2030,13180,LF,outfield,-11.0,
Tyler Goeddel,38.0,2031,13180,LF,outfield,-12.2,
Tyler Goeddel,24.0,2017,13180,RF,outfield,-38.0,
Tyler Goeddel,25.0,2018,13180,RF,outfield,-38.0,
Tyler Goeddel,26.0,2019,13180,RF,outfield,-38.0,
Tyler Goeddel,27.0,2020,13180,RF,outfield,-38.6,
Tyler Goeddel,28.0,2021,13180,RF,outfield,-39.2,
Tyler Goeddel,29.0,2022,13180,RF,outfield,-39.8,
Tyler Goeddel,30.0,2023,13180,RF,outfield,-40.4,
Tyler Goeddel,31.0,2024,13180,RF,outfield,-41.0,
Tyler Goeddel,32.0,2025,13180,RF,outfield,-42.2,
Tyler Goeddel,33.0,2026,13180,RF,outfield,-43.4,
Tyler Goeddel,34.0,2027,13180,RF,outfield,-44.6,
Tyler Goeddel,35.0,2028,13180,RF,outfield,-45.8,
Tyler Goeddel,36.0,2029,13180,RF,outfield,-47.0,
Tyler Goeddel,37.0,2030,13180,RF,outfield,-48.2,
Tyler Goeddel,38.0,2031,13180,RF,outfield,-49.4,
Orlando Arcia,22.0,2017,13185,SS,infield,-12.6,
Orlando Arcia,23.0,2018,13185,SS,infield,-12.6,
Orlando Arcia,24.0,2019,13185,SS,infield,-12.6,
Orlando Arcia,25.0,2020,13185,SS,infield,-12.6,
Orlando Arcia,26.0,2021,13185,SS,infield,-12.6,
Orlando Arcia,27.0,2022,13185,SS,infield,-13.2,
Orlando Arcia,28.0,2023,13185,SS,infield,-13.799999999999999,
Orlando Arcia,29.0,2024,13185,SS,infield,-14.399999999999999,
Orlando Arcia,30.0,2025,13185,SS,infield,-15.0,
Orlando Arcia,31.0,2026,13185,SS,infield,-15.6,
Orlando Arcia,32.0,2027,13185,SS,infield,-16.8,
Orlando Arcia,33.0,2028,13185,SS,infield,-18.0,
Orlando Arcia,34.0,2029,13185,SS,infield,-19.2,
Orlando Arcia,35.0,2030,13185,SS,infield,-20.4,
Orlando Arcia,36.0,2031,13185,SS,infield,-21.6,
Mike Zunino,26.0,2017,13265,C,catcher,,15.258493119001209
Mike Zunino,27.0,2018,13265,C,catcher,,14.658493119001209
Mike Zunino,28.0,2019,13265,C,catcher,,14.05849311900121
Mike Zunino,29.0,2020,13265,C,catcher,,13.458493119001208
Mike Zunino,30.0,2021,13265,C,catcher,,12.858493119001208
Mike Zunino,31.0,2022,13265,C,catcher,,12.258493119001209
Mike Zunino,32.0,2023,13265,C,catcher,,11.05849311900121
Mike Zunino,33.0,2024,13265,C,catcher,,9.858493119001208
Mike Zunino,34.0,2025,13265,C,catcher,,8.658493119001207
Mike Zunino,35.0,2026,13265,C,catcher,,7.458493119001208
Mike Zunino,36.0,2027,13265,C,catcher,,6.2584931190012085
Mike Zunino,37.0,2028,13265,C,catcher,,5.058493119001209
Mike Zunino,38.0,2029,13265,C,catcher,,3.85849311900121
Mike Zunino,39.0,2030,13265,C,catcher,,2.6584931190012107
Mike Zunino,40.0,2031,13265,C,catcher,,1.4584931190012114
Richie Shaffer,26.0,2017,13271,1B,infield,-3.233333333333334,
Richie Shaffer,27.0,2018,13271,1B,infield,-3.833333333333334,
Richie Shaffer,28.0,2019,13271,1B,infield,-4.433333333333334,
Richie Shaffer,29.0,2020,13271,1B,infield,-5.033333333333333,
Richie Shaffer,30.0,2021,13271,1B,infield,-5.633333333333334,
Richie Shaffer,31.0,2022,13271,1B,infield,-6.233333333333334,
Richie Shaffer,32.0,2023,13271,1B,infield,-7.433333333333334,
Richie Shaffer,33.0,2024,13271,1B,infield,-8.633333333333335,
Richie Shaffer,34.0,2025,13271,1B,infield,-9.833333333333334,
Richie Shaffer,35.0,2026,13271,1B,infield,-11.033333333333335,
Richie Shaffer,36.0,2027,13271,1B,infield,-12.233333333333334,
Richie Shaffer,37.0,2028,13271,1B,infield,-13.433333333333334,
Richie Shaffer,38.0,2029,13271,1B,infield,-14.633333333333333,
Richie Shaffer,39.0,2030,13271,1B,infield,-15.833333333333332,
Richie Shaffer,40.0,2031,13271,1B,infield,-17.03333333333333,
Joey Rickard,26.0,2017,13277,CF,outfield,-16.4,
Joey Rickard,27.0,2018,13277,CF,outfield,-17.0,
Joey Rickard,28.0,2019,13277,CF,outfield,-17.599999999999998,
Joey Rickard,29.0,2020,13277,CF,outfield,-18.2,
Joey Rickard,30.0,2021,13277,CF,outfield,-18.799999999999997,
Joey Rickard,31.0,2022,13277,CF,outfield,-19.4,
Joey Rickard,32.0,2023,13277,CF,outfield,-20.599999999999998,
Joey Rickard,33.0,2024,13277,CF,outfield,-21.799999999999997,
Joey Rickard,34.0,2025,13277,CF,outfield,-23.0,
Joey Rickard,35.0,2026,13277,CF,outfield,-24.2,
Joey Rickard,36.0,2027,13277,CF,outfield,-25.4,
Joey Rickard,37.0,2028,13277,CF,outfield,-26.599999999999998,
Joey Rickard,38.0,2029,13277,CF,outfield,-27.799999999999997,
Joey Rickard,39.0,2030,13277,CF,outfield,-28.999999999999996,
Joey Rickard,40.0,2031,13277,CF,outfield,-30.199999999999996,
Joey Rickard,26.0,2017,13277,LF,outfield,-10.6,
Joey Rickard,27.0,2018,13277,LF,outfield,-11.2,
Joey Rickard,28.0,2019,13277,LF,outfield,-11.799999999999999,
Joey Rickard,29.0,2020,13277,LF,outfield,-12.399999999999999,
Joey Rickard,30.0,2021,13277,LF,outfield,-13.0,
Joey Rickard,31.0,2022,13277,LF,outfield,-13.6,
Joey Rickard,32.0,2023,13277,LF,outfield,-14.8,
Joey Rickard,33.0,2024,13277,LF,outfield,-16.0,
Joey Rickard,34.0,2025,13277,LF,outfield,-17.2,
Joey Rickard,35.0,2026,13277,LF,outfield,-18.4,
Joey Rickard,36.0,2027,13277,LF,outfield,-19.6,
Joey Rickard,37.0,2028,13277,LF,outfield,-20.799999999999997,
Joey Rickard,38.0,2029,13277,LF,outfield,-22.0,
Joey Rickard,39.0,2030,13277,LF,outfield,-23.199999999999996,
Joey Rickard,40.0,2031,13277,LF,outfield,-24.4,
Joey Rickard,26.0,2017,13277,RF,outfield,-14.0,
Joey Rickard,27.0,2018,13277,RF,outfield,-14.6,
Joey Rickard,28.0,2019,13277,RF,outfield,-15.2,
Joey Rickard,29.0,2020,13277,RF,outfield,-15.8,
Joey Rickard,30.0,2021,13277,RF,outfield,-16.4,
Joey Rickard,31.0,2022,13277,RF,outfield,-17.0,
Joey Rickard,32.0,2023,13277,RF,outfield,-18.2,
Joey Rickard,33.0,2024,13277,RF,outfield,-19.4,
Joey Rickard,34.0,2025,13277,RF,outfield,-20.6,
Joey Rickard,35.0,2026,13277,RF,outfield,-21.8,
Joey Rickard,36.0,2027,13277,RF,outfield,-23.0,
Joey Rickard,37.0,2028,13277,RF,outfield,-24.2,
Joey Rickard,38.0,2029,13277,RF,outfield,-25.4,
Joey Rickard,39.0,2030,13277,RF,outfield,-26.599999999999998,
Joey Rickard,40.0,2031,13277,RF,outfield,-27.799999999999997,
Darnell Sweeney,25.0,2017,13284,2B,infield,-40.5,
Darnell Sweeney,26.0,2018,13284,2B,infield,-40.5,
Darnell Sweeney,27.0,2019,13284,2B,infield,-41.1,
Darnell Sweeney,28.0,2020,13284,2B,infield,-41.7,
Darnell Sweeney,29.0,2021,13284,2B,infield,-42.3,
Darnell Sweeney,30.0,2022,13284,2B,infield,-42.9,
Darnell Sweeney,31.0,2023,13284,2B,infield,-43.5,
Darnell Sweeney,32.0,2024,13284,2B,infield,-44.7,
Darnell Sweeney,33.0,2025,13284,2B,infield,-45.9,
Darnell Sweeney,34.0,2026,13284,2B,infield,-47.1,
Darnell Sweeney,35.0,2027,13284,2B,infield,-48.3,
Darnell Sweeney,36.0,2028,13284,2B,infield,-49.5,
Darnell Sweeney,37.0,2029,13284,2B,infield,-50.7,
Darnell Sweeney,38.0,2030,13284,2B,infield,-51.9,
Darnell Sweeney,39.0,2031,13284,2B,infield,-53.099999999999994,
Darnell Sweeney,25.0,2017,13284,LF,outfield,-51.3,
Darnell Sweeney,26.0,2018,13284,LF,outfield,-51.3,
Darnell Sweeney,27.0,2019,13284,LF,outfield,-51.9,
Darnell Sweeney,28.0,2020,13284,LF,outfield,-52.5,
Darnell Sweeney,29.0,2021,13284,LF,outfield,-53.099999999999994,
Darnell Sweeney,30.0,2022,13284,LF,outfield,-53.699999999999996,
Darnell Sweeney,31.0,2023,13284,LF,outfield,-54.3,
Darnell Sweeney,32.0,2024,13284,LF,outfield,-55.5,
Darnell Sweeney,33.0,2025,13284,LF,outfield,-56.699999999999996,
Darnell Sweeney,34.0,2026,13284,LF,outfield,-57.9,
Darnell Sweeney,35.0,2027,13284,LF,outfield,-59.099999999999994,
Darnell Sweeney,36.0,2028,13284,LF,outfield,-60.3,
Darnell Sweeney,37.0,2029,13284,LF,outfield,-61.5,
Darnell Sweeney,38.0,2030,13284,LF,outfield,-62.699999999999996,
Darnell Sweeney,39.0,2031,13284,LF,outfield,-63.89999999999999,
Peter O'Brien,26.0,2017,13288,LF,outfield,-18.7,
Peter O'Brien,27.0,2018,13288,LF,outfield,-19.3,
Peter O'Brien,28.0,2019,13288,LF,outfield,-19.9,
Peter O'Brien,29.0,2020,13288,LF,outfield,-20.5,
Peter O'Brien,30.0,2021,13288,LF,outfield,-21.099999999999998,
Peter O'Brien,31.0,2022,13288,LF,outfield,-21.7,
Peter O'Brien,32.0,2023,13288,LF,outfield,-22.9,
Peter O'Brien,33.0,2024,13288,LF,outfield,-24.1,
Peter O'Brien,34.0,2025,13288,LF,outfield,-25.3,
Peter O'Brien,35.0,2026,13288,LF,outfield,-26.5,
Peter O'Brien,36.0,2027,13288,LF,outfield,-27.7,
Peter O'Brien,37.0,2028,13288,LF,outfield,-28.9,
Peter O'Brien,38.0,2029,13288,LF,outfield,-30.099999999999998,
Peter O'Brien,39.0,2030,13288,LF,outfield,-31.299999999999997,
Peter O'Brien,40.0,2031,13288,LF,outfield,-32.5,
Max Muncy,25.0,2017,13301,1B,infield,-6.7,
Max Muncy,26.0,2018,13301,1B,infield,-6.7,
Max Muncy,27.0,2019,13301,1B,infield,-7.3,
Max Muncy,28.0,2020,13301,1B,infield,-7.9,
Max Muncy,29.0,2021,13301,1B,infield,-8.5,
Max Muncy,30.0,2022,13301,1B,infield,-9.1,
Max Muncy,31.0,2023,13301,1B,infield,-9.7,
Max Muncy,32.0,2024,13301,1B,infield,-10.9,
Max Muncy,33.0,2025,13301,1B,infield,-12.100000000000001,
Max Muncy,34.0,2026,13301,1B,infield,-13.3,
Max Muncy,35.0,2027,13301,1B,infield,-14.5,
Max Muncy,36.0,2028,13301,1B,infield,-15.7,
Max Muncy,37.0,2029,13301,1B,infield,-16.9,
Max Muncy,38.0,2030,13301,1B,infield,-18.099999999999998,
Max Muncy,39.0,2031,13301,1B,infield,-19.299999999999997,
Max Muncy,26.0,2017,13301,2B,infield,1.7,
Max Muncy,27.0,2018,13301,2B,infield,1.1,
Max Muncy,28.0,2019,13301,2B,infield,0.5,
Max Muncy,29.0,2020,13301,2B,infield,-0.09999999999999987,
Max Muncy,30.0,2021,13301,2B,infield,-0.7,
Max Muncy,31.0,2022,13301,2B,infield,-1.3,
Max Muncy,32.0,2023,13301,2B,infield,-2.5,
Max Muncy,33.0,2024,13301,2B,infield,-3.7,
Max Muncy,34.0,2025,13301,2B,infield,-4.9,
Max Muncy,35.0,2026,13301,2B,infield,-6.1000000000000005,
Max Muncy,36.0,2027,13301,2B,infield,-7.3,
Max Muncy,37.0,2028,13301,2B,infield,-8.5,
Max Muncy,38.0,2029,13301,2B,infield,-9.7,
Max Muncy,39.0,2030,13301,2B,infield,-10.899999999999999,
Max Muncy,40.0,2031,13301,2B,infield,-12.099999999999998,
Max Muncy,25.0,2017,13301,3B,infield,-40.4,
Max Muncy,26.0,2018,13301,3B,infield,-40.4,
Max Muncy,27.0,2019,13301,3B,infield,-41.0,
Max Muncy,28.0,2020,13301,3B,infield,-41.6,
Max Muncy,29.0,2021,13301,3B,infield,-42.199999999999996,
Max Muncy,30.0,2022,13301,3B,infield,-42.8,
Max Muncy,31.0,2023,13301,3B,infield,-43.4,
Max Muncy,32.0,2024,13301,3B,infield,-44.6,
Max Muncy,33.0,2025,13301,3B,infield,-45.8,
Max Muncy,34.0,2026,13301,3B,infield,-47.0,
Max Muncy,35.0,2027,13301,3B,infield,-48.2,
Max Muncy,36.0,2028,13301,3B,infield,-49.4,
Max Muncy,37.0,2029,13301,3B,infield,-50.599999999999994,
Max Muncy,38.0,2030,13301,3B,infield,-51.8,
Max Muncy,39.0,2031,13301,3B,infield,-53.0,
Max Muncy,26.0,2017,13301,RF,outfield,9.0,
Max Muncy,27.0,2018,13301,RF,outfield,8.4,
Max Muncy,28.0,2019,13301,RF,outfield,7.8,
Max Muncy,29.0,2020,13301,RF,outfield,7.2,
Max Muncy,30.0,2021,13301,RF,outfield,6.6,
Max Muncy,31.0,2022,13301,RF,outfield,6.0,
Max Muncy,32.0,2023,13301,RF,outfield,4.8,
Max Muncy,33.0,2024,13301,RF,outfield,3.5999999999999996,
Max Muncy,34.0,2025,13301,RF,outfield,2.3999999999999995,
Max Muncy,35.0,2026,13301,RF,outfield,1.1999999999999993,
Max Muncy,36.0,2027,13301,RF,outfield,0.0,
Max Muncy,37.0,2028,13301,RF,outfield,-1.1999999999999993,
Max Muncy,38.0,2029,13301,RF,outfield,-2.3999999999999986,
Max Muncy,39.0,2030,13301,RF,outfield,-3.599999999999998,
Max Muncy,40.0,2031,13301,RF,outfield,-4.799999999999997,
Deven Marrero,25.0,2017,13325,3B,infield,-32.5,
Deven Marrero,26.0,2018,13325,3B,infield,-32.5,
Deven Marrero,27.0,2019,13325,3B,infield,-33.1,
Deven Marrero,28.0,2020,13325,3B,infield,-33.7,
Deven Marrero,29.0,2021,13325,3B,infield,-34.3,
Deven Marrero,30.0,2022,13325,3B,infield,-34.9,
Deven Marrero,31.0,2023,13325,3B,infield,-35.5,
Deven Marrero,32.0,2024,13325,3B,infield,-36.7,
Deven Marrero,33.0,2025,13325,3B,infield,-37.9,
Deven Marrero,34.0,2026,13325,3B,infield,-39.1,
Deven Marrero,35.0,2027,13325,3B,infield,-40.3,
Deven Marrero,36.0,2028,13325,3B,infield,-41.5,
Deven Marrero,37.0,2029,13325,3B,infield,-42.7,
Deven Marrero,38.0,2030,13325,3B,infield,-43.9,
Deven Marrero,39.0,2031,13325,3B,infield,-45.099999999999994,
Jake Lamb,26.0,2017,13329,3B,infield,-4.200000000000001,
Jake Lamb,27.0,2018,13329,3B,infield,-4.800000000000001,
Jake Lamb,28.0,2019,13329,3B,infield,-5.400000000000001,
Jake Lamb,29.0,2020,13329,3B,infield,-6.000000000000001,
Jake Lamb,30.0,2021,13329,3B,infield,-6.600000000000001,
Jake Lamb,31.0,2022,13329,3B,infield,-7.200000000000001,
Jake Lamb,32.0,2023,13329,3B,infield,-8.400000000000002,
Jake Lamb,33.0,2024,13329,3B,infield,-9.600000000000001,
Jake Lamb,34.0,2025,13329,3B,infield,-10.8,
Jake Lamb,35.0,2026,13329,3B,infield,-12.000000000000002,
Jake Lamb,36.0,2027,13329,3B,infield,-13.200000000000001,
Jake Lamb,37.0,2028,13329,3B,infield,-14.4,
Jake Lamb,38.0,2029,13329,3B,infield,-15.6,
Jake Lamb,39.0,2030,13329,3B,infield,-16.799999999999997,
Jake Lamb,40.0,2031,13329,3B,infield,-18.0,
Omar Narvaez,25.0,2017,13338,C,catcher,,-10.037174721189592
Omar Narvaez,26.0,2018,13338,C,catcher,,-10.037174721189592
Omar Narvaez,27.0,2019,13338,C,catcher,,-10.637174721189592
Omar Narvaez,28.0,2020,13338,C,catcher,,-11.237174721189591
Omar Narvaez,29.0,2021,13338,C,catcher,,-11.83717472118959
Omar Narvaez,30.0,2022,13338,C,catcher,,-12.437174721189592
Omar Narvaez,31.0,2023,13338,C,catcher,,-13.037174721189592
Omar Narvaez,32.0,2024,13338,C,catcher,,-14.237174721189593
Omar Narvaez,33.0,2025,13338,C,catcher,,-15.437174721189592
Omar Narvaez,34.0,2026,13338,C,catcher,,-16.63717472118959
Omar Narvaez,35.0,2027,13338,C,catcher,,-17.83717472118959
Omar Narvaez,36.0,2028,13338,C,catcher,,-19.037174721189594
Omar Narvaez,37.0,2029,13338,C,catcher,,-20.23717472118959
Omar Narvaez,38.0,2030,13338,C,catcher,,-21.437174721189592
Omar Narvaez,39.0,2031,13338,C,catcher,,-22.637174721189588
Luke Maile,26.0,2017,13355,C,catcher,,20.05220692928334
Luke Maile,27.0,2018,13355,C,catcher,,19.45220692928334
Luke Maile,28.0,2019,13355,C,catcher,,18.85220692928334
Luke Maile,29.0,2020,13355,C,catcher,,18.25220692928334
Luke Maile,30.0,2021,13355,C,catcher,,17.65220692928334
Luke Maile,31.0,2022,13355,C,catcher,,17.05220692928334
Luke Maile,32.0,2023,13355,C,catcher,,15.85220692928334
Luke Maile,33.0,2024,13355,C,catcher,,14.65220692928334
Luke Maile,34.0,2025,13355,C,catcher,,13.452206929283339
Luke Maile,35.0,2026,13355,C,catcher,,12.25220692928334
Luke Maile,36.0,2027,13355,C,catcher,,11.05220692928334
Luke Maile,37.0,2028,13355,C,catcher,,9.85220692928334
Luke Maile,38.0,2029,13355,C,catcher,,8.652206929283341
Luke Maile,39.0,2030,13355,C,catcher,,7.452206929283342
Luke Maile,40.0,2031,13355,C,catcher,,6.252206929283343
Tyler Naquin,26.0,2017,13359,CF,outfield,-16.7,
Tyler Naquin,27.0,2018,13359,CF,outfield,-17.3,
Tyler Naquin,28.0,2019,13359,CF,outfield,-17.9,
Tyler Naquin,29.0,2020,13359,CF,outfield,-18.5,
Tyler Naquin,30.0,2021,13359,CF,outfield,-19.099999999999998,
Tyler Naquin,31.0,2022,13359,CF,outfield,-19.7,
Tyler Naquin,32.0,2023,13359,CF,outfield,-20.9,
Tyler Naquin,33.0,2024,13359,CF,outfield,-22.1,
Tyler Naquin,34.0,2025,13359,CF,outfield,-23.3,
Tyler Naquin,35.0,2026,13359,CF,outfield,-24.5,
Tyler Naquin,36.0,2027,13359,CF,outfield,-25.7,
Tyler Naquin,37.0,2028,13359,CF,outfield,-26.9,
Tyler Naquin,38.0,2029,13359,CF,outfield,-28.099999999999998,
Tyler Naquin,39.0,2030,13359,CF,outfield,-29.299999999999997,
Tyler Naquin,40.0,2031,13359,CF,outfield,-30.499999999999996,
Stephen Piscotty,25.0,2017,13367,1B,infield,-3.4,
Stephen Piscotty,26.0,2018,13367,1B,infield,-3.4,
Stephen Piscotty,27.0,2019,13367,1B,infield,-4.0,
Stephen Piscotty,28.0,2020,13367,1B,infield,-4.6,
Stephen Piscotty,29.0,2021,13367,1B,infield,-5.199999999999999,
Stephen Piscotty,30.0,2022,13367,1B,infield,-5.8,
Stephen Piscotty,31.0,2023,13367,1B,infield,-6.4,
Stephen Piscotty,32.0,2024,13367,1B,infield,-7.6,
Stephen Piscotty,33.0,2025,13367,1B,infield,-8.8,
Stephen Piscotty,34.0,2026,13367,1B,infield,-10.0,
Stephen Piscotty,35.0,2027,13367,1B,infield,-11.200000000000001,
Stephen Piscotty,36.0,2028,13367,1B,infield,-12.4,
Stephen Piscotty,37.0,2029,13367,1B,infield,-13.6,
Stephen Piscotty,38.0,2030,13367,1B,infield,-14.799999999999999,
Stephen Piscotty,39.0,2031,13367,1B,infield,-15.999999999999998,
Stephen Piscotty,26.0,2017,13367,CF,outfield,-15.4,
Stephen Piscotty,27.0,2018,13367,CF,outfield,-16.0,
Stephen Piscotty,28.0,2019,13367,CF,outfield,-16.6,
Stephen Piscotty,29.0,2020,13367,CF,outfield,-17.2,
Stephen Piscotty,30.0,2021,13367,CF,outfield,-17.8,
Stephen Piscotty,31.0,2022,13367,CF,outfield,-18.4,
Stephen Piscotty,32.0,2023,13367,CF,outfield,-19.6,
Stephen Piscotty,33.0,2024,13367,CF,outfield,-20.8,
Stephen Piscotty,34.0,2025,13367,CF,outfield,-22.0,
Stephen Piscotty,35.0,2026,13367,CF,outfield,-23.200000000000003,
Stephen Piscotty,36.0,2027,13367,CF,outfield,-24.4,
Stephen Piscotty,37.0,2028,13367,CF,outfield,-25.6,
Stephen Piscotty,38.0,2029,13367,CF,outfield,-26.799999999999997,
Stephen Piscotty,39.0,2030,13367,CF,outfield,-28.0,
Stephen Piscotty,40.0,2031,13367,CF,outfield,-29.199999999999996,
Stephen Piscotty,25.0,2017,13367,LF,outfield,2.7,
Stephen Piscotty,26.0,2018,13367,LF,outfield,2.7,
Stephen Piscotty,27.0,2019,13367,LF,outfield,2.1,
Stephen Piscotty,28.0,2020,13367,LF,outfield,1.5000000000000002,
Stephen Piscotty,29.0,2021,13367,LF,outfield,0.9000000000000004,
Stephen Piscotty,30.0,2022,13367,LF,outfield,0.30000000000000027,
Stephen Piscotty,31.0,2023,13367,LF,outfield,-0.2999999999999998,
Stephen Piscotty,32.0,2024,13367,LF,outfield,-1.5,
Stephen Piscotty,33.0,2025,13367,LF,outfield,-2.7,
Stephen Piscotty,34.0,2026,13367,LF,outfield,-3.9000000000000004,
Stephen Piscotty,35.0,2027,13367,LF,outfield,-5.1000000000000005,
Stephen Piscotty,36.0,2028,13367,LF,outfield,-6.3,
Stephen Piscotty,37.0,2029,13367,LF,outfield,-7.499999999999999,
Stephen Piscotty,38.0,2030,13367,LF,outfield,-8.7,
Stephen Piscotty,39.0,2031,13367,LF,outfield,-9.899999999999999,
Stephen Piscotty,26.0,2017,13367,RF,outfield,-5.133333333333334,
Stephen Piscotty,27.0,2018,13367,RF,outfield,-5.733333333333333,
Stephen Piscotty,28.0,2019,13367,RF,outfield,-6.333333333333334,
Stephen Piscotty,29.0,2020,13367,RF,outfield,-6.933333333333334,
Stephen Piscotty,30.0,2021,13367,RF,outfield,-7.533333333333333,
Stephen Piscotty,31.0,2022,13367,RF,outfield,-8.133333333333333,
Stephen Piscotty,32.0,2023,13367,RF,outfield,-9.333333333333334,
Stephen Piscotty,33.0,2024,13367,RF,outfield,-10.533333333333335,
Stephen Piscotty,34.0,2025,13367,RF,outfield,-11.733333333333334,
Stephen Piscotty,35.0,2026,13367,RF,outfield,-12.933333333333334,
Stephen Piscotty,36.0,2027,13367,RF,outfield,-14.133333333333333,
Stephen Piscotty,37.0,2028,13367,RF,outfield,-15.333333333333332,
Stephen Piscotty,38.0,2029,13367,RF,outfield,-16.53333333333333,
Stephen Piscotty,39.0,2030,13367,RF,outfield,-17.73333333333333,
Stephen Piscotty,40.0,2031,13367,RF,outfield,-18.93333333333333,
Andrew Toles,25.0,2017,13414,LF,outfield,66.5,
Andrew Toles,26.0,2018,13414,LF,outfield,66.5,
Andrew Toles,27.0,2019,13414,LF,outfield,65.9,
Andrew Toles,28.0,2020,13414,LF,outfield,65.3,
Andrew Toles,29.0,2021,13414,LF,outfield,64.7,
Andrew Toles,30.0,2022,13414,LF,outfield,64.1,
Andrew Toles,31.0,2023,13414,LF,outfield,63.5,
Andrew Toles,32.0,2024,13414,LF,outfield,62.3,
Andrew Toles,33.0,2025,13414,LF,outfield,61.1,
Andrew Toles,34.0,2026,13414,LF,outfield,59.9,
Andrew Toles,35.0,2027,13414,LF,outfield,58.7,
Andrew Toles,36.0,2028,13414,LF,outfield,57.5,
Andrew Toles,37.0,2029,13414,LF,outfield,56.3,
Andrew Toles,38.0,2030,13414,LF,outfield,55.1,
Andrew Toles,39.0,2031,13414,LF,outfield,53.900000000000006,
Andrew Toles,25.0,2017,13414,RF,outfield,-27.0,
Andrew Toles,26.0,2018,13414,RF,outfield,-27.0,
Andrew Toles,27.0,2019,13414,RF,outfield,-27.6,
Andrew Toles,28.0,2020,13414,RF,outfield,-28.2,
Andrew Toles,29.0,2021,13414,RF,outfield,-28.8,
Andrew Toles,30.0,2022,13414,RF,outfield,-29.4,
Andrew Toles,31.0,2023,13414,RF,outfield,-30.0,
Andrew Toles,32.0,2024,13414,RF,outfield,-31.2,
Andrew Toles,33.0,2025,13414,RF,outfield,-32.4,
Andrew Toles,34.0,2026,13414,RF,outfield,-33.6,
Andrew Toles,35.0,2027,13414,RF,outfield,-34.8,
Andrew Toles,36.0,2028,13414,RF,outfield,-36.0,
Andrew Toles,37.0,2029,13414,RF,outfield,-37.2,
Andrew Toles,38.0,2030,13414,RF,outfield,-38.4,
Andrew Toles,39.0,2031,13414,RF,outfield,-39.599999999999994,
Tony Renda,26.0,2017,13443,2B,infield,19.9,
Tony Renda,27.0,2018,13443,2B,infield,19.299999999999997,
Tony Renda,28.0,2019,13443,2B,infield,18.7,
Tony Renda,29.0,2020,13443,2B,infield,18.099999999999998,
Tony Renda,30.0,2021,13443,2B,infield,17.5,
Tony Renda,31.0,2022,13443,2B,infield,16.9,
Tony Renda,32.0,2023,13443,2B,infield,15.7,
Tony Renda,33.0,2024,13443,2B,infield,14.499999999999998,
Tony Renda,34.0,2025,13443,2B,infield,13.299999999999997,
Tony Renda,35.0,2026,13443,2B,infield,12.099999999999998,
Tony Renda,36.0,2027,13443,2B,infield,10.899999999999999,
Tony Renda,37.0,2028,13443,2B,infield,9.7,
Tony Renda,38.0,2029,13443,2B,infield,8.5,
Tony Renda,39.0,2030,13443,2B,infield,7.300000000000001,
Tony Renda,40.0,2031,13443,2B,infield,6.100000000000001,
Oscar Hernandez,22.0,2017,13490,C,catcher,,-17.509727626459146
Oscar Hernandez,23.0,2018,13490,C,catcher,,-17.509727626459146
Oscar Hernandez,24.0,2019,13490,C,catcher,,-17.509727626459146
Oscar Hernandez,25.0,2020,13490,C,catcher,,-17.509727626459146
Oscar Hernandez,26.0,2021,13490,C,catcher,,-17.509727626459146
Oscar Hernandez,27.0,2022,13490,C,catcher,,-18.109727626459147
Oscar Hernandez,28.0,2023,13490,C,catcher,,-18.709727626459145
Oscar Hernandez,29.0,2024,13490,C,catcher,,-19.309727626459146
Oscar Hernandez,30.0,2025,13490,C,catcher,,-19.909727626459144
Oscar Hernandez,31.0,2026,13490,C,catcher,,-20.509727626459146
Oscar Hernandez,32.0,2027,13490,C,catcher,,-21.709727626459145
Oscar Hernandez,33.0,2028,13490,C,catcher,,-22.909727626459144
Oscar Hernandez,34.0,2029,13490,C,catcher,,-24.109727626459147
Oscar Hernandez,35.0,2030,13490,C,catcher,,-25.309727626459146
Oscar Hernandez,36.0,2031,13490,C,catcher,,-26.509727626459146
Tom Murphy,26.0,2017,13499,C,catcher,,-3.899607988934027
Tom Murphy,27.0,2018,13499,C,catcher,,-4.499607988934027
Tom Murphy,28.0,2019,13499,C,catcher,,-5.099607988934027
Tom Murphy,29.0,2020,13499,C,catcher,,-5.6996079889340265
Tom Murphy,30.0,2021,13499,C,catcher,,-6.299607988934027
Tom Murphy,31.0,2022,13499,C,catcher,,-6.899607988934028
Tom Murphy,32.0,2023,13499,C,catcher,,-8.099607988934027
Tom Murphy,33.0,2024,13499,C,catcher,,-9.299607988934028
Tom Murphy,34.0,2025,13499,C,catcher,,-10.499607988934027
Tom Murphy,35.0,2026,13499,C,catcher,,-11.699607988934028
Tom Murphy,36.0,2027,13499,C,catcher,,-12.899607988934028
Tom Murphy,37.0,2028,13499,C,catcher,,-14.099607988934027
Tom Murphy,38.0,2029,13499,C,catcher,,-15.299607988934026
Tom Murphy,39.0,2030,13499,C,catcher,,-16.499607988934024
Tom Murphy,40.0,2031,13499,C,catcher,,-17.699607988934023
Jose Ramirez,23.0,2017,13510,2B,infield,12.800000000000002,
Jose Ramirez,24.0,2018,13510,2B,infield,12.800000000000002,
Jose Ramirez,25.0,2019,13510,2B,infield,12.800000000000002,
Jose Ramirez,26.0,2020,13510,2B,infield,12.800000000000002,
Jose Ramirez,27.0,2021,13510,2B,infield,12.200000000000003,
Jose Ramirez,28.0,2022,13510,2B,infield,11.600000000000003,
Jose Ramirez,29.0,2023,13510,2B,infield,11.000000000000004,
Jose Ramirez,30.0,2024,13510,2B,infield,10.400000000000002,
Jose Ramirez,31.0,2025,13510,2B,infield,9.800000000000002,
Jose Ramirez,32.0,2026,13510,2B,infield,8.600000000000001,
Jose Ramirez,33.0,2027,13510,2B,infield,7.400000000000002,
Jose Ramirez,34.0,2028,13510,2B,infield,6.200000000000002,
Jose Ramirez,35.0,2029,13510,2B,infield,5.000000000000002,
Jose Ramirez,36.0,2030,13510,2B,infield,3.8000000000000025,
Jose Ramirez,37.0,2031,13510,2B,infield,2.600000000000003,
Jose Ramirez,24.0,2017,13510,3B,infield,14.733333333333334,
Jose Ramirez,25.0,2018,13510,3B,infield,14.733333333333334,
Jose Ramirez,26.0,2019,13510,3B,infield,14.733333333333334,
Jose Ramirez,27.0,2020,13510,3B,infield,14.133333333333335,
Jose Ramirez,28.0,2021,13510,3B,infield,13.533333333333335,
Jose Ramirez,29.0,2022,13510,3B,infield,12.933333333333334,
Jose Ramirez,30.0,2023,13510,3B,infield,12.333333333333334,
Jose Ramirez,31.0,2024,13510,3B,infield,11.733333333333334,
Jose Ramirez,32.0,2025,13510,3B,infield,10.533333333333335,
Jose Ramirez,33.0,2026,13510,3B,infield,9.333333333333334,
Jose Ramirez,34.0,2027,13510,3B,infield,8.133333333333333,
Jose Ramirez,35.0,2028,13510,3B,infield,6.933333333333334,
Jose Ramirez,36.0,2029,13510,3B,infield,5.733333333333334,
Jose Ramirez,37.0,2030,13510,3B,infield,4.533333333333335,
Jose Ramirez,38.0,2031,13510,3B,infield,3.3333333333333357,
Jose Ramirez,24.0,2017,13510,LF,outfield,-4.0,
Jose Ramirez,25.0,2018,13510,LF,outfield,-4.0,
Jose Ramirez,26.0,2019,13510,LF,outfield,-4.0,
Jose Ramirez,27.0,2020,13510,LF,outfield,-4.6,
Jose Ramirez,28.0,2021,13510,LF,outfield,-5.2,
Jose Ramirez,29.0,2022,13510,LF,outfield,-5.8,
Jose Ramirez,30.0,2023,13510,LF,outfield,-6.4,
Jose Ramirez,31.0,2024,13510,LF,outfield,-7.0,
Jose Ramirez,32.0,2025,13510,LF,outfield,-8.2,
Jose Ramirez,33.0,2026,13510,LF,outfield,-9.4,
Jose Ramirez,34.0,2027,13510,LF,outfield,-10.600000000000001,
Jose Ramirez,35.0,2028,13510,LF,outfield,-11.8,
Jose Ramirez,36.0,2029,13510,LF,outfield,-13.0,
Jose Ramirez,37.0,2030,13510,LF,outfield,-14.2,
Jose Ramirez,38.0,2031,13510,LF,outfield,-15.399999999999999,
Jose Ramirez,23.0,2017,13510,SS,infield,-16.3,
Jose Ramirez,24.0,2018,13510,SS,infield,-16.3,
Jose Ramirez,25.0,2019,13510,SS,infield,-16.3,
Jose Ramirez,26.0,2020,13510,SS,infield,-16.3,
Jose Ramirez,27.0,2021,13510,SS,infield,-16.900000000000002,
Jose Ramirez,28.0,2022,13510,SS,infield,-17.5,
Jose Ramirez,29.0,2023,13510,SS,infield,-18.1,
Jose Ramirez,30.0,2024,13510,SS,infield,-18.7,
Jose Ramirez,31.0,2025,13510,SS,infield,-19.3,
Jose Ramirez,32.0,2026,13510,SS,infield,-20.5,
Jose Ramirez,33.0,2027,13510,SS,infield,-21.700000000000003,
Jose Ramirez,34.0,2028,13510,SS,infield,-22.900000000000002,
Jose Ramirez,35.0,2029,13510,SS,infield,-24.1,
Jose Ramirez,36.0,2030,13510,SS,infield,-25.3,
Jose Ramirez,37.0,2031,13510,SS,infield,-26.5,
Roman Quinn,24.0,2017,13546,LF,outfield,0.6,
Roman Quinn,25.0,2018,13546,LF,outfield,0.6,
Roman Quinn,26.0,2019,13546,LF,outfield,0.6,
Roman Quinn,27.0,2020,13546,LF,outfield,0.0,
Roman Quinn,28.0,2021,13546,LF,outfield,-0.6,
Roman Quinn,29.0,2022,13546,LF,outfield,-1.1999999999999997,
Roman Quinn,30.0,2023,13546,LF,outfield,-1.7999999999999998,
Roman Quinn,31.0,2024,13546,LF,outfield,-2.4,
Roman Quinn,32.0,2025,13546,LF,outfield,-3.6,
Roman Quinn,33.0,2026,13546,LF,outfield,-4.800000000000001,
Roman Quinn,34.0,2027,13546,LF,outfield,-6.000000000000001,
Roman Quinn,35.0,2028,13546,LF,outfield,-7.200000000000001,
Roman Quinn,36.0,2029,13546,LF,outfield,-8.4,
Roman Quinn,37.0,2030,13546,LF,outfield,-9.6,
Roman Quinn,38.0,2031,13546,LF,outfield,-10.799999999999999,
Jose Peraza,23.0,2017,13593,2B,infield,1.4,
Jose Peraza,24.0,2018,13593,2B,infield,1.4,
Jose Peraza,25.0,2019,13593,2B,infield,1.4,
Jose Peraza,26.0,2020,13593,2B,infield,1.4,
Jose Peraza,27.0,2021,13593,2B,infield,0.7999999999999999,
Jose Peraza,28.0,2022,13593,2B,infield,0.19999999999999996,
Jose Peraza,29.0,2023,13593,2B,infield,-0.3999999999999999,
Jose Peraza,30.0,2024,13593,2B,infield,-1.0,
Jose Peraza,31.0,2025,13593,2B,infield,-1.6,
Jose Peraza,32.0,2026,13593,2B,infield,-2.8000000000000003,
Jose Peraza,33.0,2027,13593,2B,infield,-4.0,
Jose Peraza,34.0,2028,13593,2B,infield,-5.200000000000001,
Jose Peraza,35.0,2029,13593,2B,infield,-6.4,
Jose Peraza,36.0,2030,13593,2B,infield,-7.6,
Jose Peraza,37.0,2031,13593,2B,infield,-8.799999999999999,
Jose Peraza,23.0,2017,13593,CF,outfield,-52.1,
Jose Peraza,24.0,2018,13593,CF,outfield,-52.1,
Jose Peraza,25.0,2019,13593,CF,outfield,-52.1,
Jose Peraza,26.0,2020,13593,CF,outfield,-52.1,
Jose Peraza,27.0,2021,13593,CF,outfield,-52.7,
Jose Peraza,28.0,2022,13593,CF,outfield,-53.300000000000004,
Jose Peraza,29.0,2023,13593,CF,outfield,-53.9,
Jose Peraza,30.0,2024,13593,CF,outfield,-54.5,
Jose Peraza,31.0,2025,13593,CF,outfield,-55.1,
Jose Peraza,32.0,2026,13593,CF,outfield,-56.300000000000004,
Jose Peraza,33.0,2027,13593,CF,outfield,-57.5,
Jose Peraza,34.0,2028,13593,CF,outfield,-58.7,
Jose Peraza,35.0,2029,13593,CF,outfield,-59.900000000000006,
Jose Peraza,36.0,2030,13593,CF,outfield,-61.1,
Jose Peraza,37.0,2031,13593,CF,outfield,-62.3,
Jose Peraza,23.0,2017,13593,LF,outfield,-22.0,
Jose Peraza,24.0,2018,13593,LF,outfield,-22.0,
Jose Peraza,25.0,2019,13593,LF,outfield,-22.0,
Jose Peraza,26.0,2020,13593,LF,outfield,-22.0,
Jose Peraza,27.0,2021,13593,LF,outfield,-22.6,
Jose Peraza,28.0,2022,13593,LF,outfield,-23.2,
Jose Peraza,29.0,2023,13593,LF,outfield,-23.8,
Jose Peraza,30.0,2024,13593,LF,outfield,-24.4,
Jose Peraza,31.0,2025,13593,LF,outfield,-25.0,
Jose Peraza,32.0,2026,13593,LF,outfield,-26.2,
Jose Peraza,33.0,2027,13593,LF,outfield,-27.4,
Jose Peraza,34.0,2028,13593,LF,outfield,-28.6,
Jose Peraza,35.0,2029,13593,LF,outfield,-29.8,
Jose Peraza,36.0,2030,13593,LF,outfield,-31.0,
Jose Peraza,37.0,2031,13593,LF,outfield,-32.2,
Jose Peraza,23.0,2017,13593,SS,infield,6.9,
Jose Peraza,24.0,2018,13593,SS,infield,6.9,
Jose Peraza,25.0,2019,13593,SS,infield,6.9,
Jose Peraza,26.0,2020,13593,SS,infield,6.9,
Jose Peraza,27.0,2021,13593,SS,infield,6.300000000000001,
Jose Peraza,28.0,2022,13593,SS,infield,5.7,
Jose Peraza,29.0,2023,13593,SS,infield,5.1000000000000005,
Jose Peraza,30.0,2024,13593,SS,infield,4.5,
Jose Peraza,31.0,2025,13593,SS,infield,3.9000000000000004,
Jose Peraza,32.0,2026,13593,SS,infield,2.7,
Jose Peraza,33.0,2027,13593,SS,infield,1.5,
Jose Peraza,34.0,2028,13593,SS,infield,0.2999999999999998,
Jose Peraza,35.0,2029,13593,SS,infield,-0.9000000000000004,
Jose Peraza,36.0,2030,13593,SS,infield,-2.0999999999999996,
Jose Peraza,37.0,2031,13593,SS,infield,-3.299999999999999,
Mallex Smith,24.0,2017,13608,CF,outfield,5.3,
Mallex Smith,25.0,2018,13608,CF,outfield,5.3,
Mallex Smith,26.0,2019,13608,CF,outfield,5.3,
Mallex Smith,27.0,2020,13608,CF,outfield,4.7,
Mallex Smith,28.0,2021,13608,CF,outfield,4.1,
Mallex Smith,29.0,2022,13608,CF,outfield,3.5,
Mallex Smith,30.0,2023,13608,CF,outfield,2.9,
Mallex Smith,31.0,2024,13608,CF,outfield,2.3,
Mallex Smith,32.0,2025,13608,CF,outfield,1.0999999999999996,
Mallex Smith,33.0,2026,13608,CF,outfield,-0.10000000000000053,
Mallex Smith,34.0,2027,13608,CF,outfield,-1.3000000000000007,
Mallex Smith,35.0,2028,13608,CF,outfield,-2.500000000000001,
Mallex Smith,36.0,2029,13608,CF,outfield,-3.7,
Mallex Smith,37.0,2030,13608,CF,outfield,-4.8999999999999995,
Mallex Smith,38.0,2031,13608,CF,outfield,-6.099999999999999,
Mallex Smith,24.0,2017,13608,LF,outfield,25.0,
Mallex Smith,25.0,2018,13608,LF,outfield,25.0,
Mallex Smith,26.0,2019,13608,LF,outfield,25.0,
Mallex Smith,27.0,2020,13608,LF,outfield,24.4,
Mallex Smith,28.0,2021,13608,LF,outfield,23.8,
Mallex Smith,29.0,2022,13608,LF,outfield,23.2,
Mallex Smith,30.0,2023,13608,LF,outfield,22.6,
Mallex Smith,31.0,2024,13608,LF,outfield,22.0,
Mallex Smith,32.0,2025,13608,LF,outfield,20.8,
Mallex Smith,33.0,2026,13608,LF,outfield,19.6,
Mallex Smith,34.0,2027,13608,LF,outfield,18.4,
Mallex Smith,35.0,2028,13608,LF,outfield,17.2,
Mallex Smith,36.0,2029,13608,LF,outfield,16.0,
Mallex Smith,37.0,2030,13608,LF,outfield,14.8,
Mallex Smith,38.0,2031,13608,LF,outfield,13.600000000000001,
Mookie Betts,22.0,2017,13611,2B,infield,-13.6,
Mookie Betts,23.0,2018,13611,2B,infield,-13.6,
Mookie Betts,24.0,2019,13611,2B,infield,-13.6,
Mookie Betts,25.0,2020,13611,2B,infield,-13.6,
Mookie Betts,26.0,2021,13611,2B,infield,-13.6,
Mookie Betts,27.0,2022,13611,2B,infield,-14.2,
Mookie Betts,28.0,2023,13611,2B,infield,-14.799999999999999,
Mookie Betts,29.0,2024,13611,2B,infield,-15.399999999999999,
Mookie Betts,30.0,2025,13611,2B,infield,-16.0,
Mookie Betts,31.0,2026,13611,2B,infield,-16.6,
Mookie Betts,32.0,2027,13611,2B,infield,-17.8,
Mookie Betts,33.0,2028,13611,2B,infield,-19.0,
Mookie Betts,34.0,2029,13611,2B,infield,-20.2,
Mookie Betts,35.0,2030,13611,2B,infield,-21.4,
Mookie Betts,36.0,2031,13611,2B,infield,-22.6,
Mookie Betts,23.0,2017,13611,CF,outfield,4.0,
Mookie Betts,24.0,2018,13611,CF,outfield,4.0,
Mookie Betts,25.0,2019,13611,CF,outfield,4.0,
Mookie Betts,26.0,2020,13611,CF,outfield,4.0,
Mookie Betts,27.0,2021,13611,CF,outfield,3.4,
Mookie Betts,28.0,2022,13611,CF,outfield,2.8,
Mookie Betts,29.0,2023,13611,CF,outfield,2.2,
Mookie Betts,30.0,2024,13611,CF,outfield,1.6,
Mookie Betts,31.0,2025,13611,CF,outfield,1.0,
Mookie Betts,32.0,2026,13611,CF,outfield,-0.20000000000000018,
Mookie Betts,33.0,2027,13611,CF,outfield,-1.4000000000000004,
Mookie Betts,34.0,2028,13611,CF,outfield,-2.6000000000000005,
Mookie Betts,35.0,2029,13611,CF,outfield,-3.8000000000000007,
Mookie Betts,36.0,2030,13611,CF,outfield,-5.0,
Mookie Betts,37.0,2031,13611,CF,outfield,-6.199999999999999,
Mookie Betts,24.0,2017,13611,RF,outfield,1.2833333333333325,
Mookie Betts,25.0,2018,13611,RF,outfield,1.2833333333333325,
Mookie Betts,26.0,2019,13611,RF,outfield,1.2833333333333325,
Mookie Betts,27.0,2020,13611,RF,outfield,0.6833333333333326,
Mookie Betts,28.0,2021,13611,RF,outfield,0.0833333333333326,
Mookie Betts,29.0,2022,13611,RF,outfield,-0.5166666666666673,
Mookie Betts,30.0,2023,13611,RF,outfield,-1.1166666666666674,
Mookie Betts,31.0,2024,13611,RF,outfield,-1.7166666666666675,
Mookie Betts,32.0,2025,13611,RF,outfield,-2.916666666666668,
Mookie Betts,33.0,2026,13611,RF,outfield,-4.116666666666668,
Mookie Betts,34.0,2027,13611,RF,outfield,-5.316666666666668,
Mookie Betts,35.0,2028,13611,RF,outfield,-6.516666666666668,
Mookie Betts,36.0,2029,13611,RF,outfield,-7.716666666666668,
Mookie Betts,37.0,2030,13611,RF,outfield,-8.916666666666666,
Mookie Betts,38.0,2031,13611,RF,outfield,-10.116666666666665,
Ketel Marte,23.0,2017,13613,SS,infield,-6.166666666666667,
Ketel Marte,24.0,2018,13613,SS,infield,-6.166666666666667,
Ketel Marte,25.0,2019,13613,SS,infield,-6.166666666666667,
Ketel Marte,26.0,2020,13613,SS,infield,-6.166666666666667,
Ketel Marte,27.0,2021,13613,SS,infield,-6.766666666666667,
Ketel Marte,28.0,2022,13613,SS,infield,-7.366666666666667,
Ketel Marte,29.0,2023,13613,SS,infield,-7.966666666666667,
Ketel Marte,30.0,2024,13613,SS,infield,-8.566666666666666,
Ketel Marte,31.0,2025,13613,SS,infield,-9.166666666666668,
Ketel Marte,32.0,2026,13613,SS,infield,-10.366666666666667,
Ketel Marte,33.0,2027,13613,SS,infield,-11.566666666666666,
Ketel Marte,34.0,2028,13613,SS,infield,-12.766666666666667,
Ketel Marte,35.0,2029,13613,SS,infield,-13.966666666666669,
Ketel Marte,36.0,2030,13613,SS,infield,-15.166666666666668,
Ketel Marte,37.0,2031,13613,SS,infield,-16.366666666666667,
Corey Seager,23.0,2017,13624,SS,infield,1.5333333333333332,
Corey Seager,24.0,2018,13624,SS,infield,1.5333333333333332,
Corey Seager,25.0,2019,13624,SS,infield,1.5333333333333332,
Corey Seager,26.0,2020,13624,SS,infield,1.5333333333333332,
Corey Seager,27.0,2021,13624,SS,infield,0.9333333333333332,
Corey Seager,28.0,2022,13624,SS,infield,0.33333333333333326,
Corey Seager,29.0,2023,13624,SS,infield,-0.2666666666666666,
Corey Seager,30.0,2024,13624,SS,infield,-0.8666666666666667,
Corey Seager,31.0,2025,13624,SS,infield,-1.4666666666666668,
Corey Seager,32.0,2026,13624,SS,infield,-2.666666666666667,
Corey Seager,33.0,2027,13624,SS,infield,-3.866666666666667,
Corey Seager,34.0,2028,13624,SS,infield,-5.066666666666667,
Corey Seager,35.0,2029,13624,SS,infield,-6.2666666666666675,
Corey Seager,36.0,2030,13624,SS,infield,-7.466666666666667,
Corey Seager,37.0,2031,13624,SS,infield,-8.666666666666666,
Preston Tucker,26.0,2017,13633,LF,outfield,-17.233333333333334,
Preston Tucker,27.0,2018,13633,LF,outfield,-17.833333333333336,
Preston Tucker,28.0,2019,13633,LF,outfield,-18.433333333333334,
Preston Tucker,29.0,2020,13633,LF,outfield,-19.033333333333335,
Preston Tucker,30.0,2021,13633,LF,outfield,-19.633333333333333,
Preston Tucker,31.0,2022,13633,LF,outfield,-20.233333333333334,
Preston Tucker,32.0,2023,13633,LF,outfield,-21.433333333333334,
Preston Tucker,33.0,2024,13633,LF,outfield,-22.633333333333333,
Preston Tucker,34.0,2025,13633,LF,outfield,-23.833333333333336,
Preston Tucker,35.0,2026,13633,LF,outfield,-25.033333333333335,
Preston Tucker,36.0,2027,13633,LF,outfield,-26.233333333333334,
Preston Tucker,37.0,2028,13633,LF,outfield,-27.433333333333334,
Preston Tucker,38.0,2029,13633,LF,outfield,-28.633333333333333,
Preston Tucker,39.0,2030,13633,LF,outfield,-29.833333333333332,
Preston Tucker,40.0,2031,13633,LF,outfield,-31.03333333333333,
Preston Tucker,25.0,2017,13633,RF,outfield,3.0,
Preston Tucker,26.0,2018,13633,RF,outfield,3.0,
Preston Tucker,27.0,2019,13633,RF,outfield,2.4,
Preston Tucker,28.0,2020,13633,RF,outfield,1.8,
Preston Tucker,29.0,2021,13633,RF,outfield,1.2000000000000002,
Preston Tucker,30.0,2022,13633,RF,outfield,0.6000000000000001,
Preston Tucker,31.0,2023,13633,RF,outfield,0.0,
Preston Tucker,32.0,2024,13633,RF,outfield,-1.2000000000000002,
Preston Tucker,33.0,2025,13633,RF,outfield,-2.4000000000000004,
Preston Tucker,34.0,2026,13633,RF,outfield,-3.6000000000000005,
Preston Tucker,35.0,2027,13633,RF,outfield,-4.800000000000001,
Preston Tucker,36.0,2028,13633,RF,outfield,-6.0,
Preston Tucker,37.0,2029,13633,RF,outfield,-7.199999999999999,
Preston Tucker,38.0,2030,13633,RF,outfield,-8.399999999999999,
Preston Tucker,39.0,2031,13633,RF,outfield,-9.599999999999998,
David Dahl,23.0,2017,13744,LF,outfield,-0.3,
David Dahl,24.0,2018,13744,LF,outfield,-0.3,
David Dahl,25.0,2019,13744,LF,outfield,-0.3,
David Dahl,26.0,2020,13744,LF,outfield,-0.3,
David Dahl,27.0,2021,13744,LF,outfield,-0.8999999999999999,
David Dahl,28.0,2022,13744,LF,outfield,-1.5,
David Dahl,29.0,2023,13744,LF,outfield,-2.0999999999999996,
David Dahl,30.0,2024,13744,LF,outfield,-2.6999999999999997,
David Dahl,31.0,2025,13744,LF,outfield,-3.3,
David Dahl,32.0,2026,13744,LF,outfield,-4.5,
David Dahl,33.0,2027,13744,LF,outfield,-5.7,
David Dahl,34.0,2028,13744,LF,outfield,-6.9,
David Dahl,35.0,2029,13744,LF,outfield,-8.100000000000001,
David Dahl,36.0,2030,13744,LF,outfield,-9.3,
David Dahl,37.0,2031,13744,LF,outfield,-10.5,
Chris Taylor,25.0,2017,13757,SS,infield,3.5,
Chris Taylor,26.0,2018,13757,SS,infield,3.5,
Chris Taylor,27.0,2019,13757,SS,infield,2.9,
Chris Taylor,28.0,2020,13757,SS,infield,2.3,
Chris Taylor,29.0,2021,13757,SS,infield,1.7000000000000002,
Chris Taylor,30.0,2022,13757,SS,infield,1.1,
Chris Taylor,31.0,2023,13757,SS,infield,0.5,
Chris Taylor,32.0,2024,13757,SS,infield,-0.7000000000000002,
Chris Taylor,33.0,2025,13757,SS,infield,-1.9000000000000004,
Chris Taylor,34.0,2026,13757,SS,infield,-3.1000000000000005,
Chris Taylor,35.0,2027,13757,SS,infield,-4.300000000000001,
Chris Taylor,36.0,2028,13757,SS,infield,-5.5,
Chris Taylor,37.0,2029,13757,SS,infield,-6.699999999999999,
Chris Taylor,38.0,2030,13757,SS,infield,-7.899999999999999,
Chris Taylor,39.0,2031,13757,SS,infield,-9.099999999999998,
Travis Jankowski,26.0,2017,13768,CF,outfield,-2.366666666666667,
Travis Jankowski,27.0,2018,13768,CF,outfield,-2.9666666666666672,
Travis Jankowski,28.0,2019,13768,CF,outfield,-3.5666666666666673,
Travis Jankowski,29.0,2020,13768,CF,outfield,-4.166666666666667,
Travis Jankowski,30.0,2021,13768,CF,outfield,-4.7666666666666675,
Travis Jankowski,31.0,2022,13768,CF,outfield,-5.366666666666667,
Travis Jankowski,32.0,2023,13768,CF,outfield,-6.566666666666667,
Travis Jankowski,33.0,2024,13768,CF,outfield,-7.7666666666666675,
Travis Jankowski,34.0,2025,13768,CF,outfield,-8.966666666666669,
Travis Jankowski,35.0,2026,13768,CF,outfield,-10.166666666666668,
Travis Jankowski,36.0,2027,13768,CF,outfield,-11.366666666666667,
Travis Jankowski,37.0,2028,13768,CF,outfield,-12.566666666666666,
Travis Jankowski,38.0,2029,13768,CF,outfield,-13.766666666666666,
Travis Jankowski,39.0,2030,13768,CF,outfield,-14.966666666666665,
Travis Jankowski,40.0,2031,13768,CF,outfield,-16.166666666666664,
Travis Jankowski,26.0,2017,13768,RF,outfield,33.96666666666667,
Travis Jankowski,27.0,2018,13768,RF,outfield,33.36666666666667,
Travis Jankowski,28.0,2019,13768,RF,outfield,32.766666666666666,
Travis Jankowski,29.0,2020,13768,RF,outfield,32.16666666666667,
Travis Jankowski,30.0,2021,13768,RF,outfield,31.56666666666667,
Travis Jankowski,31.0,2022,13768,RF,outfield,30.96666666666667,
Travis Jankowski,32.0,2023,13768,RF,outfield,29.76666666666667,
Travis Jankowski,33.0,2024,13768,RF,outfield,28.56666666666667,
Travis Jankowski,34.0,2025,13768,RF,outfield,27.366666666666667,
Travis Jankowski,35.0,2026,13768,RF,outfield,26.166666666666668,
Travis Jankowski,36.0,2027,13768,RF,outfield,24.96666666666667,
Travis Jankowski,37.0,2028,13768,RF,outfield,23.76666666666667,
Travis Jankowski,38.0,2029,13768,RF,outfield,22.56666666666667,
Travis Jankowski,39.0,2030,13768,RF,outfield,21.36666666666667,
Travis Jankowski,40.0,2031,13768,RF,outfield,20.16666666666667,
Adalberto Mondesi,21.0,2017,13769,2B,infield,-5.4,
Adalberto Mondesi,22.0,2018,13769,2B,infield,-5.4,
Adalberto Mondesi,23.0,2019,13769,2B,infield,-5.4,
Adalberto Mondesi,24.0,2020,13769,2B,infield,-5.4,
Adalberto Mondesi,25.0,2021,13769,2B,infield,-5.4,
Adalberto Mondesi,26.0,2022,13769,2B,infield,-5.4,
Adalberto Mondesi,27.0,2023,13769,2B,infield,-6.0,
Adalberto Mondesi,28.0,2024,13769,2B,infield,-6.6000000000000005,
Adalberto Mondesi,29.0,2025,13769,2B,infield,-7.2,
Adalberto Mondesi,30.0,2026,13769,2B,infield,-7.800000000000001,
Adalberto Mondesi,31.0,2027,13769,2B,infield,-8.4,
Adalberto Mondesi,32.0,2028,13769,2B,infield,-9.600000000000001,
Adalberto Mondesi,33.0,2029,13769,2B,infield,-10.8,
Adalberto Mondesi,34.0,2030,13769,2B,infield,-12.0,
Adalberto Mondesi,35.0,2031,13769,2B,infield,-13.200000000000001,
Rob Refsnyder,26.0,2017,13770,1B,infield,-7.9,
Rob Refsnyder,27.0,2018,13770,1B,infield,-8.5,
Rob Refsnyder,28.0,2019,13770,1B,infield,-9.1,
Rob Refsnyder,29.0,2020,13770,1B,infield,-9.7,
Rob Refsnyder,30.0,2021,13770,1B,infield,-10.3,
Rob Refsnyder,31.0,2022,13770,1B,infield,-10.9,
Rob Refsnyder,32.0,2023,13770,1B,infield,-12.100000000000001,
Rob Refsnyder,33.0,2024,13770,1B,infield,-13.3,
Rob Refsnyder,34.0,2025,13770,1B,infield,-14.5,
Rob Refsnyder,35.0,2026,13770,1B,infield,-15.700000000000001,
Rob Refsnyder,36.0,2027,13770,1B,infield,-16.9,
Rob Refsnyder,37.0,2028,13770,1B,infield,-18.1,
Rob Refsnyder,38.0,2029,13770,1B,infield,-19.299999999999997,
Rob Refsnyder,39.0,2030,13770,1B,infield,-20.5,
Rob Refsnyder,40.0,2031,13770,1B,infield,-21.699999999999996,
Rob Refsnyder,25.0,2017,13770,2B,infield,-13.0,
Rob Refsnyder,26.0,2018,13770,2B,infield,-13.0,
Rob Refsnyder,27.0,2019,13770,2B,infield,-13.6,
Rob Refsnyder,28.0,2020,13770,2B,infield,-14.2,
Rob Refsnyder,29.0,2021,13770,2B,infield,-14.8,
Rob Refsnyder,30.0,2022,13770,2B,infield,-15.4,
Rob Refsnyder,31.0,2023,13770,2B,infield,-16.0,
Rob Refsnyder,32.0,2024,13770,2B,infield,-17.2,
Rob Refsnyder,33.0,2025,13770,2B,infield,-18.4,
Rob Refsnyder,34.0,2026,13770,2B,infield,-19.6,
Rob Refsnyder,35.0,2027,13770,2B,infield,-20.8,
Rob Refsnyder,36.0,2028,13770,2B,infield,-22.0,
Rob Refsnyder,37.0,2029,13770,2B,infield,-23.2,
Rob Refsnyder,38.0,2030,13770,2B,infield,-24.4,
Rob Refsnyder,39.0,2031,13770,2B,infield,-25.599999999999998,
Rob Refsnyder,26.0,2017,13770,RF,outfield,34.4,
Rob Refsnyder,27.0,2018,13770,RF,outfield,33.8,
Rob Refsnyder,28.0,2019,13770,RF,outfield,33.199999999999996,
Rob Refsnyder,29.0,2020,13770,RF,outfield,32.6,
Rob Refsnyder,30.0,2021,13770,RF,outfield,32.0,
Rob Refsnyder,31.0,2022,13770,RF,outfield,31.4,
Rob Refsnyder,32.0,2023,13770,RF,outfield,30.2,
Rob Refsnyder,33.0,2024,13770,RF,outfield,29.0,
Rob Refsnyder,34.0,2025,13770,RF,outfield,27.799999999999997,
Rob Refsnyder,35.0,2026,13770,RF,outfield,26.599999999999998,
Rob Refsnyder,36.0,2027,13770,RF,outfield,25.4,
Rob Refsnyder,37.0,2028,13770,RF,outfield,24.2,
Rob Refsnyder,38.0,2029,13770,RF,outfield,23.0,
Rob Refsnyder,39.0,2030,13770,RF,outfield,21.8,
Rob Refsnyder,40.0,2031,13770,RF,outfield,20.6,
Adonis Garcia,32.0,2017,13777,3B,infield,-5.7,
Adonis Garcia,33.0,2018,13777,3B,infield,-6.9,
Adonis Garcia,34.0,2019,13777,3B,infield,-8.1,
Adonis Garcia,35.0,2020,13777,3B,infield,-9.3,
Adonis Garcia,36.0,2021,13777,3B,infield,-10.5,
Adonis Garcia,37.0,2022,13777,3B,infield,-11.7,
Adonis Garcia,38.0,2023,13777,3B,infield,-12.9,
Adonis Garcia,39.0,2024,13777,3B,infield,-14.1,
Adonis Garcia,40.0,2025,13777,3B,infield,-15.299999999999999,
Adonis Garcia,41.0,2026,13777,3B,infield,-16.5,
Adonis Garcia,42.0,2027,13777,3B,infield,-17.699999999999996,
Adonis Garcia,31.0,2017,13777,LF,outfield,11.3,
Adonis Garcia,32.0,2018,13777,LF,outfield,10.100000000000001,
Adonis Garcia,33.0,2019,13777,LF,outfield,8.9,
Adonis Garcia,34.0,2020,13777,LF,outfield,7.7,
Adonis Garcia,35.0,2021,13777,LF,outfield,6.5,
Adonis Garcia,36.0,2022,13777,LF,outfield,5.3,
Adonis Garcia,37.0,2023,13777,LF,outfield,4.1,
Adonis Garcia,38.0,2024,13777,LF,outfield,2.9000000000000004,
Adonis Garcia,39.0,2025,13777,LF,outfield,1.700000000000001,
Adonis Garcia,40.0,2026,13777,LF,outfield,0.5000000000000018,
Adonis Garcia,41.0,2027,13777,LF,outfield,-0.6999999999999975,
Adonis Garcia,42.0,2028,13777,LF,outfield,-1.8999999999999968,
Matt Reynolds,26.0,2017,13788,SS,infield,4.4,
Matt Reynolds,27.0,2018,13788,SS,infield,3.8000000000000003,
Matt Reynolds,28.0,2019,13788,SS,infield,3.2,
Matt Reynolds,29.0,2020,13788,SS,infield,2.6000000000000005,
Matt Reynolds,30.0,2021,13788,SS,infield,2.0000000000000004,
Matt Reynolds,31.0,2022,13788,SS,infield,1.4000000000000004,
Matt Reynolds,32.0,2023,13788,SS,infield,0.20000000000000018,
Matt Reynolds,33.0,2024,13788,SS,infield,-1.0,
Matt Reynolds,34.0,2025,13788,SS,infield,-2.2,
Matt Reynolds,35.0,2026,13788,SS,infield,-3.4000000000000004,
Matt Reynolds,36.0,2027,13788,SS,infield,-4.6,
Matt Reynolds,37.0,2028,13788,SS,infield,-5.799999999999999,
Matt Reynolds,38.0,2029,13788,SS,infield,-6.999999999999998,
Matt Reynolds,39.0,2030,13788,SS,infield,-8.199999999999998,
Matt Reynolds,40.0,2031,13788,SS,infield,-9.399999999999997,
Kevin Plawecki,26.0,2017,13807,C,catcher,,15.951819274344585
Kevin Plawecki,27.0,2018,13807,C,catcher,,15.351819274344585
Kevin Plawecki,28.0,2019,13807,C,catcher,,14.751819274344586
Kevin Plawecki,29.0,2020,13807,C,catcher,,14.151819274344586
Kevin Plawecki,30.0,2021,13807,C,catcher,,13.551819274344584
Kevin Plawecki,31.0,2022,13807,C,catcher,,12.951819274344585
Kevin Plawecki,32.0,2023,13807,C,catcher,,11.751819274344584
Kevin Plawecki,33.0,2024,13807,C,catcher,,10.551819274344584
Kevin Plawecki,34.0,2025,13807,C,catcher,,9.351819274344585
Kevin Plawecki,35.0,2026,13807,C,catcher,,8.151819274344584
Kevin Plawecki,36.0,2027,13807,C,catcher,,6.951819274344585
Kevin Plawecki,37.0,2028,13807,C,catcher,,5.7518192743445855
Kevin Plawecki,38.0,2029,13807,C,catcher,,4.551819274344586
Kevin Plawecki,39.0,2030,13807,C,catcher,,3.351819274344587
Kevin Plawecki,40.0,2031,13807,C,catcher,,2.1518192743445876
Micah Johnson,25.0,2017,13809,2B,infield,-9.5,
Micah Johnson,26.0,2018,13809,2B,infield,-9.5,
Micah Johnson,27.0,2019,13809,2B,infield,-10.1,
Micah Johnson,28.0,2020,13809,2B,infield,-10.7,
Micah Johnson,29.0,2021,13809,2B,infield,-11.3,
Micah Johnson,30.0,2022,13809,2B,infield,-11.9,
Micah Johnson,31.0,2023,13809,2B,infield,-12.5,
Micah Johnson,32.0,2024,13809,2B,infield,-13.7,
Micah Johnson,33.0,2025,13809,2B,infield,-14.9,
Micah Johnson,34.0,2026,13809,2B,infield,-16.1,
Micah Johnson,35.0,2027,13809,2B,infield,-17.3,
Micah Johnson,36.0,2028,13809,2B,infield,-18.5,
Micah Johnson,37.0,2029,13809,2B,infield,-19.7,
Micah Johnson,38.0,2030,13809,2B,infield,-20.9,
Micah Johnson,39.0,2031,13809,2B,infield,-22.099999999999998,
Matt Duffy,25.0,2017,13836,2B,infield,0.8333333333333334,
Matt Duffy,26.0,2018,13836,2B,infield,0.8333333333333334,
Matt Duffy,27.0,2019,13836,2B,infield,0.2333333333333334,
Matt Duffy,28.0,2020,13836,2B,infield,-0.3666666666666666,
Matt Duffy,29.0,2021,13836,2B,infield,-0.9666666666666665,
Matt Duffy,30.0,2022,13836,2B,infield,-1.5666666666666664,
Matt Duffy,31.0,2023,13836,2B,infield,-2.1666666666666665,
Matt Duffy,32.0,2024,13836,2B,infield,-3.3666666666666667,
Matt Duffy,33.0,2025,13836,2B,infield,-4.566666666666667,
Matt Duffy,34.0,2026,13836,2B,infield,-5.7666666666666675,
Matt Duffy,35.0,2027,13836,2B,infield,-6.966666666666668,
Matt Duffy,36.0,2028,13836,2B,infield,-8.166666666666666,
Matt Duffy,37.0,2029,13836,2B,infield,-9.366666666666665,
Matt Duffy,38.0,2030,13836,2B,infield,-10.566666666666665,
Matt Duffy,39.0,2031,13836,2B,infield,-11.766666666666664,
Matt Duffy,26.0,2017,13836,3B,infield,10.233333333333333,
Matt Duffy,27.0,2018,13836,3B,infield,9.633333333333333,
Matt Duffy,28.0,2019,13836,3B,infield,9.033333333333333,
Matt Duffy,29.0,2020,13836,3B,infield,8.433333333333334,
Matt Duffy,30.0,2021,13836,3B,infield,7.833333333333332,
Matt Duffy,31.0,2022,13836,3B,infield,7.2333333333333325,
Matt Duffy,32.0,2023,13836,3B,infield,6.033333333333332,
Matt Duffy,33.0,2024,13836,3B,infield,4.833333333333332,
Matt Duffy,34.0,2025,13836,3B,infield,3.633333333333332,
Matt Duffy,35.0,2026,13836,3B,infield,2.433333333333332,
Matt Duffy,36.0,2027,13836,3B,infield,1.2333333333333325,
Matt Duffy,37.0,2028,13836,3B,infield,0.033333333333333215,
Matt Duffy,38.0,2029,13836,3B,infield,-1.166666666666666,
Matt Duffy,39.0,2030,13836,3B,infield,-2.3666666666666654,
Matt Duffy,40.0,2031,13836,3B,infield,-3.5666666666666647,
Matt Duffy,26.0,2017,13836,SS,infield,-2.950000000000001,
Matt Duffy,27.0,2018,13836,SS,infield,-3.550000000000001,
Matt Duffy,28.0,2019,13836,SS,infield,-4.150000000000001,
Matt Duffy,29.0,2020,13836,SS,infield,-4.750000000000001,
Matt Duffy,30.0,2021,13836,SS,infield,-5.350000000000001,
Matt Duffy,31.0,2022,13836,SS,infield,-5.950000000000001,
Matt Duffy,32.0,2023,13836,SS,infield,-7.150000000000001,
Matt Duffy,33.0,2024,13836,SS,infield,-8.350000000000001,
Matt Duffy,34.0,2025,13836,SS,infield,-9.55,
Matt Duffy,35.0,2026,13836,SS,infield,-10.750000000000002,
Matt Duffy,36.0,2027,13836,SS,infield,-11.950000000000001,
Matt Duffy,37.0,2028,13836,SS,infield,-13.15,
Matt Duffy,38.0,2029,13836,SS,infield,-14.35,
Matt Duffy,39.0,2030,13836,SS,infield,-15.549999999999999,
Matt Duffy,40.0,2031,13836,SS,infield,-16.75,
Joey Wendle,27.0,2017,13853,2B,infield,8.6,
Joey Wendle,28.0,2018,13853,2B,infield,7.999999999999999,
Joey Wendle,29.0,2019,13853,2B,infield,7.3999999999999995,
Joey Wendle,30.0,2020,13853,2B,infield,6.799999999999999,
Joey Wendle,31.0,2021,13853,2B,infield,6.199999999999999,
Joey Wendle,32.0,2022,13853,2B,infield,4.999999999999999,
Joey Wendle,33.0,2023,13853,2B,infield,3.799999999999999,
Joey Wendle,34.0,2024,13853,2B,infield,2.5999999999999988,
Joey Wendle,35.0,2025,13853,2B,infield,1.3999999999999986,
Joey Wendle,36.0,2026,13853,2B,infield,0.1999999999999993,
Joey Wendle,37.0,2027,13853,2B,infield,-1.0,
Joey Wendle,38.0,2028,13853,2B,infield,-2.1999999999999993,
Joey Wendle,39.0,2029,13853,2B,infield,-3.3999999999999986,
Joey Wendle,40.0,2030,13853,2B,infield,-4.599999999999998,
Joey Wendle,41.0,2031,13853,2B,infield,-5.799999999999997,
Devon Travis,26.0,2017,13862,2B,infield,1.4000000000000001,
Devon Travis,27.0,2018,13862,2B,infield,0.8000000000000002,
Devon Travis,28.0,2019,13862,2B,infield,0.20000000000000018,
Devon Travis,29.0,2020,13862,2B,infield,-0.3999999999999997,
Devon Travis,30.0,2021,13862,2B,infield,-0.9999999999999998,
Devon Travis,31.0,2022,13862,2B,infield,-1.5999999999999999,
Devon Travis,32.0,2023,13862,2B,infield,-2.8,
Devon Travis,33.0,2024,13862,2B,infield,-4.0,
Devon Travis,34.0,2025,13862,2B,infield,-5.2,
Devon Travis,35.0,2026,13862,2B,infield,-6.4,
Devon Travis,36.0,2027,13862,2B,infield,-7.6,
Devon Travis,37.0,2028,13862,2B,infield,-8.799999999999999,
Devon Travis,38.0,2029,13862,2B,infield,-9.999999999999998,
Devon Travis,39.0,2030,13862,2B,infield,-11.199999999999998,
Devon Travis,40.0,2031,13862,2B,infield,-12.399999999999997,
Bruce Maxwell,26.0,2017,13866,C,catcher,,-6.27906976744186
Bruce Maxwell,27.0,2018,13866,C,catcher,,-6.87906976744186
Bruce Maxwell,28.0,2019,13866,C,catcher,,-7.47906976744186
Bruce Maxwell,29.0,2020,13866,C,catcher,,-8.07906976744186
Bruce Maxwell,30.0,2021,13866,C,catcher,,-8.67906976744186
Bruce Maxwell,31.0,2022,13866,C,catcher,,-9.279069767441861
Bruce Maxwell,32.0,2023,13866,C,catcher,,-10.47906976744186
Bruce Maxwell,33.0,2024,13866,C,catcher,,-11.67906976744186
Bruce Maxwell,34.0,2025,13866,C,catcher,,-12.87906976744186
Bruce Maxwell,35.0,2026,13866,C,catcher,,-14.079069767441862
Bruce Maxwell,36.0,2027,13866,C,catcher,,-15.279069767441861
Bruce Maxwell,37.0,2028,13866,C,catcher,,-16.47906976744186
Bruce Maxwell,38.0,2029,13866,C,catcher,,-17.67906976744186
Bruce Maxwell,39.0,2030,13866,C,catcher,,-18.87906976744186
Bruce Maxwell,40.0,2031,13866,C,catcher,,-20.079069767441858
Trevor Brown,25.0,2017,13895,C,catcher,,-21.72603792926704
Trevor Brown,26.0,2018,13895,C,catcher,,-21.72603792926704
Trevor Brown,27.0,2019,13895,C,catcher,,-22.32603792926704
Trevor Brown,28.0,2020,13895,C,catcher,,-22.92603792926704
Trevor Brown,29.0,2021,13895,C,catcher,,-23.52603792926704
Trevor Brown,30.0,2022,13895,C,catcher,,-24.12603792926704
Trevor Brown,31.0,2023,13895,C,catcher,,-24.72603792926704
Trevor Brown,32.0,2024,13895,C,catcher,,-25.92603792926704
Trevor Brown,33.0,2025,13895,C,catcher,,-27.126037929267042
Trevor Brown,34.0,2026,13895,C,catcher,,-28.32603792926704
Trevor Brown,35.0,2027,13895,C,catcher,,-29.52603792926704
Trevor Brown,36.0,2028,13895,C,catcher,,-30.72603792926704
Trevor Brown,37.0,2029,13895,C,catcher,,-31.92603792926704
Trevor Brown,38.0,2030,13895,C,catcher,,-33.12603792926704
Trevor Brown,39.0,2031,13895,C,catcher,,-34.32603792926704
Addison Russell,22.0,2017,14106,2B,infield,10.0,
Addison Russell,23.0,2018,14106,2B,infield,10.0,
Addison Russell,24.0,2019,14106,2B,infield,10.0,
Addison Russell,25.0,2020,14106,2B,infield,10.0,
Addison Russell,26.0,2021,14106,2B,infield,10.0,
Addison Russell,27.0,2022,14106,2B,infield,9.4,
Addison Russell,28.0,2023,14106,2B,infield,8.8,
Addison Russell,29.0,2024,14106,2B,infield,8.2,
Addison Russell,30.0,2025,14106,2B,infield,7.6,
Addison Russell,31.0,2026,14106,2B,infield,7.0,
Addison Russell,32.0,2027,14106,2B,infield,5.8,
Addison Russell,33.0,2028,14106,2B,infield,4.6,
Addison Russell,34.0,2029,14106,2B,infield,3.3999999999999995,
Addison Russell,35.0,2030,14106,2B,infield,2.1999999999999993,
Addison Russell,36.0,2031,14106,2B,infield,1.0,
Addison Russell,23.0,2017,14106,SS,infield,11.699999999999998,
Addison Russell,24.0,2018,14106,SS,infield,11.699999999999998,
Addison Russell,25.0,2019,14106,SS,infield,11.699999999999998,
Addison Russell,26.0,2020,14106,SS,infield,11.699999999999998,
Addison Russell,27.0,2021,14106,SS,infield,11.099999999999998,
Addison Russell,28.0,2022,14106,SS,infield,10.499999999999998,
Addison Russell,29.0,2023,14106,SS,infield,9.899999999999999,
Addison Russell,30.0,2024,14106,SS,infield,9.299999999999997,
Addison Russell,31.0,2025,14106,SS,infield,8.699999999999998,
Addison Russell,32.0,2026,14106,SS,infield,7.499999999999997,
Addison Russell,33.0,2027,14106,SS,infield,6.299999999999997,
Addison Russell,34.0,2028,14106,SS,infield,5.099999999999997,
Addison Russell,35.0,2029,14106,SS,infield,3.899999999999997,
Addison Russell,36.0,2030,14106,SS,infield,2.6999999999999975,
Addison Russell,37.0,2031,14106,SS,infield,1.4999999999999982,
Albert Almora Jr.,23.0,2017,14109,CF,outfield,-11.1,
Albert Almora Jr.,24.0,2018,14109,CF,outfield,-11.1,
Albert Almora Jr.,25.0,2019,14109,CF,outfield,-11.1,
Albert Almora Jr.,26.0,2020,14109,CF,outfield,-11.1,
Albert Almora Jr.,27.0,2021,14109,CF,outfield,-11.7,
Albert Almora Jr.,28.0,2022,14109,CF,outfield,-12.299999999999999,
Albert Almora Jr.,29.0,2023,14109,CF,outfield,-12.899999999999999,
Albert Almora Jr.,30.0,2024,14109,CF,outfield,-13.5,
Albert Almora Jr.,31.0,2025,14109,CF,outfield,-14.1,
Albert Almora Jr.,32.0,2026,14109,CF,outfield,-15.3,
Albert Almora Jr.,33.0,2027,14109,CF,outfield,-16.5,
Albert Almora Jr.,34.0,2028,14109,CF,outfield,-17.7,
Albert Almora Jr.,35.0,2029,14109,CF,outfield,-18.9,
Albert Almora Jr.,36.0,2030,14109,CF,outfield,-20.1,
Albert Almora Jr.,37.0,2031,14109,CF,outfield,-21.299999999999997,
Joey Gallo,22.0,2017,14128,3B,infield,-1.7,
Joey Gallo,23.0,2018,14128,3B,infield,-1.7,
Joey Gallo,24.0,2019,14128,3B,infield,-1.7,
Joey Gallo,25.0,2020,14128,3B,infield,-1.7,
Joey Gallo,26.0,2021,14128,3B,infield,-1.7,
Joey Gallo,27.0,2022,14128,3B,infield,-2.3,
Joey Gallo,28.0,2023,14128,3B,infield,-2.9,
Joey Gallo,29.0,2024,14128,3B,infield,-3.5,
Joey Gallo,30.0,2025,14128,3B,infield,-4.1,
Joey Gallo,31.0,2026,14128,3B,infield,-4.7,
Joey Gallo,32.0,2027,14128,3B,infield,-5.9,
Joey Gallo,33.0,2028,14128,3B,infield,-7.1000000000000005,
Joey Gallo,34.0,2029,14128,3B,infield,-8.3,
Joey Gallo,35.0,2030,14128,3B,infield,-9.5,
Joey Gallo,36.0,2031,14128,3B,infield,-10.7,
Joey Gallo,22.0,2017,14128,LF,outfield,22.3,
Joey Gallo,23.0,2018,14128,LF,outfield,22.3,
Joey Gallo,24.0,2019,14128,LF,outfield,22.3,
Joey Gallo,25.0,2020,14128,LF,outfield,22.3,
Joey Gallo,26.0,2021,14128,LF,outfield,22.3,
Joey Gallo,27.0,2022,14128,LF,outfield,21.7,
Joey Gallo,28.0,2023,14128,LF,outfield,21.1,
Joey Gallo,29.0,2024,14128,LF,outfield,20.5,
Joey Gallo,30.0,2025,14128,LF,outfield,19.900000000000002,
Joey Gallo,31.0,2026,14128,LF,outfield,19.3,
Joey Gallo,32.0,2027,14128,LF,outfield,18.1,
Joey Gallo,33.0,2028,14128,LF,outfield,16.9,
Joey Gallo,34.0,2029,14128,LF,outfield,15.7,
Joey Gallo,35.0,2030,14128,LF,outfield,14.5,
Joey Gallo,36.0,2031,14128,LF,outfield,13.3,
Greg Bird,23.0,2017,14131,1B,infield,2.3,
Greg Bird,24.0,2018,14131,1B,infield,2.3,
Greg Bird,25.0,2019,14131,1B,infield,2.3,
Greg Bird,26.0,2020,14131,1B,infield,2.3,
Greg Bird,27.0,2021,14131,1B,infield,1.6999999999999997,
Greg Bird,28.0,2022,14131,1B,infield,1.0999999999999999,
Greg Bird,29.0,2023,14131,1B,infield,0.5,
Greg Bird,30.0,2024,14131,1B,infield,-0.10000000000000009,
Greg Bird,31.0,2025,14131,1B,infield,-0.7000000000000002,
Greg Bird,32.0,2026,14131,1B,infield,-1.9000000000000004,
Greg Bird,33.0,2027,14131,1B,infield,-3.1000000000000005,
Greg Bird,34.0,2028,14131,1B,infield,-4.300000000000001,
Greg Bird,35.0,2029,14131,1B,infield,-5.500000000000001,
Greg Bird,36.0,2030,14131,1B,infield,-6.7,
Greg Bird,37.0,2031,14131,1B,infield,-7.8999999999999995,
Jose Rondon,23.0,2017,14140,SS,infield,-27.8,
Jose Rondon,24.0,2018,14140,SS,infield,-27.8,
Jose Rondon,25.0,2019,14140,SS,infield,-27.8,
Jose Rondon,26.0,2020,14140,SS,infield,-27.8,
Jose Rondon,27.0,2021,14140,SS,infield,-28.400000000000002,
Jose Rondon,28.0,2022,14140,SS,infield,-29.0,
Jose Rondon,29.0,2023,14140,SS,infield,-29.6,
Jose Rondon,30.0,2024,14140,SS,infield,-30.2,
Jose Rondon,31.0,2025,14140,SS,infield,-30.8,
Jose Rondon,32.0,2026,14140,SS,infield,-32.0,
Jose Rondon,33.0,2027,14140,SS,infield,-33.2,
Jose Rondon,34.0,2028,14140,SS,infield,-34.4,
Jose Rondon,35.0,2029,14140,SS,infield,-35.6,
Jose Rondon,36.0,2030,14140,SS,infield,-36.8,
Jose Rondon,37.0,2031,14140,SS,infield,-38.0,
Mac Williamson,26.0,2017,14158,LF,outfield,17.7,
Mac Williamson,27.0,2018,14158,LF,outfield,17.099999999999998,
Mac Williamson,28.0,2019,14158,LF,outfield,16.5,
Mac Williamson,29.0,2020,14158,LF,outfield,15.899999999999999,
Mac Williamson,30.0,2021,14158,LF,outfield,15.299999999999999,
Mac Williamson,31.0,2022,14158,LF,outfield,14.7,
Mac Williamson,32.0,2023,14158,LF,outfield,13.5,
Mac Williamson,33.0,2024,14158,LF,outfield,12.299999999999999,
Mac Williamson,34.0,2025,14158,LF,outfield,11.099999999999998,
Mac Williamson,35.0,2026,14158,LF,outfield,9.899999999999999,
Mac Williamson,36.0,2027,14158,LF,outfield,8.7,
Mac Williamson,37.0,2028,14158,LF,outfield,7.5,
Mac Williamson,38.0,2029,14158,LF,outfield,6.300000000000001,
Mac Williamson,39.0,2030,14158,LF,outfield,5.100000000000001,
Mac Williamson,40.0,2031,14158,LF,outfield,3.900000000000002,
Mac Williamson,26.0,2017,14158,RF,outfield,-1.2,
Mac Williamson,27.0,2018,14158,RF,outfield,-1.7999999999999998,
Mac Williamson,28.0,2019,14158,RF,outfield,-2.4,
Mac Williamson,29.0,2020,14158,RF,outfield,-3.0,
Mac Williamson,30.0,2021,14158,RF,outfield,-3.5999999999999996,
Mac Williamson,31.0,2022,14158,RF,outfield,-4.2,
Mac Williamson,32.0,2023,14158,RF,outfield,-5.4,
Mac Williamson,33.0,2024,14158,RF,outfield,-6.6000000000000005,
Mac Williamson,34.0,2025,14158,RF,outfield,-7.800000000000001,
Mac Williamson,35.0,2026,14158,RF,outfield,-9.0,
Mac Williamson,36.0,2027,14158,RF,outfield,-10.2,
Mac Williamson,37.0,2028,14158,RF,outfield,-11.399999999999999,
Mac Williamson,38.0,2029,14158,RF,outfield,-12.599999999999998,
Mac Williamson,39.0,2030,14158,RF,outfield,-13.799999999999997,
Mac Williamson,40.0,2031,14158,RF,outfield,-14.999999999999996,
Byron Buxton,23.0,2017,14161,CF,outfield,5.433333333333333,
Byron Buxton,24.0,2018,14161,CF,outfield,5.433333333333333,
Byron Buxton,25.0,2019,14161,CF,outfield,5.433333333333333,
Byron Buxton,26.0,2020,14161,CF,outfield,5.433333333333333,
Byron Buxton,27.0,2021,14161,CF,outfield,4.833333333333333,
Byron Buxton,28.0,2022,14161,CF,outfield,4.2333333333333325,
Byron Buxton,29.0,2023,14161,CF,outfield,3.633333333333333,
Byron Buxton,30.0,2024,14161,CF,outfield,3.0333333333333328,
Byron Buxton,31.0,2025,14161,CF,outfield,2.4333333333333327,
Byron Buxton,32.0,2026,14161,CF,outfield,1.2333333333333325,
Byron Buxton,33.0,2027,14161,CF,outfield,0.03333333333333233,
Byron Buxton,34.0,2028,14161,CF,outfield,-1.1666666666666679,
Byron Buxton,35.0,2029,14161,CF,outfield,-2.366666666666668,
Byron Buxton,36.0,2030,14161,CF,outfield,-3.5666666666666673,
Byron Buxton,37.0,2031,14161,CF,outfield,-4.766666666666667,
Carlos Correa,22.0,2017,14162,SS,infield,-5.733333333333333,
Carlos Correa,23.0,2018,14162,SS,infield,-5.733333333333333,
Carlos Correa,24.0,2019,14162,SS,infield,-5.733333333333333,
Carlos Correa,25.0,2020,14162,SS,infield,-5.733333333333333,
Carlos Correa,26.0,2021,14162,SS,infield,-5.733333333333333,
Carlos Correa,27.0,2022,14162,SS,infield,-6.333333333333333,
Carlos Correa,28.0,2023,14162,SS,infield,-6.933333333333334,
Carlos Correa,29.0,2024,14162,SS,infield,-7.533333333333333,
Carlos Correa,30.0,2025,14162,SS,infield,-8.133333333333333,
Carlos Correa,31.0,2026,14162,SS,infield,-8.733333333333334,
Carlos Correa,32.0,2027,14162,SS,infield,-9.933333333333334,
Carlos Correa,33.0,2028,14162,SS,infield,-11.133333333333333,
Carlos Correa,34.0,2029,14162,SS,infield,-12.333333333333334,
Carlos Correa,35.0,2030,14162,SS,infield,-13.533333333333335,
Carlos Correa,36.0,2031,14162,SS,infield,-14.733333333333334,
Jorge Soler,25.0,2017,14221,LF,outfield,-3.2,
Jorge Soler,26.0,2018,14221,LF,outfield,-3.2,
Jorge Soler,27.0,2019,14221,LF,outfield,-3.8000000000000003,
Jorge Soler,28.0,2020,14221,LF,outfield,-4.4,
Jorge Soler,29.0,2021,14221,LF,outfield,-5.0,
Jorge Soler,30.0,2022,14221,LF,outfield,-5.6,
Jorge Soler,31.0,2023,14221,LF,outfield,-6.2,
Jorge Soler,32.0,2024,14221,LF,outfield,-7.4,
Jorge Soler,33.0,2025,14221,LF,outfield,-8.600000000000001,
Jorge Soler,34.0,2026,14221,LF,outfield,-9.8,
Jorge Soler,35.0,2027,14221,LF,outfield,-11.0,
Jorge Soler,36.0,2028,14221,LF,outfield,-12.2,
Jorge Soler,37.0,2029,14221,LF,outfield,-13.399999999999999,
Jorge Soler,38.0,2030,14221,LF,outfield,-14.599999999999998,
Jorge Soler,39.0,2031,14221,LF,outfield,-15.799999999999997,
Jorge Soler,24.0,2017,14221,RF,outfield,-6.599999999999999,
Jorge Soler,25.0,2018,14221,RF,outfield,-6.599999999999999,
Jorge Soler,26.0,2019,14221,RF,outfield,-6.599999999999999,
Jorge Soler,27.0,2020,14221,RF,outfield,-7.199999999999998,
Jorge Soler,28.0,2021,14221,RF,outfield,-7.799999999999999,
Jorge Soler,29.0,2022,14221,RF,outfield,-8.399999999999999,
Jorge Soler,30.0,2023,14221,RF,outfield,-8.999999999999998,
Jorge Soler,31.0,2024,14221,RF,outfield,-9.599999999999998,
Jorge Soler,32.0,2025,14221,RF,outfield,-10.799999999999999,
Jorge Soler,33.0,2026,14221,RF,outfield,-12.0,
Jorge Soler,34.0,2027,14221,RF,outfield,-13.2,
Jorge Soler,35.0,2028,14221,RF,outfield,-14.399999999999999,
Jorge Soler,36.0,2029,14221,RF,outfield,-15.599999999999998,
Jorge Soler,37.0,2030,14221,RF,outfield,-16.799999999999997,
Jorge Soler,38.0,2031,14221,RF,outfield,-17.999999999999996,
Yasiel Puig,24.0,2017,14225,CF,outfield,-2.2,
Yasiel Puig,25.0,2018,14225,CF,outfield,-2.2,
Yasiel Puig,26.0,2019,14225,CF,outfield,-2.2,
Yasiel Puig,27.0,2020,14225,CF,outfield,-2.8000000000000003,
Yasiel Puig,28.0,2021,14225,CF,outfield,-3.4000000000000004,
Yasiel Puig,29.0,2022,14225,CF,outfield,-4.0,
Yasiel Puig,30.0,2023,14225,CF,outfield,-4.6,
Yasiel Puig,31.0,2024,14225,CF,outfield,-5.2,
Yasiel Puig,32.0,2025,14225,CF,outfield,-6.4,
Yasiel Puig,33.0,2026,14225,CF,outfield,-7.6000000000000005,
Yasiel Puig,34.0,2027,14225,CF,outfield,-8.8,
Yasiel Puig,35.0,2028,14225,CF,outfield,-10.0,
Yasiel Puig,36.0,2029,14225,CF,outfield,-11.2,
Yasiel Puig,37.0,2030,14225,CF,outfield,-12.399999999999999,
Yasiel Puig,38.0,2031,14225,CF,outfield,-13.599999999999998,
Yasiel Puig,26.0,2017,14225,RF,outfield,1.1833333333333333,
Yasiel Puig,27.0,2018,14225,RF,outfield,0.5833333333333334,
Yasiel Puig,28.0,2019,14225,RF,outfield,-0.016666666666666607,
Yasiel Puig,29.0,2020,14225,RF,outfield,-0.6166666666666665,
Yasiel Puig,30.0,2021,14225,RF,outfield,-1.2166666666666666,
Yasiel Puig,31.0,2022,14225,RF,outfield,-1.8166666666666667,
Yasiel Puig,32.0,2023,14225,RF,outfield,-3.0166666666666666,
Yasiel Puig,33.0,2024,14225,RF,outfield,-4.216666666666667,
Yasiel Puig,34.0,2025,14225,RF,outfield,-5.416666666666667,
Yasiel Puig,35.0,2026,14225,RF,outfield,-6.616666666666667,
Yasiel Puig,36.0,2027,14225,RF,outfield,-7.816666666666666,
Yasiel Puig,37.0,2028,14225,RF,outfield,-9.016666666666666,
Yasiel Puig,38.0,2029,14225,RF,outfield,-10.216666666666665,
Yasiel Puig,39.0,2030,14225,RF,outfield,-11.416666666666664,
Yasiel Puig,40.0,2031,14225,RF,outfield,-12.616666666666664,
Mitch Haniger,26.0,2017,14274,CF,outfield,12.9,
Mitch Haniger,27.0,2018,14274,CF,outfield,12.3,
Mitch Haniger,28.0,2019,14274,CF,outfield,11.700000000000001,
Mitch Haniger,29.0,2020,14274,CF,outfield,11.100000000000001,
Mitch Haniger,30.0,2021,14274,CF,outfield,10.5,
Mitch Haniger,31.0,2022,14274,CF,outfield,9.9,
Mitch Haniger,32.0,2023,14274,CF,outfield,8.7,
Mitch Haniger,33.0,2024,14274,CF,outfield,7.5,
Mitch Haniger,34.0,2025,14274,CF,outfield,6.3,
Mitch Haniger,35.0,2026,14274,CF,outfield,5.1,
Mitch Haniger,36.0,2027,14274,CF,outfield,3.9000000000000004,
Mitch Haniger,37.0,2028,14274,CF,outfield,2.700000000000001,
Mitch Haniger,38.0,2029,14274,CF,outfield,1.5000000000000018,
Mitch Haniger,39.0,2030,14274,CF,outfield,0.3000000000000025,
Mitch Haniger,40.0,2031,14274,CF,outfield,-0.8999999999999968,
Mitch Haniger,26.0,2017,14274,LF,outfield,43.0,
Mitch Haniger,27.0,2018,14274,LF,outfield,42.4,
Mitch Haniger,28.0,2019,14274,LF,outfield,41.8,
Mitch Haniger,29.0,2020,14274,LF,outfield,41.2,
Mitch Haniger,30.0,2021,14274,LF,outfield,40.6,
Mitch Haniger,31.0,2022,14274,LF,outfield,40.0,
Mitch Haniger,32.0,2023,14274,LF,outfield,38.8,
Mitch Haniger,33.0,2024,14274,LF,outfield,37.6,
Mitch Haniger,34.0,2025,14274,LF,outfield,36.4,
Mitch Haniger,35.0,2026,14274,LF,outfield,35.2,
Mitch Haniger,36.0,2027,14274,LF,outfield,34.0,
Mitch Haniger,37.0,2028,14274,LF,outfield,32.8,
Mitch Haniger,38.0,2029,14274,LF,outfield,31.6,
Mitch Haniger,39.0,2030,14274,LF,outfield,30.400000000000002,
Mitch Haniger,40.0,2031,14274,LF,outfield,29.200000000000003,
Jason Coats,27.0,2017,14282,RF,outfield,23.0,
Jason Coats,28.0,2018,14282,RF,outfield,22.400000000000002,
Jason Coats,29.0,2019,14282,RF,outfield,21.8,
Jason Coats,30.0,2020,14282,RF,outfield,21.200000000000003,
Jason Coats,31.0,2021,14282,RF,outfield,20.6,
Jason Coats,32.0,2022,14282,RF,outfield,19.400000000000002,
Jason Coats,33.0,2023,14282,RF,outfield,18.200000000000003,
Jason Coats,34.0,2024,14282,RF,outfield,17.0,
Jason Coats,35.0,2025,14282,RF,outfield,15.8,
Jason Coats,36.0,2026,14282,RF,outfield,14.600000000000001,
Jason Coats,37.0,2027,14282,RF,outfield,13.400000000000002,
Jason Coats,38.0,2028,14282,RF,outfield,12.200000000000003,
Jason Coats,39.0,2029,14282,RF,outfield,11.000000000000004,
Jason Coats,40.0,2030,14282,RF,outfield,9.800000000000004,
Jason Coats,41.0,2031,14282,RF,outfield,8.600000000000005,
Wilmer Difo,25.0,2017,14320,2B,infield,-7.9,
Wilmer Difo,26.0,2018,14320,2B,infield,-7.9,
Wilmer Difo,27.0,2019,14320,2B,infield,-8.5,
Wilmer Difo,28.0,2020,14320,2B,infield,-9.1,
Wilmer Difo,29.0,2021,14320,2B,infield,-9.7,
Wilmer Difo,30.0,2022,14320,2B,infield,-10.3,
Wilmer Difo,31.0,2023,14320,2B,infield,-10.9,
Wilmer Difo,32.0,2024,14320,2B,infield,-12.100000000000001,
Wilmer Difo,33.0,2025,14320,2B,infield,-13.3,
Wilmer Difo,34.0,2026,14320,2B,infield,-14.5,
Wilmer Difo,35.0,2027,14320,2B,infield,-15.700000000000001,
Wilmer Difo,36.0,2028,14320,2B,infield,-16.9,
Wilmer Difo,37.0,2029,14320,2B,infield,-18.1,
Wilmer Difo,38.0,2030,14320,2B,infield,-19.299999999999997,
Wilmer Difo,39.0,2031,14320,2B,infield,-20.5,
Dilson Herrera,22.0,2017,14335,2B,infield,3.8666666666666667,
Dilson Herrera,23.0,2018,14335,2B,infield,3.8666666666666667,
Dilson Herrera,24.0,2019,14335,2B,infield,3.8666666666666667,
Dilson Herrera,25.0,2020,14335,2B,infield,3.8666666666666667,
Dilson Herrera,26.0,2021,14335,2B,infield,3.8666666666666667,
Dilson Herrera,27.0,2022,14335,2B,infield,3.2666666666666666,
Dilson Herrera,28.0,2023,14335,2B,infield,2.666666666666667,
Dilson Herrera,29.0,2024,14335,2B,infield,2.066666666666667,
Dilson Herrera,30.0,2025,14335,2B,infield,1.4666666666666668,
Dilson Herrera,31.0,2026,14335,2B,infield,0.8666666666666667,
Dilson Herrera,32.0,2027,14335,2B,infield,-0.3333333333333335,
Dilson Herrera,33.0,2028,14335,2B,infield,-1.5333333333333337,
Dilson Herrera,34.0,2029,14335,2B,infield,-2.733333333333334,
Dilson Herrera,35.0,2030,14335,2B,infield,-3.933333333333334,
Dilson Herrera,36.0,2031,14335,2B,infield,-5.133333333333333,
Raimel Tapia,23.0,2017,14350,CF,outfield,27.1,
Raimel Tapia,24.0,2018,14350,CF,outfield,27.1,
Raimel Tapia,25.0,2019,14350,CF,outfield,27.1,
Raimel Tapia,26.0,2020,14350,CF,outfield,27.1,
Raimel Tapia,27.0,2021,14350,CF,outfield,26.5,
Raimel Tapia,28.0,2022,14350,CF,outfield,25.900000000000002,
Raimel Tapia,29.0,2023,14350,CF,outfield,25.3,
Raimel Tapia,30.0,2024,14350,CF,outfield,24.700000000000003,
Raimel Tapia,31.0,2025,14350,CF,outfield,24.1,
Raimel Tapia,32.0,2026,14350,CF,outfield,22.900000000000002,
Raimel Tapia,33.0,2027,14350,CF,outfield,21.700000000000003,
Raimel Tapia,34.0,2028,14350,CF,outfield,20.5,
Raimel Tapia,35.0,2029,14350,CF,outfield,19.3,
Raimel Tapia,36.0,2030,14350,CF,outfield,18.1,
Raimel Tapia,37.0,2031,14350,CF,outfield,16.900000000000002,
Henry Urrutia,29.0,2017,14441,LF,outfield,-0.8999999999999999,
Henry Urrutia,30.0,2018,14441,LF,outfield,-1.5,
Henry Urrutia,31.0,2019,14441,LF,outfield,-2.0999999999999996,
Henry Urrutia,32.0,2020,14441,LF,outfield,-3.3,
Henry Urrutia,33.0,2021,14441,LF,outfield,-4.5,
Henry Urrutia,34.0,2022,14441,LF,outfield,-5.7,
Henry Urrutia,35.0,2023,14441,LF,outfield,-6.9,
Henry Urrutia,36.0,2024,14441,LF,outfield,-8.100000000000001,
Henry Urrutia,37.0,2025,14441,LF,outfield,-9.3,
Henry Urrutia,38.0,2026,14441,LF,outfield,-10.5,
Henry Urrutia,39.0,2027,14441,LF,outfield,-11.7,
Henry Urrutia,40.0,2028,14441,LF,outfield,-12.899999999999999,
Henry Urrutia,41.0,2029,14441,LF,outfield,-14.099999999999998,
Henry Urrutia,42.0,2030,14441,LF,outfield,-15.299999999999997,
Pedro Severino,23.0,2017,14523,C,catcher,,0.0
Pedro Severino,24.0,2018,14523,C,catcher,,0.0
Pedro Severino,25.0,2019,14523,C,catcher,,0.0
Pedro Severino,26.0,2020,14523,C,catcher,,0.0
Pedro Severino,27.0,2021,14523,C,catcher,,-0.6
Pedro Severino,28.0,2022,14523,C,catcher,,-1.2
Pedro Severino,29.0,2023,14523,C,catcher,,-1.7999999999999998
Pedro Severino,30.0,2024,14523,C,catcher,,-2.4
Pedro Severino,31.0,2025,14523,C,catcher,,-3.0
Pedro Severino,32.0,2026,14523,C,catcher,,-4.2
Pedro Severino,33.0,2027,14523,C,catcher,,-5.4
Pedro Severino,34.0,2028,14523,C,catcher,,-6.6000000000000005
Pedro Severino,35.0,2029,14523,C,catcher,,-7.800000000000001
Pedro Severino,36.0,2030,14523,C,catcher,,-9.0
Pedro Severino,37.0,2031,14523,C,catcher,,-10.2
Nomar Mazara,22.0,2017,14553,LF,outfield,-4.8,
Nomar Mazara,23.0,2018,14553,LF,outfield,-4.8,
Nomar Mazara,24.0,2019,14553,LF,outfield,-4.8,
Nomar Mazara,25.0,2020,14553,LF,outfield,-4.8,
Nomar Mazara,26.0,2021,14553,LF,outfield,-4.8,
Nomar Mazara,27.0,2022,14553,LF,outfield,-5.3999999999999995,
Nomar Mazara,28.0,2023,14553,LF,outfield,-6.0,
Nomar Mazara,29.0,2024,14553,LF,outfield,-6.6,
Nomar Mazara,30.0,2025,14553,LF,outfield,-7.199999999999999,
Nomar Mazara,31.0,2026,14553,LF,outfield,-7.8,
Nomar Mazara,32.0,2027,14553,LF,outfield,-9.0,
Nomar Mazara,33.0,2028,14553,LF,outfield,-10.2,
Nomar Mazara,34.0,2029,14553,LF,outfield,-11.4,
Nomar Mazara,35.0,2030,14553,LF,outfield,-12.600000000000001,
Nomar Mazara,36.0,2031,14553,LF,outfield,-13.8,
Nomar Mazara,22.0,2017,14553,RF,outfield,4.6,
Nomar Mazara,23.0,2018,14553,RF,outfield,4.6,
Nomar Mazara,24.0,2019,14553,RF,outfield,4.6,
Nomar Mazara,25.0,2020,14553,RF,outfield,4.6,
Nomar Mazara,26.0,2021,14553,RF,outfield,4.6,
Nomar Mazara,27.0,2022,14553,RF,outfield,3.9999999999999996,
Nomar Mazara,28.0,2023,14553,RF,outfield,3.3999999999999995,
Nomar Mazara,29.0,2024,14553,RF,outfield,2.8,
Nomar Mazara,30.0,2025,14553,RF,outfield,2.1999999999999997,
Nomar Mazara,31.0,2026,14553,RF,outfield,1.5999999999999996,
Nomar Mazara,32.0,2027,14553,RF,outfield,0.39999999999999947,
Nomar Mazara,33.0,2028,14553,RF,outfield,-0.8000000000000007,
Nomar Mazara,34.0,2029,14553,RF,outfield,-2.000000000000001,
Nomar Mazara,35.0,2030,14553,RF,outfield,-3.200000000000001,
Nomar Mazara,36.0,2031,14553,RF,outfield,-4.4,
Manuel Margot,22.0,2017,14712,CF,outfield,32.7,
Manuel Margot,23.0,2018,14712,CF,outfield,32.7,
Manuel Margot,24.0,2019,14712,CF,outfield,32.7,
Manuel Margot,25.0,2020,14712,CF,outfield,32.7,
Manuel Margot,26.0,2021,14712,CF,outfield,32.7,
Manuel Margot,27.0,2022,14712,CF,outfield,32.1,
Manuel Margot,28.0,2023,14712,CF,outfield,31.500000000000004,
Manuel Margot,29.0,2024,14712,CF,outfield,30.900000000000002,
Manuel Margot,30.0,2025,14712,CF,outfield,30.300000000000004,
Manuel Margot,31.0,2026,14712,CF,outfield,29.700000000000003,
Manuel Margot,32.0,2027,14712,CF,outfield,28.500000000000004,
Manuel Margot,33.0,2028,14712,CF,outfield,27.300000000000004,
Manuel Margot,34.0,2029,14712,CF,outfield,26.1,
Manuel Margot,35.0,2030,14712,CF,outfield,24.900000000000002,
Manuel Margot,36.0,2031,14712,CF,outfield,23.700000000000003,
Tony Kemp,25.0,2017,14894,LF,outfield,-20.1,
Tony Kemp,26.0,2018,14894,LF,outfield,-20.1,
Tony Kemp,27.0,2019,14894,LF,outfield,-20.700000000000003,
Tony Kemp,28.0,2020,14894,LF,outfield,-21.3,
Tony Kemp,29.0,2021,14894,LF,outfield,-21.900000000000002,
Tony Kemp,30.0,2022,14894,LF,outfield,-22.5,
Tony Kemp,31.0,2023,14894,LF,outfield,-23.1,
Tony Kemp,32.0,2024,14894,LF,outfield,-24.3,
Tony Kemp,33.0,2025,14894,LF,outfield,-25.5,
Tony Kemp,34.0,2026,14894,LF,outfield,-26.700000000000003,
Tony Kemp,35.0,2027,14894,LF,outfield,-27.900000000000002,
Tony Kemp,36.0,2028,14894,LF,outfield,-29.1,
Tony Kemp,37.0,2029,14894,LF,outfield,-30.3,
Tony Kemp,38.0,2030,14894,LF,outfield,-31.5,
Tony Kemp,39.0,2031,14894,LF,outfield,-32.7,
Tim Anderson,24.0,2017,15172,SS,infield,3.0,
Tim Anderson,25.0,2018,15172,SS,infield,3.0,
Tim Anderson,26.0,2019,15172,SS,infield,3.0,
Tim Anderson,27.0,2020,15172,SS,infield,2.4,
Tim Anderson,28.0,2021,15172,SS,infield,1.8,
Tim Anderson,29.0,2022,15172,SS,infield,1.2000000000000002,
Tim Anderson,30.0,2023,15172,SS,infield,0.6000000000000001,
Tim Anderson,31.0,2024,15172,SS,infield,0.0,
Tim Anderson,32.0,2025,15172,SS,infield,-1.2000000000000002,
Tim Anderson,33.0,2026,15172,SS,infield,-2.4000000000000004,
Tim Anderson,34.0,2027,15172,SS,infield,-3.6000000000000005,
Tim Anderson,35.0,2028,15172,SS,infield,-4.800000000000001,
Tim Anderson,36.0,2029,15172,SS,infield,-6.0,
Tim Anderson,37.0,2030,15172,SS,infield,-7.199999999999999,
Tim Anderson,38.0,2031,15172,SS,infield,-8.399999999999999,
Chad Pinder,25.0,2017,15191,2B,infield,-25.2,
Chad Pinder,26.0,2018,15191,2B,infield,-25.2,
Chad Pinder,27.0,2019,15191,2B,infield,-25.8,
Chad Pinder,28.0,2020,15191,2B,infield,-26.4,
Chad Pinder,29.0,2021,15191,2B,infield,-27.0,
Chad Pinder,30.0,2022,15191,2B,infield,-27.599999999999998,
Chad Pinder,31.0,2023,15191,2B,infield,-28.2,
Chad Pinder,32.0,2024,15191,2B,infield,-29.4,
Chad Pinder,33.0,2025,15191,2B,infield,-30.6,
Chad Pinder,34.0,2026,15191,2B,infield,-31.8,
Chad Pinder,35.0,2027,15191,2B,infield,-33.0,
Chad Pinder,36.0,2028,15191,2B,infield,-34.2,
Chad Pinder,37.0,2029,15191,2B,infield,-35.4,
Chad Pinder,38.0,2030,15191,2B,infield,-36.599999999999994,
Chad Pinder,39.0,2031,15191,2B,infield,-37.8,
Carlos Asuaje,25.0,2017,15197,2B,infield,-4.6,
Carlos Asuaje,26.0,2018,15197,2B,infield,-4.6,
Carlos Asuaje,27.0,2019,15197,2B,infield,-5.199999999999999,
Carlos Asuaje,28.0,2020,15197,2B,infield,-5.8,
Carlos Asuaje,29.0,2021,15197,2B,infield,-6.3999999999999995,
Carlos Asuaje,30.0,2022,15197,2B,infield,-7.0,
Carlos Asuaje,31.0,2023,15197,2B,infield,-7.6,
Carlos Asuaje,32.0,2024,15197,2B,infield,-8.8,
Carlos Asuaje,33.0,2025,15197,2B,infield,-10.0,
Carlos Asuaje,34.0,2026,15197,2B,infield,-11.2,
Carlos Asuaje,35.0,2027,15197,2B,infield,-12.4,
Carlos Asuaje,36.0,2028,15197,2B,infield,-13.6,
Carlos Asuaje,37.0,2029,15197,2B,infield,-14.799999999999999,
Carlos Asuaje,38.0,2030,15197,2B,infield,-15.999999999999998,
Carlos Asuaje,39.0,2031,15197,2B,infield,-17.199999999999996,
Adam Frazier,25.0,2017,15223,2B,infield,-39.8,
Adam Frazier,26.0,2018,15223,2B,infield,-39.8,
Adam Frazier,27.0,2019,15223,2B,infield,-40.4,
Adam Frazier,28.0,2020,15223,2B,infield,-41.0,
Adam Frazier,29.0,2021,15223,2B,infield,-41.599999999999994,
Adam Frazier,30.0,2022,15223,2B,infield,-42.199999999999996,
Adam Frazier,31.0,2023,15223,2B,infield,-42.8,
Adam Frazier,32.0,2024,15223,2B,infield,-44.0,
Adam Frazier,33.0,2025,15223,2B,infield,-45.199999999999996,
Adam Frazier,34.0,2026,15223,2B,infield,-46.4,
Adam Frazier,35.0,2027,15223,2B,infield,-47.599999999999994,
Adam Frazier,36.0,2028,15223,2B,infield,-48.8,
Adam Frazier,37.0,2029,15223,2B,infield,-50.0,
Adam Frazier,38.0,2030,15223,2B,infield,-51.199999999999996,
Adam Frazier,39.0,2031,15223,2B,infield,-52.39999999999999,
Adam Frazier,25.0,2017,15223,LF,outfield,12.6,
Adam Frazier,26.0,2018,15223,LF,outfield,12.6,
Adam Frazier,27.0,2019,15223,LF,outfield,12.0,
Adam Frazier,28.0,2020,15223,LF,outfield,11.4,
Adam Frazier,29.0,2021,15223,LF,outfield,10.8,
Adam Frazier,30.0,2022,15223,LF,outfield,10.2,
Adam Frazier,31.0,2023,15223,LF,outfield,9.6,
Adam Frazier,32.0,2024,15223,LF,outfield,8.399999999999999,
Adam Frazier,33.0,2025,15223,LF,outfield,7.199999999999999,
Adam Frazier,34.0,2026,15223,LF,outfield,5.999999999999999,
Adam Frazier,35.0,2027,15223,LF,outfield,4.799999999999999,
Adam Frazier,36.0,2028,15223,LF,outfield,3.5999999999999996,
Adam Frazier,37.0,2029,15223,LF,outfield,2.4000000000000004,
Adam Frazier,38.0,2030,15223,LF,outfield,1.200000000000001,
Adam Frazier,39.0,2031,15223,LF,outfield,1.7763568394002505e-15,
Adam Frazier,25.0,2017,15223,RF,outfield,-9.6,
Adam Frazier,26.0,2018,15223,RF,outfield,-9.6,
Adam Frazier,27.0,2019,15223,RF,outfield,-10.2,
Adam Frazier,28.0,2020,15223,RF,outfield,-10.799999999999999,
Adam Frazier,29.0,2021,15223,RF,outfield,-11.399999999999999,
Adam Frazier,30.0,2022,15223,RF,outfield,-12.0,
Adam Frazier,31.0,2023,15223,RF,outfield,-12.6,
Adam Frazier,32.0,2024,15223,RF,outfield,-13.8,
Adam Frazier,33.0,2025,15223,RF,outfield,-15.0,
Adam Frazier,34.0,2026,15223,RF,outfield,-16.2,
Adam Frazier,35.0,2027,15223,RF,outfield,-17.4,
Adam Frazier,36.0,2028,15223,RF,outfield,-18.6,
Adam Frazier,37.0,2029,15223,RF,outfield,-19.799999999999997,
Adam Frazier,38.0,2030,15223,RF,outfield,-21.0,
Adam Frazier,39.0,2031,15223,RF,outfield,-22.199999999999996,
Kris Bryant,25.0,2017,15429,1B,infield,30.5,
Kris Bryant,26.0,2018,15429,1B,infield,30.5,
Kris Bryant,27.0,2019,15429,1B,infield,29.9,
Kris Bryant,28.0,2020,15429,1B,infield,29.3,
Kris Bryant,29.0,2021,15429,1B,infield,28.7,
Kris Bryant,30.0,2022,15429,1B,infield,28.1,
Kris Bryant,31.0,2023,15429,1B,infield,27.5,
Kris Bryant,32.0,2024,15429,1B,infield,26.3,
Kris Bryant,33.0,2025,15429,1B,infield,25.1,
Kris Bryant,34.0,2026,15429,1B,infield,23.9,
Kris Bryant,35.0,2027,15429,1B,infield,22.7,
Kris Bryant,36.0,2028,15429,1B,infield,21.5,
Kris Bryant,37.0,2029,15429,1B,infield,20.3,
Kris Bryant,38.0,2030,15429,1B,infield,19.1,
Kris Bryant,39.0,2031,15429,1B,infield,17.900000000000002,
Kris Bryant,25.0,2017,15429,3B,infield,3.766666666666667,
Kris Bryant,26.0,2018,15429,3B,infield,3.766666666666667,
Kris Bryant,27.0,2019,15429,3B,infield,3.166666666666667,
Kris Bryant,28.0,2020,15429,3B,infield,2.5666666666666673,
Kris Bryant,29.0,2021,15429,3B,infield,1.9666666666666672,
Kris Bryant,30.0,2022,15429,3B,infield,1.3666666666666671,
Kris Bryant,31.0,2023,15429,3B,infield,0.766666666666667,
Kris Bryant,32.0,2024,15429,3B,infield,-0.4333333333333331,
Kris Bryant,33.0,2025,15429,3B,infield,-1.6333333333333333,
Kris Bryant,34.0,2026,15429,3B,infield,-2.8333333333333335,
Kris Bryant,35.0,2027,15429,3B,infield,-4.033333333333333,
Kris Bryant,36.0,2028,15429,3B,infield,-5.2333333333333325,
Kris Bryant,37.0,2029,15429,3B,infield,-6.433333333333332,
Kris Bryant,38.0,2030,15429,3B,infield,-7.633333333333331,
Kris Bryant,39.0,2031,15429,3B,infield,-8.83333333333333,
Kris Bryant,25.0,2017,15429,LF,outfield,13.1,
Kris Bryant,26.0,2018,15429,LF,outfield,13.1,
Kris Bryant,27.0,2019,15429,LF,outfield,12.5,
Kris Bryant,28.0,2020,15429,LF,outfield,11.9,
Kris Bryant,29.0,2021,15429,LF,outfield,11.3,
Kris Bryant,30.0,2022,15429,LF,outfield,10.7,
Kris Bryant,31.0,2023,15429,LF,outfield,10.1,
Kris Bryant,32.0,2024,15429,LF,outfield,8.899999999999999,
Kris Bryant,33.0,2025,15429,LF,outfield,7.699999999999999,
Kris Bryant,34.0,2026,15429,LF,outfield,6.499999999999999,
Kris Bryant,35.0,2027,15429,LF,outfield,5.299999999999999,
Kris Bryant,36.0,2028,15429,LF,outfield,4.1,
Kris Bryant,37.0,2029,15429,LF,outfield,2.9000000000000004,
Kris Bryant,38.0,2030,15429,LF,outfield,1.700000000000001,
Kris Bryant,39.0,2031,15429,LF,outfield,0.5000000000000018,
Kris Bryant,25.0,2017,15429,RF,outfield,4.1,
Kris Bryant,26.0,2018,15429,RF,outfield,4.1,
Kris Bryant,27.0,2019,15429,RF,outfield,3.4999999999999996,
Kris Bryant,28.0,2020,15429,RF,outfield,2.8999999999999995,
Kris Bryant,29.0,2021,15429,RF,outfield,2.3,
Kris Bryant,30.0,2022,15429,RF,outfield,1.6999999999999997,
Kris Bryant,31.0,2023,15429,RF,outfield,1.0999999999999996,
Kris Bryant,32.0,2024,15429,RF,outfield,-0.10000000000000053,
Kris Bryant,33.0,2025,15429,RF,outfield,-1.3000000000000007,
Kris Bryant,34.0,2026,15429,RF,outfield,-2.500000000000001,
Kris Bryant,35.0,2027,15429,RF,outfield,-3.700000000000001,
Kris Bryant,36.0,2028,15429,RF,outfield,-4.9,
Kris Bryant,37.0,2029,15429,RF,outfield,-6.1,
Kris Bryant,38.0,2030,15429,RF,outfield,-7.299999999999999,
Kris Bryant,39.0,2031,15429,RF,outfield,-8.499999999999998,
Ryon Healy,25.0,2017,15447,3B,infield,-9.7,
Ryon Healy,26.0,2018,15447,3B,infield,-9.7,
Ryon Healy,27.0,2019,15447,3B,infield,-10.299999999999999,
Ryon Healy,28.0,2020,15447,3B,infield,-10.899999999999999,
Ryon Healy,29.0,2021,15447,3B,infield,-11.5,
Ryon Healy,30.0,2022,15447,3B,infield,-12.1,
Ryon Healy,31.0,2023,15447,3B,infield,-12.7,
Ryon Healy,32.0,2024,15447,3B,infield,-13.899999999999999,
Ryon Healy,33.0,2025,15447,3B,infield,-15.1,
Ryon Healy,34.0,2026,15447,3B,infield,-16.3,
Ryon Healy,35.0,2027,15447,3B,infield,-17.5,
Ryon Healy,36.0,2028,15447,3B,infield,-18.7,
Ryon Healy,37.0,2029,15447,3B,infield,-19.9,
Ryon Healy,38.0,2030,15447,3B,infield,-21.099999999999998,
Ryon Healy,39.0,2031,15447,3B,infield,-22.299999999999997,
Daniel Castro,24.0,2017,15450,2B,infield,8.266666666666666,
Daniel Castro,25.0,2018,15450,2B,infield,8.266666666666666,
Daniel Castro,26.0,2019,15450,2B,infield,8.266666666666666,
Daniel Castro,27.0,2020,15450,2B,infield,7.666666666666666,
Daniel Castro,28.0,2021,15450,2B,infield,7.0666666666666655,
Daniel Castro,29.0,2022,15450,2B,infield,6.466666666666666,
Daniel Castro,30.0,2023,15450,2B,infield,5.866666666666665,
Daniel Castro,31.0,2024,15450,2B,infield,5.266666666666666,
Daniel Castro,32.0,2025,15450,2B,infield,4.0666666666666655,
Daniel Castro,33.0,2026,15450,2B,infield,2.8666666666666654,
Daniel Castro,34.0,2027,15450,2B,infield,1.6666666666666652,
Daniel Castro,35.0,2028,15450,2B,infield,0.466666666666665,
Daniel Castro,36.0,2029,15450,2B,infield,-0.7333333333333343,
Daniel Castro,37.0,2030,15450,2B,infield,-1.9333333333333336,
Daniel Castro,38.0,2031,15450,2B,infield,-3.133333333333333,
Daniel Castro,24.0,2017,15450,3B,infield,28.8,
Daniel Castro,25.0,2018,15450,3B,infield,28.8,
Daniel Castro,26.0,2019,15450,3B,infield,28.8,
Daniel Castro,27.0,2020,15450,3B,infield,28.2,
Daniel Castro,28.0,2021,15450,3B,infield,27.6,
Daniel Castro,29.0,2022,15450,3B,infield,27.0,
Daniel Castro,30.0,2023,15450,3B,infield,26.400000000000002,
Daniel Castro,31.0,2024,15450,3B,infield,25.8,
Daniel Castro,32.0,2025,15450,3B,infield,24.6,
Daniel Castro,33.0,2026,15450,3B,infield,23.4,
Daniel Castro,34.0,2027,15450,3B,infield,22.2,
Daniel Castro,35.0,2028,15450,3B,infield,21.0,
Daniel Castro,36.0,2029,15450,3B,infield,19.8,
Daniel Castro,37.0,2030,15450,3B,infield,18.6,
Daniel Castro,38.0,2031,15450,3B,infield,17.400000000000002,
Daniel Castro,24.0,2017,15450,SS,infield,9.666666666666666,
Daniel Castro,25.0,2018,15450,SS,infield,9.666666666666666,
Daniel Castro,26.0,2019,15450,SS,infield,9.666666666666666,
Daniel Castro,27.0,2020,15450,SS,infield,9.066666666666666,
Daniel Castro,28.0,2021,15450,SS,infield,8.466666666666667,
Daniel Castro,29.0,2022,15450,SS,infield,7.866666666666666,
Daniel Castro,30.0,2023,15450,SS,infield,7.266666666666666,
Daniel Castro,31.0,2024,15450,SS,infield,6.666666666666666,
Daniel Castro,32.0,2025,15450,SS,infield,5.466666666666666,
Daniel Castro,33.0,2026,15450,SS,infield,4.266666666666666,
Daniel Castro,34.0,2027,15450,SS,infield,3.0666666666666655,
Daniel Castro,35.0,2028,15450,SS,infield,1.8666666666666654,
Daniel Castro,36.0,2029,15450,SS,infield,0.6666666666666661,
Daniel Castro,37.0,2030,15450,SS,infield,-0.5333333333333332,
Daniel Castro,38.0,2031,15450,SS,infield,-1.7333333333333325,
Hunter Renfroe,25.0,2017,15464,RF,outfield,-18.1,
Hunter Renfroe,26.0,2018,15464,RF,outfield,-18.1,
Hunter Renfroe,27.0,2019,15464,RF,outfield,-18.700000000000003,
Hunter Renfroe,28.0,2020,15464,RF,outfield,-19.3,
Hunter Renfroe,29.0,2021,15464,RF,outfield,-19.900000000000002,
Hunter Renfroe,30.0,2022,15464,RF,outfield,-20.5,
Hunter Renfroe,31.0,2023,15464,RF,outfield,-21.1,
Hunter Renfroe,32.0,2024,15464,RF,outfield,-22.3,
Hunter Renfroe,33.0,2025,15464,RF,outfield,-23.5,
Hunter Renfroe,34.0,2026,15464,RF,outfield,-24.700000000000003,
Hunter Renfroe,35.0,2027,15464,RF,outfield,-25.900000000000002,
Hunter Renfroe,36.0,2028,15464,RF,outfield,-27.1,
Hunter Renfroe,37.0,2029,15464,RF,outfield,-28.3,
Hunter Renfroe,38.0,2030,15464,RF,outfield,-29.5,
Hunter Renfroe,39.0,2031,15464,RF,outfield,-30.7,
Tyler White,26.0,2017,15564,1B,infield,-0.4,
Tyler White,27.0,2018,15564,1B,infield,-1.0,
Tyler White,28.0,2019,15564,1B,infield,-1.6,
Tyler White,29.0,2020,15564,1B,infield,-2.1999999999999997,
Tyler White,30.0,2021,15564,1B,infield,-2.8,
Tyler White,31.0,2022,15564,1B,infield,-3.4,
Tyler White,32.0,2023,15564,1B,infield,-4.6000000000000005,
Tyler White,33.0,2024,15564,1B,infield,-5.800000000000001,
Tyler White,34.0,2025,15564,1B,infield,-7.000000000000001,
Tyler White,35.0,2026,15564,1B,infield,-8.200000000000001,
Tyler White,36.0,2027,15564,1B,infield,-9.4,
Tyler White,37.0,2028,15564,1B,infield,-10.6,
Tyler White,38.0,2029,15564,1B,infield,-11.799999999999999,
Tyler White,39.0,2030,15564,1B,infield,-12.999999999999998,
Tyler White,40.0,2031,15564,1B,infield,-14.199999999999998,
Dariel Alvarez,27.0,2017,15580,RF,outfield,19.299999999999997,
Dariel Alvarez,28.0,2018,15580,RF,outfield,18.7,
Dariel Alvarez,29.0,2019,15580,RF,outfield,18.099999999999998,
Dariel Alvarez,30.0,2020,15580,RF,outfield,17.5,
Dariel Alvarez,31.0,2021,15580,RF,outfield,16.9,
Dariel Alvarez,32.0,2022,15580,RF,outfield,15.7,
Dariel Alvarez,33.0,2023,15580,RF,outfield,14.499999999999998,
Dariel Alvarez,34.0,2024,15580,RF,outfield,13.299999999999997,
Dariel Alvarez,35.0,2025,15580,RF,outfield,12.099999999999998,
Dariel Alvarez,36.0,2026,15580,RF,outfield,10.899999999999999,
Dariel Alvarez,37.0,2027,15580,RF,outfield,9.7,
Dariel Alvarez,38.0,2028,15580,RF,outfield,8.5,
Dariel Alvarez,39.0,2029,15580,RF,outfield,7.300000000000001,
Dariel Alvarez,40.0,2030,15580,RF,outfield,6.100000000000001,
Dariel Alvarez,41.0,2031,15580,RF,outfield,4.900000000000002,
Aaron Judge,25.0,2017,15640,RF,outfield,5.5,
Aaron Judge,26.0,2018,15640,RF,outfield,5.5,
Aaron Judge,27.0,2019,15640,RF,outfield,4.9,
Aaron Judge,28.0,2020,15640,RF,outfield,4.3,
Aaron Judge,29.0,2021,15640,RF,outfield,3.7,
Aaron Judge,30.0,2022,15640,RF,outfield,3.1,
Aaron Judge,31.0,2023,15640,RF,outfield,2.5,
Aaron Judge,32.0,2024,15640,RF,outfield,1.2999999999999998,
Aaron Judge,33.0,2025,15640,RF,outfield,0.09999999999999964,
Aaron Judge,34.0,2026,15640,RF,outfield,-1.1000000000000005,
Aaron Judge,35.0,2027,15640,RF,outfield,-2.3000000000000007,
Aaron Judge,36.0,2028,15640,RF,outfield,-3.5,
Aaron Judge,37.0,2029,15640,RF,outfield,-4.699999999999999,
Aaron Judge,38.0,2030,15640,RF,outfield,-5.899999999999999,
Aaron Judge,39.0,2031,15640,RF,outfield,-7.099999999999998,
Alex Guerrero,29.0,2017,15670,3B,infield,7.2,
Alex Guerrero,30.0,2018,15670,3B,infield,6.6,
Alex Guerrero,31.0,2019,15670,3B,infield,6.0,
Alex Guerrero,32.0,2020,15670,3B,infield,4.8,
Alex Guerrero,33.0,2021,15670,3B,infield,3.5999999999999996,
Alex Guerrero,34.0,2022,15670,3B,infield,2.3999999999999995,
Alex Guerrero,35.0,2023,15670,3B,infield,1.1999999999999993,
Alex Guerrero,36.0,2024,15670,3B,infield,-8.881784197001252e-16,
Alex Guerrero,37.0,2025,15670,3B,infield,-1.2000000000000002,
Alex Guerrero,38.0,2026,15670,3B,infield,-2.3999999999999995,
Alex Guerrero,39.0,2027,15670,3B,infield,-3.5999999999999988,
Alex Guerrero,40.0,2028,15670,3B,infield,-4.799999999999998,
Alex Guerrero,41.0,2029,15670,3B,infield,-5.999999999999997,
Alex Guerrero,42.0,2030,15670,3B,infield,-7.199999999999997,
Alex Guerrero,29.0,2017,15670,LF,outfield,-15.9,
Alex Guerrero,30.0,2018,15670,LF,outfield,-16.5,
Alex Guerrero,31.0,2019,15670,LF,outfield,-17.1,
Alex Guerrero,32.0,2020,15670,LF,outfield,-18.3,
Alex Guerrero,33.0,2021,15670,LF,outfield,-19.5,
Alex Guerrero,34.0,2022,15670,LF,outfield,-20.700000000000003,
Alex Guerrero,35.0,2023,15670,LF,outfield,-21.900000000000002,
Alex Guerrero,36.0,2024,15670,LF,outfield,-23.1,
Alex Guerrero,37.0,2025,15670,LF,outfield,-24.3,
Alex Guerrero,38.0,2026,15670,LF,outfield,-25.5,
Alex Guerrero,39.0,2027,15670,LF,outfield,-26.7,
Alex Guerrero,40.0,2028,15670,LF,outfield,-27.9,
Alex Guerrero,41.0,2029,15670,LF,outfield,-29.099999999999998,
Alex Guerrero,42.0,2030,15670,LF,outfield,-30.299999999999997,
Jose Abreu,30.0,2017,15676,1B,infield,-3.7166666666666672,
Jose Abreu,31.0,2018,15676,1B,infield,-4.316666666666667,
Jose Abreu,32.0,2019,15676,1B,infield,-5.5166666666666675,
Jose Abreu,33.0,2020,15676,1B,infield,-6.716666666666667,
Jose Abreu,34.0,2021,15676,1B,infield,-7.916666666666667,
Jose Abreu,35.0,2022,15676,1B,infield,-9.116666666666667,
Jose Abreu,36.0,2023,15676,1B,infield,-10.316666666666666,
Jose Abreu,37.0,2024,15676,1B,infield,-11.516666666666667,
Jose Abreu,38.0,2025,15676,1B,infield,-12.716666666666667,
Jose Abreu,39.0,2026,15676,1B,infield,-13.916666666666666,
Jose Abreu,40.0,2027,15676,1B,infield,-15.116666666666665,
Jose Abreu,41.0,2028,15676,1B,infield,-16.316666666666663,
Jose Abreu,42.0,2029,15676,1B,infield,-17.516666666666666,
Erisbel Arruebarrena,25.0,2017,15809,SS,infield,-31.2,
Erisbel Arruebarrena,26.0,2018,15809,SS,infield,-31.2,
Erisbel Arruebarrena,27.0,2019,15809,SS,infield,-31.8,
Erisbel Arruebarrena,28.0,2020,15809,SS,infield,-32.4,
Erisbel Arruebarrena,29.0,2021,15809,SS,infield,-33.0,
Erisbel Arruebarrena,30.0,2022,15809,SS,infield,-33.6,
Erisbel Arruebarrena,31.0,2023,15809,SS,infield,-34.2,
Erisbel Arruebarrena,32.0,2024,15809,SS,infield,-35.4,
Erisbel Arruebarrena,33.0,2025,15809,SS,infield,-36.6,
Erisbel Arruebarrena,34.0,2026,15809,SS,infield,-37.8,
Erisbel Arruebarrena,35.0,2027,15809,SS,infield,-39.0,
Erisbel Arruebarrena,36.0,2028,15809,SS,infield,-40.2,
Erisbel Arruebarrena,37.0,2029,15809,SS,infield,-41.4,
Erisbel Arruebarrena,38.0,2030,15809,SS,infield,-42.599999999999994,
Erisbel Arruebarrena,39.0,2031,15809,SS,infield,-43.8,
Aledmys Diaz,26.0,2017,15937,SS,infield,-12.1,
Aledmys Diaz,27.0,2018,15937,SS,infield,-12.7,
Aledmys Diaz,28.0,2019,15937,SS,infield,-13.299999999999999,
Aledmys Diaz,29.0,2020,15937,SS,infield,-13.899999999999999,
Aledmys Diaz,30.0,2021,15937,SS,infield,-14.5,
Aledmys Diaz,31.0,2022,15937,SS,infield,-15.1,
Aledmys Diaz,32.0,2023,15937,SS,infield,-16.3,
Aledmys Diaz,33.0,2024,15937,SS,infield,-17.5,
Aledmys Diaz,34.0,2025,15937,SS,infield,-18.7,
Aledmys Diaz,35.0,2026,15937,SS,infield,-19.9,
Aledmys Diaz,36.0,2027,15937,SS,infield,-21.1,
Aledmys Diaz,37.0,2028,15937,SS,infield,-22.299999999999997,
Aledmys Diaz,38.0,2029,15937,SS,infield,-23.5,
Aledmys Diaz,39.0,2030,15937,SS,infield,-24.699999999999996,
Aledmys Diaz,40.0,2031,15937,SS,infield,-25.9,
A.J. Reed,24.0,2017,16246,1B,infield,-6.7,
A.J. Reed,25.0,2018,16246,1B,infield,-6.7,
A.J. Reed,26.0,2019,16246,1B,infield,-6.7,
A.J. Reed,27.0,2020,16246,1B,infield,-7.3,
A.J. Reed,28.0,2021,16246,1B,infield,-7.9,
A.J. Reed,29.0,2022,16246,1B,infield,-8.5,
A.J. Reed,30.0,2023,16246,1B,infield,-9.1,
A.J. Reed,31.0,2024,16246,1B,infield,-9.7,
A.J. Reed,32.0,2025,16246,1B,infield,-10.9,
A.J. Reed,33.0,2026,16246,1B,infield,-12.100000000000001,
A.J. Reed,34.0,2027,16246,1B,infield,-13.3,
A.J. Reed,35.0,2028,16246,1B,infield,-14.5,
A.J. Reed,36.0,2029,16246,1B,infield,-15.7,
A.J. Reed,37.0,2030,16246,1B,infield,-16.9,
A.J. Reed,38.0,2031,16246,1B,infield,-18.099999999999998,
Trea Turner,24.0,2017,16252,2B,infield,6.166666666666667,
Trea Turner,25.0,2018,16252,2B,infield,6.166666666666667,
Trea Turner,26.0,2019,16252,2B,infield,6.166666666666667,
Trea Turner,27.0,2020,16252,2B,infield,5.566666666666667,
Trea Turner,28.0,2021,16252,2B,infield,4.966666666666667,
Trea Turner,29.0,2022,16252,2B,infield,4.366666666666667,
Trea Turner,30.0,2023,16252,2B,infield,3.766666666666667,
Trea Turner,31.0,2024,16252,2B,infield,3.166666666666667,
Trea Turner,32.0,2025,16252,2B,infield,1.9666666666666668,
Trea Turner,33.0,2026,16252,2B,infield,0.7666666666666666,
Trea Turner,34.0,2027,16252,2B,infield,-0.43333333333333357,
Trea Turner,35.0,2028,16252,2B,infield,-1.6333333333333337,
Trea Turner,36.0,2029,16252,2B,infield,-2.833333333333333,
Trea Turner,37.0,2030,16252,2B,infield,-4.033333333333332,
Trea Turner,38.0,2031,16252,2B,infield,-5.233333333333332,
Trea Turner,24.0,2017,16252,CF,outfield,-13.7,
Trea Turner,25.0,2018,16252,CF,outfield,-13.7,
Trea Turner,26.0,2019,16252,CF,outfield,-13.7,
Trea Turner,27.0,2020,16252,CF,outfield,-14.299999999999999,
Trea Turner,28.0,2021,16252,CF,outfield,-14.899999999999999,
Trea Turner,29.0,2022,16252,CF,outfield,-15.5,
Trea Turner,30.0,2023,16252,CF,outfield,-16.099999999999998,
Trea Turner,31.0,2024,16252,CF,outfield,-16.7,
Trea Turner,32.0,2025,16252,CF,outfield,-17.9,
Trea Turner,33.0,2026,16252,CF,outfield,-19.1,
Trea Turner,34.0,2027,16252,CF,outfield,-20.3,
Trea Turner,35.0,2028,16252,CF,outfield,-21.5,
Trea Turner,36.0,2029,16252,CF,outfield,-22.7,
Trea Turner,37.0,2030,16252,CF,outfield,-23.9,
Trea Turner,38.0,2031,16252,CF,outfield,-25.099999999999998,
Michael Conforto,24.0,2017,16376,LF,outfield,7.233333333333333,
Michael Conforto,25.0,2018,16376,LF,outfield,7.233333333333333,
Michael Conforto,26.0,2019,16376,LF,outfield,7.233333333333333,
Michael Conforto,27.0,2020,16376,LF,outfield,6.633333333333334,
Michael Conforto,28.0,2021,16376,LF,outfield,6.033333333333333,
Michael Conforto,29.0,2022,16376,LF,outfield,5.433333333333334,
Michael Conforto,30.0,2023,16376,LF,outfield,4.833333333333334,
Michael Conforto,31.0,2024,16376,LF,outfield,4.233333333333333,
Michael Conforto,32.0,2025,16376,LF,outfield,3.033333333333333,
Michael Conforto,33.0,2026,16376,LF,outfield,1.833333333333333,
Michael Conforto,34.0,2027,16376,LF,outfield,0.6333333333333329,
Michael Conforto,35.0,2028,16376,LF,outfield,-0.5666666666666673,
Michael Conforto,36.0,2029,16376,LF,outfield,-1.7666666666666666,
Michael Conforto,37.0,2030,16376,LF,outfield,-2.966666666666666,
Michael Conforto,38.0,2031,16376,LF,outfield,-4.166666666666665,
Kyle Schwarber,23.0,2017,16478,C,catcher,,-39.705882352941174
Kyle Schwarber,24.0,2018,16478,C,catcher,,-39.705882352941174
Kyle Schwarber,25.0,2019,16478,C,catcher,,-39.705882352941174
Kyle Schwarber,26.0,2020,16478,C,catcher,,-39.705882352941174
Kyle Schwarber,27.0,2021,16478,C,catcher,,-40.305882352941175
Kyle Schwarber,28.0,2022,16478,C,catcher,,-40.90588235294118
Kyle Schwarber,29.0,2023,16478,C,catcher,,-41.50588235294117
Kyle Schwarber,30.0,2024,16478,C,catcher,,-42.10588235294117
Kyle Schwarber,31.0,2025,16478,C,catcher,,-42.705882352941174
Kyle Schwarber,32.0,2026,16478,C,catcher,,-43.90588235294118
Kyle Schwarber,33.0,2027,16478,C,catcher,,-45.10588235294117
Kyle Schwarber,34.0,2028,16478,C,catcher,,-46.305882352941175
Kyle Schwarber,35.0,2029,16478,C,catcher,,-47.50588235294117
Kyle Schwarber,36.0,2030,16478,C,catcher,,-48.705882352941174
Kyle Schwarber,37.0,2031,16478,C,catcher,,-49.90588235294118
Kyle Schwarber,23.0,2017,16478,LF,outfield,1.4,
Kyle Schwarber,24.0,2018,16478,LF,outfield,1.4,
Kyle Schwarber,25.0,2019,16478,LF,outfield,1.4,
Kyle Schwarber,26.0,2020,16478,LF,outfield,1.4,
Kyle Schwarber,27.0,2021,16478,LF,outfield,0.7999999999999999,
Kyle Schwarber,28.0,2022,16478,LF,outfield,0.19999999999999996,
Kyle Schwarber,29.0,2023,16478,LF,outfield,-0.3999999999999999,
Kyle Schwarber,30.0,2024,16478,LF,outfield,-1.0,
Kyle Schwarber,31.0,2025,16478,LF,outfield,-1.6,
Kyle Schwarber,32.0,2026,16478,LF,outfield,-2.8000000000000003,
Kyle Schwarber,33.0,2027,16478,LF,outfield,-4.0,
Kyle Schwarber,34.0,2028,16478,LF,outfield,-5.200000000000001,
Kyle Schwarber,35.0,2029,16478,LF,outfield,-6.4,
Kyle Schwarber,36.0,2030,16478,LF,outfield,-7.6,
Kyle Schwarber,37.0,2031,16478,LF,outfield,-8.799999999999999,
Colin Moran,24.0,2017,16909,3B,infield,-4.5,
Colin Moran,25.0,2018,16909,3B,infield,-4.5,
Colin Moran,26.0,2019,16909,3B,infield,-4.5,
Colin Moran,27.0,2020,16909,3B,infield,-5.1,
Colin Moran,28.0,2021,16909,3B,infield,-5.7,
Colin Moran,29.0,2022,16909,3B,infield,-6.3,
Colin Moran,30.0,2023,16909,3B,infield,-6.9,
Colin Moran,31.0,2024,16909,3B,infield,-7.5,
Colin Moran,32.0,2025,16909,3B,infield,-8.7,
Colin Moran,33.0,2026,16909,3B,infield,-9.9,
Colin Moran,34.0,2027,16909,3B,infield,-11.100000000000001,
Colin Moran,35.0,2028,16909,3B,infield,-12.3,
Colin Moran,36.0,2029,16909,3B,infield,-13.5,
Colin Moran,37.0,2030,16909,3B,infield,-14.7,
Colin Moran,38.0,2031,16909,3B,infield,-15.899999999999999,
Rusney Castillo,27.0,2017,17016,CF,outfield,24.299999999999997,
Rusney Castillo,28.0,2018,17016,CF,outfield,23.7,
Rusney Castillo,29.0,2019,17016,CF,outfield,23.099999999999998,
Rusney Castillo,30.0,2020,17016,CF,outfield,22.5,
Rusney Castillo,31.0,2021,17016,CF,outfield,21.9,
Rusney Castillo,32.0,2022,17016,CF,outfield,20.7,
Rusney Castillo,33.0,2023,17016,CF,outfield,19.5,
Rusney Castillo,34.0,2024,17016,CF,outfield,18.299999999999997,
Rusney Castillo,35.0,2025,17016,CF,outfield,17.099999999999998,
Rusney Castillo,36.0,2026,17016,CF,outfield,15.899999999999999,
Rusney Castillo,37.0,2027,17016,CF,outfield,14.7,
Rusney Castillo,38.0,2028,17016,CF,outfield,13.5,
Rusney Castillo,39.0,2029,17016,CF,outfield,12.3,
Rusney Castillo,40.0,2030,17016,CF,outfield,11.100000000000001,
Rusney Castillo,41.0,2031,17016,CF,outfield,9.900000000000002,
Rusney Castillo,28.0,2017,17016,LF,outfield,27.099999999999998,
Rusney Castillo,29.0,2018,17016,LF,outfield,26.5,
Rusney Castillo,30.0,2019,17016,LF,outfield,25.9,
Rusney Castillo,31.0,2020,17016,LF,outfield,25.3,
Rusney Castillo,32.0,2021,17016,LF,outfield,24.1,
Rusney Castillo,33.0,2022,17016,LF,outfield,22.9,
Rusney Castillo,34.0,2023,17016,LF,outfield,21.7,
Rusney Castillo,35.0,2024,17016,LF,outfield,20.5,
Rusney Castillo,36.0,2025,17016,LF,outfield,19.299999999999997,
Rusney Castillo,37.0,2026,17016,LF,outfield,18.1,
Rusney Castillo,38.0,2027,17016,LF,outfield,16.9,
Rusney Castillo,39.0,2028,17016,LF,outfield,15.700000000000001,
Rusney Castillo,40.0,2029,17016,LF,outfield,14.500000000000002,
Rusney Castillo,41.0,2030,17016,LF,outfield,13.300000000000002,
Rusney Castillo,42.0,2031,17016,LF,outfield,12.100000000000003,
Rusney Castillo,28.0,2017,17016,RF,outfield,10.200000000000001,
Rusney Castillo,29.0,2018,17016,RF,outfield,9.600000000000001,
Rusney Castillo,30.0,2019,17016,RF,outfield,9.0,
Rusney Castillo,31.0,2020,17016,RF,outfield,8.4,
Rusney Castillo,32.0,2021,17016,RF,outfield,7.200000000000001,
Rusney Castillo,33.0,2022,17016,RF,outfield,6.000000000000001,
Rusney Castillo,34.0,2023,17016,RF,outfield,4.800000000000001,
Rusney Castillo,35.0,2024,17016,RF,outfield,3.6000000000000005,
Rusney Castillo,36.0,2025,17016,RF,outfield,2.4000000000000004,
Rusney Castillo,37.0,2026,17016,RF,outfield,1.200000000000001,
Rusney Castillo,38.0,2027,17016,RF,outfield,1.7763568394002505e-15,
Rusney Castillo,39.0,2028,17016,RF,outfield,-1.1999999999999975,
Rusney Castillo,40.0,2029,17016,RF,outfield,-2.399999999999997,
Rusney Castillo,41.0,2030,17016,RF,outfield,-3.599999999999996,
Rusney Castillo,42.0,2031,17016,RF,outfield,-4.799999999999995,
Yasmany Tomas,25.0,2017,17171,3B,infield,-24.0,
Yasmany Tomas,26.0,2018,17171,3B,infield,-24.0,
Yasmany Tomas,27.0,2019,17171,3B,infield,-24.6,
Yasmany Tomas,28.0,2020,17171,3B,infield,-25.2,
Yasmany Tomas,29.0,2021,17171,3B,infield,-25.8,
Yasmany Tomas,30.0,2022,17171,3B,infield,-26.4,
Yasmany Tomas,31.0,2023,17171,3B,infield,-27.0,
Yasmany Tomas,32.0,2024,17171,3B,infield,-28.2,
Yasmany Tomas,33.0,2025,17171,3B,infield,-29.4,
Yasmany Tomas,34.0,2026,17171,3B,infield,-30.6,
Yasmany Tomas,35.0,2027,17171,3B,infield,-31.8,
Yasmany Tomas,36.0,2028,17171,3B,infield,-33.0,
Yasmany Tomas,37.0,2029,17171,3B,infield,-34.2,
Yasmany Tomas,38.0,2030,17171,3B,infield,-35.4,
Yasmany Tomas,39.0,2031,17171,3B,infield,-36.599999999999994,
Yasmany Tomas,26.0,2017,17171,LF,outfield,-8.7,
Yasmany Tomas,27.0,2018,17171,LF,outfield,-9.299999999999999,
Yasmany Tomas,28.0,2019,17171,LF,outfield,-9.899999999999999,
Yasmany Tomas,29.0,2020,17171,LF,outfield,-10.5,
Yasmany Tomas,30.0,2021,17171,LF,outfield,-11.1,
Yasmany Tomas,31.0,2022,17171,LF,outfield,-11.7,
Yasmany Tomas,32.0,2023,17171,LF,outfield,-12.899999999999999,
Yasmany Tomas,33.0,2024,17171,LF,outfield,-14.1,
Yasmany Tomas,34.0,2025,17171,LF,outfield,-15.3,
Yasmany Tomas,35.0,2026,17171,LF,outfield,-16.5,
Yasmany Tomas,36.0,2027,17171,LF,outfield,-17.7,
Yasmany Tomas,37.0,2028,17171,LF,outfield,-18.9,
Yasmany Tomas,38.0,2029,17171,LF,outfield,-20.099999999999998,
Yasmany Tomas,39.0,2030,17171,LF,outfield,-21.299999999999997,
Yasmany Tomas,40.0,2031,17171,LF,outfield,-22.499999999999996,
Yasmany Tomas,26.0,2017,17171,RF,outfield,-10.1,
Yasmany Tomas,27.0,2018,17171,RF,outfield,-10.7,
Yasmany Tomas,28.0,2019,17171,RF,outfield,-11.299999999999999,
Yasmany Tomas,29.0,2020,17171,RF,outfield,-11.899999999999999,
Yasmany Tomas,30.0,2021,17171,RF,outfield,-12.5,
Yasmany Tomas,31.0,2022,17171,RF,outfield,-13.1,
Yasmany Tomas,32.0,2023,17171,RF,outfield,-14.3,
Yasmany Tomas,33.0,2024,17171,RF,outfield,-15.5,
Yasmany Tomas,34.0,2025,17171,RF,outfield,-16.7,
Yasmany Tomas,35.0,2026,17171,RF,outfield,-17.9,
Yasmany Tomas,36.0,2027,17171,RF,outfield,-19.1,
Yasmany Tomas,37.0,2028,17171,RF,outfield,-20.299999999999997,
Yasmany Tomas,38.0,2029,17171,RF,outfield,-21.5,
Yasmany Tomas,39.0,2030,17171,RF,outfield,-22.699999999999996,
Yasmany Tomas,40.0,2031,17171,RF,outfield,-23.9,
Jung Ho Kang,30.0,2017,17182,3B,infield,-3.6333333333333333,
Jung Ho Kang,31.0,2018,17182,3B,infield,-4.233333333333333,
Jung Ho Kang,32.0,2019,17182,3B,infield,-5.433333333333334,
Jung Ho Kang,33.0,2020,17182,3B,infield,-6.633333333333333,
Jung Ho Kang,34.0,2021,17182,3B,infield,-7.833333333333333,
Jung Ho Kang,35.0,2022,17182,3B,infield,-9.033333333333333,
Jung Ho Kang,36.0,2023,17182,3B,infield,-10.233333333333334,
Jung Ho Kang,37.0,2024,17182,3B,infield,-11.433333333333334,
Jung Ho Kang,38.0,2025,17182,3B,infield,-12.633333333333333,
Jung Ho Kang,39.0,2026,17182,3B,infield,-13.833333333333332,
Jung Ho Kang,40.0,2027,17182,3B,infield,-15.033333333333331,
Jung Ho Kang,41.0,2028,17182,3B,infield,-16.23333333333333,
Jung Ho Kang,42.0,2029,17182,3B,infield,-17.43333333333333,
Jung Ho Kang,29.0,2017,17182,SS,infield,-8.0,
Jung Ho Kang,30.0,2018,17182,SS,infield,-8.6,
Jung Ho Kang,31.0,2019,17182,SS,infield,-9.2,
Jung Ho Kang,32.0,2020,17182,SS,infield,-10.4,
Jung Ho Kang,33.0,2021,17182,SS,infield,-11.600000000000001,
Jung Ho Kang,34.0,2022,17182,SS,infield,-12.8,
Jung Ho Kang,35.0,2023,17182,SS,infield,-14.0,
Jung Ho Kang,36.0,2024,17182,SS,infield,-15.200000000000001,
Jung Ho Kang,37.0,2025,17182,SS,infield,-16.4,
Jung Ho Kang,38.0,2026,17182,SS,infield,-17.6,
Jung Ho Kang,39.0,2027,17182,SS,infield,-18.799999999999997,
Jung Ho Kang,40.0,2028,17182,SS,infield,-20.0,
Jung Ho Kang,41.0,2029,17182,SS,infield,-21.199999999999996,
Jung Ho Kang,42.0,2030,17182,SS,infield,-22.4,
Hector Olivera,31.0,2017,17528,3B,infield,-33.2,
Hector Olivera,32.0,2018,17528,3B,infield,-34.4,
Hector Olivera,33.0,2019,17528,3B,infield,-35.6,
Hector Olivera,34.0,2020,17528,3B,infield,-36.800000000000004,
Hector Olivera,35.0,2021,17528,3B,infield,-38.0,
Hector Olivera,36.0,2022,17528,3B,infield,-39.2,
Hector Olivera,37.0,2023,17528,3B,infield,-40.400000000000006,
Hector Olivera,38.0,2024,17528,3B,infield,-41.6,
Hector Olivera,39.0,2025,17528,3B,infield,-42.8,
Hector Olivera,40.0,2026,17528,3B,infield,-44.0,
Hector Olivera,41.0,2027,17528,3B,infield,-45.2,
Hector Olivera,42.0,2028,17528,3B,infield,-46.4,
Alex Bregman,23.0,2017,17678,3B,infield,-9.9,
Alex Bregman,24.0,2018,17678,3B,infield,-9.9,
Alex Bregman,25.0,2019,17678,3B,infield,-9.9,
Alex Bregman,26.0,2020,17678,3B,infield,-9.9,
Alex Bregman,27.0,2021,17678,3B,infield,-10.5,
Alex Bregman,28.0,2022,17678,3B,infield,-11.1,
Alex Bregman,29.0,2023,17678,3B,infield,-11.7,
Alex Bregman,30.0,2024,17678,3B,infield,-12.3,
Alex Bregman,31.0,2025,17678,3B,infield,-12.9,
Alex Bregman,32.0,2026,17678,3B,infield,-14.100000000000001,
Alex Bregman,33.0,2027,17678,3B,infield,-15.3,
Alex Bregman,34.0,2028,17678,3B,infield,-16.5,
Alex Bregman,35.0,2029,17678,3B,infield,-17.700000000000003,
Alex Bregman,36.0,2030,17678,3B,infield,-18.9,
Alex Bregman,37.0,2031,17678,3B,infield,-20.1,
Andrew Benintendi,22.0,2017,17901,LF,outfield,-4.5,
Andrew Benintendi,23.0,2018,17901,LF,outfield,-4.5,
Andrew Benintendi,24.0,2019,17901,LF,outfield,-4.5,
Andrew Benintendi,25.0,2020,17901,LF,outfield,-4.5,
Andrew Benintendi,26.0,2021,17901,LF,outfield,-4.5,
Andrew Benintendi,27.0,2022,17901,LF,outfield,-5.1,
Andrew Benintendi,28.0,2023,17901,LF,outfield,-5.7,
Andrew Benintendi,29.0,2024,17901,LF,outfield,-6.3,
Andrew Benintendi,30.0,2025,17901,LF,outfield,-6.9,
Andrew Benintendi,31.0,2026,17901,LF,outfield,-7.5,
Andrew Benintendi,32.0,2027,17901,LF,outfield,-8.7,
Andrew Benintendi,33.0,2028,17901,LF,outfield,-9.9,
Andrew Benintendi,34.0,2029,17901,LF,outfield,-11.100000000000001,
Andrew Benintendi,35.0,2030,17901,LF,outfield,-12.3,
Andrew Benintendi,36.0,2031,17901,LF,outfield,-13.5,
Dansby Swanson,23.0,2017,18314,SS,infield,-3.6,
Dansby Swanson,24.0,2018,18314,SS,infield,-3.6,
Dansby Swanson,25.0,2019,18314,SS,infield,-3.6,
Dansby Swanson,26.0,2020,18314,SS,infield,-3.6,
Dansby Swanson,27.0,2021,18314,SS,infield,-4.2,
Dansby Swanson,28.0,2022,18314,SS,infield,-4.8,
Dansby Swanson,29.0,2023,18314,SS,infield,-5.4,
Dansby Swanson,30.0,2024,18314,SS,infield,-6.0,
Dansby Swanson,31.0,2025,18314,SS,infield,-6.6,
Dansby Swanson,32.0,2026,18314,SS,infield,-7.800000000000001,
Dansby Swanson,33.0,2027,18314,SS,infield,-9.0,
Dansby Swanson,34.0,2028,18314,SS,infield,-10.200000000000001,
Dansby Swanson,35.0,2029,18314,SS,infield,-11.4,
Dansby Swanson,36.0,2030,18314,SS,infield,-12.6,
Dansby Swanson,37.0,2031,18314,SS,infield,-13.799999999999999,
Byung-ho Park,30.0,2017,18497,1B,infield,15.200000000000001,
Byung-ho Park,31.0,2018,18497,1B,infield,14.600000000000001,
Byung-ho Park,32.0,2019,18497,1B,infield,13.4,
Byung-ho Park,33.0,2020,18497,1B,infield,12.200000000000001,
Byung-ho Park,34.0,2021,18497,1B,infield,11.0,
Byung-ho Park,35.0,2022,18497,1B,infield,9.8,
Byung-ho Park,36.0,2023,18497,1B,infield,8.600000000000001,
Byung-ho Park,37.0,2024,18497,1B,infield,7.4,
Byung-ho Park,38.0,2025,18497,1B,infield,6.200000000000001,
Byung-ho Park,39.0,2026,18497,1B,infield,5.000000000000002,
Byung-ho Park,40.0,2027,18497,1B,infield,3.8000000000000025,
Byung-ho Park,41.0,2028,18497,1B,infield,2.600000000000003,
Byung-ho Park,42.0,2029,18497,1B,infield,1.400000000000004,
Hyun Soo Kim,29.0,2017,18718,LF,outfield,-19.200000000000003,
Hyun Soo Kim,30.0,2018,18718,LF,outfield,-19.8,
Hyun Soo Kim,31.0,2019,18718,LF,outfield,-20.400000000000002,
Hyun Soo Kim,32.0,2020,18718,LF,outfield,-21.6,
Hyun Soo Kim,33.0,2021,18718,LF,outfield,-22.8,
Hyun Soo Kim,34.0,2022,18718,LF,outfield,-24.0,
Hyun Soo Kim,35.0,2023,18718,LF,outfield,-25.200000000000003,
Hyun Soo Kim,36.0,2024,18718,LF,outfield,-26.400000000000002,
Hyun Soo Kim,37.0,2025,18718,LF,outfield,-27.6,
Hyun Soo Kim,38.0,2026,18718,LF,outfield,-28.8,
Hyun Soo Kim,39.0,2027,18718,LF,outfield,-30.0,
Hyun Soo Kim,40.0,2028,18718,LF,outfield,-31.2,
Hyun Soo Kim,41.0,2029,18718,LF,outfield,-32.4,
Hyun Soo Kim,42.0,2030,18718,LF,outfield,-33.599999999999994,
Guillermo Heredia,26.0,2017,18721,LF,outfield,-1.2,
Guillermo Heredia,27.0,2018,18721,LF,outfield,-1.7999999999999998,
Guillermo Heredia,28.0,2019,18721,LF,outfield,-2.4,
Guillermo Heredia,29.0,2020,18721,LF,outfield,-3.0,
Guillermo Heredia,30.0,2021,18721,LF,outfield,-3.5999999999999996,
Guillermo Heredia,31.0,2022,18721,LF,outfield,-4.2,
Guillermo Heredia,32.0,2023,18721,LF,outfield,-5.4,
Guillermo Heredia,33.0,2024,18721,LF,outfield,-6.6000000000000005,
Guillermo Heredia,34.0,2025,18721,LF,outfield,-7.800000000000001,
Guillermo Heredia,35.0,2026,18721,LF,outfield,-9.0,
Guillermo Heredia,36.0,2027,18721,LF,outfield,-10.2,
Guillermo Heredia,37.0,2028,18721,LF,outfield,-11.399999999999999,
Guillermo Heredia,38.0,2029,18721,LF,outfield,-12.599999999999998,
Guillermo Heredia,39.0,2030,18721,LF,outfield,-13.799999999999997,
Guillermo Heredia,40.0,2031,18721,LF,outfield,-14.999999999999996,
Dae-Ho Lee,35.0,2017,18722,1B,infield,4.8,
Dae-Ho Lee,36.0,2018,18722,1B,infield,3.6,
Dae-Ho Lee,37.0,2019,18722,1B,infield,2.4000000000000004,
Dae-Ho Lee,38.0,2020,18722,1B,infield,1.2000000000000002,
Dae-Ho Lee,39.0,2021,18722,1B,infield,0.0,
Dae-Ho Lee,40.0,2022,18722,1B,infield,-1.2000000000000002,
Dae-Ho Lee,41.0,2023,18722,1B,infield,-2.4000000000000004,
Dae-Ho Lee,42.0,2024,18722,1B,infield,-3.5999999999999996,
Yuli Gurriel,33.0,2017,19198,3B,infield,20.0,
Yuli Gurriel,34.0,2018,19198,3B,infield,18.8,
Yuli Gurriel,35.0,2019,19198,3B,infield,17.6,
Yuli Gurriel,36.0,2020,19198,3B,infield,16.4,
Yuli Gurriel,37.0,2021,19198,3B,infield,15.2,
Yuli Gurriel,38.0,2022,19198,3B,infield,14.0,
Yuli Gurriel,39.0,2023,19198,3B,infield,12.799999999999999,
Yuli Gurriel,40.0,2024,19198,3B,infield,11.6,
Yuli Gurriel,41.0,2025,19198,3B,infield,10.4,
Yuli Gurriel,42.0,2026,19198,3B,infield,9.200000000000001,
