{
  "sp_metrics": {
    "train_losses": [
      0.09729585776274854,
      0.0543967876244675,
      0.04153383882208304,
      0.03807456076822498,
      0.03565816276452758,
      0.03435914296318184,
      0.03246236727996306,
      0.032129650563001634,
      0.031476816128600725,
      0.031051268902691928,
      0.029905467243357138,
      0.029615908285433597,
      0.02883850397034125,
      0.027974481880664825,
      0.027567887780341235,
      0.027145613526756113,
      0.026317498087882994,
      0.02573292123323137,
      0.025962343066930772,
      0.024850054390051148,
      0.023784617300737988,
      0.022870872576128354
    ],
    "val_losses": [
      0.03964743507094681,
      0.034135252702981234,
      0.038559248903766274,
      0.03361962072085589,
      0.03200766246300191,
      0.0320566218579188,
      0.030500493478029966,
      0.031593226129189134,
      0.031232194509357214,
      0.030023741303011775,
      0.03099380130879581,
      0.029770065564662218,
      0.030080247786827385,
      0.03010141639970243,
      0.030392606044188142,
      0.030192934558726847,
      0.0306206262903288,
      0.030957389972172678,
      0.031165902386419475,
      0.03135296073742211,
      0.03159904386848211,
      0.03077450639102608
    ],
    "learning_rates": [
      0.0001323198407123333,
      0.00037376705872787196,
      0.0006714651177648226,
      0.0009108996953620933,
      0.000999999597216272,
      0.0009987374018239658,
      0.0009950455053808712,
      0.0009889418944353506,
      0.0009804563051663978,
      0.0009696300785119632,
      0.000956515958760058,
      0.0009411778365838873,
      0.0009236904377729106,
      0.0009041389591763077,
      0.0008826186536324936,
      0.000859234365906864,
      0.0008341000218986381,
      0.0008073380736053283,
      0.0007790789025489182,
      0.0007494601845701925,
      0.0007186262190858805,
      0.0006867272260764025
    ],
    "best_epoch": 11
  },
  "rp_metrics": {
    "train_losses": [
      0.08174929118925525,
      0.047015010028757076,
      0.039272232501897764,
      0.0366688240119206,
      0.03510843071165264,
      0.033937324198984334,
      0.03371248069790102,
      0.0330136734191128,
      0.03243154048999791,
      0.032071789826757166,
      0.031176189361240274,
      0.03141733517329539,
      0.030896995356807146,
      0.030425078125410183,
      0.030219162323622293,
      0.029585926062477532,
      0.02934782869953622,
      0.02855865062484818,
      0.02795566802704206,
      0.027174573111277755,
      0.0267336901517645,
      0.0262834483617416,
      0.025579572424933476,
      0.024679899886651063,
      0.023664081208808446
    ],
    "val_losses": [
      0.03693959565350303,
      0.03430608328845766,
      0.03446889171997706,
      0.035083855467813986,
      0.032412037460340395,
      0.031387835603069375,
      0.03179348101494489,
      0.03151542293252768,
      0.031171637276808422,
      0.030727878902797347,
      0.031418148083267386,
      0.03077686722907755,
      0.030863070377597102,
      0.031244156123311433,
      0.030610530119803216,
      0.03198969246888602,
      0.03156852873939055,
      0.0313701299191625,
      0.03125973646011618,
      0.03250767973562082,
      0.03319142600176511,
      0.03336753661709803,
      0.03256581896157176,
      0.03246104448205895,
      0.033695029370762686
    ],
    "learning_rates": [
      0.00013205425003138995,
      0.00037290872950538603,
      0.0006701814447774906,
      0.0009098506589345013,
      0.0009999998591258084,
      0.0009987557519989987,
      0.0009950818544211927,
      0.00098899606525209,
      0.0009805280338447814,
      0.0009697190155970797,
      0.0009566216709593691,
      0.0009412998088781837,
      0.0009238280759254351,
      0.0009042915926278167,
      0.0008827855387681539,
      0.00085941468967907,
      0.0008342929057880977,
      0.0008075425779011206,
      0.0007792940309266708,
      0.0007496848889460738,
      0.0007188594047227582,
      0.0006869677569172933,
      0.0006541653184320502,
      0.0006206118994500396,
      0.0005864709688557637
    ],
    "best_epoch": 14
  },
  "timestamp": "2025-01-22T10:41:13.080701"
}