{
  "sp_metrics": {
    "train_losses": [
      0.14916757838084146,
      0.0792140852755461,
      0.05988361648260019,
      0.05522997973439021,
      0.05307337030386313,
      0.05139271943615033,
      0.04992324323990406,
      0.04742403003649834,
      0.04635281717548004,
      0.04545977004827597,
      0.044121550825925976,
      0.042954424634957925,
      0.04225834439962338,
      0.041676738227789216,
      0.041408208127205186,
      0.03926565655722068,
      0.03791940570450746,
      0.036943581814949326,
      0.035789367671196275,
      0.0337677576029912,
      0.03198926652280184,
      0.03229190203814934,
      0.03061465661113079
    ],
    "val_losses": [
      0.06226207823915915,
      0.05410291288386692,
      0.051829788495193825,
      0.051293014802715996,
      0.05350556021386927,
      0.05099989812482487,
      0.05114799737930298,
      0.05038041181185029,
      0.05098800496621565,
      0.047681211747906425,
      0.04919633404775099,
      0.04932411726225506,
      0.046908037906343285,
      0.04781073839827017,
      0.049429876560514625,
      0.048725906420837746,
      0.04840426214716651,
      0.04857079176740213,
      0.05024019561030648,
      0.05081478641791777,
      0.051187543367797676,
      0.05042131854729219,
      0.05295699936422435
    ],
    "learning_rates": [
      0.00013258765024402755,
      0.00037463196356898366,
      0.000672756630701173,
      0.0009119505582674614,
      0.000999999198934507,
      0.0009987188423864603,
      0.000995008875207339,
      0.0009888873719843157,
      0.0009803841560657607,
      0.0009695406542648898,
      0.0009564096950324915,
      0.0009410552510820263,
      0.0009235521277209982,
      0.0009039855984070139,
      0.0008824509893040705,
      0.0008590532148630664,
      0.0008339062666891418,
      0.0008071326581860381,
      0.0007788628276831084,
      0.0007492345029528895,
      0.0007183920302152386,
      0.0006864856708970585,
      0.0006536708695737318
    ],
    "best_epoch": 12
  },
  "rp_metrics": {
    "train_losses": [
      0.10810481266277593,
      0.061758238186196586,
      0.05444294559519466,
      0.051877324810115304,
      0.05027105977259031,
      0.04814864281655812,
      0.04709269172262128,
      0.047136895903726904,
      0.04668794331572405,
      0.04564945118092909,
      0.04481164843025731,
      0.04473274119380044,
      0.044500816749726856,
      0.04308586217826459,
      0.04285280704043987,
      0.04240529282336555,
      0.041164638610874736,
      0.04091723731196508,
      0.039847644840980447,
      0.03866236468368187,
      0.03800876833861921
    ],
    "val_losses": [
      0.05161938599000374,
      0.0496320982153217,
      0.04712227871641517,
      0.04673258075490594,
      0.04573186735312144,
      0.04384243612488111,
      0.04678896814584732,
      0.045318275379637875,
      0.04504210238034526,
      0.04455427608142296,
      0.04306502997254332,
      0.04630867733309666,
      0.04438432895888885,
      0.04615277207146088,
      0.04463270353153348,
      0.045690324002256,
      0.045393067256857954,
      0.04401797971998652,
      0.044846304381887116,
      0.04627606629704436,
      0.04639544306943814
    ],
    "learning_rates": [
      0.00013210572827797328,
      0.0003730751415218271,
      0.0006704304759834736,
      0.0009100545248382036,
      0.000999999818795231,
      0.0009987521996393208,
      0.0009950748073391533,
      0.0009889855577803648,
      0.0009805141171747161,
      0.000969701757529292,
      0.0009566011555734303,
      0.0009412761361229922,
      0.0009238013611322747,
      0.000904261965948474,
      0.0008827531445408329,
      0.0008593796857251898,
      0.000834255462643403,
      0.0008075028779848487,
      0.000779252267652823,
      0.0007496412657811223,
      0.0007188141341943776
    ],
    "best_epoch": 10
  },
  "timestamp": "2025-01-10T20:05:56.871820"
}