{
  "sp_metrics": {
    "train_losses": [
      0.11456332437016747,
      0.06557564633813771,
      0.05194746503098444,
      0.05039394640109756,
      0.048947527598250995,
      0.0446590049022978,
      0.04398891319605437,
      0.044212317229671914,
      0.043026740070093765,
      0.04333013878627257,
      0.042135655642910434,
      0.042299146713180975,
      0.04125372797928073,
      0.04090914851562543,
      0.040338749065995216,
      0.03990978673100472,
      0.039792640676552596,
      0.03912272917276079,
      0.03832933797755025,
      0.038410927321423184,
      0.037558319182558496,
      0.037450744143941186,
      0.03696531186049635,
      0.03710528771308336,
      0.036180393634872,
      0.03507080813023177,
      0.03411374075168913,
      0.033654053306037726,
      0.03292731436138803,
      0.03172237568280913
    ],
    "val_losses": [
      0.05317555065266788,
      0.04820124804973602,
      0.047106614569202065,
      0.04146298486739397,
      0.04222052497789264,
      0.04198632715269923,
      0.04113619530107826,
      0.041986932628788054,
      0.04109183081891388,
      0.04056954593397677,
      0.04034548799972981,
      0.039294565678574145,
      0.039985707961022854,
      0.04014704725705087,
      0.04191359377000481,
      0.040232914965599775,
      0.0392818080727011,
      0.0393246675375849,
      0.03965183603577316,
      0.03870527434628457,
      0.040146024082787335,
      0.03895723866298795,
      0.04025541222654283,
      0.04030976665671915,
      0.03983911732211709,
      0.03993195726070553,
      0.03953344339970499,
      0.039987077470868826,
      0.041192968492396176,
      0.04263009619899094
    ],
    "learning_rates": [
      0.0001323198407123333,
      0.00037376705872787196,
      0.0006714651177648226,
      0.0009108996953620933,
      0.000999999597216272,
      0.0009987374018239658,
      0.0009950455053808712,
      0.0009889418944353506,
      0.0009804563051663978,
      0.0009696300785119632,
      0.000956515958760058,
      0.0009411778365838873,
      0.0009236904377729106,
      0.0009041389591763077,
      0.0008826186536324936,
      0.000859234365906864,
      0.0008341000218986381,
      0.0008073380736053283,
      0.0007790789025489182,
      0.0007494601845701925,
      0.0007186262190858805,
      0.0006867272260764025,
      0.0006539186142292249,
      0.0006203602238033572,
      0.0005862155479036764,
      0.0005516509359589551,
      0.0005168347832841653,
      0.0004819367106754313,
      0.00044712673803456055,
      0.0004125744560491734
    ],
    "best_epoch": 19
  },
  "rp_metrics": {
    "train_losses": [
      0.10554958419293485,
      0.059370277990256584,
      0.051740785880434896,
      0.0505940916156897,
      0.0473312313357989,
      0.04726066238056588,
      0.04636226454248992,
      0.04508643761597654,
      0.045196122640082916,
      0.04476683104150398,
      0.04442773953640974,
      0.04430447562888105,
      0.04420102237453384,
      0.043834650828953714,
      0.043733371742149835,
      0.04327741966292422,
      0.04294139529348061,
      0.04261843233259134,
      0.04288550454281991
    ],
    "val_losses": [
      0.04997222746411959,
      0.04442124806896404,
      0.04436567246362015,
      0.04340428589946694,
      0.04653056076279393,
      0.04335426180451005,
      0.045059862788076756,
      0.042706801659531064,
      0.042663106349883254,
      0.043273268198525464,
      0.043664544751798665,
      0.04417246925058188,
      0.044082545364896454,
      0.043565430505960075,
      0.04290741033576153,
      0.04320429334485972,
      0.0435546707637884,
      0.04387675060166253,
      0.043589850818669354
    ],
    "learning_rates": [
      0.00013205425003138995,
      0.00037290872950538603,
      0.0006701814447774906,
      0.0009098506589345013,
      0.0009999998591258084,
      0.0009987557519989987,
      0.0009950818544211927,
      0.00098899606525209,
      0.0009805280338447814,
      0.0009697190155970797,
      0.0009566216709593691,
      0.0009412998088781837,
      0.0009238280759254351,
      0.0009042915926278167,
      0.0008827855387681539,
      0.00085941468967907,
      0.0008342929057880977,
      0.0008075425779011206,
      0.0007792940309266708
    ],
    "best_epoch": 8
  },
  "timestamp": "2025-01-22T15:04:35.952684"
}