{
  "sp_metrics": {
    "train_losses": [
      0.1858877032995224,
      0.11310647055506706,
      0.08329541310667991,
      0.07034367062151432,
      0.06509537193924189,
      0.06188947204500437,
      0.058069228939712045,
      0.056979072652757166,
      0.05517043340951204,
      0.05298284962773323,
      0.05230287034064531,
      0.05090095903724432,
      0.04968561250716448,
      0.04895954802632332,
      0.047039152123034,
      0.046336726285517216,
      0.04449349455535412,
      0.04417016729712486,
      0.042694378085434435,
      0.041244395077228546,
      0.040293355286121366
    ],
    "val_losses": [
      0.10621895765264829,
      0.07398642785847187,
      0.06631720686952274,
      0.06311860618491967,
      0.06609986287852128,
      0.0593791293601195,
      0.06002970039844513,
      0.0593497920781374,
      0.0589474036047856,
      0.058475242306788765,
      0.05648929004867872,
      0.05886115940908591,
      0.05803414806723595,
      0.05736156553030014,
      0.057697249576449394,
      0.05708528123795986,
      0.058736895521481834,
      0.057238453378280006,
      0.059020595625042915,
      0.059292616322636604,
      0.060259380688269935
    ],
    "learning_rates": [
      0.0001334702763850919,
      0.000377478219842428,
      0.0006769926223923624,
      0.0009153647590863197,
      0.0009999969539507421,
      0.0009986572923226845,
      0.0009948883199292764,
      0.0009887083988251624,
      0.000980147636964758,
      0.0009692477415193227,
      0.000956061815683813,
      0.0009406540999634547,
      0.0009230996592004596,
      0.0009034840168656581,
      0.0008819027383967485,
      0.0008584609656130884,
      0.0008332729044753213,
      0.0008064612686854152,
      0.0007781566818378425,
      0.0007484970410345571,
      0.0007176268450641764
    ],
    "best_epoch": 10
  },
  "rp_metrics": {
    "train_losses": [
      0.1619193411897868,
      0.0987546187825501,
      0.07737836893647909,
      0.06918368709739298,
      0.06401327403727919,
      0.06169956247322261,
      0.05949686106760055,
      0.05770243133883923,
      0.05629834986757487,
      0.05555894144345075,
      0.05422656319569796,
      0.0536208386765793,
      0.05262687720824033,
      0.05134515790268779,
      0.05012394697405398,
      0.0489463759586215,
      0.04783990583382547,
      0.04679634643252939,
      0.04598890652414411,
      0.04472567327320576,
      0.0430807254742831,
      0.04213848663493991,
      0.04077685298398137
    ],
    "val_losses": [
      0.08262865990400314,
      0.06692528687417507,
      0.06329505443572998,
      0.06096973866224289,
      0.05931499190628529,
      0.05833846889436245,
      0.05750293284654617,
      0.0557636309415102,
      0.05668429434299469,
      0.05564572662115097,
      0.05715251378715038,
      0.05477661564946175,
      0.05452871434390545,
      0.055189859867095944,
      0.054786354303359985,
      0.05493446029722691,
      0.05573626086115837,
      0.05494093969464302,
      0.05670614577829838,
      0.056802764907479285,
      0.05712544769048691,
      0.05619650259613991,
      0.056586675345897675
    ],
    "learning_rates": [
      0.00013278978916211534,
      0.00037528438592867057,
      0.0006737295298541619,
      0.0009127391293498252,
      0.0009999988101362723,
      0.0009987047974788492,
      0.0009949812426157296,
      0.0009888462863319163,
      0.0009803298175177404,
      0.0009694733275531921,
      0.0009563297081660883,
      0.0009409629937488905,
      0.0009234480493895831,
      0.0009038702061364882,
      0.000882324845273977,
      0.0008589169336344398,
      0.000833760512210429,
      0.0008069781405584082,
      0.0007787002997009112,
      0.0007490647564361171,
      0.0007182158921518575,
      0.0006863039994140086,
      0.0006534845497562166
    ],
    "best_epoch": 12
  },
  "timestamp": "2024-12-11T13:07:14.020582"
}