{
  "sp_metrics": {
    "train_losses": [
      0.22299601989133017,
      0.15091865988714354,
      0.11324170018945422,
      0.09921804602657046,
      0.08375883208853858,
      0.07867313921451569,
      0.07565419588770185,
      0.0762236655822822,
      0.07044727089149612,
      0.06883515710277217,
      0.06941308666552816,
      0.06621980879987989,
      0.06348609684833459,
      0.0628201314913375,
      0.05953426020486014,
      0.057729073401008336,
      0.055864609511835236,
      0.052489281232867925,
      0.05147271922656468,
      0.05182294308074883,
      0.05045700392552784,
      0.04630416365606444,
      0.04536372981965542,
      0.04316776405487742,
      0.04138134739228657,
      0.040008981579116414
    ],
    "val_losses": [
      0.14057832397520542,
      0.09456286393105984,
      0.0909445621073246,
      0.0800402108579874,
      0.07767055369913578,
      0.07376828975975513,
      0.07385697029531002,
      0.07236712984740734,
      0.0697258347645402,
      0.07216887269169092,
      0.07071262318640947,
      0.07024113554507494,
      0.06939941085875034,
      0.06862970255315304,
      0.06779703591018915,
      0.06772260833531618,
      0.0686718001961708,
      0.06819533091038465,
      0.07112400326877832,
      0.06955386232584715,
      0.06955963373184204,
      0.07240116782486439,
      0.07145885191857815,
      0.07235271483659744,
      0.07094461377710104,
      0.0724399397149682
    ],
    "learning_rates": [
      0.0001342570645816105,
      0.000380009949061684,
      0.0006807422138420734,
      0.000918344940159532,
      0.0009999937835795127,
      0.0009986019545146464,
      0.0009947810842846677,
      0.0009885497877852643,
      0.0009799384232666137,
      0.0009689889444310393,
      0.0009557546960387904,
      0.0009403001540177319,
      0.0009227006113431054,
      0.0009030418112177217,
      0.0008814195293396959,
      0.0008579391072928741,
      0.0008327149393332241,
      0.0008058699150715208,
      0.0007775348207675153,
      0.0007478477021524226,
      0.0007169531918839966,
      0.0006850018049107604,
      0.0006521492051783047,
      0.0006185554472501945,
      0.0005843841965382227,
      0.0005498019319409765
    ],
    "best_epoch": 15
  },
  "rp_metrics": {
    "train_losses": [
      0.14800684396610703,
      0.08165184824272644,
      0.06365509980986285,
      0.057915973108868264,
      0.055072104601665985,
      0.051586553237812464,
      0.050649682709644005,
      0.04932691503402799,
      0.048155172879612726,
      0.04697936288146085,
      0.045870964437030086,
      0.0457709310359733,
      0.044593616713618126,
      0.04410254877320556,
      0.043333154604878535,
      0.04260424403257148,
      0.04210236963144569,
      0.04130461136269015,
      0.04034221129015435,
      0.03931240780755531,
      0.037967027143337,
      0.03763982333069624,
      0.03704708515731401,
      0.03642038866704286
    ],
    "val_losses": [
      0.0652166037605359,
      0.0582167784181925,
      0.054981195296232514,
      0.05429538797873717,
      0.05294363601849629,
      0.04983181936236528,
      0.05026930713882813,
      0.04952127085282253,
      0.04875718572965035,
      0.04966584764994108,
      0.049035802770119444,
      0.048661788495687336,
      0.048309845133469656,
      0.04806304608400051,
      0.04810998359551796,
      0.04916255004130877,
      0.04826635752732937,
      0.04831736878706859,
      0.04928661080507132,
      0.048917644585554414,
      0.049633898987219885,
      0.050195065255348496,
      0.05011345532078009,
      0.05047706285348305
    ],
    "learning_rates": [
      0.00013250188845667621,
      0.0003743550564598244,
      0.0006723433591364403,
      0.0009116147934215795,
      0.0009999993410380354,
      0.0009987247917987749,
      0.0009950206029435012,
      0.0009889048209079732,
      0.0009804072411675122,
      0.0009695692630764393,
      0.0009564436881745851,
      0.0009410944629434932,
      0.0009235963672655902,
      0.0009040346501041171,
      0.0008825046141787472,
      0.0008591111516603174,
      0.000833968233146715,
      0.0008071983524095808,
      0.000778931929616967,
      0.0007493066759393886,
      0.0007184669226348424,
      0.0006865629178814273,
      0.0006537500947833223,
      0.000620188314116328
    ],
    "best_epoch": 13
  },
  "timestamp": "2024-12-16T15:45:00.543044"
}