{
  "sp_metrics": {
    "train_losses": [
      0.14094864563508466,
      0.08109115809202194,
      0.06901552203026685,
      0.06505185203118757,
      0.06359229643236507,
      0.06048389998349277,
      0.05992320159619505,
      0.0574970426207239,
      0.0557214193046093,
      0.05514879294417121,
      0.053569169952110814,
      0.05245866294611584,
      0.05078963827003132,
      0.04982053474946455,
      0.04830646819689057,
      0.04638680544766513
    ],
    "val_losses": [
      0.06618938106112182,
      0.06473219743929803,
      0.06220071227289736,
      0.05827155360020697,
      0.05801738379523158,
      0.05641805473715067,
      0.058085263473913074,
      0.056830769404768944,
      0.05708814365789294,
      0.05664173560217023,
      0.05792391742579639,
      0.05746803805232048,
      0.05752773443236947,
      0.05916573968715966,
      0.057325797621160746,
      0.059470645152032375
    ],
    "learning_rates": [
      0.0001323198407123333,
      0.00037376705872787196,
      0.0006714651177648226,
      0.0009108996953620933,
      0.000999999597216272,
      0.0009987374018239658,
      0.0009950455053808712,
      0.0009889418944353506,
      0.0009804563051663978,
      0.0009696300785119632,
      0.000956515958760058,
      0.0009411778365838873,
      0.0009236904377729106,
      0.0009041389591763077,
      0.0008826186536324936,
      0.000859234365906864
    ],
    "best_epoch": 5
  },
  "rp_metrics": {
    "train_losses": [
      0.11355445854445939,
      0.06353074256130443,
      0.05720548063356389,
      0.05450162740163906,
      0.05223595795612181,
      0.05052553401679121,
      0.04978518504449116,
      0.048875485416702044,
      0.048024379397912695,
      0.04705245796871442,
      0.04618943650876322,
      0.04560867416602309,
      0.045025288417775144,
      0.043402493721054446,
      0.04211542446927358,
      0.041527529357261554,
      0.03977018935225343,
      0.03806035867541708,
      0.037036050852107746
    ],
    "val_losses": [
      0.05552265461948183,
      0.053153276443481445,
      0.050786582546101675,
      0.05005068014617319,
      0.04956011846661568,
      0.049890784063824904,
      0.04851401873208858,
      0.04894720473223262,
      0.04818264601959123,
      0.04901818213639436,
      0.04885379307799869,
      0.048974032479303854,
      0.04922980580616881,
      0.04994244211249881,
      0.05037134513258934,
      0.05033708405163553,
      0.05021521297317964,
      0.05064914637693652,
      0.05249790930085712
    ],
    "learning_rates": [
      0.00013205425003138995,
      0.00037290872950538603,
      0.0006701814447774906,
      0.0009098506589345013,
      0.0009999998591258084,
      0.0009987557519989987,
      0.0009950818544211927,
      0.00098899606525209,
      0.0009805280338447814,
      0.0009697190155970797,
      0.0009566216709593691,
      0.0009412998088781837,
      0.0009238280759254351,
      0.0009042915926278167,
      0.0008827855387681539,
      0.00085941468967907,
      0.0008342929057880977,
      0.0008075425779011206,
      0.0007792940309266708
    ],
    "best_epoch": 8
  },
  "timestamp": "2025-01-18T21:52:23.032032"
}