{
  "sp_metrics": {
    "train_losses": [
      0.32851330914667676,
      0.17518999970385007,
      0.15106039089815956,
      0.1461955115199089,
      0.1361351871064731,
      0.1336615478353841,
      0.1289847219628947,
      0.12457920876996857,
      0.12406493851116725,
      0.12486716625945908,
      0.12258694427353996,
      0.1212665424815246,
      0.11901831861053194,
      0.11626479285103934,
      0.11444710727248873,
      0.11501804686018399,
      0.11231354783688273,
      0.10847297848335334,
      0.10964878153588091,
      0.10685991032847336,
      0.10428766884974071,
      0.10289573940847602,
      0.09851956186550004,
      0.0967645373727594,
      0.09021714260535581,
      0.08948593246085303,
      0.08337626638157027,
      0.0826950946024486,
      0.07498797918004649
    ],
    "val_losses": [
      0.1458191709483371,
      0.1405333043897853,
      0.14482014363302903,
      0.13817545552464092,
      0.13030736674280727,
      0.1309328977675999,
      0.13167610633022644,
      0.13094771916375442,
      0.1387746877530042,
      0.12911778425469117,
      0.1330062698792009,
      0.12836099328363643,
      0.13389286880984025,
      0.1366744291256456,
      0.1273402847787913,
      0.12735256903311787,
      0.12671536207199097,
      0.12921550694633932,
      0.12264128949712305,
      0.12937570319456212,
      0.1307778735371197,
      0.13244710862636566,
      0.13104889804826064,
      0.13376065387445338,
      0.14165833285626242,
      0.1467054727322915,
      0.13962778536712422,
      0.14119882048929439,
      0.14303825576515758
    ],
    "learning_rates": [
      0.00013218041403451834,
      0.00037331653642317655,
      0.0006707915854973715,
      0.0009103498396379448,
      0.0009999997513426859,
      0.000998747042047584,
      0.0009950645847354937,
      0.0009889703199682793,
      0.000980493938391294,
      0.0009696767360835377,
      0.0009565714133673122,
      0.0009412418180575489,
      0.0009237626344016715,
      0.0009042190192254494,
      0.0008827061870575044,
      0.0008593289462536963,
      0.0008342011883813492,
      0.0008074453333509837,
      0.0007791917329988186,
      0.0007495780360257279,
      0.0007187485173866057,
      0.0006868533753972898,
      0.0006540479999834636,
      0.0006204922156365582,
      0.0005863495027648963,
      0.0005517862012335751,
      0.0005169706999733642,
      0.0004820726166067616,
      0.00044726197108798624
    ],
    "best_epoch": 18
  },
  "rp_metrics": {
    "train_losses": [
      0.20110720156372844,
      0.10038192757776568,
      0.08778756703217547,
      0.08389157919095946,
      0.08086023307763614,
      0.07885828080189812,
      0.07722086571417489,
      0.07745671126392338,
      0.0763909968879673,
      0.0757248041356777,
      0.0748250591796595,
      0.07468099081953922,
      0.0738360152117439,
      0.07330745833737033,
      0.07318427280842008,
      0.07305511485759195,
      0.07142178987810661,
      0.07122039813157562,
      0.0709270951370676,
      0.07018171766629586,
      0.0689614654056259,
      0.06832847358671935,
      0.06780340835139469,
      0.06676509194857591,
      0.06583178064206263,
      0.06461834071295244,
      0.0632819771193541
    ],
    "val_losses": [
      0.08274985685506288,
      0.0809391653713058,
      0.07773056418141898,
      0.08608654502998381,
      0.0790356709895765,
      0.0804690949837951,
      0.07745042344664826,
      0.0779692567884922,
      0.07654178054893718,
      0.07625061251661357,
      0.07428485790596288,
      0.07437724642017308,
      0.07575162828845136,
      0.07540811543517253,
      0.07650904247865957,
      0.07492664116708671,
      0.07422050121514236,
      0.07426159993252333,
      0.07533653102376882,
      0.07461434657521107,
      0.07520745935685494,
      0.07484185355989371,
      0.07588528271983652,
      0.07562716710655128,
      0.07783423101200777,
      0.07655287325820502,
      0.07944028977962102
    ],
    "learning_rates": [
      0.00013192027293791229,
      0.00037247552268089784,
      0.0006695328150080279,
      0.0009093188691321904,
      0.0009999999404166017,
      0.0009987649873981492,
      0.000995100198934764,
      0.000989023429507456,
      0.0009805642845260407,
      0.0009697639760945571,
      0.0009566751222300401,
      0.0009413614905128308,
      0.0009238976874173344,
      0.000904368794836777,
      0.0008828699555727736,
      0.0008595059098091622,
      0.0008343904848283583,
      0.0008076460404562742,
      0.0007794028729375484,
      0.0007497985801453391,
      0.0007189773912183167,
      0.0006870894638907988,
      0.0006542901529393618,
      0.0006207392533099855,
      0.0005866002216131399,
      0.0005520393797796086,
      0.000517225104756761
    ],
    "best_epoch": 16
  },
  "timestamp": "2025-01-25T18:49:43.394341"
}